frequency_hz,eq_copy_db,source_variant,smoothing,pipeline_version
20.0,-1.3463090044622958,v15_faithful,none,V16.0-operative
20.033765982017503,-1.3463090044622958,v15_faithful,none,V16.0-operative
20.067588971112087,-1.3463090044622958,v15_faithful,none,V16.0-operative
20.101469063528747,-1.3463090044622958,v15_faithful,none,V16.0-operative
20.13540635567497,-1.3463090044622958,v15_faithful,none,V16.0-operative
20.16940094412101,-1.3463090044622958,v15_faithful,none,V16.0-operative
20.203452925600157,-1.3463090044622958,v15_faithful,none,V16.0-operative
20.237562397009018,-1.3463090044622958,v15_faithful,none,V16.0-operative
20.271729455407794,-1.3463090044622958,v15_faithful,none,V16.0-operative
20.30595419802054,-1.3463090044622958,v15_faithful,none,V16.0-operative
20.34023672223547,-1.3463090044622958,v15_faithful,none,V16.0-operative
20.374577125605207,-1.3463090044622958,v15_faithful,none,V16.0-operative
20.408975505847074,-1.3463090044622958,v15_faithful,none,V16.0-operative
20.443431960843377,-1.3463090044622958,v15_faithful,none,V16.0-operative
20.47794658864167,-1.3463090044622958,v15_faithful,none,V16.0-operative
20.51251948745504,-1.3463090044622958,v15_faithful,none,V16.0-operative
20.547150755662393,-1.3463090044622958,v15_faithful,none,V16.0-operative
20.581840491808723,-1.3463090044622958,v15_faithful,none,V16.0-operative
20.6165887946054,-1.3463090044622958,v15_faithful,none,V16.0-operative
20.65139576293044,-1.3463090044622958,v15_faithful,none,V16.0-operative
20.686261495828813,-1.3463090044622958,v15_faithful,none,V16.0-operative
20.72118609251269,-1.3463090044622958,v15_faithful,none,V16.0-operative
20.75616965236174,-1.3463090044622958,v15_faithful,none,V16.0-operative
20.791212274923435,-1.3463090044622958,v15_faithful,none,V16.0-operative
20.82631405991329,-1.3463090044622958,v15_faithful,none,V16.0-operative
20.861475107215185,-1.3463090044622958,v15_faithful,none,V16.0-operative
20.896695516881625,-1.3463090044622958,v15_faithful,none,V16.0-operative
20.931975389134035,-1.3463090044622958,v15_faithful,none,V16.0-operative
20.967314824363047,-1.3463090044622958,v15_faithful,none,V16.0-operative
21.002713923128784,-1.3463090044622958,v15_faithful,none,V16.0-operative
21.03817278616114,-1.3463090044622958,v15_faithful,none,V16.0-operative
21.07369151436007,-1.3463090044622958,v15_faithful,none,V16.0-operative
21.109270208795884,-1.3463090044622958,v15_faithful,none,V16.0-operative
21.144908970709523,-1.3463090044622958,v15_faithful,none,V16.0-operative
21.180607901512857,-1.3463090044622958,v15_faithful,none,V16.0-operative
21.21636710278897,-1.3463090044622958,v15_faithful,none,V16.0-operative
21.252186676292443,-1.3463090044622958,v15_faithful,none,V16.0-operative
21.288066723949655,-1.3463090044622958,v15_faithful,none,V16.0-operative
21.32400734785907,-1.3463090044622958,v15_faithful,none,V16.0-operative
21.360008650291512,-1.3463090044622958,v15_faithful,none,V16.0-operative
21.396070733690483,-1.3463090044622958,v15_faithful,none,V16.0-operative
21.432193700672432,-1.3463090044622958,v15_faithful,none,V16.0-operative
21.46837765402706,-1.3463090044622958,v15_faithful,none,V16.0-operative
21.504622696717597,-1.3463090044622958,v15_faithful,none,V16.0-operative
21.540928931881123,-1.3463090044622958,v15_faithful,none,V16.0-operative
21.577296462828844,-1.3463090044622958,v15_faithful,none,V16.0-operative
21.61372539304635,-1.3463090044622958,v15_faithful,none,V16.0-operative
21.650215826193993,-1.3463090044622958,v15_faithful,none,V16.0-operative
21.686767866107107,-1.3463090044622958,v15_faithful,none,V16.0-operative
21.723381616796342,-1.3463090044622958,v15_faithful,none,V16.0-operative
21.760057182447948,-1.3463090044622958,v15_faithful,none,V16.0-operative
21.796794667424063,-1.3463090044622958,v15_faithful,none,V16.0-operative
21.833594176263034,-1.3463090044622958,v15_faithful,none,V16.0-operative
21.87045581367969,-1.3463090044622958,v15_faithful,none,V16.0-operative
21.907379684565655,-1.3463090044622958,v15_faithful,none,V16.0-operative
21.944365893989634,-1.3463090044622958,v15_faithful,none,V16.0-operative
21.98141454719773,-1.3463090044622958,v15_faithful,none,V16.0-operative
22.018525749613726,-1.3463090044622958,v15_faithful,none,V16.0-operative
22.055699606839394,-1.3463090044622958,v15_faithful,none,V16.0-operative
22.092936224654792,-1.3463090044622958,v15_faithful,none,V16.0-operative
22.130235709018567,-1.3463090044622958,v15_faithful,none,V16.0-operative
22.167598166068256,-1.3463090044622958,v15_faithful,none,V16.0-operative
22.20502370212059,-1.3463090044622958,v15_faithful,none,V16.0-operative
22.24251242367179,-1.3463090044622958,v15_faithful,none,V16.0-operative
22.28006443739788,-1.3463090044622958,v15_faithful,none,V16.0-operative
22.317679850154974,-1.3463090044622958,v15_faithful,none,V16.0-operative
22.35535876897961,-1.3463090044622958,v15_faithful,none,V16.0-operative
22.39310130108902,-1.3463090044622958,v15_faithful,none,V16.0-operative
22.43090755388145,-1.3463090044622958,v15_faithful,none,V16.0-operative
22.46877763493648,-1.3463090044622958,v15_faithful,none,V16.0-operative
22.506711652015305,-1.3463090044622958,v15_faithful,none,V16.0-operative
22.544709713061057,-1.3463090044622958,v15_faithful,none,V16.0-operative
22.582771926199108,-1.3463090044622958,v15_faithful,none,V16.0-operative
22.620898399737378,-1.3463090044622958,v15_faithful,none,V16.0-operative
22.65908924216664,-1.3463090044622958,v15_faithful,none,V16.0-operative
22.697344562160836,-1.3463090044622958,v15_faithful,none,V16.0-operative
22.735664468577387,-1.3463090044622958,v15_faithful,none,V16.0-operative
22.774049070457483,-1.3463090044622958,v15_faithful,none,V16.0-operative
22.81249847702642,-1.3463090044622958,v15_faithful,none,V16.0-operative
22.851012797693897,-1.3463090044622958,v15_faithful,none,V16.0-operative
22.88959214205433,-1.3463090044622958,v15_faithful,none,V16.0-operative
22.928236619887155,-1.3463090044622958,v15_faithful,none,V16.0-operative
22.96694634115716,-1.3463090044622958,v15_faithful,none,V16.0-operative
23.005721416014783,-1.3463090044622958,v15_faithful,none,V16.0-operative
23.044561954796425,-1.3463090044622958,v15_faithful,none,V16.0-operative
23.083468068024768,-1.3463090044622958,v15_faithful,none,V16.0-operative
23.122439866409092,-1.3463090044622958,v15_faithful,none,V16.0-operative
23.16147746084559,-1.3463090044622958,v15_faithful,none,V16.0-operative
23.20058096241767,-1.3463090044622958,v15_faithful,none,V16.0-operative
23.239750482396303,-1.3463090044622958,v15_faithful,none,V16.0-operative
23.27898613224029,-1.3463090044622958,v15_faithful,none,V16.0-operative
23.318288023596637,-1.3463090044622958,v15_faithful,none,V16.0-operative
23.357656268300822,-1.3463090044622958,v15_faithful,none,V16.0-operative
23.397090978377143,-1.3463090044622958,v15_faithful,none,V16.0-operative
23.43659226603903,-1.3463090044622958,v15_faithful,none,V16.0-operative
23.476160243689357,-1.3463090044622958,v15_faithful,none,V16.0-operative
23.515795023920777,-1.3463090044622958,v15_faithful,none,V16.0-operative
23.555496719516025,-1.3463090044622958,v15_faithful,none,V16.0-operative
23.595265443448252,-1.3463090044622958,v15_faithful,none,V16.0-operative
23.63510130888133,-1.3463090044622958,v15_faithful,none,V16.0-operative
23.675004429170208,-1.3463090044622958,v15_faithful,none,V16.0-operative
23.71497491786119,-1.3463090044622958,v15_faithful,none,V16.0-operative
23.75501288869229,-1.3463090044622958,v15_faithful,none,V16.0-operative
23.795118455593546,-1.3463090044622958,v15_faithful,none,V16.0-operative
23.835291732687338,-1.3463090044622958,v15_faithful,none,V16.0-operative
23.87553283428873,-1.3463090044622958,v15_faithful,none,V16.0-operative
23.915841874905773,-1.3463090044622958,v15_faithful,none,V16.0-operative
23.956218969239846,-1.3463090044622958,v15_faithful,none,V16.0-operative
23.99666423218598,-1.3463090044622958,v15_faithful,none,V16.0-operative
24.037177778833183,-1.3463090044622958,v15_faithful,none,V16.0-operative
24.07775972446476,-1.3463090044622958,v15_faithful,none,V16.0-operative
24.11841018455866,-1.3463090044622958,v15_faithful,none,V16.0-operative
24.159129274787787,-1.3463090044622958,v15_faithful,none,V16.0-operative
24.199917111020337,-1.3463090044622958,v15_faithful,none,V16.0-operative
24.24077380932012,-1.3463090044622958,v15_faithful,none,V16.0-operative
24.281699485946913,-1.3463090044622958,v15_faithful,none,V16.0-operative
24.322694257356755,-1.3463090044622958,v15_faithful,none,V16.0-operative
24.363758240202312,-1.3463090044622958,v15_faithful,none,V16.0-operative
24.404891551333183,-1.3463090044622958,v15_faithful,none,V16.0-operative
24.44609430779625,-1.3463090044622958,v15_faithful,none,V16.0-operative
24.48736662683601,-1.3463090044622958,v15_faithful,none,V16.0-operative
24.528708625894897,-1.3463090044622958,v15_faithful,none,V16.0-operative
24.570120422613623,-1.3463090044622958,v15_faithful,none,V16.0-operative
24.611602134831514,-1.3463090044622958,v15_faithful,none,V16.0-operative
24.653153880586842,-1.3463090044622958,v15_faithful,none,V16.0-operative
24.694775778117172,-1.3463090044622958,v15_faithful,none,V16.0-operative
24.736467945859694,-1.3463090044622958,v15_faithful,none,V16.0-operative
24.778230502451514,-1.3463090044622958,v15_faithful,none,V16.0-operative
24.820063566730077,-1.3463090044622958,v15_faithful,none,V16.0-operative
24.86196725773345,-1.3463090044622958,v15_faithful,none,V16.0-operative
24.903941694700666,-1.3463090044622958,v15_faithful,none,V16.0-operative
24.945986997072076,-1.3463090044622958,v15_faithful,none,V16.0-operative
24.98810328448967,-1.3463090044622958,v15_faithful,none,V16.0-operative
25.03029067679745,-1.346511382711684,v15_faithful,none,V16.0-operative
25.07254929404173,-1.3467933124398044,v15_faithful,none,V16.0-operative
25.114879256471504,-1.3470752421679248,v15_faithful,none,V16.0-operative
25.157280684538794,-1.3473571718960455,v15_faithful,none,V16.0-operative
25.19975369889896,-1.347639101624166,v15_faithful,none,V16.0-operative
25.242298420411085,-1.3479116986599544,v15_faithful,none,V16.0-operative
25.284914970138285,-1.3481788789494915,v15_faithful,none,V16.0-operative
25.327603469348073,-1.3484460592390286,v15_faithful,none,V16.0-operative
25.370364039512694,-1.3487132395285657,v15_faithful,none,V16.0-operative
25.413196802309475,-1.3489804198181026,v15_faithful,none,V16.0-operative
25.456101879621176,-1.3492397293000962,v15_faithful,none,V16.0-operative
25.499079393536324,-1.3494925380357934,v15_faithful,none,V16.0-operative
25.542129466349575,-1.3497453467714904,v15_faithful,none,V16.0-operative
25.585252220562047,-1.3499981555071876,v15_faithful,none,V16.0-operative
25.628447778881682,-1.3502509642428846,v15_faithful,none,V16.0-operative
25.671716264223594,-1.3504972946292884,v15_faithful,none,V16.0-operative
25.7150577997104,-1.3507360986206538,v15_faithful,none,V16.0-operative
25.758472508672604,-1.3509749026120197,v15_faithful,none,V16.0-operative
25.80196051464891,-1.3512137066033851,v15_faithful,none,V16.0-operative
25.845521941386608,-1.3514525105947508,v15_faithful,none,V16.0-operative
25.889156912841898,-1.3516861622071017,v15_faithful,none,V16.0-operative
25.93286555318026,-1.3519113174840822,v15_faithful,none,V16.0-operative
25.97664798677681,-1.3521364727610627,v15_faithful,none,V16.0-operative
26.020504338216632,-1.3523616280380433,v15_faithful,none,V16.0-operative
26.06443473229516,-1.3525867833150238,v15_faithful,none,V16.0-operative
26.108439294018513,-1.352808048530875,v15_faithful,none,V16.0-operative
26.152518148603853,-1.3530199006314492,v15_faithful,none,V16.0-operative
26.19667142147976,-1.353231752732023,v15_faithful,none,V16.0-operative
26.240899238286566,-1.353443604832597,v15_faithful,none,V16.0-operative
26.285201724876718,-1.3536554569331711,v15_faithful,none,V16.0-operative
26.329579007315147,-1.353864620374183,v15_faithful,none,V16.0-operative
26.37403121187962,-1.354063504624117,v15_faithful,none,V16.0-operative
26.418558465061086,-1.3542623888740508,v15_faithful,none,V16.0-operative
26.463160893564062,-1.354461273123985,v15_faithful,none,V16.0-operative
26.507838624306977,-1.3546601573739183,v15_faithful,none,V16.0-operative
26.55259178442254,-1.35485749608947,v15_faithful,none,V16.0-operative
26.59742050125808,-1.3550437378744338,v15_faithful,none,V16.0-operative
26.64232490237595,-1.3552299796593978,v15_faithful,none,V16.0-operative
26.687305115553855,-1.355416221444362,v15_faithful,none,V16.0-operative
26.732361268785223,-1.3556024632293258,v15_faithful,none,V16.0-operative
26.777493490279582,-1.355788246875744,v15_faithful,none,V16.0-operative
26.822701908462907,-1.3559621619060032,v15_faithful,none,V16.0-operative
26.867986651978004,-1.3561360769362625,v15_faithful,none,V16.0-operative
26.913347849684865,-1.3563099919665214,v15_faithful,none,V16.0-operative
26.958785630661023,-1.3564839069967805,v15_faithful,none,V16.0-operative
27.004300124201954,-1.356657822027039,v15_faithful,none,V16.0-operative
27.049891459821403,-1.3143215831655557,v15_faithful,none,V16.0-operative
27.09555976725179,-1.2698458650067412,v15_faithful,none,V16.0-operative
27.141305176444547,-1.2253701468479388,v15_faithful,none,V16.0-operative
27.187127817570513,-1.1808944286891243,v15_faithful,none,V16.0-operative
27.233027821020293,-1.13641871053031,v15_faithful,none,V16.0-operative
27.27900531740463,-1.1282857135545177,v15_faithful,none,V16.0-operative
27.325060437554768,-1.125727797679596,v15_faithful,none,V16.0-operative
27.37119331252285,-1.1231698818046747,v15_faithful,none,V16.0-operative
27.417404073582258,-1.1206119659297538,v15_faithful,none,V16.0-operative
27.463692852228018,-1.1180540500548322,v15_faithful,none,V16.0-operative
27.510059780177144,-1.1166173957284888,v15_faithful,none,V16.0-operative
27.556504989369035,-1.115493471408307,v15_faithful,none,V16.0-operative
27.603028611965847,-1.1143695470881247,v15_faithful,none,V16.0-operative
27.649630780352858,-1.1132456227679424,v15_faithful,none,V16.0-operative
27.696311627138854,-1.1121216984477609,v15_faithful,none,V16.0-operative
27.74307128515651,-1.1110033441080234,v15_faithful,none,V16.0-operative
27.789909887462752,-1.109887413064716,v15_faithful,none,V16.0-operative
27.836827567339153,-1.108771482021409,v15_faithful,none,V16.0-operative
27.883824458292306,-1.1076555509781016,v15_faithful,none,V16.0-operative
27.930900694054202,-1.106539619934794,v15_faithful,none,V16.0-operative
27.978056408582603,-1.1054284988712206,v15_faithful,none,V16.0-operative
28.025291736061448,-1.1043204304849314,v15_faithful,none,V16.0-operative
28.0726068109012,-1.1032123620986425,v15_faithful,none,V16.0-operative
28.120001767739264,-1.1021042937123533,v15_faithful,none,V16.0-operative
28.167476741440343,-1.100996225326064,v15_faithful,none,V16.0-operative
28.215031867096837,-1.0998922296142075,v15_faithful,none,V16.0-operative
28.26266728002922,-1.0987918941542296,v15_faithful,none,V16.0-operative
28.310383115786422,-1.0976915586942513,v15_faithful,none,V16.0-operative
28.358179510146233,-1.0965912232342727,v15_faithful,none,V16.0-operative
28.40605659911567,-1.0954908877742946,v15_faithful,none,V16.0-operative
28.454014518931363,-1.094393910144436,v15_faithful,none,V16.0-operative
28.502053406059957,-1.0933011787522982,v15_faithful,none,V16.0-operative
28.550173397198503,-1.0922084473601594,v15_faithful,none,V16.0-operative
28.598374629274822,-1.091115715968021,v15_faithful,none,V16.0-operative
28.646657239447915,-1.0900229845758824,v15_faithful,none,V16.0-operative
28.69502136510835,-1.0889329184018797,v15_faithful,none,V16.0-operative
28.743467143878654,-1.0878476630744591,v15_faithful,none,V16.0-operative
28.791994713613697,-1.0867624077470386,v15_faithful,none,V16.0-operative
28.84060421240109,-1.0856771524196185,v15_faithful,none,V16.0-operative
28.889295778561582,-1.084591897092198,v15_faithful,none,V16.0-operative
28.938069550649455,-1.083508636380378,v15_faithful,none,V16.0-operative
28.986925667452876,-1.0824307299531375,v15_faithful,none,V16.0-operative
29.03586426799437,-1.0813528235258958,v15_faithful,none,V16.0-operative
29.084885491531157,-1.0802749170986543,v15_faithful,none,V16.0-operative
29.133989477555563,-1.079197010671413,v15_faithful,none,V16.0-operative
29.183176365795422,-1.0781204500495194,v15_faithful,none,V16.0-operative
29.232446296214473,-1.0770497661797471,v15_faithful,none,V16.0-operative
29.281799409012752,-1.0759790823099753,v15_faithful,none,V16.0-operative
29.331235844626992,-1.0749083984402032,v15_faithful,none,V16.0-operative
29.38075574373103,-1.073837714570431,v15_faithful,none,V16.0-operative
29.4303592472362,-1.0727677492765706,v15_faithful,none,V16.0-operative
29.48004649629174,-1.0717041624266812,v15_faithful,none,V16.0-operative
29.529817632285187,-1.0706405755767918,v15_faithful,none,V16.0-operative
29.57967279684278,-1.0695769887269029,v15_faithful,none,V16.0-operative
29.629612131829866,-1.0685134018770133,v15_faithful,none,V16.0-operative
29.67963577935131,-1.0674499277486402,v15_faithful,none,V16.0-operative
29.72974388175189,-1.0663933131695498,v15_faithful,none,V16.0-operative
29.7799365816167,-1.065336698590459,v15_faithful,none,V16.0-operative
29.830214021771557,-1.0642800840113686,v15_faithful,none,V16.0-operative
29.880576345283426,-1.0632234694322784,v15_faithful,none,V16.0-operative
29.931023695460798,-1.062166854853188,v15_faithful,none,V16.0-operative
29.981556215854113,-1.061116616609768,v15_faithful,none,V16.0-operative
30.032174050256177,-1.0600668503243078,v15_faithful,none,V16.0-operative
30.08287734270255,-1.059017084038847,v15_faithful,none,V16.0-operative
30.133666237471967,-1.0579673177533868,v15_faithful,none,V16.0-operative
30.18454087908676,-1.0569175514679268,v15_faithful,none,V16.0-operative
30.23550141231325,-1.0439516225611678,v15_faithful,none,V16.0-operative
30.286547982162165,-1.0288165677262464,v15_faithful,none,V16.0-operative
30.33768073388906,-1.0136815128913292,v15_faithful,none,V16.0-operative
30.38889981299472,-0.9985464580564078,v15_faithful,none,V16.0-operative
30.44020536522558,-0.9834114032214868,v15_faithful,none,V16.0-operative
30.491597536574144,-0.9768253738018756,v15_faithful,none,V16.0-operative
30.54307647327939,-0.9729254753753064,v15_faithful,none,V16.0-operative
30.594642321827184,-0.969025576948737,v15_faithful,none,V16.0-operative
30.646295228950716,-0.9651256785221694,v15_faithful,none,V16.0-operative
30.698035341630906,-0.961225780095599,v15_faithful,none,V16.0-operative
30.749862807096815,-0.9578671162201188,v15_faithful,none,V16.0-operative
30.801777772826068,-0.9547680571682156,v15_faithful,none,V16.0-operative
30.853780386545285,-0.9516689981163108,v15_faithful,none,V16.0-operative
30.905870796230484,-0.9485699390644058,v15_faithful,none,V16.0-operative
30.958049150107524,-0.9454708800125018,v15_faithful,none,V16.0-operative
31.010315596652493,-0.944056932244238,v15_faithful,none,V16.0-operative
31.062670284592176,-0.9438103639275937,v15_faithful,none,V16.0-operative
31.11511336290443,-0.9435637956109496,v15_faithful,none,V16.0-operative
31.167644980818647,-0.9433172272943052,v15_faithful,none,V16.0-operative
31.220265287816158,-0.943070658977661,v15_faithful,none,V16.0-operative
31.272974433630658,-0.942944300255748,v15_faithful,none,V16.0-operative
31.32577256824865,-0.9429354564834748,v15_faithful,none,V16.0-operative
31.37865984190984,-0.9429266127112016,v15_faithful,none,V16.0-operative
31.4316364051076,-0.942917768938928,v15_faithful,none,V16.0-operative
31.484702408589374,-0.9429089251666548,v15_faithful,none,V16.0-operative
31.537858003357115,-0.942900085235997,v15_faithful,none,V16.0-operative
31.591103340667708,-0.9428912505977194,v15_faithful,none,V16.0-operative
31.64443857203341,-0.942882415959442,v15_faithful,none,V16.0-operative
31.69786384922227,-0.9428735813211644,v15_faithful,none,V16.0-operative
31.751379324258572,-0.942864746682887,v15_faithful,none,V16.0-operative
31.804985149423263,-0.9428559151063658,v15_faithful,none,V16.0-operative
31.85868147725438,-0.9428470895940102,v15_faithful,none,V16.0-operative
31.912468460547494,-0.9428382640816544,v15_faithful,none,V16.0-operative
31.96634625235614,-0.9428294385692986,v15_faithful,none,V16.0-operative
32.02031500599225,-0.942820613056943,v15_faithful,none,V16.0-operative
32.074374875026606,-0.9428117898278604,v15_faithful,none,V16.0-operative
32.128526013289246,-0.9428029734333604,v15_faithful,none,V16.0-operative
32.18276857486992,-0.9427941570388604,v15_faithful,none,V16.0-operative
32.23710271411854,-0.9427853406443604,v15_faithful,none,V16.0-operative
32.29152858564561,-0.9427765242498604,v15_faithful,none,V16.0-operative
32.34604634432264,-0.942767709361524,v15_faithful,none,V16.0-operative
32.40065614528262,-0.9427589020768188,v15_faithful,none,V16.0-operative
32.45535814392046,-0.9427500947921136,v15_faithful,none,V16.0-operative
32.51015249589342,-0.9427412875074082,v15_faithful,none,V16.0-operative
32.56503935712155,-0.9427324802227028,v15_faithful,none,V16.0-operative
32.62001888378814,-0.942723673668424,v15_faithful,none,V16.0-operative
32.675091232340165,-0.9427148754854612,v15_faithful,none,V16.0-operative
32.73025655948874,-0.9427060773024984,v15_faithful,none,V16.0-operative
32.78551502220953,-0.9426972791195356,v15_faithful,none,V16.0-operative
32.84086677774327,-0.9426884809365728,v15_faithful,none,V16.0-operative
32.89631198359609,-0.94267968275361,v15_faithful,none,V16.0-operative
32.951850797540104,-0.9426708936204014,v15_faithful,none,V16.0-operative
33.00748337761376,-0.942662104531133,v15_faithful,none,V16.0-operative
33.06320988212234,-0.9426533154418648,v15_faithful,none,V16.0-operative
33.11903046963837,-0.9426445263525968,v15_faithful,none,V16.0-operative
33.17494529900211,-0.9426357372633284,v15_faithful,none,V16.0-operative
33.230954529322,-0.9426269564427748,v15_faithful,none,V16.0-operative
33.287058319975074,-0.9426181764391596,v15_faithful,none,V16.0-operative
33.34325683060746,-0.9426093964355442,v15_faithful,none,V16.0-operative
33.399550221134824,-0.9426006164319288,v15_faithful,none,V16.0-operative
33.4559386517428,-0.9425918364283136,v15_faithful,none,V16.0-operative
33.512422282887464,-0.9425830639137502,v15_faithful,none,V16.0-operative
33.56900127529581,-0.942574292987757,v15_faithful,none,V16.0-operative
33.62567578996617,-0.9425655220617636,v15_faithful,none,V16.0-operative
33.68244598816868,-0.9425567511357704,v15_faithful,none,V16.0-operative
33.73931203144578,-0.9425479802097771,v15_faithful,none,V16.0-operative
33.796274081612616,-0.9425392159945404,v15_faithful,none,V16.0-operative
33.85333230075753,-0.9425304541381392,v15_faithful,none,V16.0-operative
33.910486851242524,-0.9425216922817377,v15_faithful,none,V16.0-operative
33.96773789570371,-0.942512930425336,v15_faithful,none,V16.0-operative
34.025085597051785,-0.9425041685689346,v15_faithful,none,V16.0-operative
34.08253011847249,-0.942495412646368,v15_faithful,none,V16.0-operative
34.140071623427055,-0.9424866598515388,v15_faithful,none,V16.0-operative
34.197710275652696,-0.9424779070567096,v15_faithful,none,V16.0-operative
34.255446239163064,-0.9424691542618804,v15_faithful,none,V16.0-operative
34.31327967824872,-0.9424604014670512,v15_faithful,none,V16.0-operative
34.371210757477584,-0.9424516538305016,v15_faithful,none,V16.0-operative
34.42923964169542,-0.9424429100892288,v15_faithful,none,V16.0-operative
34.487366496026304,-0.9424341663479564,v15_faithful,none,V16.0-operative
34.545591485873096,-0.9424254226066836,v15_faithful,none,V16.0-operative
34.60391477691789,-0.9424166788654108,v15_faithful,none,V16.0-operative
34.66233653512252,-0.942407939508231,v15_faithful,none,V16.0-operative
34.720856926729,-0.9423992048125076,v15_faithful,none,V16.0-operative
34.77947611826001,-0.9423904701167845,v15_faithful,none,V16.0-operative
34.83819427651937,-0.9423817354210612,v15_faithful,none,V16.0-operative
34.89701156859253,-0.942373000725338,v15_faithful,none,V16.0-operative
34.95592816184701,-0.9423642696408854,v15_faithful,none,V16.0-operative
35.01494422393291,-0.9423555439827098,v15_faithful,none,V16.0-operative
35.07405992278337,-0.9423468183245344,v15_faithful,none,V16.0-operative
35.13327542661504,-0.9423380926663588,v15_faithful,none,V16.0-operative
35.19259090392859,-0.9423293670081828,v15_faithful,none,V16.0-operative
35.25200652350916,-0.9423206441898198,v15_faithful,none,V16.0-operative
35.31152245442684,-0.9423119275611964,v15_faithful,none,V16.0-operative
35.37113886603718,-0.9423032109325732,v15_faithful,none,V16.0-operative
35.43085592798164,-0.9422944943039502,v15_faithful,none,V16.0-operative
35.490673810188085,-0.9422857776753272,v15_faithful,none,V16.0-operative
35.550592682871276,-0.9401338301154244,v15_faithful,none,V16.0-operative
35.61061271653334,-0.9307831085804644,v15_faithful,none,V16.0-operative
35.67073408196428,-0.921432387045507,v15_faithful,none,V16.0-operative
35.73095695024241,-0.9120816655105476,v15_faithful,none,V16.0-operative
35.79128149273491,-0.9027309439755876,v15_faithful,none,V16.0-operative
35.851707881098264,-0.8947483307003372,v15_faithful,none,V16.0-operative
35.91223628727875,-0.8948762785094879,v15_faithful,none,V16.0-operative
35.97286688351298,-0.8950042263186389,v15_faithful,none,V16.0-operative
36.033599842328314,-0.8951321741277896,v15_faithful,none,V16.0-operative
36.094435336543405,-0.8952601219369403,v15_faithful,none,V16.0-operative
36.15537353926869,-0.8953800546648192,v15_faithful,none,V16.0-operative
36.216414623906836,-0.8953727319101772,v15_faithful,none,V16.0-operative
36.2775587641533,-0.8953654091555352,v15_faithful,none,V16.0-operative
36.33880613399676,-0.8953580864008934,v15_faithful,none,V16.0-operative
36.40015690771966,-0.8953507636462514,v15_faithful,none,V16.0-operative
36.461611259898675,-0.8953434408916094,v15_faithful,none,V16.0-operative
36.52316936540522,-0.8953386950706219,v15_faithful,none,V16.0-operative
36.58483139940594,-0.8953340175795321,v15_faithful,none,V16.0-operative
36.64659753736323,-0.8953293400884423,v15_faithful,none,V16.0-operative
36.70846795503569,-0.8953246625973525,v15_faithful,none,V16.0-operative
36.77044282847867,-0.8953199851062625,v15_faithful,none,V16.0-operative
36.832522334044775,-0.8953153074251332,v15_faithful,none,V16.0-operative
36.8947066483843,-0.895310629720296,v15_faithful,none,V16.0-operative
36.956995948445815,-0.8953059520154589,v15_faithful,none,V16.0-operative
37.01939041147662,-0.8953012743106219,v15_faithful,none,V16.0-operative
37.081890215023265,-0.8952965966057849,v15_faithful,none,V16.0-operative
37.144495536932034,-0.8952919116097489,v15_faithful,none,V16.0-operative
37.207206555349494,-0.895287224836284,v15_faithful,none,V16.0-operative
37.27002344872297,-0.8952825380628193,v15_faithful,none,V16.0-operative
37.33294639580104,-0.8952778512893544,v15_faithful,none,V16.0-operative
37.39597557563408,-0.8952731645158898,v15_faithful,none,V16.0-operative
37.459111167574775,-0.8952684708990508,v15_faithful,none,V16.0-operative
37.52235335127857,-0.8952637746066106,v15_faithful,none,V16.0-operative
37.58570230670425,-0.8952590783141703,v15_faithful,none,V16.0-operative
37.649158214114415,-0.89525438202173,v15_faithful,none,V16.0-operative
37.71272125407601,-0.89524968572929,v15_faithful,none,V16.0-operative
37.776391607460816,-0.8952449830494724,v15_faithful,none,V16.0-operative
37.840169455446,-0.895240276679697,v15_faithful,none,V16.0-operative
37.90405497951459,-0.8952355703099217,v15_faithful,none,V16.0-operative
37.96804836145602,-0.8952308639401463,v15_faithful,none,V16.0-operative
38.03214978336665,-0.8952261575703708,v15_faithful,none,V16.0-operative
38.096359427650256,-0.895221445351088,v15_faithful,none,V16.0-operative
38.16067747701857,-0.8952167283216701,v15_faithful,none,V16.0-operative
38.225104114491806,-0.8952120112922524,v15_faithful,none,V16.0-operative
38.28963952339916,-0.8952072942628346,v15_faithful,none,V16.0-operative
38.35428388737934,-0.8952025772334167,v15_faithful,none,V16.0-operative
38.41903739038111,-0.8951978549807029,v15_faithful,none,V16.0-operative
38.48390021666378,-0.8951931266861559,v15_faithful,none,V16.0-operative
38.54887255079774,-0.8951883983916089,v15_faithful,none,V16.0-operative
38.613954577665,-0.8951836700970617,v15_faithful,none,V16.0-operative
38.6791464824597,-0.8951789418025147,v15_faithful,none,V16.0-operative
38.74444845068865,-0.8951742090047952,v15_faithful,none,V16.0-operative
38.80986066817185,-0.8951694688155389,v15_faithful,none,V16.0-operative
38.87538332104301,-0.8951647286262827,v15_faithful,none,V16.0-operative
38.94101659575012,-0.8951599884370263,v15_faithful,none,V16.0-operative
39.00676067905589,-0.89515524824777,v15_faithful,none,V16.0-operative
39.07261575803839,-0.8951505043752408,v15_faithful,none,V16.0-operative
39.13858202009152,-0.8951457516366275,v15_faithful,none,V16.0-operative
39.204659652925564,-0.8951409988980141,v15_faithful,none,V16.0-operative
39.270848844567716,-0.8951362461594008,v15_faithful,none,V16.0-operative
39.3371497833626,-0.8951314934207875,v15_faithful,none,V16.0-operative
39.403562657972834,-0.895126737924764,v15_faithful,none,V16.0-operative
39.470087657379565,-0.8951219719560652,v15_faithful,none,V16.0-operative
39.53672497088298,-0.8951172059873667,v15_faithful,none,V16.0-operative
39.60347478810287,-0.8951124400186679,v15_faithful,none,V16.0-operative
39.67033729897915,-0.895107674049969,v15_faithful,none,V16.0-operative
39.73731269377243,-0.8951029063622138,v15_faithful,none,V16.0-operative
39.80440116306452,-0.8950981264555653,v15_faithful,none,V16.0-operative
39.87160289775899,-0.895093346548917,v15_faithful,none,V16.0-operative
39.938918089081724,-0.8950885666422685,v15_faithful,none,V16.0-operative
40.00634692858144,-0.8950837867356203,v15_faithful,none,V16.0-operative
40.073889608130266,-0.8950790062676435,v15_faithful,none,V16.0-operative
40.14154631992424,-0.8950742116869499,v15_faithful,none,V16.0-operative
40.2093172564839,-0.8950694171062561,v15_faithful,none,V16.0-operative
40.277202610654825,-0.8950646225255623,v15_faithful,none,V16.0-operative
40.345202575608155,-0.8950598279448687,v15_faithful,none,V16.0-operative
40.413317344841175,-0.8950550333641749,v15_faithful,none,V16.0-operative
40.48154711217785,-0.8950502240669993,v15_faithful,none,V16.0-operative
40.54989207176937,-0.8950454140467894,v15_faithful,none,V16.0-operative
40.61835241809472,-0.8950406040265795,v15_faithful,none,V16.0-operative
40.68692834596122,-0.8950357940063696,v15_faithful,none,V16.0-operative
40.75562005050507,-0.8950309839861594,v15_faithful,none,V16.0-operative
40.824427727191946,-0.8950261598720852,v15_faithful,none,V16.0-operative
40.893351571817504,-0.8950213336163251,v15_faithful,none,V16.0-operative
40.96239178050797,-0.8950165073605647,v15_faithful,none,V16.0-operative
41.031548549720696,-0.8950116811048043,v15_faithful,none,V16.0-operative
41.100822076244704,-0.8950068548490442,v15_faithful,none,V16.0-operative
41.17021255720125,-0.8950020152325957,v15_faithful,none,V16.0-operative
41.23972019004441,-0.8949971719134502,v15_faithful,none,V16.0-operative
41.3093451725616,-0.8949923285943047,v15_faithful,none,V16.0-operative
41.37908770287417,-0.8949874852751594,v15_faithful,none,V16.0-operative
41.44894797943797,-0.8949826419560138,v15_faithful,none,V16.0-operative
41.51892620104387,-0.8949777861271337,v15_faithful,none,V16.0-operative
41.58902256681839,-0.8949729248836806,v15_faithful,none,V16.0-operative
41.659237276224225,-0.8949680636402277,v15_faithful,none,V16.0-operative
41.729570529060815,-0.8949632023967748,v15_faithful,none,V16.0-operative
41.80002252546493,-0.8949583411533217,v15_faithful,none,V16.0-operative
41.870593465911234,-0.8949534683764877,v15_faithful,none,V16.0-operative
41.941283551212834,-0.8949485883133752,v15_faithful,none,V16.0-operative
42.01209298252189,-0.8949437082502627,v15_faithful,none,V16.0-operative
42.08302196133017,-0.8949388281871502,v15_faithful,none,V16.0-operative
42.154070689469584,-0.8949339481240377,v15_faithful,none,V16.0-operative
42.22523936911284,-0.8949290576373512,v15_faithful,none,V16.0-operative
42.29652820277395,-0.8949241578234046,v15_faithful,none,V16.0-operative
42.36793739330883,-0.8949192580094578,v15_faithful,none,V16.0-operative
42.439467143915884,-0.894914358195511,v15_faithful,none,V16.0-operative
42.51111765813658,-0.8949094583815642,v15_faithful,none,V16.0-operative
42.582889139856,-0.8949045493958041,v15_faithful,none,V16.0-operative
42.654781793303485,-0.8948996288625719,v15_faithful,none,V16.0-operative
42.72679582305314,-0.8948947083293397,v15_faithful,none,V16.0-operative
42.798931434024475,-0.8948897877961075,v15_faithful,none,V16.0-operative
42.87118883148295,-0.8948848672628751,v15_faithful,none,V16.0-operative
42.943568221040586,-0.8948799389605189,v15_faithful,none,V16.0-operative
43.01606980865654,-0.8948749967007636,v15_faithful,none,V16.0-operative
43.08869380063767,-0.8948700544410086,v15_faithful,none,V16.0-operative
43.16144040363917,-0.8948651121812536,v15_faithful,none,V16.0-operative
43.23430982466511,-0.8948601699214986,v15_faithful,none,V16.0-operative
43.30730227106904,-0.894855221455708,v15_faithful,none,V16.0-operative
43.38041795055464,-0.8948502564218315,v15_faithful,none,V16.0-operative
43.453657071176146,-0.894845291387955,v15_faithful,none,V16.0-operative
43.52701984133915,-0.8948403263540785,v15_faithful,none,V16.0-operative
43.60050646980105,-0.894835361320202,v15_faithful,none,V16.0-operative
43.67411716567171,-0.8866337275002576,v15_faithful,none,V16.0-operative
43.747852138414025,-0.8428946711420062,v15_faithful,none,V16.0-operative
43.821711597844526,-0.7991556147837546,v15_faithful,none,V16.0-operative
43.895695754133975,-0.7554165584255033,v15_faithful,none,V16.0-operative
43.96980481780796,-0.7116775020672632,v15_faithful,none,V16.0-operative
44.04403899974752,-0.6723921559077455,v15_faithful,none,V16.0-operative
44.1183985111897,-0.6721730003655049,v15_faithful,none,V16.0-operative
44.192883563728195,-0.6719538448232644,v15_faithful,none,V16.0-operative
44.26749436931391,-0.6717346892810236,v15_faithful,none,V16.0-operative
44.34223114025561,-0.671515533738783,v15_faithful,none,V16.0-operative
44.417094089220505,-0.6712964115755629,v15_faithful,none,V16.0-operative
44.49208342923482,-0.6710791905927986,v15_faithful,none,V16.0-operative
44.56719937368445,-0.6708619696100342,v15_faithful,none,V16.0-operative
44.642442136315566,-0.67064474862727,v15_faithful,none,V16.0-operative
44.717811931235175,-0.6704275276445055,v15_faithful,none,V16.0-operative
44.79330897291178,-0.6702103066617411,v15_faithful,none,V16.0-operative
44.86893347617597,-0.669994859214877,v15_faithful,none,V16.0-operative
44.94468565622102,-0.6697795408189329,v15_faithful,none,V16.0-operative
45.02056572860353,-0.6695642224229887,v15_faithful,none,V16.0-operative
45.096573909244015,-0.6693489040270446,v15_faithful,none,V16.0-operative
45.17271041442754,-0.6691335856311005,v15_faithful,none,V16.0-operative
45.24897546080431,-0.668919852000019,v15_faithful,none,V16.0-operative
45.3253692653903,-0.6687064044435806,v15_faithful,none,V16.0-operative
45.40189204556789,-0.6684929568871423,v15_faithful,none,V16.0-operative
45.47854401908645,-0.6682795093307037,v15_faithful,none,V16.0-operative
45.555325404062984,-0.6680660617742653,v15_faithful,none,V16.0-operative
45.632236418982735,-0.6678540157802593,v15_faithful,none,V16.0-operative
45.70927728269982,-0.6676424075342218,v15_faithful,none,V16.0-operative
45.786448214437854,-0.6674307992881845,v15_faithful,none,V16.0-operative
45.86374943379055,-0.6672191910421472,v15_faithful,none,V16.0-operative
45.94118116072238,-0.6670075827961097,v15_faithful,none,V16.0-operative
46.018743615569164,-0.6667971984181129,v15_faithful,none,V16.0-operative
46.09643701903873,-0.6665873981643875,v15_faithful,none,V16.0-operative
46.174261592211515,-0.6663775979106621,v15_faithful,none,V16.0-operative
46.25221755654122,-0.6661677976569367,v15_faithful,none,V16.0-operative
46.330305133855404,-0.665957997403211,v15_faithful,none,V16.0-operative
46.40852454635616,-0.6657492487730146,v15_faithful,none,V16.0-operative
46.48687601662071,-0.6655412253972675,v15_faithful,none,V16.0-operative
46.56535976760207,-0.6653332020215206,v15_faithful,none,V16.0-operative
46.64397602262963,-0.6651251786457737,v15_faithful,none,V16.0-operative
46.72272500540988,-0.6649171552700266,v15_faithful,none,V16.0-operative
46.80160694002694,-0.6647100166674533,v15_faithful,none,V16.0-operative
46.8806220509433,-0.6645037392517756,v15_faithful,none,V16.0-operative
46.95977056300037,-0.664297461836098,v15_faithful,none,V16.0-operative
47.03905270141918,-0.6640911844204203,v15_faithful,none,V16.0-operative
47.118468691801006,-0.6638849070047426,v15_faithful,none,V16.0-operative
47.19801876012799,-0.6637159923457607,v15_faithful,none,V16.0-operative
47.27770313276379,-0.6635983212902044,v15_faithful,none,V16.0-operative
47.35752203645428,-0.6634806502346482,v15_faithful,none,V16.0-operative
47.43747569832809,-0.663362979179092,v15_faithful,none,V16.0-operative
47.51756434589736,-0.6632453081235359,v15_faithful,none,V16.0-operative
47.597788207058315,-0.6631408191328181,v15_faithful,none,V16.0-operative
47.67814751009193,-0.6630623118744692,v15_faithful,none,V16.0-operative
47.75864248366461,-0.6629838046161205,v15_faithful,none,V16.0-operative
47.8392733568288,-0.6629052973577718,v15_faithful,none,V16.0-operative
47.920040359023645,-0.6628267900994231,v15_faithful,none,V16.0-operative
48.00094372007568,-0.6627483656786304,v15_faithful,none,V16.0-operative
48.08198367019944,-0.6626701877880268,v15_faithful,none,V16.0-operative
48.16316043999813,-0.6625920098974232,v15_faithful,none,V16.0-operative
48.24447426046428,-0.6625138320068193,v15_faithful,none,V16.0-operative
48.32592536298041,-0.6624356541162157,v15_faithful,none,V16.0-operative
48.40751397931969,-0.6623575293885713,v15_faithful,none,V16.0-operative
48.48924034164657,-0.6622796709456222,v15_faithful,none,V16.0-operative
48.571104682517486,-0.6622018125026732,v15_faithful,none,V16.0-operative
48.653107234881496,-0.6621239540597239,v15_faithful,none,V16.0-operative
48.73524823208092,-0.6620460956167749,v15_faithful,none,V16.0-operative
48.81752790785207,-0.6619682623461653,v15_faithful,none,V16.0-operative
48.89994649632584,-0.6618907133804959,v15_faithful,none,V16.0-operative
48.982504232028425,-0.6618131644148262,v15_faithful,none,V16.0-operative
49.06520134988197,-0.6617356154491565,v15_faithful,none,V16.0-operative
49.14803808520523,-0.6616580664834868,v15_faithful,none,V16.0-operative
49.231014673714256,-0.6615805175178171,v15_faithful,none,V16.0-operative
49.31413135152305,-0.6615032668829888,v15_faithful,none,V16.0-operative
49.397388355144265,-0.6614260173696118,v15_faithful,none,V16.0-operative
49.48078592148983,-0.6613487678562349,v15_faithful,none,V16.0-operative
49.56432428787167,-0.6612715183428579,v15_faithful,none,V16.0-operative
49.64800369200237,-0.661194268829481,v15_faithful,none,V16.0-operative
49.73182437199582,-0.661117282980261,v15_faithful,none,V16.0-operative
49.81578656636793,-0.6610403228351194,v15_faithful,none,V16.0-operative
49.89989051403732,-0.6609633626899778,v15_faithful,none,V16.0-operative
49.984136454325935,-0.6608864025448362,v15_faithful,none,V16.0-operative
50.068524626959785,-0.6608094423996949,v15_faithful,none,V16.0-operative
50.15305527206962,-0.6607327129153997,v15_faithful,none,V16.0-operative
50.2377286301916,-0.6606560319907684,v15_faithful,none,V16.0-operative
50.32254494226795,-0.6605793510661371,v15_faithful,none,V16.0-operative
50.40750444964773,-0.6605026701415058,v15_faithful,none,V16.0-operative
50.49260739408743,-0.6604259892168745,v15_faithful,none,V16.0-operative
50.577854017751704,-0.6603495076258914,v15_faithful,none,V16.0-operative
50.663244563214064,-0.6602730957056369,v15_faithful,none,V16.0-operative
50.74877927345756,-0.6601966837853825,v15_faithful,none,V16.0-operative
50.834458391875444,-0.660120271865128,v15_faithful,none,V16.0-operative
50.92028216227192,-0.6600438599448737,v15_faithful,none,V16.0-operative
51.00625082886278,-0.6599676177214346,v15_faithful,none,V16.0-operative
51.09236463627616,-0.6598914645161253,v15_faithful,none,V16.0-operative
51.17862382955317,-0.659815311310816,v15_faithful,none,V16.0-operative
51.26502865414862,-0.659739158105507,v15_faithful,none,V16.0-operative
51.35157935593176,-0.6596630049001977,v15_faithful,none,V16.0-operative
51.43827618118689,-0.6595869934610665,v15_faithful,none,V16.0-operative
51.52511937661416,-0.6595110886029272,v15_faithful,none,V16.0-operative
51.61210918933018,-0.659435183744788,v15_faithful,none,V16.0-operative
51.699245866868786,-0.6593592788866487,v15_faithful,none,V16.0-operative
51.78652965718174,-0.6592833740285096,v15_faithful,none,V16.0-operative
51.8739608086394,-0.6592075847295735,v15_faithful,none,V16.0-operative
51.96153957003148,-0.6591319177672779,v15_faithful,none,V16.0-operative
52.04926619056765,-0.6590562508049824,v15_faithful,none,V16.0-operative
52.13714091987839,-0.6589805838426868,v15_faithful,none,V16.0-operative
52.22516400801562,-0.6589049168803911,v15_faithful,none,V16.0-operative
52.313335705453405,-0.6588293410131592,v15_faithful,none,V16.0-operative
52.4016562630887,-0.6587539014064534,v15_faithful,none,V16.0-operative
52.49012593224204,-0.6586784617997476,v15_faithful,none,V16.0-operative
52.57874496465826,-0.6586030221930419,v15_faithful,none,V16.0-operative
52.667513612507236,-0.6585275825863361,v15_faithful,none,V16.0-operative
52.75643212838455,-0.6584522113743361,v15_faithful,none,V16.0-operative
52.84550076531228,-0.6583769884884878,v15_faithful,none,V16.0-operative
52.934719776739655,-0.6583017656026395,v15_faithful,none,V16.0-operative
53.024089416543795,-0.6582265427167913,v15_faithful,none,V16.0-operative
53.11360993903047,-0.658151319830943,v15_faithful,none,V16.0-operative
53.20328159893476,-0.6580761444260181,v15_faithful,none,V16.0-operative
53.29310465142184,-0.6580011275260813,v15_faithful,none,V16.0-operative
53.383079352087684,-0.6579261106261445,v15_faithful,none,V16.0-operative
53.47320595695975,-0.6578510937262074,v15_faithful,none,V16.0-operative
53.5634847224978,-0.6577760768262706,v15_faithful,none,V16.0-operative
53.65391590559452,-0.6577010883047685,v15_faithful,none,V16.0-operative
53.74449976357637,-0.6576262665496595,v15_faithful,none,V16.0-operative
53.835236554204194,-0.6575514447945505,v15_faithful,none,V16.0-operative
53.92612653567405,-0.6574766230394418,v15_faithful,none,V16.0-operative
54.01716996661791,-0.6574018012843328,v15_faithful,none,V16.0-operative
54.10836710610437,-0.6570593004761465,v15_faithful,none,V16.0-operative
54.19971821363942,-0.652548238609358,v15_faithful,none,V16.0-operative
54.29122354916719,-0.6480371767425694,v15_faithful,none,V16.0-operative
54.382883373070655,-0.643526114875782,v15_faithful,none,V16.0-operative
54.474697946172405,-0.6390150530089935,v15_faithful,none,V16.0-operative
54.56666752973537,-0.6345039911422048,v15_faithful,none,V16.0-operative
54.65879238546357,-0.6280400207057735,v15_faithful,none,V16.0-operative
54.75107277550286,-0.6215265012898894,v15_faithful,none,V16.0-operative
54.84350896244169,-0.6150129818740053,v15_faithful,none,V16.0-operative
54.936101209311815,-0.6084994624581213,v15_faithful,none,V16.0-operative
55.02884977958908,-0.6019859430422407,v15_faithful,none,V16.0-operative
55.12175493719415,-0.5954684006807247,v15_faithful,none,V16.0-operative
55.21481694649327,-0.588950361977945,v15_faithful,none,V16.0-operative
55.30803607229902,-0.5824323232751651,v15_faithful,none,V16.0-operative
55.40141257987104,-0.5759142845723855,v15_faithful,none,V16.0-operative
55.49494673491685,-0.5693962458696056,v15_faithful,none,V16.0-operative
55.588638803592524,-0.5564888857151696,v15_faithful,none,V16.0-operative
55.68248905250349,-0.542034683112836,v15_faithful,none,V16.0-operative
55.776497748705324,-0.5275804805105093,v15_faithful,none,V16.0-operative
55.87066515970442,-0.5131262779081824,v15_faithful,none,V16.0-operative
55.964991553458844,-0.4986720753058556,v15_faithful,none,V16.0-operative
56.05947719837903,-0.4944964994805932,v15_faithful,none,V16.0-operative
56.15412236332858,-0.4943180455407316,v15_faithful,none,V16.0-operative
56.24892731762502,-0.4941395916008699,v15_faithful,none,V16.0-operative
56.34389233104055,-0.4939611376610082,v15_faithful,none,V16.0-operative
56.439017673802844,-0.4937826837211463,v15_faithful,none,V16.0-operative
56.5343036165958,-0.4936048468714296,v15_faithful,none,V16.0-operative
56.6297504305603,-0.4934273648450947,v15_faithful,none,V16.0-operative
56.725358387294996,-0.4932498828187599,v15_faithful,none,V16.0-operative
56.82112775885708,-0.4930724007924249,v15_faithful,none,V16.0-operative
56.91705881776306,-0.49289491876609,v15_faithful,none,V16.0-operative
57.01315183698955,-0.4927179563377772,v15_faithful,none,V16.0-operative
57.10940708997399,-0.4925414193106578,v15_faithful,none,V16.0-operative
57.2058248506155,-0.4923648822835385,v15_faithful,none,V16.0-operative
57.30240539327561,-0.4921883452564191,v15_faithful,none,V16.0-operative
57.39914899277906,-0.4920118082292997,v15_faithful,none,V16.0-operative
57.49605592441456,-0.4918356978648456,v15_faithful,none,V16.0-operative
57.59312646393562,-0.4916600788728223,v15_faithful,none,V16.0-operative
57.69036088756126,-0.4914844598807991,v15_faithful,none,V16.0-operative
57.78775947197689,-0.4913088408887758,v15_faithful,none,V16.0-operative
57.88532249433504,-0.4911332218967525,v15_faithful,none,V16.0-operative
57.98305023225609,-0.4909579411973725,v15_faithful,none,V16.0-operative
58.0809429638292,-0.4907832132156018,v15_faithful,none,V16.0-operative
58.179000967613014,-0.4906084852338314,v15_faithful,none,V16.0-operative
58.277224522636445,-0.4904337572520609,v15_faithful,none,V16.0-operative
58.37561390839951,-0.4902590292702903,v15_faithful,none,V16.0-operative
58.47416940487409,-0.490084555788675,v15_faithful,none,V16.0-operative
58.57289129250476,-0.489910691720386,v15_faithful,none,V16.0-operative
58.67177985220954,-0.489736827652097,v15_faithful,none,V16.0-operative
58.77083536538077,-0.4895629635838079,v15_faithful,none,V16.0-operative
58.87005811388582,-0.4893890995155189,v15_faithful,none,V16.0-operative
58.96944838006795,-0.4892154107483827,v15_faithful,none,V16.0-operative
59.069006446747125,-0.4890423834133809,v15_faithful,none,V16.0-operative
59.168732597220746,-0.4888693560783793,v15_faithful,none,V16.0-operative
59.26862711526456,-0.4886963287433776,v15_faithful,none,V16.0-operative
59.368690285133354,-0.48852330140837613,v15_faithful,none,V16.0-operative
59.468922391561875,-0.4883503747888347,v15_faithful,none,V16.0-operative
59.56932371976556,-0.4881781569116973,v15_faithful,none,V16.0-operative
59.669894555441374,-0.4880059390345598,v15_faithful,none,V16.0-operative
59.770635184768636,-0.4878337211574224,v15_faithful,none,V16.0-operative
59.87154589440981,-0.487661503280285,v15_faithful,none,V16.0-operative
59.972626971511346,-0.4874893161700562,v15_faithful,none,V16.0-operative
60.073878703704466,-0.4873178803680054,v15_faithful,none,V16.0-operative
60.17530137910601,-0.4871464445659548,v15_faithful,none,V16.0-operative
60.27689528631924,-0.4869750087639041,v15_faithful,none,V16.0-operative
60.37866071443467,-0.4868035729618534,v15_faithful,none,V16.0-operative
60.480597953030895,-0.4866321371598027,v15_faithful,none,V16.0-operative
60.582707292175385,-0.4864614214137138,v15_faithful,none,V16.0-operative
60.68498902242534,-0.4862907401841558,v15_faithful,none,V16.0-operative
60.78744343482852,-0.4861200589545979,v15_faithful,none,V16.0-operative
60.89007082092403,-0.4859493777250399,v15_faithful,none,V16.0-operative
60.99287147274322,-0.4857786964954819,v15_faithful,none,V16.0-operative
61.09584568281044,-0.4856086471005958,v15_faithful,none,V16.0-operative
61.19899374414393,-0.4854386928083087,v15_faithful,none,V16.0-operative
61.30231595025663,-0.4852687385160214,v15_faithful,none,V16.0-operative
61.405812595157,-0.4850987842237341,v15_faithful,none,V16.0-operative
61.50948397334991,-0.4849288299314468,v15_faithful,none,V16.0-operative
61.61333037983741,-0.4847594238408083,v15_faithful,none,V16.0-operative
61.717352110119606,-0.4845901687047667,v15_faithful,none,V16.0-operative
61.82154946019551,-0.4844209135687252,v15_faithful,none,V16.0-operative
61.92592272656386,-0.4842516584326837,v15_faithful,none,V16.0-operative
62.03047220622398,-0.4840824032966421,v15_faithful,none,V16.0-operative
62.135198196676605,-0.4839136173452331,v15_faithful,none,V16.0-operative
62.24010099592475,-0.4837450334250532,v15_faithful,none,V16.0-operative
62.34518090247454,-0.4835764495048731,v15_faithful,none,V16.0-operative
62.450438215336085,-0.4834078655846932,v15_faithful,none,V16.0-operative
62.55587323402429,-0.4832392816645133,v15_faithful,none,V16.0-operative
62.66148625855975,-0.4830710925600678,v15_faithful,none,V16.0-operative
62.76727758946957,-0.4829031517420544,v15_faithful,none,V16.0-operative
62.873247527788244,-0.4827352109240411,v15_faithful,none,V16.0-operative
62.979396375058506,-0.4825672701060277,v15_faithful,none,V16.0-operative
63.085724433332174,-0.4823993292880145,v15_faithful,none,V16.0-operative
63.19223200517102,-0.4822317136015965,v15_faithful,none,V16.0-operative
63.29891939364764,-0.482064387584379,v15_faithful,none,V16.0-operative
63.4057869023463,-0.4818970615671615,v15_faithful,none,V16.0-operative
63.512834835363805,-0.4817297355499441,v15_faithful,none,V16.0-operative
63.620063497310376,-0.4815624095327266,v15_faithful,none,V16.0-operative
63.7274731933105,-0.4813953436890634,v15_faithful,none,V16.0-operative
63.83506422900381,-0.4812286039688009,v15_faithful,none,V16.0-operative
63.94283691054594,-0.4810618642485385,v15_faithful,none,V16.0-operative
64.05079154460941,-0.480895124528276,v15_faithful,none,V16.0-operative
64.15892843838452,-0.4807283848080136,v15_faithful,none,V16.0-operative
64.26724789958014,-0.4776874309834097,v15_faithful,none,V16.0-operative
64.37575023642472,-0.4695072479994274,v15_faithful,none,V16.0-operative
64.48443575766704,-0.461327065015445,v15_faithful,none,V16.0-operative
64.59330477257714,-0.4531468820314626,v15_faithful,none,V16.0-operative
64.70235759094723,-0.4449666990474802,v15_faithful,none,V16.0-operative
64.81159452309252,-0.4390004944326691,v15_faithful,none,V16.0-operative
64.92101587985215,-0.4389126101173156,v15_faithful,none,V16.0-operative
65.03062197259,-0.438824725801962,v15_faithful,none,V16.0-operative
65.14041311319566,-0.4387368414866084,v15_faithful,none,V16.0-operative
65.25038961408531,-0.4386489571712549,v15_faithful,none,V16.0-operative
65.36055178820251,-0.4385617823909134,v15_faithful,none,V16.0-operative
65.47089994901924,-0.4384776620366392,v15_faithful,none,V16.0-operative
65.58143441053664,-0.438393541682365,v15_faithful,none,V16.0-operative
65.69215548728606,-0.4383094213280908,v15_faithful,none,V16.0-operative
65.80306349432979,-0.4382253009738167,v15_faithful,none,V16.0-operative
65.91415874726209,-0.4381431583457648,v15_faithful,none,V16.0-operative
66.02544156221002,-0.4380781604481646,v15_faithful,none,V16.0-operative
66.13691225583439,-0.4380131625505645,v15_faithful,none,V16.0-operative
66.24857114533056,-0.4379481646529643,v15_faithful,none,V16.0-operative
66.36041854842948,-0.437883166755364,v15_faithful,none,V16.0-operative
66.47245478339849,-0.4378182789341878,v15_faithful,none,V16.0-operative
66.58468016904226,-0.4377592826892068,v15_faithful,none,V16.0-operative
66.69709502470371,-0.4377002864442256,v15_faithful,none,V16.0-operative
66.80969967026489,-0.4376412901992445,v15_faithful,none,V16.0-operative
66.92249442614794,-0.4375822939542633,v15_faithful,none,V16.0-operative
67.03547961331591,-0.4375232977092823,v15_faithful,none,V16.0-operative
67.14865555327381,-0.4374646646315143,v15_faithful,none,V16.0-operative
67.26202256806937,-0.4374060575257696,v15_faithful,none,V16.0-operative
67.37558098029409,-0.4373474504200249,v15_faithful,none,V16.0-operative
67.48933111308405,-0.4372888433142802,v15_faithful,none,V16.0-operative
67.60327329012092,-0.4372302362085355,v15_faithful,none,V16.0-operative
67.71740783563286,-0.4371719439401629,v15_faithful,none,V16.0-operative
67.83173507439534,-0.4371137080285178,v15_faithful,none,V16.0-operative
67.94625533173223,-0.4370554721168726,v15_faithful,none,V16.0-operative
68.06096893351663,-0.4369972362052275,v15_faithful,none,V16.0-operative
68.17587620617178,-0.4369390002935824,v15_faithful,none,V16.0-operative
68.29097747667203,-0.4368810337780049,v15_faithful,none,V16.0-operative
68.40627307254377,-0.4368231508989333,v15_faithful,none,V16.0-operative
68.52176332186636,-0.4367652680198617,v15_faithful,none,V16.0-operative
68.63744855327305,-0.4367073851407901,v15_faithful,none,V16.0-operative
68.75332909595188,-0.4366495022617185,v15_faithful,none,V16.0-operative
68.86940527964676,-0.4365918462702505,v15_faithful,none,V16.0-operative
68.98567743465819,-0.4365342980297168,v15_faithful,none,V16.0-operative
69.10214589184437,-0.4364767497891831,v15_faithful,none,V16.0-operative
69.21881098262212,-0.4364192015486494,v15_faithful,none,V16.0-operative
69.33567303896771,-0.4363616533081156,v15_faithful,none,V16.0-operative
69.45273239341797,-0.4363042924290192,v15_faithful,none,V16.0-operative
69.5699893790711,-0.4362470601837974,v15_faithful,none,V16.0-operative
69.68744432958768,-0.4361898279385754,v15_faithful,none,V16.0-operative
69.8050975791916,-0.4361325956933536,v15_faithful,none,V16.0-operative
69.92294946267104,-0.4360753634481318,v15_faithful,none,V16.0-operative
70.0410003153794,-0.436018282075315,v15_faithful,none,V16.0-operative
70.15925047323624,-0.4359613469157208,v15_faithful,none,V16.0-operative
70.27770027272828,-0.4359044117561266,v15_faithful,none,V16.0-operative
70.3963500509103,-0.4358474765965325,v15_faithful,none,V16.0-operative
70.51520014540617,-0.4357905414369383,v15_faithful,none,V16.0-operative
70.63425089440969,-0.4357337237583062,v15_faithful,none,V16.0-operative
70.7535026366857,-0.4356770664903184,v15_faithful,none,V16.0-operative
70.87295571157098,-0.4356204092223306,v15_faithful,none,V16.0-operative
70.99261045897518,-0.4355637519543427,v15_faithful,none,V16.0-operative
71.11246721938184,-0.435507094686355,v15_faithful,none,V16.0-operative
71.23252633384934,-0.435450524671799,v15_faithful,none,V16.0-operative
71.35278814401184,-0.4353941257985406,v15_faithful,none,V16.0-operative
71.4732529920803,-0.435337726925282,v15_faithful,none,V16.0-operative
71.59392122084344,-0.4352813280520235,v15_faithful,none,V16.0-operative
71.71479317366872,-0.435224929178765,v15_faithful,none,V16.0-operative
71.83586919450326,-0.4351685905677788,v15_faithful,none,V16.0-operative
71.95714962787493,-0.435112430270331,v15_faithful,none,V16.0-operative
72.07863481889319,-0.4350562699728832,v15_faithful,none,V16.0-operative
72.20032511325023,-0.4350001096754355,v15_faithful,none,V16.0-operative
72.32222085722182,-0.4349439493779877,v15_faithful,none,V16.0-operative
72.44432239766836,-0.4348878256668938,v15_faithful,none,V16.0-operative
72.56663008203584,-0.4348318837844143,v15_faithful,none,V16.0-operative
72.68914425835689,-0.4347759419019347,v15_faithful,none,V16.0-operative
72.81186527525165,-0.4347200000194552,v15_faithful,none,V16.0-operative
72.93479348192889,-0.4346640581369757,v15_faithful,none,V16.0-operative
73.05792922818694,-0.4346081325657501,v15_faithful,none,V16.0-operative
73.18127286441468,-0.4345523885748634,v15_faithful,none,V16.0-operative
73.30482474159257,-0.4344966445839767,v15_faithful,none,V16.0-operative
73.42858521129361,-0.4344409005930899,v15_faithful,none,V16.0-operative
73.55255462568437,-0.4343851566022031,v15_faithful,none,V16.0-operative
73.67673333752596,-0.4343294126113164,v15_faithful,none,V16.0-operative
73.80112170017512,-0.4342738466401952,v15_faithful,none,V16.0-operative
73.9257200675851,-0.4342182811435219,v15_faithful,none,V16.0-operative
74.05052879430674,-0.4341627156468486,v15_faithful,none,V16.0-operative
74.1755482354895,-0.4341071501501752,v15_faithful,none,V16.0-operative
74.30077874688239,-0.4340515846535019,v15_faithful,none,V16.0-operative
74.42622068483507,-0.4807952960331074,v15_faithful,none,V16.0-operative
74.55187440629881,-0.5320401758867814,v15_faithful,none,V16.0-operative
74.67774026882752,-0.5832850557404823,v15_faithful,none,V16.0-operative
74.80381863057876,-0.6345299355941831,v15_faithful,none,V16.0-operative
74.93010985031478,-0.6857748154478842,v15_faithful,none,V16.0-operative
75.05661428740355,-0.7268065175565899,v15_faithful,none,V16.0-operative
75.18333230181969,-0.7657043457732444,v15_faithful,none,V16.0-operative
75.31026425414565,-0.8046021739898785,v15_faithful,none,V16.0-operative
75.43741050557259,-0.8435000022065331,v15_faithful,none,V16.0-operative
75.56477141790148,-0.8823978304231879,v15_faithful,none,V16.0-operative
75.69234735354416,-0.8472694949224024,v15_faithful,none,V16.0-operative
75.8201386755243,-0.7864139955012579,v15_faithful,none,V16.0-operative
75.94814574747842,-0.7255584960801134,v15_faithful,none,V16.0-operative
76.07636893365702,-0.6647029966589688,v15_faithful,none,V16.0-operative
76.20480859892555,-0.6038474972378243,v15_faithful,none,V16.0-operative
76.33346510876548,-0.5588325173999926,v15_faithful,none,V16.0-operative
76.46233882927528,-0.5220870706293628,v15_faithful,none,V16.0-operative
76.59143012717155,-0.4853416238587135,v15_faithful,none,V16.0-operative
76.72073936979,-0.4485961770880644,v15_faithful,none,V16.0-operative
76.85026692508649,-0.4118507303174152,v15_faithful,none,V16.0-operative
76.98001316163811,-0.3961184528573246,v15_faithful,none,V16.0-operative
77.10997844864426,-0.3961140910785769,v15_faithful,none,V16.0-operative
77.2401631559276,-0.3961097292998292,v15_faithful,none,V16.0-operative
77.3705676539352,-0.3961053675210814,v15_faithful,none,V16.0-operative
77.50119231373952,-0.3961010057423337,v15_faithful,none,V16.0-operative
77.63203750703956,-0.3960957318374576,v15_faithful,none,V16.0-operative
77.76310360616179,-0.3960894965034894,v15_faithful,none,V16.0-operative
77.89439098406133,-0.3960832611695211,v15_faithful,none,V16.0-operative
78.02590001432294,-0.3960770258355529,v15_faithful,none,V16.0-operative
78.15763107116209,-0.3960707905015846,v15_faithful,none,V16.0-operative
78.28958452942605,-0.396064037762052,v15_faithful,none,V16.0-operative
78.42176076459496,-0.3960565145779707,v15_faithful,none,V16.0-operative
78.55416015278287,-0.3960489913938893,v15_faithful,none,V16.0-operative
78.68678307073881,-0.396041468209808,v15_faithful,none,V16.0-operative
78.8196298958479,-0.3960339450257267,v15_faithful,none,V16.0-operative
78.95270100613236,-0.3960262273591706,v15_faithful,none,V16.0-operative
79.08599678025267,-0.3960180900377968,v15_faithful,none,V16.0-operative
79.21951759750858,-0.396009952716423,v15_faithful,none,V16.0-operative
79.35326383784022,-0.3960018153950491,v15_faithful,none,V16.0-operative
79.48723588182914,-0.3959936780736753,v15_faithful,none,V16.0-operative
79.62143411069948,-0.3959856551582993,v15_faithful,none,V16.0-operative
79.75585890631895,-0.3959780118336269,v15_faithful,none,V16.0-operative
79.89051065120002,-0.3959703685089545,v15_faithful,none,V16.0-operative
80.02538972850088,-0.3959627251842821,v15_faithful,none,V16.0-operative
80.16049652202669,-0.3959550818596096,v15_faithful,none,V16.0-operative
80.29583141623053,-0.3959478539004007,v15_faithful,none,V16.0-operative
80.43139479621456,-0.3959430456533624,v15_faithful,none,V16.0-operative
80.56718704773114,-0.3959382374063242,v15_faithful,none,V16.0-operative
80.70320855718386,-0.3959334291592859,v15_faithful,none,V16.0-operative
80.83945971162869,-0.3959286209122477,v15_faithful,none,V16.0-operative
80.97594089877505,-0.3959243233197115,v15_faithful,none,V16.0-operative
81.11265250698698,-0.3959278283843505,v15_faithful,none,V16.0-operative
81.24959492528411,-0.3959313334489895,v15_faithful,none,V16.0-operative
81.38676854334292,-0.3959348385136285,v15_faithful,none,V16.0-operative
81.52417375149778,-0.3959383435782674,v15_faithful,none,V16.0-operative
81.66181094074201,-0.3959418486429064,v15_faithful,none,V16.0-operative
81.7996805027291,-0.3959664022415298,v15_faithful,none,V16.0-operative
81.93778282977372,-0.3959914658535938,v15_faithful,none,V16.0-operative
82.07611831485293,-0.3960165294656577,v15_faithful,none,V16.0-operative
82.21468735160721,-0.3960415930777216,v15_faithful,none,V16.0-operative
82.35349033434166,-0.3960666566897856,v15_faithful,none,V16.0-operative
82.49252765802706,-0.3961397502520961,v15_faithful,none,V16.0-operative
82.63179971830101,-0.3962187038303551,v15_faithful,none,V16.0-operative
82.77130691146911,-0.3962976574086141,v15_faithful,none,V16.0-operative
82.911049634506,-0.3963766109868732,v15_faithful,none,V16.0-operative
83.05102828505655,-0.3964555645651322,v15_faithful,none,V16.0-operative
83.19124326143695,-0.3966417866183073,v15_faithful,none,V16.0-operative
83.33169496263592,-0.3968537985211504,v15_faithful,none,V16.0-operative
83.47238378831572,-0.3970658104239934,v15_faithful,none,V16.0-operative
83.61331013881345,-0.3972778223268364,v15_faithful,none,V16.0-operative
83.75447441514198,-0.3974898342296794,v15_faithful,none,V16.0-operative
83.89587701899134,-0.3977574063789866,v15_faithful,none,V16.0-operative
84.03751835272963,-0.3980464683141829,v15_faithful,none,V16.0-operative
84.17939881940431,-0.3983355302493792,v15_faithful,none,V16.0-operative
84.32151882274331,-0.3986245921845755,v15_faithful,none,V16.0-operative
84.46387876715617,-0.3989136541197718,v15_faithful,none,V16.0-operative
84.60647905773519,-0.3995962250706591,v15_faithful,none,V16.0-operative
84.74932010025657,-0.4005040022999608,v15_faithful,none,V16.0-operative
84.8924023011816,-0.4014117795292626,v15_faithful,none,V16.0-operative
85.03572606765782,-0.4023195567585643,v15_faithful,none,V16.0-operative
85.1792918075201,-0.4032273339878661,v15_faithful,none,V16.0-operative
85.32309992929191,-0.4041465621245657,v15_faithful,none,V16.0-operative
85.46715084218641,-0.4050751241693436,v15_faithful,none,V16.0-operative
85.61144495610763,-0.4060036862141209,v15_faithful,none,V16.0-operative
85.75598268165164,-0.4069322482588987,v15_faithful,none,V16.0-operative
85.90076443010773,-0.4078608103036765,v15_faithful,none,V16.0-operative
86.04579061345956,-0.4110770026557106,v15_faithful,none,V16.0-operative
86.19106164438635,-0.4169162936290264,v15_faithful,none,V16.0-operative
86.33657793626404,-0.4227555846023391,v15_faithful,none,V16.0-operative
86.48233990316646,-0.4285948755756548,v15_faithful,none,V16.0-operative
86.62834795986655,-0.4344341665489706,v15_faithful,none,V16.0-operative
86.77460252183748,-0.4509001121024126,v15_faithful,none,V16.0-operative
86.9211040052539,-0.4846484601698196,v15_faithful,none,V16.0-operative
87.06785282699303,-0.5183968082372266,v15_faithful,none,V16.0-operative
87.21484940463597,-0.5521451563046158,v15_faithful,none,V16.0-operative
87.36209415646877,-0.585893504372023,v15_faithful,none,V16.0-operative
87.50958750148371,-0.6260143093096351,v15_faithful,none,V16.0-operative
87.6573298593804,-0.6813147593332542,v15_faithful,none,V16.0-operative
87.80532165056711,-0.7366152093568734,v15_faithful,none,V16.0-operative
87.9535632961618,-0.7919156593804926,v15_faithful,none,V16.0-operative
88.10205521799347,-0.8472161094040827,v15_faithful,none,V16.0-operative
88.25079783860326,-0.8908658783835552,v15_faithful,none,V16.0-operative
88.39979158124568,-0.8908432639181887,v15_faithful,none,V16.0-operative
88.54903686988985,-0.8908206494528224,v15_faithful,none,V16.0-operative
88.69853412922063,-0.890798034987456,v15_faithful,none,V16.0-operative
88.84828378463993,-0.8907754205220897,v15_faithful,none,V16.0-operative
88.99828626226783,-0.8907527109679207,v15_faithful,none,V16.0-operative
89.14854198894383,-0.8907293388850481,v15_faithful,none,V16.0-operative
89.2990513922281,-0.8907059668021753,v15_faithful,none,V16.0-operative
89.44981490040259,-0.8906825947193027,v15_faithful,none,V16.0-operative
89.60083294247238,-0.89065922263643,v15_faithful,none,V16.0-operative
89.75210594816681,-0.8906358186612204,v15_faithful,none,V16.0-operative
89.90363434794075,-0.890611657692195,v15_faithful,none,V16.0-operative
90.05541857297578,-0.8905874967231695,v15_faithful,none,V16.0-operative
90.20745905518146,-0.8905633357541443,v15_faithful,none,V16.0-operative
90.35975622719656,-0.8905391747851188,v15_faithful,none,V16.0-operative
90.51231052239022,-0.8905150138160935,v15_faithful,none,V16.0-operative
90.6651223748633,-0.8904900680809205,v15_faithful,none,V16.0-operative
90.8181922194495,-0.8904650856629506,v15_faithful,none,V16.0-operative
90.9715204917167,-0.8904401032449809,v15_faithful,none,V16.0-operative
91.1251076279681,-0.8904151208270112,v15_faithful,none,V16.0-operative
91.27895406524355,-0.8903901384090414,v15_faithful,none,V16.0-operative
91.43306024132072,-0.8903644116051133,v15_faithful,none,V16.0-operative
91.58742659471639,-0.8903385738272485,v15_faithful,none,V16.0-operative
91.74205356468771,-0.8903127360493839,v15_faithful,none,V16.0-operative
91.89694159123341,-0.8902868982715193,v15_faithful,none,V16.0-operative
92.05209111509505,-0.8902610604936545,v15_faithful,none,V16.0-operative
92.20750257775835,-0.964148078475696,v15_faithful,none,V16.0-operative
92.36317642145431,-1.0582574862135696,v15_faithful,none,V16.0-operative
92.51911308916061,-1.152366893951493,v15_faithful,none,V16.0-operative
92.6753130246028,-1.2464763016892677,v15_faithful,none,V16.0-operative
92.83177667225556,-1.3405857094271412,v15_faithful,none,V16.0-operative
92.98850447734397,-1.368825988468353,v15_faithful,none,V16.0-operative
93.14549688584478,-1.3688492781439203,v15_faithful,none,V16.0-operative
93.30275434448771,-1.3688725678194886,v15_faithful,none,V16.0-operative
93.46027730075669,-1.3688958574950567,v15_faithful,none,V16.0-operative
93.61806620289109,-1.3689191471706246,v15_faithful,none,V16.0-operative
93.77612149988708,-1.3689393595021724,v15_faithful,none,V16.0-operative
93.9344436414989,-1.368957645453906,v15_faithful,none,V16.0-operative
94.09303307824008,-1.36897593140564,v15_faithful,none,V16.0-operative
94.25189026138469,-1.368994217357374,v15_faithful,none,V16.0-operative
94.41101564296876,-1.3690125033091076,v15_faithful,none,V16.0-operative
94.57040967579148,-1.3690262759900658,v15_faithful,none,V16.0-operative
94.73007281341651,-1.3690360451716626,v15_faithful,none,V16.0-operative
94.89000551017324,-1.3690458143532591,v15_faithful,none,V16.0-operative
95.05020822115809,-1.369055583534856,v15_faithful,none,V16.0-operative
95.21068140223586,-1.369065352716453,v15_faithful,none,V16.0-operative
95.37142551004096,-1.369068716631294,v15_faithful,none,V16.0-operative
95.53244100197874,-1.3690640869154551,v15_faithful,none,V16.0-operative
95.69372833622678,-1.3690594571996164,v15_faithful,none,V16.0-operative
95.85528797173622,-1.3690548274837775,v15_faithful,none,V16.0-operative
96.01712036823301,-1.3690501977679386,v15_faithful,none,V16.0-operative
96.17922598621932,-1.3690368424733126,v15_faithful,none,V16.0-operative
96.34160528697471,-1.369007958936466,v15_faithful,none,V16.0-operative
96.50425873255757,-1.3689790753996194,v15_faithful,none,V16.0-operative
96.66718678580636,-1.368950191862773,v15_faithful,none,V16.0-operative
96.83038991034097,-1.3689213083259262,v15_faithful,none,V16.0-operative
96.99386857056398,-1.3688812277449238,v15_faithful,none,V16.0-operative
97.15762323166206,-1.3688115799139031,v15_faithful,none,V16.0-operative
97.32165435960722,-1.3687419320828826,v15_faithful,none,V16.0-operative
97.48596242115822,-1.3686722842518622,v15_faithful,none,V16.0-operative
97.6505478838618,-1.3686026364208417,v15_faithful,none,V16.0-operative
97.81541121605409,-1.3677696527679821,v15_faithful,none,V16.0-operative
97.98055288686189,-1.3636738549605496,v15_faithful,none,V16.0-operative
98.14597336620402,-1.359578057153117,v15_faithful,none,V16.0-operative
98.31167312479268,-1.3554822593456826,v15_faithful,none,V16.0-operative
98.4776526341348,-1.3513864615382478,v15_faithful,none,V16.0-operative
98.64391236653329,-1.3477169732484415,v15_faithful,none,V16.0-operative
98.81045279508851,-1.3477002541465155,v15_faithful,none,V16.0-operative
98.97727439369952,-1.3476835350445897,v15_faithful,none,V16.0-operative
99.14437763706546,-1.3476668159426637,v15_faithful,none,V16.0-operative
99.31176300068694,-1.3476500968407372,v15_faithful,none,V16.0-operative
99.47943096086732,-1.3476331881486316,v15_faithful,none,V16.0-operative
99.64738199471411,-1.3476067104265164,v15_faithful,none,V16.0-operative
99.81561658014034,-1.347580232704401,v15_faithful,none,V16.0-operative
99.98413519586589,-1.3475537549822858,v15_faithful,none,V16.0-operative
100.15293832141889,-1.3475272772601703,v15_faithful,none,V16.0-operative
100.32202643713694,-1.3475007995380552,v15_faithful,none,V16.0-operative
100.49140002416873,-1.347459153249859,v15_faithful,none,V16.0-operative
100.66105956447521,-1.3474164410846512,v15_faithful,none,V16.0-operative
100.83100554083104,-1.3473737289194434,v15_faithful,none,V16.0-operative
101.00123843682596,-1.3473310167542358,v15_faithful,none,V16.0-operative
101.17175873686611,-1.347288304589028,v15_faithful,none,V16.0-operative
101.34256692617552,-1.2882024547530415,v15_faithful,none,V16.0-operative
101.51366349079736,-1.218636821030573,v15_faithful,none,V16.0-operative
101.6850489175954,-1.149071187308141,v15_faithful,none,V16.0-operative
101.85672369425541,-1.079505553585672,v15_faithful,none,V16.0-operative
102.02868830928651,-1.0099399198632033,v15_faithful,none,V16.0-operative
102.20094325202254,-0.977684057318243,v15_faithful,none,V16.0-operative
102.37348901262351,-0.9569418147057897,v15_faithful,none,V16.0-operative
102.54632608207697,-0.9361995720933252,v15_faithful,none,V16.0-operative
102.71945495219938,-0.9154573294808934,v15_faithful,none,V16.0-operative
102.89287611563755,-0.8947150868684399,v15_faithful,none,V16.0-operative
103.06659006587003,-0.8880300853141385,v15_faithful,none,V16.0-operative
103.24059729720851,-0.8879878069296125,v15_faithful,none,V16.0-operative
103.41489830479918,-0.8879455285450863,v15_faithful,none,V16.0-operative
103.58949358462426,-0.8879032501605604,v15_faithful,none,V16.0-operative
103.76438363350329,-0.8878609717760342,v15_faithful,none,V16.0-operative
103.93956894909459,-0.8878177605592514,v15_faithful,none,V16.0-operative
104.1150500298967,-0.8877739117809516,v15_faithful,none,V16.0-operative
104.29082737524973,-0.8877300630026517,v15_faithful,none,V16.0-operative
104.46690148533688,-0.8876862142243518,v15_faithful,none,V16.0-operative
104.64327286118578,-0.8876423654460519,v15_faithful,none,V16.0-operative
104.81994200466994,-0.8905320795897782,v15_faithful,none,V16.0-operative
104.9969094185102,-0.8962524262050837,v15_faithful,none,V16.0-operative
105.17417560627614,-0.9019727728203896,v15_faithful,none,V16.0-operative
105.35174107238748,-0.907693119435695,v15_faithful,none,V16.0-operative
105.52960632211563,-0.9134134660510004,v15_faithful,none,V16.0-operative
105.70777186158496,-0.9202852011867128,v15_faithful,none,V16.0-operative
105.88623819777438,-0.9287220787129034,v15_faithful,none,V16.0-operative
106.06500583851872,-0.9371589562390984,v15_faithful,none,V16.0-operative
106.2440752925102,-0.9455958337652935,v15_faithful,none,V16.0-operative
106.42344706929985,-0.9540327112914888,v15_faithful,none,V16.0-operative
106.60312167929898,-0.9554668979298306,v15_faithful,none,V16.0-operative
106.78309963378061,-0.9432323525649572,v15_faithful,none,V16.0-operative
106.96338144488098,-0.9309978072000776,v15_faithful,none,V16.0-operative
107.14396762560092,-0.918763261835198,v15_faithful,none,V16.0-operative
107.32485868980741,-0.9065287164703182,v15_faithful,none,V16.0-operative
107.50605515223496,-0.8968612535453602,v15_faithful,none,V16.0-operative
107.6875575284871,-0.894746134122026,v15_faithful,none,V16.0-operative
107.86936633503788,-0.8926310146986929,v15_faithful,none,V16.0-operative
108.05148208923329,-0.8905158952753589,v15_faithful,none,V16.0-operative
108.23390530929277,-0.8884007758520247,v15_faithful,none,V16.0-operative
108.41663651431064,-0.8866333654998668,v15_faithful,none,V16.0-operative
108.59967622425765,-0.8865806336514437,v15_faithful,none,V16.0-operative
108.78302495998238,-0.8865279018030203,v15_faithful,none,V16.0-operative
108.9666832432128,-0.8864751699545972,v15_faithful,none,V16.0-operative
109.15065159655765,-0.886422438106174,v15_faithful,none,V16.0-operative
109.33493054350805,-0.8863695389465431,v15_faithful,none,V16.0-operative
109.5195206084389,-0.8863148036625965,v15_faithful,none,V16.0-operative
109.70442231661039,-0.8862600683786497,v15_faithful,none,V16.0-operative
109.88963619416954,-0.8862053330947031,v15_faithful,none,V16.0-operative
110.07516276815164,-0.8861505978107564,v15_faithful,none,V16.0-operative
110.26100256648179,-0.8860958625268098,v15_faithful,none,V16.0-operative
110.44715611797638,-0.8860390440247321,v15_faithful,none,V16.0-operative
110.63362395234456,-0.885982222244547,v15_faithful,none,V16.0-operative
110.82040660018986,-0.8859254004643617,v15_faithful,none,V16.0-operative
111.00750459301156,-0.8858685786841765,v15_faithful,none,V16.0-operative
111.19491846320633,-0.8858117569039903,v15_faithful,none,V16.0-operative
111.38264874406964,-0.883686320735515,v15_faithful,none,V16.0-operative
111.57069596979733,-0.8813646232018815,v15_faithful,none,V16.0-operative
111.75906067548715,-0.8790429256682482,v15_faithful,none,V16.0-operative
111.94774339714021,-0.8767212281346148,v15_faithful,none,V16.0-operative
112.1367446716626,-0.8743995306009813,v15_faithful,none,V16.0-operative
112.32606503686682,-0.872410137965687,v15_faithful,none,V16.0-operative
112.5157050314734,-0.8704896477137207,v15_faithful,none,V16.0-operative
112.70566519511236,-0.8685691574617547,v15_faithful,none,V16.0-operative
112.8959460683248,-0.8666486672097884,v15_faithful,none,V16.0-operative
113.0865481925644,-0.8647281769578221,v15_faithful,none,V16.0-operative
113.27747211019897,-0.8641695914223921,v15_faithful,none,V16.0-operative
113.46871836451201,-0.8640816401527704,v15_faithful,none,V16.0-operative
113.66028749970427,-0.863993688883149,v15_faithful,none,V16.0-operative
113.85218006089522,-0.8639057376135273,v15_faithful,none,V16.0-operative
114.04439659412469,-0.8638177863439056,v15_faithful,none,V16.0-operative
114.2369376463544,-0.863727561378334,v15_faithful,none,V16.0-operative
114.42980376546946,-0.8636361551471177,v15_faithful,none,V16.0-operative
114.62299550028001,-0.8635447489159014,v15_faithful,none,V16.0-operative
114.81651340052274,-0.8634533426846851,v15_faithful,none,V16.0-operative
115.01035801686245,-0.8633619364534688,v15_faithful,none,V16.0-operative
115.20452990089365,-0.8632684683426399,v15_faithful,none,V16.0-operative
115.39902960514206,-0.8631734637968835,v15_faithful,none,V16.0-operative
115.59385768306628,-0.8630784592511271,v15_faithful,none,V16.0-operative
115.78901468905929,-0.8629834547053707,v15_faithful,none,V16.0-operative
115.98450117845003,-0.8628884501596144,v15_faithful,none,V16.0-operative
116.18031770750505,-0.8627916170216949,v15_faithful,none,V16.0-operative
116.37646483343,-0.8626928648183267,v15_faithful,none,V16.0-operative
116.57294311437131,-0.8625941126149583,v15_faithful,none,V16.0-operative
116.76975310941766,-0.8624953604115899,v15_faithful,none,V16.0-operative
116.9668953786017,-0.8623966082082215,v15_faithful,none,V16.0-operative
117.16437048290155,-0.8622962835985832,v15_faithful,none,V16.0-operative
117.36217898424242,-0.862193628152081,v15_faithful,none,V16.0-operative
117.56032144549825,-0.862090972705579,v15_faithful,none,V16.0-operative
117.75879843049327,-0.8619883172590768,v15_faithful,none,V16.0-operative
117.9576105040036,-0.8618856618125748,v15_faithful,none,V16.0-operative
118.15675823175889,-0.8617817145539397,v15_faithful,none,V16.0-operative
118.35624218044387,-0.8616749937732973,v15_faithful,none,V16.0-operative
118.55606291770007,-0.8615682729926548,v15_faithful,none,V16.0-operative
118.75622101212731,-0.8614615522120124,v15_faithful,none,V16.0-operative
118.95671703328541,-0.8613548314313699,v15_faithful,none,V16.0-operative
119.15755155169576,-0.8612471254376981,v15_faithful,none,V16.0-operative
119.35872513884296,-0.8611361704522211,v15_faithful,none,V16.0-operative
119.56023836717647,-0.8610252154667442,v15_faithful,none,V16.0-operative
119.76209181011218,-0.8609142604812672,v15_faithful,none,V16.0-operative
119.9642860420341,-0.8608033054957902,v15_faithful,none,V16.0-operative
120.16682163829599,-0.8606916995896767,v15_faithful,none,V16.0-operative
120.36969917522295,-0.8605763344631323,v15_faithful,none,V16.0-operative
120.57291923011307,-0.860460969336588,v15_faithful,none,V16.0-operative
120.77648238123916,-0.8603456042100435,v15_faithful,none,V16.0-operative
120.98038920785025,-0.8602302390834988,v15_faithful,none,V16.0-operative
121.18464029017339,-0.8601145868068494,v15_faithful,none,V16.0-operative
121.38923620941516,-0.859994628239471,v15_faithful,none,V16.0-operative
121.59417754776342,-0.8598746696720929,v15_faithful,none,V16.0-operative
121.79946488838895,-0.8597547111047148,v15_faithful,none,V16.0-operative
122.00509881544708,-0.8596347525373365,v15_faithful,none,V16.0-operative
122.21107991407938,-0.8595147939699583,v15_faithful,none,V16.0-operative
122.41740877041529,-0.859390158972902,v15_faithful,none,V16.0-operative
122.62408597157385,-0.8592654159907298,v15_faithful,none,V16.0-operative
122.83111210566527,-0.8591406730085573,v15_faithful,none,V16.0-operative
123.03848776179275,-0.8590159300263852,v15_faithful,none,V16.0-operative
123.24621353005402,-0.8588911870442126,v15_faithful,none,V16.0-operative
123.45429000154307,-0.858761997153954,v15_faithful,none,V16.0-operative
123.66271776835184,-0.8586322707849665,v15_faithful,none,V16.0-operative
123.87149742357192,-0.8585025444159788,v15_faithful,none,V16.0-operative
124.08062956129619,-0.8583728180469914,v15_faithful,none,V16.0-operative
124.29011477662054,-0.8582430916780037,v15_faithful,none,V16.0-operative
124.49995366564556,-0.8581091750517911,v15_faithful,none,V16.0-operative
124.71014682547826,-0.8579742579882659,v15_faithful,none,V16.0-operative
124.92069485423372,-0.8578393409247409,v15_faithful,none,V16.0-operative
125.1315983510368,-0.8577044238612157,v15_faithful,none,V16.0-operative
125.34285791602392,-0.8575695067976907,v15_faithful,none,V16.0-operative
125.55447415034466,-0.8574306851305478,v15_faithful,none,V16.0-operative
125.76644765616352,-0.8572903613770597,v15_faithful,none,V16.0-operative
125.97877903666168,-0.8571500376235717,v15_faithful,none,V16.0-operative
126.19146889603861,-0.8570097138700836,v15_faithful,none,V16.0-operative
126.4045178395139,-0.8568693901165956,v15_faithful,none,V16.0-operative
126.6179264733289,-0.8567254783995748,v15_faithful,none,V16.0-operative
126.83169540474849,-0.8565795229060138,v15_faithful,none,V16.0-operative
127.04582524206279,-0.8564335674124528,v15_faithful,none,V16.0-operative
127.26031659458889,-0.8562876119188916,v15_faithful,none,V16.0-operative
127.47517007267261,-0.8561416564253306,v15_faithful,none,V16.0-operative
127.6903862876902,-0.8559924626948057,v15_faithful,none,V16.0-operative
127.9059658520501,-0.8558406409737773,v15_faithful,none,V16.0-operative
128.12190937919468,-0.855688819252749,v15_faithful,none,V16.0-operative
128.33821748360197,-0.8555369975317206,v15_faithful,none,V16.0-operative
128.55489078078745,-0.8553851758106925,v15_faithful,none,V16.0-operative
128.77192988730573,-0.8552305008883629,v15_faithful,none,V16.0-operative
128.9893354207524,-0.8550725686162974,v15_faithful,none,V16.0-operative
129.20710799976575,-0.8549146363442321,v15_faithful,none,V16.0-operative
129.42524824402844,-0.8547567040721666,v15_faithful,none,V16.0-operative
129.64375677426935,-0.8545987718001014,v15_faithful,none,V16.0-operative
129.86263421226542,-0.8544384090233714,v15_faithful,none,V16.0-operative
130.08188118084325,-0.854274111624646,v15_faithful,none,V16.0-operative
130.301498303881,-0.8541098142259205,v15_faithful,none,V16.0-operative
130.52148620631013,-0.853945516827195,v15_faithful,none,V16.0-operative
130.74184551411713,-0.8537812194284695,v15_faithful,none,V16.0-operative
130.96257685434534,-0.8536149543708487,v15_faithful,none,V16.0-operative
131.1836808550968,-0.8534440265841905,v15_faithful,none,V16.0-operative
131.40515814553396,-0.8532730987975325,v15_faithful,none,V16.0-operative
131.62700935588143,-0.8531021710108744,v15_faithful,none,V16.0-operative
131.84923511742784,-0.8529312432242164,v15_faithful,none,V16.0-operative
132.07183606252764,-0.8527323641430609,v15_faithful,none,V16.0-operative
132.29481282460293,-0.8524293916325165,v15_faithful,none,V16.0-operative
132.51816603814515,-0.8521264191219724,v15_faithful,none,V16.0-operative
132.74189633871697,-0.8518234466114283,v15_faithful,none,V16.0-operative
132.96600436295407,-0.8515204741008842,v15_faithful,none,V16.0-operative
133.190490748567,-0.8512104251034749,v15_faithful,none,V16.0-operative
133.41535613434291,-0.8508515549596058,v15_faithful,none,V16.0-operative
133.64060116014744,-0.8504926848157366,v15_faithful,none,V16.0-operative
133.86622646692652,-0.8501338146718673,v15_faithful,none,V16.0-operative
134.09223269670818,-0.8497749445279981,v15_faithful,none,V16.0-operative
134.31862049260437,-0.8494154647826182,v15_faithful,none,V16.0-operative
134.54539049881282,-0.8490419103984828,v15_faithful,none,V16.0-operative
134.77254336061898,-0.8486683560143471,v15_faithful,none,V16.0-operative
135.00007972439735,-0.8482948016302121,v15_faithful,none,V16.0-operative
135.2280002376141,-0.8479212472460766,v15_faithful,none,V16.0-operative
135.45630554882842,-0.8475476928619412,v15_faithful,none,V16.0-operative
135.68499630769435,-0.8098289294477818,v15_faithful,none,V16.0-operative
135.91407316496287,-0.7704089418704194,v15_faithful,none,V16.0-operative
136.14353677248354,-0.7309889542930779,v15_faithful,none,V16.0-operative
136.37338778320648,-0.6915689667157154,v15_faithful,none,V16.0-operative
136.60362685118417,-0.652148979138353,v15_faithful,none,V16.0-operative
136.8342546315733,-0.6286741426092122,v15_faithful,none,V16.0-operative
137.0652717806367,-0.6075535721191063,v15_faithful,none,V16.0-operative
137.29667895574514,-0.5864330016290003,v15_faithful,none,V16.0-operative
137.52847681537926,-0.5653124311388944,v15_faithful,none,V16.0-operative
137.76066601913138,-0.5441918606487994,v15_faithful,none,V16.0-operative
137.99324722770743,-0.5393678107964222,v15_faithful,none,V16.0-operative
138.2262211029288,-0.5389737595257904,v15_faithful,none,V16.0-operative
138.45958830773424,-0.5385797082551587,v15_faithful,none,V16.0-operative
138.6933495061817,-0.5381856569845269,v15_faithful,none,V16.0-operative
138.92750536345036,-0.5377916057138952,v15_faithful,none,V16.0-operative
139.1620565458423,-0.5373821865864312,v15_faithful,none,V16.0-operative
139.39700372078457,-0.536966218211016,v15_faithful,none,V16.0-operative
139.63234755683104,-0.5365502498356007,v15_faithful,none,V16.0-operative
139.8680887236643,-0.5361342814601857,v15_faithful,none,V16.0-operative
140.10422789209758,-0.5357183130847705,v15_faithful,none,V16.0-operative
140.3407657340766,-0.5352889525636573,v15_faithful,none,V16.0-operative
140.57770292268157,-0.5348512471401063,v15_faithful,none,V16.0-operative
140.815040132129,-0.5344135417165552,v15_faithful,none,V16.0-operative
141.05277803777378,-0.5339758362930043,v15_faithful,none,V16.0-operative
141.2909173161109,-0.5335381308694531,v15_faithful,none,V16.0-operative
141.5294586447775,-0.533088868687718,v15_faithful,none,V16.0-operative
141.7684027025548,-0.5326293997170823,v15_faithful,none,V16.0-operative
142.00775016937,-0.5321699307464467,v15_faithful,none,V16.0-operative
142.24750172629825,-0.5317104617758108,v15_faithful,none,V16.0-operative
142.48765805556448,-0.5312509928051752,v15_faithful,none,V16.0-operative
142.7282198405455,-0.5307817296131694,v15_faithful,none,V16.0-operative
142.96918776577178,-0.5303002971169741,v15_faithful,none,V16.0-operative
143.21056251692957,-0.5298188646207789,v15_faithful,none,V16.0-operative
143.45234478086272,-0.5293374321245836,v15_faithful,none,V16.0-operative
143.69453524557468,-0.5288559996283884,v15_faithful,none,V16.0-operative
143.93713460023045,-0.5283665163757825,v15_faithful,none,V16.0-operative
144.18014353515855,-0.5278627732180174,v15_faithful,none,V16.0-operative
144.423562741853,-0.5273590300602526,v15_faithful,none,V16.0-operative
144.66739291297523,-0.5268552869024878,v15_faithful,none,V16.0-operative
144.91163474235614,-0.526351543744723,v15_faithful,none,V16.0-operative
145.15628892499802,-0.5256262469958217,v15_faithful,none,V16.0-operative
145.40135615707646,-0.5243190884657178,v15_faithful,none,V16.0-operative
145.64683713594246,-0.5230119299356137,v15_faithful,none,V16.0-operative
145.89273256012436,-0.5217047714055099,v15_faithful,none,V16.0-operative
146.13904312932982,-0.5203976128754064,v15_faithful,none,V16.0-operative
146.3857695444478,-0.5192639082799229,v15_faithful,none,V16.0-operative
146.63291250755063,-0.5188664027310335,v15_faithful,none,V16.0-operative
146.8804727218958,-0.5184688971821441,v15_faithful,none,V16.0-operative
147.12845089192828,-0.5180713916332547,v15_faithful,none,V16.0-operative
147.37684772328228,-0.5176738860843653,v15_faithful,none,V16.0-operative
147.6256639227833,-0.517306513276635,v15_faithful,none,V16.0-operative
147.8749001984502,-0.5171943605806124,v15_faithful,none,V16.0-operative
148.12455725949727,-0.5170822078845899,v15_faithful,none,V16.0-operative
148.37463581633597,-0.5169700551885672,v15_faithful,none,V16.0-operative
148.62513658057736,-0.5168579024925444,v15_faithful,none,V16.0-operative
148.8760602650338,-0.5167456340779248,v15_faithful,none,V16.0-operative
149.12740758372107,-0.5166278406778984,v15_faithful,none,V16.0-operative
149.3791792518605,-0.5165100472778716,v15_faithful,none,V16.0-operative
149.63137598588088,-0.5163922538778449,v15_faithful,none,V16.0-operative
149.88399850342054,-0.5162744604778182,v15_faithful,none,V16.0-operative
150.13704752332941,-0.5161566670777915,v15_faithful,none,V16.0-operative
150.3905237656711,-0.5160335564565033,v15_faithful,none,V16.0-operative
150.6444279517248,-0.515910078813081,v15_faithful,none,V16.0-operative
150.89876080398753,-0.5157866011696588,v15_faithful,none,V16.0-operative
151.15352304617608,-0.5156631235262366,v15_faithful,none,V16.0-operative
151.40871540322902,-0.5155396458828143,v15_faithful,none,V16.0-operative
151.66433860130897,-0.5154112640148718,v15_faithful,none,V16.0-operative
151.92039336780437,-0.5152820190595186,v15_faithful,none,V16.0-operative
152.17688043133182,-0.5151527741041653,v15_faithful,none,V16.0-operative
152.433800521738,-0.5150235291488121,v15_faithful,none,V16.0-operative
152.69115437010183,-0.514894284193459,v15_faithful,none,V16.0-operative
152.94894270873644,-0.5147605362517638,v15_faithful,none,V16.0-operative
153.2071662711914,-0.5146254070792462,v15_faithful,none,V16.0-operative
153.46582579225466,-0.5144902779067286,v15_faithful,none,V16.0-operative
153.72492200795477,-0.5143551487342111,v15_faithful,none,V16.0-operative
153.9844556555629,-0.5142200195616935,v15_faithful,none,V16.0-operative
154.24442747359493,-0.5126425817704297,v15_faithful,none,V16.0-operative
154.50483820181358,-0.5103869777245997,v15_faithful,none,V16.0-operative
154.76568858123056,-0.5081313736787698,v15_faithful,none,V16.0-operative
155.02697935410856,-0.5058757696329399,v15_faithful,none,V16.0-operative
155.28871126396348,-0.50362016558711,v15_faithful,none,V16.0-operative
155.55088505556648,-0.5011080491727045,v15_faithful,none,V16.0-operative
155.81350147494612,-0.498421403360528,v15_faithful,none,V16.0-operative
156.07656126939045,-0.4957347575483516,v15_faithful,none,V16.0-operative
156.34006518744926,-0.4930481117361753,v15_faithful,none,V16.0-operative
156.60401397893597,-0.4903614659239988,v15_faithful,none,V16.0-operative
156.86840839493004,-0.4884434326112013,v15_faithful,none,V16.0-operative
157.1332491877789,-0.4872638246753152,v15_faithful,none,V16.0-operative
157.3985371111002,-0.4860842167394284,v15_faithful,none,V16.0-operative
157.6642729197839,-0.4849046088035416,v15_faithful,none,V16.0-operative
157.9304573699945,-0.4837250008676548,v15_faithful,none,V16.0-operative
158.19709121917307,-0.4825244411164505,v15_faithful,none,V16.0-operative
158.46417522603946,-0.4812955269172482,v15_faithful,none,V16.0-operative
158.7317101505945,-0.4800666127180468,v15_faithful,none,V16.0-operative
158.99969675412208,-0.4788376985188446,v15_faithful,none,V16.0-operative
159.2681357991915,-0.4776087843196425,v15_faithful,none,V16.0-operative
159.5370280496593,-0.4763624248081087,v15_faithful,none,V16.0-operative
159.80637427067182,-0.4750821780494449,v15_faithful,none,V16.0-operative
160.07617522866713,-0.473801931290781,v15_faithful,none,V16.0-operative
160.3464316913772,-0.4725216845321179,v15_faithful,none,V16.0-operative
160.61714442783028,-0.471241437773454,v15_faithful,none,V16.0-operative
160.8883142083529,-0.4699475729283413,v15_faithful,none,V16.0-operative
161.15994180457216,-0.4686138727767732,v15_faithful,none,V16.0-operative
161.4320279894179,-0.4672801726252051,v15_faithful,none,V16.0-operative
161.70457353712487,-0.4659464724736376,v15_faithful,none,V16.0-operative
161.97757922323498,-0.4646127723220695,v15_faithful,none,V16.0-operative
162.2510458245995,-0.459837937880336,v15_faithful,none,V16.0-operative
162.5249741193812,-0.4382243786812617,v15_faithful,none,V16.0-operative
162.7993648870567,-0.4166108194821873,v15_faithful,none,V16.0-operative
163.07421890841857,-0.3949972602831128,v15_faithful,none,V16.0-operative
163.34953696557756,-0.3733837010840384,v15_faithful,none,V16.0-operative
163.62531984196488,-0.3531244349074116,v15_faithful,none,V16.0-operative
163.90156832233447,-0.3475192375749993,v15_faithful,none,V16.0-operative
164.1782831927651,-0.341914040242587,v15_faithful,none,V16.0-operative
164.45546524066265,-0.3363088429101747,v15_faithful,none,V16.0-operative
164.73311525476245,-0.3307036455777625,v15_faithful,none,V16.0-operative
165.01123402513142,-0.3250984482453532,v15_faithful,none,V16.0-operative
165.28982234317033,-0.3172983975365582,v15_faithful,none,V16.0-operative
165.5688810016161,-0.3094972836630017,v15_faithful,none,V16.0-operative
165.84841079454404,-0.3016961697894452,v15_faithful,none,V16.0-operative
166.12841251737,-0.2938950559158887,v15_faithful,none,V16.0-operative
166.4088869668529,-0.2860939420423323,v15_faithful,none,V16.0-operative
166.68983494109665,-0.2848197520615058,v15_faithful,none,V16.0-operative
166.97125723955273,-0.2841563145747901,v15_faithful,none,V16.0-operative
167.2531546630224,-0.2834928770880741,v15_faithful,none,V16.0-operative
167.5355280136585,-0.2828294396013584,v15_faithful,none,V16.0-operative
167.8183780949686,-0.2821660021146427,v15_faithful,none,V16.0-operative
168.10170571181663,-0.2816341961290139,v15_faithful,none,V16.0-operative
168.38551167042547,-0.2811294752361635,v15_faithful,none,V16.0-operative
168.66979677837904,-0.2806247543433133,v15_faithful,none,V16.0-operative
168.95456184462475,-0.2801200334504629,v15_faithful,none,V16.0-operative
169.23980767947577,-0.2796153125576124,v15_faithful,none,V16.0-operative
169.5255350946133,-0.2790948603243759,v15_faithful,none,V16.0-operative
169.8117449030889,-0.2785690027159037,v15_faithful,none,V16.0-operative
170.0984379193268,-0.2780431451074315,v15_faithful,none,V16.0-operative
170.3856149591263,-0.2775172874989593,v15_faithful,none,V16.0-operative
170.67327683966383,-0.2769914298904874,v15_faithful,none,V16.0-operative
170.9614243794956,-0.2764510566309048,v15_faithful,none,V16.0-operative
171.25005839855984,-0.2759031783466995,v15_faithful,none,V16.0-operative
171.53917971817893,-0.2753553000624942,v15_faithful,none,V16.0-operative
171.828789161062,-0.2748074217782889,v15_faithful,none,V16.0-operative
172.11888755130707,-0.2742595434940836,v15_faithful,none,V16.0-operative
172.40947571440356,-0.2731520583592556,v15_faithful,none,V16.0-operative
172.70055447723453,-0.2716294243238765,v15_faithful,none,V16.0-operative
172.99212466807907,-0.2701067902884974,v15_faithful,none,V16.0-operative
173.28418711661465,-0.2685841562531182,v15_faithful,none,V16.0-operative
173.5767426539195,-0.2670615222177391,v15_faithful,none,V16.0-operative
173.86979211247493,-0.2655508911413323,v15_faithful,none,V16.0-operative
174.16333632616775,-0.2640528022158248,v15_faithful,none,V16.0-operative
174.45737613029263,-0.2625547132903174,v15_faithful,none,V16.0-operative
174.75191236155442,-0.26105662436481,v15_faithful,none,V16.0-operative
175.04694585807064,-0.2595585354393026,v15_faithful,none,V16.0-operative
175.34247745937375,-0.2580064959714191,v15_faithful,none,V16.0-operative
175.63850800641362,-0.2563748439656932,v15_faithful,none,V16.0-operative
175.93503834155987,-0.2547431919599666,v15_faithful,none,V16.0-operative
176.23206930860437,-0.2531115399542398,v15_faithful,none,V16.0-operative
176.52960175276343,-0.2514798879485131,v15_faithful,none,V16.0-operative
176.82763652068044,-0.2485540013557226,v15_faithful,none,V16.0-operative
177.1261744604282,-0.2428632763557283,v15_faithful,none,V16.0-operative
177.42521642151118,-0.237172551355734,v15_faithful,none,V16.0-operative
177.72476325486818,-0.2314818263557428,v15_faithful,none,V16.0-operative
178.0248158128746,-0.2257911013557486,v15_faithful,none,V16.0-operative
178.32537494934493,-0.2214071488560108,v15_faithful,none,V16.0-operative
178.62644151953512,-0.2213064989575182,v15_faithful,none,V16.0-operative
178.92801638014507,-0.2212058490590255,v15_faithful,none,V16.0-operative
179.23010038932102,-0.2211051991605329,v15_faithful,none,V16.0-operative
179.53269440665807,-0.2210045492620402,v15_faithful,none,V16.0-operative
179.83579929320248,-0.2204611181829994,v15_faithful,none,V16.0-operative
180.13941591145436,-0.2173824523470884,v15_faithful,none,V16.0-operative
180.44354512536984,-0.2143037865111774,v15_faithful,none,V16.0-operative
180.7481878003637,-0.2112251206752664,v15_faithful,none,V16.0-operative
181.05334480331186,-0.208146454839357,v15_faithful,none,V16.0-operative
181.3590170025537,-0.2052224115534848,v15_faithful,none,V16.0-operative
181.66520526789472,-0.2045749169448152,v15_faithful,none,V16.0-operative
181.97191047060878,-0.2039274223361457,v15_faithful,none,V16.0-operative
182.27913348344083,-0.2032799277274762,v15_faithful,none,V16.0-operative
182.5868751806092,-0.2026324331188067,v15_faithful,none,V16.0-operative
182.89513643780822,-0.20198493851013782,v15_faithful,none,V16.0-operative
183.2039181322106,-0.2016343827131768,v15_faithful,none,V16.0-operative
183.51322114247,-0.2012903461762794,v15_faithful,none,V16.0-operative
183.82304634872352,-0.2009463096393821,v15_faithful,none,V16.0-operative
184.1333946325942,-0.2006022731024847,v15_faithful,none,V16.0-operative
184.44426687719348,-0.2002582365655874,v15_faithful,none,V16.0-operative
184.7556639671238,-0.1810234569105522,v15_faithful,none,V16.0-operative
185.06758678848107,-0.159535437228378,v15_faithful,none,V16.0-operative
185.3800362288572,-0.1380474175462038,v15_faithful,none,V16.0-operative
185.69301317734255,-0.1165593978640296,v15_faithful,none,V16.0-operative
186.00651852452864,-0.0950713781818555,v15_faithful,none,V16.0-operative
186.32055316251052,-0.0735955262612089,v15_faithful,none,V16.0-operative
186.63511798488932,-0.0521225591647827,v15_faithful,none,V16.0-operative
186.95021388677492,-0.0306495920683453,v15_faithful,none,V16.0-operative
187.26584176478838,-0.0091766249719078,v15_faithful,none,V16.0-operative
187.58200251706447,0.0122963421245295,v15_faithful,none,V16.0-operative
187.89869704325437,0.0237136551275574,v15_faithful,none,V16.0-operative
188.2159262445281,0.0312835212887963,v15_faithful,none,V16.0-operative
188.53369102357712,0.0388533874500313,v15_faithful,none,V16.0-operative
188.85199228461687,0.0464232536112702,v15_faithful,none,V16.0-operative
189.17083093338945,0.0539931197725091,v15_faithful,none,V16.0-operative
189.49020787716609,0.0597000932217577,v15_faithful,none,V16.0-operative
189.81012402474974,0.0643509055324354,v15_faithful,none,V16.0-operative
190.1305802864777,0.069001717843113,v15_faithful,none,V16.0-operative
190.45157757422422,0.07365253015378585,v15_faithful,none,V16.0-operative
190.77311680140303,0.0783033424644659,v15_faithful,none,V16.0-operative
191.09519888296998,0.0848840023620113,v15_faithful,none,V16.0-operative
191.41782473542563,0.0930239592927686,v15_faithful,none,V16.0-operative
191.7409952768179,0.101163916223526,v15_faithful,none,V16.0-operative
192.06471142674465,0.1093038731542834,v15_faithful,none,V16.0-operative
192.38897410635624,0.1174438300850365,v15_faithful,none,V16.0-operative
192.7137842383583,0.1218203274983644,v15_faithful,none,V16.0-operative
193.03914274701415,0.121919000316061,v15_faithful,none,V16.0-operative
193.36505055814763,0.1220176731337576,v15_faithful,none,V16.0-operative
193.6915085991456,0.1221163459514542,v15_faithful,none,V16.0-operative
194.0185177989607,0.1222150187691508,v15_faithful,none,V16.0-operative
194.34607908811378,0.1225918094850451,v15_faithful,none,V16.0-operative
194.67419339869684,0.1234167639001851,v15_faithful,none,V16.0-operative
195.00286166437544,0.1242417183153251,v15_faithful,none,V16.0-operative
195.3320848203915,0.1250666727304651,v15_faithful,none,V16.0-operative
195.6618638035658,0.1258916271456051,v15_faithful,none,V16.0-operative
195.9921995523009,0.1417970103748549,v15_faithful,none,V16.0-operative
196.32309300658358,0.193252794033399,v15_faithful,none,V16.0-operative
196.65454510798762,0.2447085776920244,v15_faithful,none,V16.0-operative
196.9865567996764,0.2961643613506228,v15_faithful,none,V16.0-operative
197.3191290264058,0.3476201450092211,v15_faithful,none,V16.0-operative
197.65226273452652,0.389756700146761,v15_faithful,none,V16.0-operative
197.98595887198715,0.3974124192920489,v15_faithful,none,V16.0-operative
198.3202183883366,0.4050681384373328,v15_faithful,none,V16.0-operative
198.65504223472698,0.4127238575826208,v15_faithful,none,V16.0-operative
198.99043136391617,0.4203795767279087,v15_faithful,none,V16.0-operative
199.32638673027063,0.4286098761550881,v15_faithful,none,V16.0-operative
199.662909289768,0.4407656059572638,v15_faithful,none,V16.0-operative
200.00000000000003,0.4529213357594395,v15_faithful,none,V16.0-operative
200.33765982017505,0.4650770655616087,v15_faithful,none,V16.0-operative
200.67588971112085,0.4772327953637845,v15_faithful,none,V16.0-operative
201.01469063528745,0.4890445405595615,v15_faithful,none,V16.0-operative
201.35406355674968,0.4931256940961288,v15_faithful,none,V16.0-operative
201.69400944121008,0.497206847632696,v15_faithful,none,V16.0-operative
202.03452925600158,0.5012880011692633,v15_faithful,none,V16.0-operative
202.3756239700902,0.5053691547058285,v15_faithful,none,V16.0-operative
202.71729455407794,0.5094503082423958,v15_faithful,none,V16.0-operative
203.0595419802054,0.512591827957089,v15_faithful,none,V16.0-operative
203.40236722235468,0.5156916588196838,v15_faithful,none,V16.0-operative
203.74577125605205,0.5187914896822785,v15_faithful,none,V16.0-operative
204.08975505847076,0.5218913205448733,v15_faithful,none,V16.0-operative
204.43431960843378,0.5249911514074664,v15_faithful,none,V16.0-operative
204.7794658864167,0.5323093349127441,v15_faithful,none,V16.0-operative
205.12519487455043,0.5402443172439648,v15_faithful,none,V16.0-operative
205.47150755662395,0.5481792995751853,v15_faithful,none,V16.0-operative
205.81840491808725,0.556114281906406,v15_faithful,none,V16.0-operative
206.165887946054,0.5640492642376265,v15_faithful,none,V16.0-operative
206.51395762930443,0.5828589304014122,v15_faithful,none,V16.0-operative
206.86261495828813,0.6046056451831552,v15_faithful,none,V16.0-operative
207.21186092512687,0.626352359964898,v15_faithful,none,V16.0-operative
207.56169652361743,0.6480990747466409,v15_faithful,none,V16.0-operative
207.91212274923436,0.6698457895283836,v15_faithful,none,V16.0-operative
208.2631405991329,0.6766630977545776,v15_faithful,none,V16.0-operative
208.61475107215185,0.6771509652094374,v15_faithful,none,V16.0-operative
208.96695516881624,0.6776388326642973,v15_faithful,none,V16.0-operative
209.31975389134035,0.6781267001191571,v15_faithful,none,V16.0-operative
209.6731482436305,0.678614567574017,v15_faithful,none,V16.0-operative
210.02713923128786,0.6806854635610136,v15_faithful,none,V16.0-operative
210.3817278616114,0.6837382497799909,v15_faithful,none,V16.0-operative
210.7369151436007,0.6867910359989662,v15_faithful,none,V16.0-operative
211.09270208795883,0.6898438222179433,v15_faithful,none,V16.0-operative
211.44908970709523,0.6928966084369206,v15_faithful,none,V16.0-operative
211.80607901512857,0.7031575263269867,v15_faithful,none,V16.0-operative
212.16367102788968,0.7197568499788387,v15_faithful,none,V16.0-operative
212.52186676292442,0.7363561736306995,v15_faithful,none,V16.0-operative
212.88066723949655,0.7529554972825341,v15_faithful,none,V16.0-operative
213.2400734785907,0.7695548209343861,v15_faithful,none,V16.0-operative
213.60008650291513,0.7822744701299347,v15_faithful,none,V16.0-operative
213.96070733690482,0.7901947850588633,v15_faithful,none,V16.0-operative
214.3219370067243,0.7981150999877917,v15_faithful,none,V16.0-operative
214.68377654027057,0.8060354149167162,v15_faithful,none,V16.0-operative
215.04622696717598,0.8139557298456404,v15_faithful,none,V16.0-operative
215.40928931881123,0.8207799426071096,v15_faithful,none,V16.0-operative
215.77296462828832,0.8256718063555644,v15_faithful,none,V16.0-operative
216.13725393046343,0.8305636701040193,v15_faithful,none,V16.0-operative
216.50215826193983,0.8354555338524741,v15_faithful,none,V16.0-operative
216.86767866107098,0.8403473976009354,v15_faithful,none,V16.0-operative
217.2338161679633,0.8522661945909196,v15_faithful,none,V16.0-operative
217.60057182447935,0.8825396425470058,v15_faithful,none,V16.0-operative
217.96794667424052,0.9128130905030922,v15_faithful,none,V16.0-operative
218.33594176263023,0.9430865384591788,v15_faithful,none,V16.0-operative
218.70455813679678,0.9733599864152648,v15_faithful,none,V16.0-operative
219.07379684565643,0.9999421383560748,v15_faithful,none,V16.0-operative
219.44365893989624,1.0109668659334488,v15_faithful,none,V16.0-operative
219.81414547197718,1.0219915935108284,v15_faithful,none,V16.0-operative
220.18525749613715,1.0330163210882082,v15_faithful,none,V16.0-operative
220.55699606839383,1.044041048665588,v15_faithful,none,V16.0-operative
220.9293622465478,1.0564894749170677,v15_faithful,none,V16.0-operative
221.30235709018555,1.0808590678544083,v15_faithful,none,V16.0-operative
221.67598166068245,1.105228660791762,v15_faithful,none,V16.0-operative
222.0502370212058,1.1295982537291156,v15_faithful,none,V16.0-operative
222.42512423671778,1.1539678466664691,v15_faithful,none,V16.0-operative
222.80064437397866,1.178789663912821,v15_faithful,none,V16.0-operative
223.17679850154963,1.2240937531138192,v15_faithful,none,V16.0-operative
223.553587689796,1.2693978423148176,v15_faithful,none,V16.0-operative
223.93101301089007,1.314701931515792,v15_faithful,none,V16.0-operative
224.3090755388144,1.3600060207167903,v15_faithful,none,V16.0-operative
224.6877763493647,1.4053101099177885,v15_faithful,none,V16.0-operative
225.06711652015295,1.429511760164737,v15_faithful,none,V16.0-operative
225.44709713061044,1.452282993529984,v15_faithful,none,V16.0-operative
225.82771926199095,1.4750542268952191,v15_faithful,none,V16.0-operative
226.20898399737365,1.4978254602604664,v15_faithful,none,V16.0-operative
226.59089242166627,1.5205966936257136,v15_faithful,none,V16.0-operative
226.97344562160825,1.5476489504750053,v15_faithful,none,V16.0-operative
227.35664468577374,1.5754481914714986,v15_faithful,none,V16.0-operative
227.7404907045747,1.603247432467992,v15_faithful,none,V16.0-operative
228.1249847702641,1.6310466734644853,v15_faithful,none,V16.0-operative
228.51012797693886,1.658845914460964,v15_faithful,none,V16.0-operative
228.89592142054317,1.7035304477116764,v15_faithful,none,V16.0-operative
229.28236619887144,1.753363023241464,v15_faithful,none,V16.0-operative
229.6694634115715,1.803195598771252,v15_faithful,none,V16.0-operative
230.05721416014774,1.8530281743010395,v15_faithful,none,V16.0-operative
230.44561954796413,1.9028607498308008,v15_faithful,none,V16.0-operative
230.83468068024757,1.9187036920284488,v15_faithful,none,V16.0-operative
231.2243986640908,1.918644608042129,v15_faithful,none,V16.0-operative
231.61477460845578,1.9185855240558007,v15_faithful,none,V16.0-operative
232.0058096241766,1.9185264400694724,v15_faithful,none,V16.0-operative
232.3975048239629,1.918467356083144,v15_faithful,none,V16.0-operative
232.7898613224028,1.9183823267506632,v15_faithful,none,V16.0-operative
233.18288023596625,1.9182797238558296,v15_faithful,none,V16.0-operative
233.5765626830081,1.9181771209609964,v15_faithful,none,V16.0-operative
233.9709097837713,1.918074518066163,v15_faithful,none,V16.0-operative
234.36592266039017,1.9179719151713293,v15_faithful,none,V16.0-operative
234.76160243689347,1.917831220254882,v15_faithful,none,V16.0-operative
235.15795023920765,1.9176540882117916,v15_faithful,none,V16.0-operative
235.55496719516015,1.917476956168701,v15_faithful,none,V16.0-operative
235.95265443448238,1.9172998241256105,v15_faithful,none,V16.0-operative
236.3510130888132,1.91712269208252,v15_faithful,none,V16.0-operative
236.75004429170195,1.9168893591849008,v15_faithful,none,V16.0-operative
237.14974917861178,1.9165803061610407,v15_faithful,none,V16.0-operative
237.55012888692278,1.9162712531371815,v15_faithful,none,V16.0-operative
237.95118455593533,1.9159622001133212,v15_faithful,none,V16.0-operative
238.35291732687327,1.9156531470894615,v15_faithful,none,V16.0-operative
238.75532834288717,1.9152679889071824,v15_faithful,none,V16.0-operative
239.1584187490576,1.914735711588006,v15_faithful,none,V16.0-operative
239.56218969239833,1.9142034342688297,v15_faithful,none,V16.0-operative
239.9666423218597,1.9136711569496536,v15_faithful,none,V16.0-operative
240.37177778833168,1.9131388796304776,v15_faithful,none,V16.0-operative
240.77759724464747,1.912514356056563,v15_faithful,none,V16.0-operative
241.18410184558647,1.911621534160387,v15_faithful,none,V16.0-operative
241.59129274787773,1.9107287122642116,v15_faithful,none,V16.0-operative
241.99917111020324,1.9098358903680357,v15_faithful,none,V16.0-operative
242.4077380932011,1.90894306847186,v15_faithful,none,V16.0-operative
242.81699485946902,1.9079544995917237,v15_faithful,none,V16.0-operative
243.22694257356744,1.906500997413749,v15_faithful,none,V16.0-operative
243.63758240202299,1.9050474952357743,v15_faithful,none,V16.0-operative
244.0489155133317,1.9035939930578,v15_faithful,none,V16.0-operative
244.46094307796238,1.9021404908798256,v15_faithful,none,V16.0-operative
244.87366626835998,1.9006138499667318,v15_faithful,none,V16.0-operative
245.28708625894885,1.898306781387063,v15_faithful,none,V16.0-operative
245.7012042261361,1.895999712807396,v15_faithful,none,V16.0-operative
246.116021348315,1.893692644227728,v15_faithful,none,V16.0-operative
246.5315388058683,1.8913855756480609,v15_faithful,none,V16.0-operative
246.94775778117162,1.889079770751666,v15_faithful,none,V16.0-operative
247.36467945859667,1.888869072966324,v15_faithful,none,V16.0-operative
247.78230502451487,1.8886583751809816,v15_faithful,none,V16.0-operative
248.2006356673005,1.8884476773956396,v15_faithful,none,V16.0-operative
248.61967257733448,1.888236979610297,v15_faithful,none,V16.0-operative
249.03941694700666,1.888026281824955,v15_faithful,none,V16.0-operative
249.45986997072075,1.8880763287736888,v15_faithful,none,V16.0-operative
249.88103284489674,1.888150436197712,v15_faithful,none,V16.0-operative
250.3029067679745,1.8882245436217355,v15_faithful,none,V16.0-operative
250.7254929404173,1.8882986510457591,v15_faithful,none,V16.0-operative
251.14879256471505,1.8883727584697825,v15_faithful,none,V16.0-operative
251.57280684538793,1.9005489849641548,v15_faithful,none,V16.0-operative
251.99753698898962,1.915196298446956,v15_faithful,none,V16.0-operative
252.42298420411086,1.9298436119297573,v15_faithful,none,V16.0-operative
252.84914970138286,1.9444909254125433,v15_faithful,none,V16.0-operative
253.27603469348074,1.9591382388953524,v15_faithful,none,V16.0-operative
253.70364039512694,1.9741304284757444,v15_faithful,none,V16.0-operative
254.13196802309477,1.9892404436385287,v15_faithful,none,V16.0-operative
254.56101879621175,2.004350458801313,v15_faithful,none,V16.0-operative
254.99079393536326,2.0194604739640973,v15_faithful,none,V16.0-operative
255.42129466349576,2.0345704891268737,v15_faithful,none,V16.0-operative
255.85252220562046,2.0412472751237,v15_faithful,none,V16.0-operative
256.28447778881684,2.0435848909642496,v15_faithful,none,V16.0-operative
256.71716264223596,2.045922506804799,v15_faithful,none,V16.0-operative
257.15057799710405,2.048260122645349,v15_faithful,none,V16.0-operative
257.58472508672605,2.050597738485899,v15_faithful,none,V16.0-operative
258.01960514648914,2.052028536799817,v15_faithful,none,V16.0-operative
258.4552194138661,2.052789590073715,v15_faithful,none,V16.0-operative
258.89156912841895,2.0535506433476134,v15_faithful,none,V16.0-operative
259.3286555318026,2.0543116966215123,v15_faithful,none,V16.0-operative
259.7664798677681,2.055072749895411,v15_faithful,none,V16.0-operative
260.2050433821663,2.0566447664569463,v15_faithful,none,V16.0-operative
260.6443473229516,2.059060498158686,v15_faithful,none,V16.0-operative
261.0843929401851,2.061476229860426,v15_faithful,none,V16.0-operative
261.52518148603855,2.063891961562166,v15_faithful,none,V16.0-operative
261.9667142147976,2.066307693263906,v15_faithful,none,V16.0-operative
262.4089923828657,2.0682267282432747,v15_faithful,none,V16.0-operative
262.8520172487672,2.0694161088489067,v15_faithful,none,V16.0-operative
263.29579007315147,2.070605489454538,v15_faithful,none,V16.0-operative
263.74031211879617,2.0717948700601694,v15_faithful,none,V16.0-operative
264.18558465061085,2.0729842506658014,v15_faithful,none,V16.0-operative
264.6316089356406,2.074190366618017,v15_faithful,none,V16.0-operative
265.07838624306976,2.075432055521635,v15_faithful,none,V16.0-operative
265.5259178442254,2.076673744425253,v15_faithful,none,V16.0-operative
265.9742050125808,2.0779154333288705,v15_faithful,none,V16.0-operative
266.4232490237595,2.0791571222324885,v15_faithful,none,V16.0-operative
266.8730511555385,2.080956663519673,v15_faithful,none,V16.0-operative
267.32361268785223,2.084573673255319,v15_faithful,none,V16.0-operative
267.7749349027958,2.088190682990964,v15_faithful,none,V16.0-operative
268.2270190846291,2.0918076927266096,v15_faithful,none,V16.0-operative
268.67986651978003,2.0954247024622528,v15_faithful,none,V16.0-operative
269.1334784968486,2.0987928515335468,v15_faithful,none,V16.0-operative
269.58785630661026,2.1007482449326487,v15_faithful,none,V16.0-operative
270.04300124201956,2.1027036383317506,v15_faithful,none,V16.0-operative
270.498914598214,2.1046590317308524,v15_faithful,none,V16.0-operative
270.9555976725179,2.1066144251299543,v15_faithful,none,V16.0-operative
271.41305176444547,2.10854649671809,v15_faithful,none,V16.0-operative
271.87127817570513,2.110141356784072,v15_faithful,none,V16.0-operative
272.33027821020295,2.111736216850055,v15_faithful,none,V16.0-operative
272.7900531740463,2.1133310769160376,v15_faithful,none,V16.0-operative
273.2506043755477,2.1149259369820204,v15_faithful,none,V16.0-operative
273.7119331252285,2.116520797048003,v15_faithful,none,V16.0-operative
274.1740407358226,2.1220201409530333,v15_faithful,none,V16.0-operative
274.6369285222802,2.127600779923171,v15_faithful,none,V16.0-operative
275.1005978017714,2.1331814188933085,v15_faithful,none,V16.0-operative
275.56504989369034,2.1387620578634463,v15_faithful,none,V16.0-operative
276.03028611965846,2.144342696833584,v15_faithful,none,V16.0-operative
276.49630780352857,2.14825814304196,v15_faithful,none,V16.0-operative
276.96311627138857,2.151977234031202,v15_faithful,none,V16.0-operative
277.4307128515651,2.155696325020445,v15_faithful,none,V16.0-operative
277.8990988746275,2.159415416009689,v15_faithful,none,V16.0-operative
278.36827567339157,2.1631345069989334,v15_faithful,none,V16.0-operative
278.8382445829231,2.201740706753042,v15_faithful,none,V16.0-operative
279.309006940542,2.248560248869069,v15_faithful,none,V16.0-operative
279.78056408582603,2.295379790985072,v15_faithful,none,V16.0-operative
280.25291736061445,2.342199333101099,v15_faithful,none,V16.0-operative
280.726068109012,2.3890188752171264,v15_faithful,none,V16.0-operative
281.2000176773926,2.4735485726150306,v15_faithful,none,V16.0-operative
281.67476741440345,2.572428513197217,v15_faithful,none,V16.0-operative
282.1503186709684,2.671308453779405,v15_faithful,none,V16.0-operative
282.62667280029217,2.77018839436154,v15_faithful,none,V16.0-operative
283.10383115786425,2.869068334943728,v15_faithful,none,V16.0-operative
283.5817951014623,2.8674173790043467,v15_faithful,none,V16.0-operative
284.0605659911567,2.809038591040964,v15_faithful,none,V16.0-operative
284.5401451893136,2.750659803077581,v15_faithful,none,V16.0-operative
285.0205340605996,2.6922810151142293,v15_faithful,none,V16.0-operative
285.50173397198506,2.6339022271508163,v15_faithful,none,V16.0-operative
285.9837462927482,2.6002122815054123,v15_faithful,none,V16.0-operative
286.46657239447916,2.586383118172437,v15_faithful,none,V16.0-operative
286.9502136510838,2.572553954839454,v15_faithful,none,V16.0-operative
287.43467143878684,2.5587247915064784,v15_faithful,none,V16.0-operative
287.91994713613724,2.544895628173503,v15_faithful,none,V16.0-operative
288.4060421240112,2.538569216356015,v15_faithful,none,V16.0-operative
288.8929577856161,2.5407338382338,v15_faithful,none,V16.0-operative
289.3806955064947,2.5428984601115863,v15_faithful,none,V16.0-operative
289.8692566745289,2.5450630819893725,v15_faithful,none,V16.0-operative
290.35864267994384,2.5472277038671587,v15_faithful,none,V16.0-operative
290.84885491531173,2.5488403909996595,v15_faithful,none,V16.0-operative
291.33989477555576,2.549567761129969,v15_faithful,none,V16.0-operative
291.83176365795435,2.5502951312602784,v15_faithful,none,V16.0-operative
292.3244629621449,2.551022501390588,v15_faithful,none,V16.0-operative
292.8179940901277,2.5517498715208973,v15_faithful,none,V16.0-operative
293.3123584462701,2.552517906262385,v15_faithful,none,V16.0-operative
293.80755743731044,2.5533813067945705,v15_faithful,none,V16.0-operative
294.3035924723622,2.554244707326756,v15_faithful,none,V16.0-operative
294.80046496291754,2.555108107858941,v15_faithful,none,V16.0-operative
295.298176322852,2.5559715083911265,v15_faithful,none,V16.0-operative
295.79672796842794,2.55693274505241,v15_faithful,none,V16.0-operative
296.2961213182988,2.558253634995883,v15_faithful,none,V16.0-operative
296.79635779351327,2.5595745249393564,v15_faithful,none,V16.0-operative
297.29743881751904,2.560895414882829,v15_faithful,none,V16.0-operative
297.79936581616715,2.562216304826302,v15_faithful,none,V16.0-operative
298.30214021771576,2.5635285954275027,v15_faithful,none,V16.0-operative
298.8057634528344,2.5647827053360968,v15_faithful,none,V16.0-operative
299.3102369546081,2.566036815244691,v15_faithful,none,V16.0-operative
299.8155621585413,2.5672909251532845,v15_faithful,none,V16.0-operative
300.3217405025619,2.568545035061878,v15_faithful,none,V16.0-operative
300.8287734270256,2.569798472693692,v15_faithful,none,V16.0-operative
301.3366623747198,2.5710371944332526,v15_faithful,none,V16.0-operative
301.84540879086774,2.572275916172814,v15_faithful,none,V16.0-operative
302.35501412313266,2.5735146379123752,v15_faithful,none,V16.0-operative
302.8654798216218,2.5747533596519365,v15_faithful,none,V16.0-operative
303.3768073388907,2.575992081391497,v15_faithful,none,V16.0-operative
303.88899812994737,2.577185891506336,v15_faithful,none,V16.0-operative
304.402053652256,2.5783777622056387,v15_faithful,none,V16.0-operative
304.9159753657416,2.5795696329049416,v15_faithful,none,V16.0-operative
305.43076473279405,2.5807615036042444,v15_faithful,none,V16.0-operative
305.946423218272,2.581953374303547,v15_faithful,none,V16.0-operative
306.4629522895073,2.5831076433701745,v15_faithful,none,V16.0-operative
306.98035341630924,2.584256468033915,v15_faithful,none,V16.0-operative
307.4986280709683,2.585405292697656,v15_faithful,none,V16.0-operative
308.01777772826085,2.5865541173613966,v15_faithful,none,V16.0-operative
308.537803865453,2.587702942025137,v15_faithful,none,V16.0-operative
309.058707962305,2.588815889531196,v15_faithful,none,V16.0-operative
309.58049150107536,2.589919210107421,v15_faithful,none,V16.0-operative
310.1031559665251,2.591022530683646,v15_faithful,none,V16.0-operative
310.6267028459219,2.5921258512598717,v15_faithful,none,V16.0-operative
311.15113362904447,2.5932291718360965,v15_faithful,none,V16.0-operative
311.67644980818665,2.595381870526328,v15_faithful,none,V16.0-operative
312.20265287816176,2.5979771522062225,v15_faithful,none,V16.0-operative
312.72974433630674,2.600572433886116,v15_faithful,none,V16.0-operative
313.25772568248664,2.6031677155660105,v15_faithful,none,V16.0-operative
313.78659841909854,2.6057629972459053,v15_faithful,none,V16.0-operative
314.31636405107616,2.606897655174066,v15_faithful,none,V16.0-operative
314.8470240858939,2.6071305063134247,v15_faithful,none,V16.0-operative
315.3785800335713,2.607363357452784,v15_faithful,none,V16.0-operative
315.91103340667723,2.6075962085921423,v15_faithful,none,V16.0-operative
316.44438572033425,2.607829059731501,v15_faithful,none,V16.0-operative
316.97863849222284,2.608058330170658,v15_faithful,none,V16.0-operative
317.5137932425859,2.608284465671676,v15_faithful,none,V16.0-operative
318.04985149423277,2.6085106011726946,v15_faithful,none,V16.0-operative
318.58681477254396,2.6087367366737126,v15_faithful,none,V16.0-operative
319.12468460547507,2.6089628721747307,v15_faithful,none,V16.0-operative
319.6634625235616,2.60918616744396,v15_faithful,none,V16.0-operative
320.2031500599227,2.6094059646289023,v15_faithful,none,V16.0-operative
320.7437487502662,2.609625761813845,v15_faithful,none,V16.0-operative
321.2852601328926,2.609845558998788,v15_faithful,none,V16.0-operative
321.82768574869937,2.6100653561837306,v15_faithful,none,V16.0-operative
322.3710271411856,2.610282980668825,v15_faithful,none,V16.0-operative
322.91528585645625,2.6104967928149674,v15_faithful,none,V16.0-operative
323.4604634432265,2.61071060496111,v15_faithful,none,V16.0-operative
324.00656145282636,2.6109244171072525,v15_faithful,none,V16.0-operative
324.5535814392048,2.611138229253396,v15_faithful,none,V16.0-operative
325.10152495893436,2.611350467833384,v15_faithful,none,V16.0-operative
325.65039357121566,2.6115586184190285,v15_faithful,none,V16.0-operative
326.20018883788157,2.611766769004673,v15_faithful,none,V16.0-operative
326.75091232340185,2.611974919590318,v15_faithful,none,V16.0-operative
327.30256559488754,2.612183070175963,v15_faithful,none,V16.0-operative
327.8551502220955,2.6124057463294044,v15_faithful,none,V16.0-operative
328.4086677774327,2.6126892153797274,v15_faithful,none,V16.0-operative
328.9631198359609,2.61297268443005,v15_faithful,none,V16.0-operative
329.51850797540106,2.613256153480373,v15_faithful,none,V16.0-operative
330.0748337761376,2.613539622530696,v15_faithful,none,V16.0-operative
330.63209882122334,2.6138336505717263,v15_faithful,none,V16.0-operative
331.1903046963837,2.6142150948189995,v15_faithful,none,V16.0-operative
331.7494529900211,2.6145965390662727,v15_faithful,none,V16.0-operative
332.30954529321997,2.614977983313546,v15_faithful,none,V16.0-operative
332.8705831997507,2.615359427560819,v15_faithful,none,V16.0-operative
333.4325683060746,2.615740695884329,v15_faithful,none,V16.0-operative
333.99550221134825,2.6161143863683267,v15_faithful,none,V16.0-operative
334.559386517428,2.616488076852324,v15_faithful,none,V16.0-operative
335.1242228288747,2.6168617673363213,v15_faithful,none,V16.0-operative
335.6900127529581,2.6172354578203185,v15_faithful,none,V16.0-operative
336.25675789966164,2.617609148304316,v15_faithful,none,V16.0-operative
336.82445988168683,2.6179864843319987,v15_faithful,none,V16.0-operative
337.3931203144578,2.618364062958105,v15_faithful,none,V16.0-operative
337.96274081612614,2.6187416415842124,v15_faithful,none,V16.0-operative
338.5333230075753,2.6191192202103197,v15_faithful,none,V16.0-operative
339.10486851242524,2.619496798836426,v15_faithful,none,V16.0-operative
339.6773789570371,2.6199143074179445,v15_faithful,none,V16.0-operative
340.2508559705179,2.620338723475667,v15_faithful,none,V16.0-operative
340.8253011847249,2.6207631395333904,v15_faithful,none,V16.0-operative
341.40071623427053,2.621187555591113,v15_faithful,none,V16.0-operative
341.97710275652696,2.621611971648836,v15_faithful,none,V16.0-operative
342.55446239163064,2.622027845193473,v15_faithful,none,V16.0-operative
343.13279678248716,2.622441130057075,v15_faithful,none,V16.0-operative
343.7121075747758,2.622854414920677,v15_faithful,none,V16.0-operative
344.2923964169542,2.623267699784279,v15_faithful,none,V16.0-operative
344.87366496026306,2.623680984647881,v15_faithful,none,V16.0-operative
345.455914858731,2.624086937542972,v15_faithful,none,V16.0-operative
346.0391477691789,2.624489477325288,v15_faithful,none,V16.0-operative
346.6233653512252,2.624892017107604,v15_faithful,none,V16.0-operative
347.20856926729,2.62529455688992,v15_faithful,none,V16.0-operative
347.79476118260004,2.625697096672236,v15_faithful,none,V16.0-operative
348.3819427651937,2.6260934418437616,v15_faithful,none,V16.0-operative
348.9701156859253,2.626485610128374,v15_faithful,none,V16.0-operative
349.5592816184701,2.626877778412986,v15_faithful,none,V16.0-operative
350.1494422393291,2.627269946697598,v15_faithful,none,V16.0-operative
350.7405992278337,2.6276621149822104,v15_faithful,none,V16.0-operative
351.3327542661504,2.628219706883697,v15_faithful,none,V16.0-operative
351.9259090392859,2.6289348487676265,v15_faithful,none,V16.0-operative
352.5200652350916,2.629649990651556,v15_faithful,none,V16.0-operative
353.1152245442684,2.630365132535484,v15_faithful,none,V16.0-operative
353.71138866037177,2.6310802744194137,v15_faithful,none,V16.0-operative
354.3085592798164,2.6317914984181785,v15_faithful,none,V16.0-operative
354.9067381018808,2.632497467204791,v15_faithful,none,V16.0-operative
355.50592682871275,2.6332034359914034,v15_faithful,none,V16.0-operative
356.1061271653334,2.633909404778016,v15_faithful,none,V16.0-operative
356.70734081964275,2.6346153735646283,v15_faithful,none,V16.0-operative
357.3095695024241,2.635315371641987,v15_faithful,none,V16.0-operative
357.9128149273491,2.63600388337679,v15_faithful,none,V16.0-operative
358.5170788109826,2.6366923951115933,v15_faithful,none,V16.0-operative
359.12236287278756,2.637380906846396,v15_faithful,none,V16.0-operative
359.7286688351298,2.6380694185811997,v15_faithful,none,V16.0-operative
360.3359984232831,2.6399975367303647,v15_faithful,none,V16.0-operative
360.9443533654341,2.645510555160578,v15_faithful,none,V16.0-operative
361.55373539268686,2.6510235735907925,v15_faithful,none,V16.0-operative
362.1641462390684,2.6565365920210064,v15_faithful,none,V16.0-operative
362.775587641533,2.6620496104512203,v15_faithful,none,V16.0-operative
363.38806133996763,2.666886936669068,v15_faithful,none,V16.0-operative
364.0015690771966,2.6684682262549986,v15_faithful,none,V16.0-operative
364.6161125989868,2.670049515840931,v15_faithful,none,V16.0-operative
365.2316936540522,2.671630805426864,v15_faithful,none,V16.0-operative
365.8483139940594,2.673212095012796,v15_faithful,none,V16.0-operative
366.46597537363226,2.6746926112043767,v15_faithful,none,V16.0-operative
367.08467955035684,2.675112555777937,v15_faithful,none,V16.0-operative
367.70442828478673,2.675532500351497,v15_faithful,none,V16.0-operative
368.32522334044774,2.6759524449250573,v15_faithful,none,V16.0-operative
368.947066483843,2.6763723894986176,v15_faithful,none,V16.0-operative
369.5699594844582,2.67699136029805,v15_faithful,none,V16.0-operative
370.1939041147662,2.795195953917088,v15_faithful,none,V16.0-operative
370.81890215023265,2.9134005475361247,v15_faithful,none,V16.0-operative
371.4449553693203,3.0316051411550995,v15_faithful,none,V16.0-operative
372.07206555349495,3.149809734774137,v15_faithful,none,V16.0-operative
372.70023448722964,3.268014328393174,v15_faithful,none,V16.0-operative
373.32946395801036,3.277941837446952,v15_faithful,none,V16.0-operative
373.9597557563408,3.2780182204296837,v15_faithful,none,V16.0-operative
374.59111167574775,3.2780946034124154,v15_faithful,none,V16.0-operative
375.2235335127857,3.278170986395147,v15_faithful,none,V16.0-operative
375.8570230670425,3.278247369377879,v15_faithful,none,V16.0-operative
376.4915821411442,3.278322203624941,v15_faithful,none,V16.0-operative
377.1272125407601,3.278396724079236,v15_faithful,none,V16.0-operative
377.7639160746082,3.278471244533531,v15_faithful,none,V16.0-operative
378.40169455446,3.2785457649878254,v15_faithful,none,V16.0-operative
379.04054979514586,3.2786202854421203,v15_faithful,none,V16.0-operative
379.6804836145602,3.2792480058910907,v15_faithful,none,V16.0-operative
380.3214978336665,3.2800636441997875,v15_faithful,none,V16.0-operative
380.96359427650253,3.2808792825084843,v15_faithful,none,V16.0-operative
381.6067747701857,3.281694920817181,v15_faithful,none,V16.0-operative
382.251041144918,3.2825105591258774,v15_faithful,none,V16.0-operative
382.89639523399154,3.283396068136851,v15_faithful,none,V16.0-operative
383.5428388737934,3.2843173539728623,v15_faithful,none,V16.0-operative
384.1903739038111,3.285238639808873,v15_faithful,none,V16.0-operative
384.8390021666378,3.2861599256448843,v15_faithful,none,V16.0-operative
385.4887255079774,3.287081211480896,v15_faithful,none,V16.0-operative
386.13954577665,3.2879895548700406,v15_faithful,none,V16.0-operative
386.79146482459697,3.288888381842936,v15_faithful,none,V16.0-operative
387.4444845068865,3.2897872088158318,v15_faithful,none,V16.0-operative
388.0986066817185,3.290686035788727,v15_faithful,none,V16.0-operative
388.7538332104301,3.291584862761623,v15_faithful,none,V16.0-operative
389.410165957501,3.2924729280461307,v15_faithful,none,V16.0-operative
390.06760679055867,3.2933498456075605,v15_faithful,none,V16.0-operative
390.72615758038364,3.294226763168989,v15_faithful,none,V16.0-operative
391.385820200915,3.2951036807304184,v15_faithful,none,V16.0-operative
392.04659652925545,3.295980598291848,v15_faithful,none,V16.0-operative
392.70848844567695,3.296848835958043,v15_faithful,none,V16.0-operative
393.37149783362577,3.297704380097552,v15_faithful,none,V16.0-operative
394.03562657972816,3.298559924237061,v15_faithful,none,V16.0-operative
394.7008765737955,3.2994154683765697,v15_faithful,none,V16.0-operative
395.3672497088296,3.300271012516079,v15_faithful,none,V16.0-operative
396.03474788102847,3.3011198631302663,v15_faithful,none,V16.0-operative
396.7033729897913,3.301954556705136,v15_faithful,none,V16.0-operative
397.37312693772407,3.3027892502800045,v15_faithful,none,V16.0-operative
398.04401163064495,3.3036239438548733,v15_faithful,none,V16.0-operative
398.7160289775897,3.304458637429742,v15_faithful,none,V16.0-operative
399.38918089081704,3.3051273823974308,v15_faithful,none,V16.0-operative
400.0634692858142,3.305258726400085,v15_faithful,none,V16.0-operative
400.7388960813024,3.3053900704027384,v15_faithful,none,V16.0-operative
401.41546319924214,3.3055214144053924,v15_faithful,none,V16.0-operative
402.09317256483877,3.305652758408046,v15_faithful,none,V16.0-operative
402.772026106548,3.305767511695452,v15_faithful,none,V16.0-operative
403.45202575608135,3.3057888793953265,v15_faithful,none,V16.0-operative
404.1331734484115,3.3058102470952013,v15_faithful,none,V16.0-operative
404.8154711217783,3.305831614795076,v15_faithful,none,V16.0-operative
405.4989207176935,3.305852982494951,v15_faithful,none,V16.0-operative
406.183524180947,3.30587437764297,v15_faithful,none,V16.0-operative
406.86928345961195,3.3058961626532515,v15_faithful,none,V16.0-operative
407.5562005050505,3.305917947663533,v15_faithful,none,V16.0-operative
408.24427727191926,3.3059397326738145,v15_faithful,none,V16.0-operative
408.9335157181748,3.305961517684096,v15_faithful,none,V16.0-operative
409.6239178050795,3.305983302694377,v15_faithful,none,V16.0-operative
410.31548549720674,3.306005506240141,v15_faithful,none,V16.0-operative
411.0082207624468,3.306027718026668,v15_faithful,none,V16.0-operative
411.7021255720123,3.306049929813195,v15_faithful,none,V16.0-operative
412.39720190044386,3.306072141599722,v15_faithful,none,V16.0-operative
413.0934517256158,3.306094353386249,v15_faithful,none,V16.0-operative
413.79087702874153,3.30611696283046,v15_faithful,none,V16.0-operative
414.48947979437946,3.30613961862591,v15_faithful,none,V16.0-operative
415.1892620104385,3.30616227442136,v15_faithful,none,V16.0-operative
415.8902256681837,3.30618493021681,v15_faithful,none,V16.0-operative
416.592372762242,3.30620758601226,v15_faithful,none,V16.0-operative
417.29570529060794,3.3062306629939844,v15_faithful,none,V16.0-operative
418.0002252546491,3.306253838436221,v15_faithful,none,V16.0-operative
418.7059346591121,3.3062770138784585,v15_faithful,none,V16.0-operative
419.41283551212814,3.306300189320696,v15_faithful,none,V16.0-operative
420.1209298252187,3.306323364762932,v15_faithful,none,V16.0-operative
420.83021961330144,3.3063469201982087,v15_faithful,none,V16.0-operative
421.54070689469563,3.306370619450227,v15_faithful,none,V16.0-operative
422.2523936911282,3.3063943187022447,v15_faithful,none,V16.0-operative
422.96528202773925,3.306418017954263,v15_faithful,none,V16.0-operative
423.6793739330881,3.306441717206281,v15_faithful,none,V16.0-operative
424.3946714391586,3.30646582426336,v15_faithful,none,V16.0-operative
425.11117658136556,3.306490160354906,v15_faithful,none,V16.0-operative
425.8288913985598,3.306514496446453,v15_faithful,none,V16.0-operative
426.5478179330346,3.306538832537999,v15_faithful,none,V16.0-operative
427.2679582305312,3.3065631686295456,v15_faithful,none,V16.0-operative
427.9893143402445,3.306587965581401,v15_faithful,none,V16.0-operative
428.71188831482925,3.306613131641549,v15_faithful,none,V16.0-operative
429.4356822104057,3.306638297701697,v15_faithful,none,V16.0-operative
430.16069808656516,3.306663463761846,v15_faithful,none,V16.0-operative
430.8869380063765,3.306688629821995,v15_faithful,none,V16.0-operative
431.6144040363915,3.306714317027628,v15_faithful,none,V16.0-operative
432.34309824665087,3.3067405914572223,v15_faithful,none,V16.0-operative
433.0730227106902,3.306766865886817,v15_faithful,none,V16.0-operative
433.8041795055459,3.3067931403164117,v15_faithful,none,V16.0-operative
434.536570711761,3.306819414746005,v15_faithful,none,V16.0-operative
435.270198413391,3.306846399776396,v15_faithful,none,V16.0-operative
436.00506469801,3.3068745194053237,v15_faithful,none,V16.0-operative
436.7411716567167,3.306902639034251,v15_faithful,none,V16.0-operative
437.4785213841398,3.306930758663179,v15_faithful,none,V16.0-operative
438.21711597844484,3.3069588782921064,v15_faithful,none,V16.0-operative
438.9569575413393,3.306987980438403,v15_faithful,none,V16.0-operative
439.6980481780792,3.30701937485648,v15_faithful,none,V16.0-operative
440.44038999747477,3.3070507692745563,v15_faithful,none,V16.0-operative
441.18398511189656,3.307082163692633,v15_faithful,none,V16.0-operative
441.9288356372819,3.3071135581107103,v15_faithful,none,V16.0-operative
442.67494369313914,3.30714628199782,v15_faithful,none,V16.0-operative
443.42231140255615,3.3071838616796985,v15_faithful,none,V16.0-operative
444.17094089220507,3.307221441361577,v15_faithful,none,V16.0-operative
444.92083429234816,3.307259021043455,v15_faithful,none,V16.0-operative
445.67199373684457,3.307296600725333,v15_faithful,none,V16.0-operative
446.42442136315566,3.307335756554418,v15_faithful,none,V16.0-operative
447.1781193123518,3.307385473693443,v15_faithful,none,V16.0-operative
447.9330897291178,3.307435190832469,v15_faithful,none,V16.0-operative
448.68933476175965,3.307484907971494,v15_faithful,none,V16.0-operative
449.4468565622102,3.3075346251105198,v15_faithful,none,V16.0-operative
450.20565728603526,3.307585431342576,v15_faithful,none,V16.0-operative
450.9657390924402,3.3076594722486377,v15_faithful,none,V16.0-operative
451.7271041442754,3.3077335131546994,v15_faithful,none,V16.0-operative
452.4897546080431,3.3078075540607617,v15_faithful,none,V16.0-operative
453.25369265390304,3.3078815949668234,v15_faithful,none,V16.0-operative
454.01892045567894,3.307955635872885,v15_faithful,none,V16.0-operative
454.7854401908645,3.3080769788868443,v15_faithful,none,V16.0-operative
455.55325404062984,3.3082003086563168,v15_faithful,none,V16.0-operative
456.32236418982734,3.3083236384257897,v15_faithful,none,V16.0-operative
457.0927728269982,3.308446968195262,v15_faithful,none,V16.0-operative
457.8644821443785,3.308570297964736,v15_faithful,none,V16.0-operative
458.6374943379055,3.308781483338312,v15_faithful,none,V16.0-operative
459.4118116072238,3.309005264475916,v15_faithful,none,V16.0-operative
460.18743615569167,3.3092290456135203,v15_faithful,none,V16.0-operative
460.9643701903873,3.3094528267511247,v15_faithful,none,V16.0-operative
461.7426159221152,3.3096766078887296,v15_faithful,none,V16.0-operative
462.52217556541217,3.310062499658456,v15_faithful,none,V16.0-operative
463.30305133855404,3.310491607562682,v15_faithful,none,V16.0-operative
464.0852454635616,3.310920715466908,v15_faithful,none,V16.0-operative
464.86876016620715,3.3113498233711347,v15_faithful,none,V16.0-operative
465.65359767602064,3.3117789312753616,v15_faithful,none,V16.0-operative
466.4397602262963,3.3146515129673317,v15_faithful,none,V16.0-operative
467.22725005409876,3.3185492874115767,v15_faithful,none,V16.0-operative
468.01606940026943,3.3224470618558217,v15_faithful,none,V16.0-operative
468.806220509433,3.3263448363000654,v15_faithful,none,V16.0-operative
469.5977056300037,3.330242610744311,v15_faithful,none,V16.0-operative
470.39052701419183,3.332445100473948,v15_faithful,none,V16.0-operative
471.1846869180101,3.333605712956662,v15_faithful,none,V16.0-operative
471.98018760127985,3.3347663254393765,v15_faithful,none,V16.0-operative
472.7770313276379,3.3359269379220917,v15_faithful,none,V16.0-operative
473.57522036454276,3.3370875504048043,v15_faithful,none,V16.0-operative
474.3747569832809,3.3421705022939445,v15_faithful,none,V16.0-operative
475.17564345897364,3.350672534670744,v15_faithful,none,V16.0-operative
475.9778820705831,3.359174567047542,v15_faithful,none,V16.0-operative
476.78147510091935,3.3676765994243407,v15_faithful,none,V16.0-operative
477.58642483664613,3.3761786318011398,v15_faithful,none,V16.0-operative
478.39273356828795,3.392719091558289,v15_faithful,none,V16.0-operative
479.2004035902365,3.419116425676512,v15_faithful,none,V16.0-operative
480.00943720075685,3.4455137597947254,v15_faithful,none,V16.0-operative
480.8198367019944,3.471911093912939,v15_faithful,none,V16.0-operative
481.6316043999813,3.4983084280311525,v15_faithful,none,V16.0-operative
482.4447426046428,3.5249731544070744,v15_faithful,none,V16.0-operative
483.25925362980416,3.552104863135399,v15_faithful,none,V16.0-operative
484.0751397931969,3.57923657186371,v15_faithful,none,V16.0-operative
484.8924034164657,3.6063682805920343,v15_faithful,none,V16.0-operative
485.7110468251749,3.63349998932036,v15_faithful,none,V16.0-operative
486.5310723488149,3.6727883840074114,v15_faithful,none,V16.0-operative
487.3524823208092,3.743488455043284,v15_faithful,none,V16.0-operative
488.17527907852065,3.8141885260790827,v15_faithful,none,V16.0-operative
488.9994649632584,3.884888597114992,v15_faithful,none,V16.0-operative
489.82504232028424,3.955588668150865,v15_faithful,none,V16.0-operative
490.65201349881966,4.069128768326723,v15_faithful,none,V16.0-operative
491.48038085205224,4.3607194447098525,v15_faithful,none,V16.0-operative
492.31014673714253,4.652310121092982,v15_faithful,none,V16.0-operative
493.14131351523054,4.943900797476111,v15_faithful,none,V16.0-operative
493.9738835514426,5.235491473859087,v15_faithful,none,V16.0-operative
494.8078592148983,5.502751768647991,v15_faithful,none,V16.0-operative
495.64324287871676,5.5708388781735865,v15_faithful,none,V16.0-operative
496.4800369200237,5.638925987699182,v15_faithful,none,V16.0-operative
497.31824371995816,5.707013097224779,v15_faithful,none,V16.0-operative
498.15786566367933,5.775100206750339,v15_faithful,none,V16.0-operative
498.9989051403732,5.841534044482787,v15_faithful,none,V16.0-operative
499.8413645432593,5.84008517231003,v15_faithful,none,V16.0-operative
500.6852462695979,2.531786159734195,v15_faithful,none,V16.0-operative
501.5305527206963,2.531177633421638,v15_faithful,none,V16.0-operative
502.377286301916,2.53056910710908,v15_faithful,none,V16.0-operative
503.22544942267956,2.5299605807965224,v15_faithful,none,V16.0-operative
504.07504449647735,2.529389467816264,v15_faithful,none,V16.0-operative
504.9260739408743,2.5288207983594844,v15_faithful,none,V16.0-operative
505.7785401775171,2.5282521289027047,v15_faithful,none,V16.0-operative
506.6324456321407,2.527683459445925,v15_faithful,none,V16.0-operative
507.4877927345755,2.5271147899891453,v15_faithful,none,V16.0-operative
508.3445839187544,2.464636494809562,v15_faithful,none,V16.0-operative
509.20282162271917,2.391540934510099,v15_faithful,none,V16.0-operative
510.06250828862784,2.3184453742106355,v15_faithful,none,V16.0-operative
510.92364636276216,2.2453498139111336,v15_faithful,none,V16.0-operative
511.7862382955322,2.1722542536116705,v15_faithful,none,V16.0-operative
512.6502865414868,2.082224929952569,v15_faithful,none,V16.0-operative
513.5157935593181,1.9870952898055667,v15_faithful,none,V16.0-operative
514.3827618118695,1.8919656496585644,v15_faithful,none,V16.0-operative
515.2511937661421,1.7968360095116118,v15_faithful,none,V16.0-operative
516.1210918933023,1.7017063693646093,v15_faithful,none,V16.0-operative
516.9924586686884,1.619914396973331,v15_faithful,none,V16.0-operative
517.8652965718179,1.5443001701975057,v15_faithful,none,V16.0-operative
518.7396080863946,1.4686859434216806,v15_faithful,none,V16.0-operative
519.615395700315,1.393071716645895,v15_faithful,none,V16.0-operative
520.4926619056768,1.31745748987007,v15_faithful,none,V16.0-operative
521.3714091987842,1.2868259409500415,v15_faithful,none,V16.0-operative
522.2516400801564,1.286388390460558,v15_faithful,none,V16.0-operative
523.1333570545344,1.2859508399710742,v15_faithful,none,V16.0-operative
524.0165626308873,1.2855132894815906,v15_faithful,none,V16.0-operative
524.9012593224206,1.2850757389921073,v15_faithful,none,V16.0-operative
525.7874496465829,1.2847294103622304,v15_faithful,none,V16.0-operative
526.6751361250726,1.2844695845621417,v15_faithful,none,V16.0-operative
527.5643212838459,1.284209758762053,v15_faithful,none,V16.0-operative
528.4550076531231,1.283949932961964,v15_faithful,none,V16.0-operative
529.3471977673968,1.2836901071618756,v15_faithful,none,V16.0-operative
530.2408941654382,1.2833648279100238,v15_faithful,none,V16.0-operative
531.1360993903049,1.2829521424067545,v15_faithful,none,V16.0-operative
532.0328159893479,1.2825394569034845,v15_faithful,none,V16.0-operative
532.9310465142187,1.282126771400215,v15_faithful,none,V16.0-operative
533.8307935208771,1.2817140858969451,v15_faithful,none,V16.0-operative
534.7320595695978,1.2795388475485383,v15_faithful,none,V16.0-operative
535.6348472249782,1.2739891673003083,v15_faithful,none,V16.0-operative
536.5391590559456,1.2684394870520763,v15_faithful,none,V16.0-operative
537.4449976357639,1.262889806803844,v15_faithful,none,V16.0-operative
538.3523655420422,1.2573401265556112,v15_faithful,none,V16.0-operative
539.2612653567409,1.253222706108129,v15_faithful,none,V16.0-operative
540.1716996661794,1.253223851006536,v15_faithful,none,V16.0-operative
541.0836710610439,1.2532249959049435,v15_faithful,none,V16.0-operative
541.9971821363945,1.253226140803351,v15_faithful,none,V16.0-operative
542.9122354916722,1.2532272857017583,v15_faithful,none,V16.0-operative
543.8288337307068,1.2532601734360989,v15_faithful,none,V16.0-operative
544.7469794617243,1.2534448631862614,v15_faithful,none,V16.0-operative
545.666675297354,1.253629552936424,v15_faithful,none,V16.0-operative
546.587923854636,1.253814242686586,v15_faithful,none,V16.0-operative
547.5107277550289,1.2539989324367486,v15_faithful,none,V16.0-operative
548.4350896244172,1.2541844698028328,v15_faithful,none,V16.0-operative
549.3610120931185,1.2543788069051938,v15_faithful,none,V16.0-operative
550.2884977958911,1.2545731440075545,v15_faithful,none,V16.0-operative
551.2175493719418,1.2547674811099154,v15_faithful,none,V16.0-operative
552.148169464933,1.254961818212276,v15_faithful,none,V16.0-operative
553.0803607229905,1.2551561428979894,v15_faithful,none,V16.0-operative
554.0141257987108,1.2553460082685517,v15_faithful,none,V16.0-operative
554.9494673491688,1.255535873639114,v15_faithful,none,V16.0-operative
555.8863880359255,1.2557257390096763,v15_faithful,none,V16.0-operative
556.8248905250352,1.255915604380239,v15_faithful,none,V16.0-operative
557.7649774870536,1.2561054697508014,v15_faithful,none,V16.0-operative
558.7066515970445,1.2562336416303206,v15_faithful,none,V16.0-operative
559.6499155345887,1.2563562803124717,v15_faithful,none,V16.0-operative
560.5947719837906,1.2564789189946228,v15_faithful,none,V16.0-operative
561.5412236332861,1.2566015576767742,v15_faithful,none,V16.0-operative
562.4892731762504,1.2567241963589253,v15_faithful,none,V16.0-operative
563.4389233104058,1.2568396014940386,v15_faithful,none,V16.0-operative
564.3901767380288,1.256953552380667,v15_faithful,none,V16.0-operative
565.3430361659583,1.257067503267295,v15_faithful,none,V16.0-operative
566.2975043056033,1.2571814541539237,v15_faithful,none,V16.0-operative
567.2535838729502,1.257295405040552,v15_faithful,none,V16.0-operative
568.2112775885711,1.257405447877217,v15_faithful,none,V16.0-operative
569.170588177631,1.2575141707916968,v15_faithful,none,V16.0-operative
570.1315183698957,1.2576228937061769,v15_faithful,none,V16.0-operative
571.0940708997402,1.2577316166206567,v15_faithful,none,V16.0-operative
572.0582485061553,1.2578403395351363,v15_faithful,none,V16.0-operative
573.0240539327565,1.2579452789135763,v15_faithful,none,V16.0-operative
573.9914899277909,1.2580482903446528,v15_faithful,none,V16.0-operative
574.9605592441459,1.258151301775729,v15_faithful,none,V16.0-operative
575.9312646393564,1.2582543132068058,v15_faithful,none,V16.0-operative
576.9036088756129,1.2583573246378823,v15_faithful,none,V16.0-operative
577.8775947197691,1.2587246815919315,v15_faithful,none,V16.0-operative
578.8532249433505,1.25928554485292,v15_faithful,none,V16.0-operative
579.830502322561,1.2598464081139078,v15_faithful,none,V16.0-operative
580.809429638292,1.2604072713748955,v15_faithful,none,V16.0-operative
581.7900096761301,1.2609681346358836,v15_faithful,none,V16.0-operative
582.7722452263645,1.261546719399506,v15_faithful,none,V16.0-operative
583.7561390839951,1.2621435816953632,v15_faithful,none,V16.0-operative
584.7416940487409,1.2627404439912204,v15_faithful,none,V16.0-operative
585.7289129250476,1.2633373062870776,v15_faithful,none,V16.0-operative
586.7177985220954,1.2639341685829346,v15_faithful,none,V16.0-operative
587.7083536538076,1.264506904594475,v15_faithful,none,V16.0-operative
588.7005811388582,1.2650445167784714,v15_faithful,none,V16.0-operative
589.6944838006796,1.2655821289624676,v15_faithful,none,V16.0-operative
590.6900644674712,1.266119741146464,v15_faithful,none,V16.0-operative
591.6873259722075,1.2666573533304604,v15_faithful,none,V16.0-operative
592.6862711526455,1.267173683794298,v15_faithful,none,V16.0-operative
593.6869028513336,1.2676452263827578,v15_faithful,none,V16.0-operative
594.6892239156188,1.2681167689712176,v15_faithful,none,V16.0-operative
595.6932371976555,1.2685883115596772,v15_faithful,none,V16.0-operative
596.6989455544137,1.2690598541481368,v15_faithful,none,V16.0-operative
597.7063518476864,1.269513750447024,v15_faithful,none,V16.0-operative
598.7154589440981,1.269910844721586,v15_faithful,none,V16.0-operative
599.7262697151135,1.270307938996148,v15_faithful,none,V16.0-operative
600.7387870370446,1.2707050332707102,v15_faithful,none,V16.0-operative
601.7530137910601,1.2711021275452723,v15_faithful,none,V16.0-operative
602.7689528631925,1.2715028568410087,v15_faithful,none,V16.0-operative
603.7866071443467,1.2719238745213293,v15_faithful,none,V16.0-operative
604.805979530309,1.2723448922016498,v15_faithful,none,V16.0-operative
605.8270729217538,1.2727659098819706,v15_faithful,none,V16.0-operative
606.8498902242534,1.2731869275622911,v15_faithful,none,V16.0-operative
607.8744343482851,1.2736838217352415,v15_faithful,none,V16.0-operative
608.9007082092403,1.2752396808222992,v15_faithful,none,V16.0-operative
609.9287147274322,1.276795539909357,v15_faithful,none,V16.0-operative
610.9584568281044,1.2783513989964137,v15_faithful,none,V16.0-operative
611.9899374414393,1.2799072580834716,v15_faithful,none,V16.0-operative
613.0231595025663,1.2814631171705293,v15_faithful,none,V16.0-operative
614.0581259515701,1.2815840620046255,v15_faithful,none,V16.0-operative
615.0948397334992,1.281678373973871,v15_faithful,none,V16.0-operative
616.1333037983741,1.2817726859431169,v15_faithful,none,V16.0-operative
617.173521101196,1.2818669979123622,v15_faithful,none,V16.0-operative
618.2154946019551,1.2819613098816078,v15_faithful,none,V16.0-operative
619.2592272656386,1.2820805302721323,v15_faithful,none,V16.0-operative
620.3047220622398,1.2822026202917916,v15_faithful,none,V16.0-operative
621.3519819667661,1.282324710311451,v15_faithful,none,V16.0-operative
622.4010099592475,1.2824468003311102,v15_faithful,none,V16.0-operative
623.4518090247454,1.2825688903507693,v15_faithful,none,V16.0-operative
624.5043821533608,1.282724487404175,v15_faithful,none,V16.0-operative
625.5587323402428,1.2828878620161548,v15_faithful,none,V16.0-operative
626.6148625855975,1.2830512366281346,v15_faithful,none,V16.0-operative
627.6727758946957,1.2832146112401142,v15_faithful,none,V16.0-operative
628.7324752778825,1.283377985852094,v15_faithful,none,V16.0-operative
629.793963750585,1.2834758779842814,v15_faithful,none,V16.0-operative
630.8572443333218,1.283549121874392,v15_faithful,none,V16.0-operative
631.9223200517102,1.2836223657645025,v15_faithful,none,V16.0-operative
632.9891939364765,1.2836956096546126,v15_faithful,none,V16.0-operative
634.057869023463,1.2837688535447231,v15_faithful,none,V16.0-operative
635.1283483536381,1.2838615711813586,v15_faithful,none,V16.0-operative
636.2006349731038,1.2839651742741909,v15_faithful,none,V16.0-operative
637.274731933105,1.284068777367023,v15_faithful,none,V16.0-operative
638.3506422900381,1.284172380459855,v15_faithful,none,V16.0-operative
639.4283691054594,1.2842759835526874,v15_faithful,none,V16.0-operative
640.5079154460941,1.2609402802628198,v15_faithful,none,V16.0-operative
641.5892843838452,1.2189142371842938,v15_faithful,none,V16.0-operative
642.6724789958015,1.17688819410579,v15_faithful,none,V16.0-operative
643.7575023642472,1.1348621510272645,v15_faithful,none,V16.0-operative
644.8443575766704,1.0928361079487383,v15_faithful,none,V16.0-operative
645.9330477257714,1.070193033917589,v15_faithful,none,V16.0-operative
647.0235759094724,1.069295508660823,v15_faithful,none,V16.0-operative
648.1159452309253,1.0683979834040578,v15_faithful,none,V16.0-operative
649.2101587985214,1.067500458147292,v15_faithful,none,V16.0-operative
650.3062197259,1.0666029328905262,v15_faithful,none,V16.0-operative
651.4041311319567,1.0660501373712223,v15_faithful,none,V16.0-operative
652.503896140853,1.0660452437952257,v15_faithful,none,V16.0-operative
653.6055178820252,1.0660403502192286,v15_faithful,none,V16.0-operative
654.7089994901924,1.066035456643232,v15_faithful,none,V16.0-operative
655.8143441053664,1.0660305630672349,v15_faithful,none,V16.0-operative
656.9215548728605,1.0660638706044436,v15_faithful,none,V16.0-operative
658.0306349432979,1.0661858440004934,v15_faithful,none,V16.0-operative
659.1415874726208,1.0663078173965432,v15_faithful,none,V16.0-operative
660.2544156221003,1.0664297907925928,v15_faithful,none,V16.0-operative
661.3691225583439,1.0665517641886426,v15_faithful,none,V16.0-operative
662.4857114533056,1.0695319552911284,v15_faithful,none,V16.0-operative
663.6041854842948,1.082884683724972,v15_faithful,none,V16.0-operative
664.7245478339848,1.0962374121588156,v15_faithful,none,V16.0-operative
665.8468016904226,1.1095901405926591,v15_faithful,none,V16.0-operative
666.9709502470371,1.1229428690265026,v15_faithful,none,V16.0-operative
668.096996702649,1.1357735205069177,v15_faithful,none,V16.0-operative
669.2249442614793,1.1451392565178988,v15_faithful,none,V16.0-operative
670.3547961331592,1.1545049925288853,v15_faithful,none,V16.0-operative
671.4865555327381,1.163870728539872,v15_faithful,none,V16.0-operative
672.6202256806937,1.1732364645508582,v15_faithful,none,V16.0-operative
673.7558098029408,1.1828130759147717,v15_faithful,none,V16.0-operative
674.8933111308405,1.1967768727545027,v15_faithful,none,V16.0-operative
676.0327329012093,1.2107406695942264,v15_faithful,none,V16.0-operative
677.1740783563286,1.224704466433957,v15_faithful,none,V16.0-operative
678.3173507439534,1.238668263273688,v15_faithful,none,V16.0-operative
679.4625533173224,1.2526320601134189,v15_faithful,none,V16.0-operative
680.6096893351663,1.253174069548138,v15_faithful,none,V16.0-operative
681.7587620617178,1.2531681670506165,v15_faithful,none,V16.0-operative
682.9097747667203,1.2531622645530949,v15_faithful,none,V16.0-operative
684.0627307254376,1.253156362055573,v15_faithful,none,V16.0-operative
685.2176332186635,1.2531504595580512,v15_faithful,none,V16.0-operative
686.3744855327304,1.2531433937673062,v15_faithful,none,V16.0-operative
687.5332909595189,1.2531361628474005,v15_faithful,none,V16.0-operative
688.6940527964675,1.2531289319274943,v15_faithful,none,V16.0-operative
689.8567743465818,1.253121701007588,v15_faithful,none,V16.0-operative
691.0214589184437,1.2531144700876822,v15_faithful,none,V16.0-operative
692.1881098262211,1.2531059805467035,v15_faithful,none,V16.0-operative
693.3567303896772,1.2530971576688947,v15_faithful,none,V16.0-operative
694.5273239341797,1.253088334791086,v15_faithful,none,V16.0-operative
695.6998937907109,1.2530795119132774,v15_faithful,none,V16.0-operative
696.8744432958767,1.2530706890354686,v15_faithful,none,V16.0-operative
698.0509757919159,1.2530605197832367,v15_faithful,none,V16.0-operative
699.2294946267104,1.2530497885857834,v15_faithful,none,V16.0-operative
700.410003153794,1.25303905738833,v15_faithful,none,V16.0-operative
701.5925047323625,1.2530283261908766,v15_faithful,none,V16.0-operative
702.7770027272828,1.2530175949934232,v15_faithful,none,V16.0-operative
703.9635005091029,1.2521382940344377,v15_faithful,none,V16.0-operative
705.1520014540613,1.2507276498164444,v15_faithful,none,V16.0-operative
706.3425089440965,1.249317005598451,v15_faithful,none,V16.0-operative
707.5350263668566,1.247906361380458,v15_faithful,none,V16.0-operative
708.7295571157094,1.2464957171624649,v15_faithful,none,V16.0-operative
709.9261045897515,1.2444594643776543,v15_faithful,none,V16.0-operative
711.1246721938181,1.2418802496239976,v15_faithful,none,V16.0-operative
712.325263338493,1.2393010348703404,v15_faithful,none,V16.0-operative
713.527881440118,1.2367218201166834,v15_faithful,none,V16.0-operative
714.7325299208027,1.2341426053630264,v15_faithful,none,V16.0-operative
715.9392122084341,1.2324828224901048,v15_faithful,none,V16.0-operative
717.1479317366868,1.231945523674194,v15_faithful,none,V16.0-operative
718.3586919450323,1.2314082248582827,v15_faithful,none,V16.0-operative
719.5714962787489,1.2308709260423716,v15_faithful,none,V16.0-operative
720.7863481889316,1.230333627226461,v15_faithful,none,V16.0-operative
722.003251132502,1.2297552517488546,v15_faithful,none,V16.0-operative
723.2222085722179,1.2291054744563246,v15_faithful,none,V16.0-operative
724.4432239766833,1.2284556971637943,v15_faithful,none,V16.0-operative
725.6663008203581,1.2278059198712643,v15_faithful,none,V16.0-operative
726.8914425835685,1.2271561425787345,v15_faithful,none,V16.0-operative
728.1186527525161,1.225761085866291,v15_faithful,none,V16.0-operative
729.3479348192885,1.222450665313453,v15_faithful,none,V16.0-operative
730.579292281869,1.219140244760615,v15_faithful,none,V16.0-operative
731.8127286441464,1.215829824207779,v15_faithful,none,V16.0-operative
733.0482474159253,1.212519403654941,v15_faithful,none,V16.0-operative
734.2858521129357,1.209694332609211,v15_faithful,none,V16.0-operative
735.5255462568432,1.208872510752648,v15_faithful,none,V16.0-operative
736.7673333752592,1.2080506888960851,v15_faithful,none,V16.0-operative
738.0112170017509,1.207228867039522,v15_faithful,none,V16.0-operative
739.2572006758506,1.2064070451829596,v15_faithful,none,V16.0-operative
740.5052879430671,1.2056463542732516,v15_faithful,none,V16.0-operative
741.7554823548946,1.2053805413404683,v15_faithful,none,V16.0-operative
743.0077874688235,1.205114728407685,v15_faithful,none,V16.0-operative
744.2622068483504,1.204848915474902,v15_faithful,none,V16.0-operative
745.5187440629877,1.2045831025421188,v15_faithful,none,V16.0-operative
746.7774026882747,1.2042533812319989,v15_faithful,none,V16.0-operative
748.0381863057872,1.2014171188836202,v15_faithful,none,V16.0-operative
749.3010985031475,1.1985808565352418,v15_faithful,none,V16.0-operative
750.566142874035,1.1957445941868636,v15_faithful,none,V16.0-operative
751.8333230181966,1.192908331838485,v15_faithful,none,V16.0-operative
753.1026425414561,1.1900720694901068,v15_faithful,none,V16.0-operative
754.3741050557254,1.1884249937108673,v15_faithful,none,V16.0-operative
755.6477141790144,1.186854120327271,v15_faithful,none,V16.0-operative
756.9234735354412,1.1852832469436747,v15_faithful,none,V16.0-operative
758.2013867552423,1.1837123735600783,v15_faithful,none,V16.0-operative
759.4814574747835,1.182141500176482,v15_faithful,none,V16.0-operative
760.7636893365694,1.1817349732215432,v15_faithful,none,V16.0-operative
762.0480859892548,1.1815263925587085,v15_faithful,none,V16.0-operative
763.3346510876539,1.1813178118958734,v15_faithful,none,V16.0-operative
764.623388292752,1.181109231233039,v15_faithful,none,V16.0-operative
765.9143012717147,1.1809006505702038,v15_faithful,none,V16.0-operative
767.2073936978992,1.1828979713322494,v15_faithful,none,V16.0-operative
768.502669250864,1.1855556384469286,v15_faithful,none,V16.0-operative
769.8001316163803,1.1882133055616064,v15_faithful,none,V16.0-operative
771.0997844864418,1.1908709726762856,v15_faithful,none,V16.0-operative
772.4016315592752,1.1935286397909648,v15_faithful,none,V16.0-operative
773.7056765393512,1.2231190554879368,v15_faithful,none,V16.0-operative
775.0119231373945,1.265121616759474,v15_faithful,none,V16.0-operative
776.3203750703948,1.3071241780310112,v15_faithful,none,V16.0-operative
777.6310360616171,1.3491267393025266,v15_faithful,none,V16.0-operative
778.9439098406126,1.391129300574064,v15_faithful,none,V16.0-operative
780.2590001432286,1.4443218240186535,v15_faithful,none,V16.0-operative
781.5763107116201,1.5049915444621444,v15_faithful,none,V16.0-operative
782.8958452942597,1.5656612649056354,v15_faithful,none,V16.0-operative
784.2176076459489,1.626330985349126,v15_faithful,none,V16.0-operative
785.5416015278288,1.6870007057926488,v15_faithful,none,V16.0-operative
786.8678307073882,1.7261454079029606,v15_faithful,none,V16.0-operative
788.1962989584789,1.7449672300565096,v15_faithful,none,V16.0-operative
789.5270100613236,1.7637890522100583,v15_faithful,none,V16.0-operative
790.8599678025267,1.782610874363607,v15_faithful,none,V16.0-operative
792.1951759750858,1.801432696517156,v15_faithful,none,V16.0-operative
793.5326383784021,1.8132360796316245,v15_faithful,none,V16.0-operative
794.8723588182914,1.8157085722723447,v15_faithful,none,V16.0-operative
796.2143411069948,1.8181810649130663,v15_faithful,none,V16.0-operative
797.5585890631895,1.820653557553788,v15_faithful,none,V16.0-operative
798.9051065120001,1.8231260501945097,v15_faithful,none,V16.0-operative
800.2538972850089,1.827394983635081,v15_faithful,none,V16.0-operative
801.6049652202669,1.8350867039271836,v15_faithful,none,V16.0-operative
802.9583141623052,1.8427784242192824,v15_faithful,none,V16.0-operative
804.3139479621457,1.8504701445113847,v15_faithful,none,V16.0-operative
805.6718704773114,1.8581618648034872,v15_faithful,none,V16.0-operative
807.0320855718386,1.8640841410237152,v15_faithful,none,V16.0-operative
808.3945971162868,1.8649470213191204,v15_faithful,none,V16.0-operative
809.7594089877506,1.8658099016145255,v15_faithful,none,V16.0-operative
811.1265250698697,1.8666727819099305,v15_faithful,none,V16.0-operative
812.4959492528411,1.867535662205336,v15_faithful,none,V16.0-operative
813.8676854334293,1.8682931241877931,v15_faithful,none,V16.0-operative
815.2417375149778,1.8685502571115276,v15_faithful,none,V16.0-operative
816.6181094074202,1.8688073900352613,v15_faithful,none,V16.0-operative
817.9968050272911,1.8690645229589955,v15_faithful,none,V16.0-operative
819.3778282977373,1.8693216558827292,v15_faithful,none,V16.0-operative
820.7611831485293,1.869563008923156,v15_faithful,none,V16.0-operative
822.1468735160722,1.8696427339508528,v15_faithful,none,V16.0-operative
823.5349033434167,1.869722458978549,v15_faithful,none,V16.0-operative
824.9252765802705,1.8698021840062464,v15_faithful,none,V16.0-operative
826.3179971830101,1.8698819090339431,v15_faithful,none,V16.0-operative
827.713069114691,1.8699614313696808,v15_faithful,none,V16.0-operative
829.11049634506,1.8699886951183813,v15_faithful,none,V16.0-operative
830.5102828505654,1.870015958867082,v15_faithful,none,V16.0-operative
831.9124326143695,1.8700432226157824,v15_faithful,none,V16.0-operative
833.3169496263591,1.870070486364483,v15_faithful,none,V16.0-operative
834.7238378831573,1.870097750113184,v15_faithful,none,V16.0-operative
836.1331013881344,1.8675957719334213,v15_faithful,none,V16.0-operative
837.5447441514199,1.864870210361501,v15_faithful,none,V16.0-operative
838.9587701899134,1.8621446487895803,v15_faithful,none,V16.0-operative
840.3751835272963,1.85941908721766,v15_faithful,none,V16.0-operative
841.7939881940431,1.856693525645739,v15_faithful,none,V16.0-operative
843.2151882274331,1.8562520706225971,v15_faithful,none,V16.0-operative
844.6387876715618,1.856266240842797,v15_faithful,none,V16.0-operative
846.0647905773519,1.856280411062997,v15_faithful,none,V16.0-operative
847.4932010025657,1.8562945812831964,v15_faithful,none,V16.0-operative
848.9240230118161,1.856308751503396,v15_faithful,none,V16.0-operative
850.3572606765781,1.855950973915864,v15_faithful,none,V16.0-operative
851.792918075201,1.855468295469752,v15_faithful,none,V16.0-operative
853.2309992929191,1.854985617023641,v15_faithful,none,V16.0-operative
854.6715084218641,1.854502938577529,v15_faithful,none,V16.0-operative
856.1144495610763,1.8540202601314173,v15_faithful,none,V16.0-operative
857.5598268165164,1.8538641884330835,v15_faithful,none,V16.0-operative
859.0076443010773,1.8538737355697383,v15_faithful,none,V16.0-operative
860.4579061345956,1.8538832827063936,v15_faithful,none,V16.0-operative
861.9106164438635,1.8538928298430488,v15_faithful,none,V16.0-operative
863.3657793626403,1.853902376979704,v15_faithful,none,V16.0-operative
864.8233990316646,1.8539112491759695,v15_faithful,none,V16.0-operative
866.2834795986655,1.853919629498793,v15_faithful,none,V16.0-operative
867.7460252183748,1.8539280098216155,v15_faithful,none,V16.0-operative
869.2110400525389,1.8539363901444388,v15_faithful,none,V16.0-operative
870.6785282699303,1.8539447704672611,v15_faithful,none,V16.0-operative
872.1484940463597,1.853952803416378,v15_faithful,none,V16.0-operative
873.6209415646877,1.8539604796472355,v15_faithful,none,V16.0-operative
875.095875014837,1.8539681558780927,v15_faithful,none,V16.0-operative
876.573298593804,1.8539758321089503,v15_faithful,none,V16.0-operative
878.053216505671,1.853983508339808,v15_faithful,none,V16.0-operative
879.535632961618,1.8539909355851376,v15_faithful,none,V16.0-operative
881.0205521799347,1.8539980019771425,v15_faithful,none,V16.0-operative
882.5079783860326,1.8540050683691476,v15_faithful,none,V16.0-operative
883.9979158124568,1.854012134761152,v15_faithful,none,V16.0-operative
885.4903686988984,1.8540192011531569,v15_faithful,none,V16.0-operative
886.9853412922063,1.8540260861052136,v15_faithful,none,V16.0-operative
888.4828378463993,1.8540325911070688,v15_faithful,none,V16.0-operative
889.9828626226783,1.8540390961089237,v15_faithful,none,V16.0-operative
891.4854198894384,1.8540456011107784,v15_faithful,none,V16.0-operative
892.9905139222809,1.8540521061126336,v15_faithful,none,V16.0-operative
894.4981490040259,1.8540584880592688,v15_faithful,none,V16.0-operative
896.0083294247238,1.8540644762706648,v15_faithful,none,V16.0-operative
897.5210594816682,1.8540704644820607,v15_faithful,none,V16.0-operative
899.0363434794075,1.8540764526934568,v15_faithful,none,V16.0-operative
900.5541857297578,1.8540824409048533,v15_faithful,none,V16.0-operative
902.0745905518146,1.85408835631416,v15_faithful,none,V16.0-operative
903.5975622719656,1.854093868791562,v15_faithful,none,V16.0-operative
905.1231052239021,1.854099381268964,v15_faithful,none,V16.0-operative
906.651223748633,1.8541048937463656,v15_faithful,none,V16.0-operative
908.181922194496,1.854110406223768,v15_faithful,none,V16.0-operative
909.715204917168,1.8541158889441476,v15_faithful,none,V16.0-operative
911.251076279682,1.8541209634822853,v15_faithful,none,V16.0-operative
912.7895406524364,1.854126038020423,v15_faithful,none,V16.0-operative
914.3306024132081,1.854131112558561,v15_faithful,none,V16.0-operative
915.8742659471649,1.8541361870966988,v15_faithful,none,V16.0-operative
917.4205356468781,1.8541412616348367,v15_faithful,none,V16.0-operative
918.9694159123351,1.854145939933933,v15_faithful,none,V16.0-operative
920.5209111509515,1.8541506113249309,v15_faithful,none,V16.0-operative
922.0750257775844,1.8541552827159289,v15_faithful,none,V16.0-operative
923.6317642145441,1.854159954106927,v15_faithful,none,V16.0-operative
925.1911308916071,1.8541646254979245,v15_faithful,none,V16.0-operative
926.7531302460291,1.8541689637051475,v15_faithful,none,V16.0-operative
928.3177667225565,1.8541732639770656,v15_faithful,none,V16.0-operative
929.8850447734405,1.8541775642489848,v15_faithful,none,V16.0-operative
931.4549688584488,1.854181864520904,v15_faithful,none,V16.0-operative
933.0275434448781,1.8541861647928224,v15_faithful,none,V16.0-operative
934.6027730075677,1.8541901874182412,v15_faithful,none,V16.0-operative
936.1806620289118,1.85419414605467,v15_faithful,none,V16.0-operative
937.7612149988719,1.854198104691099,v15_faithful,none,V16.0-operative
939.3444364149899,1.854202063327528,v15_faithful,none,V16.0-operative
940.9303307824014,1.8542060219639565,v15_faithful,none,V16.0-operative
942.5189026138473,1.854209751769729,v15_faithful,none,V16.0-operative
944.1101564296881,1.8542133959119296,v15_faithful,none,V16.0-operative
945.7040967579154,1.8542170400541305,v15_faithful,none,V16.0-operative
947.3007281341656,1.8542206841963311,v15_faithful,none,V16.0-operative
948.9000551017328,1.854224328338532,v15_faithful,none,V16.0-operative
950.5020822115814,1.8542277864619343,v15_faithful,none,V16.0-operative
952.1068140223591,1.8542311410949297,v15_faithful,none,V16.0-operative
953.71425510041,1.8542344957279249,v15_faithful,none,V16.0-operative
955.3244100197878,1.85423785036092,v15_faithful,none,V16.0-operative
956.9372833622682,1.854241204993915,v15_faithful,none,V16.0-operative
958.5528797173627,1.854244411061856,v15_faithful,none,V16.0-operative
960.1712036823307,1.8542474991857305,v15_faithful,none,V16.0-operative
961.7922598621936,1.8542505873096045,v15_faithful,none,V16.0-operative
963.4160528697477,1.8542536754334784,v15_faithful,none,V16.0-operative
965.0425873255762,1.8542567635573528,v15_faithful,none,V16.0-operative
966.6718678580642,1.854259735792947,v15_faithful,none,V16.0-operative
968.3038991034101,1.8542625785805416,v15_faithful,none,V16.0-operative
969.9386857056402,1.854265421368136,v15_faithful,none,V16.0-operative
971.576232316621,1.8542682641557304,v15_faithful,none,V16.0-operative
973.2165435960727,1.854271106943325,v15_faithful,none,V16.0-operative
974.8596242115827,1.8542738622650663,v15_faithful,none,V16.0-operative
976.5054788386186,1.854276479207145,v15_faithful,none,V16.0-operative
978.1541121605414,1.854279096149223,v15_faithful,none,V16.0-operative
979.8055288686193,1.854281713091301,v15_faithful,none,V16.0-operative
981.4597336620407,1.8542843300333791,v15_faithful,none,V16.0-operative
983.1167312479273,1.8542868841474176,v15_faithful,none,V16.0-operative
984.7765263413485,1.854289293186296,v15_faithful,none,V16.0-operative
986.4391236653335,1.854291702225175,v15_faithful,none,V16.0-operative
988.1045279508857,1.8542941112640532,v15_faithful,none,V16.0-operative
989.7727439369957,1.854296520302932,v15_faithful,none,V16.0-operative
991.4437763706552,1.8542988877889208,v15_faithful,none,V16.0-operative
993.11763000687,1.8543011054414889,v15_faithful,none,V16.0-operative
994.7943096086736,1.854303323094056,v15_faithful,none,V16.0-operative
996.4738199471417,1.854305540746624,v15_faithful,none,V16.0-operative
998.156165801404,1.854307758399192,v15_faithful,none,V16.0-operative
999.8413519586594,1.854309952790148,v15_faithful,none,V16.0-operative
1001.5293832141889,1.8543119942611077,v15_faithful,none,V16.0-operative
1003.2202643713694,1.854314035732067,v15_faithful,none,V16.0-operative
1004.9140002416872,1.8543160772030265,v15_faithful,none,V16.0-operative
1006.610595644752,1.8543181186739863,v15_faithful,none,V16.0-operative
1008.3100554083104,1.8543201525305693,v15_faithful,none,V16.0-operative
1010.0123843682595,1.8543220318166849,v15_faithful,none,V16.0-operative
1011.7175873686612,1.8543239111028,v15_faithful,none,V16.0-operative
1013.4256692617552,1.854325790388915,v15_faithful,none,V16.0-operative
1015.1366349079735,1.8543276696750304,v15_faithful,none,V16.0-operative
1016.850489175954,1.854329548961145,v15_faithful,none,V16.0-operative
1018.5672369425541,1.8543312846406892,v15_faithful,none,V16.0-operative
1020.2868830928651,1.8543330146267496,v15_faithful,none,V16.0-operative
1022.0094325202253,1.8543347446128096,v15_faithful,none,V16.0-operative
1023.7348901262351,1.85433647459887,v15_faithful,none,V16.0-operative
1025.4632608207696,1.85433820458493,v15_faithful,none,V16.0-operative
1027.1945495219938,1.854339814067005,v15_faithful,none,V16.0-operative
1028.9287611563755,1.854341406614167,v15_faithful,none,V16.0-operative
1030.6659006587004,1.8543429991613287,v15_faithful,none,V16.0-operative
1032.405972972085,1.8543445917084904,v15_faithful,none,V16.0-operative
1034.1489830479918,1.8543461842556523,v15_faithful,none,V16.0-operative
1035.8949358462426,1.8543476766370168,v15_faithful,none,V16.0-operative
1037.6438363350328,1.8543491426641252,v15_faithful,none,V16.0-operative
1039.3956894909459,1.8543506086912345,v15_faithful,none,V16.0-operative
1041.1505002989668,1.8543520747183435,v15_faithful,none,V16.0-operative
1042.9082737524973,1.8543535407454523,v15_faithful,none,V16.0-operative
1044.6690148533687,1.8543549244739772,v15_faithful,none,V16.0-operative
1046.4327286118578,1.8543562740324304,v15_faithful,none,V16.0-operative
1048.1994200466995,1.8543576235908836,v15_faithful,none,V16.0-operative
1049.969094185102,1.8543589731493364,v15_faithful,none,V16.0-operative
1051.7417560627614,1.8543603227077892,v15_faithful,none,V16.0-operative
1053.517410723875,1.8543616056281456,v15_faithful,none,V16.0-operative
1055.2960632211561,1.8543628479708056,v15_faithful,none,V16.0-operative
1057.0777186158496,1.8543640903134664,v15_faithful,none,V16.0-operative
1058.8623819777438,1.8543653326561265,v15_faithful,none,V16.0-operative
1060.650058385187,1.8543665749987863,v15_faithful,none,V16.0-operative
1062.440752925102,1.8543677643949688,v15_faithful,none,V16.0-operative
1064.2344706929985,1.8543689080396044,v15_faithful,none,V16.0-operative
1066.0312167929897,1.85437005168424,v15_faithful,none,V16.0-operative
1067.830996337806,1.8543711953288755,v15_faithful,none,V16.0-operative
1069.6338144488097,1.8543723389735107,v15_faithful,none,V16.0-operative
1071.4396762560093,1.854373441608412,v15_faithful,none,V16.0-operative
1073.248586898074,1.854374494396096,v15_faithful,none,V16.0-operative
1075.0605515223497,1.85437554718378,v15_faithful,none,V16.0-operative
1076.875575284871,1.854376599971464,v15_faithful,none,V16.0-operative
1078.6936633503788,1.854377652759148,v15_faithful,none,V16.0-operative
1080.5148208923329,1.8543786749113824,v15_faithful,none,V16.0-operative
1082.3390530929275,1.8543796440602545,v15_faithful,none,V16.0-operative
1084.1663651431063,1.854380613209126,v15_faithful,none,V16.0-operative
1085.9967622425766,1.854381582357998,v15_faithful,none,V16.0-operative
1087.830249599824,1.85438255150687,v15_faithful,none,V16.0-operative
1089.6668324321279,1.854383499005038,v15_faithful,none,V16.0-operative
1091.5065159655765,1.85438439115979,v15_faithful,none,V16.0-operative
1093.3493054350804,1.8543852833145429,v15_faithful,none,V16.0-operative
1095.195206084389,1.8543861754692947,v15_faithful,none,V16.0-operative
1097.0442231661038,1.854387067624047,v15_faithful,none,V16.0-operative
1098.8963619416954,1.85438794587861,v15_faithful,none,V16.0-operative
1100.7516276815165,1.854388767156048,v15_faithful,none,V16.0-operative
1102.6100256648178,1.8543895884334856,v15_faithful,none,V16.0-operative
1104.4715611797637,1.8543904097109236,v15_faithful,none,V16.0-operative
1106.3362395234456,1.8543912309883608,v15_faithful,none,V16.0-operative
1108.2040660018986,1.854392045021293,v15_faithful,none,V16.0-operative
1110.0750459301157,1.8543928010522703,v15_faithful,none,V16.0-operative
1111.9491846320632,1.854393557083248,v15_faithful,none,V16.0-operative
1113.8264874406964,1.854394313114225,v15_faithful,none,V16.0-operative
1115.7069596979734,1.854395069145203,v15_faithful,none,V16.0-operative
1117.5906067548715,1.854395821896562,v15_faithful,none,V16.0-operative
1119.4774339714022,1.8543964515437417,v15_faithful,none,V16.0-operative
1121.367446716626,1.8543970811909212,v15_faithful,none,V16.0-operative
1123.2606503686682,1.8543977108381016,v15_faithful,none,V16.0-operative
1125.157050314734,1.8543983404852813,v15_faithful,none,V16.0-operative
1127.0566519511237,1.8543989701324608,v15_faithful,none,V16.0-operative
1128.959460683248,1.8582933468062943,v15_faithful,none,V16.0-operative
1130.865481925644,1.8624324460008592,v15_faithful,none,V16.0-operative
1132.7747211019896,1.866571545195422,v15_faithful,none,V16.0-operative
1134.68718364512,1.870710644389987,v15_faithful,none,V16.0-operative
1136.6028749970426,1.874849743584552,v15_faithful,none,V16.0-operative
1138.5218006089522,1.8814325564793264,v15_faithful,none,V16.0-operative
1140.443965941247,1.888427184743054,v15_faithful,none,V16.0-operative
1142.369376463544,1.895421813006782,v15_faithful,none,V16.0-operative
1144.2980376546946,1.9024164412705065,v15_faithful,none,V16.0-operative
1146.2299550028001,1.9094110695342343,v15_faithful,none,V16.0-operative
1148.1651340052274,1.941225315680496,v15_faithful,none,V16.0-operative
1150.1035801686246,1.9804239414449256,v15_faithful,none,V16.0-operative
1152.0452990089366,2.019622567209356,v15_faithful,none,V16.0-operative
1153.9902960514205,2.058821192973765,v15_faithful,none,V16.0-operative
1155.9385768306627,2.0980198187381744,v15_faithful,none,V16.0-operative
1157.8901468905929,2.1201632136852515,v15_faithful,none,V16.0-operative
1159.8450117845002,2.134486085923879,v15_faithful,none,V16.0-operative
1161.8031770750506,2.148808958162506,v15_faithful,none,V16.0-operative
1163.7646483343,2.163131830401133,v15_faithful,none,V16.0-operative
1165.729431143713,2.1774547026397606,v15_faithful,none,V16.0-operative
1167.6975310941766,2.191662085359486,v15_faithful,none,V16.0-operative
1169.668953786017,2.2057926460298103,v15_faithful,none,V16.0-operative
1171.6437048290154,2.2199232067001344,v15_faithful,none,V16.0-operative
1173.6217898424243,2.2340537673704586,v15_faithful,none,V16.0-operative
1175.6032144549824,2.2481843280407827,v15_faithful,none,V16.0-operative
1177.5879843049327,2.256710216622932,v15_faithful,none,V16.0-operative
1179.576105040036,2.2599674227733413,v15_faithful,none,V16.0-operative
1181.5675823175889,2.263224628923753,v15_faithful,none,V16.0-operative
1183.5624218044388,2.266481835074164,v15_faithful,none,V16.0-operative
1185.5606291770007,2.269739041224576,v15_faithful,none,V16.0-operative
1187.5622101212732,2.272683253320116,v15_faithful,none,V16.0-operative
1189.5671703328542,2.275213186838269,v15_faithful,none,V16.0-operative
1191.5755155169575,2.2777431203564196,v15_faithful,none,V16.0-operative
1193.5872513884296,2.280273053874574,v15_faithful,none,V16.0-operative
1195.6023836717645,2.282802987392728,v15_faithful,none,V16.0-operative
1197.6209181011218,2.284830660944164,v15_faithful,none,V16.0-operative
1199.642860420341,2.285905964326696,v15_faithful,none,V16.0-operative
1201.6682163829598,2.2869812677092267,v15_faithful,none,V16.0-operative
1203.6969917522295,2.288056571091758,v15_faithful,none,V16.0-operative
1205.7291923011308,2.2891318744742897,v15_faithful,none,V16.0-operative
1207.7648238123916,2.2908608481982284,v15_faithful,none,V16.0-operative
1209.8038920785025,2.2944483322669087,v15_faithful,none,V16.0-operative
1211.8464029017339,2.2980358163355894,v15_faithful,none,V16.0-operative
1213.8923620941516,2.3016233004042697,v15_faithful,none,V16.0-operative
1215.9417754776343,2.305210784472948,v15_faithful,none,V16.0-operative
1217.9946488838896,2.308191740674721,v15_faithful,none,V16.0-operative
1220.0509881544708,2.308315669080942,v15_faithful,none,V16.0-operative
1222.110799140794,2.308439597487164,v15_faithful,none,V16.0-operative
1224.174087704153,2.3085635258933848,v15_faithful,none,V16.0-operative
1226.2408597157385,2.3086874542996063,v15_faithful,none,V16.0-operative
1228.3111210566528,2.309359730774021,v15_faithful,none,V16.0-operative
1230.3848776179275,2.3155741243802943,v15_faithful,none,V16.0-operative
1232.4621353005402,2.3217885179865685,v15_faithful,none,V16.0-operative
1234.5429000154306,2.3280029115928427,v15_faithful,none,V16.0-operative
1236.6271776835185,2.3342173051991164,v15_faithful,none,V16.0-operative
1238.7149742357192,2.340433599129571,v15_faithful,none,V16.0-operative
1240.8062956129618,2.34703185009272,v15_faithful,none,V16.0-operative
1242.9011477662054,2.353630101055872,v15_faithful,none,V16.0-operative
1244.9995366564556,2.3602283520190235,v15_faithful,none,V16.0-operative
1247.1014682547825,2.366826602982176,v15_faithful,none,V16.0-operative
1249.2069485423372,2.373424853945328,v15_faithful,none,V16.0-operative
1251.3159835103681,2.3772565891433706,v15_faithful,none,V16.0-operative
1253.4285791602392,2.380847324093874,v15_faithful,none,V16.0-operative
1255.5447415034466,2.384438059044382,v15_faithful,none,V16.0-operative
1257.6644765616352,2.3880287939948897,v15_faithful,none,V16.0-operative
1259.7877903666167,2.3916195289453976,v15_faithful,none,V16.0-operative
1261.9146889603862,2.3940362923097886,v15_faithful,none,V16.0-operative
1264.045178395139,2.396220709621769,v15_faithful,none,V16.0-operative
1266.179264733289,2.3984051269337505,v15_faithful,none,V16.0-operative
1268.3169540474848,2.400589544245732,v15_faithful,none,V16.0-operative
1270.4582524206278,2.4027739615577137,v15_faithful,none,V16.0-operative
1272.6031659458888,2.4064239564108707,v15_faithful,none,V16.0-operative
1274.751700726726,2.4105632568989024,v15_faithful,none,V16.0-operative
1276.903862876902,2.4147025573869323,v15_faithful,none,V16.0-operative
1279.059658520501,2.418841857874964,v15_faithful,none,V16.0-operative
1281.2190937919468,2.422981158362995,v15_faithful,none,V16.0-operative
1283.3821748360197,2.4311741131962497,v15_faithful,none,V16.0-operative
1285.5489078078745,2.4414126420243094,v15_faithful,none,V16.0-operative
1287.7192988730574,2.4516511708523696,v15_faithful,none,V16.0-operative
1289.8933542075242,2.4618896996804303,v15_faithful,none,V16.0-operative
1292.0710799976575,2.4721282285084847,v15_faithful,none,V16.0-operative
1294.2524824402842,2.477165108387529,v15_faithful,none,V16.0-operative
1296.4375677426935,2.47842807047714,v15_faithful,none,V16.0-operative
1298.6263421226543,2.4796910325667514,v15_faithful,none,V16.0-operative
1300.8188118084324,2.4809539946563626,v15_faithful,none,V16.0-operative
1303.01498303881,2.4822169567459733,v15_faithful,none,V16.0-operative
1305.2148620631012,2.481861473253447,v15_faithful,none,V16.0-operative
1307.418455141171,2.479851218421327,v15_faithful,none,V16.0-operative
1309.6257685434534,2.477840963589207,v15_faithful,none,V16.0-operative
1311.8368085509683,2.475830708757087,v15_faithful,none,V16.0-operative
1314.0515814553396,2.473820453924967,v15_faithful,none,V16.0-operative
1316.270093558814,2.476721324433792,v15_faithful,none,V16.0-operative
1318.4923511742782,2.4867079224973647,v15_faithful,none,V16.0-operative
1320.7183606252765,2.496694520560937,v15_faithful,none,V16.0-operative
1322.9481282460292,2.5066811186245097,v15_faithful,none,V16.0-operative
1325.1816603814514,2.516667716688082,v15_faithful,none,V16.0-operative
1327.4189633871697,2.5238399151018647,v15_faithful,none,V16.0-operative
1329.6600436295407,2.5251477165387874,v15_faithful,none,V16.0-operative
1331.90490748567,2.5264555179757098,v15_faithful,none,V16.0-operative
1334.1535613434291,2.527763319412633,v15_faithful,none,V16.0-operative
1336.4060116014746,2.529071120849556,v15_faithful,none,V16.0-operative
1338.6622646692654,2.52962671385019,v15_faithful,none,V16.0-operative
1340.9223269670817,2.5277898481825,v15_faithful,none,V16.0-operative
1343.1862049260437,2.5259529825148106,v15_faithful,none,V16.0-operative
1345.453904988128,2.524116116847124,v15_faithful,none,V16.0-operative
1347.7254336061883,2.5222792511794343,v15_faithful,none,V16.0-operative
1350.000797243972,2.5207656905470857,v15_faithful,none,V16.0-operative
1352.2800023761397,2.521026600345408,v15_faithful,none,V16.0-operative
1354.5630554882828,2.5212875101437304,v15_faithful,none,V16.0-operative
1356.8499630769422,2.5215484199420524,v15_faithful,none,V16.0-operative
1359.1407316496275,2.5218093297403747,v15_faithful,none,V16.0-operative
1361.4353677248341,2.5235422043566857,v15_faithful,none,V16.0-operative
1363.7338778320636,2.545125190072442,v15_faithful,none,V16.0-operative
1366.0362685118403,2.566708175788199,v15_faithful,none,V16.0-operative
1368.3425463157316,2.588291161503956,v15_faithful,none,V16.0-operative
1370.6527178063654,2.6098741472197013,v15_faithful,none,V16.0-operative
1372.96678955745,2.6314571329354584,v15_faithful,none,V16.0-operative
1375.2847681537912,2.6343618589157733,v15_faithful,none,V16.0-operative
1377.6066601913124,2.636961938168568,v15_faithful,none,V16.0-operative
1379.932472277073,2.639562017421363,v15_faithful,none,V16.0-operative
1382.2622110292866,2.6421620966741584,v15_faithful,none,V16.0-operative
1384.5958830773409,2.644762175926952,v15_faithful,none,V16.0-operative
1386.9334950618156,2.655364542882945,v15_faithful,none,V16.0-operative
1389.275053634502,2.666867247798906,v15_faithful,none,V16.0-operative
1391.6205654584214,2.678369952714867,v15_faithful,none,V16.0-operative
1393.9700372078441,2.6898726576308283,v15_faithful,none,V16.0-operative
1396.3234755683088,2.70137536254679,v15_faithful,none,V16.0-operative
1398.680887236643,2.7361040244802504,v15_faithful,none,V16.0-operative
1401.0422789209758,2.776147384125266,v15_faithful,none,V16.0-operative
1403.407657340766,2.816190743770304,v15_faithful,none,V16.0-operative
1405.7770292268158,2.856234103415341,v15_faithful,none,V16.0-operative
1408.1504013212902,2.8962774630603785,v15_faithful,none,V16.0-operative
1410.5277803777378,2.9194983368565945,v15_faithful,none,V16.0-operative
1412.9091731611088,2.936456139556145,v15_faithful,none,V16.0-operative
1415.294586447775,2.9534139422556955,v15_faithful,none,V16.0-operative
1417.684027025548,2.9703717449552367,v15_faithful,none,V16.0-operative
1420.0775016937002,2.9873295476547868,v15_faithful,none,V16.0-operative
1422.4750172629826,3.006504900051405,v15_faithful,none,V16.0-operative
1424.876580555645,3.0269081439612706,v15_faithful,none,V16.0-operative
1427.282198405455,3.047311387871136,v15_faithful,none,V16.0-operative
1429.691877657718,3.0677146317809902,v15_faithful,none,V16.0-operative
1432.1056251692958,3.088117875690856,v15_faithful,none,V16.0-operative
1434.5234478086272,3.104479662443026,v15_faithful,none,V16.0-operative
1436.9453524557468,3.1176470922883626,v15_faithful,none,V16.0-operative
1439.3713460023043,3.130814522133699,v15_faithful,none,V16.0-operative
1441.8014353515855,3.143981951979036,v15_faithful,none,V16.0-operative
1444.23562741853,3.157149381824365,v15_faithful,none,V16.0-operative
1446.6739291297524,3.170916965941548,v15_faithful,none,V16.0-operative
1449.1163474235616,3.185352009590151,v15_faithful,none,V16.0-operative
1451.5628892499801,3.199787053238754,v15_faithful,none,V16.0-operative
1454.0135615707645,3.2142220968873567,v15_faithful,none,V16.0-operative
1456.4683713594245,3.2286571405359594,v15_faithful,none,V16.0-operative
1458.9273256012436,3.2402995793974605,v15_faithful,none,V16.0-operative
1461.3904312932984,3.247544021490237,v15_faithful,none,V16.0-operative
1463.8576954444782,3.2547884635830133,v15_faithful,none,V16.0-operative
1466.3291250755062,3.26203290567579,v15_faithful,none,V16.0-operative
1468.804727218958,3.269277347768566,v15_faithful,none,V16.0-operative
1471.2845089192829,3.2861534965344195,v15_faithful,none,V16.0-operative
1473.7684772328228,3.3251558286070715,v15_faithful,none,V16.0-operative
1476.256639227833,3.364158160679744,v15_faithful,none,V16.0-operative
1478.7490019845022,3.4031604927524164,v15_faithful,none,V16.0-operative
1481.2455725949726,3.442162824825089,v15_faithful,none,V16.0-operative
1483.74635816336,3.478004647093337,v15_faithful,none,V16.0-operative
1486.2513658057737,3.502522663387262,v15_faithful,none,V16.0-operative
1488.760602650338,3.5270406796811486,v15_faithful,none,V16.0-operative
1491.2740758372106,3.551558695975061,v15_faithful,none,V16.0-operative
1493.791792518605,3.5760767122689736,v15_faithful,none,V16.0-operative
1496.3137598588087,3.5976667320151043,v15_faithful,none,V16.0-operative
1498.8399850342053,3.600189410084915,v15_faithful,none,V16.0-operative
1501.3704752332942,3.6027120881547265,v15_faithful,none,V16.0-operative
1503.9052376567108,3.605234766224536,v15_faithful,none,V16.0-operative
1506.444279517248,3.6077574442943465,v15_faithful,none,V16.0-operative
1508.9876080398753,3.6121219806857634,v15_faithful,none,V16.0-operative
1511.5352304617609,3.652988186270413,v15_faithful,none,V16.0-operative
1514.0871540322903,3.693854391855064,v15_faithful,none,V16.0-operative
1516.6433860130896,3.7347205974397126,v15_faithful,none,V16.0-operative
1519.2039336780435,3.775586803024341,v15_faithful,none,V16.0-operative
1521.768804313318,3.816453008608991,v15_faithful,none,V16.0-operative
1524.33800521738,3.824592866759463,v15_faithful,none,V16.0-operative
1526.9115437010182,3.8314736481116354,v15_faithful,none,V16.0-operative
1529.4894270873644,3.838354429463808,v15_faithful,none,V16.0-operative
1532.0716627119139,3.845235210815981,v15_faithful,none,V16.0-operative
1534.6582579225467,3.8521159921681476,v15_faithful,none,V16.0-operative
1537.2492200795477,3.866103267516444,v15_faithful,none,V16.0-operative
1539.844556555629,3.881079211644781,v15_faithful,none,V16.0-operative
1542.4442747359492,3.8960551557731176,v15_faithful,none,V16.0-operative
1545.048382018136,3.911031099901456,v15_faithful,none,V16.0-operative
1547.6568858123055,3.926007044029793,v15_faithful,none,V16.0-operative
1550.2697935410856,3.934732431368801,v15_faithful,none,V16.0-operative
1552.8871126396348,3.9418240822505046,v15_faithful,none,V16.0-operative
1555.5088505556648,3.948915733132208,v15_faithful,none,V16.0-operative
1558.135014749461,3.9560073840139127,v15_faithful,none,V16.0-operative
1560.7656126939046,3.963099034895616,v15_faithful,none,V16.0-operative
1563.4006518744925,3.966395371872251,v15_faithful,none,V16.0-operative
1566.0401397893597,3.968124157779218,v15_faithful,none,V16.0-operative
1568.6840839493002,3.969852943686186,v15_faithful,none,V16.0-operative
1571.332491877789,3.971581729593154,v15_faithful,none,V16.0-operative
1573.985371111002,3.973310515500122,v15_faithful,none,V16.0-operative
1576.6427291978393,3.980974538648454,v15_faithful,none,V16.0-operative
1579.3045736999452,3.992236013440228,v15_faithful,none,V16.0-operative
1581.9709121917306,4.0034974882319965,v15_faithful,none,V16.0-operative
1584.6417522603945,4.014758963023771,v15_faithful,none,V16.0-operative
1587.3171015059447,4.026020437815546,v15_faithful,none,V16.0-operative
1589.996967541221,4.097851822696936,v15_faithful,none,V16.0-operative
1592.6813579919149,4.221793920649563,v15_faithful,none,V16.0-operative
1595.370280496593,4.345736018602189,v15_faithful,none,V16.0-operative
1598.0637427067184,4.469678116554749,v15_faithful,none,V16.0-operative
1600.761752286671,4.593620214507375,v15_faithful,none,V16.0-operative
1603.4643169137719,4.666010227088817,v15_faithful,none,V16.0-operative
1606.1714442783027,4.676013207090538,v15_faithful,none,V16.0-operative
1608.883142083529,4.686016187092259,v15_faithful,none,V16.0-operative
1611.5994180457217,4.696019167093979,v15_faithful,none,V16.0-operative
1614.3202798941807,4.706022147095705,v15_faithful,none,V16.0-operative
1617.0457353712504,4.712743872751169,v15_faithful,none,V16.0-operative
1619.7757922323515,4.713815101525616,v15_faithful,none,V16.0-operative
1622.5104582459967,4.714886330300064,v15_faithful,none,V16.0-operative
1625.2497411938139,4.715957559074511,v15_faithful,none,V16.0-operative
1627.9936488705687,4.717028787848958,v15_faithful,none,V16.0-operative
1630.7421890841872,4.718103287521942,v15_faithful,none,V16.0-operative
1633.495369655777,4.719186103459565,v15_faithful,none,V16.0-operative
1636.2531984196505,4.7202689193971885,v15_faithful,none,V16.0-operative
1639.0156832233465,4.721351735334811,v15_faithful,none,V16.0-operative
1641.7828319276525,4.722434551272435,v15_faithful,none,V16.0-operative
1644.554652406628,4.723519683329358,v15_faithful,none,V16.0-operative
1647.331152547626,4.724614244106848,v15_faithful,none,V16.0-operative
1650.1123402513158,4.725708804884338,v15_faithful,none,V16.0-operative
1652.898223431705,4.726803365661828,v15_faithful,none,V16.0-operative
1655.6888100161627,4.727897926439319,v15_faithful,none,V16.0-operative
1658.484107945442,4.728993821717518,v15_faithful,none,V16.0-operative
1661.2841251737018,4.730100284939656,v15_faithful,none,V16.0-operative
1664.0888696685306,4.731206748161794,v15_faithful,none,V16.0-operative
1666.8983494109682,4.732313211383932,v15_faithful,none,V16.0-operative
1669.712572395529,4.73341967460607,v15_faithful,none,V16.0-operative
1672.531546630224,4.734526463890017,v15_faithful,none,V16.0-operative
1675.355280136585,4.735644987115253,v15_faithful,none,V16.0-operative
1678.183780949686,4.736763510340491,v15_faithful,none,V16.0-operative
1681.0170571181663,4.737882033565727,v15_faithful,none,V16.0-operative
1683.8551167042547,4.7390005567909625,v15_faithful,none,V16.0-operative
1686.6979677837903,4.7401190800162,v15_faithful,none,V16.0-operative
1689.5456184462475,4.741249111595488,v15_faithful,none,V16.0-operative
1692.3980767947578,4.742379852361856,v15_faithful,none,V16.0-operative
1695.2553509461331,4.743510593128224,v15_faithful,none,V16.0-operative
1698.117449030889,4.744641333894591,v15_faithful,none,V16.0-operative
1700.9843791932683,4.745772074660958,v15_faithful,none,V16.0-operative
1703.8561495912627,4.746913419267155,v15_faithful,none,V16.0-operative
1706.7327683966382,4.74805653511774,v15_faithful,none,V16.0-operative
1709.614243794956,4.749199650968323,v15_faithful,none,V16.0-operative
1712.5005839855985,4.750342766818906,v15_faithful,none,V16.0-operative
1715.3917971817893,4.751485882669491,v15_faithful,none,V16.0-operative
1718.28789161062,4.75263867106032,v15_faithful,none,V16.0-operative
1721.1888755130706,4.753794319568264,v15_faithful,none,V16.0-operative
1724.0947571440354,4.754949968076207,v15_faithful,none,V16.0-operative
1727.0055447723453,4.75610561658415,v15_faithful,none,V16.0-operative
1729.9212466807905,4.757261265092093,v15_faithful,none,V16.0-operative
1732.8418711661466,4.75842562806503,v15_faithful,none,V16.0-operative
1735.767426539195,4.759593966858813,v15_faithful,none,V16.0-operative
1738.6979211247494,4.760762305652596,v15_faithful,none,V16.0-operative
1741.6333632616777,4.76193064444638,v15_faithful,none,V16.0-operative
1744.5737613029264,4.763098983240163,v15_faithful,none,V16.0-operative
1747.5191236155442,4.764275051648599,v15_faithful,none,V16.0-operative
1750.4694585807065,4.765456238436487,v15_faithful,none,V16.0-operative
1753.4247745937375,4.766637425224375,v15_faithful,none,V16.0-operative
1756.3850800641362,4.767818612012263,v15_faithful,none,V16.0-operative
1759.3503834155988,4.768999798800151,v15_faithful,none,V16.0-operative
1762.3206930860435,4.77018770356959,v15_faithful,none,V16.0-operative
1765.2960175276344,4.7713818961642085,v15_faithful,none,V16.0-operative
1768.2763652068045,4.772576088758826,v15_faithful,none,V16.0-operative
1771.2617446042818,4.773770281353444,v15_faithful,none,V16.0-operative
1774.2521642151116,4.774964473948063,v15_faithful,none,V16.0-operative
1777.2476325486816,4.776153288491644,v15_faithful,none,V16.0-operative
1780.248158128746,4.777335016134906,v15_faithful,none,V16.0-operative
1783.2537494934493,4.778516743778169,v15_faithful,none,V16.0-operative
1786.2644151953511,4.77969847142143,v15_faithful,none,V16.0-operative
1789.2801638014505,4.780880199064691,v15_faithful,none,V16.0-operative
1792.3010038932102,4.782034464233397,v15_faithful,none,V16.0-operative
1795.3269440665806,4.783136905481015,v15_faithful,none,V16.0-operative
1798.357992932025,4.784239346728634,v15_faithful,none,V16.0-operative
1801.3941591145435,4.785341787976253,v15_faithful,none,V16.0-operative
1804.4354512536984,4.786444229223871,v15_faithful,none,V16.0-operative
1807.4818780036371,4.787552345095517,v15_faithful,none,V16.0-operative
1810.5334480331185,4.788676504289601,v15_faithful,none,V16.0-operative
1813.5901700255372,4.789800663483685,v15_faithful,none,V16.0-operative
1816.652052678947,4.790924822677769,v15_faithful,none,V16.0-operative
1819.7191047060878,4.7920489818718535,v15_faithful,none,V16.0-operative
1822.7913348344084,4.7931743691346576,v15_faithful,none,V16.0-operative
1825.8687518060922,4.794305497911029,v15_faithful,none,V16.0-operative
1828.9513643780822,4.795436626687402,v15_faithful,none,V16.0-operative
1832.039181322106,4.796567755463774,v15_faithful,none,V16.0-operative
1835.1322114247,4.797698884240146,v15_faithful,none,V16.0-operative
1838.2304634872353,4.79872910296071,v15_faithful,none,V16.0-operative
1841.333946325942,4.798752800198398,v15_faithful,none,V16.0-operative
1844.4426687719347,4.798776497436085,v15_faithful,none,V16.0-operative
1847.556639671238,4.798800194673774,v15_faithful,none,V16.0-operative
1850.6758678848107,4.798823891911463,v15_faithful,none,V16.0-operative
1853.800362288572,4.798847590083924,v15_faithful,none,V16.0-operative
1856.9301317734255,4.798871442148318,v15_faithful,none,V16.0-operative
1860.0651852452863,4.798895294212712,v15_faithful,none,V16.0-operative
1863.205531625105,4.798919146277106,v15_faithful,none,V16.0-operative
1866.3511798488933,4.7989429983415,v15_faithful,none,V16.0-operative
1869.5021388677492,4.798966850405894,v15_faithful,none,V16.0-operative
1872.6584176478837,4.798990846546712,v15_faithful,none,V16.0-operative
1875.8200251706446,4.79901485505364,v15_faithful,none,V16.0-operative
1878.9869704325438,4.799038863560568,v15_faithful,none,V16.0-operative
1882.159262445281,4.799062872067497,v15_faithful,none,V16.0-operative
1885.336910235771,4.799086880574424,v15_faithful,none,V16.0-operative
1888.5199228461688,4.799111021186229,v15_faithful,none,V16.0-operative
1891.7083093338945,4.799135187737723,v15_faithful,none,V16.0-operative
1894.9020787716609,4.799159354289218,v15_faithful,none,V16.0-operative
1898.1012402474973,4.799183520840712,v15_faithful,none,V16.0-operative
1901.305802864777,4.799207687392208,v15_faithful,none,V16.0-operative
1904.5157757422423,4.799231973794416,v15_faithful,none,V16.0-operative
1907.7311680140303,4.799256299979185,v15_faithful,none,V16.0-operative
1910.9519888296998,4.799280626163956,v15_faithful,none,V16.0-operative
1914.1782473542562,4.799304952348726,v15_faithful,none,V16.0-operative
1917.4099527681792,4.799329278533497,v15_faithful,none,V16.0-operative
1920.6471142674466,4.785075285680638,v15_faithful,none,V16.0-operative
1923.8897410635625,4.763651178677277,v15_faithful,none,V16.0-operative
1927.137842383583,4.742227071673915,v15_faithful,none,V16.0-operative
1930.3914274701415,4.720802964670553,v15_faithful,none,V16.0-operative
1933.6505055814762,4.699378857667183,v15_faithful,none,V16.0-operative
1936.9150859914562,4.681744983543807,v15_faithful,none,V16.0-operative
1940.185177989607,4.666848768441124,v15_faithful,none,V16.0-operative
1943.4607908811379,4.6519525533384245,v15_faithful,none,V16.0-operative
1946.7419339869684,4.637056338235726,v15_faithful,none,V16.0-operative
1950.0286166437545,4.6221601231330265,v15_faithful,none,V16.0-operative
1953.3208482039147,4.610055299752789,v15_faithful,none,V16.0-operative
1956.618638035658,4.600792137313333,v15_faithful,none,V16.0-operative
1959.921995523009,4.591528974873882,v15_faithful,none,V16.0-operative
1963.2309300658358,4.582265812434427,v15_faithful,none,V16.0-operative
1966.545451079876,4.5730026499949705,v15_faithful,none,V16.0-operative
1969.8655679967642,4.567610787961569,v15_faithful,none,V16.0-operative
1973.191290264058,4.567779360313301,v15_faithful,none,V16.0-operative
1976.5226273452652,4.567947932665032,v15_faithful,none,V16.0-operative
1979.8595887198715,4.5681165050167625,v15_faithful,none,V16.0-operative
1983.2021838833662,4.568285077368494,v15_faithful,none,V16.0-operative
1986.55042234727,4.57571040576488,v15_faithful,none,V16.0-operative
1989.9043136391617,4.598181964223281,v15_faithful,none,V16.0-operative
1993.263867302706,4.620653522681681,v15_faithful,none,V16.0-operative
1996.62909289768,4.64312508114007,v15_faithful,none,V16.0-operative
2000.0000000000002,4.665596639598471,v15_faithful,none,V16.0-operative
2003.3765982017503,4.688217463212509,v15_faithful,none,V16.0-operative
2006.7588971112086,4.711310213758212,v15_faithful,none,V16.0-operative
2010.1469063528746,4.734402964303915,v15_faithful,none,V16.0-operative
2013.5406355674968,4.757495714849617,v15_faithful,none,V16.0-operative
2016.940094412101,4.78058846539532,v15_faithful,none,V16.0-operative
2020.3452925600157,4.800101061607078,v15_faithful,none,V16.0-operative
2023.756239700902,4.80012654868385,v15_faithful,none,V16.0-operative
2027.1729455407792,4.800152035760611,v15_faithful,none,V16.0-operative
2030.595419802054,4.800177522837372,v15_faithful,none,V16.0-operative
2034.023672223547,4.800203009914134,v15_faithful,none,V16.0-operative
2037.4577125605206,4.8002285090459935,v15_faithful,none,V16.0-operative
2040.8975505847075,4.800254168039475,v15_faithful,none,V16.0-operative
2044.3431960843377,4.800279827032956,v15_faithful,none,V16.0-operative
2047.794658864167,4.800305486026436,v15_faithful,none,V16.0-operative
2051.2519487455043,4.800331145019918,v15_faithful,none,V16.0-operative
2054.7150755662396,4.800356804013399,v15_faithful,none,V16.0-operative
2058.1840491808725,4.8003826338176925,v15_faithful,none,V16.0-operative
2061.65887946054,4.800408466216393,v15_faithful,none,V16.0-operative
2065.1395762930442,4.800434298615093,v15_faithful,none,V16.0-operative
2068.626149582881,4.800460131013792,v15_faithful,none,V16.0-operative
2072.118609251269,4.800485963412492,v15_faithful,none,V16.0-operative
2075.616965236174,4.800511953199528,v15_faithful,none,V16.0-operative
2079.121227492343,4.80053796048286,v15_faithful,none,V16.0-operative
2082.631405991329,4.80056396776619,v15_faithful,none,V16.0-operative
2086.1475107215183,4.800589975049521,v15_faithful,none,V16.0-operative
2089.6695516881623,4.800615982332851,v15_faithful,none,V16.0-operative
2093.1975389134036,4.75654026078121,v15_faithful,none,V16.0-operative
2096.7314824363048,4.702445214820724,v15_faithful,none,V16.0-operative
2100.2713923128786,4.648350168860265,v15_faithful,none,V16.0-operative
2103.817278616114,4.594255122899779,v15_faithful,none,V16.0-operative
2107.369151436007,4.5401600769392925,v15_faithful,none,V16.0-operative
2110.9270208795883,4.501953698854087,v15_faithful,none,V16.0-operative
2114.490897070952,4.469630253023148,v15_faithful,none,V16.0-operative
2118.060790151286,4.437306807192207,v15_faithful,none,V16.0-operative
2121.6367102788968,4.4049833613612845,v15_faithful,none,V16.0-operative
2125.218667629244,4.3726599155303445,v15_faithful,none,V16.0-operative
2128.8066723949655,4.3598087624722766,v15_faithful,none,V16.0-operative
2132.400734785907,4.357688710763016,v15_faithful,none,V16.0-operative
2136.000865029151,4.355568659053756,v15_faithful,none,V16.0-operative
2139.6070733690485,4.353448607344496,v15_faithful,none,V16.0-operative
2143.2193700672433,4.351328555635237,v15_faithful,none,V16.0-operative
2146.837765402706,4.349547623285939,v15_faithful,none,V16.0-operative
2150.4622696717597,4.3480335506896175,v15_faithful,none,V16.0-operative
2154.0928931881126,4.346519478093296,v15_faithful,none,V16.0-operative
2157.729646282883,4.345005405496976,v15_faithful,none,V16.0-operative
2161.3725393046343,4.343491332900656,v15_faithful,none,V16.0-operative
2165.0215826193985,4.341702941814088,v15_faithful,none,V16.0-operative
2168.6767866107098,4.339610795493588,v15_faithful,none,V16.0-operative
2172.3381616796332,4.337518649173087,v15_faithful,none,V16.0-operative
2176.0057182447936,4.335426502852585,v15_faithful,none,V16.0-operative
2179.679466742405,4.333334356532084,v15_faithful,none,V16.0-operative
2183.3594176263023,4.324885605350191,v15_faithful,none,V16.0-operative
2187.0455813679678,4.30647169204357,v15_faithful,none,V16.0-operative
2190.7379684565644,4.288057778736919,v15_faithful,none,V16.0-operative
2194.4365893989625,4.269643865430277,v15_faithful,none,V16.0-operative
2198.141454719772,4.251229952123636,v15_faithful,none,V16.0-operative
2201.852574961372,4.215658310674969,v15_faithful,none,V16.0-operative
2205.5699606839385,4.140873560833695,v15_faithful,none,V16.0-operative
2209.293622465478,4.066088810992461,v15_faithful,none,V16.0-operative
2213.0235709018557,3.9913040611512285,v15_faithful,none,V16.0-operative
2216.7598166068246,3.9165193113099153,v15_faithful,none,V16.0-operative
2220.502370212058,3.852020337875085,v15_faithful,none,V16.0-operative
2224.251242367178,3.824140670173773,v15_faithful,none,V16.0-operative
2228.0064437397864,3.796261002472475,v15_faithful,none,V16.0-operative
2231.7679850154964,3.7683813347711625,v15_faithful,none,V16.0-operative
2235.53587689796,3.74050166706985,v15_faithful,none,V16.0-operative
2239.3101301089005,3.714942988653047,v15_faithful,none,V16.0-operative
2243.090755388144,3.704357561328913,v15_faithful,none,V16.0-operative
2246.877763493647,3.6937721340047807,v15_faithful,none,V16.0-operative
2250.671165201529,3.683186706680648,v15_faithful,none,V16.0-operative
2254.4709713061047,3.672601279356521,v15_faithful,none,V16.0-operative
2258.27719261991,3.662335210286829,v15_faithful,none,V16.0-operative
2262.0898399737366,3.6582510247406272,v15_faithful,none,V16.0-operative
2265.908924216663,3.654166839194426,v15_faithful,none,V16.0-operative
2269.7344562160824,3.650082653648224,v15_faithful,none,V16.0-operative
2273.5664468577374,3.6459984681020208,v15_faithful,none,V16.0-operative
2277.404907045747,3.641914282555821,v15_faithful,none,V16.0-operative
2281.2498477026406,3.614313937065289,v15_faithful,none,V16.0-operative
2285.101279769389,3.585836391676263,v15_faithful,none,V16.0-operative
2288.9592142054316,3.557358846287238,v15_faithful,none,V16.0-operative
2292.8236619887143,3.528881300898212,v15_faithful,none,V16.0-operative
2296.694634115715,3.5004037555091867,v15_faithful,none,V16.0-operative
2300.572141601477,3.4920532744087778,v15_faithful,none,V16.0-operative
2304.4561954796413,3.4864745556269447,v15_faithful,none,V16.0-operative
2308.3468068024754,3.480895836845111,v15_faithful,none,V16.0-operative
2312.243986640908,3.475317118063278,v15_faithful,none,V16.0-operative
2316.14774608456,3.469738399281441,v15_faithful,none,V16.0-operative
2320.0580962417685,3.4671673502800497,v15_faithful,none,V16.0-operative
2323.975048239631,3.4653772352347105,v15_faithful,none,V16.0-operative
2327.8986132240307,3.46358712018937,v15_faithful,none,V16.0-operative
2331.8288023596647,3.4617970051440303,v15_faithful,none,V16.0-operative
2335.7656268300834,3.4600068900986907,v15_faithful,none,V16.0-operative
2339.7090978377155,3.459135158584489,v15_faithful,none,V16.0-operative
2343.6592266039042,3.458640750323412,v15_faithful,none,V16.0-operative
2347.616024368937,3.4581463420623355,v15_faithful,none,V16.0-operative
2351.579502392079,3.457651933801259,v15_faithful,none,V16.0-operative
2355.5496719516036,3.457157525540182,v15_faithful,none,V16.0-operative
2359.526544344826,3.4574558031799474,v15_faithful,none,V16.0-operative
2363.5101308881344,3.4582323229314618,v15_faithful,none,V16.0-operative
2367.500442917022,3.4590088426829766,v15_faithful,none,V16.0-operative
2371.49749178612,3.4597853624344905,v15_faithful,none,V16.0-operative
2375.5012888692304,3.460561882186005,v15_faithful,none,V16.0-operative
2379.5118455593556,3.462037138117868,v15_faithful,none,V16.0-operative
2383.529173268735,3.464110921501417,v15_faithful,none,V16.0-operative
2387.5532834288742,3.4661847048849665,v15_faithful,none,V16.0-operative
2391.5841874905786,3.468258488268516,v15_faithful,none,V16.0-operative
2395.621896923986,3.4703322716520644,v15_faithful,none,V16.0-operative
2399.6664232185994,3.485759168967704,v15_faithful,none,V16.0-operative
2403.7177778833193,3.517274937735648,v15_faithful,none,V16.0-operative
2407.775972446477,3.54879070650359,v15_faithful,none,V16.0-operative
2411.841018455867,3.5803064752715343,v15_faithful,none,V16.0-operative
2415.9129274787797,3.611822244039479,v15_faithful,none,V16.0-operative
2419.9917111020345,3.632514048541146,v15_faithful,none,V16.0-operative
2424.0773809320135,3.6346533204391056,v15_faithful,none,V16.0-operative
2428.1699485946924,3.636792592337065,v15_faithful,none,V16.0-operative
2432.269425735677,3.638931864235024,v15_faithful,none,V16.0-operative
2436.3758240202324,3.641071136132984,v15_faithful,none,V16.0-operative
2440.4891551333194,3.643956237850943,v15_faithful,none,V16.0-operative
2444.6094307796266,3.648727478587603,v15_faithful,none,V16.0-operative
2448.7366626836024,3.653498719324261,v15_faithful,none,V16.0-operative
2452.870862589491,3.6582699600609208,v15_faithful,none,V16.0-operative
2457.0120422613636,3.663041200797581,v15_faithful,none,V16.0-operative
2461.1602134831523,3.669090862010245,v15_faithful,none,V16.0-operative
2465.3153880586856,3.680309325951492,v15_faithful,none,V16.0-operative
2469.4775778117187,3.691527789892738,v15_faithful,none,V16.0-operative
2473.6467945859695,3.70274625383398,v15_faithful,none,V16.0-operative
2477.823050245151,3.713964717775226,v15_faithful,none,V16.0-operative
2482.0063566730078,3.733497198157756,v15_faithful,none,V16.0-operative
2486.196725773345,3.818156602895375,v15_faithful,none,V16.0-operative
2490.3941694700666,3.9028160076329934,v15_faithful,none,V16.0-operative
2494.5986997072073,3.9874754123705243,v15_faithful,none,V16.0-operative
2498.810328448967,4.072134817108187,v15_faithful,none,V16.0-operative
2503.029067679745,4.1580046309728615,v15_faithful,none,V16.0-operative
2507.254929404173,4.285702980279319,v15_faithful,none,V16.0-operative
2511.4879256471504,4.413401329585776,v15_faithful,none,V16.0-operative
2515.728068453879,4.541099678892233,v15_faithful,none,V16.0-operative
2519.9753698898962,4.668798028198758,v15_faithful,none,V16.0-operative
2524.2298420411084,4.79649637750508,v15_faithful,none,V16.0-operative
2528.4914970138284,4.803798723829812,v15_faithful,none,V16.0-operative
2532.7603469348073,4.803829146132386,v15_faithful,none,V16.0-operative
2537.036403951269,4.8038595684349605,v15_faithful,none,V16.0-operative
2541.3196802309476,4.803889990737535,v15_faithful,none,V16.0-operative
2545.610187962118,4.8039204130401085,v15_faithful,none,V16.0-operative
2549.9079393536326,4.803951014275899,v15_faithful,none,V16.0-operative
2554.2129466349575,4.8039816451357815,v15_faithful,none,V16.0-operative
2558.5252220562047,4.804012275995664,v15_faithful,none,V16.0-operative
2562.844777888168,4.804042906855546,v15_faithful,none,V16.0-operative
2567.171626422359,4.804073537715428,v15_faithful,none,V16.0-operative
2571.5057799710403,4.804104330814592,v15_faithful,none,V16.0-operative
2575.8472508672603,4.804135171591384,v15_faithful,none,V16.0-operative
2580.1960514648913,4.804166012368176,v15_faithful,none,V16.0-operative
2584.5521941386605,4.804196853144968,v15_faithful,none,V16.0-operative
2588.9156912841895,4.804227693921761,v15_faithful,none,V16.0-operative
2593.2865553180263,4.804258680011759,v15_faithful,none,V16.0-operative
2597.664798677681,4.804289732063924,v15_faithful,none,V16.0-operative
2602.0504338216633,4.804320784116089,v15_faithful,none,V16.0-operative
2606.4434732295163,4.804351836168254,v15_faithful,none,V16.0-operative
2610.8439294018513,4.80438288822042,v15_faithful,none,V16.0-operative
2615.2518148603854,4.804414068428006,v15_faithful,none,V16.0-operative
2619.667142147976,4.804445333113105,v15_faithful,none,V16.0-operative
2624.0899238286565,4.804476597798205,v15_faithful,none,V16.0-operative
2628.520172487672,4.804507862483304,v15_faithful,none,V16.0-operative
2632.9579007315147,4.804539127168403,v15_faithful,none,V16.0-operative
2637.4031211879615,4.804570502619773,v15_faithful,none,V16.0-operative
2641.8558465061083,4.804601981294685,v15_faithful,none,V16.0-operative
2646.3160893564063,4.804633459969598,v15_faithful,none,V16.0-operative
2650.783862430698,4.80466493864451,v15_faithful,none,V16.0-operative
2655.259178442254,4.804696417319422,v15_faithful,none,V16.0-operative
2659.742050125808,4.804727989140378,v15_faithful,none,V16.0-operative
2664.2324902375954,4.804759683161559,v15_faithful,none,V16.0-operative
2668.7305115553854,4.80479137718274,v15_faithful,none,V16.0-operative
2673.236126878522,4.804823071203921,v15_faithful,none,V16.0-operative
2677.749349027958,4.804854765225104,v15_faithful,none,V16.0-operative
2682.270190846291,4.804886534541201,v15_faithful,none,V16.0-operative
2686.7986651978003,4.804918445264891,v15_faithful,none,V16.0-operative
2691.3347849684865,4.80495035598858,v15_faithful,none,V16.0-operative
2695.8785630661023,4.804982266712269,v15_faithful,none,V16.0-operative
2700.4300124201955,4.805014177435958,v15_faithful,none,V16.0-operative
2704.9891459821406,4.805046145372652,v15_faithful,none,V16.0-operative
2709.555976725179,4.805078274155089,v15_faithful,none,V16.0-operative
2714.130517644455,4.805110402937525,v15_faithful,none,V16.0-operative
2718.7127817570513,4.805142531719961,v15_faithful,none,V16.0-operative
2723.3027821020296,4.805174660502399,v15_faithful,none,V16.0-operative
2727.900531740463,4.805206828185184,v15_faithful,none,V16.0-operative
2732.506043755477,4.805239176382846,v15_faithful,none,V16.0-operative
2737.119331252285,4.805271524580511,v15_faithful,none,V16.0-operative
2741.740407358226,4.805303872778174,v15_faithful,none,V16.0-operative
2746.369285222802,4.805336220975838,v15_faithful,none,V16.0-operative
2751.0059780177144,4.805368589530406,v15_faithful,none,V16.0-operative
2755.6504989369037,4.805401158500217,v15_faithful,none,V16.0-operative
2760.3028611965847,4.805433727470028,v15_faithful,none,V16.0-operative
2764.963078035286,4.805466296439839,v15_faithful,none,V16.0-operative
2769.6311627138857,4.80549886540965,v15_faithful,none,V16.0-operative
2774.307128515651,4.805531435962024,v15_faithful,none,V16.0-operative
2778.990988746275,4.805564227061545,v15_faithful,none,V16.0-operative
2783.6827567339155,4.805597018161065,v15_faithful,none,V16.0-operative
2788.3824458292306,4.805629809260586,v15_faithful,none,V16.0-operative
2793.0900694054203,4.805662600360107,v15_faithful,none,V16.0-operative
2797.8056408582606,4.805695391459628,v15_faithful,none,V16.0-operative
2802.5291736061445,4.805728388624453,v15_faithful,none,V16.0-operative
2807.26068109012,4.805761403212135,v15_faithful,none,V16.0-operative
2812.0001767739263,4.805794417799818,v15_faithful,none,V16.0-operative
2816.747674144034,4.805827432387502,v15_faithful,none,V16.0-operative
2821.5031867096836,4.805860446975185,v15_faithful,none,V16.0-operative
2826.266728002922,4.80589364975091,v15_faithful,none,V16.0-operative
2831.038311578642,4.805926889186249,v15_faithful,none,V16.0-operative
2835.8179510146233,4.805960128621588,v15_faithful,none,V16.0-operative
2840.605659911567,4.805993368056927,v15_faithful,none,V16.0-operative
2845.4014518931363,4.806026607492266,v15_faithful,none,V16.0-operative
2850.205340605996,4.806060017008011,v15_faithful,none,V16.0-operative
2855.0173397198505,4.806093482651785,v15_faithful,none,V16.0-operative
2859.837462927482,4.8061269482955575,v15_faithful,none,V16.0-operative
2864.6657239447914,4.806160413939332,v15_faithful,none,V16.0-operative
2869.502136510835,4.8061938795831045,v15_faithful,none,V16.0-operative
2874.346714387865,4.806227496969066,v15_faithful,none,V16.0-operative
2879.1994713613694,4.806261190183516,v15_faithful,none,V16.0-operative
2884.060421240109,4.806294883397967,v15_faithful,none,V16.0-operative
2888.929577856158,4.806328576612417,v15_faithful,none,V16.0-operative
2893.806955064944,4.806362269826868,v15_faithful,none,V16.0-operative
2898.692566745286,4.801940122825989,v15_faithful,none,V16.0-operative
2903.5864267994357,4.794313892970875,v15_faithful,none,V16.0-operative
2908.488549153114,4.786687663115765,v15_faithful,none,V16.0-operative
2913.3989477555547,4.779061433260651,v15_faithful,none,V16.0-operative
2918.3176365795407,4.771435203405537,v15_faithful,none,V16.0-operative
2923.244629621446,4.7180338789314185,v15_faithful,none,V16.0-operative
2928.1799409012738,4.618235289738691,v15_faithful,none,V16.0-operative
2933.1235844626976,4.518436700546017,v15_faithful,none,V16.0-operative
2938.0755743731015,4.418638111353289,v15_faithful,none,V16.0-operative
2943.035924723619,4.3188395221605616,v15_faithful,none,V16.0-operative
2948.0046496291725,4.249130750400925,v15_faithful,none,V16.0-operative
2952.981763228517,4.222447028764608,v15_faithful,none,V16.0-operative
2957.9672796842765,4.195763307128292,v15_faithful,none,V16.0-operative
2962.9612131829854,4.169079585491976,v15_faithful,none,V16.0-operative
2967.9635779351297,4.142395863855674,v15_faithful,none,V16.0-operative
2972.9743881751874,4.153359577156888,v15_faithful,none,V16.0-operative
2977.9936581616685,4.241996610163903,v15_faithful,none,V16.0-operative
2983.0214021771544,4.330633643170918,v15_faithful,none,V16.0-operative
2988.057634528341,4.419270676177934,v15_faithful,none,V16.0-operative
2993.102369546078,4.507907709184948,v15_faithful,none,V16.0-operative
2998.15562158541,4.578295678374968,v15_faithful,none,V16.0-operative
3003.2174050256162,4.591328157903986,v15_faithful,none,V16.0-operative
3008.287734270253,4.604360637432991,v15_faithful,none,V16.0-operative
3013.3666237471953,4.61739311696201,v15_faithful,none,V16.0-operative
3018.4540879086744,4.630425596491028,v15_faithful,none,V16.0-operative
3023.5501412313233,4.642599504531765,v15_faithful,none,V16.0-operative
3028.654798216215,4.650138600989777,v15_faithful,none,V16.0-operative
3033.768073388904,4.657677697447788,v15_faithful,none,V16.0-operative
3038.8899812994705,4.6652167939058,v15_faithful,none,V16.0-operative
3044.0205365225565,4.672755890363812,v15_faithful,none,V16.0-operative
3049.1597536574127,4.68154848567952,v15_faithful,none,V16.0-operative
3054.307647327937,4.706690756675273,v15_faithful,none,V16.0-operative
3059.464232182717,4.731833027671026,v15_faithful,none,V16.0-operative
3064.6295228950703,4.756975298666779,v15_faithful,none,V16.0-operative
3069.8035341630894,4.782117569662533,v15_faithful,none,V16.0-operative
3074.9862807096797,4.807259840658259,v15_faithful,none,V16.0-operative
3080.1777772826053,4.807643748604472,v15_faithful,none,V16.0-operative
3085.37803865453,4.807679311664275,v15_faithful,none,V16.0-operative
3090.58707962305,4.807714874724077,v15_faithful,none,V16.0-operative
3095.8049150107536,4.80775043778388,v15_faithful,none,V16.0-operative
3101.0315596652513,4.807786000843683,v15_faithful,none,V16.0-operative
3106.267028459219,4.80782178008886,v15_faithful,none,V16.0-operative
3111.511336290445,4.807857583076807,v15_faithful,none,V16.0-operative
3116.7644980818663,4.807893386064753,v15_faithful,none,V16.0-operative
3122.0265287816173,4.807929189052699,v15_faithful,none,V16.0-operative
3127.2974433630675,4.807964992040645,v15_faithful,none,V16.0-operative
3132.5772568248663,4.808000991931975,v15_faithful,none,V16.0-operative
3137.8659841909853,4.808037036235238,v15_faithful,none,V16.0-operative
3143.1636405107615,4.808073080538501,v15_faithful,none,V16.0-operative
3148.470240858939,4.808109124841763,v15_faithful,none,V16.0-operative
3153.7858003357132,4.8081451691450265,v15_faithful,none,V16.0-operative
3159.1103340667723,4.808181390836144,v15_faithful,none,V16.0-operative
3164.4438572033428,4.808217677845335,v15_faithful,none,V16.0-operative
3169.7863849222285,4.808253964854527,v15_faithful,none,V16.0-operative
3175.1379324258587,4.808290251863718,v15_faithful,none,V16.0-operative
3180.498514942328,4.80832653887291,v15_faithful,none,V16.0-operative
3185.8681477254395,4.808362983520151,v15_faithful,none,V16.0-operative
3191.2468460547507,4.808399514629536,v15_faithful,none,V16.0-operative
3196.6346252356157,4.808436045738921,v15_faithful,none,V16.0-operative
3202.031500599227,4.808472576848306,v15_faithful,none,V16.0-operative
3207.4374875026624,4.808509107957691,v15_faithful,none,V16.0-operative
3212.852601328926,4.808545776720169,v15_faithful,none,V16.0-operative
3218.276857486994,4.808582553327768,v15_faithful,none,V16.0-operative
3223.710271411856,4.808619329935366,v15_faithful,none,V16.0-operative
3229.1528585645624,4.808656106542966,v15_faithful,none,V16.0-operative
3234.6046344322654,4.808692883150564,v15_faithful,none,V16.0-operative
3240.0656145282637,4.808729777190283,v15_faithful,none,V16.0-operative
3245.535814392048,4.808766800698067,v15_faithful,none,V16.0-operative
3251.015249589344,4.808803824205851,v15_faithful,none,V16.0-operative
3256.503935712157,4.808840847713635,v15_faithful,none,V16.0-operative
3262.0018883788157,4.808877871221419,v15_faithful,none,V16.0-operative
3267.5091232340183,4.808914991703388,v15_faithful,none,V16.0-operative
3273.0256559488753,4.80895226351744,v15_faithful,none,V16.0-operative
3278.5515022209547,4.808989535331494,v15_faithful,none,V16.0-operative
3284.086677774327,4.809026807145548,v15_faithful,none,V16.0-operative
3289.6311983596092,4.809064078959602,v15_faithful,none,V16.0-operative
3295.1850797540105,4.809101427051931,v15_faithful,none,V16.0-operative
3300.748337761376,4.809138948582583,v15_faithful,none,V16.0-operative
3306.3209882122337,4.8091764701132345,v15_faithful,none,V16.0-operative
3311.9030469638365,4.809213991643886,v15_faithful,none,V16.0-operative
3317.494529900211,4.809251513174537,v15_faithful,none,V16.0-operative
3323.0954529322,4.809289090048538,v15_faithful,none,V16.0-operative
3328.705831997507,4.809326862710527,v15_faithful,none,V16.0-operative
3334.325683060746,4.809364635372514,v15_faithful,none,V16.0-operative
3339.9550221134823,4.809402408034503,v15_faithful,none,V16.0-operative
3345.5938651742795,4.809440180696491,v15_faithful,none,V16.0-operative
3351.2422282887464,4.809477987526781,v15_faithful,none,V16.0-operative
3356.900127529581,4.809516012739423,v15_faithful,none,V16.0-operative
3362.5675789966167,4.809554037952066,v15_faithful,none,V16.0-operative
3368.2445988168683,4.809592063164708,v15_faithful,none,V16.0-operative
3373.931203144578,4.80963008837735,v15_faithful,none,V16.0-operative
3379.6274081612614,4.80966812634196,v15_faithful,none,V16.0-operative
3385.333230075753,4.809706405529264,v15_faithful,none,V16.0-operative
3391.048685124252,4.809744684716568,v15_faithful,none,V16.0-operative
3396.7737895703713,4.809782963903871,v15_faithful,none,V16.0-operative
3402.508559705179,4.809821243091174,v15_faithful,none,V16.0-operative
3408.2530118472487,4.809859522278478,v15_faithful,none,V16.0-operative
3414.007162342705,4.809898047962466,v15_faithful,none,V16.0-operative
3419.7710275652694,4.8099365825533065,v15_faithful,none,V16.0-operative
3425.5446239163066,4.809975117144148,v15_faithful,none,V16.0-operative
3431.327967824872,4.81001365173499,v15_faithful,none,V16.0-operative
3437.121075747758,4.81005218632583,v15_faithful,none,V16.0-operative
3442.9239641695417,4.810090946944675,v15_faithful,none,V16.0-operative
3448.7366496026307,4.810129738372941,v15_faithful,none,V16.0-operative
3454.5591485873097,4.810168529801208,v15_faithful,none,V16.0-operative
3460.391477691789,4.810207321229476,v15_faithful,none,V16.0-operative
3466.233653512252,4.810246112657743,v15_faithful,none,V16.0-operative
3472.0856926728998,4.810285109405413,v15_faithful,none,V16.0-operative
3477.9476118260004,4.810324159110129,v15_faithful,none,V16.0-operative
3483.819427651937,4.810363208814844,v15_faithful,none,V16.0-operative
3489.701156859253,4.81040225851956,v15_faithful,none,V16.0-operative
3495.592816184701,4.810441308224275,v15_faithful,none,V16.0-operative
3501.494422393291,4.810480542298678,v15_faithful,none,V16.0-operative
3507.4059922783367,4.8105198517241545,v15_faithful,none,V16.0-operative
3513.327542661504,4.810559161149632,v15_faithful,none,V16.0-operative
3519.259090392859,4.81059847057511,v15_faithful,none,V16.0-operative
3525.200652350916,4.810637780000587,v15_faithful,none,V16.0-operative
3531.152245442684,4.810677252603658,v15_faithful,none,V16.0-operative
3537.113886603718,4.810716823199651,v15_faithful,none,V16.0-operative
3543.085592798164,4.810756393795644,v15_faithful,none,V16.0-operative
3549.067381018808,4.8107959643916365,v15_faithful,none,V16.0-operative
3555.0592682871275,4.810835534987629,v15_faithful,none,V16.0-operative
3561.061271653334,4.810575459647678,v15_faithful,none,V16.0-operative
3567.0734081964274,4.810059832269819,v15_faithful,none,V16.0-operative
3573.0956950242407,4.80954420489196,v15_faithful,none,V16.0-operative
3579.128149273491,4.8090285775141,v15_faithful,none,V16.0-operative
3585.170788109826,4.808512950136241,v15_faithful,none,V16.0-operative
3591.2236287278756,4.804080267150486,v15_faithful,none,V16.0-operative
3597.286688351298,4.7949486595622055,v15_faithful,none,V16.0-operative
3603.3599842328313,4.785817051973925,v15_faithful,none,V16.0-operative
3609.443533654341,4.776685444385644,v15_faithful,none,V16.0-operative
3615.537353926869,4.767553836797363,v15_faithful,none,V16.0-operative
3621.641462390684,4.755716680502144,v15_faithful,none,V16.0-operative
3627.75587641533,4.739263747262379,v15_faithful,none,V16.0-operative
3633.8806133996763,4.722810814022616,v15_faithful,none,V16.0-operative
3640.015690771966,4.706357880782851,v15_faithful,none,V16.0-operative
3646.1611259898677,4.689904947543087,v15_faithful,none,V16.0-operative
3652.316936540522,4.673964293425567,v15_faithful,none,V16.0-operative
3658.4831399405944,4.659312241099869,v15_faithful,none,V16.0-operative
3664.6597537363223,4.6446601887741705,v15_faithful,none,V16.0-operative
3670.8467955035685,4.630008136448471,v15_faithful,none,V16.0-operative
3677.044282847867,4.615356084122773,v15_faithful,none,V16.0-operative
3683.2522334044775,4.599713766531412,v15_faithful,none,V16.0-operative
3689.4706648384304,4.580094917349614,v15_faithful,none,V16.0-operative
3695.699594844582,4.560476068167817,v15_faithful,none,V16.0-operative
3701.9390411476625,4.54085721898602,v15_faithful,none,V16.0-operative
3708.1890215023263,4.521238369804222,v15_faithful,none,V16.0-operative
3714.4495536932036,4.493042158355473,v15_faithful,none,V16.0-operative
3720.7206555349494,4.398376689492723,v15_faithful,none,V16.0-operative
3727.0023448722964,4.303711220629873,v15_faithful,none,V16.0-operative
3733.2946395801036,4.209045751767024,v15_faithful,none,V16.0-operative
3739.5975575634084,4.114380282904174,v15_faithful,none,V16.0-operative
3745.9111167574774,4.022319212065872,v15_faithful,none,V16.0-operative
3752.235335127857,4.016813305999728,v15_faithful,none,V16.0-operative
3758.570230670425,4.011307399933584,v15_faithful,none,V16.0-operative
3764.915821411442,4.005801493867439,v15_faithful,none,V16.0-operative
3771.272125407601,4.000295587801295,v15_faithful,none,V16.0-operative
3777.639160746082,3.994789681735152,v15_faithful,none,V16.0-operative
3784.0169455446,3.988348703582272,v15_faithful,none,V16.0-operative
3790.405497951459,3.981852388581336,v15_faithful,none,V16.0-operative
3796.804836145602,3.975356073580407,v15_faithful,none,V16.0-operative
3803.214978336665,3.968859758579471,v15_faithful,none,V16.0-operative
3809.6359427650254,3.962363443578535,v15_faithful,none,V16.0-operative
3816.067747701857,3.909642170675611,v15_faithful,none,V16.0-operative
3822.5104114491805,3.849336089227232,v15_faithful,none,V16.0-operative
3828.9639523399155,3.789030007778851,v15_faithful,none,V16.0-operative
3835.4283887379343,3.728723926330472,v15_faithful,none,V16.0-operative
3841.9037390381113,3.668417844882092,v15_faithful,none,V16.0-operative
3848.390021666378,3.631122097066192,v15_faithful,none,V16.0-operative
3854.8872550797737,3.600546636101699,v15_faithful,none,V16.0-operative
3861.3954577665,3.569971175137206,v15_faithful,none,V16.0-operative
3867.91464824597,3.5393957141727124,v15_faithful,none,V16.0-operative
3874.444845068865,3.508820253208251,v15_faithful,none,V16.0-operative
3880.986066817185,3.533237314528461,v15_faithful,none,V16.0-operative
3887.538332104301,3.5824910277989788,v15_faithful,none,V16.0-operative
3894.10165957501,3.6317447410694967,v15_faithful,none,V16.0-operative
3900.676067905587,3.680998454340015,v15_faithful,none,V16.0-operative
3907.261575803837,3.7302521676105327,v15_faithful,none,V16.0-operative
3913.85820200915,3.7368139238799856,v15_faithful,none,V16.0-operative
3920.4659652925548,3.715361503106144,v15_faithful,none,V16.0-operative
3927.0848844567695,3.6939090823323015,v15_faithful,none,V16.0-operative
3933.714978336258,3.672456661558459,v15_faithful,none,V16.0-operative
3940.3562657972816,3.6510042407846166,v15_faithful,none,V16.0-operative
3947.008765737955,3.6576522707222696,v15_faithful,none,V16.0-operative
3953.672497088296,3.690373467222369,v15_faithful,none,V16.0-operative
3960.347478810285,3.723094663722501,v15_faithful,none,V16.0-operative
3967.033729897913,3.755815860222635,v15_faithful,none,V16.0-operative
3973.731269377241,3.788537056722768,v15_faithful,none,V16.0-operative
3980.4401163064495,3.806180265819597,v15_faithful,none,V16.0-operative
3987.1602897758967,3.804129730271913,v15_faithful,none,V16.0-operative
3993.8918089081703,3.80207919472423,v15_faithful,none,V16.0-operative
4000.6346928581424,3.800028659176547,v15_faithful,none,V16.0-operative
4007.3889608130244,3.797978123628864,v15_faithful,none,V16.0-operative
4014.154631992422,3.775906312216316,v15_faithful,none,V16.0-operative
4020.931725648388,3.716413248948824,v15_faithful,none,V16.0-operative
4027.7202610654804,3.656920185681332,v15_faithful,none,V16.0-operative
4034.520257560813,3.597427122413903,v15_faithful,none,V16.0-operative
4041.3317344841157,3.5379340591464747,v15_faithful,none,V16.0-operative
4048.1547112177827,3.4938797119810903,v15_faithful,none,V16.0-operative
4054.989207176935,3.492986225455303,v15_faithful,none,V16.0-operative
4061.83524180947,3.4920927389295158,v15_faithful,none,V16.0-operative
4068.6928345961196,3.491199252403728,v15_faithful,none,V16.0-operative
4075.562005050505,3.4903057658779404,v15_faithful,none,V16.0-operative
4082.4427727191924,3.4851905399370704,v15_faithful,none,V16.0-operative
4089.3351571817484,3.4606296716364606,v15_faithful,none,V16.0-operative
4096.239178050795,3.436068803335851,v15_faithful,none,V16.0-operative
4103.154854972067,3.411507935035241,v15_faithful,none,V16.0-operative
4110.082207624468,3.3869470667346318,v15_faithful,none,V16.0-operative
4117.021255720128,3.3642833049944607,v15_faithful,none,V16.0-operative
4123.972019004443,3.3600569934262747,v15_faithful,none,V16.0-operative
4130.9345172561625,3.3558306818580896,v15_faithful,none,V16.0-operative
4137.908770287419,3.351604370289904,v15_faithful,none,V16.0-operative
4144.894797943799,3.3473780587217186,v15_faithful,none,V16.0-operative
4151.89262010439,3.343126702567456,v15_faithful,none,V16.0-operative
4158.902256681841,3.3358504330861027,v15_faithful,none,V16.0-operative
4165.923727622425,3.328574163604749,v15_faithful,none,V16.0-operative
4172.957052906084,3.321297894123404,v15_faithful,none,V16.0-operative
4180.002252546496,3.3140216246420504,v15_faithful,none,V16.0-operative
4187.059346591125,3.306745355160697,v15_faithful,none,V16.0-operative
4194.1283551212855,3.337076547046694,v15_faithful,none,V16.0-operative
4201.209298252192,3.37053943113469,v15_faithful,none,V16.0-operative
4208.302196133019,3.404002315222687,v15_faithful,none,V16.0-operative
4215.407068946961,3.437465199310683,v15_faithful,none,V16.0-operative
4222.523936911286,3.4709280833986798,v15_faithful,none,V16.0-operative
4229.652820277397,3.5682180958206065,v15_faithful,none,V16.0-operative
4236.793739330885,3.677842919759052,v15_faithful,none,V16.0-operative
4243.946714391591,3.787467743697498,v15_faithful,none,V16.0-operative
4251.11176581366,3.897092567635943,v15_faithful,none,V16.0-operative
4258.288913985602,4.006717391574273,v15_faithful,none,V16.0-operative
4265.47817933035,4.0338982982414855,v15_faithful,none,V16.0-operative
4272.679582305316,4.03403027675167,v15_faithful,none,V16.0-operative
4279.89314340245,4.034162255261855,v15_faithful,none,V16.0-operative
4287.118883148297,4.034294233772039,v15_faithful,none,V16.0-operative
4294.356822104061,4.034426212282224,v15_faithful,none,V16.0-operative
4301.606980865656,4.034704302109443,v15_faithful,none,V16.0-operative
4308.869380063769,4.035055049950997,v15_faithful,none,V16.0-operative
4316.144040363919,4.035405797792552,v15_faithful,none,V16.0-operative
4323.430982466513,4.035756545634107,v15_faithful,none,V16.0-operative
4330.730227106907,4.036107293475662,v15_faithful,none,V16.0-operative
4338.041795055464,4.036559317446008,v15_faithful,none,V16.0-operative
4345.365707117614,4.037083841828268,v15_faithful,none,V16.0-operative
4352.701984133914,4.037608366210527,v15_faithful,none,V16.0-operative
4360.050646980105,4.038132890592788,v15_faithful,none,V16.0-operative
4367.411716567171,4.038657414975048,v15_faithful,none,V16.0-operative
4374.785213841403,4.03925345918273,v15_faithful,none,V16.0-operative
4382.171159784452,4.039921680798846,v15_faithful,none,V16.0-operative
4389.569575413398,4.040589902414964,v15_faithful,none,V16.0-operative
4396.980481780796,4.041258124031081,v15_faithful,none,V16.0-operative
4404.403899974753,4.041926345647199,v15_faithful,none,V16.0-operative
4411.83985111897,4.042646045794736,v15_faithful,none,V16.0-operative
4419.288356372819,4.043439024938868,v15_faithful,none,V16.0-operative
4426.749436931391,4.044232004082998,v15_faithful,none,V16.0-operative
4434.223114025562,4.04502498322713,v15_faithful,none,V16.0-operative
4441.70940892205,4.0458179623712605,v15_faithful,none,V16.0-operative
4449.208342923482,4.053044914181696,v15_faithful,none,V16.0-operative
4456.719937368445,4.073480888234831,v15_faithful,none,V16.0-operative
4464.244213631557,4.093916862287965,v15_faithful,none,V16.0-operative
4471.781193123517,4.1143528363411,v15_faithful,none,V16.0-operative
4479.330897291178,4.134788810394235,v15_faithful,none,V16.0-operative
4486.893347617597,4.187327330576273,v15_faithful,none,V16.0-operative
4494.468565622102,4.3401656061447085,v15_faithful,none,V16.0-operative
4502.056572860353,4.493003881713144,v15_faithful,none,V16.0-operative
4509.657390924402,4.64584215728158,v15_faithful,none,V16.0-operative
4517.271041442754,4.798680432849855,v15_faithful,none,V16.0-operative
4524.89754608043,4.921858603598207,v15_faithful,none,V16.0-operative
4532.53692653903,4.886233833497266,v15_faithful,none,V16.0-operative
4540.189204556789,4.850609063396325,v15_faithful,none,V16.0-operative
4547.854401908645,4.814984293295384,v15_faithful,none,V16.0-operative
4555.532540406298,4.779359523194442,v15_faithful,none,V16.0-operative
4563.223641898273,4.746303464370697,v15_faithful,none,V16.0-operative
4570.927728269982,4.746209350400443,v15_faithful,none,V16.0-operative
4578.644821443785,4.746115236430192,v15_faithful,none,V16.0-operative
4586.374943379055,4.746021122459939,v15_faithful,none,V16.0-operative
4594.118116072238,4.745927008489685,v15_faithful,none,V16.0-operative
4601.8743615569165,4.745832894519434,v15_faithful,none,V16.0-operative
4609.643701903873,4.719905097828354,v15_faithful,none,V16.0-operative
4617.4261592211515,4.69364267060439,v15_faithful,none,V16.0-operative
4625.221755654122,4.667380243380427,v15_faithful,none,V16.0-operative
4633.030513385541,4.641117816156462,v15_faithful,none,V16.0-operative
4640.852454635617,4.614855388932499,v15_faithful,none,V16.0-operative
4648.687601662072,4.61322147882649,v15_faithful,none,V16.0-operative
4656.535976760207,4.614259486277888,v15_faithful,none,V16.0-operative
4664.397602262963,4.615297493729285,v15_faithful,none,V16.0-operative
4672.2725005409875,4.616335501180683,v15_faithful,none,V16.0-operative
4680.160694002694,4.617373508632081,v15_faithful,none,V16.0-operative
4688.06220509433,4.617918784650418,v15_faithful,none,V16.0-operative
4695.9770563000375,4.618353727506793,v15_faithful,none,V16.0-operative
4703.905270141919,4.618788670363169,v15_faithful,none,V16.0-operative
4711.846869180101,4.619223613219544,v15_faithful,none,V16.0-operative
4719.801876012798,4.61965855607592,v15_faithful,none,V16.0-operative
4727.770313276379,4.619879085600442,v15_faithful,none,V16.0-operative
4735.7522036454275,4.620021099105472,v15_faithful,none,V16.0-operative
4743.747569832809,4.6201631126105,v15_faithful,none,V16.0-operative
4751.756434589736,4.620305126115529,v15_faithful,none,V16.0-operative
4759.778820705831,4.620447139620558,v15_faithful,none,V16.0-operative
4767.814751009193,4.572424451214941,v15_faithful,none,V16.0-operative
4775.864248366461,4.498109455358441,v15_faithful,none,V16.0-operative
4783.92733568288,4.4237944595019405,v15_faithful,none,V16.0-operative
4792.004035902365,4.349479463645441,v15_faithful,none,V16.0-operative
4800.094372007568,4.275164467789019,v15_faithful,none,V16.0-operative
4808.198367019944,4.2426272459509295,v15_faithful,none,V16.0-operative
4816.316043999813,4.242676907306776,v15_faithful,none,V16.0-operative
4824.447426046428,4.242726568662622,v15_faithful,none,V16.0-operative
4832.5925362980415,4.242776230018468,v15_faithful,none,V16.0-operative
4840.751397931969,4.242825891374315,v15_faithful,none,V16.0-operative
4848.924034164657,4.242818397016585,v15_faithful,none,V16.0-operative
4857.110468251749,4.24274816289457,v15_faithful,none,V16.0-operative
4865.310723488149,4.242677928772554,v15_faithful,none,V16.0-operative
4873.524823208092,4.242607694650539,v15_faithful,none,V16.0-operative
4881.752790785206,4.242537460528524,v15_faithful,none,V16.0-operative
4889.994649632584,4.242443668549727,v15_faithful,none,V16.0-operative
4898.250423202842,4.242313281012714,v15_faithful,none,V16.0-operative
4906.520134988196,4.242182893475698,v15_faithful,none,V16.0-operative
4914.803808520523,4.242052505938685,v15_faithful,none,V16.0-operative
4923.101467371425,4.24192211840167,v15_faithful,none,V16.0-operative
4931.413135152306,4.241782294121467,v15_faithful,none,V16.0-operative
4939.738835514427,4.241621122515635,v15_faithful,none,V16.0-operative
4948.078592148983,4.241459950909803,v15_faithful,none,V16.0-operative
4956.432428787168,4.241298779303972,v15_faithful,none,V16.0-operative
4964.800369200237,4.24113760769814,v15_faithful,none,V16.0-operative
4973.182437199582,4.240972624019175,v15_faithful,none,V16.0-operative
4981.578656636793,4.24079423928096,v15_faithful,none,V16.0-operative
4989.9890514037315,4.240615854542744,v15_faithful,none,V16.0-operative
4998.4136454325935,4.240437469804529,v15_faithful,none,V16.0-operative
5006.852462695979,4.240259085066312,v15_faithful,none,V16.0-operative
5015.305527206962,4.240079435619138,v15_faithful,none,V16.0-operative
5023.77286301916,4.239891777448651,v15_faithful,none,V16.0-operative
5032.254494226796,4.239704119278165,v15_faithful,none,V16.0-operative
5040.750444964773,4.239516461107679,v15_faithful,none,V16.0-operative
5049.260739408743,4.239328802937193,v15_faithful,none,V16.0-operative
5057.785401775171,4.23914078734218,v15_faithful,none,V16.0-operative
5066.324456321407,4.238946161364296,v15_faithful,none,V16.0-operative
5074.877927345756,4.238751535386412,v15_faithful,none,V16.0-operative
5083.445839187544,4.238556909408528,v15_faithful,none,V16.0-operative
5092.0282162271915,4.238362283430644,v15_faithful,none,V16.0-operative
5100.6250828862785,4.23816765745276,v15_faithful,none,V16.0-operative
5109.236463627616,4.198573596362181,v15_faithful,none,V16.0-operative
5117.862382955317,4.157601809587094,v15_faithful,none,V16.0-operative
5126.502865414863,4.116630022812008,v15_faithful,none,V16.0-operative
5135.157935593176,4.075658236036921,v15_faithful,none,V16.0-operative
5143.827618118689,4.034686449261836,v15_faithful,none,V16.0-operative
5152.511937661416,4.0340824643347855,v15_faithful,none,V16.0-operative
5161.210918933018,4.038924348451427,v15_faithful,none,V16.0-operative
5169.924586686879,4.0437662325680686,v15_faithful,none,V16.0-operative
5178.652965718174,4.048608116684709,v15_faithful,none,V16.0-operative
5187.39608086394,4.053450000801351,v15_faithful,none,V16.0-operative
5196.1539570031455,4.084769158852144,v15_faithful,none,V16.0-operative
5204.926619056762,4.122871994894803,v15_faithful,none,V16.0-operative
5213.714091987837,4.160974830937502,v15_faithful,none,V16.0-operative
5222.516400801559,4.199077666980201,v15_faithful,none,V16.0-operative
5231.333570545338,4.237180503022901,v15_faithful,none,V16.0-operative
5240.165626308867,4.2485179734025404,v15_faithful,none,V16.0-operative
5249.012593224201,4.248974201024402,v15_faithful,none,V16.0-operative
5257.8744964658235,4.249430428646264,v15_faithful,none,V16.0-operative
5266.751361250721,4.249886656268124,v15_faithful,none,V16.0-operative
5275.643212838453,4.250342883889985,v15_faithful,none,V16.0-operative
5284.550076531225,4.324195315331232,v15_faithful,none,V16.0-operative
5293.471977673962,4.441920303069512,v15_faithful,none,V16.0-operative
5302.408941654377,4.559645290807669,v15_faithful,none,V16.0-operative
5311.360993903044,4.67737027854595,v15_faithful,none,V16.0-operative
5320.328159893474,4.79509526628423,v15_faithful,none,V16.0-operative
5329.310465142182,4.849607838125447,v15_faithful,none,V16.0-operative
5338.307935208765,4.850445317742478,v15_faithful,none,V16.0-operative
5347.320595695973,4.851282797359509,v15_faithful,none,V16.0-operative
5356.348472249777,4.852120276976541,v15_faithful,none,V16.0-operative
5365.3915905594495,4.852957756593573,v15_faithful,none,V16.0-operative
5374.449976357634,4.853841088690527,v15_faithful,none,V16.0-operative
5383.523655420417,4.854779185150252,v15_faithful,none,V16.0-operative
5392.612653567403,4.855717281609977,v15_faithful,none,V16.0-operative
5401.716996661788,4.856655378069702,v15_faithful,none,V16.0-operative
5410.836710610433,4.857593474529426,v15_faithful,none,V16.0-operative
5419.971821363939,4.858573509179574,v15_faithful,none,V16.0-operative
5429.122354916716,4.859624759278204,v15_faithful,none,V16.0-operative
5438.288337307063,4.860676009376835,v15_faithful,none,V16.0-operative
5447.469794617237,4.861727259475465,v15_faithful,none,V16.0-operative
5456.666752973534,4.862778509574095,v15_faithful,none,V16.0-operative
5465.879238546354,4.906371085543637,v15_faithful,none,V16.0-operative
5475.1072775502835,5.056404074920313,v15_faithful,none,V16.0-operative
5484.350896244172,5.206437064296989,v15_faithful,none,V16.0-operative
5493.610120931185,5.356470053673665,v15_faithful,none,V16.0-operative
5502.884977958911,5.506503043050341,v15_faithful,none,V16.0-operative
5512.175493719417,5.658055656999499,v15_faithful,none,V16.0-operative
5521.48169464933,5.815669182655874,v15_faithful,none,V16.0-operative
5530.803607229905,5.973282708312248,v15_faithful,none,V16.0-operative
5540.141257987108,6.130896233968622,v15_faithful,none,V16.0-operative
5549.4946734916875,6.288509759624996,v15_faithful,none,V16.0-operative
5558.863880359255,6.412530553900851,v15_faithful,none,V16.0-operative
5568.248905250352,6.278997287385037,v15_faithful,none,V16.0-operative
5577.649774870535,6.145464020869222,v15_faithful,none,V16.0-operative
5587.066515970445,6.011930754353548,v15_faithful,none,V16.0-operative
5596.499155345888,5.878397487837734,v15_faithful,none,V16.0-operative
5605.947719837905,5.74908614189623,v15_faithful,none,V16.0-operative
5615.412236332861,5.754901775727148,v15_faithful,none,V16.0-operative
5624.892731762505,5.760717409558064,v15_faithful,none,V16.0-operative
5634.389233104058,5.766533043388982,v15_faithful,none,V16.0-operative
5643.901767380287,5.772348677219899,v15_faithful,none,V16.0-operative
5653.430361659583,5.778164311050816,v15_faithful,none,V16.0-operative
5662.9750430560325,5.783381025700953,v15_faithful,none,V16.0-operative
5672.535838729502,5.788563026260638,v15_faithful,none,V16.0-operative
5682.112775885711,5.793745026820324,v15_faithful,none,V16.0-operative
5691.705881776309,5.798927027380009,v15_faithful,none,V16.0-operative
5701.315183698957,5.804109027939689,v15_faithful,none,V16.0-operative
5710.940708997402,5.80880580142626,v15_faithful,none,V16.0-operative
5720.582485061554,5.813423670369529,v15_faithful,none,V16.0-operative
5730.240539327564,5.818041539312798,v15_faithful,none,V16.0-operative
5739.914899277909,5.822659408256067,v15_faithful,none,V16.0-operative
5749.6055924414595,5.827277277199336,v15_faithful,none,V16.0-operative
5759.312646393564,5.831505795264886,v15_faithful,none,V16.0-operative
5769.036088756129,5.835621306905446,v15_faithful,none,V16.0-operative
5778.775947197692,5.8397368185460055,v15_faithful,none,V16.0-operative
5788.532249433504,5.843852330186565,v15_faithful,none,V16.0-operative
5798.305023225609,5.847967841827125,v15_faithful,none,V16.0-operative
5808.09429638292,5.851774641782946,v15_faithful,none,V16.0-operative
5817.900096761301,5.855442722135515,v15_faithful,none,V16.0-operative
5827.722452263644,5.859110802488087,v15_faithful,none,V16.0-operative
5837.561390839951,5.862778882840659,v15_faithful,none,V16.0-operative
5847.416940487409,5.866446963193232,v15_faithful,none,V16.0-operative
5857.2891292504755,5.869873951796175,v15_faithful,none,V16.0-operative
5867.177985220955,5.87314345512206,v15_faithful,none,V16.0-operative
5877.083536538077,5.876412958447943,v15_faithful,none,V16.0-operative
5887.005811388582,5.879682461773828,v15_faithful,none,V16.0-operative
5896.944838006795,5.882951965099712,v15_faithful,none,V16.0-operative
5906.900644674713,5.886036883192689,v15_faithful,none,V16.0-operative
5916.873259722075,5.888951276930949,v15_faithful,none,V16.0-operative
5926.862711526455,5.89186567066921,v15_faithful,none,V16.0-operative
5936.869028513335,5.894780064407468,v15_faithful,none,V16.0-operative
5946.892239156187,5.897694458145729,v15_faithful,none,V16.0-operative
5956.932371976556,5.900471297667886,v15_faithful,none,V16.0-operative
5966.989455544138,5.90306926727653,v15_faithful,none,V16.0-operative
5977.0635184768635,5.905667236885175,v15_faithful,none,V16.0-operative
5987.154589440982,5.908265206493819,v15_faithful,none,V16.0-operative
5997.2626971511345,5.910863176102463,v15_faithful,none,V16.0-operative
6007.387870370447,5.913362577233778,v15_faithful,none,V16.0-operative
6017.530137910601,5.915678625742047,v15_faithful,none,V16.0-operative
6027.689528631924,5.917994674250315,v15_faithful,none,V16.0-operative
6037.866071443467,5.920310722758584,v15_faithful,none,V16.0-operative
6048.059795303089,5.922626771266852,v15_faithful,none,V16.0-operative
6058.270729217538,5.924876331065226,v15_faithful,none,V16.0-operative
6068.498902242534,5.926941050263206,v15_faithful,none,V16.0-operative
6078.744343482852,5.929005769461187,v15_faithful,none,V16.0-operative
6089.007082092403,5.931070488659167,v15_faithful,none,V16.0-operative
6099.287147274322,5.933135207857148,v15_faithful,none,V16.0-operative
6109.584568281044,5.93515970960028,v15_faithful,none,V16.0-operative
6119.899374414393,5.93700033232542,v15_faithful,none,V16.0-operative
6130.2315950256625,5.938840955050559,v15_faithful,none,V16.0-operative
6140.5812595157,5.940681577775699,v15_faithful,none,V16.0-operative
6150.948397334991,5.942522200500839,v15_faithful,none,V16.0-operative
6161.333037983741,5.94434398329882,v15_faithful,none,V16.0-operative
6171.735211011961,5.945984991744279,v15_faithful,none,V16.0-operative
6182.154946019551,5.947626000189736,v15_faithful,none,V16.0-operative
6192.592272656387,5.949267008635195,v15_faithful,none,V16.0-operative
6203.047220622398,5.950908017080653,v15_faithful,none,V16.0-operative
6213.51981966766,5.952547369519311,v15_faithful,none,V16.0-operative
6224.010099592475,5.954010282154731,v15_faithful,none,V16.0-operative
6234.518090247454,5.955473194790152,v15_faithful,none,V16.0-operative
6245.043821533608,5.956936107425572,v15_faithful,none,V16.0-operative
6255.587323402428,5.958399020060993,v15_faithful,none,V16.0-operative
6266.148625855974,5.9598619326964135,v15_faithful,none,V16.0-operative
6276.727758946957,5.961178170200922,v15_faithful,none,V16.0-operative
6287.324752778824,5.962482380470039,v15_faithful,none,V16.0-operative
6297.93963750585,5.963786590739158,v15_faithful,none,V16.0-operative
6308.572443333217,5.965090801008273,v15_faithful,none,V16.0-operative
6319.223200517102,5.966395011277392,v15_faithful,none,V16.0-operative
6329.891939364764,5.96758054741152,v15_faithful,none,V16.0-operative
6340.57869023463,5.968743332791161,v15_faithful,none,V16.0-operative
6351.283483536381,5.969906118170801,v15_faithful,none,V16.0-operative
6362.0063497310375,5.971068903550441,v15_faithful,none,V16.0-operative
6372.747319331051,5.972231688930082,v15_faithful,none,V16.0-operative
6383.506422900381,5.973299273866152,v15_faithful,none,V16.0-operative
6394.283691054594,5.974335806854161,v15_faithful,none,V16.0-operative
6405.079154460941,5.975372339842172,v15_faithful,none,V16.0-operative
6415.892843838452,5.976408872830183,v15_faithful,none,V16.0-operative
6426.724789958015,5.977445405818193,v15_faithful,none,V16.0-operative
6437.575023642473,5.978406733748925,v15_faithful,none,V16.0-operative
6448.443575766704,5.9793308467826565,v15_faithful,none,V16.0-operative
6459.330477257715,5.9802549598163885,v15_faithful,none,V16.0-operative
6470.235759094724,5.98117907285012,v15_faithful,none,V16.0-operative
6481.159452309253,5.982103185883852,v15_faithful,none,V16.0-operative
6492.101587985215,5.98296867490488,v15_faithful,none,V16.0-operative
6503.062197259,5.983792384089154,v15_faithful,none,V16.0-operative
6514.041311319566,5.984616093273427,v15_faithful,none,V16.0-operative
6525.038961408531,5.985439802457701,v15_faithful,none,V16.0-operative
6536.055178820251,5.986263511641974,v15_faithful,none,V16.0-operative
6547.089994901923,5.987042637748424,v15_faithful,none,V16.0-operative
6558.143441053665,5.9877769660602205,v15_faithful,none,V16.0-operative
6569.215548728605,5.988511294372015,v15_faithful,none,V16.0-operative
6580.306349432978,5.98924562268381,v15_faithful,none,V16.0-operative
6591.415874726209,5.989979950995607,v15_faithful,none,V16.0-operative
6602.544156221003,5.990681293373082,v15_faithful,none,V16.0-operative
6613.691225583439,5.991335890745167,v15_faithful,none,V16.0-operative
6624.857114533056,5.991990488117253,v15_faithful,none,V16.0-operative
6636.041854842948,5.992645085489339,v15_faithful,none,V16.0-operative
6647.245478339849,5.993299682861425,v15_faithful,none,V16.0-operative
6658.468016904226,5.993930873577724,v15_faithful,none,V16.0-operative
6669.709502470371,5.994514246508387,v15_faithful,none,V16.0-operative
6680.96996702649,5.995097619439052,v15_faithful,none,V16.0-operative
6692.249442614794,5.9956809923697145,v15_faithful,none,V16.0-operative
6703.547961331592,5.9962643653003775,v15_faithful,none,V16.0-operative
6714.865555327381,5.996832269711166,v15_faithful,none,V16.0-operative
6726.202256806937,5.997352129698941,v15_faithful,none,V16.0-operative
6737.558098029408,5.9978719896867165,v15_faithful,none,V16.0-operative
6748.9331113084045,5.998391849674492,v15_faithful,none,V16.0-operative
6760.327329012093,5.998911709662268,v15_faithful,none,V16.0-operative
6771.740783563285,5.999422604628508,v15_faithful,none,V16.0-operative
6783.173507439535,5.999885890773551,v15_faithful,none,V16.0-operative
6794.625533173224,6.0003491769185935,v15_faithful,none,V16.0-operative
6806.096893351663,6.000812463063635,v15_faithful,none,V16.0-operative
6817.587620617177,6.001275749208679,v15_faithful,none,V16.0-operative
6829.097747667202,6.00173533266593,v15_faithful,none,V16.0-operative
6840.627307254376,6.002148161501013,v15_faithful,none,V16.0-operative
6852.176332186636,6.002560990336095,v15_faithful,none,V16.0-operative
6863.744855327304,6.002973819171179,v15_faithful,none,V16.0-operative
6875.332909595189,6.003386648006261,v15_faithful,none,V16.0-operative
6886.940527964675,6.003799476841344,v15_faithful,none,V16.0-operative
6898.567743465818,6.004167962415188,v15_faithful,none,V16.0-operative
6910.2145891844375,6.004535923000345,v15_faithful,none,V16.0-operative
6921.881098262212,6.004903883585501,v15_faithful,none,V16.0-operative
6933.567303896772,6.005271844170658,v15_faithful,none,V16.0-operative
6945.273239341797,6.005639804755814,v15_faithful,none,V16.0-operative
6956.998937907109,6.005971423241565,v15_faithful,none,V16.0-operative
6968.744432958767,6.006299147497277,v15_faithful,none,V16.0-operative
6980.50975791916,6.006626871752989,v15_faithful,none,V16.0-operative
6992.294946267104,6.006954596008701,v15_faithful,none,V16.0-operative
7004.10003153794,6.007282320264415,v15_faithful,none,V16.0-operative
7015.925047323624,6.00758074564202,v15_faithful,none,V16.0-operative
7027.770027272828,6.007872658012952,v15_faithful,none,V16.0-operative
7039.63500509103,6.008164570383885,v15_faithful,none,V16.0-operative
7051.520014540613,6.008456482754816,v15_faithful,none,V16.0-operative
7063.425089440965,6.008748395125748,v15_faithful,none,V16.0-operative
7075.350263668566,6.009016850674582,v15_faithful,none,V16.0-operative
7087.295571157095,6.009276764087435,v15_faithful,none,V16.0-operative
7099.261045897515,6.009536677500287,v15_faithful,none,V16.0-operative
7111.246721938181,6.009796590913139,v15_faithful,none,V16.0-operative
7123.25263338493,6.010056504325991,v15_faithful,none,V16.0-operative
7135.27881440118,6.010298010412008,v15_faithful,none,V16.0-operative
7147.325299208026,6.010529515979005,v15_faithful,none,V16.0-operative
7159.392122084341,6.010761021546001,v15_faithful,none,V16.0-operative
7171.479317366868,6.010992527112997,v15_faithful,none,V16.0-operative
7183.586919450323,6.011224032679993,v15_faithful,none,V16.0-operative
7195.714962787489,6.011441198517359,v15_faithful,none,V16.0-operative
7207.863481889316,6.011647228579744,v15_faithful,none,V16.0-operative
7220.03251132502,6.0118532586421285,v15_faithful,none,V16.0-operative
7232.222085722179,6.012059288704514,v15_faithful,none,V16.0-operative
7244.432239766832,6.012265318766899,v15_faithful,none,V16.0-operative
7256.663008203581,6.012460526075737,v15_faithful,none,V16.0-operative
7268.914425835685,6.012643904906822,v15_faithful,none,V16.0-operative
7281.186527525161,6.012827283737907,v15_faithful,none,V16.0-operative
7293.4793481928855,6.013010662568992,v15_faithful,none,V16.0-operative
7305.79292281869,6.0131940414000775,v15_faithful,none,V16.0-operative
7318.127286441472,6.013369485343526,v15_faithful,none,V16.0-operative
7330.48247415926,6.013532659047079,v15_faithful,none,V16.0-operative
7342.858521129364,6.013695832750631,v15_faithful,none,V16.0-operative
7355.25546256844,6.013859006454182,v15_faithful,none,V16.0-operative
7367.6733337526,6.014022180157735,v15_faithful,none,V16.0-operative
7380.112170017516,6.014179809311857,v15_faithful,none,V16.0-operative
7392.572006758513,6.014324959771999,v15_faithful,none,V16.0-operative
7405.052879430678,6.014470110232142,v15_faithful,none,V16.0-operative
7417.554823548954,6.014615260692284,v15_faithful,none,V16.0-operative
7430.077874688243,6.014760411152425,v15_faithful,none,V16.0-operative
7442.622068483511,6.014901983668528,v15_faithful,none,V16.0-operative
7455.187440629885,6.015031057095598,v15_faithful,none,V16.0-operative
7467.774026882755,6.015160130522668,v15_faithful,none,V16.0-operative
7480.38186305788,6.015289203949738,v15_faithful,none,V16.0-operative
7493.010985031482,6.015418277376808,v15_faithful,none,V16.0-operative
7505.661428740358,6.015545379388156,v15_faithful,none,V16.0-operative
7518.333230181973,6.015660111779887,v15_faithful,none,V16.0-operative
7531.026425414569,6.015774844171618,v15_faithful,none,V16.0-operative
7543.7410505572625,6.015889576563349,v15_faithful,none,V16.0-operative
7556.477141790153,6.01600430895508,v15_faithful,none,V16.0-operative
7569.23473535442,6.016118371228677,v15_faithful,none,V16.0-operative
7582.013867552431,6.016220311080096,v15_faithful,none,V16.0-operative
7594.814574747842,6.016322250931514,v15_faithful,none,V16.0-operative
7607.636893365702,6.016424190782934,v15_faithful,none,V16.0-operative
7620.480859892556,6.016526130634352,v15_faithful,none,V16.0-operative
7633.346510876548,6.016628070485771,v15_faithful,none,V16.0-operative
7646.233882927529,6.016718972191557,v15_faithful,none,V16.0-operative
7659.143012717155,6.016809500750962,v15_faithful,none,V16.0-operative
7672.073936978999,6.016900029310367,v15_faithful,none,V16.0-operative
7685.026692508648,6.016990557869773,v15_faithful,none,V16.0-operative
7698.001316163812,6.017081086429179,v15_faithful,none,V16.0-operative
7710.997844864426,6.017162634704906,v15_faithful,none,V16.0-operative
7724.01631559276,6.017242984041142,v15_faithful,none,V16.0-operative
7737.0567653935195,6.0173233333773775,v15_faithful,none,V16.0-operative
7750.119231373953,6.017403682713612,v15_faithful,none,V16.0-operative
7763.203750703956,6.017484032049847,v15_faithful,none,V16.0-operative
7776.310360616179,6.017557143237423,v15_faithful,none,V16.0-operative
7789.439098406134,6.017628412354984,v15_faithful,none,V16.0-operative
7802.590001432293,6.0176996814725445,v15_faithful,none,V16.0-operative
7815.763107116209,6.017770950590106,v15_faithful,none,V16.0-operative
7828.958452942606,6.017842219707667,v15_faithful,none,V16.0-operative
7842.1760764594965,6.017907721284248,v15_faithful,none,V16.0-operative
7855.416015278287,6.017970890497207,v15_faithful,none,V16.0-operative
7868.678307073881,6.018034059710164,v15_faithful,none,V16.0-operative
7881.962989584789,6.018097228923121,v15_faithful,none,V16.0-operative
7895.270100613236,6.018160398136079,v15_faithful,none,V16.0-operative
7908.599678025267,6.018219037222387,v15_faithful,none,V16.0-operative
7921.951759750858,6.018274980975287,v15_faithful,none,V16.0-operative
7935.326383784021,6.018330924728186,v15_faithful,none,V16.0-operative
7948.723588182914,6.018386868481085,v15_faithful,none,V16.0-operative
7962.143411069947,6.018442812233984,v15_faithful,none,V16.0-operative
7975.585890631895,6.018495263301216,v15_faithful,none,V16.0-operative
7989.051065120001,6.018544761604787,v15_faithful,none,V16.0-operative
8002.538972850089,6.018594259908358,v15_faithful,none,V16.0-operative
8016.049652202669,6.018643758211929,v15_faithful,none,V16.0-operative
8029.583141623052,6.0186932565155,v15_faithful,none,V16.0-operative
8043.139479621456,6.018740128364708,v15_faithful,none,V16.0-operative
8056.718704773114,6.018783876996077,v15_faithful,none,V16.0-operative
8070.320855718386,6.018827625627446,v15_faithful,none,V16.0-operative
8083.945971162869,6.018871374258815,v15_faithful,none,V16.0-operative
8097.594089877505,6.018915122890183,v15_faithful,none,V16.0-operative
8111.265250698697,6.018956964971391,v15_faithful,none,V16.0-operative
8124.959492528411,6.018995584572295,v15_faithful,none,V16.0-operative
8138.676854334293,6.019034204173198,v15_faithful,none,V16.0-operative
8152.417375149778,6.019072823774103,v15_faithful,none,V16.0-operative
8166.181094074202,6.019111443375006,v15_faithful,none,V16.0-operative
8179.968050272911,6.019148751507263,v15_faithful,none,V16.0-operative
8193.778282977373,6.019182795699357,v15_faithful,none,V16.0-operative
8207.611831485294,6.019216839891451,v15_faithful,none,V16.0-operative
8221.46873516072,6.019250884083545,v15_faithful,none,V16.0-operative
8235.349033434166,6.019284928275638,v15_faithful,none,V16.0-operative
8249.252765802705,6.01931814982372,v15_faithful,none,V16.0-operative
8263.1799718301,6.019348112447179,v15_faithful,none,V16.0-operative
8277.130691146911,6.019378075070637,v15_faithful,none,V16.0-operative
8291.1049634506,6.019408037694096,v15_faithful,none,V16.0-operative
8305.102828505655,6.019438000317555,v15_faithful,none,V16.0-operative
8319.124326143696,6.019467538875953,v15_faithful,none,V16.0-operative
8333.169496263592,6.019493860446101,v15_faithful,none,V16.0-operative
8347.238378831573,6.019520182016247,v15_faithful,none,V16.0-operative
8361.331013881345,6.019546503586395,v15_faithful,none,V16.0-operative
8375.4474415142,6.019572825156542,v15_faithful,none,V16.0-operative
8389.587701899134,6.019599044786801,v15_faithful,none,V16.0-operative
8403.751835272962,6.019622118253258,v15_faithful,none,V16.0-operative
8417.939881940432,6.0196451917197145,v15_faithful,none,V16.0-operative
8432.151882274331,6.01966826518617,v15_faithful,none,V16.0-operative
8446.387876715618,6.019691338652628,v15_faithful,none,V16.0-operative
8460.64790577352,6.019714412119083,v15_faithful,none,V16.0-operative
8474.932010025657,6.019734743599584,v15_faithful,none,V16.0-operative
8489.240230118161,6.019754919483297,v15_faithful,none,V16.0-operative
8503.572606765782,6.01977509536701,v15_faithful,none,V16.0-operative
8517.92918075201,6.019795271250723,v15_faithful,none,V16.0-operative
8532.309992929191,6.019815447134436,v15_faithful,none,V16.0-operative
8546.71508421864,6.019833396848765,v15_faithful,none,V16.0-operative
8561.144495610763,6.019850987824134,v15_faithful,none,V16.0-operative
8575.598268165164,6.019868578799503,v15_faithful,none,V16.0-operative
8590.076443010774,6.019886169774872,v15_faithful,none,V16.0-operative
8604.579061345956,6.019903760750242,v15_faithful,none,V16.0-operative
8619.106164438635,6.019919561964269,v15_faithful,none,V16.0-operative
8633.657793626404,6.019934846946323,v15_faithful,none,V16.0-operative
8648.233990316647,6.019950131928378,v15_faithful,none,V16.0-operative
8662.834795986655,6.019965416910433,v15_faithful,none,V16.0-operative
8677.460252183748,6.0199807018924885,v15_faithful,none,V16.0-operative
8692.11040052539,6.01999456524915,v15_faithful,none,V16.0-operative
8706.785282699304,6.020007793039249,v15_faithful,none,V16.0-operative
8721.484940463597,6.020021020829349,v15_faithful,none,V16.0-operative
8736.209415646877,6.0200342486194485,v15_faithful,none,V16.0-operative
8750.95875014837,6.020047476409547,v15_faithful,none,V16.0-operative
8765.73298593804,6.020059592095178,v15_faithful,none,V16.0-operative
8780.532165056711,6.02007098463293,v15_faithful,none,V16.0-operative
8795.356329616181,6.020082377170684,v15_faithful,none,V16.0-operative
8810.205521799347,6.020093769708436,v15_faithful,none,V16.0-operative
8825.079783860325,6.020105162246188,v15_faithful,none,V16.0-operative
8839.979158124568,6.020115701952748,v15_faithful,none,V16.0-operative
8854.903686988984,6.020125457216694,v15_faithful,none,V16.0-operative
8869.853412922062,6.02013521248064,v15_faithful,none,V16.0-operative
8884.828378463993,6.020144967744586,v15_faithful,none,V16.0-operative
8899.828626226783,6.020154723008532,v15_faithful,none,V16.0-operative
8914.854198894383,6.020163871868272,v15_faithful,none,V16.0-operative
8929.90513922281,6.020172235663819,v15_faithful,none,V16.0-operative
8944.98149004026,6.020180599459367,v15_faithful,none,V16.0-operative
8960.083294247239,6.020188963254914,v15_faithful,none,V16.0-operative
8975.21059481668,6.020197327050462,v15_faithful,none,V16.0-operative
8990.363434794075,6.020205206955112,v15_faithful,none,V16.0-operative
9005.541857297578,6.020212191037126,v15_faithful,none,V16.0-operative
9020.745905518146,6.020219175119138,v15_faithful,none,V16.0-operative
9035.975622719656,6.020226159201151,v15_faithful,none,V16.0-operative
9051.231052239022,6.020233143283164,v15_faithful,none,V16.0-operative
9066.51223748633,6.020239818747619,v15_faithful,none,V16.0-operative
9081.81922194495,6.0202456410195815,v15_faithful,none,V16.0-operative
9097.152049171671,6.020251463291545,v15_faithful,none,V16.0-operative
9112.51076279681,6.020257285563507,v15_faithful,none,V16.0-operative
9127.895406524354,6.0202631078354685,v15_faithful,none,V16.0-operative
9143.30602413207,6.020268742959505,v15_faithful,none,V16.0-operative
9158.74265947164,6.020273528698704,v15_faithful,none,V16.0-operative
9174.205356468772,6.020278314437903,v15_faithful,none,V16.0-operative
9189.69415912334,6.020283100177101,v15_faithful,none,V16.0-operative
9205.209111509506,6.020287885916299,v15_faithful,none,V16.0-operative
9220.750257775835,6.020292583368112,v15_faithful,none,V16.0-operative
9236.31764214543,6.020296444328102,v15_faithful,none,V16.0-operative
9251.911308916062,6.020300305288092,v15_faithful,none,V16.0-operative
9267.53130246028,6.020304166248083,v15_faithful,none,V16.0-operative
9283.177667225556,6.020308027208074,v15_faithful,none,V16.0-operative
9298.850447734396,6.02031187959922,v15_faithful,none,V16.0-operative
9314.549688584479,6.020314915469996,v15_faithful,none,V16.0-operative
9330.275434448771,6.020317951340771,v15_faithful,none,V16.0-operative
9346.027730075668,6.020320987211546,v15_faithful,none,V16.0-operative
9361.806620289108,6.020324023082322,v15_faithful,none,V16.0-operative
9377.612149988709,6.020327058953098,v15_faithful,none,V16.0-operative
9393.44436414989,6.020329413653204,v15_faithful,none,V16.0-operative
9409.303307824004,6.020331713363682,v15_faithful,none,V16.0-operative
9425.189026138463,6.020334013074158,v15_faithful,none,V16.0-operative
9441.10156429687,6.020336312784635,v15_faithful,none,V16.0-operative
9457.040967579143,6.020338612495112,v15_faithful,none,V16.0-operative
9473.007281341646,6.020340360324116,v15_faithful,none,V16.0-operative
9489.000551017318,6.020342003203961,v15_faithful,none,V16.0-operative
9505.020822115805,6.020343646083806,v15_faithful,none,V16.0-operative
9521.06814022358,6.02034528896365,v15_faithful,none,V16.0-operative
9537.142551004092,6.020346931843495,v15_faithful,none,V16.0-operative
9553.244100197868,6.020348132165673,v15_faithful,none,V16.0-operative
9569.372833622672,6.02034918898167,v15_faithful,none,V16.0-operative
9585.528797173616,6.020350245797668,v15_faithful,none,V16.0-operative
9601.712036823297,6.020351302613665,v15_faithful,none,V16.0-operative
9617.922598621926,6.020352359429663,v15_faithful,none,V16.0-operative
9634.160528697466,6.020353065851516,v15_faithful,none,V16.0-operative
9650.425873255752,6.020353599732023,v15_faithful,none,V16.0-operative
9666.718678580632,6.02035413361253,v15_faithful,none,V16.0-operative
9683.038991034091,6.020354667493037,v15_faithful,none,V16.0-operative
9699.386857056392,6.020355201373544,v15_faithful,none,V16.0-operative
9715.7623231662,6.020355462295239,v15_faithful,none,V16.0-operative
9732.165435960718,6.020355529554816,v15_faithful,none,V16.0-operative
9748.596242115818,6.020355596814393,v15_faithful,none,V16.0-operative
9765.054788386185,6.020355664073971,v15_faithful,none,V16.0-operative
9781.541121605414,6.020355731333548,v15_faithful,none,V16.0-operative
9798.055288686193,6.020355590448381,v15_faithful,none,V16.0-operative
9814.597336620407,6.020355241323383,v15_faithful,none,V16.0-operative
9831.167312479274,6.020354892198383,v15_faithful,none,V16.0-operative
9847.765263413485,6.020354543073385,v15_faithful,none,V16.0-operative
9864.391236653335,6.020354193948385,v15_faithful,none,V16.0-operative
9881.045279508857,6.020353690695087,v15_faithful,none,V16.0-operative
9897.727439369957,6.020352969999817,v15_faithful,none,V16.0-operative
9914.437763706552,6.020352249304548,v15_faithful,none,V16.0-operative
9931.176300068699,6.020351528609278,v15_faithful,none,V16.0-operative
9947.943096086738,6.020350807914008,v15_faithful,none,V16.0-operative
9964.738199471416,6.020349977886226,v15_faithful,none,V16.0-operative
9981.56165801404,6.020348925598258,v15_faithful,none,V16.0-operative
9998.413519586595,6.02034787331029,v15_faithful,none,V16.0-operative
10015.29383214189,6.020346821022323,v15_faithful,none,V16.0-operative
10032.202643713694,6.020345768734356,v15_faithful,none,V16.0-operative
10049.140002416872,6.020344644051305,v15_faithful,none,V16.0-operative
10066.10595644752,6.020343295833596,v15_faithful,none,V16.0-operative
10083.100554083105,6.020341947615887,v15_faithful,none,V16.0-operative
10100.123843682595,6.020340599398178,v15_faithful,none,V16.0-operative
10117.175873686612,6.020339251180469,v15_faithful,none,V16.0-operative
10134.256692617551,6.0203378608223685,v15_faithful,none,V16.0-operative
10151.366349079735,6.020336248489,v15_faithful,none,V16.0-operative
10168.50489175954,6.020334636155631,v15_faithful,none,V16.0-operative
10185.672369425542,6.020333023822261,v15_faithful,none,V16.0-operative
10202.86883092865,6.020331411488892,v15_faithful,none,V16.0-operative
10220.094325202253,6.020329781600449,v15_faithful,none,V16.0-operative
10237.34890126235,6.020327933532088,v15_faithful,none,V16.0-operative
10254.632608207698,6.020326085463728,v15_faithful,none,V16.0-operative
10271.945495219938,6.020324237395367,v15_faithful,none,V16.0-operative
10289.287611563755,6.020322389327006,v15_faithful,none,V16.0-operative
10306.659006587004,6.020320541258646,v15_faithful,none,V16.0-operative
10324.05972972085,6.02031848500646,v15_faithful,none,V16.0-operative
10341.489830479919,6.020316426520967,v15_faithful,none,V16.0-operative
10358.949358462427,6.020314368035474,v15_faithful,none,V16.0-operative
10376.43836335033,6.02031230954998,v15_faithful,none,V16.0-operative
10393.95689490946,6.020310251064487,v15_faithful,none,V16.0-operative
10411.505002989668,6.020308022722409,v15_faithful,none,V16.0-operative
10429.082737524972,6.020305776405425,v15_faithful,none,V16.0-operative
10446.690148533688,6.020303530088441,v15_faithful,none,V16.0-operative
10464.327286118578,6.020301283771457,v15_faithful,none,V16.0-operative
10481.994200466994,6.020299037454472,v15_faithful,none,V16.0-operative
10499.69094185102,6.0202966537681295,v15_faithful,none,V16.0-operative
10517.417560627613,6.020294239767985,v15_faithful,none,V16.0-operative
10535.174107238749,6.02029182576784,v15_faithful,none,V16.0-operative
10552.960632211563,6.020289411767696,v15_faithful,none,V16.0-operative
10570.777186158495,6.020286997767551,v15_faithful,none,V16.0-operative
10588.623819777438,6.020284473860507,v15_faithful,none,V16.0-operative
10606.500583851872,6.020281910151286,v15_faithful,none,V16.0-operative
10624.40752925102,6.020279346442064,v15_faithful,none,V16.0-operative
10642.344706929985,6.020276782732842,v15_faithful,none,V16.0-operative
10660.312167929897,6.020274219023621,v15_faithful,none,V16.0-operative
10678.30996337806,6.020271615687589,v15_faithful,none,V16.0-operative
10696.338144488098,6.020268990925118,v15_faithful,none,V16.0-operative
10714.396762560093,6.020266366162647,v15_faithful,none,V16.0-operative
10732.485868980742,6.020263741400176,v15_faithful,none,V16.0-operative
10750.605515223497,6.0202611166377045,v15_faithful,none,V16.0-operative
10768.75575284871,6.020258379183428,v15_faithful,none,V16.0-operative
10786.936633503788,6.020255554602159,v15_faithful,none,V16.0-operative
10805.148208923329,6.020252730020892,v15_faithful,none,V16.0-operative
10823.390530929277,6.020249905439624,v15_faithful,none,V16.0-operative
10841.663651431065,6.020247080858356,v15_faithful,none,V16.0-operative
10859.967622425766,6.020244205627183,v15_faithful,none,V16.0-operative
10878.30249599824,6.020241275279979,v15_faithful,none,V16.0-operative
10896.66832432128,6.020238344932773,v15_faithful,none,V16.0-operative
10915.065159655765,6.020235414585568,v15_faithful,none,V16.0-operative
10933.493054350805,6.020232484238363,v15_faithful,none,V16.0-operative
10951.952060843889,6.020229516687348,v15_faithful,none,V16.0-operative
10970.442231661038,6.020226491867111,v15_faithful,none,V16.0-operative
10988.963619416954,6.020223467046872,v15_faithful,none,V16.0-operative
11007.516276815164,6.020220442226634,v15_faithful,none,V16.0-operative
11026.10025664818,6.020217417406395,v15_faithful,none,V16.0-operative
11044.715611797637,6.020214366530586,v15_faithful,none,V16.0-operative
11063.362395234455,6.020211257311692,v15_faithful,none,V16.0-operative
11082.040660018985,6.020208148092797,v15_faithful,none,V16.0-operative
11100.750459301156,6.020205038873904,v15_faithful,none,V16.0-operative
11119.491846320632,6.02020192965501,v15_faithful,none,V16.0-operative
11138.264874406963,6.020198819779614,v15_faithful,none,V16.0-operative
11157.069596979734,6.02019570762515,v15_faithful,none,V16.0-operative
11175.906067548714,6.020192595470686,v15_faithful,none,V16.0-operative
11194.774339714022,6.020189483316221,v15_faithful,none,V16.0-operative
11213.67446716626,6.020186371161757,v15_faithful,none,V16.0-operative
11232.606503686682,6.020183238553756,v15_faithful,none,V16.0-operative
11251.57050314734,6.02017997877758,v15_faithful,none,V16.0-operative
11270.566519511236,6.020176719001402,v15_faithful,none,V16.0-operative
11289.59460683248,6.020173459225225,v15_faithful,none,V16.0-operative
11308.654819256439,6.020170199449048,v15_faithful,none,V16.0-operative
11327.747211019896,6.020166940196424,v15_faithful,none,V16.0-operative
11346.871836451202,6.020163690211717,v15_faithful,none,V16.0-operative
11366.028749970426,6.020160440227008,v15_faithful,none,V16.0-operative
11385.218006089523,6.0201571902423,v15_faithful,none,V16.0-operative
11404.43965941247,6.020153940257591,v15_faithful,none,V16.0-operative
11423.69376463544,6.020150690272883,v15_faithful,none,V16.0-operative
11442.980376546946,6.020147314754953,v15_faithful,none,V16.0-operative
11462.299550028001,6.020143935139016,v15_faithful,none,V16.0-operative
11481.651340052274,6.02014055552308,v15_faithful,none,V16.0-operative
11501.035801686246,6.020137175907143,v15_faithful,none,V16.0-operative
11520.452990089365,6.020133796291207,v15_faithful,none,V16.0-operative
11539.902960514206,6.020130437325518,v15_faithful,none,V16.0-operative
11559.385768306627,6.020127081088,v15_faithful,none,V16.0-operative
11578.901468905928,6.020123724850481,v15_faithful,none,V16.0-operative
11598.450117845003,6.020120368612962,v15_faithful,none,V16.0-operative
11618.031770750506,6.020117012375443,v15_faithful,none,V16.0-operative
11637.646483343002,6.020113560523926,v15_faithful,none,V16.0-operative
11657.294311437132,6.020110084502495,v15_faithful,none,V16.0-operative
11676.975310941767,6.020106608481062,v15_faithful,none,V16.0-operative
11696.68953786017,6.02010313245963,v15_faithful,none,V16.0-operative
11716.437048290154,6.020099656438198,v15_faithful,none,V16.0-operative
11736.217898424242,6.020096203554986,v15_faithful,none,V16.0-operative
11756.032144549825,6.02009275997922,v15_faithful,none,V16.0-operative
11775.879843049328,6.020089316403453,v15_faithful,none,V16.0-operative
11795.76105040036,6.020085872827688,v15_faithful,none,V16.0-operative
11815.675823175889,6.020082429251922,v15_faithful,none,V16.0-operative
11835.624218044388,6.020078917092695,v15_faithful,none,V16.0-operative
11855.606291770007,6.020075364317017,v15_faithful,none,V16.0-operative
11875.622101212732,6.020071811541338,v15_faithful,none,V16.0-operative
11895.67170332854,6.020068258765659,v15_faithful,none,V16.0-operative
11915.755155169576,6.020064705989981,v15_faithful,none,V16.0-operative
11935.872513884296,6.020061215748261,v15_faithful,none,V16.0-operative
11956.023836717646,6.020057778142578,v15_faithful,none,V16.0-operative
11976.209181011218,6.020054340536896,v15_faithful,none,V16.0-operative
11996.428604203411,6.020050902931213,v15_faithful,none,V16.0-operative
12016.682163829599,6.02004746532553,v15_faithful,none,V16.0-operative
12036.969917522294,6.020043975856956,v15_faithful,none,V16.0-operative
12057.291923011308,6.02004042498574,v15_faithful,none,V16.0-operative
12077.648238123917,6.020036874114523,v15_faithful,none,V16.0-operative
12098.038920785026,6.0200333232433065,v15_faithful,none,V16.0-operative
12118.46402901734,6.020029772372089,v15_faithful,none,V16.0-operative
12138.923620941516,5.983928736646456,v15_faithful,none,V16.0-operative
12159.417754776343,5.887098313323758,v15_faithful,none,V16.0-operative
12179.946488838896,5.79026789000106,v15_faithful,none,V16.0-operative
12200.509881544709,5.693437466678361,v15_faithful,none,V16.0-operative
12221.107991407938,5.596607043355663,v15_faithful,none,V16.0-operative
12241.74087704153,5.5276345682129335,v15_faithful,none,V16.0-operative
12262.408597157384,5.527626877697821,v15_faithful,none,V16.0-operative
12283.111210566527,5.527619187182707,v15_faithful,none,V16.0-operative
12303.848776179275,5.5276114966675935,v15_faithful,none,V16.0-operative
12324.621353005403,5.527603806152481,v15_faithful,none,V16.0-operative
12345.429000154307,5.527596109471794,v15_faithful,none,V16.0-operative
12366.271776835185,5.527588388530125,v15_faithful,none,V16.0-operative
12387.149742357193,5.527580667588455,v15_faithful,none,V16.0-operative
12408.06295612962,5.527572946646784,v15_faithful,none,V16.0-operative
12429.011477662054,5.527565225705114,v15_faithful,none,V16.0-operative
12449.995366564557,5.527557501542371,v15_faithful,none,V16.0-operative
12471.014682547826,5.527549753200054,v15_faithful,none,V16.0-operative
12492.069485423372,5.527542004857736,v15_faithful,none,V16.0-operative
12513.159835103681,5.527534256515419,v15_faithful,none,V16.0-operative
12534.285791602391,5.527526508173102,v15_faithful,none,V16.0-operative
12555.447415034465,5.527518759028739,v15_faithful,none,V16.0-operative
12576.644765616353,5.527510985986363,v15_faithful,none,V16.0-operative
12597.877903666167,5.527503212943988,v15_faithful,none,V16.0-operative
12619.146889603862,5.527495439901613,v15_faithful,none,V16.0-operative
12640.45178395139,5.527487666859238,v15_faithful,none,V16.0-operative
12661.79264733289,5.527479893816863,v15_faithful,none,V16.0-operative
12683.169540474848,5.527472239111198,v15_faithful,none,V16.0-operative
12704.582524206278,5.527464590977198,v15_faithful,none,V16.0-operative
12726.03165945889,5.527456942843196,v15_faithful,none,V16.0-operative
12747.51700726726,5.527449294709196,v15_faithful,none,V16.0-operative
12769.03862876902,5.527441646575195,v15_faithful,none,V16.0-operative
12790.59658520501,5.527433840465164,v15_faithful,none,V16.0-operative
12812.190937919468,5.527426009129102,v15_faithful,none,V16.0-operative
12833.821748360197,5.527418177793039,v15_faithful,none,V16.0-operative
12855.489078078745,5.527410346456977,v15_faithful,none,V16.0-operative
12877.192988730574,5.527402515120914,v15_faithful,none,V16.0-operative
12898.933542075243,5.527394782531215,v15_faithful,none,V16.0-operative
12920.710799976576,5.527387078245612,v15_faithful,none,V16.0-operative
12942.524824402843,5.527379373960009,v15_faithful,none,V16.0-operative
12964.375677426935,5.527371669674405,v15_faithful,none,V16.0-operative
12986.263421226542,5.527363965388802,v15_faithful,none,V16.0-operative
13008.188118084325,5.527356140554538,v15_faithful,none,V16.0-operative
13030.149830388127,5.52734826210049,v15_faithful,none,V16.0-operative
13052.14862063104,5.527340383646441,v15_faithful,none,V16.0-operative
13074.184551411738,5.527332505192394,v15_faithful,none,V16.0-operative
13096.257685434563,5.527324626738346,v15_faithful,none,V16.0-operative
13118.368085509708,5.52731674105209,v15_faithful,none,V16.0-operative
13140.515814553424,5.527308850684449,v15_faithful,none,V16.0-operative
13162.70093558817,5.527300960316806,v15_faithful,none,V16.0-operative
13184.923511742809,5.527293069949165,v15_faithful,none,V16.0-operative
13207.183606252791,5.527285179581523,v15_faithful,none,V16.0-operative
13229.48128246032,5.527277283534401,v15_faithful,none,V16.0-operative
13251.816603814541,5.527269382285941,v15_faithful,none,V16.0-operative
13274.189633871723,5.527261481037483,v15_faithful,none,V16.0-operative
13296.600436295434,5.527253579789024,v15_faithful,none,V16.0-operative
13319.049074856726,5.527245678540565,v15_faithful,none,V16.0-operative
13341.535613434318,5.527237772941215,v15_faithful,none,V16.0-operative
13364.060116014773,5.527229861733944,v15_faithful,none,V16.0-operative
13386.62264669268,5.527221950526672,v15_faithful,none,V16.0-operative
13409.223269670845,5.527214039319402,v15_faithful,none,V16.0-operative
13431.862049260464,5.52720612811213,v15_faithful,none,V16.0-operative
13454.539049881309,5.527198213690868,v15_faithful,none,V16.0-operative
13477.254336061911,5.527190293347888,v15_faithful,none,V16.0-operative
13500.00797243975,5.527182373004909,v15_faithful,none,V16.0-operative
13522.800023761425,5.527174452661929,v15_faithful,none,V16.0-operative
13545.630554882855,5.527166532318949,v15_faithful,none,V16.0-operative
13568.499630769451,5.527158609735264,v15_faithful,none,V16.0-operative
13591.407316496303,5.527150680991385,v15_faithful,none,V16.0-operative
13614.35367724837,5.527142752247505,v15_faithful,none,V16.0-operative
13637.338778320664,5.5271348235036255,v15_faithful,none,V16.0-operative
13660.36268511843,5.527126894759745,v15_faithful,none,V16.0-operative
13683.425463157344,5.519571288934397,v15_faithful,none,V16.0-operative
13706.527178063683,5.478010144150882,v15_faithful,none,V16.0-operative
13729.667895574528,5.436448999367366,v15_faithful,none,V16.0-operative
13752.84768153794,5.394887854583851,v15_faithful,none,V16.0-operative
13776.066601913151,5.353326709800335,v15_faithful,none,V16.0-operative
13799.324722770756,5.315777584539199,v15_faithful,none,V16.0-operative
13822.622110292894,5.315767847239158,v15_faithful,none,V16.0-operative
13845.958830773438,5.315758109939118,v15_faithful,none,V16.0-operative
13869.334950618186,5.315748372639077,v15_faithful,none,V16.0-operative
13892.75053634505,5.315738635339036,v15_faithful,none,V16.0-operative
13916.205654584242,5.315728897970101,v15_faithful,none,V16.0-operative
13939.70037207847,5.3157191546647695,v15_faithful,none,V16.0-operative
13963.234755683117,5.315709411359437,v15_faithful,none,V16.0-operative
13986.808872366444,5.315699668054105,v15_faithful,none,V16.0-operative
14010.422789209773,5.3156899247487726,v15_faithful,none,V16.0-operative
14034.076573407676,5.315680181443441,v15_faithful,none,V16.0-operative
14057.770292268171,5.315670432891642,v15_faithful,none,V16.0-operative
14081.504013212916,5.315660683922959,v15_faithful,none,V16.0-operative
14105.277803777391,5.315650934954276,v15_faithful,none,V16.0-operative
14129.091731611103,5.3156411859855925,v15_faithful,none,V16.0-operative
14152.945864477762,5.315631437016909,v15_faithful,none,V16.0-operative
14176.840270255494,5.315621836071694,v15_faithful,none,V16.0-operative
14200.775016937016,5.315612263047917,v15_faithful,none,V16.0-operative
14224.75017262984,5.31560269002414,v15_faithful,none,V16.0-operative
14248.765805556464,5.315593117000363,v15_faithful,none,V16.0-operative
14272.821984054564,5.315583543976586,v15_faithful,none,V16.0-operative
14296.918776577193,5.315573815411282,v15_faithful,none,V16.0-operative
14321.056251692973,5.31556403670529,v15_faithful,none,V16.0-operative
14345.234478086288,5.315554257999297,v15_faithful,none,V16.0-operative
14369.453524557483,5.315544479293306,v15_faithful,none,V16.0-operative
14393.713460023058,5.315534700587314,v15_faithful,none,V16.0-operative
14418.01435351587,5.31552492001022,v15_faithful,none,V16.0-operative
14442.356274185315,5.315515138516279,v15_faithful,none,V16.0-operative
14466.73929129754,5.315505357022338,v15_faithful,none,V16.0-operative
14491.163474235631,5.315495575528397,v15_faithful,none,V16.0-operative
14515.628892499817,5.315485794034456,v15_faithful,none,V16.0-operative
14540.13561570766,5.315476010906156,v15_faithful,none,V16.0-operative
14564.68371359426,5.315466226623474,v15_faithful,none,V16.0-operative
14589.273256012451,5.315456442340792,v15_faithful,none,V16.0-operative
14613.904312932998,5.315446658058109,v15_faithful,none,V16.0-operative
14638.576954444798,5.315436873775425,v15_faithful,none,V16.0-operative
14663.291250755077,5.3154270880952605,v15_faithful,none,V16.0-operative
14688.047272189597,5.315417301023038,v15_faithful,none,V16.0-operative
14712.845089192844,5.315407513950816,v15_faithful,none,V16.0-operative
14737.684772328243,5.315397726878594,v15_faithful,none,V16.0-operative
14762.566392278344,5.315387939806371,v15_faithful,none,V16.0-operative
14787.490019845038,5.311302385296368,v15_faithful,none,V16.0-operative
14812.45572594974,5.301492477461499,v15_faithful,none,V16.0-operative
14837.463581633614,5.291682569626621,v15_faithful,none,V16.0-operative
14862.513658057751,5.281872661791742,v15_faithful,none,V16.0-operative
14887.606026503394,5.272062753956864,v15_faithful,none,V16.0-operative
14912.740758372121,5.265498024997259,v15_faithful,none,V16.0-operative
14937.917925186064,5.265498024997259,v15_faithful,none,V16.0-operative
14963.137598588102,5.265498024997259,v15_faithful,none,V16.0-operative
14988.399850342068,5.265498024997259,v15_faithful,none,V16.0-operative
15013.704752332957,5.265498024997259,v15_faithful,none,V16.0-operative
15039.052376567124,5.265498024997259,v15_faithful,none,V16.0-operative
15064.442795172496,5.265498024997259,v15_faithful,none,V16.0-operative
15089.87608039877,5.265498024997259,v15_faithful,none,V16.0-operative
15115.352304617623,5.265498024997259,v15_faithful,none,V16.0-operative
15140.87154032292,5.265498024997259,v15_faithful,none,V16.0-operative
15166.433860130912,5.265498024997259,v15_faithful,none,V16.0-operative
15192.039336780452,5.265498024997259,v15_faithful,none,V16.0-operative
15217.688043133197,5.265498024997259,v15_faithful,none,V16.0-operative
15243.380052173816,5.265498024997259,v15_faithful,none,V16.0-operative
15269.115437010198,5.265498024997259,v15_faithful,none,V16.0-operative
15294.89427087366,5.265498024997259,v15_faithful,none,V16.0-operative
15320.716627119155,5.265498024997259,v15_faithful,none,V16.0-operative
15346.582579225482,5.265498024997259,v15_faithful,none,V16.0-operative
15372.492200795494,5.265498024997259,v15_faithful,none,V16.0-operative
15398.445565556305,5.265498024997259,v15_faithful,none,V16.0-operative
15424.442747359508,5.265498024997259,v15_faithful,none,V16.0-operative
15450.483820181375,5.265498024997259,v15_faithful,none,V16.0-operative
15476.568858123072,5.265498024997259,v15_faithful,none,V16.0-operative
15502.697935410872,5.265498024997259,v15_faithful,none,V16.0-operative
15528.871126396363,5.265498024997259,v15_faithful,none,V16.0-operative
15555.088505556663,5.265498024997259,v15_faithful,none,V16.0-operative
15581.350147494626,5.265498024997259,v15_faithful,none,V16.0-operative
15607.656126939062,5.265498024997259,v15_faithful,none,V16.0-operative
15634.00651874494,5.265498024997259,v15_faithful,none,V16.0-operative
15660.401397893613,5.265498024997259,v15_faithful,none,V16.0-operative
15686.84083949302,5.265498024997259,v15_faithful,none,V16.0-operative
15713.324918777906,5.265498024997259,v15_faithful,none,V16.0-operative
15739.853711110036,5.265498024997259,v15_faithful,none,V16.0-operative
15766.427291978409,5.265498024997259,v15_faithful,none,V16.0-operative
15793.045736999467,5.265498024997259,v15_faithful,none,V16.0-operative
15819.709121917324,5.265498024997259,v15_faithful,none,V16.0-operative
15846.41752260396,5.265498024997259,v15_faithful,none,V16.0-operative
15873.171015059464,5.265498024997259,v15_faithful,none,V16.0-operative
15899.969675412225,5.265498024997259,v15_faithful,none,V16.0-operative
15926.813579919164,5.265498024997259,v15_faithful,none,V16.0-operative
15953.702804965948,5.265498024997259,v15_faithful,none,V16.0-operative
15980.637427067199,5.265498024997259,v15_faithful,none,V16.0-operative
16007.617522866727,5.265498024997259,v15_faithful,none,V16.0-operative
16034.643169137735,5.265498024997259,v15_faithful,none,V16.0-operative
16061.714442783043,5.265498024997259,v15_faithful,none,V16.0-operative
16088.831420835306,5.265498024997259,v15_faithful,none,V16.0-operative
16115.994180457234,5.265498024997259,v15_faithful,none,V16.0-operative
16143.202798941807,5.265498024997259,v15_faithful,none,V16.0-operative
16170.457353712503,5.265498024997259,v15_faithful,none,V16.0-operative
16197.757922323515,5.265498024997259,v15_faithful,none,V16.0-operative
16225.104582459966,5.265498024997259,v15_faithful,none,V16.0-operative
16252.497411938137,5.265498024997259,v15_faithful,none,V16.0-operative
16279.936488705687,5.265498024997259,v15_faithful,none,V16.0-operative
16307.421890841872,5.265498024997259,v15_faithful,none,V16.0-operative
16334.953696557772,5.265498024997259,v15_faithful,none,V16.0-operative
16362.531984196507,5.265498024997259,v15_faithful,none,V16.0-operative
16390.156832233464,5.265498024997259,v15_faithful,none,V16.0-operative
16417.828319276527,5.265498024997259,v15_faithful,none,V16.0-operative
16445.54652406628,5.265498024997259,v15_faithful,none,V16.0-operative
16473.311525476263,5.265498024997259,v15_faithful,none,V16.0-operative
16501.12340251316,5.265498024997259,v15_faithful,none,V16.0-operative
16528.98223431705,5.265498024997259,v15_faithful,none,V16.0-operative
16556.88810016163,5.265498024997259,v15_faithful,none,V16.0-operative
16584.841079454418,5.265498024997259,v15_faithful,none,V16.0-operative
16612.84125173702,5.265498024997259,v15_faithful,none,V16.0-operative
16640.888696685306,5.265498024997259,v15_faithful,none,V16.0-operative
16668.98349410968,5.265498024997259,v15_faithful,none,V16.0-operative
16697.125723955287,5.265498024997259,v15_faithful,none,V16.0-operative
16725.31546630224,5.265498024997259,v15_faithful,none,V16.0-operative
16753.55280136585,5.265498024997259,v15_faithful,none,V16.0-operative
16781.83780949686,5.265498024997259,v15_faithful,none,V16.0-operative
16810.170571181665,5.265498024997259,v15_faithful,none,V16.0-operative
16838.551167042548,5.265498024997259,v15_faithful,none,V16.0-operative
16866.979677837902,5.265498024997259,v15_faithful,none,V16.0-operative
16895.456184462477,5.265498024997259,v15_faithful,none,V16.0-operative
16923.980767947578,5.265498024997259,v15_faithful,none,V16.0-operative
16952.55350946133,5.265498024997259,v15_faithful,none,V16.0-operative
16981.17449030889,5.265498024997259,v15_faithful,none,V16.0-operative
17009.843791932683,5.265498024997259,v15_faithful,none,V16.0-operative
17038.56149591263,5.265498024997259,v15_faithful,none,V16.0-operative
17067.32768396638,5.265498024997259,v15_faithful,none,V16.0-operative
17096.142437949562,5.265498024997259,v15_faithful,none,V16.0-operative
17125.005839855985,5.265498024997259,v15_faithful,none,V16.0-operative
17153.917971817893,5.265498024997259,v15_faithful,none,V16.0-operative
17182.878916106198,5.265498024997259,v15_faithful,none,V16.0-operative
17211.888755130705,5.265498024997259,v15_faithful,none,V16.0-operative
17240.947571440356,5.265498024997259,v15_faithful,none,V16.0-operative
17270.05544772345,5.265498024997259,v15_faithful,none,V16.0-operative
17299.212466807905,5.265498024997259,v15_faithful,none,V16.0-operative
17328.418711661463,5.265498024997259,v15_faithful,none,V16.0-operative
17357.67426539195,5.265498024997259,v15_faithful,none,V16.0-operative
17386.979211247493,5.265498024997259,v15_faithful,none,V16.0-operative
17416.333632616777,5.265498024997259,v15_faithful,none,V16.0-operative
17445.73761302926,5.265498024997259,v15_faithful,none,V16.0-operative
17475.191236155442,5.265498024997259,v15_faithful,none,V16.0-operative
17504.694585807065,5.265498024997259,v15_faithful,none,V16.0-operative
17534.247745937377,5.265498024997259,v15_faithful,none,V16.0-operative
17563.85080064136,5.265498024997259,v15_faithful,none,V16.0-operative
17593.50383415599,5.265498024997259,v15_faithful,none,V16.0-operative
17623.206930860437,5.265498024997259,v15_faithful,none,V16.0-operative
17652.960175276345,5.265498024997259,v15_faithful,none,V16.0-operative
17682.763652068046,5.265498024997259,v15_faithful,none,V16.0-operative
17712.61744604282,5.265498024997259,v15_faithful,none,V16.0-operative
17742.521642151118,5.265498024997259,v15_faithful,none,V16.0-operative
17772.476325486816,5.265498024997259,v15_faithful,none,V16.0-operative
17802.48158128746,5.265498024997259,v15_faithful,none,V16.0-operative
17832.53749493449,5.265498024997259,v15_faithful,none,V16.0-operative
17862.64415195351,5.265498024997259,v15_faithful,none,V16.0-operative
17892.801638014505,5.265498024997259,v15_faithful,none,V16.0-operative
17923.0100389321,5.265498024997259,v15_faithful,none,V16.0-operative
17953.269440665805,5.265498024997259,v15_faithful,none,V16.0-operative
17983.57992932025,5.265498024997259,v15_faithful,none,V16.0-operative
18013.941591145438,5.265498024997259,v15_faithful,none,V16.0-operative
18044.354512536982,5.265498024997259,v15_faithful,none,V16.0-operative
18074.81878003637,5.265498024997259,v15_faithful,none,V16.0-operative
18105.334480331185,5.265498024997259,v15_faithful,none,V16.0-operative
18135.90170025537,5.265498024997259,v15_faithful,none,V16.0-operative
18166.52052678947,5.265498024997259,v15_faithful,none,V16.0-operative
18197.19104706088,5.265498024997259,v15_faithful,none,V16.0-operative
18227.913348344082,5.265498024997259,v15_faithful,none,V16.0-operative
18258.68751806092,5.265498024997259,v15_faithful,none,V16.0-operative
18289.51364378082,5.265498024997259,v15_faithful,none,V16.0-operative
18320.39181322106,5.265498024997259,v15_faithful,none,V16.0-operative
18351.322114247,5.265498024997259,v15_faithful,none,V16.0-operative
18382.30463487235,5.265498024997259,v15_faithful,none,V16.0-operative
18413.339463259417,5.265498024997259,v15_faithful,none,V16.0-operative
18444.426687719348,5.265498024997259,v15_faithful,none,V16.0-operative
18475.56639671238,5.265498024997259,v15_faithful,none,V16.0-operative
18506.758678848106,5.265498024997259,v15_faithful,none,V16.0-operative
18538.003622885717,5.265498024997259,v15_faithful,none,V16.0-operative
18569.301317734255,5.265498024997259,v15_faithful,none,V16.0-operative
18600.651852452866,5.265498024997259,v15_faithful,none,V16.0-operative
18632.05531625105,5.265498024997259,v15_faithful,none,V16.0-operative
18663.511798488933,5.265498024997259,v15_faithful,none,V16.0-operative
18695.02138867749,5.265498024997259,v15_faithful,none,V16.0-operative
18726.584176478835,5.265498024997259,v15_faithful,none,V16.0-operative
18758.200251706447,5.265498024997259,v15_faithful,none,V16.0-operative
18789.869704325436,5.265498024997259,v15_faithful,none,V16.0-operative
18821.59262445281,5.265498024997259,v15_faithful,none,V16.0-operative
18853.369102357712,5.265498024997259,v15_faithful,none,V16.0-operative
18885.199228461686,5.265498024997259,v15_faithful,none,V16.0-operative
18917.083093338944,5.265498024997259,v15_faithful,none,V16.0-operative
18949.020787716607,5.265498024997259,v15_faithful,none,V16.0-operative
18981.012402474975,5.265498024997259,v15_faithful,none,V16.0-operative
19013.05802864777,5.265498024997259,v15_faithful,none,V16.0-operative
19045.15775742242,5.265498024997259,v15_faithful,none,V16.0-operative
19077.3116801403,5.265498024997259,v15_faithful,none,V16.0-operative
19109.519888296996,5.265498024997259,v15_faithful,none,V16.0-operative
19141.782473542564,5.265498024997259,v15_faithful,none,V16.0-operative
19174.099527681792,5.265498024997259,v15_faithful,none,V16.0-operative
19206.471142674465,5.265498024997259,v15_faithful,none,V16.0-operative
19238.897410635625,5.265498024997259,v15_faithful,none,V16.0-operative
19271.37842383583,5.265498024997259,v15_faithful,none,V16.0-operative
19303.914274701416,5.265498024997259,v15_faithful,none,V16.0-operative
19336.505055814763,5.265498024997259,v15_faithful,none,V16.0-operative
19369.15085991456,5.265498024997259,v15_faithful,none,V16.0-operative
19401.851779896067,5.265498024997259,v15_faithful,none,V16.0-operative
19434.60790881138,5.265498024997259,v15_faithful,none,V16.0-operative
19467.419339869684,5.265498024997259,v15_faithful,none,V16.0-operative
19500.286166437545,5.265498024997259,v15_faithful,none,V16.0-operative
19533.208482039146,5.265498024997259,v15_faithful,none,V16.0-operative
19566.18638035658,5.265498024997259,v15_faithful,none,V16.0-operative
19599.219955230088,5.265498024997259,v15_faithful,none,V16.0-operative
19632.30930065836,5.265498024997259,v15_faithful,none,V16.0-operative
19665.45451079876,5.265498024997259,v15_faithful,none,V16.0-operative
19698.65567996764,5.265498024997259,v15_faithful,none,V16.0-operative
19731.91290264058,5.265498024997259,v15_faithful,none,V16.0-operative
19765.226273452652,5.265498024997259,v15_faithful,none,V16.0-operative
19798.595887198713,5.265498024997259,v15_faithful,none,V16.0-operative
19832.02183883366,5.265498024997259,v15_faithful,none,V16.0-operative
19865.504223472697,5.265498024997259,v15_faithful,none,V16.0-operative
19899.043136391618,5.265498024997259,v15_faithful,none,V16.0-operative
19932.63867302706,5.265498024997259,v15_faithful,none,V16.0-operative
19966.2909289768,5.265498024997259,v15_faithful,none,V16.0-operative
20000.0,5.265498024997259,v15_faithful,none,V16.0-operative
