frequency_hz,pair_first_raw_db,pair_first_smoothed_db,energy_neutral_db,recommended_db,smoothing_width_octaves,pair_mad_db,n_pairs,attack_sustain_disagreement_db,loo_max_change_db,reliability,pipeline_version
25.0,-0.765760629227935,-0.7655849939186492,-0.9677739306470236,-0.5901243747273703,0.25,3.239162667674493,14,0.7905597417626863,0.0868495021796778,0.7473986503017527,V14.0
25.215369952966757,-0.766206000505856,-0.7654275576167393,-0.9676164943451137,-0.5900311249023956,0.25,3.237238995833671,14,0.7910712245885307,0.08676373597072706,0.747429581935816,V14.0
25.43259527459916,-0.7666136447154179,-0.7652571881557767,-0.967446124884151,-0.5899291189629674,0.25,3.2353744872848464,14,0.7915808670256077,0.08667331571507475,0.747461680067947,V14.0
25.651691948523673,-0.7669837291394461,-0.7650728136487223,-0.9672617503770966,-0.5898173128693922,0.25,3.2335688886118623,14,0.7920887569954839,0.08657824317636187,0.7474946393116324,V14.0
25.872676096062516,-0.7673164146470041,-0.7648730811571969,-0.9670620178855712,-0.5896943689406742,0.25,3.231821955916663,14,0.792594981884629,0.08647874814694234,0.747528048364107,V14.0
26.09556397741985,-0.7676118557544108,-0.7646564688309095,-0.9668454055592839,-0.5895587323172593,0.25,3.23013345472909,14,0.7930996285625754,0.08637517507881431,0.7475613805312135,V14.0
26.32037199287816,-0.767870200685008,-0.7644215566994174,-0.9666104934277917,-0.5894088306523776,0.25,3.228503159917916,14,0.7936027833999065,0.08626771124983557,0.7475939900220163,V14.0
26.54711668400512,-0.7680915914279516,-0.7641662399932897,-0.966355176721664,-0.5892424897243109,0.25,3.2269308556039364,14,0.7941045322861929,0.08615717262267508,0.7476251163735365,V14.0
26.775814734870597,-0.768276163795732,-0.7638896975833176,-0.9660786343116919,-0.5890584168184937,0.25,3.2254163350745877,14,0.7946049606477427,0.08604303484539733,0.7476538990135217,V14.0
27.00648297327442,-0.7684240474807216,-0.7635901365720312,-0.9657790733004056,-0.5888545352581487,0.25,3.223959400699937,14,0.7951041534652861,0.0859256883998396,0.7476794030811137,V14.0
27.23913837198449,-0.7685353661106362,-0.7632656160063609,-0.9654545527347352,-0.5886286294686107,0.25,3.222559863850734,14,0.7956021952915397,0.08580561497219186,0.7477006561985257,V14.0
27.473798049985657,-0.7686102373029247,-0.7629140366296684,-0.9651029733580427,-0.5883783735510197,0.25,3.2212175448174576,14,0.7960991702686653,0.08568339817334103,0.7477166940823397,V14.0
27.710479273739395,-0.7686487727181492,-0.7625331304113087,-0.964722067139683,-0.5881013638591478,0.25,3.2204677196553444,14,0.7965951621456339,0.08555973491891555,0.7477266115085257,V14.0
27.949199458454267,-0.7686510781123266,-0.7621204499419855,-0.9643093866703598,-0.5877951505307817,0.25,3.2203167604942218,14,0.7970902542954708,0.08543544743074283,0.7477296121711935,V14.0
28.18997616936729,-0.7686172533883124,-0.7616733578010298,-0.9638622945294042,-0.5874572637184141,0.25,3.2202194311126413,14,0.7975845297324597,0.08531149580498709,0.7477250519522067,V14.0
28.432827123036525,-0.7685473926461799,-0.7611890160207238,-0.9633779527490981,-0.5870852310076891,0.25,3.220175592085987,14,0.8016706399851437,0.08518899107402733,0.7477124710290466,V14.0
28.67777018864453,-0.7684415842326517,-0.7606643757926782,-0.9628533125210526,-0.5866765824341055,0.25,3.220185112519829,14,0.8065278516396396,0.0850692086693502,0.7476916101073482,V14.0
28.924823389313318,-0.7682999107895863,-0.760096167581726,-0.9622851043101004,-0.5862288423676012,0.25,3.220247869978011,14,0.8113505369125971,0.0849536021715277,0.7476624096584416,V14.0
29.174004903430454,-0.7681224493015555,-0.7594808918333963,-0.9616698285617706,-0.5857395093551173,0.25,3.2203637504121128,14,0.8161396400322811,0.08484381721104406,0.747624993323168,V14.0
29.425333065986596,-0.7679092711424658,-0.7588148104813415,-0.9610037472097158,-0.5852060267322067,0.25,3.22053264809237,14,0.8208960926891316,0.08474170536066261,0.7475796388074025,V14.0
29.6788263699247,-0.7676604421213671,-0.7580939394805204,-0.9602828762088947,-0.5846257478857781,0.25,3.220754465539712,14,0.8256208143015995,0.08464933783665085,0.7475267409432725,V14.0
29.934503467500676,-0.767376022527299,-0.757314042609874,-0.9595029793382484,-0.5839959003470773,0.25,3.221029113459278,14,0.8303147122778165,0.08456901880303824,0.7474667719636536,V14.0
30.192383171655823,-0.7670560671733891,-0.7564706268039958,-0.9586595635323701,-0.5833135524950153,0.25,3.2213565106751023,14,0.834978682273193,0.08450329805076784,0.7474002435322786,V14.0
30.45248445740117,-0.766700625439994,-0.7555589392861306,-0.957747876014505,-0.58257558577384,0.25,3.2217365840660346,14,0.8396136084439818,0.0844549828028115,0.7473276739628774,V14.0
30.714826463213633,-0.7663097413170685,-0.7545736088155776,-0.9567625455439519,-0.5817784067473386,0.25,3.2221692685030514,14,0.8442203636969168,0.08442750634620877,0.7472495626803816,V14.0
30.979428492444203,-0.7658834534457942,-0.7535096581614669,-0.9556985948898412,-0.5809186901619475,0.25,3.2226545067874284,14,0.8487998099350108,0.08442392638229179,0.7471663726138399,V14.0
31.246310014738402,-0.7654217951593061,-0.7523615479256177,-0.9545504846539921,-0.5799926566923146,0.25,3.2231922495904453,14,0.8533527982995831,0.08444789296344313,0.7470785200790007,V14.0
31.51549066746875,-0.7649247945226927,-0.7511234890451545,-0.9533124257735288,-0.5789963051965828,0.25,3.223782455394024,14,0.8578801694085415,0.08450334866328546,0.7469863727233745,V14.0
31.786990257179824,-0.7643924743722719,-0.749789452828315,-0.9519783895566893,-0.5779254122958,0.25,3.224425090432528,14,0.8623827535910866,0.08459453208977974,0.7468902388700975,V14.0
32.06082876104558,-0.7638248523540732,-0.7483531843946806,-0.9505421211230549,-0.5767755612654886,0.25,3.2251201286357194,14,0.8668613711188198,0.08472597881724309,0.7467903913578092,V14.0
32.337026328339235,-0.7632219409616071,-0.7468082197356982,-0.9489971564640726,-0.5755421490896492,0.25,3.2258675515726902,14,0.8713168324333934,0.084902519452148,0.7466870597545282,V14.0
32.615603281915995,-0.7625837475729751,-0.7451479065767519,-0.9473368433051262,-0.5742204063414734,0.25,3.226667348396969,14,0.8757499383707357,0.08512927456514285,0.7465804354265669,V14.0
32.896580119708354,-0.7619102744871993,-0.7433654291800191,-0.9455543659083935,-0.5728054188727799,0.25,3.2275195157925234,14,0.880161480381902,0.08541164624639686,0.7464706751487897,V14.0
33.179977516234295,-0.7612015189599555,-0.7414538371639662,-0.9436427738923405,-0.5712921511309917,0.25,3.2284240579208943,14,0.8845522407507027,0.08575530608744364,0.7463579029323968,V14.0
33.465816324118684,-0.7604574732385756,-0.7394060776849215,-0.9415950144132958,-0.5696754706842384,0.25,3.229380986369225,14,0.8889229928080609,0.08616618010618526,0.746242210136348,V14.0
33.754117575627454,-0.7596781245964846,-0.7372150336805892,-0.9394039704089635,-0.5679501762919975,0.25,3.2303903200992408,14,0.8932745011432506,0.08665042776106469,0.7461236542551425,V14.0
34.04490248421534,-0.7588634553669291,-0.7348735641424162,-0.9370625008707906,-0.5661110270049134,0.25,3.231452085397252,14,0.8976075218120596,0.08721441891826842,0.7460022570027831,V14.0
34.33819244608668,-0.7580134429761305,-0.7323745487714628,-0.9345634854998371,-0.5641527746247184,0.25,3.2325663158249616,14,0.9019228025418966,0.08786470623442344,0.7458780024259073,V14.0
34.63400904176976,-0.7571280599758567,-0.7297109361774978,-0.9318998729058722,-0.5620701991362708,0.25,3.233733052171223,14,0.905152004990714,0.08860799360035998,0.7457508353518648,V14.0
34.9323740377048,-0.7562072740753544,-0.7268757953115741,-0.9290647320399484,-0.5598584403483667,0.25,3.2349523424046596,14,0.9072793931726244,0.0894511007513401,0.7456210510086008,V14.0
35.233309387845516,-0.7552510481728094,-0.7238623697498716,-0.926051306478246,-0.5575133925756838,0.25,3.2362242416270353,14,0.9094039550713195,0.0904009242144247,0.7454897754342624,V14.0
35.53683723527445,-0.7542593403861186,-0.7206641343767122,-0.9228530711050865,-0.5550300745671176,0.25,3.237548812027642,14,0.9115260312248419,0.09146439482916824,0.7453567381598306,V14.0
35.84297991383237,-0.7532321040832846,-0.7172748539489624,-0.9194637906773367,-0.5524038694813754,0.25,3.2389261228382327,14,0.9136459600907845,0.0926484321420894,0.7452218570764496,V14.0
36.151759949761605,-0.7521692879121582,-0.7136886429643016,-0.9158775796926759,-0.5496316170695096,0.25,3.24035625028891,14,0.9157640781242837,0.09395989603693988,0.7450866625315785,V14.0
36.46320006336342,-0.7510708358297646,-0.7099000262035311,-0.9120889629319054,-0.546710561101323,0.25,3.2418392775646576,14,0.917880719855272,0.09540553602022817,0.7449528432019521,V14.0
36.77732317066997,-0.7499366871310904,-0.7059039992736645,-0.9080929360020389,-0.5436388866692503,0.25,3.24337529476268,14,0.9199962179650412,0.09699193863346545,0.744822929385592,V14.0
37.0941523851304,-0.7487667764774318,-0.7016960884452259,-0.9038850251736003,-0.5404159494480429,0.25,3.2449643988503345,14,0.922110903362121,0.09872547350895766,0.7447005772705729,V14.0
37.413711019311485,-0.7475610339242675,-0.6972735099874309,-0.8994624467158052,-0.5370433116312628,0.25,3.246606693623839,14,0.9242251052574966,0.10061113769118357,0.7445908510576629,V14.0
37.73602258661313,-0.7463193849486994,-0.6926339854267975,-0.8948229221551719,-0.5335239948991879,0.25,3.2483022896675924,14,0.9263391512392025,0.1026537416427099,0.7445004695686357,V14.0
38.06111080299838,-0.7450417504764631,-0.6877746340475643,-0.8899635707759387,-0.5298617110046677,0.25,3.2500513043140944,14,0.9284533673462638,0.10485990409237567,0.7444379562711877,V14.0
38.38899958873854,-0.7437280469085487,-0.6826934615815569,-0.8848823983099312,-0.5260619028408133,0.25,3.2518538616045176,14,0.9305680781420816,0.10723506872635769,0.7444136305108626,V14.0
38.71971307017325,-0.7423781861473848,-0.6773899799426003,-0.8795789166709747,-0.5221319871088637,0.25,3.2537100922498388,14,0.9326836067871798,0.10978385130509605,0.7444393917103166,V14.0
39.05327558148562,-0.7409920756227129,-0.6718644226488777,-0.874053359377252,-0.5180803800877305,0.25,3.255620133592542,14,0.9348002751114395,0.1125101550144868,0.7445282548883715,V14.0
39.38971166649293,-0.7395696183170458,-0.6661177075887087,-0.868306644317083,-0.5139158691664147,0.25,3.257584129568831,14,0.93691840368575,0.11541704179012902,0.7446935645294037,V14.0
39.729046080452385,-0.7381107127908045,-0.6601515261673316,-0.862340462895706,-0.5096467923082341,0.25,3.2596022306713643,14,0.9390383118931553,0.11850673832697611,0.7449477532230886,V14.0
40.071303791882826,-0.7366152532071413,-0.653969376785356,-0.8561583135137304,-0.5052805564097919,0.25,3.2616745939124536,14,0.9411603179994704,0.12178159562849356,0.7453004937785767,V14.0
40.41650998440181,-0.735083129356402,-0.6475749274008137,-0.849763864129188,-0.5008208009927696,0.25,3.2638013827878276,14,0.9432847392234288,0.12524238763032447,0.7457561945284663,V14.0
40.76469005857865,-0.7335142266803589,-0.6409737767315373,-0.8431627134599117,-0.49626686736669257,0.25,3.265982767240652,14,0.9454118918063268,0.12888902291797333,0.746310987961704,V14.0
41.115869633803456,-0.731908426296138,-0.6341735657339265,-0.8363625024623008,-0.49161204463001884,0.25,3.2682189236261037,14,0.947542091081244,0.13271963423603128,0.7469495099937687,V14.0
41.47007455017226,-0.7302656050198598,-0.6271810603339364,-0.8293699970623107,-0.4868398859658626,0.25,3.2705100346762896,14,0.9496756515417941,0.1367337679881323,0.7476419432751134,V14.0
41.82733087038819,-0.7285856353900539,-0.620005379309615,-0.8221943160379893,-0.48192570783544836,0.25,3.2728562894655435,14,0.9518128869104667,0.14093138130280303,0.7483417382023791,V14.0
42.187664881679396,-0.7268683856909004,-0.6126549963717708,-0.8148439331001451,-0.4768340516951937,0.25,3.2752578833759753,14,0.9539541102065694,0.14530809733512973,0.7489840815919229,V14.0
42.55110309773319,-0.7251137199751392,-0.6051404309744147,-0.8073293677027891,-0.47152173851786144,0.25,3.2777150180634944,14,0.9560996338137702,0.1498602181446111,0.7494863282252728,V14.0
42.91767226064688,-0.7233214980869138,-0.597473412653937,-0.7996623493823114,-0.46593883148962023,0.25,3.2802279014239524,14,0.958249769547274,0.1545830466008805,0.7497492872373852,V14.0
43.2873993428956,-0.7214915756843508,-0.5896667352025321,-0.7918556719309064,-0.46003166655834066,0.25,3.2827967475596562,14,0.961377980596335,0.1594710210911784,0.7496611037031063,V14.0
43.660311549316916,-0.7196238042620222,-0.5817342386008315,-0.7839231753292059,-0.45374704057304016,0.25,3.108168780094829,14,0.9645829747785432,0.16451772422944905,0.7491031864554628,V14.0
44.03643631911252,-0.7177180311732716,-0.5736907876942177,-0.775879724422592,-0.447037368349288,0.25,2.513756613928063,14,0.9678105839447628,0.16971589702599155,0.7479582576047369,V14.0
44.415801327867364,-0.7157740996523793,-0.5655522481920053,-0.7677411849203797,-0.4398664732772446,0.25,2.5165834127247826,14,0.9025609619588517,0.17505745836313313,0.7461201969628762,V14.0
44.7984344895859,-0.4513981567707147,-0.5573354605938047,-0.759524397322179,-0.4322155353728698,0.25,2.9084921320958284,14,0.8578441170016702,0.1805335295802929,0.7435050751277221,V14.0
45.18436395874615,-0.4510361844990896,-0.5490582126634165,-0.7512471493917908,-0.4240886107512295,0.25,2.9089739588768637,14,0.9099061929567736,0.18613446393006727,0.7400624988530228,V14.0
45.57361813237128,-0.45067463658396145,-0.5407378601266628,-0.7429267968550372,-0.41551608440080373,0.25,2.909455376449514,14,0.913304644495767,0.1918485296842397,0.7357861698786955,V14.0
45.96622565211902,-0.4503134928287112,-0.5323915145016787,-0.734580451230053,-0.4065575797046004,0.25,2.9099364144639317,14,0.9167285758145399,0.19766898468076388,0.7307223806279163,V14.0
46.36221540638928,-0.44995273296844956,-0.5240423564241561,-0.7262312931525304,-0.39730704885490054,0.25,2.910417102672018,14,0.9201785714583837,0.20358146617802164,0.7249752079964489,V14.0
46.76161653244962,-0.44959233666777676,-0.5157114567103094,-0.7179003934386837,-0.38788450661038304,0.25,2.9108974709307174,14,0.923655220708279,0.209573703697852,0.7187071669256119,V14.0
47.16445841857934,-0.4492322835185449,-0.5074206533444837,-0.7096095900728581,-0.378433135850768,0.25,2.9113775492053735,14,0.9271591177036143,0.21563287915282264,0.7121345915928785,V14.0
47.57077070623183,-0.4488725530375699,-0.49919251977594287,-0.7013814565043173,-0.36911171544553756,0.25,2.911857367573089,14,0.9306908615659405,0.221745680157865,0.7055175745869526,V14.0
47.98058329221556,-0.44851312466435095,-0.49105033391236064,-0.693239270640735,-0.3600849170447977,0.25,2.9123369562261217,14,0.9342510565239996,0.22789835593764107,0.6991445436298305,V14.0
48.39392633089403,-0.44815397775872323,-0.4830178953954758,-0.6852068321238501,-0.35151231136311706,0.25,2.9128163454753477,14,0.9378403120398571,0.2340766230771792,0.6933126959326953,V14.0
48.810830236404506,-0.4477950915985326,-0.47511993062276625,-0.6773088673511406,-0.3435375939431341,0.25,2.9132955657537356,14,0.9414592429363279,0.24026616038446458,0.6883058276813575,V14.0
49.23132568489581,-0.44743644537725435,-0.46738165070309495,-0.6695705874314694,-0.33627849583700614,0.25,2.913774647619841,14,0.9451084695256804,0.24645225801039555,0.6843723279490684,V14.0
49.655443616785675,-0.4470780182015956,-0.45982885331786383,-0.6620177900462382,-0.3298189608970204,0.25,2.9142536217613926,14,0.9487886177395348,0.2526200119139175,0.6817047597292555,V14.0
50.083215239037315,-0.446719789089072,-0.4524858956265683,-0.6546748323549427,-0.32420310122560253,0.25,2.914732518998866,14,0.9525003192601923,0.25875548941609017,0.6804242428046063,V14.0
50.514672027455525,-0.44636173696555903,-0.4453819311823929,-0.6475708679107672,-0.3194383135686132,0.25,2.9152113702891156,14,0.9562430841843783,0.2648423594017989,0.6805710827368657,V14.0
50.94984572900288,-0.4460038406628175,-0.4385441703437552,-0.6407331070721296,-0.315493208107382,0.25,2.9156902067290464,14,0.9620147263307752,0.2708654141664463,0.6821028242720112,V14.0
51.38876836413565,-0.43116868411026804,-0.4320001623794624,-0.6341890991078368,-0.31230494966963784,0.25,2.937633245098281,14,0.9647367493339765,0.27680939138857946,0.6848998994559917,V14.0
51.83147222915978,-0.39746145830239965,-0.4257783893636298,-0.6279673260920041,-0.30978792465162247,0.25,2.987556228942291,14,0.9670857864522986,0.2826596753033427,0.6887780772828992,V14.0
52.277989898607444,-0.36367613608572424,-0.41990710187711977,-0.6220960386054941,-0.30784264128514,0.25,3.0375952138332485,14,0.9674531384735461,0.2884012449715305,0.6935060855072078,V14.0
52.728354227633844,-0.2833889137177128,-0.41441530329646376,-0.6166042400248382,-0.3063663914969172,0.25,3.1565781309147387,14,0.9678296551632215,0.2940197774315451,0.6988262005798975,V14.0
53.18259835443463,-0.28251634076170495,-0.4093315991261764,-0.6115205358545508,-0.30526165174238,0.25,3.157821103519593,14,0.9682134549033119,0.29950062324231436,0.7044753718096839,V14.0
53.64075570268443,-0.2816454673568109,-0.40468543528020134,-0.6068743720085757,-0.3044444923864838,0.25,3.159061770827506,14,0.9685999871254998,0.3048301793867734,0.7102045803247038,V14.0
54.102859983995955,-0.28077623591336887,-0.4005057494357623,-0.6026946861641367,-0.30384896934059746,0.25,3.160300217937345,14,0.9689787730655202,0.3099946846976072,0.7157945791722476,V14.0
54.56894520040078,-0.2799085887662913,-0.39682213616875384,-0.5990110728971282,-0.30343086366112604,0.25,3.1615365300603355,14,0.9693261787426477,0.314981539487591,0.7210668255404552,V14.0
55.039045646851,-0.27904246816906836,-0.3936642366554434,-0.5958531733838178,-0.3031677675321906,0.25,3.162770792528901,14,0.9695893901118048,0.319778861035767,0.7258889464408314,V14.0
55.51319591374289,-0.27817781628771715,-0.39106102440592455,-0.593249961134299,-0.3030572182972775,0.25,3.164003090805682,14,0.9696508805611994,0.3243749471122515,0.7301754325529368,V14.0
55.991430889461995,-0.27731457519469965,-0.3890411584279974,-0.5912300951563718,-0.30311487618339344,0.25,3.1652335104924973,14,0.9692496234392656,0.32875881946616176,0.733885876222382,V14.0
56.47378576295017,-0.276452686862788,-0.38763280723865945,-0.5898217439670338,-0.3033698711666653,0.25,3.166462137339508,14,0.9678063935914796,0.332920250986941,0.7370163544075643,V14.0
56.96029602629501,-0.2755920931588856,-0.3868634741508894,-0.5890524108792637,-0.3038606014499347,0.25,3.167689057254304,14,0.9411376830801056,0.33684980698788947,0.7395908765706743,V14.0
57.45099747734126,-0.2747327358378012,-0.3867598191377407,-0.5889487558661151,-0.3046316668902566,0.25,3.1689143563111912,14,0.8817237907273774,0.34053889562716755,0.741654750341691,V14.0
57.94592622232478,-0.27387455653598125,-0.3873474658796426,-0.589536402608017,-0.30573013429538454,0.25,3.170138120760453,14,0.7251353376541849,0.34397981544591877,0.7432656969117273,V14.0
58.445118678529454,-0.2730174967651829,-0.38865092456688727,-0.5908398612952617,-0.3072028915091404,0.25,3.1713604370377326,14,0.566554129904224,0.3471659296034246,0.7444869665659614,V14.0
58.94861157696673,-0.27216149790610894,-0.39069300958437936,-0.5928819463127537,-0.309094368432581,0.25,3.172581391773484,14,0.5666016791744506,0.35009134455861907,0.7453820471932526,V14.0
59.45644196507819,-0.27130650120198213,-0.3934949457568675,-0.5956838824852418,-0.31144562607360243,0.25,3.173801071802482,14,0.5666492246144881,0.35275128510020426,0.7460114044282291,V14.0
59.968647209461764,-0.2704524477520801,-0.39707601931664466,-0.5992649560450191,-0.3142933899785269,0.25,3.1750195641734034,14,0.5666967662265651,0.3551420197087403,0.7464299701895558,V14.0
60.485264998621055,-0.269599278505201,-0.4014533267394818,-0.6036422634678562,-0.31766956707801375,0.25,3.176236956158547,14,0.5667443040129023,0.35726088681976637,0.7466857613594856,V14.0
61.00633334573843,-0.22783877825766458,-0.4066415177278546,-0.608830454456229,-0.32160122241834727,0.25,3.2381037673423387,14,0.5667918379757302,0.3591063153061238,0.7468197680949178,V14.0
61.53189059147226,-0.227662847739049,-0.41265268557857293,-0.6148416223069473,-0.3261110767723214,0.25,3.2383175054270876,14,0.5668393681172728,0.36067798909531745,0.7468669360838766,V14.0
62.06197540677792,-0.2274913270613687,-0.41949568828699296,-0.6216846250153674,-0.331217344218121,0.25,3.238524915187162,14,0.5668868944397569,0.3619764356261546,0.7468566875895623,V14.0
62.596626795753174,-0.22732411180220838,-0.42717156918566196,-0.6293605059140364,-0.3369307756467489,0.25,3.238726151164199,14,0.5669344169453963,0.36300709954143495,0.7468137944842703,V14.0
63.135884098508356,-0.22716109986545902,-0.4356861996963209,-0.6378751364246953,-0.34326493625968874,0.25,3.238921364451328,14,0.5669819356364312,0.3637700782024949,0.7467600977376374,V14.0
63.679786994060755,-0.22700219143078687,-0.4450380486202417,-0.6472269853486161,-0.35022742842060806,0.25,3.2391107027681096,14,0.5670294505150647,0.36426939492029003,0.7467151204047907,V14.0
64.22837550325453,-0.22684728890417094,-0.4552215187555404,-0.6574104554839147,-0.35782325109287355,0.25,3.2392943105338663,14,0.567076961583529,0.364510263125722,0.746697740764913,V14.0
64.7816899917052,-0.22669629686952247,-0.4662268337224952,-0.6684157704508695,-0.36605523595505557,0.25,3.2394723289394034,14,0.5671244688440383,0.36449896106262447,0.7467269954801103,V14.0
65.33977117277001,-0.22654912204132738,-0.4780398510782044,-0.6802287878065788,-0.37492437252045013,0.25,3.239644896017242,14,0.5671719722988201,0.3642427943260715,0.7468226829781207,V14.0
65.90266011054355,-0.22640392622776057,-0.4906419021562435,-0.6928308388846178,-0.3844304960753934,0.25,3.2398147367984653,14,0.5672194719500849,0.3637500498012394,0.7470065555156307,V14.0
66.47039822287923,-0.22617086009598758,-0.5040096625491799,-0.7061985992775542,-0.3945725611772415,0.25,3.240115061632323,14,0.5672669678000544,0.3630299410619905,0.7473025057200438,V14.0
67.04302728443693,-0.225938990090559,-0.5181150569433854,-0.7203039936717598,-0.4053481935608424,0.25,3.2404138203369883,14,0.5673144598509501,0.36209254541506264,0.7477353323297047,V14.0
67.62058942975688,-0.22570829988919922,-0.5329252017280894,-0.7351141384564638,-0.41675430404043756,0.25,3.2407110368412257,14,0.567361948104979,0.3609487329115315,0.7483315528450396,V14.0
68.2031271563597,-0.22547877327398852,-0.5484023884355068,-0.7505913251638812,-0.4287865064887039,0.25,3.241006734919562,14,0.5674094325643659,0.3596100877897834,0.7491179685222586,V14.0
68.79068332787372,-0.22525039412988007,-0.5645041106293156,-0.76669304735769,-0.44143827839268984,0.25,3.241300938194493,14,0.5674569132313222,0.3580888229609489,0.750119994498806,V14.0
69.38330117718876,-0.22502314644322516,-0.5811831363498143,-0.7833720730781887,-0.4546996654307545,0.25,3.241593670138651,14,0.5675043901080623,0.35639768829561946,0.7513595095027367,V14.0
69.98102430963712,-0.22479701430030719,-0.5983876276524247,-0.800576564380799,-0.4685555508960024,0.25,3.2418849540770154,14,0.5675518631967982,0.35454987361644696,0.7528523863193094,V14.0
70.58389670620238,-0.22457198188588634,-0.6160613081504484,-0.8182502448788227,-0.4829836175778676,0.25,3.242174813189043,14,0.5675993324997465,0.3525589074414044,0.7546059972523312,V14.0
71.19196272675542,-0.22434803348173896,-0.6341436788028938,-0.8363326155312681,-0.4979521377318899,0.25,3.2424632705107985,14,0.5676467980191156,0.35043855265347,0.7566169301181846,V14.0
71.8052671133183,-0.2241251534652186,-0.6525702814854146,-0.854759218213789,-0.5134180903545207,0.25,3.2427503489371756,14,0.5676942597571206,0.3482027003905582,0.7588696219790088,V14.0
72.42385499335671,-0.22390332630781928,-0.6712730091594187,-0.873461945887793,-0.5293250246191593,0.25,3.243036071223941,14,0.5677417177159686,0.34586526355100644,0.7613348933378837,V14.0
73.04777188310035,-0.2236825365737366,-0.6901804607246176,-0.8923693974529919,-0.545602757345298,0.25,3.243320459989918,14,0.5677891718978707,0.343440071391313,0.7639712952530907,V14.0
73.67706369089193,-0.22346276891844666,-0.7092183379180199,-0.9114072746463943,-0.5621672353912395,0.25,3.243603537719062,14,0.5116350928942095,0.3409407667507397,0.7667264426927519,V14.0
74.31177672056539,-0.3636938557059158,-0.728309880921987,-0.9304988176503614,-0.5789226677077002,0.25,3.0356543826832016,14,0.42557132505136025,0.33838070746887183,0.7695410814773221,V14.0
74.95195767485275,-0.5969482011975904,-0.7473763386797896,-0.9495652754081639,-0.5957633478274789,0.25,2.689789148059453,14,0.37743922579119565,0.33577287356470964,0.772352026721815,V14.0
75.5976536588207,-0.7313080936178392,-0.7663374693034403,-0.9685264060318146,-0.6125774944900925,0.25,2.5008816857237477,14,0.16921263742691295,0.3331297817172198,0.775097078322296,V14.0
76.24891218333663,-0.7943489955374923,-0.785112065408569,-0.9873010021369434,-0.6292514627491151,0.25,2.5009189460939187,14,0.21839284785834734,0.3304634085261335,0.7777195458362212,V14.0
76.90578116856427,-0.8836961497795264,-0.8036184987371631,-1.0058074354655375,-0.6456741834199201,0.25,2.5009562458154084,14,0.35720114048294194,0.3277851239372797,0.7801722940866989,V14.0
77.56830894749011,-0.9721580114030541,-0.8217752780420364,-1.0239642147704109,-0.6617409713713626,0.25,2.5037775868306875,14,0.46088455442562704,0.32510563608894216,0.7824204125546422,V14.0
78.23654426947937,-1.0267704861894622,-0.8395016139161355,-1.04169055064451,-0.6773569790866191,0.25,2.576849400573424,14,0.46067159652945133,0.32243494867532174,0.7844430941126797,V14.0
78.91053630386332,-1.0278362517675292,-0.8567179840626413,-1.0589069207910158,-0.6924391116817648,0.25,2.501068381254419,14,0.4604589870723482,0.3197823317318156,0.7862335592019546,V14.0
79.59033464355713,-1.089418791673257,-0.8733466924233249,-1.0755356291516993,-0.7069159319452921,0.25,2.5011058385478195,14,0.46024672546304535,0.3171563065269325,0.787796827262532,V14.0
80.27598930870877,-1.0896217679732254,-0.8893123423802999,-1.0915012791086742,-0.7207264202154787,0.25,2.5011433352758643,14,0.460034811111262,0.31456471823602516,0.7891466597192567,V14.0
80.96755075037981,-1.1537448286596852,-0.9045425502289263,-1.1067314869573006,-0.7338170313380425,0.25,2.56119756294384,14,0.45982324342769676,0.31201456396823757,0.7903008981633688,V14.0
81.66506985425755,-1.3951279968222203,-0.9189682877602912,-1.1211572244886656,-0.7461368890202956,0.25,2.6923931463142035,14,0.79663134542251,0.3095121810499617,0.7912756901153415,V14.0
82.36859794439906,-1.5241212489126958,-0.9325243986263414,-1.1347133353547159,-0.7576323180904226,0.25,2.6911170776639213,14,0.9003271528121697,0.3070632447007007,0.7920794534668558,V14.0
83.07818678700797,-1.7198925767301632,-0.9451499843516131,-1.1473389210799876,-0.7682419900011116,0.25,2.400429998314016,14,1.3250595383195223,0.3046728732076228,0.7927080595785294,V14.0
83.79388859424324,-1.7411415727068453,-0.9567888722585807,-1.1589778089869551,-0.7778922936449021,0.25,2.368220088930869,14,1.3507664698457238,0.3023456225546084,0.7931404354084755,V14.0
84.51575602806098,-1.7415651590201253,-0.9673874840890581,-1.1695764208174324,-0.786491910586337,0.25,2.366289956375283,14,1.3506476951509085,0.3000829967470837,0.7933355478679278,V14.0
85.24384220408949,-1.7418477415371938,-0.9768991076637248,-1.1790880443920992,-0.7939338841383338,0.25,2.3632521068477303,14,1.3506109405296325,0.297889447076906,0.7932317042440434,V14.0
85.97820069553754,-1.7420424809643338,-0.9852857726523028,-1.1874747093806772,-0.8000985910317339,0.25,2.357435671617757,14,1.3507045331251484,0.29576926708477536,0.7927483244149621,V14.0
86.71888553713609,-1.7421840056317586,-0.9925128491834373,-1.1947017859118116,-0.8048531755618075,0.25,2.345272858511577,14,1.3510053189655602,0.29372555817766943,0.7917894761298683,V14.0
87.46595122911457,-1.7422960925756317,-0.9985515903469591,-1.2007405270753335,-0.8080609290499332,0.25,2.3189614251532618,14,1.3516354925286425,0.29176133375477975,0.7902505028292617,V14.0
88.21945274121087,-1.7423972204239475,-1.0033792100156964,-1.2055681467440709,-0.8095910376154845,0.25,2.261465833553488,14,1.3395013351566396,0.2898796230251697,0.7880264445818862,V14.0
88.97944551671601,-1.7425046731606337,-1.0069788973687301,-1.2091678340971046,-0.8093311134809914,0.25,2.2020370075507594,14,1.2254661695992781,0.2880835649484864,0.7850228770995152,V14.0
89.74598547655367,-1.7426386559047469,-1.0093414667089293,-1.2115304034373038,-0.8072024195800626,0.25,2.06431800427938,14,0.9471473137413113,0.28637531095059376,0.7811679863705572,V14.0
90.51912902339532,-1.568898676187482,-1.0104599456938959,-1.2126488824222703,-0.8031698548525135,0.25,2.1941636977114323,14,0.45710414400113686,0.28475993254872956,0.7764250761976204,V14.0
91.29893304580978,-1.1126359772686367,-1.0103351360982693,-1.2125240728266438,-0.797259275058468,0.25,2.2671233154333854,14,0.45689736834406924,0.28324144598613077,0.7708043132710382,V14.0
92.08545492244939,-1.1125238494000607,-1.0089733852059335,-1.211162321934308,-0.7895656454483811,0.25,2.5054411759684694,14,0.4566909306328534,0.28182432834747284,0.7643723222758545,V14.0
92.8787525262722,-1.1123265912335565,-1.0063863644884128,-1.2085753012167872,-0.7802580376056378,0.25,2.5055397878335737,14,0.45648483029372944,0.2805135714805138,0.7572582339088662,V14.0
93.67888422879999,-1.1120118162537835,-1.0025908095292793,-1.2047797462576537,-0.7695779235609236,0.25,2.5054687461272946,14,0.45627906675389696,0.27931471980759914,0.7496544210058012,V14.0
94.48590890441336,-1.111534097706842,-0.9976082257152565,-1.199797162443631,-0.7578312248026551,0.25,2.505160765641467,14,0.4560736394415137,0.27823389027616374,0.7418122839442817,V14.0
95.29988593468393,-1.110829641782207,-0.9914645692489532,-1.1936535059773277,-0.7453725553387944,0.25,2.504521331142147,14,0.4558685477856892,0.2772777777639177,0.7340312761435424,V14.0
96.12087521274357,-1.0901868897956892,-0.9841899054749366,-1.186378842203311,-0.732582602924471,0.25,2.5019399055152323,14,0.4556637912164838,0.2764536419288597,0.7266415727656611,V14.0
96.94893714769123,-1.0900768871550293,-0.9758180178896323,-1.1780069546180068,-0.71984051582907,0.25,2.501978274027757,14,0.45545936916491503,0.2757692431913268,0.7199815426944264,V14.0
97.78413266903823,-1.089929520135815,-0.9663860386350064,-1.1685749753633807,-0.7074954918122452,0.25,2.5020166823589993,14,0.455255281062944,0.2752327934403441,0.7143733750273306,V14.0
98.62652323119129,-1.0897303871095363,-0.9559340567246434,-1.1581229934530177,-0.6958395493336389,0.25,2.531381163880829,14,0.023055118644819572,0.2748528731014075,0.7100982054338867,V14.0
99.47617081797432,-1.0894595364164794,-0.9445046377693981,-1.1466935744977724,-0.6850811963014417,0.25,2.68305429823466,14,0.02318051675523103,0.27463824446195073,0.7073698952680781,V14.0
100.33313794718951,-1.089089316509174,-0.9321425744313762,-1.1343315111597505,-0.6753344325615576,0.25,2.9478310827001253,14,0.023305574103446247,0.274597877545081,0.7063216971424304,V14.0
101.19748767521727,-1.0723040610988654,-0.9188944074494412,-1.1210833441778156,-0.6666084965748446,0.25,3.107753956383018,14,0.02343029125582241,0.2747407266909736,0.706991486994579,V14.0
102.06928360165581,-1.0269745167790407,-0.9048079841399336,-1.106996920868308,-0.658812320603158,0.25,3.1076769682560386,14,0.1201545417036356,0.2750755249508795,0.7093201036516688,V14.0
102.94858987400141,-1.0259797972052849,-0.8899323740443522,-1.0921213107727266,-0.6517677995607398,0.25,3.1076000017125676,14,0.24438465596946024,0.2756107347924962,0.7131574790055322,V14.0
103.83547119236775,-0.9838276937892769,-0.8743168989666399,-1.0765058356950143,-0.6452297250762696,0.25,2.94801779269975,14,0.3502163515441935,0.2763545314771897,0.718276262230942,V14.0
104.72999281424703,-0.9653450786006297,-0.8580116274186498,-1.0602005641470242,-0.638912762552347,0.25,2.6788278499419578,14,0.4779518591844747,0.2773138576190258,0.7243927484429984,V14.0
105.63222055931148,-0.8827600887157157,-0.8410663920960394,-1.0432553288244137,-0.6325190462014981,0.25,2.502364151943276,14,0.6411350375519814,0.27849513952324123,0.7311915141218963,V14.0
106.54222081425684,-0.8348441546415262,-0.8235300924523369,-1.0257190291807112,-0.6257630534601775,0.25,2.50240295938212,14,0.6712528677270044,0.27990414676939557,0.7383493722904627,V14.0
107.46006053768647,-0.7385692546122755,-0.805451763095106,-1.0076406998234804,-0.6183947137455857,0.25,2.5024418068238115,14,0.691173910598095,0.2815449002677427,0.7455588133323962,V14.0
108.38580726503876,-0.6896596090879842,-0.7868792282534874,-0.9890681649818618,-0.6102143207073066,0.25,2.55070359027353,14,0.7001831380152835,0.2834197551537735,0.7525470563320004,V14.0
109.3195291135561,-0.7004738980496059,-0.7678590107406976,-0.970047947469072,-0.6010812593947458,0.25,2.5346366940688903,14,0.7042502878780654,0.2855298613649976,0.7590894309391842,V14.0
110.26129478729752,-0.7026022167544483,-0.7484366338370916,-0.9506255705654659,-0.5909161745578271,0.25,2.5314478096946478,14,0.7060791144480103,0.2878744559443591,0.7650165430703826,V14.0
111.21117358219331,-0.7027336282733678,-0.7286549706578799,-0.9308439073862542,-0.5796957796094632,0.25,2.5312197319981378,14,0.7068941752622082,0.29045164434120674,0.7702154416586086,V14.0
112.16923539114421,-0.702782056011649,-0.7085566398947116,-0.910745576623086,-0.5674463333288026,0.25,2.5311148778952997,14,0.7072500847963897,0.2932559492064619,0.7746255575745005,V14.0
113.13555070916456,-0.7027929065556362,-0.688181292679092,-0.8903702294074664,-0.554231063163361,0.25,2.5310659273383096,14,0.7073980335637132,0.29628076191030944,0.7782314436841403,V14.0
114.11019063856864,-0.7027867410621651,-0.667566768974645,-0.8697557057030193,-0.5401399542683986,0.25,2.5310423961135124,14,0.7074517882995113,0.29951696932640615,0.7810537320698728,V14.0
115.0932268942028,-0.7027728701016946,-0.6467484088002563,-0.8489373455286306,-0.525277580470615,0.25,2.531030480127106,14,0.707462875118304,0.3029533841887788,0.78313784147565,V14.0
116.0847318087227,-0.7194989784668174,-0.6257593349490077,-0.827948271677382,-0.5097546752301546,0.25,2.506200061663971,14,0.7074546307254121,0.30657555147107884,0.7845452122576916,V14.0
117.08477833791487,-0.7195257962078863,-0.6046309839512973,-0.8068199206796717,-0.49368104048014294,0.25,2.5061282021102635,14,0.7074376245557488,0.3103677214833447,0.7853446048860835,V14.0
118.09344006606517,-0.7195268602093698,-0.5833921366346005,-0.7855810733629749,-0.4771607359893314,0.25,2.506094715440322,14,0.7074166436171274,0.3143108687178936,0.7856072248682338,V14.0
119.11079121137365,-0.7195162621044786,-0.562068337336359,-0.7642572740647333,-0.4602884068879497,0.25,2.5060787091584285,14,0.7150169269693449,0.3183839785710503,0.7854021273515801,V14.0
120.13690663141475,-0.7195009323120796,-0.5406835535252688,-0.7428724902536431,-0.4431490815357095,0.25,2.506069907985693,14,0.5999861575420125,0.3225649448989665,0.7847935048623256,V14.0
121.17186182864585,-0.7194823608618462,-0.5192586573020399,-0.7214475940304143,-0.4258160565582987,0.25,2.506066102564672,14,0.5999618604049257,0.32682921246166685,0.7838383082111984,V14.0
122.21573295596308,-0.7388319418079717,-0.49781218636653024,-0.7000011230949046,-0.4083515503181968,0.25,2.503029330191736,14,0.5999375514552845,0.33115019258526657,0.7825850638945281,V14.0
123.26859682230405,-0.7388126420156015,-0.47635951704105806,-0.6785484537694324,-0.39080611848221475,0.25,2.1597712243035785,14,1.1828857182737718,0.3355002944799146,0.7810723230896238,V14.0
124.33053089829987,-0.1315286574749412,-0.45491377900196084,-0.6571027157303352,-0.3732194314418302,0.25,2.7772516625793386,14,1.1847765673728654,0.33985025405926317,0.7793266250111224,V14.0
125.40161332197584,-0.11636059876076402,-0.4334855663503032,-0.6356745030786776,-0.35562076602771786,0.25,2.777105428124941,14,1.2232894360153292,0.3441697031976022,0.7773612819707849,V14.0
126.48192290450027,-0.11631172266119763,-0.4120829847312785,-0.6142719214596529,-0.33802963593383784,0.25,2.7769750718986455,14,1.223262925410382,0.3484274368627261,0.7751744913260654,V14.0
127.57153913598366,-0.11626329864103402,-0.39071172800573395,-0.5929006647341083,-0.32045710531429633,0.25,2.7768698492633987,14,1.2232364032825198,0.3525917145087109,0.7727484416225343,V14.0
128.67054219132825,-0.1162153192312492,-0.36937519697197,-0.5715641337003444,-0.30290772048443754,0.25,2.7768045194130124,14,1.2232098696359806,0.356630605088041,0.7700496155949835,V14.0
129.7790129361264,-0.11616777707463366,-0.34807446327256786,-0.5502634000009422,-0.2853817960567459,0.25,2.7768026965153134,14,1.2231833244749826,0.3605121755295198,0.7670304764493456,V14.0
130.89703293261135,-0.11612066492407722,-0.32680842909760555,-0.5289973658259799,-0.2678778554353464,0.25,2.7769021601594224,14,1.223156767803739,0.36420486993802476,0.7636317795621389,V14.0
132.02468444565878,-0.11607397564088032,-0.3055739374874726,-0.507762874215847,-0.2503962917087961,0.25,2.777163349623741,14,1.2231301996264619,0.3676778309551546,0.7597895931881277,V14.0
133.1620504488393,-0.1160277021930925,-0.2843658942708794,-0.4865548309992538,-0.23294197034802613,0.25,2.7776829502522706,14,1.2231036199473557,0.370901219991193,0.7554417347996116,V14.0
134.30921463052414,-0.1159818376538716,-0.2631779085456811,-0.4653668452740555,-0.21552745541402774,0.25,2.7786156236865005,14,1.223077028770608,0.3738470448474697,0.7505378256489404,V14.0
135.4662614000433,-0.11593637519987354,-0.2420017065129404,-0.44419064324131474,-0.19817437960803738,0.25,2.780208749873842,14,1.2230504261004218,0.37648873920114645,0.7450505998974447,V14.0
136.63327589389573,-0.11589130810966058,-0.22082659131548052,-0.4230155280438549,-0.18091364155269196,0.25,2.7836950780306906,14,1.2230238119409704,0.3788007692629657,0.7389879822792756,V14.0
137.81034398201413,-0.1158466297621378,-0.1996411610532702,-0.4018300977816446,-0.16378490752029679,0.25,2.7863591543098902,14,1.222997186296435,0.38076047612836017,0.7324013272362704,V14.0
138.99755227408372,-0.11580233363501169,-0.17843282541266473,-0.3806217621410391,-0.1468331556981797,0.25,2.788031542372059,14,1.2229705491709817,0.3823476923433715,0.7253924045161425,V14.0
140.1949881259143,-0.11575841330327163,-0.15718797453202626,-0.3593769112604006,-0.1301040089569473,0.25,2.9223618652401946,14,1.1197875161233846,0.383544984765799,0.7181160144815062,V14.0
141.40273964586834,-0.1157148624376941,-0.13589215108255992,-0.33808108781093427,-0.1136378025395013,0.25,3.004809220037031,14,1.1197610749255544,0.3843378735413494,0.7107770893832779,V14.0
142.62089570134444,-0.1156716748033714,-0.11452717592125557,-0.31671611264962996,-0.09746097403505302,0.25,3.005285882938787,14,1.1197347506847801,0.3847110105843518,0.7036218647893945,V14.0
143.84954592531548,-0.11562884425825912,-0.09307749842319046,-0.2952664351515648,-0.08158440873512486,0.25,3.00560340416437,14,1.1197086187540015,0.3846581775994539,0.6969237691643154,V14.0
145.0887807229245,-0.11558636475174922,-0.07153098531319599,-0.27371992204157036,-0.06599885834373713,0.25,3.0058205685677857,14,1.1196827986914806,0.38417782236641984,0.6909638592470759,V14.0
146.33869127813642,-0.1155442303232628,-0.049871409860688644,-0.252060346589063,-0.050666901449057264,0.25,3.0059741811365264,14,1.1196574801933883,0.38326879861002594,0.6860087366180041,V14.0
147.59936956044803,-0.11550243510086111,-0.02808231886987741,-0.2302712555982518,-0.03552565795051249,0.25,3.006087079096166,14,1.119632964238509,0.3819333502430695,0.6822879266507264,V14.0
148.87090833165433,-0.11546097329988511,-0.006145765585364741,-0.20833470231373913,-0.02048882889090671,0.25,2.960110532234846,14,1.0690011973713287,0.38017750846573184,0.679971986864862,V14.0
150.1534011526745,-0.11541983922160831,0.015954530482853193,-0.18623440624552118,-0.005454689324825522,0.25,2.8184161123527742,14,1.0645653060360636,0.37801138868964257,0.6791555420841514,V14.0
151.44694239043653,-0.1153790272519119,0.038233042667100314,-0.16395589406127406,0.009685733377343929,0.25,2.8870327455041025,14,1.064472378005103,0.3754467597659061,0.6798467561594898,V14.0
152.75162722482008,-0.11533853185998247,0.06070401740410389,-0.14148491932427049,0.025040338871285407,0.25,2.9981594388938193,14,1.064410588867482,0.37250003959852407,0.6819652375548393,V14.0
154.06755165566034,-0.11529834759702587,0.08338174527321808,-0.1188071914551563,0.040706621403149026,0.25,3.006295235459093,14,1.0093796323229736,0.3691915463047955,0.6853469750418698,V14.0
155.39481250981154,-0.11525846909500162,0.10628021094372615,-0.09590872578464822,0.05676294291496162,0.25,3.0061951620401146,14,0.9848244216744564,0.3655444115649502,0.6897571005743182,V14.0
156.73350744827223,-0.11521889106537817,0.12941115219052077,-0.07277778453785361,0.0732610545557997,0.25,3.0059160337755353,14,0.9659067801484085,0.3615862705077664,0.6949112901602928,V14.0
158.08373497337024,-0.1151796082979038,0.15278578936810544,-0.049403147360268934,0.09022355966842587,0.25,3.005245477834576,14,0.9507833587158054,0.3573472631977643,0.7004952001372979,V14.0
159.44559443601108,-0.10570984923748816,0.1764151030650295,-0.025773833663344875,0.10764414753182759,0.25,3.017695531609039,14,0.9380650116128604,0.35285947154195574,0.7061920626464678,V14.0
160.81918604298875,-0.10337575292486659,0.2003081273781689,-0.0018808093502054868,0.12548927459007353,0.25,3.017665893072679,14,0.9149625135111767,0.3481583256964618,0.7117050605722561,V14.0
162.20461086435802,-0.10104132371127852,0.2244737360840485,0.022284799355674123,0.14370487640378124,0.25,2.9058420433213916,14,0.9088327264056536,0.3432813202683214,0.7167767740128479,V14.0
163.60197084087181,-0.09870634416937865,0.24892024445539215,0.04673130772701778,0.16222331341751803,0.25,2.9048071893521907,14,0.9026158515073748,0.3382685678945667,0.721203614759409,V14.0
165.01136879148254,-0.09012877342867798,0.27365260992699963,0.07146367319862526,0.1809692454161129,0.25,2.6162543095825344,14,0.8789902868955752,0.33315965205906145,0.724843913342667,V14.0
166.43290842090667,-0.0800169952701531,0.29867613320871217,0.0964871964803378,0.19986989220195792,0.25,2.618868140504034,14,0.880393924356516,0.32799454951672663,0.7276197631020642,V14.0
167.8666943272558,0.24694307513626054,0.3239927035845293,0.12180376685615493,0.21885916245880252,0.25,2.999162134179796,14,0.8826244888023052,0.3228183362419033,0.7295144991607088,V14.0
169.31283200973368,0.6265927314848245,0.3496044558584396,0.1474155191300652,0.23788497641820577,0.25,3.4885538574586303,14,0.8861669255899705,0.3176746047852354,0.7305637929959199,V14.0
170.77142787639792,0.6283595098378765,0.3755123183991687,0.17332338167079434,0.25691125161085104,0.25,3.5390196639207567,14,0.8917905527874036,0.31260746401043,0.73084521970923,V14.0
172.24258925199004,0.6301019094493086,0.40171576665967307,0.1995268299312987,0.27591847999546315,0.25,3.4373986771313763,14,0.9007158058578789,0.3076611039504172,0.7304654864460457,V14.0
173.726424385833,0.6318203558854089,0.42821289143250874,0.22602395470413436,0.2949029811037556,0.25,3.4091257432105113,14,0.9148787475774262,0.3028793651385966,0.7295483427977646,V14.0
175.22304245979547,0.6335152687781661,0.4550000863150492,0.25281114958667483,0.3138744212280448,0.25,3.4093689769637163,14,0.934921688891128,0.29830569132899587,0.7282232964253983,V14.0
176.73255359632566,0.6362208618613812,0.4820732674005143,0.2798843306721399,0.3328536243829676,0.25,3.4363632457968225,14,0.9612254910840063,0.2939815533094118,0.7266163576534902,V14.0
178.25506886655515,0.6396555194854106,0.509426451899529,0.3072375151711546,0.35186769516827343,0.25,3.5384643610140656,14,0.9968608815009703,0.2899475204541023,0.7248422972284513,V14.0
179.79070029847023,0.6430413282906036,0.5370522102043745,0.3348632734760002,0.3709469796459244,0.25,3.58158088869686,14,1.0252110744480523,0.28624246815724963,0.7230003637470098,V14.0
181.33956088515578,0.6463793119498055,0.5649405213073554,0.36275158457898105,0.3901203743272156,0.25,3.6385849423346555,14,1.2790631899583986,0.2829043941296805,0.7211705156798646,V14.0
182.90176459310976,0.6496702169102088,0.5930793381131961,0.3908904013848218,0.4094129461341474,0.25,3.7587948750236433,14,1.2831488095207049,0.2799639421394554,0.7194127839693303,V14.0
184.477426370628,0.6529150796152041,0.621460094453443,0.4192711577250686,0.4288476807427102,0.25,3.6753973749448954,14,1.4134730796699755,0.27745640870715993,0.717767951991621,V14.0
186.06666215626268,0.6561148129538177,0.6500699023263504,0.4478809655979761,0.4484381664034447,0.25,3.682085540825646,14,0.9894218079543975,0.27541027750414093,0.7162590205206465,V14.0
187.66958888735377,0.6592709735141625,0.6788946569786295,0.47670572025025515,0.4681891757260931,0.25,3.687110306934526,14,1.1119059168448242,0.27385068100023147,0.7148924461941873,V14.0
189.28632450863222,0.6617724060300239,0.7079180167796123,0.505729080051238,0.4880960614106371,0.25,3.840772258583369,14,1.121049782496631,0.27280019792978133,0.7136617754393456,V14.0
190.91698798089908,0.6622946661934723,0.7371229807080367,0.5349340439796624,0.5081463481030661,0.25,3.819962865458712,14,1.2094333810736297,0.2722810180716166,0.7125509371908136,V14.0
192.56169928977917,0.6628224848081093,0.7664885881857577,0.5642996514573834,0.5283182076269585,0.25,3.7380180012866884,14,1.2171294027744282,0.2723100190017622,0.711537295318845,V14.0
194.22057945454875,0.6633682189381251,0.7959923074760417,0.5938033707476673,0.5485834188950034,0.25,3.709763300129143,14,1.3059250137900205,0.2728985040515922,0.7105945757440074,V14.0
195.89375053704072,0.6639590882442268,0.8256110186689888,0.6234220819406144,0.568910261671259,0.25,3.6642288741736393,14,1.4989283631121788,0.2740554605017146,0.7096963342759607,V14.0
197.58133565062653,0.6754023163935973,0.8553199875937562,0.6531310508653818,0.5892644680001874,0.25,3.51643634348207,14,1.5152366492573581,0.2757861931033013,0.7088180589780906,V14.0
199.28345896927397,0.6871983640629389,0.8850929036721636,0.6829039669437893,0.6096111138873915,0.25,3.508301977869375,14,1.5657296858657217,0.2780923194332626,0.7079390336353042,V14.0
201.00024573668443,0.701682380810853,0.91490192815157,0.7127129914231957,0.629916204959684,0.25,3.5252667065814536,14,1.5695664874343411,0.2809717729277499,0.7070434597866557,V14.0
202.73182227550916,0.7277629286970192,0.9447176739159615,0.7425287371875872,0.6501480930017759,0.25,3.5606403784699387,14,1.5735005907030575,0.284418967869839,0.706121214879149,V14.0
204.47831599664286,0.7466803647701281,0.974509341973182,0.7723204052448076,0.6702779335953059,0.25,3.586251809151555,14,1.5830810309162886,0.2884248301729865,0.7051673315710731,V14.0
206.23985540859968,0.8110399016708192,1.0042453908759255,0.8020564541475511,0.6902807426098376,0.25,3.6749278027123298,14,1.5946836950827816,0.292976352114682,0.7041817951349235,V14.0
208.01657012696836,0.8347773259522868,1.0338925776230707,0.8317036408946964,0.710133193183557,0.25,3.958961928882128,14,1.6119481170942755,0.2980578250246415,0.7031672867226858,V14.0
209.80859088395047,0.8893859803044373,1.0634171880917505,0.8612282513633761,0.7298151210947658,0.25,3.958960211434351,14,1.6425605469795364,0.3036499304198015,0.702129399418137,V14.0
211.61604953797845,0.9338983809994162,1.0927841674168262,0.8905952306884518,0.7493073007969822,0.25,3.8971574400997664,14,1.8511948769294562,0.30973097701029695,0.7010747194975947,V14.0
213.4390790834187,0.9484528672238299,1.1219586254923621,0.9197696887639878,0.7685909504037312,0.25,3.7281974654907613,14,2.0450566832413832,0.3162758055538557,0.7000092780728273,V14.0
215.2778136603571,0.9772094404615308,1.1509047819699314,0.948715845241557,0.7876472344626985,0.25,3.6412155205412806,14,2.2872819356708667,0.3232572936666467,0.6989388423208288,V14.0
217.13238856446986,1.036151503411219,1.1795874612236201,0.9773985244952458,0.80646019073686,0.25,3.63262611065111,14,2.3874948682122454,0.3306453459706197,0.6978705826195365,V14.0
219.00294025697752,1.0696990862135711,1.2079716981751525,1.005782761446778,0.8250171337880614,0.25,3.622321557953562,14,2.589185464883599,0.33840780395115444,0.6968134912696797,V14.0
220.88960637468642,1.219562929600203,1.2360225239361544,1.03383358720778,0.8433099306214694,0.25,3.609545612699297,14,2.6174068042004466,0.3465112013174355,0.6957793664034441,V14.0
222.79252574011696,1.266150269258439,1.2637058233970664,1.061516886668692,0.8613366730045995,0.25,3.5896522024357633,14,2.6750348660699537,0.35492046704607394,0.6947833943632691,V14.0
224.71183837171677,1.3609686916881663,1.2909885975016049,1.0887996607732304,0.8791037028516455,0.25,3.3756364374418593,14,2.744419973435308,0.3635992373313375,0.6938452836955007,V14.0
226.64768549416422,1.459601196584078,1.3178392575323439,1.1156503208039694,0.89662125701233,0.25,3.4457058896373787,14,2.8293680405129362,0.3725101428362533,0.6929853331943034,V14.0
228.60020954876038,1.598155445938791,1.3442279354703057,1.1420389987419313,0.9139133071758485,0.25,3.6430967407185535,14,3.331759789341589,0.3816150807777663,0.6922317465497946,V14.0
230.56955420390875,1.7547522175115082,1.3701268197701453,1.1679378830417708,0.931008250971978,0.25,3.8649379994720725,14,3.3288014021026227,0.39087551120687936,0.6916128765400018,V14.0
232.55586436568706,1.8306883537259413,1.395510513693633,1.1933215769652585,0.9479385291555903,0.25,3.793909632611283,14,3.3257514720091055,0.40025256305323786,0.6911568792681226,V14.0
234.55928618851038,1.862919334888942,1.4203560940012823,1.2181671572729078,0.9647381658782168,0.25,3.8364141728293815,14,3.322680764320961,0.4097077353011589,0.6908900753195035,V14.0
236.57996708588388,1.9508818528183887,1.4446436278023527,1.2424546910739782,0.9814393738282109,0.25,3.8266232371590077,14,3.319621126531059,0.4192026598327292,0.6908346023388818,V14.0
238.61805574125023,1.955452647417625,1.4683563749809372,1.2661674382525627,0.9980692990582705,0.25,3.809083552986185,14,3.3165867844725203,0.428699538387755,0.6910065381423175,V14.0
240.6737021189308,1.95747485511706,1.4914808545547666,1.2892919178263922,1.014646387113304,0.25,3.6972604305157746,14,3.3135837159851715,0.4381611941956367,0.6914139818344658,V14.0
242.74705747515844,1.9578600686814664,1.514007518041549,1.3118185813131746,1.0311794049914313,0.25,3.6503288601919834,14,3.3106164666044005,0.44755174220935,0.6920567697647804,V14.0
244.838274369208,1.9572151564240907,1.5359308462272512,1.3337419094988767,1.047665183213187,0.25,3.5859761662112812,14,3.307681383165762,0.4568364478402567,0.6929255783266941,V14.0
246.94750667462242,1.9559414567051112,1.5572483531617594,1.355059416433385,1.064086616833656,0.25,3.5178226212015224,14,3.304781384873481,0.4659815373691929,0.6940017072165318,V14.0
249.07490959053334,1.9543019131784871,1.5779586587332044,1.37576972200483,1.0804091304193497,0.25,3.521696013368818,14,2.978731236751211,0.47495234083468874,0.6952562507149104,V14.0
251.22063965308163,1.9524662017438188,1.5980744725459766,1.395885535817602,1.0965903760250324,0.25,3.6937471638127355,14,2.246668461673898,0.48372393029415184,0.6966510900145432,V14.0
253.3848547469362,1.9484091046675647,1.6176112408062155,1.415422304077841,1.1125705480726182,0.25,3.6993866593916547,14,2.2246673836226365,0.49227273403017113,0.6981381782215671,V14.0
255.56771411690974,1.9346216539335832,1.6365807909020198,1.4343918541736453,1.128268465302384,0.25,3.7325940711350296,14,2.2218891200306343,0.5005692540327877,0.6996602904471951,V14.0
257.76937837967677,1.9209342821357902,1.6549985220638366,1.4528095853354621,1.143587456461701,0.25,3.7253476450758862,14,2.2191457431418224,0.5085853873334114,0.7011519014257268,V14.0
259.9900095355929,1.9074827298967743,1.6728830143096316,1.4706940775812571,1.158417962826468,0.25,3.6966105702553937,14,2.216436901882648,0.516294189316288,0.7025411699783359,V14.0
262.2297709806133,1.8943233043958172,1.6902630556290585,1.488074118900684,1.1726468304609494,0.25,3.6562594402026476,14,2.213764141912428,0.523677079241299,0.7037526571039577,V14.0
264.4888275183162,1.881462370208375,1.7071643475232654,1.504975410794891,1.1861533277323824,0.25,3.4952550248110854,14,2.2111290284529277,0.5307107480285034,0.7047104690296634,V14.0
266.7673453720304,1.8032097342932711,1.7236208252783312,1.5214318885499567,1.198827310684934,0.25,3.4222932511129867,14,2.20852741608452,0.5373789273401492,0.7053440938805025,V14.0
269.0654921970641,1.7017545559287017,1.7396741981155748,1.5374852613872003,1.2105783499944263,0.25,3.3354588550788637,14,2.205958965380227,0.5436716373529575,0.7055934909556221,V14.0
271.38343709304223,1.7018581629364304,1.7553646803132932,1.5531757435849187,1.2213399784215986,0.25,3.2229896907292677,14,2.203423339798578,0.5495766145584899,0.7054147468691679,V14.0
273.72135061634975,1.701961649406151,1.7707352467334692,1.5685463100050947,1.231081884704504,0.25,3.127557108429736,14,2.2009202056723662,0.5550837545323313,0.7047845945981694,V14.0
276.07940479267944,1.7020650169116809,1.785831307531491,1.5836423708031167,1.2398174924724001,0.25,2.94521408116288,14,1.9806329650102632,0.5601850952852396,0.7037039869939994,V14.0
278.45777312969085,1.7021682670179321,1.8007003584763093,1.5985114217479348,1.2476079702617653,0.25,2.8368639503983797,14,1.71470657064279,0.5648747927212445,0.7021995623853371,V14.0
280.85663062977795,1.702271401280968,1.8153924917798419,1.6132035550514674,1.2545629752368874,0.24999571102710355,2.660746900097681,14,1.589383644093896,0.5691520055660897,0.7003229337048533,V14.0
283.27615380294327,2.0948776756295033,1.8299570350209151,1.6277680982925407,1.2608332828123503,0.2499881847035046,3.9948010159054466,14,2.2736227498095922,0.5730143042362121,0.6981470536765461,V14.0
285.7165206797888,2.3926780406275534,1.8444446935153076,1.6422557567869331,1.2666051157072342,0.24997526552670238,3.9951716444183587,14,2.5504647947260732,0.5764633662280971,0.6957615650812622,V14.0
288.1779108246144,2.1169839699167783,1.8589059007846844,1.65671696405631,1.272085193222117,0.24995357304871282,3.9944634001028283,14,2.7813974480868553,0.5795035303338005,0.6932647394968685,V14.0
290.6605053486284,1.8819835956607114,1.8733898407297183,1.6712009040013438,1.277485243204641,0.24991794386615493,3.992655848601212,14,2.9133772014297095,0.5821419915712287,0.6907551982948511,V14.0
293.1644869232773,1.7145653108319783,1.8879431995321543,1.6857542628037798,1.283007959940302,0.24986070053211162,3.9896971190565167,14,2.9739266481677493,0.5843890130451177,0.6883248357470396,V14.0
295.6900397936853,1.703400781186096,1.9026085947142557,1.7004196579858812,1.2888341882227548,0.24977073703029318,3.9855024499228513,14,3.167861505915013,0.5862581150216879,0.6860527840314447,V14.0
298.2373497922093,1.7037723333573958,1.9174226567091537,1.7152337199807792,1.2951080175020928,0.24963243449147565,3.979950742362112,14,3.169896920045571,0.5877661762977413,0.6839986358771118,V14.0
300.80660435211615,1.7041482373545795,1.9324137914088655,1.730224854680491,1.3019312116246473,0.24942445700639945,3.972880763572988,14,3.170962376602434,0.5889333563188108,0.6822009667333846,V14.0
303.39799252137277,1.704527733779741,1.9475997315942783,1.745410794865904,1.3093569586019458,0.24911852503782714,3.914683480706854,14,3.17158862016307,0.5897827244426543,0.6806756520550201,V14.0
306.01170497655403,1.7049116127334711,1.9629850850537145,1.76079614832534,1.31739192021432,0.24867831922864408,3.9145993168761457,14,3.172015743768274,0.5903394733796772,0.6794185735765825,V14.0
308.6479340368772,1.7930253713670175,1.9785591936630134,1.776370256934639,1.325992030520727,0.24805872259886283,3.7841931978330834,14,3.1723522057549753,0.5906296060293745,0.6784049361932563,V14.0
311.3068736783497,1.7999898659197782,1.9943037593298396,1.7921148226014652,1.3350850365288123,0.24720565255165822,3.7739842400791965,14,3.172646759101924,0.5906817202580845,0.6775988808568585,V14.0
313.9887195480428,1.8072838927297492,2.0101559742601793,1.8079670375318049,1.3445429883674203,0.2460567512825967,3.7643161967007415,14,3.172920935283784,0.5905094672142863,0.6769526666140139,V14.0
316.6936689784891,1.814936690674449,2.0260653349265167,1.8238763981981423,1.3542299674209326,0.24454317925074706,3.7736181396138924,14,3.1731836305667853,0.5901314073563246,0.676411776394345,V14.0
319.42192100219984,1.8229867931229315,2.0419689894006816,1.8397800526723072,1.36398976765547,0.24259267972831455,3.782668973356282,14,3.17343752221971,0.5895557825456463,0.6759174119733584,V14.0
322.1736763663114,1.8451695945336084,2.057780066038967,1.8555911293105924,1.3736415990972994,0.24013394898424945,3.807174933773874,14,3.1736816766195104,0.5887708634770648,0.6754084368359565,V14.0
324.94913754735705,1.8764808931608687,2.0734210704461282,1.8712321337177538,1.3830032016438831,0.2371021635349632,3.807853732120621,14,3.1739122584164274,0.5877549618041622,0.6748217074145688,V14.0
327.7485087661637,1.9022559291000953,2.0888288287616286,1.886639892033254,1.3918934995388197,0.23344530360207297,3.8084222089264403,14,3.174122340465274,0.5864685116377419,0.674091776818563,V14.0
330.5719960028792,1.958423801498133,2.1039817568670465,1.901792820138672,1.400148660190843,0.2291307034240941,3.808899029180254,14,3.1742994263296147,0.5848502325881757,0.6731498019744512,V14.0
333.4198070121299,1.9683427732234944,2.1189017932177263,1.9167128564893519,1.407620340385438,0.2241510954096983,3.866759691710969,14,3.1744248203173235,0.5828379964102282,0.671922192034561,V14.0
336.29215133830553,1.9823564052785103,2.1336641707546415,1.931475234026267,1.414180931346897,0.2185293376679929,3.8697766482062357,14,3.1742044764197503,0.5803487963356095,0.6703302059540297,V14.0
339.1892403309781,1.9939593654085699,2.148429895119883,1.9462409583915083,1.4197435404228955,0.212321055246537,3.872310506517718,14,3.1725797771207156,0.5773060987297782,0.6682895297064771,V14.0
342.1112871604547,1.9885696664433912,2.16344996997464,1.9612610332462657,1.4242664507220413,0.20561459780389618,3.8744520131081717,14,3.1709520041866357,0.5736419181427781,0.6657118519266841,V14.0
345.05850683346057,1.965537622116953,2.1790636943178696,1.9768747575894952,1.4277559353078044,0.19852800873466037,3.8762927020489797,14,3.1195988435329003,0.5693045793860758,0.6625079038177677,V14.0
348.0311162089604,1.8869682791964542,2.1956904637862023,1.9935015270578278,1.4302667303501773,0.19120307506694223,3.87794170214407,14,3.1150583135574736,0.5642733173359646,0.658591822369298,V14.0
351.02933401411616,1.8835058044689696,2.2137693474054205,2.011580410677046,1.431872375440773,0.18379692493305816,3.8795628622032496,14,3.1107935754088127,0.5585236774870661,0.6538877221524843,V14.0
354.05338086037915,1.8801207555113046,2.2337717357672613,2.031582799038887,1.4326842026107864,0.17647199126533902,3.8811886249024696,14,3.1067610477990777,0.5520863633464232,0.6483362836641863,V14.0
357.10347925972377,1.8768715410601686,2.256127231548097,2.0539382948197225,1.4328212719879978,0.16938540219610423,3.8835913434205422,14,3.1016618082419516,0.5450154489061942,0.6419044279381607,V14.0
360.1798536410211,1.8730403260271244,2.281173258307687,2.0789843215793127,1.4323784906845034,0.16267894475346345,3.88820635167981,14,3.090777532308324,0.5373690117785024,0.6345856122302634,V14.0
363.2827303665508,1.8656176072455306,2.3091584191621797,2.106969482433805,1.4314609629254371,0.1564706623320066,4.042510653775605,14,3.0746323693752036,0.5292665876946683,0.6264127019909252,V14.0
366.41233774865776,1.8584958394759021,2.3401902351648824,2.138001298436508,1.4301593473073357,0.15084890459030195,4.1899130421727655,14,3.0500044305819802,0.5208428170764685,0.6174582497166855,V14.0
369.56890606655253,1.9518963028250749,2.374210169700858,2.1720212329724835,1.4285479501325433,0.1458692965759055,4.251454251983494,14,3.0795117639104004,0.512236914026762,0.6078347900804593,V14.0
372.7526675832538,2.17301102367834,2.410986246177134,2.2087973094487596,1.426690340798866,0.14155469639792664,4.682011324270105,14,3.0597776393306058,0.5036193325539704,0.5976917709596847,V14.0
375.9638565626791,2.412092368388133,2.4501145557637045,2.24792561903533,1.4246443392448942,0.13789783646503698,5.06807237795686,14,3.1434702264537453,0.49514415364826436,0.5872089499810402,V14.0
379.2027092868834,2.783912972019689,2.491052836009524,2.2888638992811496,1.4224789426615856,0.13486605101575067,5.610517390983344,14,3.5188364483738384,0.4869775691302891,0.5765871371105439,V14.0
382.46946407344285,2.9702444373976644,2.5331623704549453,2.330973433726571,1.4202853791053751,0.13240732027168522,5.895866648003722,14,3.4934038215998258,0.479274216083621,0.5660365114542887,V14.0
385.7643612929913,2.9706559466932556,2.575764843798943,2.3735759070705686,1.4181874327166022,0.13045682074925305,7.694622376080683,14,3.043656732305319,0.47217507017423754,0.5557642643366207,V14.0
389.08764338690867,2.973010487329108,2.618236236804028,2.4160473000756535,1.4163615822529896,0.1289432487174033,7.713636167755614,14,3.0423318186893056,0.4658194347088278,0.5459618429529535,V14.0
392.4395548851558,2.976344259702979,2.660003177992867,2.4578142412644923,1.4149999424756825,0.1277943474483417,7.722696950089379,14,3.0410513529226515,0.46032737319009787,0.53679468078846,V14.0
395.8203424242719,2.980187084548301,2.70064338153757,2.4984544448091954,1.414327018757148,0.12694127740113717,7.726261545920436,14,3.0398111144163753,0.45581076923704433,0.5283930191275756,V14.0
399.2302547655205,2.9834957575327676,2.7398702982114136,2.537681361483039,1.4145598829392438,0.12632168077135583,7.727007935945364,14,3.038607258448999,0.4523727475734427,0.5208469076945562,V14.0
402.6695428131905,2.9867935015782505,2.7774814968957697,2.5752925601673953,1.415858876047684,0.12588147496217275,7.727334648930567,14,3.037436781032853,0.4501149552635062,0.5142041933161665,V14.0
406.13845963306306,2.9900806300295453,2.8134341158635316,2.611245179135157,1.4183616230454126,0.12557554299360055,7.7274711761327755,14,3.0362969238985653,0.4491262667842131,0.508473941172298,V14.0
409.6372604710302,2.9933577983804485,2.847768546542479,2.6455796098141047,1.4221365334703593,0.12536756550852426,7.727521504560712,14,3.0351851841678243,0.44949507000438427,0.5036282233627485,V14.0
413.1662027718729,2.9966258498030465,2.8805880227603877,2.6783990860320133,1.427190372384288,0.12522926296970674,7.727532752764419,14,3.0340991802189436,0.4513155493367975,0.4996112213717309,V14.0
416.72554619820994,2.99988606424016,2.9120498947277866,2.709860957999412,1.433475830424988,0.12513929946788835,7.727526271068752,14,3.0330364859784855,0.4546781778672391,0.49634493401414637,V14.0
420.31555264960065,3.003140427941047,2.942347807838231,2.7401588711098563,1.4409012134989876,0.125082056133845,7.727511733704727,14,3.031994406750411,0.459667356514716,0.4937363359757573,V14.0
423.936486281814,3.006392050851469,2.9716987241595776,2.769509787431203,1.4493580934343198,0.1250464269512872,7.727493708263752,14,3.030969655133404,0.4663540088872318,0.491689076039212,V14.0
427.58861352627036,3.0096458304232927,3.000325858512406,2.7981369217840317,1.4587228862859347,0.12502473447329762,7.727473712290895,14,3.029957862141917,0.47479150719263474,0.49010630767928204,V14.0
431.27220310964145,3.0129095073268113,3.028443775514865,2.8262548387864905,1.4688704735942522,0.12501181529649544,7.727452985495145,14,3.0289528211133367,0.48500841333219613,0.48889704412040746,V14.0
434.98752607362485,3.014706683876993,3.0562436462291744,2.8540547095008,1.47967968209889,0.1250042889728965,7.7274321204016205,14,3.027945302022882,0.4970002725956184,0.4879795540728063,V14.0
438.7348557948891,3.01644337781731,3.0838778461585687,2.8816889094301943,1.4910348279962473,0.125,7.727410740909672,14,3.0269211781629553,0.5107220186921224,0.48728352334933206,V14.0
442.5144680051861,3.0182696033684193,3.111449271946658,2.9092603352182835,1.5028257305584782,0.125,7.727389321135705,14,3.0258584546179654,0.5260796338623761,0.4867509829265266,V14.0
446.3266408116412,3.0202344171741387,3.1389959682248634,2.936807031496489,1.5149426901302072,0.125,7.727367861033062,14,3.0247225448677915,0.5429154776048755,0.4863364025639055,V14.0
450.1716547172179,3.0224158112176687,3.1664825970716097,2.9642936603432353,1.5272727511094912,0.125,7.727346360555001,14,3.0234587544710694,0.5610146100022462,0.48600619146717194,V14.0
454.0497926413546,3.0249377958727024,3.193794269501447,2.9916053327730725,1.53969586920609,0.125,7.727324819654699,14,3.0204613302731125,0.5800954340531472,0.48573787119040013,V14.0
457.96133994078366,3.0315448962152094,3.220733644546611,3.0185447078182364,1.5520824743585793,0.125,7.7273032382852405,14,3.0155316356283293,0.5998093999210568,0.48551925225824544,V14.0
461.90658443052934,3.038840008715397,3.2470064853176304,3.044817548589256,1.5642831403583233,0.125,7.727281616399635,14,3.0081830390059396,0.6197575534914677,0.4853469592098548,V14.0
465.885816405083,3.05791982345714,3.2722702787703835,3.070081342042009,1.5761502852197073,0.125,7.7272599539508,14,2.998297151273415,0.6394633890378589,0.4852254918602994,V14.0
469.89932865976436,3.0820920944352492,3.2961046578981446,3.09391572116977,1.5875221871445981,0.125,7.727238250891571,14,2.989158007223315,0.6584120633513129,0.4851664639224284,V14.0
473.94741651226707,3.1153958689899457,3.318041179481796,3.1158522427534217,1.5982292447311381,0.125,7.7272165071746945,14,2.9593955817364948,0.6760570470939284,0.48518595144695925,V14.0
478.0303778243857,3.1392836204192758,3.3375793550069424,3.135390418278568,1.6080986061362539,0.125,7.727194722752837,14,2.9523900317584504,0.6918388316030053,0.48530356187593354,V14.0
482.14851302393413,3.1988530452569224,3.3542087973279986,3.152019860599624,1.6169542740338356,0.125,7.727172897578578,14,2.9193426288189337,0.705204708532956,0.48553938403560837,V14.0
486.3021251268525,3.303560482255589,3.36743234910975,3.1652434123813755,1.624627137556049,0.125,7.727151031604405,14,2.8744836405915457,0.7156311227806014,0.48591394018050993,V14.0
490.4915197595008,3.3630050961670412,3.3767894767550573,3.174600540026683,1.6309401378412363,0.125,7.727129124782734,14,2.6931042879307188,0.7226469415472714,0.48644073561919365,V14.0
494.71700518114835,3.4863327023822013,3.3818794175486895,3.179690480820315,1.6357290946039365,0.125,7.727107177065879,14,3.0551919999918367,0.725855538910102,0.4871295610238417,V14.0
498.97889230665726,3.869038142690605,3.382379758729117,3.1801908220007427,1.6388364269511,0.125,7.727085188406079,14,4.318406293880586,0.724957222371212,0.4879822309797982,V14.0
503.277494729357,4.847283578981737,3.3780661901055473,3.175877253377173,1.6401179943506856,0.125,8.09082361664057,14,5.398125011445699,0.7197641535447663,0.48899190044371316,V14.0
507.61312874412016,5.290628286283772,3.368823686765258,3.1666347500368834,1.6394463371589827,0.125,7.628788425462265,14,5.417871028745349,0.7102147246073818,0.4901422857730814,V14.0
511.9861133706375,5.200515348518362,3.3546534236210763,3.152464486892702,1.6367196503015198,0.125,7.522800213071431,14,5.431836872976551,0.6963816970277841,0.49140892633134836,V14.0
516.3967703768883,4.553960399346543,3.3356737333152093,3.133484796586835,1.6318725564578722,0.125,6.733561051248852,14,5.2670587753979845,0.6784746654416938,0.4927616189450206,V14.0
520.8454243028182,4.271949701655208,3.3121148793248256,3.109925942596451,1.6248864702359926,0.125,6.44251690130528,14,4.123957362458952,0.6568367352952103,0.49416752885008164,V14.0
525.3324024842202,3.408809260427157,3.2843071396138885,3.082118202885514,1.6157714599899837,0.125,7.578863742761668,14,3.018868930481191,0.6319363558287616,0.4955866135729597,V14.0
529.8580350768179,2.6929517790022333,3.252665897241688,3.0504769605133135,1.604615339777883,0.125,7.484329078632336,14,2.2223922024863745,0.6043517900719446,0.4969880705886955,V14.0
534.4226550805597,2.6924030300121844,3.2176730013366903,3.015484064608316,1.5915579481527211,0.125,7.4835624291878835,14,2.0928927523396705,0.5747508421140539,0.49834501644393964,V14.0
539.0265983641226,2.692662156050501,3.1798511419603224,2.977662205231948,1.5767929667774692,0.125,7.483993576616034,14,2.0494254868374773,0.5438661277587782,0.49963891010277756,V14.0
543.6702036896232,2.6935030192635105,3.139744503506911,2.9375555667785367,1.5605672406335003,0.125,7.485287248950752,14,2.017838590521106,0.5124790937946107,0.5008627248197249,V14.0
548.3538127375454,2.6947633812925345,3.0978904920754564,2.895701555347082,1.5431658820758616,0.125,7.4872029116172785,14,2.0154834561959083,0.4813920722654301,0.5020214321852511,V14.0
553.0777701318831,2.6963270626025144,3.0547959816758867,2.8526070449475123,1.5248999956393574,0.125,7.489568316852758,14,2.015106808612286,0.45139786022062367,0.5031328451515134,V14.0
557.8424234654932,2.698111144229795,3.0109218239970152,2.808732887268641,1.5060943698133573,0.125,7.492260529017504,14,2.01429465208031,0.42325939929783507,0.5042272456558112,V14.0
562.6481233256778,2.7000568046756723,2.966666258871161,2.7644773221427865,1.4870692361224433,0.125,7.49519233937336,14,2.0130395416870757,0.3976866201945368,0.5053451816349295,V14.0
567.495223319978,2.7021228131669695,2.9223564757219496,2.720167538993575,1.468128495562484,0.125,7.498302619191848,14,2.0112975711940413,0.3753196242210577,0.506535848945899,V14.0
572.3840801021889,2.7042807913224394,2.878249666600755,2.6760607298723804,1.4495577963593977,0.125,7.501549294700734,14,2.0089875465205416,0.3567196031308302,0.5078570236447078,V14.0
577.3150533986096,2.706512117793303,2.834517686079421,2.6323287493510463,1.4315932140802792,0.125,7.504904757904162,14,2.005986736624618,0.3423418855195757,0.509367418054538,V14.0
582.2885060345087,2.708805597130847,2.7912611463179386,2.589072209589564,1.4144187898899447,0.125,7.50835241044568,14,2.002124050444333,0.33253731914231066,0.5111233142744397,V14.0
587.3048039608177,2.7111560505976975,2.7485225825636697,2.546333645835295,1.398158330996158,0.125,7.51188457434508,14,1.9971694477920323,0.3275511388997474,0.5131729170265288,V14.0
592.3643162810649,2.71356343876894,2.7062957149759663,2.504106778247592,1.3828652930000567,0.125,7.515501191166826,14,1.9908193432610457,0.3275212532390728,0.5155502141142652,V14.0
597.4674152785312,2.716032516027611,2.6645416607526022,2.462352724024228,1.3685178547682397,0.125,7.519209309775017,14,1.9826770267121974,0.3324801322697182,0.5182689122122696,V14.0
602.6144764436391,2.718572850892919,2.6232051815953734,2.421016244866999,1.3550163210336352,0.125,7.523023116472066,14,1.9722268466057087,0.3423605096103399,0.5213167039234905,V14.0
607.8058785015894,2.7211992695060516,2.5822311832848945,2.38004224655652,1.342185000156722,0.125,7.526964592510713,14,1.9588004764542382,0.35700312920173083,0.5246506725671047,V14.0
613.0420034402218,2.723932693962027,2.541580170633998,2.3393912339056238,1.3297795612781873,0.125,7.531064757004861,14,1.941533048359671,0.37616639329275703,0.5281945887115679,V14.0
618.3232365381241,2.726801424469593,2.5012417598607133,2.299052823132339,1.3175004502997363,0.125,7.535365567859832,14,1.9193062529436058,0.39953755415908354,0.5318387096955152,V14.0
623.649966392983,2.7298429422945465,2.4612454685851306,2.259056531856756,1.3050140887942319,0.125,7.495092939870731,14,1.8906746233415264,0.4267452062150503,0.5354432560870757,V14.0
629.0225849501742,2.734876570173302,2.4216684064640983,2.219479469735724,1.2919749433193857,0.125,7.14258679102178,14,1.8248176249858932,0.4573726842401451,0.5388432584700132,V14.0
634.4414875316037,2.740717896321191,2.382639552033883,2.1804506153055083,1.2780567700901841,0.125,6.824475743158687,14,1.657461352491132,0.49097215709360453,0.5418586492556422,V14.0
639.9070728647974,2.746938560902974,2.3443406258562414,2.142151689127867,1.262978716713033,0.125,6.430181136531271,14,1.4664013646218623,0.527079102327427,0.5443042027182405,V14.0
645.4197431122371,2.753646432297354,2.3070037604916567,2.104814823763282,1.2465396683054621,0.125,5.577349976840929,14,1.25225441348199,0.5652268287414652,0.5460052689889328,V14.0
650.9799039009525,1.7118325302213542,2.2709059279565573,2.068716991228183,1.2286349463913082,0.125,4.1750554292594115,14,0.40079474843506535,0.6049610882606586,0.5468085396850249,V14.0
656.5879643523708,1.7950199955179966,2.23636277261559,2.0341738358872155,1.2092771693564746,0.125,6.154241004701109,14,0.19711268104868473,0.6458523444223843,0.5465964217785663,V14.0
662.2443371124155,1.7996875233143508,2.203718052814405,2.0015291160860307,1.188601711858391,0.125,6.161209045855997,14,0.27074022141265175,0.6875091840829333,0.5452971930043558,V14.0
667.949438381871,1.804364224760317,2.1733338938579334,1.971144957129559,1.166854070083254,0.125,6.168190729614966,14,0.41369490786579677,0.7295888529981567,0.5428875107673998,V14.0
673.7036879470102,1.8090501785762638,2.145579717295586,1.9433907805672117,1.1443889456470113,0.125,6.460909946146779,14,0.3895034217117628,0.7718057693562597,0.5394006372346608,V14.0
679.5075092104776,1.8137473263672248,2.1208215111586757,1.9186325744303012,1.1216450919304526,0.125,6.463011849752311,14,0.41985453417121654,0.8139379877172124,0.5349228124476485,V14.0
685.3613292224458,1.8184542751656971,2.0994104877047786,1.897221550976404,1.0991202323124962,0.125,6.464680813967082,14,0.5516944634407124,0.8558299137199403,0.5295881855469649,V14.0
691.2655787120409,1.823173440247469,2.081673717684384,1.8794847809560093,1.0773430341279888,0.125,6.466021233490973,14,0.7318255094775781,0.8973933240318912,0.5235697723221945,V14.0
697.2206921190311,1.8279082019577004,2.0679061702424493,1.8657172335140748,1.056845112032583,0.125,6.552797071052716,14,0.7167427318801018,0.9386058230326908,0.5170677321244526,V14.0
703.2271076257956,1.8285989138515242,2.0583603198425027,1.8561713831141282,1.0381335373292266,0.125,7.3784015910021745,14,0.7032798019343742,0.9795028083345974,0.5102962525239344,V14.0
709.2852671895685,1.8289831787132362,2.053238835675719,1.8510498989473447,1.0216674378960078,0.125,9.025425540853552,14,0.7099579632648836,1.0201687124538643,0.503469786280479,V14.0
715.3956165749539,1.8293726901590528,2.0526879506256623,1.8504990138972879,1.0078392991554752,0.125,9.02782582600507,14,0.7307859565459163,1.0607254446184928,0.49679025138432326,V14.0
721.5586053867282,1.8297731137869064,2.056808973871088,1.8546200371427135,0.9969696564150435,0.125,9.02992906438919,14,0.7616158475384847,1.1013360635796432,0.4904360691673414,V14.0
727.7746871029244,1.8301969619139866,2.065638251160925,1.8634493144325504,0.9892903650289978,0.125,8.948393201619517,14,0.7996290448419767,1.142174646688832,0.4845538294015073,V14.0
734.0443191081947,1.8306718829465387,2.0791458278371735,1.876956891108799,0.9849420208488343,0.125,8.84024481779822,14,0.8428363065936368,1.1834133281218482,0.4792532719454751,V14.0
740.367962727468,1.8312589866229945,2.0972244395765203,1.8950355028481458,0.983969474620361,0.125,8.804998952403706,14,0.9023884272726943,1.2251988510953695,0.47460509430821296,V14.0
746.7460832598966,1.832093355484287,2.119712355599048,1.9175234188706733,0.9863378595418473,0.125,8.795677294289003,14,0.9812618251004839,1.267662831833865,0.47064250874317376,V14.0
753.1791500130886,1.835200735269685,2.1463727475882703,1.9441838108598959,0.9919294002933469,0.125,8.788765926918337,14,1.1009962198881307,1.3108886949444902,0.46736507904043584,V14.0
759.6676363376424,1.8448412221835475,2.1769007338246267,1.9747117970962522,1.0005553816070156,0.125,8.783501758753346,14,1.1657124531172007,1.3549083932478125,0.4647445694694214,V14.0
766.2120196619796,1.8504383645974594,2.210942105429201,2.0087531687008267,1.0119740959326298,0.125,8.779310659449036,14,1.1707322195051828,1.3997103129029564,0.4627318045729432,V14.0
772.8127815274657,1.8533599073813956,2.248087817505755,2.0458988807773806,1.0258983439064435,0.125,8.775742579532936,14,1.1797348678172686,1.4452255318753262,0.4612641314034653,V14.0
779.4704076238523,1.8596724783146477,2.2878811531606056,2.085692216432231,1.0420075115320506,0.125,8.415615599108564,14,1.1974135993534225,1.4913280458765574,0.4602720046773919,V14.0
786.1853878250105,1.9241786221208828,2.329844784550667,2.1276558478222927,1.0599683316320088,0.125,8.398055257423948,14,1.3923077735435863,1.537819710556188,0.45968486347210363,V14.0
792.9582162249708,1.979028597559168,2.3734469854437887,2.1712580487154143,1.0794257415567305,0.125,8.386008673449675,14,1.5436740809456015,1.5844802724699854,0.4594355033550009,V14.0
799.7893911742892,2.0915500779324816,2.4181504951083896,2.215961558380015,1.1000311531442408,0.125,8.372018948487959,14,2.1894503499565063,1.6310383490713556,0.45946350148384135,V14.0
806.679415316711,2.685602638112528,2.463412440991014,2.2612235042626394,1.1214439690204616,0.125,8.35496226649359,14,2.8283779012462578,1.6771940775852592,0.4597162673609189,V14.0
813.6287956261509,2.9648061470575833,2.5087080974348757,2.306519160706501,1.1433396289737197,0.125,8.333536600695545,14,3.074208266823555,1.7226196034280754,0.4601479091498641,V14.0
820.6380434440064,2.979922925955864,2.55352416515386,2.3513352284254854,1.1654117302537863,0.125,8.306168222090964,14,3.0877920945044868,1.7669905603307028,0.4607211685313008,V14.0
827.7076745167782,3.018953859742103,2.597391225079394,2.3952022883510193,1.1873916539463671,0.125,7.999091207129054,14,3.0947140410927525,1.8099776921034825,0.46140875579490026,V14.0
834.8382090340136,3.030005812577839,2.639884211541399,2.4376952748130245,1.2090186003196606,0.125,7.986589815302321,14,3.0990026440058207,1.8512690486751957,0.46218107577017464,V14.0
842.0301716665941,3.0376592065462793,2.6806400106832298,2.4784510739548553,1.2300690456350585,0.125,7.997985876660119,14,3.102628874417098,1.8905736220317246,0.46301441210375566,V14.0
849.2840916053315,3.0430508683696167,2.719360385442388,2.5171714487140133,1.2503471511012632,0.125,8.006028736134006,14,3.106687696657626,1.9276278018173358,0.46388628133875043,V14.0
856.600502599909,3.046739123237841,2.755825026807722,2.5536360900793476,1.269685592536,0.125,8.011546166666502,14,2.8043968932089545,1.9622009087989798,0.4647732276859008,V14.0
863.979942998159,3.0489861876284747,2.789894045424648,2.5877051086962735,1.2879470162089341,0.125,8.014926930423027,14,2.423692447381279,1.994097540872842,0.4656507174577215,V14.0
871.4229557856686,3.049886623010419,2.82150984305245,2.6193209063240754,1.3050217846606482,0.125,8.016311224253192,14,2.2928438225216965,2.023153603272898,0.4664917646926527,V14.0
878.9300886257364,3.0494216903674927,2.8507000361690116,2.648511099440637,1.3208283858009506,0.125,8.015671265707455,14,2.0256026663236613,2.049236462730846,0.4672663801988813,V14.0
886.5018938996724,3.0474813791682194,2.8775766871407202,2.6753877504123458,1.3353143007872292,0.125,8.012843953187682,14,1.8915257689935956,2.0722379641210855,0.4679417957920979,V14.0
894.1389287474371,3.0438625510284996,2.9023319465406914,2.700143009812317,1.3484512965204751,0.125,8.007528113741431,14,1.8734517120034946,2.0920706840119716,0.46848133317940205,V14.0
901.8417551086397,3.038263625644093,2.925233908331338,2.7230449716029637,1.3602303183664055,0.125,7.999276624425512,14,1.851407830686477,2.108657308070015,0.4688432051481256,V14.0
909.6109397638883,3.0300001263170717,2.946621235204669,2.7444322984762946,1.370673734529175,0.125,7.987074680103363,14,1.8103688723642115,2.1219233885843276,0.4689855812106835,V14.0
917.4470543764884,2.9935568675409843,2.9668968001940215,2.764707863465647,1.379825479310845,0.125,7.933093466758983,14,1.4128753060721282,2.131790111222526,0.46886420381041277,V14.0
925.3506755345098,2.99359287913779,2.9865299362305957,2.7843409995022212,1.3877631931390786,0.125,7.93319646202225,14,1.3066665957770072,2.1381568551961188,0.4684363414932004,V14.0
933.3223847932151,2.99362870406651,3.0060118974923467,2.803822960763972,1.394577171567476,0.125,7.933299222900044,14,1.2634404562148243,2.1409268565240267,0.46766100271608146,V14.0
941.3627687178448,2.9936643449469753,3.02589070757964,2.8237017708512657,1.400395449316734,0.125,7.933401753292353,14,1.2631013332722762,2.1399708737095033,0.46650231615833715,V14.0
949.4724189267808,2.993699804354634,3.0467446816757784,2.844555744947404,1.405376865761902,0.125,7.933504057033394,14,1.265531212447737,2.135138626171586,0.4649318927673719,V14.0
957.6519321350809,2.993735084821437,3.0691671255896544,2.86697818886128,1.4097112551664541,0.125,7.933606137892856,14,1.6205401439895915,2.126254607734076,0.46293184093252154,V14.0
965.9019101983795,2.993770188836709,3.093761120216291,2.8915721834879164,1.4136219159235053,0.125,7.933707999577265,14,1.6638759801650966,2.113127413831129,0.4604969125036287,V14.0
974.2229601571757,2.9938051188479973,3.121127443015745,2.9189385062873705,1.4173643081256306,0.125,7.933809645731194,14,1.9390613635402798,2.0955556426615316,0.4576363020274519,V14.0
982.6156942815035,2.9938398772618977,3.151854293847302,2.9496653571189277,1.4212214026349896,0.125,7.933911079938501,14,2.3286838419490596,2.0733388548282212,0.45437381548174754,V14.0
991.0807301159759,2.9938744664448813,3.186498480611734,2.9843095438833593,1.4254994273362809,0.125,7.934012305723544,14,2.374126325946363,2.0462828447678705,0.45074904338069355,V14.0
999.6186905252287,2.99390888872408,3.2255794146558334,3.023390477927459,1.4305165117945484,0.125,7.934113326552393,14,2.40943386868031,2.0142199371569673,0.44681393733701996,V14.0
1008.2302037397534,2.993943146388082,3.269562952119693,3.0673740153913185,1.4365924823753984,0.125,7.934214145833961,14,2.422161109226963,1.977020474384016,0.4426308636903519,V14.0
1016.9159034021175,2.993977241687684,3.318851404893474,3.1166624681650994,1.444035939341465,0.125,8.84143262449469,14,2.4320664774050034,1.934610736039097,0.4382685811224085,V14.0
1025.676428613591,2.9907982699883573,3.3737633741861632,3.1715744374577888,1.453126314507946,0.125,9.12479277419185,14,2.4421811099445216,1.8869796894322617,0.43379789113168216,V14.0
1034.5124239811762,2.991765994138443,3.4345319844006976,3.232343047672323,1.4641041247821984,0.125,9.733734111896043,14,2.4487035185085175,1.8342017848518959,0.4292873273585226,V14.0
1043.4245396650306,2.991801510197315,3.501294567627893,3.2991056308995184,1.477159714639104,0.125,9.770035425859158,14,2.448033806671089,1.7764474502573635,0.4247997355217807,V14.0
1052.4134314263106,2.9918372075238664,3.5740848906064855,3.371895953878111,1.4924230788401203,0.125,9.770233414454713,14,2.447363951194972,1.7139910404720573,0.4203891693091779,V14.0
1061.4797606754255,2.991874070155915,3.6528254703472176,3.450636533618843,1.5099578270963478,0.125,9.77042963755549,14,2.4466938603019406,1.647212604986835,0.4160993848654949,V14.0
1070.6241945206991,2.991912877985941,3.737334069364352,3.5351451326359777,1.5297664135946878,0.125,9.770624130133385,14,2.4460234432460792,1.5766066311959106,0.41196419750307683,V14.0
1079.8474058174581,2.991954870310389,3.827324551199451,3.6251356144710765,1.5517968057553895,0.125,9.770816926708887,14,2.4453526102935768,1.5027773398581572,0.40800912889955887,V14.0
1089.1500732175468,2.9920020171967283,3.922414206204688,3.7202252694763134,1.5759555743662432,0.125,9.771008061357378,14,2.4446812727028093,1.4264324323049205,0.4042541080756308,V14.0
1098.5328812192502,2.9920574511338724,4.022134342931224,3.8199454062028497,1.6021242640414304,0.125,9.77119756771466,14,2.4440093427047556,1.3483723051627914,0.40071657409294864,V14.0
1107.9965202176743,4.17363033632876,4.125944302235593,3.923755365507218,1.6301761312431646,0.125,9.771385478982843,14,2.443336733483669,1.2694755479577013,0.39741412599356657,V14.0
1117.5416865555403,4.332087538355705,4.233247805593004,4.03105886886463,1.6599932970313076,0.125,9.918750689431736,14,2.44266335915807,1.1906807056839872,0.394366854730466,V14.0
1127.1690825744138,4.4840235315653265,4.343413381244437,4.141224444516062,1.6914791142186767,0.125,10.144061575920492,14,2.481123114823982,1.1129674109445808,0.3915980074687867,V14.0
1136.8794166663981,4.494165362942254,4.4557927617751245,4.25360382504675,1.724564924747104,0.125,10.159148480809097,14,2.4858196951042886,1.0373327660735168,0.3891336104818772,V14.0
1146.6734033262524,4.970627708788018,4.569739532363256,4.3675505956348815,1.7592076039673694,0.125,10.865602223198088,14,2.957122499653658,0.9647635880373695,0.3870002261750765,V14.0
1156.5517632039557,4.9710358052286,4.684639644958395,4.4824507082300205,1.795388751003448,0.125,10.866257978183654,14,3.169271116232464,0.8962316306344231,0.38522253073873636,V14.0
1166.5152231577492,5.168943219586014,4.799920411393114,4.59773147466474,1.8330953386564288,0.125,11.159726264693292,14,3.228475232491539,0.8326572718288574,0.38381921140673547,V14.0
1176.5645163076103,5.243066858703559,4.915064254666429,4.712875317938055,1.8723001453138446,0.125,11.269672768828707,14,3.315469046847811,0.7748893558151035,0.3827990656812167,V14.0
1186.7003820891905,5.425331044435021,5.02962626308792,4.827437326359545,1.9129464991562812,0.125,11.352394851465846,14,3.3535827840805768,0.7236911586092623,0.3821582133938994,V14.0
1196.9235663082382,5.452853245291095,5.143242254312082,4.941053317583708,1.954933087290777,0.125,11.158241646698063,14,3.3736296253067306,0.679727423162543,0.38187834928018366,V14.0
1207.2348211954627,5.538426575005245,5.255634184398621,5.053445247670247,1.9980958408041156,0.125,10.833711500727548,14,3.3881923507629,0.6435532332288885,0.38192474169340807,V14.0
1217.6349054618897,5.646089427942513,5.366609293782917,5.164420357054542,2.042208115279145,0.125,10.425906229381127,14,3.442568093534847,0.6156082820912392,0.38224820348894134,V14.0
1228.1245843546906,5.67426524310337,5.476061269111591,5.273872332383217,2.086980562714613,0.125,10.292370296131297,14,3.531839575682978,0.5962082286486678,0.38278646211711653,V14.0
1238.7046297134823,5.694277039674416,5.583959252211986,5.381770315483611,2.1320632064486054,0.125,10.02522311360924,14,3.6357410110599755,0.5855473354716096,0.3834664575800977,V14.0
1249.3758200271252,5.7767200659676785,5.6903385767187515,5.488149639990377,2.1770530185764314,0.125,10.068574982674892,14,3.3553523057500616,0.5836986116597407,0.3842071297182092,V14.0
1260.1389404910074,5.86692953101887,5.795287609642608,5.593098672914233,2.2215054498465645,0.125,10.202888166947877,14,3.0881435779121498,0.590617280273503,0.3849227853742976,V14.0
1270.994783064813,5.9401796427794284,5.898932604100289,5.696743667371915,2.2649447331199304,0.125,10.312065274340824,14,2.9880388255756327,0.6061459636461111,0.38552601866638364,V14.0
1281.9441465307984,6.00176019307535,6.001421383535579,5.7992324468072045,2.3068765272107736,0.125,10.403949048466771,14,2.999517725781981,0.6300211679572092,0.38593082488928865,V14.0
1292.9878365525726,6.080915828841439,6.102906726294695,5.900717789566321,2.346783991339784,0.125,10.521897702245042,14,3.068057201664869,0.6618806980716947,0.3860527449027515,V14.0
1304.1266657343697,6.122800521873394,6.20353051617873,6.001341579450355,2.38415105678166,0.125,10.144521862505874,14,3.1114248286624813,0.70127145408199,0.3858134028497932,V14.0
1315.361453680845,6.164382959684457,6.303407871902161,6.101218935173787,2.4184602033436815,0.125,9.970778216231443,14,3.383361291919779,0.7476591760868425,0.38514058995792566,V14.0
1326.6930270573866,6.215868088860235,6.40261518394272,6.200426247214345,2.4492115463640287,0.125,9.851923735731818,14,3.49595358244646,0.8004365228347643,0.3839714641823889,V14.0
1338.1222196509339,6.430002620718936,6.501179763244094,6.29899082651572,2.475933221589433,0.125,9.794232503781231,14,3.6553582283885007,0.8589326379339894,0.38225400578992835,V14.0
1349.6498724313326,6.470659236253535,6.599075010473854,6.396886073745479,2.498199440007347,0.125,9.774040400957725,14,3.804384377113415,0.922420635004257,0.3799491499614139,V14.0
1361.276833613218,6.483364872832359,6.696213124736308,6.494024188007933,2.515649628539375,0.125,9.758178939033183,14,4.043314871482314,0.9901313622978449,0.377032978890271,V14.0
1373.003958718419,6.525058583606242,6.792444947082845,6.59025601035447,2.528010730815114,0.125,9.753063501443245,14,4.12696519278184,1.0612640254605994,0.3734987225801073,V14.0
1384.8321106389124,6.744338508394813,6.887562659539956,6.6853737228115815,2.535116783270727,0.125,9.825004140053489,14,4.185421766693211,1.1349979147247247,0.3693579817546793,V14.0
1396.762159700319,6.815019247232809,6.981313869909051,6.779124933180676,2.536932310129786,0.125,9.930427022974289,14,4.326474474302342,1.2104964478124653,0.3646417699984604,V14.0
1408.7949837259355,6.976289335801001,7.073395174967139,6.871206238238765,2.5335602461335647,0.125,10.170166822887403,14,4.686578207319421,1.286934949265973,0.35940037264200014,V14.0
1420.9314681013288,7.181197667160756,7.163477339874708,6.961288403146334,2.525252316063186,0.125,10.47451903920187,14,4.934744761048151,1.3634993280120327,0.35370199829341215,V14.0
1433.172505839488,7.563053350365912,7.251209089956803,7.049020153228429,2.5124029028800003,0.125,11.04121563154606,14,5.075090345388897,1.4394077744074263,0.34763046727782076,V14.0
1445.5189976465244,7.6546191860368795,7.336234484800918,7.134045548072543,2.495545598108032,0.125,11.1775384533359,14,5.260275944160544,1.5139194889371828,0.3412829363802816,V14.0
1457.9718519879507,7.744645687476389,7.418209735509225,7.216020798780851,2.4753196736903846,0.125,11.311589130484071,14,5.423940944188852,1.5863435547374491,0.33476397223908294,V14.0
1470.5319851555312,7.931195957190679,7.496818433252763,7.294629496524388,2.4524584712275352,0.125,11.588756134980205,14,5.637170947058266,1.6560515326830672,0.3281832595693247,V14.0
1483.200321334694,8.178593156445496,7.5717806550156554,7.369591718287281,2.427743147015227,0.125,11.956145103268955,14,5.650305953595167,1.7224805663928722,0.32164934159134567,V14.0
1495.977792672538,8.178602805184262,7.642869598663012,7.440680661934637,2.401972876478827,0.125,11.956767714123183,14,5.67339774872831,1.7851423509935964,0.31526573138065545,V14.0
1508.865339346428,8.178613890862614,7.709922104771326,7.507733168042951,2.375924703292949,0.125,12.834026721920198,14,5.989417463451572,1.843625520926488,0.3091262669647037,V14.0
1521.8639096331553,8.178627389581088,7.772846030617267,7.570657093888893,2.3503196265076123,0.125,13.491683479542692,14,5.841830581957523,1.8975939545179354,0.3033116677171045,V14.0
1534.974459978734,8.178644577062357,7.831628388059452,7.629439451331078,2.325794391959265,0.125,13.704370527782949,14,5.815769013068639,1.9467853024403245,0.2978869046594777,V14.0
1548.197955068768,8.178667174912384,7.886339438796053,7.684150502067679,2.3028811586964126,0.125,13.704598292834437,14,5.353214728079909,1.9910051882576525,0.2928997287898695,V14.0
1561.5353678994222,8.178697543635511,7.937125952928844,7.73493701620047,2.2819876386101416,0.125,13.704837613946676,14,5.2184504642945315,2.030120975762177,0.28837954122894427,V14.0
1574.9876798490382,8.178738944705747,7.984215813014143,7.7820268762857685,2.263397473496484,0.125,13.70509333214266,14,5.555782379881519,2.0640655007691393,0.2843382109473528,V14.0
1588.5558807503326,8.180888933623354,8.02794534743835,7.825756410709976,2.247280460646622,0.125,13.708475288745214,14,5.620131125497853,2.09277993947127,0.280771102523391,V14.0
1602.240968963222,8.181112587876143,8.068713050759882,7.866524114031508,2.23368967436853,0.125,13.70900131315271,14,5.9637638843523675,2.116248690396265,0.2776588552761788,V14.0
1616.0439514483016,8.278097543620877,8.106987524177145,7.90479858744877,2.222580936300614,0.125,13.856709355033363,14,5.819506350604189,2.1344733248779573,0.27496975707862537,V14.0
1629.9658438409292,8.294268496995088,8.143292340088967,7.941103403360593,2.2138304876531043,0.125,13.911989014975845,14,5.868588571634145,2.147468672962976,0.2726625186865152,V14.0
1644.0076705259455,8.294749765405719,8.178214171896945,7.976025235168571,2.20725262663056,0.125,13.914868886352851,14,5.975319317031836,2.1552355585140477,0.2706881152836153,V14.0
1658.1704647130725,8.29497284745512,8.212370159591057,8.010181222862682,2.202618450981436,0.125,13.917401152666878,14,6.071071040408518,2.157774976948849,0.26899305610055746,V14.0
1672.4552685129177,8.294960092588996,8.246407969763938,8.044219033035564,2.1996677715852697,0.125,13.919619439388086,14,6.202876828357566,2.155070606086783,0.2675206658268906,V14.0
1686.8631330136618,8.29472775565981,8.280999733939112,8.078810797210737,2.1981234827309426,0.125,13.921548342488578,14,6.404885790253152,2.1470869516390723,0.2662128926868975,V14.0
1701.3951183584027,8.294288116359658,8.316793142318868,8.114604205590494,2.1976917894337196,0.125,13.923206570792884,14,6.4236566410487,2.133791255450424,0.2650118084173575,V14.0
1716.0522938231518,8.182536657129553,8.354424237131374,8.152235300403,2.1980770256120543,0.125,13.759871076026425,14,6.581041165287736,2.115140157061729,0.26386091477164003,V14.0
1730.8357378955182,8.18414022360928,8.394492248147975,8.1923033114196,2.1989838660806957,0.125,13.764633439579583,14,6.77409984733407,2.091092762268394,0.2627062006590583,V14.0
1745.7465383540682,8.186822146499857,8.437545320101195,8.235356383372821,2.2001242415739783,0.125,13.771032794263254,14,6.804842834411692,2.0616272210751134,0.2614974454571291,V14.0
1760.7857923483566,8.19056473800751,8.484058076258641,8.281869139530267,2.2012235312429804,0.125,13.779043445619859,14,6.8201176033175255,2.0267471186967363,0.26018969331426156,V14.0
1775.954606479659,8.195784466446685,8.534417186233656,8.332228249505281,2.202014465593529,0.125,13.78928338587395,14,6.913472105736612,1.9864992215957642,0.2587429996140252,V14.0
1791.2540968824044,8.203061349735497,8.588908825839402,8.386719889111028,2.2022574316839725,0.125,13.802613092813903,14,6.9980210726282435,1.9409858250421888,0.25712519585221727,V14.0
1806.685389306288,8.213203237713369,8.647702153114754,8.445513216386379,2.2017418565763234,0.125,13.820230834842405,14,7.067536645316259,1.8903781177751213,0.25531242502192536,V14.0
1822.2496191991115,8.228473488857267,8.710845111303547,8.508656174575172,2.200291694983016,0.125,13.845492824563285,14,7.334125650944408,1.8349322094724911,0.2532896751002662,V14.0
1837.9479317903363,8.251853314032747,8.778256174227215,8.57606723749884,2.197784227955215,0.125,13.882819569715302,14,7.262115744336272,1.77499504664645,0.25105282461447165,V14.0
1853.7814821753382,8.284482561017102,8.849724067752456,8.647535131024082,2.1941402650942177,0.125,13.933901580395819,14,8.015320478099063,1.711010810064912,0.24860700314386092,V14.0
1869.7514354004065,8.298634916653226,8.924910201923694,8.72272126519532,2.189336770957982,0.125,13.95763240386473,14,8.610618219003872,1.6435209791315861,0.2459673565882355,V14.0
1885.8589665484756,8.309863095301823,9.003357928747427,8.801168992019052,2.183406971740447,0.125,13.977071081035604,14,9.049088285005336,1.5731614756936168,0.24315809779887734,V14.0
1902.1052608255754,8.487473056761399,9.084505160498216,8.882316223769841,2.1764301135034936,0.125,14.243231222056766,14,9.371628137931594,1.500653228292629,0.24021031251287153,V14.0
1918.491513648047,8.710751868432501,9.167709144390242,8.965520207661868,2.168553570573094,0.125,14.577144434850055,14,9.868754397167251,1.4267953232292694,0.23716308571173325,V14.0
1935.0189307305077,8.91395344185749,9.252263798202017,9.050074861473643,2.1599604627230677,0.125,14.881336178200083,14,10.421339322299373,1.3524421021219943,0.2340588932051624,V14.0
1951.688728174557,9.042381968625644,9.337428872355543,9.135239935627169,2.150869333915501,0.125,15.07471506392348,14,10.508070086915541,1.2784849913298846,0.2309424546836409,V14.0
1968.5021325582636,9.586841014202104,9.42245934148031,9.220270404751936,2.1415248874886927,0.125,15.278578760917306,14,10.833287416592597,1.205829489470844,0.22785880577975934,V14.0
1985.4603810264255,9.835377065269274,9.506682463859065,9.30449352713069,2.1321929085759366,0.125,15.275963077200922,14,11.198871444684318,1.1353851006696996,0.2248509103540333,V14.0
2002.5647213815869,10.233110144694372,9.589404714729866,9.387215778001492,2.1231184239687564,0.125,15.266237116370515,14,11.790210842225111,1.0680062579500085,0.22195771151399107,V14.0
2019.8164121758589,10.457569725644689,9.67006332941143,9.467874392683056,2.114545496371923,0.125,15.498747194199458,14,12.143979866756592,1.0045054736040502,0.2192129968995984,V14.0
2037.2167228035316,10.506341745186706,9.748209030499005,9.54602009377063,2.106693256912556,0.125,15.577217454641332,14,12.281488072298039,0.9456178328161169,0.2166438669048725,V14.0
2054.766933594464,10.526169959475737,9.823541831654449,9.621352894926074,2.09974686989237,0.125,15.612839822937298,14,12.72602815597256,0.8919940146401402,0.21426959841559617,V14.0
2072.4683359082974,10.665316196050394,9.895903778580362,9.693714841851987,2.093843263397599,0.125,15.825427963999687,14,12.817198070051807,0.8441704142580235,0.21210096487202643,V14.0
2090.3222322294846,10.686679953105273,9.965278290790081,9.763089354061707,2.0890602642875624,0.125,15.863457359765391,14,13.06570773318427,0.8025569941326918,0.21013971076886837,V14.0
2108.3299362631105,10.70245353520557,10.031837558481701,9.829648621753327,2.085418366505458,0.125,15.893265013468694,14,13.734416509323703,0.7674607753872884,0.20837822948307078,V14.0
2126.492773031565,10.756061648601921,10.095901202530671,9.893712265802296,2.0828678849674827,0.125,15.979233093717648,14,14.066622360961727,0.7390616487608259,0.2067995872777459,V14.0
2144.8120789720456,10.766069564879363,10.157919102361658,9.955730165633284,2.081286134331784,0.125,16.000627177983727,14,14.259777131739165,0.717417199232596,0.2053779253494125,V14.0
2163.289202034874,10.769419076688688,10.218454529153153,10.016265592424778,2.080480918089621,0.125,16.012217880632917,14,14.581636664748784,0.7024730544055,0.20407939206078593,V14.0
2181.9255017827018,10.769752753155664,10.278154930794225,10.07596599406585,2.080199404475601,0.125,16.019406394060344,14,14.519077536563852,0.6940724354564889,0.20286377570998895,V14.0
2200.722349490541,10.202814693872835,10.337718120826805,10.13552918409843,2.080140040502945,0.125,15.185627646623702,14,14.425245178832053,0.6919687363499865,0.20168645429238163,V14.0
2219.6811282466465,9.878512128863804,10.397855579644737,10.195666642916363,2.079972864583928,0.125,15.608184026602954,14,15.802180314145051,0.6958332815308044,0.2005011601463618,V14.0
2238.803233054312,9.7144773555757,10.459254731175804,10.25706579444743,2.079358317206478,0.125,15.866388780237452,14,15.830798626779288,0.70527167574331,0.19926255777240884,V14.0
2258.090070934504,9.719172406497421,10.522542073534183,10.320353136805808,2.0779912153494706,0.125,16.18191490489839,14,14.954244933175788,0.7198327457419538,0.19793114613696383,V14.0
2277.543061029377,9.725125538733,10.58824909755293,10.386060160824556,2.0756054025178132,0.125,16.19790641906951,14,14.424994469898877,0.7390208607444944,0.19647422676474746,V14.0
2297.163634706724,9.732749227876857,10.656781366768136,10.454592430039762,2.0720238288267008,0.125,14.813719597708577,14,14.698156861383332,0.7623051872659588,0.19487103608193526,V14.0
2316.953235665274,9.7425763429065,10.728397583365622,10.526208646637247,2.067167132481184,0.125,14.54536764684746,14,14.854949176988956,0.7891243083285566,0.1931135716277059,V14.0
2336.9133200409283,9.755302932234569,10.803188813357476,10.600999876629102,2.0610692655374248,0.125,14.571509338776501,14,14.802813533400519,0.8188958070671593,0.19120795123513837,V14.0
2357.0453565139132,9.771846859971351,10.881069094810933,10.678880158082558,2.0538885912462743,0.125,14.603386497779287,14,14.697229752533907,0.8510213684856591,0.18917499234801108,V14.0
2377.3508264168304,10.80946278618627,10.96177284860425,10.759583911875875,2.0458794764621375,0.125,17.842484271069033,14,15.40716922534199,0.8848901290407571,0.18704693414582274,V14.0
2397.831223843664,10.879162340673737,11.044859309604355,10.84267037287598,2.0373874911239644,0.125,17.763497821229578,14,15.169818607865327,0.9198842924533643,0.184866249122573,V14.0
2418.4880557597216,11.018638488235545,11.12972369440797,10.927534757679595,2.0288212338609513,0.125,17.55130577991604,14,14.96908147561195,0.9553828387172842,0.182682259308872,V14.0
2439.3228421125077,11.169698421462744,11.215615474914665,11.013426538186291,2.020618176545384,0.125,17.502872566053842,14,14.890358006759248,0.99197113936523,0.1805472742188632,V14.0
2460.3371159435665,11.455682862287032,11.301656562568928,11.099467625840553,2.0132104673048414,0.125,17.488525450323763,14,14.490449471383101,1.028968388792416,0.1785129717291249,V14.0
2481.532423501292,11.730929381417685,11.386871690919516,11.184682754191142,2.006996775608605,0.125,17.556650418353964,14,14.316771746299496,1.0655364172947372,0.17662738577165918,V14.0
2502.910324354691,11.979514202526529,11.470215399942056,11.268026463213682,2.00231205835847,0.125,17.935721863112256,14,14.254813698237946,1.1012933894748649,0.174932024076754,V14.0
2524.4723915081404,12.221023610963591,11.550602429605833,11.348413492877459,1.9994153333761764,0.125,18.30444063597813,14,14.007302161466315,1.1359049851016003,0.17346073447055654,V14.0
2546.220211517138,12.231471667739726,11.626938785191923,11.424749848463549,1.9984774558970966,0.125,18.330726806738348,14,13.813028223077598,1.1690859097647,0.17223869744442802,V14.0
2568.1553846050397,12.24194067697405,11.69815257467895,11.495963637950576,1.999582375363394,0.125,18.357184640554372,14,13.622837623902479,1.2006066096799994,0.1712826676580277,V14.0
2590.2795247807862,12.25244821121199,11.76322220476738,11.561033268039006,2.002762224865169,0.125,18.383841849898168,14,13.61747113467938,1.230291637372149,0.17060413540460198,V14.0
2612.594259957701,12.263017749881413,11.821204923067171,11.619015986338797,2.0079610839363595,0.125,18.410734923328043,14,13.612615400232162,1.2580241939672305,0.17020631007596268,V14.0
2635.1012320732316,12.273669136593472,11.871269565455595,11.66908062872722,2.015098215871695,0.125,18.437894977686433,14,13.60820596281829,1.2837363992624713,0.17008947433757082,V14.0
2657.8020972097997,12.284407382836225,11.912709053677,11.710520116948626,2.024077878863363,0.125,18.46533115866173,14,13.59064045433209,1.3074051909387183,0.17025191753957353,V14.0
2680.6985257166443,12.295253228287915,11.944966219268926,11.742777282540551,2.0348076058307454,0.125,18.453527318208103,14,13.583827264920043,1.3290451626658975,0.17069130109876005,V14.0
2703.7922023327083,12.306231010536473,11.967644842399174,11.7654559056708,2.047213289248384,0.125,18.25371791278188,14,13.582708256702471,1.3487013538159776,0.17140587608093988,V14.0
2727.0848263106373,12.317323030242274,11.980526143874357,11.778337207145983,2.0612511884184093,0.125,18.03764524155469,14,13.59436772505726,1.36643265014391,0.1723952901061155,V14.0
2750.5781115417963,12.328535602040334,11.98357443303888,11.781385496310506,2.0769103325304314,0.125,17.660615421664506,14,13.591824388566941,1.3823005811180558,0.17366068762682466,V14.0
2774.27378668236,12.339873056490724,11.9769420570381,11.774753120309725,2.0942088810072863,0.125,17.69801901162533,14,11.04027664965721,1.3963538158821205,0.17520426659842048,V14.0
2798.1735952805457,14.93846114055179,11.960952986957603,11.758764050229228,2.1131987555388094,0.125,18.024160757892997,13,11.849653518366202,1.4086296122998636,0.1770297912938218,V14.0
2822.2792959048847,13.94994364399902,11.936105988798769,11.733917052070394,2.1339271576270242,0.125,17.03080345052067,13,12.240547361917622,1.419116378643439,0.17913916067850777,V14.0
2846.5926622736065,13.196477387079204,11.903062104782132,11.700873168053757,2.1564516216349503,0.125,18.14789252302999,13,12.290385503190388,1.427779519363197,0.18153361607724422,V14.0
2871.1154833851792,12.57246810134392,11.862614081436622,11.660425144708247,2.1808272099604187,0.125,18.300655509894117,13,12.371816101973566,1.434540478055343,0.1842128340012767,V14.0
2895.849563649935,12.503495342381923,11.81566864077979,11.613479704051416,2.2070825713402282,0.125,18.19818655923267,13,12.428120634433123,1.439266589481175,0.18717282838248614,V14.0
2920.7967230228164,12.392678120846119,11.763221027485317,11.561032090756942,2.2352307787676646,0.125,18.033679780267697,13,12.59994806184183,1.4417991771339818,0.1904068530702127,V14.0
2945.9587971373294,11.063047961884266,11.706310872733864,11.50412193600549,2.2652417825661044,0.125,16.062161709771768,13,12.597314450818685,1.4419391388749094,0.1939033392653462,V14.0
2971.3376374405925,10.828199583473191,11.64600201855079,11.443813081822416,2.2970377931382706,0.125,15.713767874212902,13,11.495299177506615,1.4394693544536992,0.1976453835986552,V14.0
2996.9351113295475,10.829366969855338,11.583340102438667,11.381151165710293,2.3304924526620177,0.125,15.715291776231613,13,11.531201823061346,1.4341578288118058,0.20161095970149218,V14.0
3022.753102288404,10.83054191652704,11.519324011028786,11.317135074300412,2.36538127334226,0.125,15.71682764944046,13,11.268208791696564,1.4257769790552484,0.20576874668456632,V14.0
3048.793510027207,10.831724546195746,11.454874765932113,11.252685829203738,2.401415361839156,0.125,15.718375673382216,13,11.000211745554772,1.4141189898260702,0.21008124856903548,V14.0
3075.058250621601,10.832914981180288,11.390806259467025,11.18861732273865,2.4382041198412527,0.125,15.719936027030498,13,10.689548069477496,1.399009766224669,0.2145018648150721,V14.0
3101.5492566538555,10.834113343421052,11.327803092581005,11.125614155852631,2.475240208203912,0.125,15.721508888804838,13,10.038473781746397,1.380324773044281,0.2189738396542751,V14.0
3128.2684773550445,10.835319754491314,11.266415385374644,11.06422644864627,2.5118967755822177,0.125,15.723094436587408,13,9.986067554560384,1.3580022855049947,0.2234300713182571,V14.0
3155.217878748456,10.836534335606988,11.207015269889371,11.004826333160997,2.5474231120289943,0.125,15.724692847737565,13,9.011090130012601,1.3320541114255384,0.22779365722800932,V14.0
3182.3994437942906,10.837757207637019,11.149833054176032,10.947644117447657,2.580969086694963,0.125,15.7263042991071,13,8.902972956391746,1.3025948258766498,0.2319795606410703,V14.0
3209.815172535551,10.838988491113867,11.094904679589394,10.89271574286102,2.6116062367050783,0.125,15.727928967055897,13,8.898175727966093,1.2697975580657292,0.23589788141335674,V14.0
3237.467082245187,10.840228306243132,11.042126288999725,10.83993735227135,2.6383895321420874,0.125,13.055845737826871,13,8.768619522556033,1.2731652871705812,0.23945870069060918,V14.0
3265.357207574568,10.841476772914062,10.99124486057948,10.789055923851105,2.6604082611963853,0.125,13.053994761140551,13,8.622163636018588,1.29267316229706,0.2425773222677823,V14.0
3293.4876007031717,10.842734010709242,10.941875400779505,10.73968646405113,2.6768497977755965,0.125,13.052130780385417,13,8.565257742011129,1.3111702608533662,0.24518015576180174,V14.0
3321.860331489571,10.844000138914732,10.893525887716518,10.691336950988143,2.687080555609092,0.125,13.050253618707957,13,8.416647746350225,1.3279415465448796,0.24721198962245286,V14.0
3350.4774876237702,10.845275276529426,10.845605317856615,10.64341638112824,2.690698287695313,0.125,13.048363099680412,13,8.365757222106755,1.3423090502997272,0.24864100603885186,V14.0
3379.341174780803,10.846559542275186,10.797450788888375,10.59526185216,2.6875832510684954,0.125,13.04645904728575,13,8.399000133045796,1.353646349649262,0.24946322564621792,V14.0
3408.453516775647,10.847853054606274,10.748384809710863,10.546195872982489,2.6779296072881875,0.125,13.044541285903678,13,8.340112153652251,1.3613860354148812,0.24970440594232313,V14.0
3437.8166557195386,10.84915593171871,10.697705016002436,10.495516079274061,2.662238805237358,0.125,13.042609640296778,13,8.300986729433173,1.3650565439496276,0.24941998452413602,V14.0
3467.4327521775695,10.850468291560489,10.644722176909319,10.442533240180945,2.641295506483549,0.125,13.040663935595358,13,8.325770741229144,1.364297117122602,0.24869232122510637,V14.0
3497.303985327642,10.85179025183996,10.588790279258804,10.38660134253043,2.616119317955427,0.125,13.038703997285015,13,8.83229910960912,1.3588632598820887,0.24762591669108963,V14.0
3527.432553120858,10.853121930035691,10.52933427642477,10.327145339696395,2.587894776979179,0.125,14.102119760912869,13,9.352639758373227,1.3486407502692472,0.2463406957204737,V14.0
3557.8206724432243,10.854463443406038,10.465872780614522,10.263683843886147,2.5578854102751634,0.125,15.430112827713293,13,9.668072316755364,1.3336486969785586,0.24496391218285718,V14.0
3588.4705792787518,10.855814908997715,10.398037293668473,10.195848356940099,2.5273529588354364,0.125,15.750331798002277,13,9.774271508062883,1.3140369163820775,0.24362256491924153,V14.0
3619.3845288740235,10.857176443655135,10.325602923291742,10.123413986563367,2.4974917941826407,0.125,15.752159775060274,13,10.404540750711824,1.2900927577046204,0.24243687554926532,V14.0
3650.5647959041166,10.754090571179725,10.248492798365863,10.046303861637488,2.469348787382847,0.125,15.59913473776283,13,10.401458271771887,1.2622206452657174,0.24151275575314704,V14.0
3682.0136746399526,10.516648939264686,10.16679673809573,9.964607801367356,2.4437841877814206,0.125,15.246914560746108,13,9.345746721227048,1.2309359825020127,0.24093757406403954,V14.0
3713.733479117164,10.590299366521966,10.080779784439926,9.878590847711552,2.4214337483731936,0.125,14.391155280757236,12,10.223620381762913,1.1968497295300864,0.24077591983128188,V14.0
3745.7265433063026,10.543549023692883,9.990885670242978,9.788696733514604,2.4027249589306225,0.125,14.391061379875898,12,10.237690844942971,1.1606500493729186,0.2410704495967146,V14.0
3777.9952212846283,10.529698560615646,9.897734691613433,9.695545754885059,2.387862109275706,0.125,14.390967830276551,12,10.379426247412063,1.1230816824033685,0.24183946843269002,V14.0
3810.5418874093016,10.432510688439148,9.802115588385789,9.599926651657414,2.376849287829661,0.125,14.390874630855398,12,10.379881661266769,1.0849237743032027,0.24307811552494882,V14.0
3843.3689364920665,10.26287085221716,9.704971227492408,9.502782290764033,2.3695189022136423,0.125,14.390781780511897,12,10.37977134208465,1.0469669129626986,0.24476010164105333,V14.0
3876.4787839755113,10.031981403267967,9.6073781235837,9.405189186855326,2.365559637027344,0.125,14.390689278148747,12,10.379199220247463,1.0099901233589783,0.2468394940743609,V14.0
3909.873866110774,9.980331662257147,9.510520108602382,9.308331171874007,2.3645452778381473,0.125,14.39059712267187,12,10.379647146444636,0.9747385324437197,0.24925281217564288,V14.0
3943.55664013678,9.792978847203047,9.415656767383984,9.21346783065561,2.365963994705882,0.125,14.390505312990422,12,10.379764263243974,0.9419023609174175,0.2519215249471665,V14.0
3977.5295844610973,9.133039886706076,9.324065028158875,9.1218760914305,2.3692384194210954,0.125,14.193512424433145,12,10.379551850853197,0.9120944722127025,0.2547546573920796,V14.0
4011.7951988422733,8.939548624029419,9.237108648717241,9.034919711988866,2.3737834146966756,0.125,13.906560365688817,12,10.37901401758542,0.8858423754866305,0.257652430411573,V14.0
4046.356004573747,8.457519451043899,9.156030121183754,8.95384118445538,2.3789891854549414,0.125,13.191822358504153,12,10.378158383875391,0.8635688349517512,0.2605100437114362,V14.0
4081.2145446694167,7.958426433749009,9.082009913487509,8.879820976759135,2.384266659444713,0.125,12.451785852404425,12,10.376997824301426,0.8455766021903788,0.26322150506939246,V14.0
4116.373384050729,7.925154112247582,9.016108254389192,8.813919317660817,2.3891024363195843,0.125,12.40237546582322,12,10.375553156552948,0.8320439819147492,0.2656883877923286,V14.0
4151.835109735392,7.779405717537667,8.959241915365613,8.757052978637239,2.393050844753103,0.125,12.18620840831804,12,10.373855887523556,0.8230270758391018,0.267821190117844,V14.0
4187.602331027766,7.706100978571142,8.912137833960035,8.70994889723166,2.3957701652050556,0.125,12.077446669315437,12,10.371023776311565,0.8184716306754165,0.2695464972529513,V14.0
4223.677679710849,7.573481427316109,8.875319805695044,8.67313086896667,2.397044670523162,0.125,11.880745143396556,12,10.371462299462806,0.8181684769692783,0.27081169369149943,V14.0
4260.063810239888,7.511038136283209,8.849091050158089,8.646902113429714,2.396796234474253,0.125,11.788087293953607,12,10.38065958638076,0.8218128900675179,0.2715884116688143,V14.0
4296.763399937755,7.491862022123119,8.833529410425143,8.631340473696769,2.395088818281766,0.125,11.759577713303566,12,10.382800260865864,0.8289968196477204,0.2718743453135706,V14.0
4333.779149191916,7.480284459014259,8.828485681649566,8.626296744921191,2.392122341490398,0.125,11.742334096096792,12,10.378915697033003,0.8392237510735576,0.2716931633714349,V14.0
4371.113781653104,7.474870848716887,8.8335942338058,8.631405297077425,2.38821735731013,0.125,11.734229506279245,12,10.369800061328045,0.8519260230746601,0.2710923485792987,V14.0
4408.77004443578,7.905778779435003,8.848291782553932,8.646102845825558,2.3837909911024364,0.125,12.373015583421134,12,9.456774183897721,0.8664836030093097,0.270139213055112,V14.0
4446.75070832024,8.028138646189769,8.871843131309637,8.669654194581263,2.3793286776074503,0.125,12.554348650482593,12,9.447729205528635,0.8822491034340079,0.2689158144079801,V14.0
4485.05856795647,9.263302781962501,8.90337251605603,8.701183579327656,2.3753380073371755,0.125,14.385525675646285,12,9.437294761962008,0.898565291647353,0.26751150335855517,V14.0
4523.696442069824,9.133494407853098,8.941899231945772,8.739710295217398,2.3723108458010245,0.125,14.192994805822261,12,9.661894931001106,0.914789735058207,0.2660163664318281,V14.0
4562.667173668408,9.153031645963292,8.986376099103897,8.784187162375522,2.3706963037768527,0.125,14.22188408814873,12,8.72860504420499,0.9303129486806743,0.2645160839595347,V14.0
4601.973630252242,9.175507130296117,9.035726887536606,8.833537950808232,2.370862735757757,0.125,14.255129961111619,12,6.865668467005607,0.944579259788549,0.26308598897248525,V14.0
4641.618704024307,9.203903398636879,9.088883193936326,8.886694257207951,2.373074056924336,0.125,14.297154334547258,12,7.0319406576691765,0.9571026297000138,0.2617872033206372,V14.0
4681.605312103326,9.59603328776575,9.144823726532826,8.942634789804451,2.3774800228254533,0.125,14.388740084636423,12,5.850206324491253,0.9674739211547099,0.2606646584288133,V14.0
4721.936396738387,9.613836148463559,9.20258819846812,9.000399261739746,2.384110209213263,0.125,14.388655290282177,12,5.753555958118357,0.9753847583934778,0.2597465480374884,V14.0
4762.614925525486,9.632858708900567,9.261314510525464,9.05912557379709,2.3928818447201534,0.125,14.388570818521464,12,5.658166169436392,0.9806199503474051,0.2590447952096782,V14.0
4803.64389162586,9.653168895974364,9.320250930300313,9.118061993571938,2.403618694755308,0.125,14.388486668335057,12,5.563907698506899,0.9830622270031437,0.25855746800443485,V14.0
4845.026313986197,9.820279797157859,9.37876532232599,9.176576385597615,2.416074335207031,0.125,14.388402838706726,12,5.470644218906839,0.9826914345794151,0.25827165766828974,V14.0
4886.7652375608295,9.83272755520084,9.436342521900423,9.234153585172049,2.4299563596532505,0.125,14.388319328623245,12,5.378244753646396,0.9795822416909203,0.2581666324983818,V14.0
4928.863733535759,9.844215585432973,9.492606226449611,9.290417289721237,2.4449574585163867,0.125,14.388236137074378,12,5.286583386560833,0.9738706735809366,0.2582168708353052,V14.0
4971.324899554601,9.854825625415328,9.547268534939523,9.345079598211148,2.4607693944687865,0.125,14.388153263052862,12,5.195524592518138,0.9657816998704867,0.2583950872973543,V14.0
5014.151859946579,9.864633595813219,9.600115378243942,9.397926441515567,2.4770978678844675,0.125,14.388070705554433,12,5.104935609925741,0.9556228064797523,0.2586742302214705,V14.0
5057.3477659563805,9.67250034235014,9.65106397619584,9.448875039467465,2.493695681940866,0.125,14.387988463577749,12,5.01467773815377,0.9436933418810725,0.25902934573487774,V14.0
5100.915795976,9.680373553939296,9.700066167027057,9.497877230298682,2.5103466243458525,0.125,14.38790653612447,12,4.172952674987682,0.9303466618642044,0.2594383891646157,V14.0
5144.859155778676,9.687484036034192,9.74711312872242,9.544924191994046,2.5268761425454733,0.125,14.387824922199185,12,4.173225484866778,0.9159484248197689,0.2598830743191322,V14.0
5189.181078754697,9.693940219887962,9.792216914224571,9.590027977496197,2.5431470448435056,0.125,14.387743620809403,12,4.173424881921084,0.9008763136168358,0.2603487872970318,V14.0
5233.884826149389,9.699825437849421,9.835392062440054,9.63320312571168,2.559047954297906,0.125,14.387662630965606,12,4.173575458415721,0.8854965950264031,0.2608237765081633,V14.0
5278.973687303044,9.705205731137003,9.876636280221286,9.674447343492911,2.5744879815124238,0.125,14.387581951681158,12,4.173688965323359,0.8701801436972421,0.26129903488952283,V14.0
5324.450979892928,9.71013548556306,9.915930447253432,9.713741510525058,2.5893885887576955,0.125,14.38750158197237,12,4.173762282591289,0.855221882967026,0.2617674038130993,V14.0
5370.320050177459,9.714659941174054,9.953224688494391,9.751035751766016,2.6036755862047105,0.125,14.387421520858428,12,4.173773296203116,0.8409198678056189,0.2622230863614438,V14.0
5416.584273242392,9.718816482203957,9.98843623602842,9.786247299300046,2.6172715296075384,0.125,14.387341767361443,12,4.173675622554658,0.8275381074354549,0.2626609090888554,V14.0
5463.247053249135,9.72264038914717,10.021450525661656,9.819261588933282,2.6300906868282437,0.125,14.387262320506402,12,4.173385346720076,0.8153045649775539,0.26307577367039303,V14.0
5510.311823685293,9.72616318617132,10.0521681439789,9.849979207250525,2.6420484453738835,0.125,14.38718317932117,12,4.172763672243111,0.8044122930383022,0.26346235394257084,V14.0
5557.782047617271,9.729409237688639,10.080346221854901,9.878157285126527,2.6530200770991814,0.125,14.3871043428365,12,3.8164099405592964,0.7949986883379161,0.263815142521917,V14.0
5605.661217945059,10.021053819202884,10.105850968934888,9.903662032206514,2.662901904114519,0.125,14.387025810085992,12,3.12652209789774,0.7872371203622848,0.2641279109008284,V14.0
5653.952857659311,11.26487370348832,10.128492241153747,9.926303304425373,2.671585409650012,0.125,14.386947580106115,12,3.1260191366300507,0.7812222670822226,0.2643954463516608,V14.0
5702.660520100533,11.265211988263921,10.148075206891598,9.945886270163223,2.6789360733842575,0.125,14.38686965193618,12,3.125734086885335,0.777043388177308,0.26461008460163443,V14.0
5751.787789220506,11.265251876814132,10.164419952061577,9.962231015333202,2.684845482787304,0.125,14.386792024618337,12,3.1256505374420307,0.7747836722074677,0.26476633284751305,V14.0
5801.338279846069,11.265041006835512,10.177351213688736,9.975162276960361,2.689214276295614,0.125,14.38671469719757,12,3.1257534838791834,0.7745393128136779,0.26485940847103423,V14.0
5851.315637945065,11.26483286700747,10.186747340865692,9.984558404137317,2.6919722093484335,0.125,14.386637668721692,12,3.1260292004263093,0.7764053578841992,0.2648859052429844,V14.0
5901.723540894575,9.986657348086505,10.192460217848975,9.9902712811206,2.693059498025741,0.125,14.386560938241326,12,3.1264651237404184,0.7804852564091789,0.2648440138137213,V14.0
5952.565697751582,9.987149089435205,10.194338640096083,9.992149703367708,2.6924391920011903,0.125,14.386484504809891,12,3.127049747610263,0.7869372116212396,0.2647341066194119,V14.0
6003.845849525841,9.987642752768673,10.192262964218049,9.990074027489674,2.6901045650725752,0.125,14.386408367483643,12,3.1277725276293875,0.7959410823940214,0.26455854838527043,V14.0
6055.567769455119,9.988136472671373,10.186121641970812,9.983932705242438,2.686082697645536,0.125,14.386332525321587,12,3.128623794933098,0.8077104193596689,0.2643226601588476,V14.0
6107.735263282896,9.98862656693941,10.17581343523143,9.973624498503055,2.680431520037213,0.125,14.386256977385534,12,3.129594678154401,0.8224942455192359,0.264034388413602,V14.0
6160.35216953837,9.989105792713465,10.16124946697077,9.959060530242395,2.6732403618892095,0.125,14.38618172274006,12,3.7899207794698153,0.8405728940452608,0.26370434177513224,V14.0
6213.422359818851,9.995276328908755,10.142357741376921,9.940168804648547,2.6645992424099436,0.125,14.38610676045253,12,3.7792170581154547,0.8622494945091752,0.26334269372062613,V14.0
6266.949739074717,10.009695916827296,10.119087129442287,9.916898192713912,2.6546991043192127,0.125,14.38603208959304,12,3.767556393216183,0.8878373996961102,0.26296904788481495,V14.0
6320.9382458967075,10.025156690528895,10.09143330126447,9.889244364536095,2.6436786619881825,0.125,14.385957709234455,12,3.7548623636240226,0.9176453872044981,0.2625967249520791,V14.0
6375.391852805686,10.041737925130858,10.059428678856571,9.857239742128197,2.6317297840172356,0.125,14.385883618452377,12,3.7410518673333195,0.9519487060317076,0.2622435199072863,V14.0
6430.3145665450165,10.101634277810959,10.023207184066656,9.821018247338282,2.619047349049472,0.125,14.385809816325155,12,3.6838795712380703,0.9910061016320295,0.2619251368399415,V14.0
6485.710428375355,10.178273189864836,9.98297316935501,9.780784232626635,2.6058308052887704,0.125,14.385736301933854,12,4.815935136617055,1.034996048836092,0.26165620949473917,V14.0
6541.583514371959,10.260178366323384,9.939047088265092,9.736858151536717,2.59226531439017,0.125,14.385663074362258,12,4.818195981689018,1.0840093645561062,0.26144723861433283,V14.0
6597.93793572469,10.705961926191456,9.891883236361123,9.689694299632748,2.578495026681416,0.125,14.385590132696867,12,4.820463459573119,1.1380321818606767,0.261301368744887,V14.0
6654.777839040483,10.733803137652746,9.842083470828706,9.639894534100332,2.564669056042627,0.125,14.385517476026907,12,4.8227464215228775,1.196933566041226,0.26121853968831804,V14.0
6712.1074066484125,10.758724923952762,9.790422948669814,9.58823401194144,2.550867884200913,0.125,14.385445103444248,12,5.030037380900513,1.2604412483043745,0.2611871581631228,V14.0
6769.930856907516,10.76811398246694,9.737842594481545,9.535653657753171,2.5371333221118153,0.125,14.385373014043525,12,5.058201287812432,1.3281501799829005,0.26118702960414575,V14.0
6828.252444517139,10.717417453740893,9.68545462564473,9.483265688916356,2.5234628627271785,0.125,14.38530120692198,12,5.067654951889201,1.3995169275830648,0.26118833360703314,V14.0
6887.076460829966,10.224940723288807,9.634532416013368,9.432343479284993,2.509815422017461,0.125,14.385229681179576,12,5.072382003176013,1.4738679566030068,0.2611522114531689,V14.0
6946.4072341678575,10.732014678546513,9.586498188971126,9.384309252242751,2.4961256777583234,0.125,14.385158435918928,12,5.0766390831043084,1.5504076701355647,0.2610324207923335,V14.0
7006.249130140293,10.425744519858098,9.542890644944892,9.340701708216518,2.4823130300023175,0.125,14.3850874702453,12,3.920094654824732,1.6282435310719174,0.26077717451223875,V14.0
7066.606551965556,8.123901883467449,9.505332455584561,9.303143518856187,2.468303412609933,0.125,13.980832484900088,12,2.48258715969221,1.7064078934451654,0.2603325858709237,V14.0
7127.483940794807,8.126014254619449,9.47548785843479,9.273298921706415,2.454046140513346,0.125,13.982222612986668,12,2.4860937986742435,1.783886032029133,0.2596461604629251,V14.0
7188.885776038828,8.108239271659881,9.454962259876934,9.25277332314856,2.4395137549233956,0.125,13.954210006735595,12,2.4913458058384172,1.8596710723915226,0.25867033435717796,V14.0
7250.816575697578,8.099308232498936,9.445378868167474,9.2431899314391,2.424747895121209,0.125,13.939387928626354,12,2.5005090803720744,1.9327426575737832,0.25736618315839327,V14.0
7313.28089669273,8.094875422341092,9.448216670614359,9.246027733885985,2.4098379141342354,0.125,13.931309832311522,12,3.6508378068582505,2.0021355720464022,0.25570659564461296,V14.0
7376.28333520286,8.092722073219702,9.464779341445677,9.262590404717303,2.3949285725604805,0.125,13.926682745358278,12,3.6765420701658327,2.066965181105261,0.2536787442479917,V14.0
7439.8285270017395,8.091713169520064,9.496145323851946,9.293956387123572,2.3802177113262393,0.125,13.92382062179611,12,3.68572017409472,2.126450072538529,0.2512856526895742,V14.0
7503.921147799393,8.091267665451738,9.543119121196856,9.340930184468482,2.365949570012252,0.125,13.921858879548948,12,5.814250197511845,2.1799335952204153,0.2485467496194416,V14.0
7568.5659135861,8.15823328137828,9.606189194830913,9.404000258102538,2.3524058268817303,0.125,14.019902966794833,12,5.781854043531137,2.226900274745346,0.24549738772834018,V14.0
7633.767580979488,8.15853257376861,9.685494334679435,9.48330539795106,2.3398954452181213,0.125,14.01916681889681,12,5.74982409687946,2.2669866925335427,0.2421873883395917,V14.0
7699.530947574486,8.158798444913248,9.780800037345438,9.578611100617064,2.3287439984493674,0.125,14.018437659015396,12,5.716711083899176,2.299986733094796,0.23867873415865298,V14.0
7765.860852296289,10.99072402766623,9.891486026206444,9.68929708947807,2.3192802990729184,0.125,17.43811570923064,11,11.696046192900976,2.325851396260095,0.2350423428357583,V14.0
7832.7621757565,7.715278710905068,10.016545596915577,9.814356660187203,2.3118288968791645,0.125,14.137799592061237,11,1.1291505839502847,2.3446836192976077,0.23135502961811946,V14.0
7900.239840612209,8.429069448955314,10.15459698960617,9.952408052877795,2.3066933639680895,0.125,15.37245031504657,10,3.7073077703064907,2.3567287467804627,0.22769538684006693,V14.0
7968.298811928154,8.427875842150875,10.303903483884008,10.101714547155634,2.304140091615986,0.125,15.37074237864376,10,3.710169719443204,2.362360008814875,0.22413994266843998,V14.0
8036.944097542149,8.426633250277982,10.462477125990997,10.260288189262623,2.304379973630601,0.12501286691868946,15.368960597221408,10,3.713073423429071,2.3620175314640015,0.2207579591068448,V14.0
8106.180748433524,8.42533509592128,10.627917655257818,10.425728718529443,2.3075370718936945,0.1250354458894863,15.367025924797353,10,3.71602062278534,2.3563095276541546,0.21761146432066006,V14.0
8176.0138590947245,8.423974273385591,10.79761478546451,10.595425848736136,2.3136274681043703,0.12507420341989284,15.643936379305021,10,1.8262709003157411,2.3458952930801154,0.21474913764286552,V14.0
8246.44856790627,11.52027338278488,10.968729986729306,10.766541050000932,2.322528315272131,0.1251392808538615,18.210010158130874,9,5.242676125696541,2.3314992042714717,0.212204903164104,V14.0
8317.490057514791,13.38625754679283,11.138214196577897,10.936025259849522,2.3339524596355377,0.12524616840153507,14.910273687980347,8,6.88164091701395,2.313900080707551,0.20999681135814757,V14.0
8389.143555214321,13.414321027840288,11.302824352214039,11.100635415485664,2.3474241396834485,0.12541789840366493,14.911464689227412,8,6.85329180222079,2.29391830060017,0.208126412360205,V14.0
8461.414333331031,13.434215608475409,11.459063930766119,11.256874994037744,2.362250633492546,0.12568778890912027,14.912801677473583,8,6.833043018203,2.2724388810847884,0.20657932283310204,V14.0
8534.307709611112,13.44813245830666,11.603208222890313,11.401019286161938,2.3775205310910676,0.1261026965255729,14.914304655419134,8,6.818663863789338,2.2503922377854764,0.2053264465593026,V14.0
8607.829047612016,13.457632683232742,11.73126266929576,11.529073732567385,2.392103269722148,0.1267266289808015,14.915996516958414,8,6.808537835385742,2.2287736341851225,0.2043261946431033,V14.0
8681.983757097214,13.463819329024638,11.838902038589795,11.636713101861421,2.404656760071646,0.12764442488651825,14.917903693516525,8,5.123546288482167,2.2086388815176488,0.20352720018335851,V14.0
8756.777294434192,13.467440429734173,11.921808522923179,11.719619586194804,2.4137266309456438,0.12896504231406788,14.920056753003305,8,5.118832113392964,2.191154330502016,0.20287129412876725,V14.0
8832.215162995892,13.468979422490651,11.97541850124038,11.773229564512006,2.417733236958211,0.13082383220341115,14.922491104155384,8,5.115732528984864,2.177488057014239,0.202296524558063,V14.0
8908.302913565754,13.468707388059668,11.995721512867462,11.793532576139087,2.4151805618484414,0.13338304234502493,14.925247823906716,8,5.113790704042035,2.1688344448037054,0.20174022226989047,V14.0
8985.046144746097,13.466712395077103,11.979560454805739,11.777371518077365,2.404774013051216,0.13682974615221025,14.928374627688674,8,5.1126639388592405,2.1662454683019057,0.20114249160940442,V14.0
9062.450503370015,13.462907979367255,11.925419140657175,11.7232302039288,2.385623670871288,0.14137046224775815,14.931927004761416,8,5.112086455354774,2.170457289971395,0.20044843877313412,V14.0
9140.521684916983,13.457031662607413,11.83411469433933,11.631925757610956,2.357414477300515,0.14722196081505526,14.935969542603058,8,5.111839324011912,2.1816337898681866,0.19960955206842293,V14.0
9219.265433931881,13.448614567442242,11.709512884704909,11.507323947976534,2.320591236419694,0.1545981530472527,14.940577465695359,8,5.1117286155848625,2.199156235935309,0.1985867886363959,V14.0
9298.687544447634,13.436938407721943,11.558382793803998,11.356193857075624,2.276333820045879,0.16369350939510868,14.945838414231654,8,5.111557259008514,2.2213878915590612,0.1973517888924487,V14.0
9378.793860411637,13.420969789228437,11.389919016218043,11.187730079489668,2.2264588481908287,0.17466408919377918,14.951854486570246,8,5.111104136732475,2.245787492304256,0.1958887902880331,V14.0
9459.59027611572,13.399237692562433,11.214509425373006,11.012320488644631,2.1731513451469455,0.18760788972771764,14.9587445645437,8,5.110096896982139,2.2691529788157805,0.19419568533231768,V14.0
9541.082736629787,13.369697447864489,11.0424916122998,10.840302675571426,2.1186827738852694,0.20254671377090258,14.966646931384027,8,5.1081723521313105,2.2880400304324073,0.19228404185658843,V14.0
9623.277238239374,13.329507341314848,10.883321726071156,10.681132789342781,2.0651983455987444,0.2194119869960187,14.975722175697715,8,5.104830776353049,2.2995224338425153,0.19017722795728556,V14.0
9706.179828886814,13.274725981151715,10.74443839809395,10.542249461365575,2.0145374540219487,0.23803683426039202,15.442846405342326,8,5.105314549324561,2.3016763275093624,0.1879153415561407,V14.0
9789.796608616178,13.199883023868356,10.630878800042789,10.428689863314414,1.9681117674477533,0.2581562065883085,15.453454381711916,8,5.120064900894482,2.2944557974303414,0.1855502666332493,V14.0
9874.13373002224,13.097372560084821,10.54491600946373,10.342727072735356,1.9267708962840195,0.2794159737960158,15.46095182436131,8,5.129229300639455,2.2797161694549697,0.1831369388489856,V14.0
9959.197398703149,12.956593609324777,10.485531452355435,10.28334251562706,1.8908661016834,0.30139077479917664,15.483380686516602,8,5.130761503330939,2.26028831277125,0.18074443489576397,V14.0
10044.993873716956,12.762728336030825,10.449056834894664,10.24686789816629,1.8602337836058516,0.32360922520082264,15.517522539416667,8,5.121691993382086,2.2390580057440346,0.17843848085643516,V14.0
10131.52946804232,9.020132926040837,10.430429783003776,10.228240846275401,1.8344921805413523,0.3455840262039834,15.11735898802018,8,5.097713288253383,2.2182983221600683,0.1762842559435816,V14.0
10218.810549042855,8.65861736585396,10.424408483599755,10.222219546871381,1.813203184341648,0.3668437934116908,15.11710852545502,8,5.052577587674499,2.1993780011975357,0.17433937955482265,V14.0
10306.843538935791,8.624683197456847,10.426468990641526,10.224280053913152,1.7960002794668055,0.38696316573960743,15.11686967883035,8,4.977220442410829,2.183043029982816,0.17265111603258704,V14.0
10395.634915264458,8.60065974773065,10.43322645686755,10.231037520139175,1.7826157866684575,0.4055880130039832,15.116641913868513,8,4.858483816527521,2.1694415923683525,0.1712532064451473,V14.0
10485.191211374853,8.584203410388481,10.44239846841924,10.240209531690866,1.772780149845496,0.42245328622909695,15.116424720696585,8,4.677252410401955,2.1585261660254798,0.17015837809564083,V14.0
10575.519016896495,8.573598311756697,10.452579601058302,10.250390664329927,1.7662228515911371,0.43739211027228203,15.116217612738158,8,3.8181560907287615,2.1501080341494543,0.1693634767241684,V14.0
10666.624978227232,8.56760049965867,10.462975140997575,10.2607862042692,1.7625549855981877,0.45033591080622215,15.116020125655151,8,3.297042771843765,2.1439419856409003,0.16884345598638237,V14.0
10758.515799022216,8.565322933881353,10.473187106216868,10.270998169488493,1.7612460448777025,0.4613064906048911,15.115831816337458,8,3.351590702867572,2.1397539559202343,0.16855317884264776,V14.0
10851.19824068731,8.566150905352416,10.483049883896602,10.280860947168227,1.7616113591419462,0.47040184695274706,15.115652261938282,8,3.404983961711377,2.137279358593551,0.16842916312828812,V14.0
10944.679122876516,8.569681005657674,10.4925328264739,10.290343889745525,1.7628253787747366,0.4777780391849455,15.115481058953053,8,3.457272450260028,2.1362563174971747,0.16839255972384762,V14.0
11038.965323993714,8.57567612642086,10.50166413277388,10.299475196045506,1.763957898132781,0.48362953775224177,15.115317822340016,8,3.508504673822511,2.1364193233916726,0.16835389422158523,V14.0
11134.063781698913,8.584035202689288,10.510497425988657,10.308308489260282,1.7640233375615628,0.4881702538477897,15.115162184680605,8,3.5587277989398025,2.1375331595455904,0.16821832197649766,V14.0
11229.981493418662,8.594772394953857,10.519112937708803,10.316924000980428,1.7620466918605453,0.491616957654975,15.115013795377772,8,3.6079877094367987,2.139375740376156,0.16789189117860173,V14.0
11326.725516860859,8.608004647970596,10.527584983239949,10.325396046511575,1.757132361541988,0.49417616779658885,13.72115677428703,8,3.656329060788469,2.141756089568842,0.16728860099784942,V14.0
11424.302970534198,8.623945970855207,10.535984022814482,10.333795086086107,1.7485332095605337,0.49603495768593203,13.279186192063438,8,3.7037953328678093,2.1445119402817845,0.16633690602595236,V14.0
11522.72103427189,8.64290750805284,10.54436720034582,10.342178263617445,1.7357100701530812,0.4973555751134818,13.041500264069004,8,3.750428881140948,2.1475147324770685,0.1649854748283771,V14.0
11621.98694975989,8.66342417153513,10.5528058632496,10.350616926521225,1.7183822867820027,0.49827337101919855,12.952538625146303,8,3.796270986372818,2.1506491312270377,0.16320749395211862,V14.0
11722.108021069884,8.680311544960235,10.561335158568276,10.359146221839902,1.6965451793274493,0.49889730347442696,12.869877289810704,8,3.841361902904964,2.153844146665442,0.1610030351025746,V14.0
11823.091615196661,8.694554782611268,10.570007690579708,10.367818753851333,1.6704781680462788,0.49931221109087975,12.794569077487468,8,3.8857409055649335,2.1570379166112126,0.1583988952344802,V14.0
11924.945162600116,8.745040424172743,10.578853258000834,10.37666432127246,1.6407136354522527,0.49958210159633504,12.784026020327111,8,3.9294463352648847,2.1601858288527698,0.1554461663887501,V14.0
12027.676157752121,8.790112460278811,10.587898304170318,10.385709367441944,1.6079708539062578,0.4997538315984649,12.77642146580028,8,3.972515643345618,2.163260247287109,0.15221357616472342,V14.0
12131.292159687915,8.830635436505851,10.597164528613003,10.394975591884629,1.573138209733814,0.4998607191461385,12.773153479347744,8,4.014985434720144,2.166244117717893,0.14878574321938942,V14.0
12235.800792562224,8.867403930451365,10.606668963365212,10.404480026636838,1.5371572323595288,0.49992579658010716,12.77571347265004,8,4.056891509869427,2.1691281356683696,0.14525213059314393,V14.0
12341.209746210405,8.901146501217417,10.61642491439304,10.414235977664665,1.500950137452928,0.49996455411051366,12.797717305459415,8,4.103370325110095,2.1719083850898464,0.14170014712063939,V14.0
12447.52677671419,8.932532142703241,10.626442799802769,10.424253863074394,1.465357054353282,0.4999871330813106,12.826066542134253,8,4.16241923967125,2.1745842641691606,0.1382091996915193,V14.0
12554.759706972316,8.96217805435227,10.636730846615382,10.434541909887008,1.4310745672303815,0.5,12.860175393718963,8,4.219979924032462,2.17715845060464,0.13484490603201876,V14.0
12662.91642727629,8.986842238403852,10.647292438126708,10.445103501398334,1.398624885421684,0.5,12.896658754210824,8,4.276095420624237,2.1796376157954587,0.13165626987996107,V14.0
12772.004895890885,8.988067631241794,10.658137755739995,10.45594881901162,1.3683069544665616,0.5,12.909895738709102,8,4.330810589510174,2.182022139807648,0.12867100259539596,V14.0
12882.033139639643,8.989526514987139,10.669270465997764,10.46708152926939,1.3402330077115172,0.5,12.93710767240448,8,4.384170199474033,2.1843179555506733,0.12589922095491482,V14.0
12993.00925449565,8.991279717302774,10.68069378687088,10.478504850142505,1.3143245969388504,0.5,12.992456405737544,8,4.436217688098868,2.186531001544486,0.1233330815062806,V14.0
13104.941406177162,8.993398053808617,10.692410488057774,10.4902215513294,1.290338257874327,0.5,13.077581156710128,8,4.481323848554087,2.188667135995974,0.12094928095454988,V14.0
13217.83783074837,8.99596431711613,10.704422892567239,10.502233955838864,1.267897771999915,0.5,13.190961841751735,8,4.5230017413304076,2.1907321334335847,0.11871216481025434,V14.0
13331.706835225583,9.004890117491117,10.71673287953249,10.514543942804115,1.2465279717397075,0.5,13.345521505292206,8,4.576234620924737,2.192731515467914,0.11657696550682586,V14.0
13446.556798188365,9.043961163029495,10.729341888200748,10.527152951472374,1.2256888464910836,0.5,13.581438027729074,8,4.625330568700823,2.194670937958074,0.11449305109314206,V14.0
13562.396170395981,9.086500082757624,10.74225092303996,10.540061986311585,1.2048034278359834,0.5,13.823567346738242,8,4.670567799770382,2.1965558807317613,0.11240657405388478,V14.0
13679.233475409359,9.13319453947509,10.755460559902053,10.553271623173679,1.1832862518673328,0.5,14.017759237941139,8,4.712203796386433,2.198392084900009,0.1102631569407406,V14.0
13797.077310218185,9.184813915394155,10.76897095317995,10.566782016451576,1.1605898292329486,0.5,14.220904906163977,8,4.750476722525891,2.200184945786484,0.1080122350833626,V14.0
13915.936345873391,9.419785679994796,10.78278184389441,10.580592907166036,1.136216804042058,0.5,14.697614734873662,8,0.9076013773545171,2.201939760185571,0.10560817695300741,V14.0
14035.819328125346,9.774408483393287,10.796892568645642,10.594703631917268,1.1097549491460776,0.5,14.843447153924458,8,0.8215535927247721,2.203660750205321,0.10301351385902117,V14.0
14156.735078067295,10.06639227411382,10.811302069363869,10.609113132635494,1.080905387031913,0.5,14.888315000229262,8,0.7396002605782641,2.205353042870003,0.10020151358755708,V14.0
14278.692492784332,10.306294767739526,10.82600890379288,10.623819967064506,1.0495027766456153,0.5,14.932413340364894,8,0.40815109508811886,2.207022111169744,0.0971579857157004,V14.0
14401.70054600826,10.502871777505092,10.841011256640748,10.638822319912373,1.0155476993471375,0.5,14.975850437171097,8,0.3380013561695634,2.208673290998558,0.0938841950763651,V14.0
14525.768288777655,10.663405622178146,10.856306951332067,10.654118014603693,0.9792291123147875,0.5,15.112708323329352,8,0.23053926427153115,2.210310183364637,0.09039882831542846,V14.0
14650.904850104047,10.743138345890795,10.871893919754188,10.669704983025813,0.9408558326734453,0.5,15.112674886551758,8,0.08042642349431084,2.211939086522225,0.08673154758182243,V14.0
14777.11943764356,10.791491447914135,10.887769867253482,10.685580930525107,0.9008962275686014,0.5,15.112643032585481,8,0.20530333173550908,2.213564747244831,0.08292656107703761,V14.0
14904.421338374326,10.84305452292293,10.90393015375979,10.701741217031415,0.8599284522936453,0.5,15.1126126874059,8,0.4426617453056245,2.2152007421886815,0.07903794804033942,V14.0
15032.819919280011,10.898319798241152,10.920371860108068,10.718182923379693,0.8185959328143421,0.5,15.112583780416678,8,0.6382614602531014,2.2168405585177755,0.07512545456083752,V14.0
15162.324628038954,10.957841730423919,10.93709103918923,10.734902102460856,0.7775698243033075,0.5,15.112556244292277,8,0.7977409759862297,2.218488503070729,0.07125101692828835,V14.0
15292.94499371924,11.000833514035019,10.954084010590362,10.751895073861988,0.7374420571070252,0.5,15.112530014827653,8,0.9259152522173437,2.2201481953623023,0.06746893427433888,V14.0
15424.69062748005,11.014888079082166,10.971346758079221,10.769157821350847,0.6987411329636481,0.5,15.11250503079479,8,3.0835379681894004,2.221823183444256,0.06382736032901189,V14.0
15557.571223278757,11.029448722543346,10.98887494676911,10.786686010040736,0.6618685069382042,0.5,15.112481233805788,8,2.8974663029031067,2.2235169405234902,0.06036253687351595,V14.0
15691.596558584126,11.044630942650087,11.0066628314224,10.804473894694025,0.6270784791011526,0.5,15.112458568182232,8,2.7480719294194245,2.225233970814145,0.057097053369046864,V14.0
15826.776495095937,11.060561673441873,11.024706029239523,10.822517092511148,0.5944763541012238,0.5,15.112436980830498,8,2.617822130347591,2.226977051214112,0.054039768149109116,V14.0
15963.120979470526,11.077381140120771,11.043001599602956,10.840812662874582,0.5640335252299747,0.5,15.112416421122774,8,2.471908715076818,2.228752168316257,0.0511872885177523,V14.0
16100.640044052563,11.348856700298972,11.061541578585008,10.859352641856633,0.5356158553975797,0.5,15.112396840783497,8,2.3202807387040885,2.2305611362683653,0.048526673931508,V14.0
16239.343807613443,12.720672590144954,11.080321797017554,10.87813286028918,0.5090212909381773,0.5,14.56060987873937,8,2.161671581611735,2.2324053604560365,0.046038878086173,V14.0
16379.242476095733,14.24001701256732,11.099336456868876,10.897147520140502,0.48401832695795344,0.5,14.336163363430604,8,1.9946734360962068,2.2342909044161416,0.04370230391306133,V14.0
16520.346343364035,15.502807034311111,11.11857706158205,10.916388124853675,0.46038082970025207,0.5,14.33284200501071,8,1.7470995779663987,2.2362183390557266,0.0414959714658963,V14.0
16662.665791962616,15.501465018403717,11.138038174302686,10.935849237574311,0.4379148478601109,0.5,14.32120540554806,8,0.8849883005575112,2.2381909147660917,0.03940190716997721,V14.0
16806.21129387927,15.500119674390625,11.15771319973569,10.955524263007316,0.41647445398295185,0.5,14.307531587524629,8,0.06773670147515709,2.240210522436996,0.037406562105679726,V14.0
16950.993411315743,15.498770990974958,11.177596173841865,10.97540723711349,0.3959672450654521,0.5,16.375473253533414,8,0.6996495825967592,2.2422799489279317,0.035501263059466666,V14.0
17097.022797465124,15.497418956841031,11.197680289857765,10.99549135312939,0.3763504695441456,0.5,18.215006416157173,8,1.4198590773741806,2.244401091814984,0.033681830141973804,V14.0
17244.310197295614,15.496063560653958,11.217958819253605,11.01576988252523,0.3576216019280997,0.5,18.21701592654413,8,2.0998202636642684,2.2465758704758976,0.03194769284356233,V14.0
17392.86644834103,15.494704791059725,11.238425171650064,11.03623623492169,0.3398059682146172,0.5,18.21903043834454,8,2.7385075180415175,2.248806279573989,0.030300754789319914,V14.0
17542.70248149847,15.49334263668483,11.259072700147335,11.056883763418961,0.3229420203974034,0.5,18.221049968420758,8,3.337425010599329,2.2510941877955695,0.028744061534724513,V14.0
17693.829321832498,15.491977086136252,11.279892090708042,11.077703153979668,0.307073756575171,0.5,18.22307453366408,8,3.912909465776128,2.253440945023831,0.027281123083688793,V14.0
17846.25808938628,15.490608128001305,11.300878651222183,11.098689714493808,0.2922371059151483,0.5,18.22510415099495,8,4.469499092793274,2.2558476545232935,0.025914683921541604,V14.0
18000.0,15.48923575084742,11.322018633787039,11.119829697058664,0.2784557948323529,0.5,18.227138837363302,8,5.011296906656307,2.2583088180922246,0.024646396986237593,V14.0
