pair,event,phase,start_cafe,end_cafe,start_azul,end_azul,duration_cafe_ms,duration_azul_ms,cycles_cafe,cycles_azul,resolution_hz_cafe
B_open,0,attack,2.594829931972789,2.669829931972789,6.089433106575964,6.164433106575964,74.98866213151928,74.98866213151928,2.319169131969569,2.315080860249061,2.691650390625
B_open,0,stabilization,2.669829931972789,2.749829931972789,6.164433106575964,6.244433106575964,80.0,80.0,2.4741544292678075,2.469792946767066,2.691650390625
B_open,0,body,2.749829931972789,2.914829931972789,6.244433106575964,6.409433106575964,164.98866213151928,165.01133786848072,5.102592864895852,5.094297980052137,1.3458251953125
B_open,0,sustain,2.914829931972789,3.0848299319727888,6.409433106575964,6.579433106575964,170.0,170.0,5.257578162194091,5.248310011880016,1.3458251953125
B_open,0,decay,3.034829931972789,3.1255963718820863,6.529433106575964,6.649433106575964,90.74829931972789,120.0,2.806566333880319,3.7046894201505993,2.691650390625
B_open,1,attack,3.1375963718820863,3.2125963718820865,6.675736961451247,6.750736961451247,74.98866213151928,74.98866213151928,2.3165586367662643,2.314352659921003,2.691650390625
B_open,1,stabilization,3.2125963718820865,3.292596371882086,6.750736961451247,6.830736961451247,80.0,80.0,2.471369480045776,2.469016082310644,2.691650390625
B_open,1,body,3.292596371882086,3.457596371882086,6.830736961451247,6.9957369614512475,165.01133786848072,165.01133786848072,5.097549803371063,5.092695587010928,1.3458251953125
B_open,1,sustain,3.457596371882086,3.6275963718820865,6.9957369614512475,7.165736961451247,170.0,170.0,5.251660145097274,5.246659174910119,1.3458251953125
B_open,1,decay,3.5775963718820862,3.694485260770975,7.115736961451248,7.235736961451247,116.87074829931973,120.0,3.610385005713132,3.703524123465966,1.3458251953125
B_open,2,attack,3.706485260770975,3.781485260770975,7.273650793650794,7.348650793650794,74.98866213151928,74.98866213151928,2.32120137971206,2.3331349157128223,2.691650390625
B_open,2,stabilization,3.781485260770975,3.8614852607709746,7.348650793650794,7.428650793650794,80.0,80.0,2.4763224879419856,2.489053517579328,2.691650390625
B_open,2,body,3.8614852607709746,4.026485260770975,7.428650793650794,7.593650793650794,164.98866213151928,165.01133786848072,5.107064178646794,5.134025637025161,1.3458251953125
B_open,2,sustain,4.026485260770975,4.196485260770975,7.593650793650794,7.763650793650794,170.0,170.0,5.262185286876719,5.289238724856071,1.3458251953125
B_open,2,decay,4.146485260770975,4.266485260770975,7.713650793650794,7.8336507936507935,120.0,120.0,3.7144837319129786,3.733580276368992,1.3458251953125
B_open,3,attack,4.307301587301588,4.382301587301588,8.489795918367347,8.564795918367347,74.98866213151928,74.98866213151928,2.3168262269289057,2.3115555471756046,2.691650390625
B_open,3,stabilization,4.382301587301588,4.462301587301588,8.564795918367347,8.644795918367347,80.0,80.0,2.471654952707946,2.466032044280476,2.691650390625
B_open,3,body,4.462301587301588,4.627301587301588,8.644795918367347,8.809795918367348,165.01133786848072,165.01133786848072,5.098138631194933,5.086540585665823,1.3458251953125
B_open,3,sustain,4.627301587301588,4.797301587301588,8.809795918367348,8.979795918367348,170.0,170.0,5.252266774504386,5.240318094096011,1.3458251953125
B_open,3,decay,4.747301587301588,4.867301587301588,8.929795918367347,9.049795918367348,120.0,120.0,3.7074824290619195,3.699048066420714,1.3458251953125
B_open,4,attack,4.884897959183673,4.959897959183674,9.073197278911564,9.148197278911564,74.98866213151928,74.98866213151928,2.3175628044589676,2.3134007510334107,2.691650390625
B_open,4,stabilization,4.959897959183674,5.039897959183674,9.148197278911564,9.228197278911564,80.0,80.0,2.4724407541975317,2.4680005593123293,2.691650390625
B_open,4,body,5.039897959183674,5.204897959183674,9.228197278911564,9.393197278911565,165.01133786848072,165.01133786848072,5.099759458133628,5.090600926903577,1.3458251953125
B_open,4,sustain,5.204897959183674,5.374897959183674,9.393197278911565,9.563197278911565,170.0,170.0,5.253936602669755,5.244501188538701,1.3458251953125
B_open,4,decay,5.324897959183674,5.444897959183674,9.513197278911564,9.633197278911565,120.0,120.0,3.708661131296298,3.7020008389684946,1.3458251953125
B_open,5,attack,6.124263038548753,6.199263038548753,9.68562358276644,9.760623582766438,74.98866213151928,75.01133786848072,2.3167958885593007,2.313761588749503,2.691650390625
B_open,5,stabilization,6.199263038548753,6.279263038548753,9.760623582766438,9.840623582766439,80.0,80.0,2.4716225868875754,2.4676393243978976,2.691650390625
B_open,5,body,6.279263038548753,6.444263038548753,9.840623582766439,10.00562358276644,165.01133786848072,165.01133786848072,5.098071872103426,5.0898558286971385,1.3458251953125
B_open,5,sustain,6.444263038548753,6.614263038548753,10.00562358276644,10.17562358276644,170.0,170.0,5.252197997136099,5.243733564345533,1.3458251953125
B_open,5,decay,6.564263038548753,6.684263038548753,10.125623582766439,10.24562358276644,120.0,120.02267573696145,3.7074338803313633,3.702158430849794,1.3458251953125
B_open,6,attack,6.759909297052154,6.834909297052154,10.277732426303855,10.352732426303854,74.98866213151928,74.98866213151928,2.3143820207492656,2.316824149260315,2.691650390625
B_open,6,stabilization,6.834909297052154,6.914909297052154,10.352732426303854,10.432732426303854,80.0,80.0,2.4690474052625975,2.4716527361930423,2.691650390625
B_open,6,body,6.914909297052154,7.079909297052154,10.432732426303854,10.597732426303855,165.01133786848072,165.01133786848072,5.092760195038526,5.098134059318812,1.3458251953125
B_open,6,sustain,7.079909297052154,7.249909297052154,10.597732426303855,10.767732426303855,170.0,170.0,5.246725736183019,5.252262064410215,1.3458251953125
B_open,6,decay,7.199909297052154,7.319909297052154,10.717732426303854,10.837732426303855,120.0,120.0,3.7035711078938958,3.707479104289564,1.3458251953125
B_open,7,attack,7.340408163265306,7.415408163265306,10.864036281179139,10.939036281179138,74.98866213151928,74.98866213151928,2.31891241343082,2.3198456623343673,2.691650390625
B_open,7,stabilization,7.415408163265306,7.4954081632653065,10.939036281179138,11.019036281179138,80.0,80.0,2.4738805547577662,2.4748761707637277,2.691650390625
B_open,7,body,7.4954081632653065,7.6604081632653065,11.019036281179138,11.18403628117914,165.01133786848072,165.01133786848072,5.102729250842478,5.104782849956816,1.3458251953125
B_open,7,sustain,7.6604081632653065,7.830408163265306,11.18403628117914,11.35403628117914,170.0,170.0,5.256996178860253,5.259111862872921,1.3458251953125
B_open,7,decay,7.780408163265307,7.882784580498867,11.304036281179139,11.42403628117914,102.35827664399093,120.0,3.1652768776010647,3.712314256145592,1.3458251953125
B_open,8,attack,7.894784580498866,7.9697845804988665,11.470657596371883,11.545657596371882,74.98866213151928,74.98866213151928,2.317340810491149,2.315579690448454,2.691650390625
B_open,8,stabilization,7.9697845804988665,8.049784580498866,11.545657596371882,11.625657596371882,80.0,80.0,2.472203924829989,2.4703251127614596,2.691650390625
B_open,8,body,8.049784580498866,8.214784580498867,11.625657596371882,11.790657596371883,165.01133786848072,165.01133786848072,5.099270963998817,5.0953956478359235,1.3458251953125
B_open,8,sustain,8.214784580498867,8.384784580498867,11.790657596371883,11.960657596371883,170.0,170.0,5.253433340263727,5.2494408646181006,1.3458251953125
B_open,8,decay,8.334784580498866,8.454784580498867,11.910657596371882,12.030657596371883,120.0,120.0,3.7083058872449834,3.705487669142189,1.3458251953125
B_open,9,attack,8.513015873015872,8.588015873015872,12.051156462585034,12.126156462585033,75.01133786848072,74.98866213151928,2.318229761175077,2.311893295154422,2.691650390625
B_open,9,stabilization,8.588015873015872,8.668015873015872,12.126156462585033,12.206156462585033,80.0,80.0,2.4724046546026814,2.466392363261204,2.691650390625
B_open,9,body,8.668015873015872,8.833015873015873,12.206156462585033,12.371156462585034,165.01133786848072,165.01133786848072,5.099684997603093,5.08728379462919,1.3458251953125
B_open,9,sustain,8.833015873015873,9.003015873015872,12.371156462585034,12.541156462585034,170.0,170.0,5.253859891030698,5.241083771930059,1.3458251953125
B_open,9,decay,8.953015873015872,9.073015873015873,12.491156462585034,12.611156462585035,120.02267573696145,120.0,3.709307776874148,3.699588544891806,1.3458251953125
B_open,10,attack,9.137052154195011,9.21205215419501,12.64326530612245,12.718265306122449,74.98866213151928,74.98866213151928,2.3153455534191636,2.3132002589162446,2.691650390625
B_open,10,stabilization,9.21205215419501,9.29205215419501,12.718265306122449,12.798265306122449,80.0,80.0,2.470075328836652,2.4677866687198398,2.691650390625
B_open,10,body,9.29205215419501,9.457052154195011,12.798265306122449,12.96326530612245,165.01133786848072,165.01133786848072,5.094880433090793,5.090159747243274,1.3458251953125
B_open,10,sustain,9.457052154195011,9.627052154195011,12.96326530612245,13.13326530612245,170.0,170.0,5.2489100737778855,5.244046671029659,1.3458251953125
B_open,10,decay,9.57705215419501,9.697052154195012,13.083265306122449,13.20326530612245,120.02267573696145,120.0,3.7058131279853743,3.7016800030797596,1.3458251953125
B_open,11,attack,9.714648526077097,9.789648526077096,13.255691609977324,13.330691609977324,74.98866213151928,74.98866213151928,2.319352833486987,2.3133266623404345,2.691650390625
B_open,11,stabilization,9.789648526077096,9.869648526077096,13.330691609977324,13.410691609977324,80.0,80.0,2.474350407179344,2.46792151942457,2.691650390625
B_open,11,body,9.869648526077096,10.034648526077097,13.410691609977324,13.575691609977325,165.01133786848072,165.01133786848072,5.103698388051044,5.090437895933276,1.3458251953125
B_open,11,sustain,10.034648526077097,10.204648526077097,13.575691609977325,13.745691609977325,170.0,170.0,5.257994615256105,5.2443332287772115,1.3458251953125
B_open,11,decay,10.154648526077096,10.274648526077097,13.695691609977324,13.815691609977325,120.02267573696145,120.0,3.712226957256311,3.7018822791368553,1.3458251953125
B_open,12,attack,10.318367346938775,10.393367346938774,13.885532879818594,13.960532879818594,74.98866213151928,74.98866213151928,2.3166520256237675,2.3201599451073385,2.691650390625
B_open,12,stabilization,10.393367346938774,10.473367346938774,13.960532879818594,14.040532879818594,80.0,80.0,2.471469109888313,2.4752114564072243,2.691650390625
B_open,12,body,10.473367346938774,10.638367346938775,14.040532879818594,14.205532879818595,165.01133786848072,165.01133786848072,5.097755304041172,5.105474424114334,1.3458251953125
B_open,12,sustain,10.638367346938775,10.808367346938775,14.205532879818595,14.375532879818595,170.0,170.0,5.251871858512666,5.259824344865351,1.3458251953125
B_open,12,decay,10.758367346938774,10.825913832199547,14.325532879818594,14.445532879818595,67.55102040816327,120.0,2.086878253502632,3.7128171846108358,2.691650390625
B_open,13,attack,11.493877551020407,11.568877551020407,14.474739229024943,14.549739229024942,75.01133786848072,74.98866213151928,2.3175897319010685,2.3061620246821235,2.691650390625
B_open,13,stabilization,11.568877551020407,11.648877551020407,14.549739229024942,14.629739229024942,80.0,80.0,2.471722059899326,2.4602780837854645,2.691650390625
B_open,13,body,11.648877551020407,11.813877551020408,14.629739229024942,14.794739229024943,165.01133786848072,165.01133786848072,5.098277049287811,5.07467222667427,1.3458251953125
B_open,13,sustain,11.813877551020408,11.983877551020408,14.794739229024943,14.964739229024943,170.0,170.0,5.252409377286068,5.228090928044113,1.3458251953125
B_open,13,decay,11.933877551020407,12.053668934240362,14.914739229024942,15.034739229024943,119.77324263038548,120.0,3.7005770749399773,3.6904171256781972,1.3458251953125
B_open,14,attack,12.718730158730159,12.793730158730158,15.107482993197278,15.182482993197278,74.98866213151928,74.98866213151928,2.318522142867306,2.311446188898515,2.691650390625
B_open,14,stabilization,12.793730158730158,12.873730158730158,15.182482993197278,15.262482993197278,80.0,80.0,2.4734642032161647,2.4659153778149263,2.691650390625
B_open,14,body,12.873730158730158,13.038730158730159,15.262482993197278,15.427482993197279,165.01133786848072,165.01133786848072,5.101870466781188,5.086299944546264,1.3458251953125
B_open,14,sustain,13.038730158730159,13.208730158730159,15.427482993197279,15.597482993197278,170.0,170.0,5.25611143183435,5.240070177856719,1.3458251953125
B_open,14,decay,13.158730158730158,13.278521541950113,15.547482993197278,15.667482993197279,119.77324263038548,120.0,3.703185351867285,3.6988730667223892,1.3458251953125
B_open,15,attack,13.290521541950113,13.365521541950113,15.714104308390022,15.789104308390021,74.98866213151928,74.98866213151928,2.316220216735784,2.3125300726585123,2.691650390625
B_open,15,stabilization,13.365521541950113,13.445521541950113,15.789104308390021,15.869104308390021,80.0,80.0,2.471008444101556,2.467071695294597,2.691650390625
B_open,15,body,13.445521541950113,13.610521541950114,15.869104308390021,16.03410430839002,165.01133786848072,164.98866213151928,5.096805115568884,5.0879857298649345,1.3458251953125
B_open,15,sustain,13.610521541950114,13.780521541950113,16.03410430839002,16.204104308390022,170.0,170.02267573696145,5.250892943715806,5.243226635861363,1.3458251953125
B_open,15,decay,13.730521541950113,13.850521541950114,16.15410430839002,16.274104308390022,120.0,120.02267573696145,3.7065126661523338,3.7013068263022393,1.3458251953125
B_open,16,attack,13.900045351473922,13.975045351473922,16.303310657596374,16.378310657596373,74.98866213151928,74.98866213151928,2.315742789010152,2.3104070403639256,2.691650390625
B_open,16,stabilization,13.975045351473922,14.055045351473922,16.378310657596373,16.458310657596375,80.0,80.0,2.470499110864172,2.4648067851236557,2.691650390625
B_open,16,body,14.055045351473922,14.220045351473923,16.458310657596375,16.623310657596374,165.01133786848072,165.01133786848072,5.0957545435823635,5.084013315007041,1.3458251953125
B_open,16,sustain,14.220045351473923,14.390045351473923,16.623310657596374,16.793310657596372,170.0,170.0,5.2498106105863656,5.2377144183877675,1.3458251953125
B_open,16,decay,14.340045351473922,14.460045351473923,16.743310657596375,16.857297052154195,120.0,113.96825396825398,3.7057486662962575,3.5113715708706046,1.3458251953125
B_open,17,attack,14.524081632653061,14.59908163265306,16.869297052154195,16.944297052154194,74.98866213151928,74.98866213151928,2.3175822870996523,2.314536050213214,2.691650390625
B_open,17,stabilization,14.59908163265306,14.67908163265306,16.944297052154194,17.024297052154196,80.0,80.0,2.4724615388229734,2.4692117281984336,2.691650390625
B_open,17,body,14.67908163265306,14.844081632653062,17.024297052154196,17.189297052154195,165.01133786848072,165.01133786848072,5.099802329369268,5.093099134382086,1.3458251953125
B_open,17,sustain,14.844081632653062,15.014081632653062,17.189297052154195,17.359297052154194,170.0,169.97732426303855,5.253980769998819,5.2463750324760365,1.3458251953125
B_open,17,decay,14.96408163265306,15.063555555555554,17.309297052154196,17.429297052154194,99.45578231292517,120.0,3.0737574572782207,3.70381759229765,1.3458251953125
B_open,18,attack,15.714104308390022,15.789104308390021,17.4875283446712,17.5625283446712,74.98866213151928,74.98866213151928,2.318832696608822,2.30932849873138,2.691650390625
B_open,18,stabilization,15.789104308390021,15.869104308390021,17.5625283446712,17.642528344671202,80.0,80.0,2.4737955106247123,2.463656166774814,2.691650390625
B_open,18,body,15.869104308390021,16.03410430839002,17.642528344671202,17.8075283446712,164.98866213151928,165.01133786848072,5.101852646061624,5.081640001593061,1.3458251953125
B_open,18,sustain,16.03410430839002,16.204104308390022,17.8075283446712,17.9775283446712,170.02267573696145,169.97732426303855,5.257516649281206,5.234571039156464,1.3458251953125
B_open,18,decay,16.15410430839002,16.274104308390022,17.927528344671202,18.0475283446712,120.02267573696145,119.97732426303854,3.7113944551407605,3.694785934922205,1.3458251953125
B_open,19,attack,16.320725623582767,16.395725623582766,18.08544217687075,18.16044217687075,74.98866213151928,74.98866213151928,2.3177912340458238,2.315252767313814,2.691650390625
B_open,19,stabilization,16.395725623582766,16.47572562358277,18.16044217687075,18.24044217687075,80.0,80.0,2.4726844492632796,2.469976342026954,2.691650390625
B_open,19,body,16.47572562358277,16.640725623582767,18.24044217687075,18.40544217687075,165.01133786848072,165.01133786848072,5.100262113744016,5.0946762587670475,1.3458251953125
B_open,19,sustain,16.640725623582767,16.810725623582766,18.40544217687075,18.575442176870748,170.0,170.0,5.25445445468447,5.248699726807277,1.3458251953125
B_open,19,decay,16.76072562358277,16.880725623582766,18.52544217687075,18.64544217687075,120.0,120.0,3.709026673894919,3.7049645130404314,1.3458251953125
B_open,20,attack,16.93605442176871,17.01105442176871,18.694965986394557,18.769965986394556,74.98866213151928,74.98866213151928,2.31890328717178,2.3120940070199674,2.691650390625
B_open,20,stabilization,17.01105442176871,17.09105442176871,18.769965986394556,18.849965986394558,80.0,80.0,2.4738708186096274,2.466606488287404,2.691650390625
B_open,20,body,17.09105442176871,17.25605442176871,18.849965986394558,19.014965986394557,165.01133786848072,165.01133786848072,5.102709168657103,5.087725457842245,1.3458251953125
B_open,20,sustain,17.25605442176871,17.426054421768708,19.014965986394557,19.184965986394555,170.0,169.97732426303855,5.256975489545459,5.240839636111786,1.3458251953125
B_open,20,decay,17.37605442176871,17.496054421768708,19.13496598639456,19.251854875283446,120.0,116.87074829931973,3.710806227914442,3.6034268255763267,1.3458251953125
B_open,21,attack,17.560090702947846,17.635090702947846,19.263854875283446,19.338854875283445,74.98866213151928,74.98866213151928,2.317338526167162,2.3068563742488783,2.691650390625
B_open,21,stabilization,17.635090702947846,17.715090702947847,19.338854875283445,19.418854875283447,80.0,80.0,2.4722014878493344,2.4610188353039137,2.691650390625
B_open,21,body,17.715090702947847,17.880090702947847,19.418854875283447,19.583854875283446,165.01133786848072,165.01133786848072,5.09926593738084,5.076200131662863,1.3458251953125
B_open,21,sustain,17.880090702947847,18.050090702947845,19.583854875283446,19.753854875283444,170.0,169.97732426303855,5.253428161679835,5.228967457323734,1.3458251953125
B_open,21,decay,18.000090702947848,18.120090702947845,19.703854875283447,19.823854875283445,120.0,119.97732426303854,3.7083022317740015,3.690830685258789,1.3458251953125
B_open,22,attack,18.178321995464852,18.25332199546485,19.861768707482995,19.936768707482994,74.98866213151928,74.98866213151928,2.3171214808212763,2.314108190610688,2.691650390625
B_open,22,stabilization,18.25332199546485,18.333321995464853,19.936768707482994,20.016768707482996,80.0,80.0,2.4719699378099373,2.4687552756197486,2.691650390625
B_open,22,body,18.333321995464853,18.498321995464853,20.016768707482996,20.181768707482995,165.01133786848072,165.01133786848072,5.098788332608536,5.092157636248557,1.3458251953125
B_open,22,sustain,18.498321995464853,18.66832199546485,20.181768707482995,20.351768707482993,169.97732426303855,170.0,5.252235446095037,5.246104960691966,1.3458251953125
B_open,22,decay,18.618321995464854,18.73521088435374,20.301768707482996,20.415755102040816,116.87074829931973,113.96825396825398,3.611262205065878,3.5169966029662287,1.3458251953125
B_open,23,attack,18.74721088435374,18.82221088435374,20.427755102040816,20.502755102040815,74.98866213151928,74.98866213151928,2.3158522176920355,2.313432246466675,2.691650390625
B_open,23,stabilization,18.82221088435374,18.902210884353742,20.502755102040815,20.582755102040817,80.0,80.0,2.4706158524395225,2.468034159520541,2.691650390625
B_open,23,body,18.902210884353742,19.06721088435374,20.582755102040817,20.747755102040816,165.01133786848072,165.01133786848072,5.095995339626532,5.090670232094947,1.3458251953125
B_open,23,sustain,19.06721088435374,19.23721088435374,20.747755102040816,20.917755102040815,169.97732426303855,169.97732426303855,5.249358398493951,5.243873032813485,1.3458251953125
B_open,23,decay,19.187210884353743,19.30721088435374,20.867755102040817,20.987755102040815,119.97732426303854,119.97732426303854,3.7052234907192494,3.7013516831131468,1.3458251953125
B_open,24,attack,19.35092970521542,19.42592970521542,21.02857142857143,21.103571428571428,74.98866213151928,74.98866213151928,2.3123860555802374,2.315392627071885,2.691650390625
B_open,24,stabilization,19.42592970521542,19.505929705215422,21.103571428571428,21.18357142857143,80.0,80.0,2.46691805385155,2.470125548324648,2.691650390625
B_open,24,body,19.505929705215422,19.67092970521542,21.18357142857143,21.34857142857143,165.01133786848072,165.01133786848072,5.088368105974414,5.094984017902059,1.3458251953125
B_open,24,sustain,19.67092970521542,19.84092970521542,21.34857142857143,21.518571428571427,170.0,169.97732426303855,5.242200864434544,5.248316641224932,1.3458251953125
B_open,24,decay,19.790929705215422,19.90781859410431,21.46857142857143,21.588571428571427,116.87074829931973,119.97732426303854,3.6038819868341525,3.704488173522027,1.3458251953125
B_open,25,attack,19.91981859410431,19.99481859410431,21.64390022675737,21.71890022675737,74.98866213151928,74.98866213151928,2.316097264329215,2.314149589064926,2.691650390625
B_open,25,stabilization,19.99481859410431,20.07481859410431,21.71890022675737,21.79890022675737,80.0,80.0,2.470877275038848,2.4687994406474325,2.691650390625
B_open,25,body,20.07481859410431,20.23981859410431,21.79890022675737,21.96390022675737,165.01133786848072,165.01133786848072,5.09653456078733,5.092248732877372,1.3458251953125
B_open,25,sustain,20.23981859410431,20.40981859410431,21.96390022675737,22.13390022675737,170.0,170.0,5.250614209457552,5.246198811375795,1.3458251953125
B_open,25,decay,20.35981859410431,20.47981859410431,22.083900226757372,22.20390022675737,120.0,120.0,3.706315912558272,3.7031991609711485,1.3458251953125
B_open,26,attack,20.497414965986394,20.572414965986393,22.253424036281178,22.328424036281177,74.98866213151928,74.98866213151928,2.3146050686487016,2.3120234710563254,2.691650390625
B_open,26,stabilization,20.572414965986393,20.652414965986395,22.328424036281177,22.40842403628118,80.0,80.0,2.469285358993837,2.466531238550564,2.691650390625
B_open,26,body,20.652414965986395,20.817414965986394,22.40842403628118,22.573424036281178,165.01133786848072,165.01133786848072,5.0932510083328095,5.0875702445953666,1.3458251953125
B_open,26,sustain,20.817414965986394,20.987414965986392,22.573424036281178,22.743424036281176,169.97732426303855,169.97732426303855,5.246531477045863,5.240679751750291,1.3458251953125
B_open,26,decay,20.937414965986395,21.057414965986393,22.69342403628118,22.813424036281177,119.97732426303854,119.97732426303854,3.703228127674714,3.699097727656189,1.3458251953125
B_open,27,attack,21.101133786848074,21.176133786848073,22.857142857142858,22.932142857142857,74.98866213151928,74.98866213151928,2.314639713014073,2.3140667409322493,2.691650390625
B_open,27,stabilization,21.176133786848073,21.256133786848075,22.932142857142857,23.01214285714286,80.0,80.0,2.469322318570804,2.468711055944655,2.691650390625
B_open,27,body,21.256133786848075,21.421133786848074,23.01214285714286,23.177142857142858,165.01133786848072,165.01133786848072,5.09332724269834,5.092066426901717,1.3458251953125
B_open,27,sustain,21.421133786848074,21.591133786848072,23.177142857142858,23.347142857142856,170.0,170.0,5.247309926962958,5.2460109938823924,1.3458251953125
B_open,27,decay,21.541133786848075,21.661133786848072,23.29714285714286,23.408226757369615,120.0,111.06575963718821,3.703983477856206,3.427365859415227,1.3458251953125
B_open,28,attack,21.696145124716555,21.771145124716554,23.420226757369615,23.495226757369615,74.98866213151928,74.98866213151928,2.315586224626241,2.314714802634306,2.691650390625
B_open,28,stabilization,21.771145124716554,21.851145124716556,23.495226757369615,23.575226757369617,80.0,80.0,2.470332083604892,2.4694024262757277,2.691650390625
B_open,28,body,21.851145124716556,22.016145124716555,23.575226757369617,23.740226757369616,165.01133786848072,165.01133786848072,5.095410026188436,5.0934924761928775,1.3458251953125
B_open,28,sustain,22.016145124716555,22.186145124716553,23.740226757369616,23.910226757369614,170.0,170.0,5.249455677660396,5.247480155835921,1.3458251953125
B_open,28,decay,22.136145124716556,22.256145124716554,23.860226757369617,23.980226757369614,120.0,120.0,3.7054981254073383,3.7041036394135918,1.3458251953125
B_open,29,attack,22.32888888888889,22.40388888888889,24.04136054421769,24.116360544217688,74.98866213151928,74.98866213151928,2.316086800088561,2.31073443231077,2.691650390625
B_open,29,stabilization,22.40388888888889,22.48388888888889,24.116360544217688,24.19636054421769,80.0,80.0,2.47086611149454,2.46515605600012,2.691650390625
B_open,29,body,22.48388888888889,22.64888888888889,24.19636054421769,24.36136054421769,165.01133786848072,165.01133786848072,5.096511534395059,5.084733735689589,1.3458251953125
B_open,29,sustain,22.64888888888889,22.81888888888889,24.36136054421769,24.531360544217687,170.0,170.0,5.250590486925898,5.238456619000255,1.3458251953125
B_open,29,decay,22.768888888888892,22.88888888888889,24.48136054421769,24.601360544217687,120.0,120.0,3.70629916724181,3.6977340840001798,1.3458251953125
B_open,30,attack,22.926802721088436,23.001802721088435,24.62766439909297,24.70266439909297,74.98866213151928,74.98866213151928,2.3201003789296712,2.3092642099831306,2.691650390625
B_open,30,stabilization,23.001802721088435,23.081802721088437,24.70266439909297,24.782664399092972,80.0,80.0,2.4751479095445656,2.4635875817419066,2.691650390625
B_open,30,body,23.081802721088437,23.246802721088436,24.782664399092972,24.94766439909297,165.01133786848072,165.01133786848072,5.105343349704026,5.081498535242589,1.3458251953125
B_open,30,sustain,23.246802721088436,23.416802721088434,24.94766439909297,25.11766439909297,169.97732426303855,170.0,5.258987735245483,5.235123611201551,1.3458251953125
B_open,30,decay,23.366802721088437,23.486802721088434,25.067664399092973,25.18766439909297,120.0,120.0,3.7127218643168485,3.69538137261286,1.3458251953125
B_open,31,attack,23.501496598639456,23.576496598639455,25.213968253968254,25.288968253968253,74.98866213151928,74.98866213151928,2.3155062913466264,2.3109318841908846,2.691650390625
B_open,31,stabilization,23.576496598639455,23.656496598639457,25.288968253968253,25.368968253968255,80.0,80.0,2.4702468085488047,2.4653667031827764,2.691650390625
B_open,31,body,23.656496598639457,23.821496598639456,25.368968253968255,25.533968253968254,165.01133786848072,165.01133786848072,5.095234134299788,5.085168225357444,1.3458251953125
B_open,31,sustain,23.821496598639456,23.991496598639454,25.533968253968254,25.703968253968252,170.0,170.0,5.24927446816621,5.2389042442633995,1.3458251953125
B_open,31,decay,23.941496598639457,24.061496598639454,25.653968253968255,25.773968253968253,120.0,120.0,3.705370212823207,3.6980500547741646,1.3458251953125
B_open,32,attack,24.12843537414966,24.20343537414966,25.808979591836735,25.883979591836734,74.98866213151928,74.98866213151928,2.3136970494614593,2.3157845981572525,2.691650390625
B_open,32,stabilization,24.20343537414966,24.28343537414966,25.883979591836734,25.963979591836736,80.0,80.0,2.4683166587541665,2.4705437140304767,2.691650390625
B_open,32,body,24.28343537414966,24.44843537414966,25.963979591836736,26.128979591836735,165.01133786848072,165.01133786848072,5.09125292680104,5.095846543934178,1.3458251953125
B_open,32,sustain,24.44843537414966,24.61843537414966,26.128979591836735,26.298979591836734,170.0,170.0,5.245172899852604,5.249905392314763,1.3458251953125
B_open,32,decay,24.56843537414966,24.68843537414966,26.248979591836736,26.368979591836734,120.0,120.0,3.7024749881312498,3.7058155710457155,1.3458251953125
B_open,33,attack,24.729251700680273,24.804251700680272,26.447528344671202,26.5225283446712,74.98866213151928,74.98866213151928,2.31637268552338,2.3124066620624992,2.691650390625
B_open,33,stabilization,24.804251700680272,24.884251700680274,26.5225283446712,26.602528344671203,80.0,80.0,2.471171102064253,2.466940037422588,2.691650390625
B_open,33,body,24.884251700680274,25.049251700680273,26.602528344671203,26.767528344671202,165.01133786848072,165.01133786848072,5.0971406206693795,5.088413450205263,1.3458251953125
B_open,33,sustain,25.049251700680273,25.21925170068027,26.767528344671202,26.9375283446712,170.0,170.0,5.251238591886539,5.242247579522998,1.3458251953125
B_open,33,decay,25.169251700680274,25.28925170068027,26.887528344671203,27.0075283446712,120.0,120.0,3.7067566530963805,3.7004100561338813,1.3458251953125
B_open,34,attack,25.335873015873016,25.410873015873015,27.062857142857144,27.137857142857143,74.98866213151928,74.98866213151928,2.314278138277902,2.315296734183894,2.691650390625
B_open,34,stabilization,25.410873015873015,25.490873015873017,27.137857142857143,27.217857142857145,80.0,80.0,2.4689365805395944,2.470023247112422,2.691650390625
B_open,34,body,25.490873015873017,25.655873015873016,27.217857142857145,27.382857142857144,165.01133786848072,165.01133786848072,5.0925316033408805,5.094773007153371,1.3458251953125
B_open,34,sustain,25.655873015873016,25.825873015873015,27.382857142857144,27.552857142857142,170.0,170.0,5.246490233646638,5.248799400113896,1.3458251953125
B_open,34,decay,25.775873015873017,25.895873015873015,27.502857142857145,27.622857142857143,120.0,120.0,3.703404870809391,3.7050348706686327,1.3458251953125
B_open,35,attack,25.93378684807256,26.00878684807256,27.683990929705214,27.758990929705213,74.98866213151928,74.98866213151928,2.3150111543130105,2.3132431476467197,2.691650390625
B_open,35,stabilization,26.00878684807256,26.088786848072562,27.758990929705213,27.838990929705215,80.0,80.0,2.469718582526852,2.467832423615853,2.691650390625
B_open,35,body,26.088786848072562,26.25378684807256,27.838990929705215,28.003990929705214,165.01133786848072,165.01133786848072,5.094144593267546,5.0902541232008405,1.3458251953125
B_open,35,sustain,26.25378684807256,26.42378684807256,28.003990929705214,28.173990929705212,169.97732426303855,169.97732426303855,5.247451954257734,5.243444401197403,1.3458251953125
B_open,35,decay,26.373786848072562,26.49378684807256,28.123990929705215,28.243990929705213,120.0,119.97732426303854,3.7045778737902784,3.701049136437494,1.3458251953125
B_open,36,attack,26.528798185941042,26.60379818594104,28.279002267573695,28.354002267573694,74.98866213151928,74.98866213151928,2.3143699598815854,2.314940836536539,2.691650390625
B_open,36,stabilization,26.60379818594104,26.683798185941043,28.354002267573694,28.434002267573696,80.0,80.0,2.4690345383919667,2.4696435655581825,2.691650390625
B_open,36,body,26.683798185941043,26.848798185941043,28.434002267573696,28.599002267573695,165.01133786848072,165.01133786848072,5.092733655294314,5.0939898601380085,1.3458251953125
B_open,36,sustain,26.848798185941043,27.01879818594104,28.599002267573695,28.769002267573693,170.0,169.97732426303855,5.246698394082928,5.247292564462624,1.3458251953125
B_open,36,decay,26.968798185941043,27.08879818594104,28.719002267573696,28.839002267573694,120.0,120.0,3.70355180758795,3.7044653483372736,1.3458251953125
B_open,37,attack,27.11219954648526,27.18719954648526,28.862403628117914,28.937403628117913,74.98866213151928,74.98866213151928,2.3164760489739322,2.3152312034006095,2.691650390625
B_open,37,stabilization,27.18719954648526,27.267199546485262,28.937403628117913,29.017403628117915,80.0,80.0,2.4712813730813528,2.4699533370418356,2.691650390625
B_open,37,body,27.267199546485262,27.43219954648526,29.017403628117915,29.182403628117914,165.01133786848072,165.01133786848072,5.097368070270125,5.094628807724897,1.3458251953125
B_open,37,sustain,27.43219954648526,27.60219954648526,29.182403628117914,29.352403628117912,170.0,170.0,5.251472917797874,5.248650841213901,1.3458251953125
B_open,37,decay,27.552199546485262,27.67219954648526,29.302403628117915,29.422403628117912,120.0,120.0,3.706922059622029,3.704930005562754,1.3458251953125
B_open,38,attack,27.733333333333334,27.808333333333334,29.483537414965987,29.558537414965986,74.98866213151928,74.98866213151928,2.316277655419681,2.3041171540519176,2.691650390625
B_open,38,stabilization,27.808333333333334,27.888333333333335,29.558537414965986,29.638537414965988,80.0,80.0,2.471069721294416,2.458096558661979,2.691650390625
B_open,38,body,27.888333333333335,28.053333333333335,29.638537414965988,29.803537414965987,165.01133786848072,165.01133786848072,5.096931508463568,5.07017252193402,1.3458251953125
B_open,38,sustain,28.053333333333335,28.223333333333333,29.803537414965987,29.973537414965985,170.0,170.0,5.251023157750635,5.223455187156706,1.3458251953125
B_open,38,decay,28.173333333333336,28.293333333333333,29.92353741496599,30.043537414965986,120.0,120.0,3.7066045819416247,3.6871448379929688,1.3458251953125
B_open,39,attack,28.33124716553288,28.40624716553288,30.0756462585034,30.1506462585034,74.98866213151928,74.98866213151928,2.313914329550282,2.316809380577222,2.691650390625
B_open,39,stabilization,28.40624716553288,28.48624716553288,30.1506462585034,30.230646258503402,80.0,80.0,2.4685484592238875,2.471636980549271,2.691650390625
B_open,39,body,28.48624716553288,28.65124716553288,30.230646258503402,30.3956462585034,165.01133786848072,165.01133786848072,5.091731048121381,5.098101561070591,1.3458251953125
B_open,39,sustain,28.65124716553288,28.821247165532878,30.3956462585034,30.5656462585034,170.0,170.0,5.245665475850761,5.2522285836672005,1.3458251953125
B_open,39,decay,28.77124716553288,28.891247165532878,30.515646258503402,30.6356462585034,120.0,120.0,3.7028226888358318,3.7074554708239065,1.3458251953125
B_open,40,attack,28.943673469387754,29.018673469387753,30.690975056689343,30.765975056689342,74.98866213151928,74.98866213151928,2.316915752838175,2.3157072681708954,2.691650390625
B_open,40,stabilization,29.018673469387753,29.098673469387755,30.765975056689342,30.845975056689344,80.0,80.0,2.4717504614493744,2.4704612162403747,2.691650390625
B_open,40,body,29.098673469387755,29.263673469387754,30.845975056689344,31.010975056689343,165.01133786848072,165.01133786848072,5.098335631509949,5.095676380550229,1.3458251953125
B_open,40,sustain,29.263673469387754,29.433673469387752,31.010975056689343,31.18097505668934,169.97732426303855,170.0,5.251769121038694,5.249730084510797,1.3458251953125
B_open,40,decay,29.383673469387755,29.503673469387753,31.130975056689344,31.25097505668934,120.0,120.0,3.707625692174062,3.7056918243605623,1.3458251953125
B_open,41,attack,29.564807256235827,29.639807256235827,31.280181405895693,31.355181405895692,74.98866213151928,74.98866213151928,2.315801753914338,2.310202675687793,2.691650390625
B_open,41,stabilization,29.639807256235827,29.71980725623583,31.355181405895692,31.435181405895694,80.0,80.0,2.4705620162714803,2.464588763177059,2.691650390625
B_open,41,body,29.71980725623583,29.884807256235828,31.435181405895694,31.600181405895693,165.01133786848072,165.01133786848072,5.095884294900102,5.083563613843384,1.3458251953125
B_open,41,sustain,29.884807256235828,30.054807256235826,31.600181405895693,31.77018140589569,170.0,170.0,5.2499442845768955,5.2372511217512505,1.3458251953125
B_open,41,decay,30.00480725623583,30.124807256235826,31.720181405895694,31.84018140589569,120.0,120.0,3.7058430244072205,3.6968831447655885,1.3458251953125
B_open,42,attack,30.154013605442177,30.229013605442177,31.91002267573696,31.98502267573696,74.98866213151928,74.98866213151928,2.3168744724194945,2.3097703272224175,2.691650390625
B_open,42,stabilization,30.229013605442177,30.30901360544218,31.98502267573696,32.06502267573696,80.0,80.0,2.471706422345321,2.464127521754064,2.691650390625
B_open,42,body,30.30901360544218,30.474013605442178,32.06502267573696,32.23002267573696,165.01133786848072,165.01133786848072,5.098244794616469,5.082612238039775,1.3458251953125
B_open,42,sustain,30.474013605442178,30.644013605442176,32.23002267573696,32.40002267573696,170.0,170.0,5.252376147483807,5.236270983727386,1.3458251953125
B_open,42,decay,30.59401360544218,30.714013605442176,32.35002267573696,32.47002267573696,120.0,120.0,3.707559633517982,3.696191282631096,1.3458251953125
B_open,43,attack,30.74031746031746,30.81531746031746,32.507936507936506,32.58293650793651,74.98866213151928,74.98866213151928,2.315069185647567,2.3115473544670473,2.691650390625
B_open,43,stabilization,30.81531746031746,30.89531746031746,32.58293650793651,32.66293650793651,80.0,80.0,2.469780491975995,2.466023304070076,2.691650390625
B_open,43,body,30.89531746031746,31.06031746031746,32.66293650793651,32.827936507936506,165.01133786848072,165.01133786848072,5.0942722902804185,5.086522557743182,1.3458251953125
B_open,43,sustain,31.06031746031746,31.23031746031746,32.827936507936506,32.99793650793651,170.0,170.0,5.24828354544899,5.240299521148913,1.3458251953125
B_open,43,decay,31.18031746031746,31.30031746031746,32.947936507936504,33.053215419501136,120.0,105.28344671201815,3.7046707379639927,3.24539291405821,1.3458251953125
B_open,44,attack,31.332426303854874,31.407426303854873,33.065215419501136,33.14021541950114,74.98866213151928,74.98866213151928,2.3162498311709516,2.310469439429518,2.691650390625
B_open,44,stabilization,31.407426303854873,31.487426303854875,33.14021541950114,33.22021541950114,80.0,80.0,2.4710400376084416,2.464873354190305,2.691650390625
B_open,44,body,31.487426303854875,31.652426303854874,33.22021541950114,33.38521541950114,165.01133786848072,165.01133786848072,5.096870281654374,5.084150623141397,1.3458251953125
B_open,44,sustain,31.652426303854874,31.822426303854872,33.38521541950114,33.55521541950114,169.97732426303855,170.0,5.250259671744013,5.237855877654399,1.3458251953125
B_open,44,decay,31.772426303854875,31.892426303854872,33.505215419501134,33.62521541950114,119.97732426303854,120.0,3.705859648238737,3.697310031285457,1.3458251953125
B_open,45,attack,31.947755102040816,32.02275510204082,33.63990929705216,33.71490929705216,74.98866213151928,74.98866213151928,2.315753851052996,2.3160559235572484,2.691650390625
B_open,45,stabilization,32.02275510204082,32.10275510204082,33.71490929705216,33.79490929705216,80.0,80.0,2.4705109121605595,2.4708331715482226,2.691650390625
B_open,45,body,32.10275510204082,32.267755102040816,33.79490929705216,33.95990929705216,165.01133786848072,165.01133786848072,5.0957788854286825,5.09644359108742,1.3458251953125
B_open,45,sustain,32.267755102040816,32.43775510204082,33.95990929705216,34.12990929705216,170.0,170.0,5.249835688341189,5.250520489539973,1.3458251953125
B_open,45,decay,32.38775510204081,32.50775510204082,34.079909297052154,34.19990929705216,120.02267573696145,120.0,3.7064666264358967,3.706249757322334,1.3458251953125
B_open,46,attack,32.5427664399093,32.6177664399093,34.26684807256236,34.341848072562364,74.98866213151928,74.98866213151928,2.3183422946782475,2.3125313319710172,2.691650390625
B_open,46,stabilization,32.6177664399093,32.6977664399093,34.341848072562364,34.42184807256236,80.0,80.0,2.473272336142987,2.467073038764363,2.691650390625
B_open,46,body,32.6977664399093,32.8627664399093,34.42184807256236,34.58684807256236,165.01133786848072,165.01133786848072,5.101474713750712,5.0886877843220715,1.3458251953125
B_open,46,sustain,32.8627664399093,33.0327664399093,34.58684807256236,34.75684807256236,170.0,170.0,5.255703714303848,5.242530207374272,1.3458251953125
B_open,46,decay,32.9827664399093,33.1027664399093,34.70684807256236,34.82684807256236,120.0,120.0,3.70990850421448,3.7006095581465446,1.3458251953125
B_open,47,attack,33.12907029478458,33.204070294784586,34.88507936507936,34.960079365079366,74.98866213151928,74.98866213151928,2.3154231223197503,2.3132103237242934,2.691650390625
B_open,47,stabilization,33.204070294784586,33.284070294784584,34.960079365079366,35.040079365079364,80.0,80.0,2.47015808150713,2.4677974061382844,2.691650390625
B_open,47,body,33.284070294784584,33.44907029478458,35.040079365079364,35.205079365079364,165.01133786848072,165.01133786848072,5.095051122201641,5.09018189469056,1.3458251953125
B_open,47,sustain,33.44907029478458,33.619070294784585,35.205079365079364,35.375079365079365,170.0,170.0,5.249085923202652,5.244069488043855,1.3458251953125
B_open,47,decay,33.56907029478458,33.689070294784585,35.32507936507936,35.445079365079366,120.0,120.02267573696145,3.705237122260695,3.702395598268123,1.3458251953125
B_open,48,attack,33.72117913832199,33.796179138321996,35.471383219954646,35.54638321995465,74.98866213151928,74.98866213151928,2.316623569050684,2.3135166042109985,2.691650390625
B_open,48,stabilization,33.796179138321996,33.876179138321994,35.54638321995465,35.62638321995465,80.0,80.0,2.47143875162105,2.4681241547192023,2.691650390625
B_open,48,body,33.876179138321994,34.04117913832199,35.62638321995465,35.791383219954646,165.01133786848072,165.01133786848072,5.097692685812467,5.0908558599466085,1.3458251953125
B_open,48,sustain,34.04117913832199,34.211179138321995,35.791383219954646,35.96138321995465,170.0,170.0,5.251807347194731,5.244763828778305,1.3458251953125
B_open,48,decay,34.16117913832199,34.281179138321995,35.911383219954644,36.03138321995465,120.02267573696145,120.02267573696145,3.707858648619676,3.7028858137553113,1.3458251953125
B_open,49,attack,34.336507936507935,34.41150793650794,36.075102040816326,36.15010204081633,74.98866213151928,74.98866213151928,2.3167686285519635,2.3101078166996682,2.691650390625
B_open,49,stabilization,34.41150793650794,34.49150793650794,36.15010204081633,36.23010204081633,80.0,80.0,2.4715935051500844,2.4644875649580977,2.691650390625
B_open,49,body,34.49150793650794,34.656507936507936,36.23010204081633,36.395102040816326,165.01133786848072,165.01133786848072,5.098011886898289,5.083354878174625,1.3458251953125
B_open,49,sustain,34.656507936507936,34.82650793650794,36.395102040816326,36.56510204081633,170.0,170.0,5.252136198443928,5.237036075535958,1.3458251953125
B_open,49,decay,34.77650793650793,34.89650793650794,36.51510204081632,36.63510204081633,120.02267573696145,120.02267573696145,3.7080908227776064,3.697429898334244,1.3458251953125
B_open,50,attack,34.93151927437642,35.00651927437642,36.67591836734694,36.75091836734694,74.98866213151928,74.98866213151928,2.320894234369318,2.312792543149643,2.691650390625
B_open,50,stabilization,35.00651927437642,35.08651927437642,36.75091836734694,36.83091836734694,80.0,80.0,2.475994816708483,2.4673517061481522,2.691650390625
B_open,50,body,35.08651927437642,35.25151927437642,36.83091836734694,36.99591836734694,165.01133786848072,165.01133786848072,5.1070902157561315,5.089262575294814,1.3458251953125
B_open,50,sustain,35.25151927437642,35.42151927437642,36.99591836734694,37.16591836734694,170.0,170.0,5.261488985505527,5.243122375564824,1.3458251953125
B_open,50,decay,35.37151927437642,35.49151927437642,37.115918367346936,37.23591836734694,120.0,120.02267573696145,3.713992225062725,3.701726921950729,1.3458251953125
B_open,51,attack,35.53523809523809,35.610238095238095,37.27383219954648,37.348832199546486,74.98866213151928,74.98866213151928,2.316908176701784,2.309012821723481,2.691650390625
B_open,51,stabilization,35.610238095238095,35.690238095238094,37.348832199546486,37.428832199546484,80.0,80.0,2.47174237901539,2.4633193937225406,2.691650390625
B_open,51,body,35.690238095238094,35.85523809523809,37.428832199546484,37.59383219954648,165.01133786848072,165.01133786848072,5.098318960344385,5.080945359444139,1.3458251953125
B_open,51,sustain,35.85523809523809,36.025238095238095,37.59383219954648,37.763832199546485,170.0,170.0,5.252452555407704,5.234553711660398,1.3458251953125
B_open,51,decay,35.97523809523809,36.095238095238095,37.71383219954648,37.833832199546485,120.02267573696145,120.02267573696145,3.7083141757733724,3.6956773103666114,1.3458251953125
B_open,52,attack,36.1534693877551,36.228469387755105,38.434829931972786,38.50982993197279,74.98866213151928,75.01133786848072,2.3165443245609825,2.3119862336302295,2.691650390625
B_open,52,stabilization,36.228469387755105,36.3084693877551,38.50982993197279,38.58982993197279,80.0,80.0,2.4713542113852873,2.465745898502857,2.691650390625
B_open,52,body,36.3084693877551,36.4734693877551,38.58982993197279,38.754829931972786,165.01133786848072,164.98866213151928,5.09751830959488,5.085251461878341,1.3458251953125
B_open,52,sustain,36.4734693877551,36.643469387755104,38.754829931972786,38.92482993197279,170.0,170.02267573696145,5.251627699193736,5.240408941886174,1.3458251953125
B_open,52,decay,36.5934693877551,36.695845804988664,38.87482993197278,38.99482993197279,102.35827664399093,120.02267573696145,3.1620444756783415,3.6993177553218883,1.3458251953125
B_open,53,attack,36.707845804988665,36.78284580498867,39.04725623582767,39.12225623582767,74.98866213151928,74.98866213151928,2.3153870283212394,2.312459834421075,2.691650390625
B_open,53,stabilization,36.78284580498867,36.862845804988666,39.12225623582767,39.20225623582767,80.0,80.0,2.470119575421026,2.466996763180391,2.691650390625
B_open,53,body,36.862845804988666,37.027845804988665,39.20225623582767,39.36725623582767,165.01133786848072,165.01133786848072,5.094971697941839,5.088530455120098,1.3458251953125
B_open,53,sustain,37.027845804988665,37.19784580498867,39.36725623582767,39.53725623582767,170.0,170.0,5.24900409776968,5.2423681217583304,1.3458251953125
B_open,53,decay,37.14784580498866,37.26784580498867,39.487256235827665,39.60725623582767,120.0,120.0,3.705179363131539,3.7004951447705863,1.3458251953125
B_open,54,attack,37.31736961451247,37.392369614512475,39.65387755102041,39.72887755102041,74.98866213151928,74.98866213151928,2.3162366731470176,2.314029466162688,2.691650390625
B_open,54,stabilization,37.392369614512475,37.47236961451247,39.72887755102041,39.80887755102041,80.0,80.0,2.471026000260864,2.468671290179003,2.691650390625
B_open,54,body,37.47236961451247,37.63736961451247,39.80887755102041,39.97387755102041,165.01133786848072,165.01133786848072,5.096841327635575,5.091984404374322,1.3458251953125
B_open,54,sustain,37.63736961451247,37.807369614512474,39.97387755102041,40.14387755102041,170.0,170.0,5.250930250554336,5.245926491630382,1.3458251953125
B_open,54,decay,37.75736961451247,37.877369614512475,40.093877551020405,40.21387755102041,120.0,120.02267573696145,3.7065390003912957,3.7037066720287597,1.3458251953125
B_open,55,attack,37.90947845804989,37.98447845804989,40.260498866213155,40.33549886621316,74.98866213151928,74.98866213151928,2.3167631744556583,2.326103340183573,2.691650390625
B_open,55,stabilization,37.98447845804989,38.06447845804989,40.33549886621316,40.415498866213156,80.0,80.0,2.4715876865677537,2.481552036337359,2.691650390625
B_open,55,body,38.06447845804989,38.22947845804989,40.415498866213156,40.580498866213155,165.01133786848072,165.01133786848072,5.097999885247604,5.118552768828504,1.3458251953125
B_open,55,sustain,38.22947845804989,38.39947845804989,40.580498866213155,40.75049886621316,170.0,170.0,5.252123833956477,5.273298077216888,1.3458251953125
B_open,55,decay,38.34947845804989,38.46947845804989,40.70049886621315,40.82049886621316,120.0,120.0,3.707381529851631,3.7223280545060384,1.3458251953125
B_open,56,attack,38.492879818594105,38.56787981859411,40.87582766439909,40.95082766439909,74.98866213151928,75.01133786848072,2.3160753840262576,2.311644064532434,2.691650390625
B_open,56,stabilization,38.56787981859411,38.647879818594106,40.95082766439909,41.03082766439909,80.0,80.0,2.4708539325203014,2.4653809732981946,2.691650390625
B_open,56,body,38.647879818594106,38.812879818594105,41.03082766439909,41.19582766439909,165.01133786848072,164.98866213151928,5.096486413534647,5.084498855362149,1.3458251953125
B_open,56,sustain,38.812879818594105,38.98287981859411,41.19582766439909,41.36582766439909,170.0,170.02267573696145,5.250564606605641,5.239633372389417,1.3458251953125
B_open,56,decay,38.9328798185941,39.05287981859411,41.31582766439909,41.43582766439909,120.0,120.02267573696145,3.706280898780452,3.698770264078045,1.3458251953125
B_open,57,attack,39.11981859410431,39.19481859410431,41.47954648526077,41.55454648526077,74.98866213151928,74.98866213151928,2.315372147908382,2.310721434185718,2.691650390625
B_open,57,stabilization,39.19481859410431,39.27481859410431,41.55454648526077,41.63454648526077,80.0,80.0,2.47010370058082,2.4651421892371372,2.691650390625
B_open,57,body,39.27481859410431,39.43981859410431,41.63454648526077,41.79954648526077,165.01133786848072,165.01133786848072,5.0949389538340775,5.084705133525694,1.3458251953125
B_open,57,sustain,39.43981859410431,39.60981859410431,41.79954648526077,41.96954648526077,170.0,170.0,5.248970363734243,5.238427152128916,1.3458251953125
B_open,57,decay,39.55981859410431,39.67981859410431,41.91954648526077,42.03954648526077,120.0,120.02267573696145,3.7051555508712304,3.6984120203039024,1.3458251953125
B_open,58,attack,39.75256235827664,39.827562358276644,42.06585034013605,42.140850340136055,74.98866213151928,74.98866213151928,2.315822803723823,2.309809429406408,2.691650390625
B_open,58,stabilization,39.827562358276644,39.90756235827664,42.140850340136055,42.22085034013605,80.0,80.0,2.4705844727963853,2.4641692370564883,2.691650390625
B_open,58,body,39.90756235827664,40.07256235827664,42.22085034013605,42.38585034013605,165.01133786848072,165.01133786848072,5.095930614665334,5.082698281763058,1.3458251953125
B_open,58,sustain,40.07256235827664,40.24256235827664,42.38585034013605,42.555850340136054,170.0,170.0,5.24999200469232,5.2363596287450385,1.3458251953125
B_open,58,decay,40.19256235827664,40.312562358276644,42.50585034013605,42.625850340136054,120.02267573696145,120.02267573696145,3.7065769882401556,3.696952316252833,1.3458251953125
B_open,59,attack,40.335963718820864,40.41096371882087,42.66956916099773,42.744569160997735,74.98866213151928,74.98866213151928,2.316756023397417,2.3090560803563887,2.691650390625
B_open,59,stabilization,40.41096371882087,40.490963718820865,42.744569160997735,42.82456916099773,80.0,80.0,2.471580057619017,2.463365543240804,2.691650390625
B_open,59,body,40.490963718820865,40.655963718820864,42.82456916099773,42.98956916099773,165.01133786848072,165.01133786848072,5.0979841494596325,5.081040549366024,1.3458251953125
B_open,59,sustain,40.655963718820864,40.825963718820866,42.98956916099773,43.159569160997734,170.0,170.0,5.252107622440411,5.2346517793867084,1.3458251953125
B_open,59,decay,40.77596371882086,40.895963718820866,43.10956916099773,43.229569160997734,120.0,120.02267573696145,3.7073700864285253,3.695746547724936,1.3458251953125
B_open,60,attack,41.53469387755102,41.609693877551024,43.26748299319728,43.34248299319728,74.98866213151928,74.98866213151928,2.3181025561773962,2.313656208416958,2.691650390625
B_open,60,stabilization,41.609693877551024,41.68969387755102,43.34248299319728,43.42248299319728,80.0,80.0,2.4730165764118097,2.468273088386764,2.691650390625
B_open,60,body,41.68969387755102,41.85469387755102,43.42248299319728,43.58748299319728,165.01133786848072,165.01133786848072,5.100947173058032,5.0911630567433335,1.3458251953125
B_open,60,sustain,41.85469387755102,42.02469387755102,43.58748299319728,43.75748299319728,170.0,170.0,5.2551602248750955,5.245080312821873,1.3458251953125
B_open,60,decay,41.97469387755102,42.074167800453516,43.707482993197274,43.82748299319728,99.45578231292517,120.02267573696145,3.0744474784983553,3.7031092564714116,1.3458251953125
B_open,61,attack,42.73922902494331,42.814229024943316,43.88281179138322,43.95781179138322,74.98866213151928,74.98866213151928,2.317635682953113,2.313841789493579,2.691650390625
B_open,61,stabilization,42.814229024943316,42.894229024943314,43.95781179138322,44.03781179138322,80.0,80.0,2.4725185030113646,2.4684710714645743,2.691650390625
B_open,61,body,42.894229024943314,43.05922902494331,44.03781179138322,44.20281179138322,165.01133786848072,165.01133786848072,5.09991982608098,5.091571424900144,1.3458251953125
B_open,61,sustain,43.05922902494331,43.229229024943315,44.20281179138322,44.37281179138322,170.0,170.0,5.254101818899149,5.24550102686222,1.3458251953125
B_open,61,decay,43.17922902494331,43.299229024943315,44.32281179138322,44.44281179138322,120.0,120.02267573696145,3.708777754517047,3.7034062872057802,1.3458251953125
B_open,62,attack,43.33133786848072,43.406337868480726,45.07283446712018,45.147834467120184,74.98866213151928,74.98866213151928,2.3146375912993493,2.311267258133404,2.691650390625
B_open,62,stabilization,43.406337868480726,43.486337868480724,45.147834467120184,45.22783446712018,80.0,80.0,2.469320055066255,2.465724489475249,2.691650390625
B_open,62,body,43.486337868480724,43.651337868480724,45.22783446712018,45.39283446712018,165.01133786848072,165.01133786848072,5.093322573899415,5.085906210292344,1.3458251953125
B_open,62,sustain,43.651337868480724,43.821337868480725,45.39283446712018,45.56283446712018,170.0,170.0,5.247305117015791,5.239664540134904,1.3458251953125
B_open,62,decay,43.77133786848072,43.891337868480726,45.51283446712018,45.63283446712018,120.02267573696145,120.0,3.704680003249911,3.6985867342128733,1.3458251953125
B_open,63,attack,43.946666666666665,44.02166666666667,45.65043083900227,45.72543083900227,74.98866213151928,74.98866213151928,2.314722350219432,2.3097020869311042,2.691650390625
B_open,63,stabilization,44.02166666666667,44.10166666666667,45.72543083900227,45.80543083900227,80.0,80.0,2.469410478250425,2.464054721104607,2.691650390625
B_open,63,body,44.10166666666667,44.266666666666666,45.80543083900227,45.97043083900227,165.01133786848072,165.01133786848072,5.093509084531843,5.0824620763827175,1.3458251953125
B_open,63,sustain,44.266666666666666,44.43666666666667,45.97043083900227,46.14043083900227,170.0,170.0,5.247497266282153,5.23611628234729,1.3458251953125
B_open,63,decay,44.38666666666666,44.48614058956916,46.090430839002266,46.21043083900227,99.47845804988661,120.0,3.070664333357317,3.6960820816569107,1.3458251953125
B_open,64,attack,44.49814058956916,44.573140589569164,46.259954648526076,46.33495464852608,74.98866213151928,74.98866213151928,2.3160663075395878,2.3138113328473007,2.691650390625
B_open,64,stabilization,44.573140589569164,44.65314058956916,46.33495464852608,46.41495464852608,80.0,80.0,2.4708442494707183,2.4684385794633434,2.691650390625
B_open,64,body,44.65314058956916,44.81814058956916,46.41495464852608,46.579954648526076,165.01133786848072,165.01133786848072,5.096466440872566,5.09150440554273,1.3458251953125
B_open,64,sustain,44.81814058956916,44.98814058956916,46.579954648526076,46.74995464852608,170.0,170.0,5.250544030125276,5.245431981359605,1.3458251953125
B_open,64,decay,44.93814058956916,45.05814058956916,46.699954648526074,46.81995464852608,120.0,120.02267573696145,3.7062663742060775,3.703357539994183,1.3458251953125
B_open,65,attack,45.12798185941043,45.202981859410436,46.834648526077096,46.9096485260771,74.98866213151928,74.98866213151928,2.3207128410905793,2.314184669345972,2.691650390625
B_open,65,stabilization,45.202981859410436,45.282981859410434,46.9096485260771,46.9896485260771,80.0,80.0,2.4758013012904634,2.4688368652714208,2.691650390625
B_open,65,body,45.282981859410434,45.44798185941043,46.9896485260771,47.1546485260771,165.01133786848072,165.01133786848072,5.106691062780811,5.09232592646829,1.3458251953125
B_open,65,sustain,45.44798185941043,45.617981859410435,47.1546485260771,47.3246485260771,170.0,170.0,5.261077765242235,5.246278338701769,1.3458251953125
B_open,65,decay,45.56798185941043,45.687981859410435,47.274648526077094,47.3946485260771,120.0,120.02267573696145,3.7137019519356955,3.703955081599102,1.3458251953125
B_open,66,attack,45.71138321995465,45.78638321995465,47.470294784580496,47.5452947845805,74.98866213151928,75.01133786848072,2.310756323341342,2.310543542521925,2.691650390625
B_open,66,stabilization,45.78638321995465,45.86638321995465,47.5452947845805,47.6252947845805,80.0,80.0,2.4651794099631856,2.464207260585657,2.691650390625
B_open,66,body,45.86638321995465,46.03138321995465,47.6252947845805,47.790294784580496,165.01133786848072,165.01133786848072,5.084781906548215,5.08277671068079,1.3458251953125
B_open,66,sustain,46.03138321995465,46.20138321995465,47.790294784580496,47.9602947845805,170.0,170.0,5.238506246171769,5.236440428744521,1.3458251953125
B_open,66,decay,46.151383219954646,46.27138321995465,47.91029478458049,48.0302947845805,120.02267573696145,120.02267573696145,3.698467861943067,3.6970093623242297,1.3458251953125
B_open,67,attack,46.29478458049886,46.369784580498866,48.074013605442175,48.14901360544218,75.01133786848072,74.98866213151928,2.3160170804401314,2.3060618403732613,2.691650390625
B_open,67,stabilization,46.369784580498866,46.449784580498864,48.14901360544218,48.22901360544218,80.0,80.0,2.4700448185588826,2.4601712043655475,2.691650390625
B_open,67,body,46.449784580498864,46.61478458049886,48.22901360544218,48.394013605442176,164.98866213151928,165.01133786848072,5.094117375236516,5.074451772723381,1.3458251953125
B_open,67,sustain,46.61478458049886,46.784784580498865,48.394013605442176,48.56401360544218,170.02267573696145,170.0,5.2495453655199835,5.227863809276789,1.3458251953125
B_open,67,decay,46.73478458049886,46.854784580498865,48.51401360544217,48.63401360544218,120.02267573696145,120.0,3.705767353920682,3.6902568065483217,1.3458251953125
B_open,68,attack,46.93043083900227,47.00543083900227,48.663219954648525,48.73821995464853,74.98866213151928,74.98866213151928,2.312729421514481,2.3093399143496782,2.691650390625
B_open,68,stabilization,47.00543083900227,47.08543083900227,48.73821995464853,48.81821995464853,80.0,80.0,2.467284366224097,2.4636683452753747,2.691650390625
B_open,68,body,47.08543083900227,47.25043083900227,48.81821995464853,48.983219954648526,165.01133786848072,165.01133786848072,5.0891236771578106,5.081665121476446,1.3458251953125
B_open,68,sustain,47.25043083900227,47.42043083900227,48.983219954648526,49.15321995464853,170.0,170.0,5.242979278226206,5.235295233710171,1.3458251953125
B_open,68,decay,47.37043083900227,47.49043083900227,49.10321995464852,49.22321995464853,120.0,120.0,3.700926549336146,3.695502517913062,1.3458251953125
B_open,69,attack,47.56897959183674,47.64397959183674,49.281451247165535,49.35645124716554,74.98866213151928,74.98866213151928,2.3149639298188323,2.31039451915256,2.691650390625
B_open,69,stabilization,47.64397959183674,47.72397959183674,49.35645124716554,49.436451247165536,80.0,80.0,2.469668202116976,2.4647934271455187,2.691650390625
B_open,69,body,47.72397959183674,47.88897959183674,49.436451247165536,49.601451247165535,165.01133786848072,165.01133786848072,5.094040676532096,5.083985762283997,1.3458251953125
B_open,69,sustain,47.88897959183674,48.05897959183674,49.601451247165535,49.77145124716554,170.0,170.0,5.248044929498574,5.237686032684228,1.3458251953125
B_open,69,decay,48.008979591836734,48.12897959183674,49.72145124716553,49.84145124716554,120.0,120.0,3.704502303175464,3.697190140718279,1.3458251953125
B_open,70,attack,48.149478458049884,48.22447845804989,49.87646258503401,49.951462585034015,74.98866213151928,74.98866213151928,2.315574526721229,2.3111549746780375,2.691650390625
B_open,70,stabilization,48.22447845804989,48.304478458049886,49.951462585034015,50.031462585034014,80.0,80.0,2.4703196039529773,2.4656047023477825,2.691650390625
B_open,70,body,48.304478458049886,48.469478458049885,50.031462585034014,50.19646258503401,165.01133786848072,165.01133786848072,5.095384285137703,5.0856591323653095,1.3458251953125
B_open,70,sustain,48.469478458049885,48.63947845804989,50.19646258503401,50.366462585034014,170.0,170.0,5.249429158400077,5.239409992489038,1.3458251953125
B_open,70,decay,48.58947845804988,48.70947845804989,50.31646258503401,50.436462585034015,120.0,120.0,3.705479405929466,3.6984070535216738,1.3458251953125
B_open,71,attack,48.767709750566894,48.8427097505669,50.477278911564625,50.55227891156463,74.98866213151928,74.98866213151928,2.315080016612576,2.3078767713671104,2.691650390625
B_open,71,stabilization,48.8427097505669,48.922709750566895,50.55227891156463,50.632278911564626,80.0,80.0,2.469792046752092,2.462107423460286,2.691650390625
B_open,71,body,48.922709750566895,49.087709750566894,50.632278911564626,50.797278911564625,165.01133786848072,165.01133786848072,5.0942961236437,5.078445499013747,1.3458251953125
B_open,71,sustain,49.087709750566894,49.257709750566896,50.797278911564625,50.96727891156463,170.0,170.0,5.248308099348195,5.231978274853107,1.3458251953125
B_open,71,decay,49.20770975056689,49.327709750566896,50.91727891156462,51.03727891156463,120.0,120.0,3.704688070128138,3.6931611351904285,1.3458251953125
B_open,72,attack,49.374331065759634,49.44933106575964,51.08390022675737,51.158900226757375,74.98866213151928,74.98866213151928,2.316152571014926,2.309000594421847,2.691650390625
B_open,72,stabilization,49.44933106575964,49.529331065759635,51.158900226757375,51.23890022675737,80.0,80.0,2.470936277756474,2.4633063492955176,2.691650390625
B_open,72,body,49.529331065759635,49.694331065759634,51.23890022675737,51.40390022675737,165.01133786848072,165.01133786848072,5.096656262254496,5.080918453464706,1.3458251953125
B_open,72,sustain,49.694331065759634,49.864331065759636,51.40390022675737,51.573900226757374,170.0,170.0,5.250739590232508,5.234525992252975,1.3458251953125
B_open,72,decay,49.81433106575963,49.934331065759636,51.52390022675737,51.643900226757374,120.02267573696145,120.0,3.7071047953982474,3.6949595239432766,1.3458251953125
B_open,73,attack,49.95482993197279,50.02982993197279,51.67891156462585,51.75391156462585,74.98866213151928,74.98866213151928,2.3161600120848536,2.3113884054217073,2.691650390625
B_open,73,stabilization,50.02982993197279,50.10982993197279,51.75391156462585,51.83391156462585,80.0,80.0,2.4709442160977817,2.4658537327873553,2.691650390625
B_open,73,body,50.10982993197279,50.27482993197279,51.83391156462585,51.99891156462585,165.01133786848072,165.01133786848072,5.096672636208491,5.086172792940358,1.3458251953125
B_open,73,sustain,50.27482993197279,50.44482993197279,51.99891156462585,52.16891156462585,170.0,170.0,5.2507564592077856,5.23993918217313,1.3458251953125
B_open,73,decay,50.39482993197279,50.51482993197279,52.11891156462585,52.23891156462585,120.0,120.0,3.7064163241466725,3.6987805991810325,1.3458251953125
B_open,74,attack,50.538231292517004,50.61323129251701,52.2855328798186,52.3605328798186,74.98866213151928,74.98866213151928,2.3192645671617567,2.3097335467485114,2.691650390625
B_open,74,stabilization,50.61323129251701,50.693231292517005,52.3605328798186,52.4405328798186,80.0,80.0,2.4742562421973626,2.4640882833168276,2.691650390625
B_open,74,body,50.693231292517005,50.858231292517004,52.4405328798186,52.6055328798186,165.01133786848072,165.01133786848072,5.10350415943033,5.0825313032019706,1.3458251953125
B_open,74,sustain,50.858231292517004,51.028231292517006,52.6055328798186,52.7755328798186,170.0,170.0,5.257794514669396,5.236187602048258,1.3458251953125
B_open,74,decay,50.978231292517,51.098231292517006,52.725532879818594,52.8455328798186,120.0,120.0,3.7113843632960437,3.696132424975241,1.3458251953125
B_open,75,attack,51.13034013605442,51.205340136054424,52.87473922902495,52.94973922902495,74.98866213151928,74.98866213151928,2.3173761978274587,2.310561005777626,2.691650390625
B_open,75,stabilization,51.205340136054424,51.28534013605442,52.94973922902495,53.02973922902495,80.0,80.0,2.4722416770291127,2.4649710397288973,2.691650390625
B_open,75,body,51.28534013605442,51.45034013605442,53.02973922902495,53.19473922902495,165.01133786848072,165.01133786848072,5.099348833259879,5.084352113409066,1.3458251953125
B_open,75,sustain,51.45034013605442,51.62034013605442,53.19473922902495,53.36473922902495,170.0,170.0,5.253513563686864,5.238063459423906,1.3458251953125
B_open,75,decay,51.57034013605442,51.690340136054424,53.314739229024944,53.43473922902495,120.0,120.0,3.708362515543669,3.6974565595933457,1.3458251953125
B_open,76,attack,51.71954648526077,51.794546485260774,53.47845804988662,53.55345804988662,74.98866213151928,74.98866213151928,2.3166486979846135,2.3156154511350557,2.691650390625
B_open,76,stabilization,51.794546485260774,51.87454648526077,53.55345804988662,53.63345804988662,80.0,80.0,2.4714655598698867,2.470363263261106,2.691650390625
B_open,76,body,51.87454648526077,52.03954648526077,53.63345804988662,53.79845804988662,165.01133786848072,165.01133786848072,5.097747981625047,5.095474338648262,1.3458251953125
B_open,76,sustain,52.03954648526077,52.20954648526077,53.79845804988662,53.96845804988662,170.0,170.0,5.25186431472351,5.24952193442985,1.3458251953125
B_open,76,decay,52.15954648526077,52.279546485260774,53.91845804988662,54.03534693877551,120.0,116.87074829931973,3.7071983398048305,3.6089150393559355,1.3458251953125
B_open,77,attack,52.300045351473926,52.37504535147393,54.04734693877551,54.122346938775515,74.98866213151928,74.98866213151928,2.315535926869688,2.3122871504774887,2.691650390625
B_open,77,stabilization,52.37504535147393,52.45504535147393,54.122346938775515,54.20234693877551,80.0,80.0,2.4702784245528453,2.4668125391244575,2.691650390625
B_open,77,body,52.45504535147393,52.62004535147393,54.20234693877551,54.36734693877551,165.01133786848072,165.01133786848072,5.095299346788847,5.0881504668958835,1.3458251953125
B_open,77,sustain,52.62004535147393,52.79004535147393,54.36734693877551,54.537346938775514,170.0,170.0,5.249341652174795,5.241976645639473,1.3458251953125
B_open,77,decay,52.740045351473924,52.86004535147393,54.48734693877551,54.607346938775514,120.0,120.0,3.7054176368292677,3.7002188086866865,1.3458251953125
B_open,78,attack,52.92408163265306,52.999081632653066,54.665578231292514,54.74057823129252,74.98866213151928,74.98866213151928,2.3132739658157027,2.3107413710090396,2.691650390625
B_open,78,stabilization,52.999081632653066,53.079081632653065,54.74057823129252,54.820578231292515,80.0,80.0,2.4678653012996064,2.465163458397306,2.691650390625
B_open,78,body,53.079081632653065,53.244081632653064,54.820578231292515,54.985578231292514,165.01133786848072,165.01133786848072,5.090321938083117,5.0847490041828785,1.3458251953125
B_open,78,sustain,53.244081632653064,53.414081632653065,54.985578231292514,55.155578231292516,170.0,170.0,5.244213765261664,5.238472349094275,1.3458251953125
B_open,78,decay,53.36408163265306,53.484081632653066,55.10557823129251,55.225578231292516,120.0,120.0,3.70179795194941,3.697745187595959,1.3458251953125
B_open,79,attack,53.51909297052154,53.594092970521544,55.29251700680272,55.36751700680272,74.98866213151928,74.98866213151928,2.3093654847965928,2.3060619191528593,2.691650390625
B_open,79,stabilization,53.594092970521544,53.67409297052154,55.36751700680272,55.44751700680272,80.0,80.0,2.4636956245426003,2.460171288409824,2.691650390625
B_open,79,body,53.67409297052154,53.83909297052154,55.44751700680272,55.61251700680272,165.01133786848072,165.01133786848072,5.081721388831208,5.074451946076612,1.3458251953125
B_open,79,sustain,53.83909297052154,54.00909297052154,55.61251700680272,55.78251700680272,170.0,170.0,5.235353202153026,5.227863987870876,1.3458251953125
B_open,79,decay,53.95909297052154,54.07909297052154,55.732517006802716,55.82038095238095,120.0,87.84580498866214,3.695543436813901,2.701446590504438,1.3458251953125
B_open,80,attack,54.13732426303855,54.21232426303855,55.83238095238095,55.907380952380954,74.98866213151928,74.98866213151928,2.3135530210318755,2.3063122505657163,2.691650390625
B_open,80,stabilization,54.21232426303855,54.29232426303855,55.907380952380954,55.98738095238095,80.0,80.0,2.4681630052012267,2.4604383489555026,2.691650390625
B_open,80,body,54.29232426303855,54.45732426303855,55.98738095238095,56.15238095238095,165.01133786848072,165.01133786848072,5.0909359945718045,5.075002796300791,1.3458251953125
B_open,80,sustain,54.45732426303855,54.62732426303855,56.15238095238095,56.32238095238095,170.0,170.0,5.244846386052607,5.228431491530443,1.3458251953125
B_open,80,decay,54.57732426303855,54.69732426303855,56.27238095238095,56.392380952380954,120.0,120.0,3.7022445078018404,3.690657523433254,1.3458251953125
B_open,81,attack,54.75265306122449,54.827653061224495,56.418684807256234,56.49368480725624,74.98866213151928,74.98866213151928,2.314927482416659,2.307861734993024,2.691650390625
B_open,81,stabilization,54.827653061224495,54.907653061224494,56.49368480725624,56.573684807256235,80.0,80.0,2.469629319009971,2.4620913822362835,2.691650390625
B_open,81,body,54.907653061224494,55.07265306122449,56.573684807256235,56.738684807256234,165.01133786848072,165.01133786848072,5.093960474613254,5.078412411715827,1.3458251953125
B_open,81,sustain,55.07265306122449,55.242653061224495,56.738684807256234,56.908684807256236,170.0,170.0,5.247962302896188,5.231944187252103,1.3458251953125
B_open,81,decay,55.19265306122449,55.312653061224495,56.85868480725623,56.978684807256236,120.0,120.0,3.7044439785149565,3.6931370733544258,1.3458251953125
B_open,82,attack,55.338956916099775,55.41395691609978,57.00208616780046,57.07708616780046,74.98866213151928,74.98866213151928,2.3161209574338977,2.3131076750267434,2.691650390625
B_open,82,stabilization,55.41395691609978,55.493956916099776,57.07708616780046,57.15708616780046,80.0,80.0,2.470902551504926,2.4676878976396583,2.691650390625
B_open,82,body,55.493956916099776,55.658956916099775,57.15708616780046,57.32208616780046,165.01133786848072,165.01133786848072,5.09658669708088,5.089956017892232,1.3458251953125
B_open,82,sustain,55.658956916099775,55.82895691609978,57.32208616780046,57.49208616780046,170.0,170.0,5.250667921947968,5.243836782484274,1.3458251953125
B_open,82,decay,55.77895691609977,55.89895691609978,57.442086167800454,57.56208616780046,120.0,120.0,3.706353827257389,3.7015318464594875,1.3458251953125
B_open,83,attack,55.96299319727891,56.037993197278915,57.63192743764172,57.706927437641724,74.98866213151928,74.98866213151928,2.3172474716743077,2.3117311983515823,2.691650390625
B_open,83,stabilization,56.037993197278915,56.11799319727891,57.706927437641724,57.78692743764172,80.0,80.0,2.4721043483722283,2.466219433862831,2.691650390625
B_open,83,body,56.11799319727891,56.28299319727891,57.78692743764172,57.95192743764172,165.01133786848072,165.01133786848072,5.099065573442377,5.086927103236911,1.3458251953125
B_open,83,sustain,56.28299319727891,56.452993197278914,57.95192743764172,58.12192743764172,170.0,170.0,5.253221740290984,5.240716296958516,1.3458251953125
B_open,83,decay,56.40299319727891,56.522993197278915,58.07192743764172,58.19192743764172,120.0,120.0,3.708156522558342,3.699329150794247,1.3458251953125
B_open,84,attack,56.55219954648526,56.627199546485265,58.2356462585034,58.310646258503404,74.98866213151928,74.98866213151928,2.3145330301140143,2.3122939913709994,2.691650390625
B_open,84,stabilization,56.627199546485265,56.70719954648526,58.310646258503404,58.3906462585034,80.0,80.0,2.4692085062722233,2.4668198371807946,2.691650390625
B_open,84,body,56.70719954648526,56.87219954648526,58.3906462585034,58.5556462585034,165.01133786848072,165.01133786848072,5.093092488702656,5.088165520171383,1.3458251953125
B_open,84,sustain,56.87219954648526,57.042199546485264,58.5556462585034,58.7256462585034,170.0,170.0,5.247068075828474,5.241992154009188,1.3458251953125
B_open,84,decay,56.99219954648526,57.112199546485265,58.6756462585034,58.7956462585034,120.0,120.0,3.7038127594083345,3.7002297557711916,1.3458251953125
B_open,85,attack,57.15011337868481,57.22511337868481,58.819047619047616,58.89404761904762,74.98866213151928,74.98866213151928,2.317862645532312,2.3135137226531306,2.691650390625
B_open,85,stabilization,57.22511337868481,57.30511337868481,58.89404761904762,58.97404761904762,80.0,80.0,2.4727606330323546,2.4681210805927565,2.691650390625
B_open,85,body,57.30511337868481,57.47011337868481,58.97404761904762,59.139047619047616,165.01133786848072,165.01133786848072,5.100419253564752,5.090849519125139,1.3458251953125
B_open,85,sustain,57.47011337868481,57.64011337868481,59.139047619047616,59.30904761904762,170.0,170.0,5.254616345193753,5.244757296259607,1.3458251953125
B_open,85,decay,57.590113378684805,57.71011337868481,59.259047619047614,59.37904761904762,120.0,120.0,3.7091409495485315,3.7021816208891343,1.3458251953125
B_open,86,attack,57.73061224489796,57.805612244897965,59.43437641723356,59.50937641723356,74.98866213151928,74.98866213151928,2.3155248281786616,2.3126920821317882,2.691650390625
B_open,86,stabilization,57.805612244897965,57.88561224489796,59.50937641723356,59.58937641723356,80.0,80.0,2.4702665841591522,2.4672445315273506,2.691650390625
B_open,86,body,57.88561224489796,58.05061224489796,59.58937641723356,59.75437641723356,165.01133786848072,165.01133786848072,5.0952749242987965,5.089041512450264,1.3458251953125
B_open,86,sustain,58.05061224489796,58.220612244897964,59.75437641723356,59.92437641723356,170.0,170.0,5.249316491338199,5.242894629495621,1.3458251953125
B_open,86,decay,58.17061224489796,58.27298866213152,59.874376417233556,59.99437641723356,102.35827664399093,120.0,3.160652880072113,3.7008667972910265,1.3458251953125
B_open,87,attack,58.90031746031746,58.97531746031746,60.04680272108843,60.121802721088436,74.98866213151928,74.98866213151928,2.314194898227556,2.3165563170141903,2.691650390625
B_open,87,stabilization,58.97531746031746,59.05531746031746,60.121802721088436,60.201802721088434,80.0,80.0,2.4688477777280973,2.4713670052694474,2.691650390625
B_open,87,body,59.05531746031746,59.22031746031746,60.201802721088434,60.36680272108843,165.01133786848072,165.01133786848072,5.092348434956736,5.097544698794152,1.3458251953125
B_open,87,sustain,59.22031746031746,59.39031746031746,60.36680272108843,60.536802721088435,170.0,170.0,5.246301527672207,5.251654886197576,1.3458251953125
B_open,87,decay,59.34031746031746,59.46031746031746,60.48680272108843,60.606802721088435,120.0,120.0,3.7032716665921463,3.7070505079041713,1.3458251953125
B_open,88,attack,59.48952380952381,59.56452380952381,60.630204081632655,60.70520408163266,74.98866213151928,74.98866213151928,2.315550234153326,2.3181263540999364,2.691650390625
B_open,88,stabilization,59.56452380952381,59.64452380952381,60.70520408163266,60.785204081632656,80.0,80.0,2.4702936879627866,2.4730419647005064,2.691650390625
B_open,88,body,59.64452380952381,59.80952380952381,60.785204081632656,60.950204081632656,165.01133786848072,165.01133786848072,5.095330829735033,5.100999540001583,1.3458251953125
B_open,88,sustain,59.80952380952381,59.97952380952381,60.950204081632656,61.12020408163266,170.0,170.0,5.249374086920922,5.255214174988576,1.3458251953125
B_open,88,decay,59.92952380952381,60.04952380952381,61.07020408163265,61.16967800453515,120.0,99.45578231292517,3.7054405319441797,3.0744790411497793,1.3458251953125
B_open,89,attack,60.07582766439909,60.150827664399095,61.18167800453515,61.25667800453515,74.98866213151928,74.98866213151928,2.315512266810506,2.315455330416816,2.691650390625
B_open,89,stabilization,60.150827664399095,60.230827664399094,61.25667800453515,61.33667800453515,80.0,80.0,2.4702531833406307,2.4701924420049974,2.691650390625
B_open,89,body,60.230827664399094,60.39582766439909,61.33667800453515,61.50167800453515,165.01133786848072,165.01133786848072,5.095247283211386,5.095121995598177,1.3458251953125
B_open,89,sustain,60.39582766439909,60.565827664399094,61.50167800453515,61.67167800453515,170.0,170.0,5.24928801459884,5.24915893926062,1.3458251953125
B_open,89,decay,60.51582766439909,60.635827664399095,61.62167800453515,61.74167800453515,120.0,120.0,3.7053797750109467,3.705288663007497,1.3458251953125
B_open,90,attack,60.71727891156463,60.79227891156463,61.83473922902494,61.90973922902494,74.98866213151928,74.98866213151928,2.3139573615968376,2.311459696061402,2.691650390625
B_open,90,stabilization,60.79227891156463,60.87227891156463,61.90973922902494,61.98973922902494,80.0,80.0,2.4685943670134995,2.4659297876336943,2.691650390625
B_open,90,body,60.87227891156463,61.03727891156463,61.98973922902494,62.15473922902494,165.01133786848072,165.01133786848072,5.091825739443661,5.0863296668396805,1.3458251953125
B_open,90,sustain,61.03727891156463,61.20727891156463,62.15473922902494,62.32473922902494,170.0,170.0,5.245763029903686,5.2401007987216,1.3458251953125
B_open,90,decay,61.157278911564624,61.27727891156463,62.27473922902494,62.39473922902494,120.0,120.02267573696145,3.7028915505202495,3.699593641140914,1.3458251953125
B_open,91,attack,61.30648526077098,61.38148526077098,62.45006802721088,62.525068027210885,74.98866213151928,74.98866213151928,2.315721469220102,2.3107086207990224,2.691650390625
B_open,91,stabilization,61.38148526077098,61.46148526077098,62.525068027210885,62.60506802721088,80.0,80.0,2.470476366316456,2.465128519558195,2.691650390625
B_open,91,body,61.46148526077098,61.62648526077098,62.60506802721088,62.77006802721088,165.01133786848072,165.01133786848072,5.095707629729265,5.084676937875563,1.3458251953125
B_open,91,sustain,61.62648526077098,61.79648526077098,62.77006802721088,62.940068027210884,170.0,170.0,5.249762278422469,5.238398104061165,1.3458251953125
B_open,91,decay,61.746485260770974,61.86648526077098,62.89006802721088,62.99824943310657,120.0,108.16326530612245,3.705714549474684,3.332954375933274,1.3458251953125
B_open,92,attack,61.88988662131519,61.964886621315195,63.01024943310657,63.085249433106576,74.98866213151928,74.98866213151928,2.315849975191259,2.308603528243589,2.691650390625
B_open,92,stabilization,61.964886621315195,62.04488662131519,63.085249433106576,63.165249433106574,80.0,80.0,2.470613460077037,2.462882748002232,2.691650390625
B_open,92,body,62.04488662131519,62.20988662131519,63.165249433106574,63.33024943310657,165.01133786848072,165.01133786848072,5.095990405039852,5.080044715763108,1.3458251953125
B_open,92,sustain,62.20988662131519,62.379886621315194,63.33024943310657,63.500249433106575,170.0,170.0,5.250053602663703,5.233625839504744,1.3458251953125
B_open,92,decay,62.32988662131519,62.449886621315194,63.45024943310657,63.570249433106575,120.0,120.02267573696145,3.705920190115555,3.695022218020356,1.3458251953125
B_open,93,attack,62.46458049886621,62.539580498866215,63.622675736961455,63.69767573696146,74.98866213151928,74.98866213151928,2.316670570751335,2.308141468889035,2.691650390625
B_open,93,stabilization,62.539580498866215,62.61958049886621,63.69767573696146,63.777675736961456,80.0,80.0,2.4714888943485662,2.462389810172518,2.691650390625
B_open,93,body,62.61958049886621,62.78458049886621,63.777675736961456,63.942675736961455,165.01133786848072,165.01133786848072,5.097796112294365,5.079027961628518,1.3458251953125
B_open,93,sustain,62.78458049886621,62.954580498866214,63.942675736961455,64.11267573696145,170.0,170.0,5.251913900490703,5.2325783466166,1.3458251953125
B_open,93,decay,62.90458049886621,63.024580498866214,64.06267573696145,64.18267573696146,120.0,120.0,3.7072333415228496,3.693584715258777,1.3458251953125
B_open,94,attack,63.08861678004535,63.16361678004535,64.20027210884354,64.27527210884354,74.98866213151928,74.98866213151928,2.3148617325513547,2.3077431077058352,2.691650390625
B_open,94,stabilization,63.16361678004535,63.24361678004535,64.27527210884354,64.35527210884354,80.0,80.0,2.4695591752165647,2.461964827331777,2.691650390625
B_open,94,body,63.24361678004535,63.40861678004535,64.35527210884354,64.52027210884353,165.01133786848072,164.98866213151928,5.093815793098339,5.077453538454084,1.3458251953125
B_open,94,sustain,63.40861678004535,63.57861678004535,64.52027210884353,64.69027210884353,170.0,170.0,5.247813247335199,5.231675258080026,1.3458251953125
B_open,94,decay,63.52861678004535,63.64861678004535,64.64027210884353,64.76027210884354,120.0,120.0,3.7043387628248468,3.6929472409976656,1.3458251953125
B_open,95,attack,63.74458049886621,63.819580498866216,64.80979591836734,64.88479591836735,74.98866213151928,74.98866213151928,2.282456676202267,2.298870402025217,2.691650390625
B_open,95,stabilization,63.819580498866216,63.899580498866214,64.88479591836735,64.96479591836734,80.0,80.0,2.43498855568237,2.4524991770018043,2.691650390625
B_open,95,body,63.899580498866214,64.0645804988662,64.96479591836734,65.12979591836734,164.98866213151928,164.98866213151928,5.021818801344933,5.057931976152247,1.3458251953125
B_open,95,sustain,64.0645804988662,64.23458049886621,65.12979591836734,65.29979591836734,170.02267573696145,170.0,5.1750408703249455,5.211560751128833,1.3458251953125
B_open,95,decay,64.18458049886621,64.30458049886622,65.24979591836734,65.36979591836734,120.0,120.02267573696145,3.6524828335235546,3.679443918330654,1.3458251953125
B_open,96,attack,64.33668934240363,64.41168934240363,66.03464852607709,66.1096485260771,74.98866213151928,75.01133786848072,2.312907339418893,2.312365377960568,2.691650390625
B_open,96,stabilization,64.41168934240363,64.49168934240363,66.1096485260771,66.1896485260771,80.0,80.0,2.46747417401568,2.4661502579942214,2.691650390625
B_open,96,body,64.49168934240363,64.65668934240362,66.1896485260771,66.35464852607709,165.01133786848072,164.98866213151928,5.089515182628148,5.086085396022097,1.3458251953125
B_open,96,sustain,64.65668934240362,64.82668934240363,66.35464852607709,66.52464852607709,170.0,170.0,5.24338261978332,5.2405692982377206,1.3458251953125
B_open,96,decay,64.77668934240363,64.89668934240363,66.47464852607709,66.5946485260771,120.0,120.02267573696145,3.7012112610235204,3.699924409173303,1.3458251953125
E_open,0,attack,2.3016780045351473,2.3766780045351474,4.765895691609978,4.840895691609978,74.98866213151928,74.98866213151928,3.097485730844927,3.1011348649212023,2.691650390625
E_open,0,stabilization,2.3766780045351474,2.456678004535147,4.840895691609978,4.920895691609978,80.0,80.0,3.3044843236833694,3.3083773218754167,2.691650390625
E_open,0,body,2.456678004535147,2.621678004535147,4.920895691609978,5.085895691609978,164.98866213151928,165.01133786848072,6.815030594988718,6.823997100705047,1.3458251953125
E_open,0,sustain,2.621678004535147,2.7916780045351475,5.085895691609978,5.255895691609978,170.02267573696145,170.0,7.0229658330436235,7.030301808985259,1.3458251953125
E_open,0,decay,2.741678004535147,2.8616780045351473,5.205895691609978,5.308272108843538,120.02267573696145,102.35827664399093,4.957663130741518,4.232997514440371,1.3458251953125
E_open,1,attack,2.9518367346938774,3.0268367346938776,5.320272108843538,5.395272108843538,74.98866213151928,74.98866213151928,3.094161899348282,3.09745733740933,2.691650390625
E_open,1,stabilization,3.0268367346938776,3.1068367346938772,5.395272108843538,5.475272108843538,80.0,80.0,3.3009383673724635,3.3044540327729415,2.691650390625
E_open,1,body,3.1068367346938772,3.2718367346938773,5.475272108843538,5.640272108843538,165.01133786848072,165.01133786848072,6.808653202769109,6.815904760909493,1.3458251953125
E_open,1,sustain,3.2718367346938773,3.4418367346938776,5.640272108843538,5.810272108843538,170.0,170.0,7.0144940306664845,7.0219648196425,1.3458251953125
E_open,1,decay,3.3918367346938774,3.5118367346938775,5.760272108843538,5.880272108843538,120.0,120.0,4.951407551058695,4.956681049159411,1.3458251953125
E_open,2,attack,3.5439455782312925,3.6189455782312927,5.932698412698413,6.007698412698413,74.98866213151928,74.98866213151928,3.097374004684628,3.0912405435472685,2.691650390625
E_open,2,stabilization,3.6189455782312927,3.6989455782312923,6.007698412698413,6.087698412698413,80.0,80.0,3.304365131093852,3.297821783379124,2.691650390625
E_open,2,body,3.6989455782312923,3.8639455782312924,6.087698412698413,6.252698412698413,165.01133786848072,165.01133786848072,6.815721388596928,6.802224806590104,1.3458251953125
E_open,2,sustain,3.8639455782312924,4.033945578231292,6.252698412698413,6.422698412698413,170.0,170.0,7.021775903574436,7.007871289680639,1.3458251953125
E_open,2,decay,3.9839455782312925,4.103945578231293,6.372698412698413,6.492698412698413,120.0,120.0,4.9565476966407775,4.946732675068686,1.3458251953125
E_open,3,attack,4.124444444444444,4.1994444444444445,6.524807256235827,6.599807256235827,74.98866213151928,74.98866213151928,3.0927256314663425,3.103790801675318,2.691650390625
E_open,3,stabilization,4.1994444444444445,4.279444444444445,6.599807256235827,6.6798072562358275,80.0,80.0,3.299406116665635,3.311210749413524,2.691650390625
E_open,3,body,4.279444444444445,4.444444444444445,6.6798072562358275,6.8448072562358275,165.01133786848072,165.01133786848072,6.805492718530563,6.829841446565253,1.3458251953125
E_open,3,sustain,4.444444444444445,4.614444444444445,6.8448072562358275,7.0148072562358275,170.0,170.0,7.011237997914475,7.036322842503738,1.3458251953125
E_open,3,decay,4.564444444444445,4.684444444444445,6.964807256235828,7.084807256235827,120.0,119.97732426303854,4.949109174998453,4.965877572320565,1.3458251953125
E_open,4,attack,4.733968253968254,4.808968253968255,7.116916099773243,7.191916099773243,74.98866213151928,74.98866213151928,3.085350779894503,3.097803679035714,2.691650390625
E_open,4,stabilization,4.808968253968255,4.888968253968255,7.191916099773243,7.271916099773243,80.0,80.0,3.291538418950047,3.3048235196970066,2.691650390625
E_open,4,body,4.888968253968255,5.053968253968255,7.271916099773243,7.436916099773243,165.01133786848072,165.01133786848072,6.789264476955639,6.816666880055305,1.3458251953125
E_open,4,sustain,5.053968253968255,5.223968253968255,7.436916099773243,7.606916099773243,170.0,170.0,6.99451914026885,7.0227499793561385,1.3458251953125
E_open,4,decay,5.173968253968255,5.2792471655328805,7.556916099773243,7.676916099773242,105.26077097505669,120.0,4.330873395908764,4.957235279545509,1.3458251953125
E_open,5,attack,5.29124716553288,5.36624716553288,7.7293424036281175,7.804342403628118,74.98866213151928,74.98866213151928,3.149978365902439,3.1142827179844517,2.691650390625
E_open,5,stabilization,5.36624716553288,5.44624716553288,7.804342403628118,7.884342403628118,80.0,80.0,3.3604849334453597,3.322403818883927,2.691650390625
E_open,5,body,5.44624716553288,5.61124716553288,7.884342403628118,8.049342403628117,165.01133786848072,164.98866213151928,6.931476434433641,6.85198701422887,1.3458251953125
E_open,5,sustain,5.61124716553288,5.78124716553288,8.049342403628117,8.219342403628117,170.0,170.0,7.14103048357139,7.060108115128345,1.3458251953125
E_open,5,decay,5.7312471655328805,5.851247165532881,8.169342403628118,8.289342403628117,120.0,119.97732426303854,5.0407274001680396,4.9826640038874315,1.3458251953125
E_open,6,attack,5.935600907029478,6.010600907029478,8.362086167800454,8.437086167800453,74.98866213151928,74.98866213151928,3.1552862689759076,3.132884142441255,2.691650390625
E_open,6,stabilization,6.010600907029478,6.090600907029478,8.437086167800453,8.517086167800453,80.0,80.0,3.366147552750832,3.3422483382318564,2.691650390625
E_open,6,body,6.090600907029478,6.2556009070294785,8.517086167800453,8.682086167800454,165.01133786848072,165.01133786848072,6.943156389276589,6.893860872254313,1.3458251953125
E_open,6,sustain,6.2556009070294785,6.425600907029478,8.682086167800454,8.852086167800454,170.0,170.0,7.153063549595519,7.102277718742695,1.3458251953125
E_open,6,decay,6.375600907029479,6.495600907029479,8.802086167800454,8.922086167800455,120.0,120.0,5.049221329126248,5.013372507347785,1.3458251953125
E_open,7,attack,6.530612244897959,6.6056122448979595,8.991927437641724,9.066927437641723,74.98866213151928,74.98866213151928,3.102802735098338,3.0883404523067175,2.691650390625
E_open,7,stabilization,6.6056122448979595,6.68561224489796,9.066927437641723,9.146927437641724,80.0,80.0,3.310156652381897,3.2947278850130326,2.691650390625
E_open,7,body,6.68561224489796,6.85061224489796,9.146927437641724,9.311927437641724,165.01133786848072,165.01133786848072,6.827667222047355,6.795843202732381,1.3458251953125
E_open,7,sustain,6.85061224489796,7.0206122448979595,9.311927437641724,9.481927437641724,170.0,170.0,7.0340828863115314,7.001296755652695,1.3458251953125
E_open,7,decay,6.97061224489796,7.09061224489796,9.431927437641724,9.551927437641725,120.0,120.0,4.9652349785728465,4.942091827519549,1.3458251953125
E_open,8,attack,7.157551020408163,7.232551020408163,9.56952380952381,9.64452380952381,74.98866213151928,74.98866213151928,3.097772178688702,3.0297495290224203,2.691650390625
E_open,8,stabilization,7.232551020408163,7.312551020408163,9.64452380952381,9.72452380952381,80.0,80.0,3.304789914246671,3.232221450980072,2.691650390625
E_open,8,body,7.312551020408163,7.477551020408163,9.72452380952381,9.88952380952381,165.01133786848072,165.01133786848072,6.816597564051312,6.666914823917796,1.3458251953125
E_open,8,sustain,7.477551020408163,7.647551020408163,9.88952380952381,10.05952380952381,170.0,170.0,7.022678567774177,6.868470583332654,1.3458251953125
E_open,8,decay,7.597551020408163,7.7175510204081625,10.00952380952381,10.12952380952381,119.97732426303854,120.0,4.956248139534903,4.848332176470109,1.3458251953125
E_open,9,attack,7.75546485260771,7.83046485260771,10.14421768707483,10.21921768707483,74.98866213151928,74.98866213151928,3.11255625426947,3.141118364292016,2.691650390625
E_open,9,stabilization,7.83046485260771,7.91046485260771,10.21921768707483,10.29921768707483,80.0,80.0,3.3205619791541245,3.3510328361724318,2.691650390625
E_open,9,body,7.91046485260771,8.075464852607709,10.29921768707483,10.46421768707483,164.98866213151928,165.01133786848072,6.848188480817861,6.9119801442252795,1.3458251953125
E_open,9,sustain,8.075464852607709,8.245464852607709,10.46421768707483,10.63421768707483,170.0,170.0,7.056194205702514,7.120944776866418,1.3458251953125
E_open,9,decay,8.19546485260771,8.31546485260771,10.58421768707483,10.70421768707483,120.0,120.0,4.980842968731187,5.026549254258649,1.3458251953125
E_open,10,attack,8.945487528344671,9.02048752834467,10.727619047619047,10.802619047619046,74.98866213151928,74.98866213151928,3.0629093560082348,3.075076900845002,2.691650390625
E_open,10,stabilization,9.02048752834467,9.10048752834467,10.802619047619046,10.882619047619047,80.0,80.0,3.267597280918371,3.2805779577203404,2.691650390625
E_open,10,body,9.10048752834467,9.265487528344671,10.882619047619047,11.047619047619047,165.01133786848072,165.01133786848072,6.739882486746877,6.76665697231602,1.3458251953125
E_open,10,sustain,9.265487528344671,9.435487528344671,11.047619047619047,11.217619047619047,170.0,170.0,6.943644221951537,6.971228160155724,1.3458251953125
E_open,10,decay,9.38548752834467,9.505487528344672,11.167619047619047,11.287619047619048,120.0,120.02267573696145,4.901395921377556,4.921796805616146,1.3458251953125
E_open,11,attack,9.525986394557822,9.600986394557822,11.322630385487528,11.397630385487528,74.98866213151928,74.98866213151928,3.0613947949286584,3.1137236137929083,2.691650390625
E_open,11,stabilization,9.600986394557822,9.680986394557822,11.397630385487528,11.477630385487528,80.0,80.0,3.2659815048407337,3.3218073509106083,2.691650390625
E_open,11,body,9.680986394557822,9.845986394557823,11.477630385487528,11.642630385487529,165.01133786848072,165.01133786848072,6.736549719593542,6.851698438938915,1.3458251953125
E_open,11,sustain,9.845986394557823,10.015986394557823,11.642630385487529,11.812630385487529,170.0,170.0,6.940210697786559,7.058840620685041,1.3458251953125
E_open,11,decay,9.965986394557822,10.085986394557823,11.762630385487528,11.882630385487529,120.02267573696145,120.0,4.899897988980159,4.982711026365911,1.3458251953125
E_open,12,attack,10.135510204081633,10.210510204081633,11.926349206349206,12.001349206349206,74.98866213151928,74.98866213151928,3.0859579116180025,3.1155966769390524,2.691650390625
E_open,12,stabilization,10.210510204081633,10.290510204081633,12.001349206349206,12.081349206349206,80.0,80.0,3.2921861240363817,3.32380558700967,2.691650390625
E_open,12,body,10.290510204081633,10.455510204081634,12.081349206349206,12.246349206349207,165.01133786848072,165.01133786848072,6.790600460491141,6.855820084089956,1.3458251953125
E_open,12,sustain,10.455510204081634,10.625510204081634,12.246349206349207,12.416349206349206,170.0,170.0,6.9958955135773095,7.063086872395548,1.3458251953125
E_open,12,decay,10.575510204081633,10.683691609977323,12.366349206349206,12.486349206349207,108.16326530612245,120.0,4.451170014641026,4.985708380514504,1.3458251953125
E_open,13,attack,11.319727891156463,11.394727891156462,12.544580498866214,12.619580498866213,74.98866213151928,74.98866213151928,3.082164711272039,3.1080200264228175,2.691650390625
E_open,13,stabilization,11.394727891156462,11.474727891156462,12.619580498866213,12.699580498866213,80.0,80.0,3.288139431922514,3.31572260454179,2.691650390625
E_open,13,body,11.474727891156462,11.639727891156463,12.699580498866213,12.864580498866214,165.01133786848072,165.01133786848072,6.7822535844955025,6.839147787202553,1.3458251953125
E_open,13,sustain,11.639727891156463,11.809727891156463,12.864580498866214,13.034580498866214,170.0,170.0,6.9872962928353415,7.045910534651304,1.3458251953125
E_open,13,decay,11.759727891156462,11.879727891156463,12.984580498866213,13.104580498866214,120.0,120.0,4.93220914788377,4.973583906812685,1.3458251953125
E_open,14,attack,13.151201814058957,13.226201814058957,13.130884353741497,13.205884353741496,74.98866213151928,74.98866213151928,3.132780648917239,3.1163179347404415,2.691650390625
E_open,14,stabilization,13.226201814058957,13.306201814058957,13.205884353741496,13.285884353741496,80.0,80.0,3.3421379284487505,3.3245750449846625,2.691650390625
E_open,14,body,13.306201814058957,13.471201814058958,13.285884353741496,13.450884353741497,165.01133786848072,165.01133786848072,6.893633136429013,6.857407200213545,1.3458251953125
E_open,14,sustain,13.471201814058958,13.641201814058958,13.450884353741497,13.620884353741497,170.0,170.0,7.102043097953595,7.064721970592408,1.3458251953125
E_open,14,decay,13.591201814058957,13.711201814058958,13.570884353741496,13.68487074829932,120.0,113.96825396825398,5.013206892673126,4.736200163291642,1.3458251953125
E_open,15,attack,13.743310657596371,13.81831065759637,13.69687074829932,13.77187074829932,74.98866213151928,74.98866213151928,3.097666023060876,3.1037150995381597,2.691650390625
E_open,15,stabilization,13.81831065759637,13.89831065759637,13.77187074829932,13.85187074829932,80.0,80.0,3.30467666445684,3.3111299882584295,2.691650390625
E_open,15,body,13.89831065759637,14.063310657596372,13.85187074829932,14.01687074829932,165.01133786848072,165.01133786848072,6.816363970309644,6.82967486523713,1.3458251953125
E_open,15,sustain,14.063310657596372,14.233310657596371,14.01687074829932,14.18687074829932,170.0,170.0,7.022437911970785,7.036151225049163,1.3458251953125
E_open,15,decay,14.18331065759637,14.303310657596372,14.13687074829932,14.25687074829932,120.0,120.0,4.957014996685261,4.9666949823876445,1.3458251953125
E_open,16,attack,14.361541950113379,14.436541950113378,14.309297052154195,14.384297052154194,74.98866213151928,74.98866213151928,3.1315160027948727,3.1066136532418276,2.691650390625
E_open,16,stabilization,14.436541950113378,14.516541950113378,14.384297052154194,14.464297052154194,80.0,80.0,3.3407887686302726,3.314222246337214,2.691650390625
E_open,16,body,14.516541950113378,14.68154195011338,14.464297052154194,14.629297052154195,165.01133786848072,165.01133786848072,6.890850303095944,6.836053085769816,1.3458251953125
E_open,16,sustain,14.68154195011338,14.85154195011338,14.629297052154195,14.799297052154195,170.0,170.0,7.099176133339329,7.042722273466581,1.3458251953125
E_open,16,decay,14.801541950113378,14.92154195011338,14.749297052154194,14.869297052154195,120.0,120.0,5.011183152945408,4.971333369505821,1.3458251953125
E_open,17,attack,14.962358276643991,15.03735827664399,14.947845804988662,15.02284580498866,74.98866213151928,74.98866213151928,3.1225751547767864,3.1048335878234363,2.691650390625
E_open,17,stabilization,15.03735827664399,15.11735827664399,15.02284580498866,15.102845804988661,80.0,80.0,3.3312504221507413,3.3123232228125437,2.691650390625
E_open,17,body,15.11735827664399,15.282358276643992,15.102845804988661,15.267845804988662,165.01133786848072,165.01133786848072,6.871176111675438,6.832136080614195,1.3458251953125
E_open,17,sustain,15.282358276643992,15.452358276643992,15.267845804988662,15.437845804988662,170.0,170.0,7.078907147070326,7.0386868484766545,1.3458251953125
E_open,17,decay,15.40235827664399,15.522358276643992,15.387845804988661,15.507845804988662,120.0,120.0,4.996875633226112,4.968484834218816,1.3458251953125
E_open,18,attack,15.539954648526077,15.614954648526076,15.542857142857143,15.617857142857142,74.98866213151928,74.98866213151928,3.116420882235629,3.111685946482737,2.691650390625
E_open,18,stabilization,15.614954648526076,15.694954648526076,15.617857142857142,15.697857142857142,80.0,80.0,3.3246848722489566,3.3196335104902017,2.691650390625
E_open,18,body,15.694954648526076,15.859954648526077,15.697857142857142,15.862857142857143,165.01133786848072,165.01133786848072,6.857633734511241,6.847214584987867,1.3458251953125
E_open,18,sustain,15.859954648526077,16.029954648526076,15.862857142857143,16.032857142857143,169.97732426303855,170.0,7.064012982533498,7.054221209791678,1.3458251953125
E_open,18,decay,15.979954648526077,16.064916099773242,15.982857142857142,16.102857142857143,84.94331065759637,120.0,3.5301217492756782,4.979450265735302,2.691650390625
E_open,19,attack,16.724172335600908,16.799172335600908,16.149478458049888,16.224478458049887,74.98866213151928,74.98866213151928,3.1250839376927018,3.105493491651037,2.691650390625
E_open,19,stabilization,16.799172335600908,16.87917233560091,16.224478458049887,16.30447845804989,80.0,80.0,3.3339268618626714,3.313027226654024,2.691650390625
E_open,19,body,16.87917233560091,17.04417233560091,16.30447845804989,16.46947845804989,165.01133786848072,165.01133786848072,6.876696647895311,6.833588188311036,1.3458251953125
E_open,19,sustain,17.04417233560091,17.214172335600907,16.46947845804989,16.639478458049886,170.0,170.0,7.084594581458176,7.040182856639802,1.3458251953125
E_open,19,decay,17.16417233560091,17.284172335600907,16.58947845804989,16.70926984126984,120.0,119.77324263038548,5.000890292794006,4.960150173238819,1.3458251953125
E_open,20,attack,18.488888888888887,18.563888888888886,16.72126984126984,16.79626984126984,75.01133786848072,74.98866213151928,3.1285953662292685,3.125081182029709,2.691650390625
E_open,20,stabilization,18.563888888888886,18.64388888888889,16.79626984126984,16.876269841269842,80.0,80.0,3.3366639818793407,3.333923922044394,2.691650390625
E_open,20,body,18.64388888888889,18.808888888888887,16.876269841269842,17.04126984126984,164.98866213151928,165.01133786848072,6.8813965794087535,6.876690584103475,1.3458251953125
E_open,20,sustain,18.808888888888887,18.978888888888886,17.04126984126984,17.21126984126984,170.0,169.97732426303855,7.0904109614936,7.083643344570516,1.3458251953125
E_open,20,decay,18.92888888888889,19.048888888888886,17.161269841269842,17.28126984126984,119.97732426303854,119.97732426303854,5.004050206384238,4.999940893292769,1.3458251953125
E_open,21,attack,19.075192743764173,19.150192743764173,17.333696145124716,17.408696145124715,74.98866213151928,74.98866213151928,3.0733439295356915,3.0702784904943194,2.691650390625
E_open,21,stabilization,19.150192743764173,19.230192743764174,17.408696145124715,17.488696145124717,80.0,80.0,3.2787291755070815,3.275458879487136,2.691650390625
E_open,21,body,19.230192743764174,19.395192743764174,17.488696145124717,17.653696145124716,165.01133786848072,165.01133786848072,6.762843596985554,6.756098147967088,1.3458251953125
E_open,21,sustain,19.395192743764174,19.56519274376417,17.653696145124716,17.823696145124714,170.0,169.97732426303855,6.967299497952548,6.959421700860422,1.3458251953125
E_open,21,decay,19.515192743764175,19.635192743764172,17.773696145124717,17.893696145124714,120.0,119.97732426303854,4.9180937632606225,4.9122599011809625,1.3458251953125
E_open,22,attack,19.736961451247165,19.811961451247164,17.949024943310658,18.024024943310657,74.98866213151928,74.98866213151928,3.1071671951532434,3.1053997858343263,2.691650390625
E_open,22,stabilization,19.811961451247164,19.891961451247166,18.024024943310657,18.10402494331066,80.0,80.0,3.3148127803146785,3.312927258670548,2.691650390625
E_open,22,body,19.891961451247166,20.056961451247165,18.10402494331066,18.269024943310658,165.01133786848072,165.01133786848072,6.837271145790792,6.833381990177318,1.3458251953125
E_open,22,sustain,20.056961451247165,20.226961451247163,18.269024943310658,18.439024943310656,169.97732426303855,169.97732426303855,7.043037585385156,7.03903138633629,1.3458251953125
E_open,22,decay,20.176961451247166,20.293850340136053,18.38902494331066,18.509024943310656,116.87074829931973,120.0,4.842558126344063,4.969390888005822,1.3458251953125
E_open,23,attack,20.305850340136054,20.380850340136053,18.523718820861678,18.598718820861677,74.98866213151928,74.98866213151928,3.0866182812168543,3.0972388333789955,2.691650390625
E_open,23,stabilization,20.380850340136053,20.460850340136055,18.598718820861677,18.67871882086168,80.0,80.0,3.2928906247756466,3.304220926568218,2.691650390625
E_open,23,body,20.460850340136055,20.625850340136054,18.67871882086168,18.843718820861678,165.01133786848072,165.01133786848072,6.792053593110085,6.815423946325659,1.3458251953125
E_open,23,sustain,20.625850340136054,20.795850340136052,18.843718820861678,19.013718820861676,169.97732426303855,169.97732426303855,6.996459218627621,7.020532898400046,1.3458251953125
E_open,23,decay,20.745850340136055,20.865850340136053,18.96371882086168,19.083718820861677,119.97732426303854,119.97732426303854,4.938402578142842,4.955394819294909,1.3458251953125
E_open,24,attack,20.91827664399093,20.993276643990928,19.136145124716553,19.211145124716552,74.98866213151928,74.98866213151928,3.0984952155061056,3.1003336767892247,2.691650390625
E_open,24,stabilization,20.993276643990928,21.07327664399093,19.211145124716552,19.291145124716554,80.0,80.0,3.305561270125655,3.30752259199044,2.691650390625
E_open,24,body,21.07327664399093,21.23827664399093,19.291145124716554,19.456145124716553,165.01133786848072,165.01133786848072,6.81818859487086,6.822234099182095,1.3458251953125
E_open,24,sustain,21.23827664399093,21.408276643990927,19.456145124716553,19.62614512471655,169.97732426303855,169.97732426303855,7.023380748543626,7.02754800157606,1.3458251953125
E_open,24,decay,21.35827664399093,21.478276643990927,19.576145124716554,19.68142403628118,119.97732426303854,105.26077097505669,4.957404954715091,4.3519047256291445,1.3458251953125
E_open,25,attack,22.125714285714285,22.200714285714284,19.69342403628118,19.76842403628118,74.98866213151928,74.98866213151928,3.080709941008071,3.101403585472867,2.691650390625
E_open,25,stabilization,22.200714285714284,22.280714285714286,19.76842403628118,19.84842403628118,80.0,80.0,3.2865874423575674,3.3086640004681813,2.691650390625
E_open,25,body,22.280714285714286,22.445714285714285,19.84842403628118,20.01342403628118,165.01133786848072,165.01133786848072,6.779052386064631,6.824588415931676,1.3458251953125
E_open,25,sustain,22.445714285714285,22.615714285714283,20.01342403628118,20.183424036281178,169.97732426303855,169.97732426303855,6.983066742605534,7.02997317106278,1.3458251953125
E_open,25,decay,22.565714285714286,22.685714285714283,20.13342403628118,20.253424036281178,119.97732426303854,120.0,4.928949591132055,4.9629960007022715,1.3458251953125
E_open,26,attack,22.714920634920635,22.789920634920634,20.317460317460316,20.392460317460316,74.98866213151928,74.98866213151928,3.1089749745055277,3.096157861206092,2.691650390625
E_open,26,stabilization,22.789920634920634,22.869920634920636,20.392460317460316,20.472460317460317,80.0,80.0,3.316741369838374,3.3030677152510104,2.691650390625
E_open,26,body,22.869920634920636,23.034920634920635,20.472460317460317,20.637460317460317,165.01133786848072,165.01133786848072,6.841249135009594,6.8130452845469405,1.3458251953125
E_open,26,sustain,23.034920634920635,23.204920634920633,20.637460317460317,20.807460317460315,169.97732426303855,169.97732426303855,7.047135291470649,7.018082651224937,1.3458251953125
E_open,26,decay,23.154920634920636,23.274920634920633,20.757460317460318,20.877460317460315,119.97732426303854,119.97732426303854,4.974171935321666,4.953665329193054,1.3458251953125
E_open,27,attack,23.33895691609977,23.41395691609977,20.92988662131519,21.00488662131519,75.01133786848072,75.01133786848072,3.1016260009523604,3.098438229294691,2.691650390625
E_open,27,stabilization,23.41395691609977,23.493956916099773,21.00488662131519,21.084886621315192,80.0,80.0,3.307901007061647,3.3045012312429476,2.691650390625
E_open,27,body,23.493956916099773,23.658956916099772,21.084886621315192,21.24988662131519,164.98866213151928,164.98866213151928,6.82207702023258,6.815065464434151,1.3458251953125
E_open,27,sustain,23.658956916099772,23.82895691609977,21.24988662131519,21.41988662131519,170.0,170.0,7.029289640006,7.022065116391263,1.3458251953125
E_open,27,decay,23.778956916099773,23.89895691609977,21.369886621315192,21.48988662131519,119.97732426303854,119.97732426303854,4.9609138969283375,4.955815196855565,1.3458251953125
E_open,28,attack,23.948480725623583,24.023480725623582,21.55392290249433,21.62892290249433,74.98866213151928,74.98866213151928,3.101329110737722,3.067272709234214,2.691650390625
E_open,28,stabilization,24.023480725623582,24.103480725623584,21.62892290249433,21.708922902494333,80.0,80.0,3.30858454873985,3.2722522280551276,2.691650390625
E_open,28,body,24.103480725623584,24.268480725623583,21.708922902494333,21.873922902494332,165.01133786848072,165.01133786848072,6.824424535481828,6.749483974931168,1.3458251953125
E_open,28,sustain,24.268480725623583,24.43848072562358,21.873922902494332,22.04392290249433,170.0,170.0,7.030742166072182,6.9535359846171465,1.3458251953125
E_open,28,decay,24.388480725623584,24.50848072562358,21.993922902494333,22.11392290249433,120.0,120.0,4.962876823109775,4.908378342082692,1.3458251953125
E_open,29,attack,24.56671201814059,24.641712018140588,22.140226757369614,22.215226757369614,74.98866213151928,74.98866213151928,3.1201430258448397,3.0961053218172183,2.691650390625
E_open,29,stabilization,24.641712018140588,24.72171201814059,22.215226757369614,22.295226757369615,80.0,80.0,3.3286557590506782,3.3030116647629715,2.691650390625
E_open,29,body,24.72171201814059,24.88671201814059,22.295226757369615,22.460226757369615,165.01133786848072,165.01133786848072,6.865824251307195,6.812929672471696,1.3458251953125
E_open,29,sustain,24.88671201814059,25.056712018140587,22.460226757369615,22.630226757369613,169.97732426303855,169.97732426303855,7.072449991452348,7.017963559825179,1.3458251953125
E_open,29,decay,25.00671201814059,25.126712018140587,22.580226757369616,22.700226757369613,120.0,119.97732426303854,4.992983638576018,4.953581269348322,1.3458251953125
E_open,30,attack,25.158820861678006,25.233820861678005,22.741043083900227,22.816043083900226,74.98866213151928,74.98866213151928,3.0905889625637846,3.0787644434070094,2.691650390625
E_open,30,stabilization,25.233820861678005,25.313820861678007,22.816043083900226,22.896043083900228,80.0,80.0,3.297126658580294,3.2845119311581277,2.691650390625
E_open,30,body,25.313820861678007,25.478820861678006,22.896043083900228,23.061043083900227,165.01133786848072,165.01133786848072,6.800791013177097,6.774771350067374,1.3458251953125
E_open,30,sustain,25.478820861678006,25.648820861678004,23.061043083900227,23.231043083900225,170.0,169.97732426303855,7.006394149483124,6.978656869603551,1.3458251953125
E_open,30,decay,25.598820861678007,25.718820861678005,23.181043083900228,23.301043083900225,120.0,119.97732426303854,4.94568998787044,4.925836912629721,1.3458251953125
E_open,31,attack,25.77124716553288,25.84624716553288,23.336054421768708,23.411054421768707,74.98866213151928,74.98866213151928,3.098586097138626,3.1058655352649147,2.691650390625
E_open,31,stabilization,25.84624716553288,25.92624716553288,23.411054421768707,23.49105442176871,80.0,80.0,3.3056582251905273,3.31342413317648,2.691650390625
E_open,31,body,25.92624716553288,26.09124716553288,23.49105442176871,23.656054421768708,165.01133786848072,165.01133786848072,6.818388578432955,6.834406864264525,1.3458251953125
E_open,31,sustain,26.09124716553288,26.26124716553288,23.656054421768708,23.826054421768706,170.0,170.0,7.0245237285298705,7.041026283000019,1.3458251953125
E_open,31,decay,26.211247165532882,26.322331065759638,23.77605442176871,23.896054421768707,111.06575963718821,120.0,4.589318023521316,4.9701361997647195,1.3458251953125
E_open,32,attack,26.33433106575964,26.409331065759638,23.933968253968253,24.008968253968252,74.98866213151928,74.98866213151928,3.1007209128375552,3.1027375609762964,2.691650390625
E_open,32,stabilization,26.409331065759638,26.48933106575964,24.008968253968252,24.088968253968254,80.0,80.0,3.307935706226458,3.3100871228074915,2.691650390625
E_open,32,body,26.48933106575964,26.65433106575964,24.088968253968254,24.253968253968253,165.01133786848072,165.01133786848072,6.823086205841817,6.827523807446177,1.3458251953125
E_open,32,sustain,26.65433106575964,26.824331065759637,24.253968253968253,24.42396825396825,170.0,169.97732426303855,7.029363375731222,7.032996902654466,1.3458251953125
E_open,32,decay,26.77433106575964,26.894331065759637,24.373968253968254,24.49396825396825,120.0,120.0,4.961903559339686,4.965130684211237,1.3458251953125
E_open,33,attack,26.923537414965985,26.998537414965984,24.58122448979592,24.656224489795918,74.98866213151928,74.98866213151928,3.1629463693951987,3.100013493954486,2.691650390625
E_open,33,stabilization,26.998537414965984,27.078537414965986,24.656224489795918,24.73622448979592,80.0,80.0,3.3743195619069435,3.3071810119961977,2.691650390625
E_open,33,body,27.078537414965986,27.243537414965985,24.73622448979592,24.90122448979592,165.01133786848072,165.01133786848072,6.960012316325631,6.821529542034108,1.3458251953125
E_open,33,sustain,27.243537414965985,27.413537414965983,24.90122448979592,25.071224489795917,169.97732426303855,170.0,7.169472629267134,7.027759650491921,1.3458251953125
E_open,33,decay,27.363537414965986,27.483537414965983,25.02122448979592,25.13521088435374,119.97732426303854,113.96825396825398,5.060522903075294,4.7114205686771236,1.3458251953125
E_open,34,attack,27.533061224489796,27.608061224489795,25.14721088435374,25.22221088435374,74.98866213151928,74.98866213151928,3.094576291175931,3.0920595015129813,2.691650390625
E_open,34,stabilization,27.608061224489795,27.688061224489797,25.22221088435374,25.30221088435374,80.0,80.0,3.3013804521526113,3.2986954706192315,2.691650390625
E_open,34,body,27.688061224489797,27.853061224489796,25.30221088435374,25.46721088435374,165.01133786848072,165.01133786848072,6.809565065281903,6.804026910344713,1.3458251953125
E_open,34,sustain,27.853061224489796,28.023061224489794,25.46721088435374,25.63721088435374,170.0,169.97732426303855,7.015433460824299,7.00879287068077,1.3458251953125
E_open,34,decay,27.973061224489797,28.093061224489794,25.58721088435374,25.70721088435374,120.0,119.97732426303854,4.952070678228917,4.947108201543751,1.3458251953125
E_open,35,attack,28.130975056689344,28.205975056689343,25.79156462585034,25.86656462585034,74.98866213151928,74.98866213151928,3.13940533143684,3.1292097074816865,2.691650390625
E_open,35,stabilization,28.205975056689343,28.285975056689345,25.86656462585034,25.946564625850343,80.0,80.0,3.3492053248591387,3.338328348350587,2.691650390625
E_open,35,body,28.285975056689345,28.450975056689344,25.946564625850343,26.11156462585034,165.01133786848072,165.01133786848072,6.908210643140575,6.885775337570073,1.3458251953125
E_open,35,sustain,28.450975056689344,28.620975056689343,26.11156462585034,26.28156462585034,170.0,170.0,7.117061315325669,7.093947740244997,1.3458251953125
E_open,35,decay,28.570975056689345,28.690975056689343,26.231564625850343,26.35156462585034,120.0,120.0,5.023807987288707,5.0074925225258795,1.3458251953125
E_open,36,attack,28.737596371882088,28.812596371882087,26.949659863945577,27.024659863945576,74.98866213151928,74.98866213151928,3.135717707726177,3.133466066698894,2.691650390625
E_open,36,stabilization,28.812596371882087,28.89259637188209,27.024659863945576,27.104659863945578,80.0,80.0,3.345271264849698,3.3428691512892943,2.691650390625
E_open,36,body,28.89259637188209,29.057596371882088,27.104659863945578,27.269659863945577,165.01133786848072,165.01133786848072,6.900096086822917,6.895141387168989,1.3458251953125
E_open,36,sustain,29.057596371882088,29.227596371882086,27.269659863945577,27.439659863945575,170.0,169.97732426303855,7.108701437805609,7.10264942122011,1.3458251953125
E_open,36,decay,29.17759637188209,29.297596371882086,27.389659863945578,27.509659863945576,120.0,120.0,5.017906897274547,5.014303726933941,1.3458251953125
E_open,37,attack,29.332607709750565,29.407607709750565,27.527256235827664,27.602256235827664,74.98866213151928,74.98866213151928,3.1157520865717157,3.1170117745562385,2.691650390625
E_open,37,stabilization,29.407607709750565,29.487607709750566,27.602256235827664,27.682256235827666,80.0,80.0,3.3239713823480534,3.3253152526865466,2.691650390625
E_open,37,body,29.487607709750566,29.652607709750566,27.682256235827666,27.847256235827665,165.01133786848072,165.01133786848072,6.856162060472445,6.858933983503402,1.3458251953125
E_open,37,sustain,29.652607709750566,29.822607709750564,27.847256235827665,28.017256235827663,169.97732426303855,170.0,7.062497018730445,7.066294911958911,1.3458251953125
E_open,37,decay,29.772607709750567,29.892607709750564,27.967256235827666,28.087256235827663,119.97732426303854,120.0,4.985014904762911,4.98797287902982,1.3458251953125
E_open,38,attack,29.930521541950114,30.005521541950113,28.136780045351475,28.211780045351475,74.98866213151928,74.98866213151928,3.0973154544288515,3.0899741866359647,2.691650390625
E_open,38,stabilization,30.005521541950113,30.085521541950115,28.211780045351475,28.291780045351477,80.0,80.0,3.304302668045052,3.2964707984432065,2.691650390625
E_open,38,body,30.085521541950115,30.250521541950114,28.291780045351477,28.456780045351476,165.01133786848072,165.01133786848072,6.815592549706305,6.799438208693655,1.3458251953125
E_open,38,sustain,30.250521541950114,30.420521541950112,28.456780045351476,28.626780045351474,170.0,170.0,7.021643169595736,7.005000446691813,1.3458251953125
E_open,38,decay,30.370521541950115,30.490521541950113,28.576780045351477,28.696780045351474,120.0,120.0,4.956454002067578,4.944706197664809,1.3458251953125
E_open,39,attack,30.545850340136056,30.620850340136055,28.717278911564627,28.792278911564626,74.98866213151928,74.98866213151928,3.1156805574459683,3.086849302751817,2.691650390625
E_open,39,stabilization,30.620850340136055,30.700850340136057,28.792278911564626,28.872278911564628,80.0,80.0,3.3238950730781305,3.293137085004055,2.691650390625
E_open,39,body,30.700850340136057,30.865850340136056,28.872278911564628,29.037278911564627,165.01133786848072,165.01133786848072,6.856004661788422,6.792561952260348,1.3458251953125
E_open,39,sustain,30.865850340136056,31.035850340136054,29.037278911564627,29.207278911564625,170.0,170.0,7.063277030291026,6.997916305633617,1.3458251953125
E_open,39,decay,30.985850340136057,31.105850340136055,29.157278911564628,29.277278911564625,120.0,120.0,4.985842609617195,4.939705627506083,1.3458251953125
E_open,40,attack,31.135056689342402,31.2100566893424,29.335510204081633,29.410510204081632,74.98866213151928,74.98866213151928,3.087888965371834,3.1061472195206306,2.691650390625
E_open,40,stabilization,31.2100566893424,31.290056689342403,29.410510204081632,29.490510204081634,80.0,80.0,3.294246226136024,3.313724641810942,2.691650390625
E_open,40,body,31.290056689342403,31.455056689342403,29.490510204081634,29.655510204081633,165.01133786848072,165.01133786848072,6.794849713036237,6.835026705912195,1.3458251953125
E_open,40,sustain,31.455056689342403,31.6250566893424,29.655510204081633,29.82551020408163,169.97732426303855,170.0,6.999339487277674,7.0416648638482515,1.3458251953125
E_open,40,decay,31.575056689342404,31.6950566893424,29.775510204081634,29.89551020408163,120.0,120.0,4.941369339204035,4.970586962716412,1.3458251953125
E_open,41,attack,31.759092970521543,31.834092970521542,29.921814058956915,29.996814058956915,74.98866213151928,74.98866213151928,3.1561020854339685,3.145571821125597,2.691650390625
E_open,41,stabilization,31.834092970521542,31.914092970521544,29.996814058956915,30.076814058956916,80.0,80.0,3.367017888542801,3.355783908355339,2.691650390625
E_open,41,body,31.914092970521544,32.07909297052154,30.076814058956916,30.241814058956916,165.01133786848072,165.01133786848072,6.944951580194433,6.92177990394042,1.3458251953125
E_open,41,sustain,32.07909297052154,32.249092970521545,30.241814058956916,30.411814058956914,170.0,170.0,7.15491301315345,7.131040805255096,1.3458251953125
E_open,41,decay,32.19909297052154,32.319092970521545,30.361814058956917,30.481814058956914,120.0,120.0,5.0505268328142,5.033675862533008,1.3458251953125
E_open,42,attack,32.35700680272109,32.43200680272109,30.537142857142857,30.612142857142857,74.98866213151928,74.98866213151928,3.1083973575306176,3.1009845448311126,2.691650390625
E_open,42,stabilization,32.43200680272109,32.51200680272109,30.612142857142857,30.69214285714286,80.0,80.0,3.3161251519104984,3.3082169562032546,2.691650390625
E_open,42,body,32.51200680272109,32.67700680272109,30.69214285714286,30.857142857142858,165.01133786848072,165.01133786848072,6.839978098200878,6.823666323778653,1.3458251953125
E_open,42,sustain,32.67700680272109,32.84700680272109,30.857142857142858,31.027142857142856,170.0,170.0,7.04676594780981,7.029961031931917,1.3458251953125
E_open,42,decay,32.797006802721086,32.91700680272109,30.97714285714286,31.097142857142856,120.02267573696145,120.0,4.975127672636697,4.962325434304883,1.3458251953125
E_open,43,attack,32.99265306122449,33.06765306122449,31.135056689342402,31.2100566893424,74.98866213151928,74.98866213151928,3.101464702335979,3.0943417210183854,2.691650390625
E_open,43,stabilization,33.06765306122449,33.14765306122449,31.2100566893424,31.290056689342403,80.0,80.0,3.3087292016453995,3.3011302061544794,2.691650390625
E_open,43,body,33.14765306122449,33.31265306122449,31.290056689342403,31.455056689342403,165.01133786848072,165.01133786848072,6.82472290260022,6.809048897445053,1.3458251953125
E_open,43,sustain,33.31265306122449,33.48265306122449,31.455056689342403,31.6250566893424,170.0,169.97732426303855,7.031049553496473,7.013965993575391,1.3458251953125
E_open,43,decay,33.432653061224485,33.54663945578231,31.575056689342404,31.6950566893424,113.99092970521542,120.0,4.714563972979428,4.951695309231719,1.3458251953125
E_open,44,attack,33.55863945578231,33.633639455782316,31.750385487528344,31.825385487528344,74.98866213151928,74.98866213151928,3.1025304917191545,3.096177833798867,2.691650390625
E_open,44,stabilization,33.633639455782316,33.713639455782314,31.825385487528344,31.905385487528346,80.0,80.0,3.309866215538306,3.3030890225710317,2.691650390625
E_open,44,body,33.713639455782314,33.87863945578231,31.905385487528346,32.07038548752834,165.01133786848072,164.98866213151928,6.827068154895763,6.812152984191277,1.3458251953125
E_open,44,sustain,33.87863945578231,34.048639455782315,32.07038548752834,32.24038548752834,170.0,170.02267573696145,7.033465708018899,7.020000422686393,1.3458251953125
E_open,44,decay,33.99863945578231,34.11262585034014,32.190385487528346,32.31038548752834,113.96825396825398,120.0,4.715245918167666,4.954633533856548,1.3458251953125
E_open,45,attack,34.12462585034014,34.19962585034014,32.35120181405896,32.42620181405896,74.98866213151928,74.98866213151928,3.1047073224662314,3.090482717017098,2.691650390625
E_open,45,stabilization,34.19962585034014,34.27962585034014,32.42620181405896,32.50620181405896,80.0,80.0,3.3121885194015315,3.29701331286251,2.691650390625
E_open,45,body,34.27962585034014,34.44462585034014,32.50620181405896,32.67120181405896,165.01133786848072,165.01133786848072,6.831858235738362,6.800557221570433,1.3458251953125
E_open,45,sustain,34.44462585034014,34.61462585034014,32.67120181405896,32.84120181405896,170.0,170.0,7.038400603728254,7.006153289832834,1.3458251953125
E_open,45,decay,34.564625850340136,34.68462585034014,32.79120181405896,32.91120181405896,120.0,120.0,4.968282779102297,4.945519969293764,1.3458251953125
E_open,46,attack,34.73705215419501,34.812052154195015,32.934603174603176,33.00960317460318,74.98866213151928,74.98866213151928,3.094103646644516,3.0877175078802064,2.691650390625
E_open,46,stabilization,34.812052154195015,34.892052154195014,33.00960317460318,33.08960317460318,80.0,80.0,3.300876221760464,3.294063310493307,2.691650390625
E_open,46,body,34.892052154195014,35.05705215419501,33.08960317460318,33.254603174603176,165.01133786848072,165.01133786848072,6.808525018636875,6.794472423599716,1.3458251953125
E_open,46,sustain,35.05705215419501,35.227052154195015,33.254603174603176,33.42460317460318,170.0,170.0,7.014361971240985,6.999884534798278,1.3458251953125
E_open,46,decay,35.17705215419501,35.28813605442177,33.37460317460317,33.49460317460318,111.06575963718821,120.0,4.58267906297697,4.941094965739961,1.3458251953125
E_open,47,attack,35.30013605442177,35.37513605442177,34.16816326530612,34.24316326530612,74.98866213151928,74.98866213151928,3.0967934482357147,3.084053033242673,2.691650390625
E_open,47,stabilization,35.37513605442177,35.45513605442177,34.24316326530612,34.32316326530612,80.0,80.0,3.303745777252979,3.2901539465618836,2.691650390625
E_open,47,body,35.45513605442177,35.62013605442177,34.32316326530612,34.48816326530612,165.01133786848072,165.01133786848072,6.814443883523222,6.786408806442978,1.3458251953125
E_open,47,sustain,35.62013605442177,35.79013605442177,34.48816326530612,34.65816326530612,170.0,170.0,7.02045977666258,6.991577136444003,1.3458251953125
E_open,47,decay,35.74013605442177,35.86013605442177,34.60816326530612,34.72816326530612,120.0,120.02267573696145,4.955618665879469,4.936163503161012,1.3458251953125
E_open,48,attack,35.91546485260771,35.990464852607715,34.77478458049887,34.84978458049887,74.98866213151928,74.98866213151928,3.119191492410993,3.093264799320552,2.691650390625
E_open,48,stabilization,35.990464852607715,36.070464852607714,34.84978458049887,34.92978458049887,80.0,80.0,3.3276406365969105,3.299981315997251,2.691650390625
E_open,48,body,36.070464852607714,36.23546485260771,34.92978458049887,35.09478458049887,165.01133786848072,165.01133786848072,6.863730417379738,6.8066791486712,1.3458251953125
E_open,48,sustain,36.23546485260771,36.405464852607714,35.09478458049887,35.26478458049887,170.0,170.0,7.071236352768435,7.012460296494158,1.3458251953125
E_open,48,decay,36.35546485260771,36.475464852607715,35.214784580498865,35.33478458049887,120.0,120.0,4.9914609548953655,4.949971973995876,1.3458251953125
E_open,49,attack,36.516281179138325,36.59128117913833,35.384308390022674,35.45930839002268,74.98866213151928,74.98866213151928,3.119530787515887,3.099359437066326,2.691650390625
E_open,49,stabilization,36.59128117913833,36.671281179138326,35.45930839002268,35.539308390022676,80.0,80.0,3.3280026060949646,3.30648324583308,2.691650390625
E_open,49,body,36.671281179138326,36.836281179138325,35.539308390022676,35.704308390022675,165.01133786848072,165.01133786848072,6.864477030769009,6.820090300432916,1.3458251953125
E_open,49,sustain,36.836281179138325,37.00628117913833,35.704308390022675,35.87430839002268,170.0,170.0,7.072005537951801,7.026276897395297,1.3458251953125
E_open,49,decay,36.95628117913832,37.07628117913833,35.82430839002267,35.94430839002268,120.0,120.02267573696145,4.992003909142447,4.960662080553996,1.3458251953125
E_open,50,attack,37.12580498866213,37.200804988662135,35.98512471655329,36.06012471655329,74.98866213151928,74.98866213151928,3.0804029188149595,3.085626376373041,2.691650390625
E_open,50,stabilization,37.200804988662135,37.28080498866213,36.06012471655329,36.14012471655329,80.0,80.0,3.2862599025035313,3.291832432973719,2.691650390625
E_open,50,body,37.28080498866213,37.44580498866213,36.14012471655329,36.30512471655329,165.01133786848072,165.01133786848072,6.778376788695635,6.789870922548117,1.3458251953125
E_open,50,sustain,37.44580498866213,37.615804988662134,36.30512471655329,36.47512471655329,170.0,170.0,6.983302292820005,6.995143920069153,1.3458251953125
E_open,50,decay,37.56580498866213,37.685804988662134,36.425124716553285,36.54512471655329,120.0,120.02267573696145,4.929389853755297,4.93868170854022,1.3458251953125
E_open,51,attack,38.31002267573696,38.38502267573696,36.58884353741497,36.66384353741497,74.98866213151928,74.98866213151928,3.0569967007978343,3.07549836800733,2.691650390625
E_open,51,stabilization,38.38502267573696,38.46502267573696,36.66384353741497,36.74384353741497,80.0,80.0,3.261289495136002,3.281027590665213,2.691650390625
E_open,51,body,38.46502267573696,38.63002267573696,36.74384353741497,36.90884353741497,165.01133786848072,165.01133786848072,6.7268717846101715,6.767584403988309,1.3458251953125
E_open,51,sustain,38.63002267573696,38.80002267573696,36.90884353741497,37.07884353741497,170.0,170.0,6.930240177164006,6.972183630163577,1.3458251953125
E_open,51,decay,38.75002267573696,38.87002267573696,37.028843537414964,37.14884353741497,120.02267573696145,120.0,4.892858644488339,4.921541385997819,1.3458251953125
E_open,52,attack,38.96018140589569,39.03518140589569,37.20417233560091,37.27917233560091,74.98866213151928,74.98866213151928,3.131899445313125,3.10174155296995,2.691650390625
E_open,52,stabilization,39.03518140589569,39.11518140589569,37.27917233560091,37.35917233560091,80.0,80.0,3.341197835822408,3.309024553637129,2.691650390625
E_open,52,body,39.11518140589569,39.28018140589569,37.35917233560091,37.52417233560091,165.01133786848072,165.01133786848072,6.8916940621541,6.825332107941437,1.3458251953125
E_open,52,sustain,39.28018140589569,39.45018140589569,37.52417233560091,37.69417233560091,170.0,170.0,7.1000454011226175,7.031677176478899,1.3458251953125
E_open,52,decay,39.40018140589569,39.52018140589569,37.644172335600906,37.76417233560091,120.02267573696145,120.0,5.012743805274378,4.963536830455693,1.3458251953125
E_open,53,attack,39.58712018140589,39.662120181405896,37.79047619047619,37.865476190476194,74.98866213151928,74.98866213151928,3.152614308386088,3.1095392928688117,2.691650390625
E_open,53,stabilization,39.662120181405896,39.742120181405895,37.865476190476194,37.94547619047619,80.0,80.0,3.363297030537078,3.317343400435793,2.691650390625
E_open,53,body,39.742120181405895,39.907120181405894,37.94547619047619,38.11047619047619,165.01133786848072,165.01133786848072,6.937276783225147,6.8424909084385686,1.3458251953125
E_open,53,sustain,39.907120181405894,40.077120181405895,38.11047619047619,38.28047619047619,170.0,170.0,7.14700618989129,7.049354725926062,1.3458251953125
E_open,53,decay,40.02712018140589,40.147120181405896,38.23047619047619,38.35047619047619,120.02267573696145,120.0,5.045898861290463,4.976015100653689,1.3458251953125
E_open,54,attack,40.170521541950116,40.24552154195012,38.41451247165533,38.48951247165533,74.98866213151928,74.98866213151928,3.0637861046070896,3.106002629851048,2.691650390625
E_open,54,stabilization,40.24552154195012,40.32552154195012,38.48951247165533,38.56951247165533,80.0,80.0,3.2685326208206265,3.31357038951149,2.691650390625
E_open,54,body,40.32552154195012,40.490521541950116,38.56951247165533,38.73451247165533,165.01133786848072,165.01133786848072,6.74181175785479,6.834708538683421,1.3458251953125
E_open,54,sustain,40.490521541950116,40.66052154195012,38.73451247165533,38.90451247165533,170.0,170.0,6.9456318192438316,7.0413370777119155,1.3458251953125
E_open,54,decay,40.61052154195011,40.727410430839,38.854512471655326,38.97451247165533,116.87074829931973,120.02267573696145,4.7749481654505415,4.971294804899182,1.3458251953125
E_open,55,attack,40.739410430839,40.814410430839004,38.98920634920635,39.06420634920635,74.98866213151928,74.98866213151928,3.1050868605643753,3.1055594465413012,2.691650390625
E_open,55,stabilization,40.814410430839004,40.894410430839,39.06420634920635,39.14420634920635,80.0,80.0,3.312593421249203,3.3130975891737866,2.691650390625
E_open,55,body,40.894410430839,41.059410430839,39.14420634920635,39.30920634920635,165.01133786848072,165.01133786848072,6.832693403183235,6.833733320980058,1.3458251953125
E_open,55,sustain,41.059410430839,41.229410430839,39.30920634920635,39.47920634920635,170.0,170.0,7.039261020154558,7.040332376994296,1.3458251953125
E_open,55,decay,41.179410430839,41.299410430839,39.429206349206346,39.54920634920635,120.02267573696145,120.02267573696145,4.969829075587311,4.970585470378926,1.3458251953125
E_open,56,attack,41.380861678004536,41.45586167800454,40.16471655328798,40.239716553287984,74.98866213151928,74.98866213151928,3.1143792079950092,3.1011908543648508,2.691650390625
E_open,56,stabilization,41.45586167800454,41.53586167800454,40.239716553287984,40.31971655328798,80.0,80.0,3.322506757123191,3.3084370529782867,2.691650390625
E_open,56,body,41.53586167800454,41.700861678004536,40.31971655328798,40.48471655328798,165.01133786848072,165.01133786848072,6.853141063374563,6.824120304570009,1.3458251953125
E_open,56,sustain,41.700861678004536,41.87086167800454,40.48471655328798,40.65471655328798,170.0,170.0,7.060326858886781,7.030428737578858,1.3458251953125
E_open,56,decay,41.82086167800453,41.94086167800454,40.60471655328798,40.72471655328798,120.0,120.02267573696145,4.983760135684786,4.963593345072015,1.3458251953125
E_open,57,attack,41.97297052154195,42.047970521541956,40.759727891156466,40.83472789115647,74.98866213151928,74.98866213151928,3.09777635639904,3.0927891468077306,2.691650390625
E_open,57,stabilization,42.047970521541956,42.127970521541954,40.83472789115647,40.91472789115647,80.0,80.0,3.3047943711447885,3.299473876606493,2.691650390625
E_open,57,body,42.127970521541954,42.29297052154195,40.91472789115647,41.079727891156466,165.01133786848072,165.01133786848072,6.8166067570353235,6.805632483011749,1.3458251953125
E_open,57,sustain,42.29297052154195,42.462970521541955,41.079727891156466,41.24972789115647,170.0,170.0,7.022688038682675,7.011381987788798,1.3458251953125
E_open,57,decay,42.41297052154195,42.532970521541955,41.19972789115646,41.31972789115647,120.0,120.0,4.957191556717182,4.94921081490974,1.3458251953125
E_open,58,attack,42.56798185941043,42.64298185941043,41.35473922902494,41.429739229024946,74.98866213151928,74.98866213151928,3.0866701773329055,3.097343924940921,2.691650390625
E_open,58,stabilization,42.64298185941043,42.72298185941043,41.429739229024946,41.509739229024945,80.0,80.0,3.292945989002265,3.3043330411828156,2.691650390625
E_open,58,body,42.72298185941043,42.88798185941043,41.509739229024945,41.674739229024944,165.01133786848072,165.01133786848072,6.79216778967389,6.8156551986075256,1.3458251953125
E_open,58,sustain,42.88798185941043,43.05798185941043,41.674739229024944,41.844739229024945,170.0,170.0,6.997510226629813,7.021707712513484,1.3458251953125
E_open,58,decay,43.00798185941043,43.11906575963719,41.79473922902494,41.914739229024946,111.08843537414965,120.0,4.572602721123043,4.956499561774224,1.3458251953125
E_open,59,attack,43.13106575963719,43.20606575963719,42.55637188208617,42.63137188208617,74.98866213151928,74.98866213151928,3.084121953192512,3.0993262920505336,2.691650390625
E_open,59,stabilization,43.20606575963719,43.28606575963719,42.63137188208617,42.71137188208617,80.0,80.0,3.290227472290047,3.306447885804137,2.691650390625
E_open,59,body,43.28606575963719,43.45106575963719,42.71137188208617,42.87637188208617,165.01133786848072,165.01133786848072,6.7865604636776276,6.820017365361878,1.3458251953125
E_open,59,sustain,43.45106575963719,43.62106575963719,42.87637188208617,43.04637188208617,170.0,170.0,6.991733378616349,7.026201757333791,1.3458251953125
E_open,59,decay,43.571065759637186,43.69106575963719,42.996371882086166,43.11637188208617,120.0,120.0,4.93534120843507,4.959671828706206,1.3458251953125
E_open,60,attack,43.7318820861678,43.8068820861678,43.18621315192744,43.26121315192744,74.98866213151928,74.98866213151928,3.066137122316457,3.072129143974337,2.691650390625
E_open,60,stabilization,43.8068820861678,43.8868820861678,43.26121315192744,43.34121315192744,80.0,80.0,3.271040752202135,3.277433208328231,2.691650390625
E_open,60,body,43.8868820861678,44.0518820861678,43.34121315192744,43.50621315192744,165.01133786848072,165.01133786848072,6.746985134289948,6.7601704810103564,1.3458251953125
E_open,60,sustain,44.0518820861678,44.2218820861678,43.50621315192744,43.67621315192744,170.0,170.0,6.9509615984295365,6.964545567697491,1.3458251953125
E_open,60,decay,44.1718820861678,44.2918820861678,43.62621315192744,43.7198820861678,120.0,93.65079365079364,4.906561128303202,3.8366777637175717,1.3458251953125
E_open,61,attack,44.32689342403628,44.40189342403628,43.7318820861678,43.8068820861678,75.01133786848072,74.98866213151928,3.098959864085774,3.11344071894214,2.691650390625
E_open,61,stabilization,44.40189342403628,44.48189342403628,43.8068820861678,43.8868820861678,80.0,80.0,3.305057557586036,3.321505550779519,2.691650390625
E_open,61,body,44.48189342403628,44.64689342403628,43.8868820861678,44.0518820861678,164.98866213151928,165.01133786848072,6.8162128086723355,6.851075933396418,1.3458251953125
E_open,61,sustain,44.64689342403628,44.81689342403628,44.0518820861678,44.2218820861678,170.02267573696145,170.0,7.024184117568057,7.058199295406479,1.3458251953125
E_open,61,decay,44.766893424036276,44.84314739229025,44.1718820861678,44.2918820861678,76.25850340136054,120.0,3.150484287460839,4.982258326169279,2.691650390625
E_open,62,attack,44.85514739229025,44.93014739229025,44.329795918367346,44.40479591836735,74.98866213151928,74.98866213151928,3.101699766278657,3.1060836536298684,2.691650390625
E_open,62,stabilization,44.93014739229025,45.01014739229025,44.40479591836735,44.48479591836735,80.0,80.0,3.3089799744273067,3.313656827942599,2.691650390625
E_open,62,body,45.01014739229025,45.17514739229025,44.48479591836735,44.649795918367346,165.01133786848072,165.01133786848072,6.825240157003262,6.834886830197928,1.3458251953125
E_open,62,sustain,45.17514739229025,45.34514739229025,44.649795918367346,44.81979591836735,170.0,170.0,7.031582445658025,7.041520759378022,1.3458251953125
E_open,62,decay,45.29514739229025,45.41514739229025,44.76979591836734,44.88979591836735,120.02267573696145,120.02267573696145,4.964407881134845,4.971424487046535,1.3458251953125
E_open,63,attack,45.522721088435375,45.59772108843538,44.94512471655329,45.02012471655329,74.98866213151928,74.98866213151928,3.091488898696352,3.0970242626244286,2.691650390625
E_open,63,stabilization,45.59772108843538,45.677721088435376,45.02012471655329,45.10012471655329,80.0,80.0,3.298086735591391,3.303992016491982,2.691650390625
E_open,63,body,45.677721088435376,45.842721088435376,45.10012471655329,45.26512471655329,165.01133786848072,165.01133786848072,6.802771308077821,6.814951786851516,1.3458251953125
E_open,63,sustain,45.842721088435376,46.01272108843538,45.26512471655329,45.43512471655329,170.0,170.0,7.008434313131706,7.020983035045461,1.3458251953125
E_open,63,decay,45.96272108843537,46.07380498866213,45.385124716553285,45.50512471655329,111.06575963718821,120.0,4.578806357972401,4.955988024737972,1.3458251953125
E_open,64,attack,46.715646258503405,46.79064625850341,45.54303854875283,45.618038548752835,74.98866213151928,74.98866213151928,3.0932660327466888,3.122403052507186,2.691650390625
E_open,64,stabilization,46.79064625850341,46.870646258503406,45.618038548752835,45.698038548752834,80.0,80.0,3.299982631850716,3.3310668186408687,2.691650390625
E_open,64,body,46.870646258503406,47.035646258503405,45.698038548752834,45.86303854875283,165.01133786848072,165.01133786848072,6.806681862805459,6.87079740341542,1.3458251953125
E_open,64,sustain,47.035646258503405,47.20564625850341,45.86303854875283,46.033038548752835,170.0,170.0,7.012463092682772,7.078516989611845,1.3458251953125
E_open,64,decay,47.1556462585034,47.27564625850341,45.98303854875283,46.103038548752835,120.0,120.02267573696145,4.949973947776074,4.997544407898559,1.3458251953125
E_open,65,attack,47.34839002267574,47.42339002267574,46.19319727891156,46.268197278911565,74.98866213151928,75.01133786848072,3.082075308869086,3.110419799415263,2.691650390625
E_open,65,stabilization,47.42339002267574,47.50339002267574,46.268197278911565,46.34819727891156,80.0,80.0,3.288044054941075,3.317279640972506,2.691650390625
E_open,65,body,47.50339002267574,47.66839002267574,46.34819727891156,46.51319727891156,165.01133786848072,165.01133786848072,6.7820568559541385,6.842359395509333,1.3458251953125
E_open,65,sustain,47.66839002267574,47.83839002267574,46.51319727891156,46.683197278911564,170.0,170.0,6.987093616749784,7.049219237066575,1.3458251953125
E_open,65,decay,47.788390022675735,47.90839002267574,46.63319727891156,46.753197278911564,120.0,120.02267573696145,4.9320660824116125,4.9768597334658375,1.3458251953125
E_open,66,attack,47.92308390022676,47.99808390022676,46.78530612244898,46.86030612244898,74.98866213151928,74.98866213151928,3.061932855433716,3.0946859503358253,2.691650390625
E_open,66,stabilization,47.99808390022676,48.07808390022676,46.86030612244898,46.94030612244898,80.0,80.0,3.266555522821333,3.301497439608344,2.691650390625
E_open,66,body,48.07808390022676,48.24308390022676,46.94030612244898,47.10530612244898,165.01133786848072,165.01133786848072,6.737733713030284,6.809806368489205,1.3458251953125
E_open,66,sustain,48.24308390022676,48.41308390022676,47.10530612244898,47.27530612244898,170.0,170.0,6.941430485995333,7.01568205916773,1.3458251953125
E_open,66,decay,48.363083900226755,48.48308390022676,47.22530612244898,47.34530612244898,120.0,120.0,4.899833284232,4.952246159412516,1.3458251953125
E_open,67,attack,48.51229024943311,48.58729024943311,47.37160997732426,47.446609977324265,74.98866213151928,74.98866213151928,3.095390797893846,3.1040441034142794,2.691650390625
E_open,67,stabilization,48.58729024943311,48.66729024943311,47.446609977324265,47.52660997732426,80.0,80.0,3.3022493906771966,3.3114809787860837,2.691650390625
E_open,67,body,48.66729024943311,48.83229024943311,47.52660997732426,47.69160997732426,165.01133786848072,165.01133786848072,6.811357374137744,6.8303988329439695,1.3458251953125
E_open,67,sustain,48.83229024943311,49.00229024943311,47.69160997732426,47.861609977324264,170.0,170.0,7.017279955189044,7.036897079920427,1.3458251953125
E_open,67,decay,48.952290249433105,49.07229024943311,47.81160997732426,47.931609977324264,120.0,120.0,4.9533740860157955,4.967221468179125,1.3458251953125
E_open,68,attack,49.121814058956915,49.19681405895692,47.95210884353742,48.02710884353742,74.98866213151928,74.98866213151928,3.101264312524067,3.1032464404623656,2.691650390625
E_open,68,stabilization,49.19681405895692,49.276814058956916,48.02710884353742,48.10710884353742,80.0,80.0,3.3085154201950133,3.3106300096616947,2.691650390625
E_open,68,body,49.276814058956916,49.441814058956915,48.10710884353742,48.27210884353742,165.01133786848072,165.01133786848072,6.824281948060972,6.82864358852272,1.3458251953125
E_open,68,sustain,49.441814058956915,49.61181405895692,48.27210884353742,48.44210884353742,170.0,170.0,7.0305952679144035,7.035088770531102,1.3458251953125
E_open,68,decay,49.56181405895691,49.68181405895692,48.392108843537414,48.51210884353742,120.0,120.0,4.96277313029252,4.965945014492543,1.3458251953125
E_open,69,attack,49.70231292517007,49.77731292517007,48.55002267573696,48.625022675736965,74.98866213151928,74.98866213151928,3.095415130910869,3.110616421947934,2.691650390625
E_open,69,stabilization,49.77731292517007,49.85731292517007,48.625022675736965,48.70502267573696,80.0,80.0,3.3022753498196384,3.3184925118331754,2.691650390625
E_open,69,body,49.85731292517007,50.02231292517007,48.70502267573696,48.87002267573696,165.01133786848072,165.01133786848072,6.811410918548046,6.844861113551594,1.3458251953125
E_open,69,sustain,50.02231292517007,50.19231292517007,48.87002267573696,49.040022675736964,170.0,170.0,7.0173351183667325,7.051796587645499,1.3458251953125
E_open,69,decay,50.14231292517007,50.26231292517007,48.99002267573696,49.110022675736964,120.0,120.0,4.953413024729458,4.977738767749764,1.3458251953125
E_open,70,attack,50.30312925170068,50.378129251700685,49.16244897959184,49.23744897959184,74.98866213151928,74.98866213151928,3.077783469041765,3.0759165158150483,2.691650390625
E_open,70,stabilization,50.378129251700685,50.45812925170068,49.23744897959184,49.31744897959184,80.0,80.0,3.2834654002961434,3.281473682429843,2.691650390625
E_open,70,body,50.45812925170068,50.62312925170068,49.31744897959184,49.48244897959184,165.01133786848072,165.01133786848072,6.7726127318466665,6.76850453147448,1.3458251953125
E_open,70,sustain,50.62312925170068,50.793129251700684,49.48244897959184,49.65244897959184,170.0,170.0,6.977363975629305,6.973131575163416,1.3458251953125
E_open,70,decay,50.74312925170068,50.863129251700684,49.602448979591834,49.72244897959184,120.0,120.0,4.925198100444215,4.922210523644764,1.3458251953125
E_open,71,attack,51.55990929705215,51.634909297052154,49.786485260770974,49.861485260770976,74.98866213151928,74.98866213151928,3.0854730689744567,3.084552373567226,2.691650390625
E_open,71,stabilization,51.634909297052154,51.71490929705215,49.861485260770976,49.941485260770975,80.0,80.0,3.291668880357389,3.290686656772051,2.691650390625
E_open,71,body,51.71490929705215,51.87990929705215,49.941485260770975,50.106485260770974,165.01133786848072,165.01133786848072,6.789533572097709,6.787507596748927,1.3458251953125
E_open,71,sustain,51.87990929705215,52.04990929705215,50.106485260770974,50.276485260770976,170.0,170.0,6.994796370759451,6.9927091456406085,1.3458251953125
E_open,71,decay,51.99990929705215,52.11990929705215,50.22648526077097,50.346485260770976,120.02267573696145,120.0,4.938436333257273,4.9360299851580764,1.3458251953125
E_open,72,attack,52.14331065759637,52.218310657596376,50.39891156462585,50.47391156462585,74.98866213151928,74.98866213151928,3.068566657651333,3.0937381621682034,2.691650390625
E_open,72,stabilization,52.218310657596376,52.298310657596375,50.47391156462585,50.55391156462585,80.0,80.0,3.2736326483803757,3.3004863127092294,2.691650390625
E_open,72,body,52.298310657596375,52.463310657596374,50.55391156462585,50.71891156462585,165.01133786848072,165.01133786848072,6.7523312874897945,6.807720775959484,1.3458251953125
E_open,72,sustain,52.463310657596374,52.633310657596375,50.71891156462585,50.88891156462585,170.0,170.0,6.9564693778082995,7.013533414507112,1.3458251953125
E_open,72,decay,52.58331065759637,52.671174603174606,50.838911564625846,50.95891156462585,87.84580498866214,120.0,3.5946861904267506,4.950729469063843,2.691650390625
E_open,73,attack,52.683174603174606,52.75817460317461,50.991020408163266,51.06602040816327,74.98866213151928,74.98866213151928,3.147819147796979,3.120230175939987,2.691650390625
E_open,73,stabilization,52.75817460317461,52.83817460317461,51.06602040816327,51.14602040816327,80.0,80.0,3.3581814192403208,3.328748733207219,2.691650390625
E_open,73,body,52.83817460317461,53.00317460317461,51.14602040816327,51.311020408163266,165.01133786848072,165.01133786848072,6.926725109923984,6.866016023681671,1.3458251953125
E_open,73,sustain,53.00317460317461,53.17317460317461,51.311020408163266,51.48102040816327,170.0,170.0,7.136135515885681,7.0735910580653405,1.3458251953125
E_open,73,decay,53.123174603174604,53.24317460317461,51.43102040816326,51.55102040816327,120.0,120.0,5.037272128860481,4.993123099810829,1.3458251953125
E_open,74,attack,53.333333333333336,53.40833333333334,52.230385487528345,52.30538548752835,74.98866213151928,74.98866213151928,3.0845352182209758,3.093578296974128,2.691650390625
E_open,74,stabilization,53.40833333333334,53.48833333333334,52.30538548752835,52.385385487528346,80.0,80.0,3.2906683549693385,3.3003157640534386,2.691650390625
E_open,74,body,53.48833333333334,53.653333333333336,52.385385487528346,52.550385487528345,165.01133786848072,165.01133786848072,6.787469846687039,6.80736899518619,1.3458251953125
E_open,74,sustain,53.653333333333336,53.82333333333334,52.550385487528345,52.72038548752835,170.0,170.0,6.992670254309844,7.013170998613559,1.3458251953125
E_open,74,decay,53.77333333333333,53.89333333333334,52.67038548752834,52.79038548752835,120.0,120.0,4.936002532454007,4.950473646080159,1.3458251953125
E_open,75,attack,53.95736961451247,54.032369614512476,52.8108843537415,52.8858843537415,74.98866213151928,74.98866213151928,3.055568032629151,3.079402893701604,2.691650390625
E_open,75,stabilization,54.032369614512476,54.112369614512474,52.8858843537415,52.9658843537415,80.0,80.0,3.2597653520156165,3.28519304777117,2.691650390625
E_open,75,body,54.112369614512474,54.27736961451247,52.9658843537415,53.1308843537415,165.01133786848072,165.01133786848072,6.723728023417698,6.776176249611906,1.3458251953125
E_open,75,sustain,54.27736961451247,54.447369614512475,53.1308843537415,53.3008843537415,170.0,170.0,6.927001373033185,6.981035226513736,1.3458251953125
E_open,75,decay,54.39736961451247,54.46201360544217,53.2508843537415,53.3708843537415,64.62585034013605,120.0,2.633313847291527,4.927789571656755,2.691650390625
E_open,76,attack,54.474013605442174,54.54901360544218,53.38557823129252,53.46057823129252,74.98866213151928,74.98866213151928,3.138322320272324,3.1400792806704874,2.691650390625
E_open,76,stabilization,54.54901360544218,54.629013605442175,53.46057823129252,53.54057823129252,80.0,80.0,3.3480499382887077,3.3499243127322287,2.691650390625
E_open,76,body,54.629013605442175,54.794013605442174,53.54057823129252,53.70557823129252,165.01133786848072,165.01133786848072,6.905827494593801,6.909693657526198,1.3458251953125
E_open,76,sustain,54.794013605442174,54.964013605442176,53.70557823129252,53.87557823129252,170.0,170.0,7.114606118863505,7.118589164555986,1.3458251953125
E_open,76,decay,54.91401360544217,55.034013605442176,53.82557823129252,53.94557823129252,120.0,120.0,5.022074907433062,5.024886469098343,1.3458251953125
E_open,77,attack,55.10675736961451,55.181757369614516,54.53206349206349,54.607063492063496,74.98866213151928,74.98866213151928,3.1072006518993263,3.0997503919653857,2.691650390625
E_open,77,stabilization,55.181757369614516,55.261757369614514,54.607063492063496,54.687063492063494,80.0,80.0,3.3148484729062058,3.3069003274429636,2.691650390625
E_open,77,body,55.261757369614514,55.42675736961451,54.687063492063494,54.85206349206349,165.01133786848072,165.01133786848072,6.837344766819291,6.820950590363506,1.3458251953125
E_open,77,sustain,55.42675736961451,55.596757369614515,54.85206349206349,55.022063492063495,170.0,170.0,7.044053004925687,7.027163195816298,1.3458251953125
E_open,77,decay,55.54675736961451,55.666757369614515,54.97206349206349,55.092063492063495,120.0,120.0,4.972272709359308,4.960350491164446,1.3458251953125
E_open,78,attack,55.73369614512472,55.80869614512472,55.14448979591837,55.21948979591837,74.98866213151928,74.98866213151928,3.102876252220828,3.104289241286089,2.691650390625
E_open,78,stabilization,55.80869614512472,55.88869614512472,55.21948979591837,55.29948979591837,80.0,80.0,3.310235082502292,3.3117424987170616,2.691650390625
E_open,78,body,55.88869614512472,56.05369614512472,55.29948979591837,55.46448979591837,165.01133786848072,165.01133786848072,6.8278289952860485,6.830938254865095,1.3458251953125
E_open,78,sustain,56.05369614512472,56.22369614512472,55.46448979591837,55.63448979591837,170.0,170.0,7.034249550317371,7.037452809773755,1.3458251953125
E_open,78,decay,56.173696145124715,56.29369614512472,55.584489795918365,55.70448979591837,120.0,120.0,4.965352623753438,4.967613748075592,1.3458251953125
E_open,79,attack,56.357732426303855,56.43273242630386,55.74530612244898,55.82030612244898,74.98866213151928,74.98866213151928,3.100748723695114,3.1043796766823464,2.691650390625
E_open,79,stabilization,56.43273242630386,56.512732426303856,55.82030612244898,55.90030612244898,80.0,80.0,3.307965375626356,3.3118389777246198,2.691650390625
E_open,79,body,56.512732426303856,56.677732426303855,55.90030612244898,56.06530612244898,165.01133786848072,165.01133786848072,6.823147403183955,6.831137256491513,1.3458251953125
E_open,79,sustain,56.677732426303855,56.84773242630386,56.06530612244898,56.23530612244898,170.0,170.0,7.029426423206007,7.037657827664817,1.3458251953125
E_open,79,decay,56.79773242630385,56.90881632653061,56.18530612244898,56.30530612244898,111.06575963718821,120.0,4.592521091218225,4.96775846658693,1.3458251953125
E_open,80,attack,56.92081632653061,56.995816326530615,56.36353741496599,56.43853741496599,74.98866213151928,74.98866213151928,3.0944847075350297,3.1101298717754666,2.691650390625
E_open,80,stabilization,56.995816326530615,57.075816326530614,56.43853741496599,56.51853741496599,80.0,80.0,3.3012827481655833,3.3179734465146193,2.691650390625
E_open,80,body,57.075816326530614,57.24081632653061,56.51853741496599,56.68353741496599,165.01133786848072,165.01133786848072,6.809363536961722,6.8437904677683905,1.3458251953125
E_open,80,sustain,57.24081632653061,57.410816326530615,56.68353741496599,56.85353741496599,170.0,170.0,7.015225839851865,7.050693573843565,1.3458251953125
E_open,80,decay,57.36081632653061,57.480816326530615,56.80353741496599,56.92353741496599,120.0,120.0,4.951924122248375,4.976960169771929,1.3458251953125
E_open,81,attack,57.55936507936508,57.63436507936508,56.946938775510205,57.02193877551021,74.98866213151928,74.98866213151928,3.1001798525825883,3.1054355118596177,2.691650390625
E_open,81,stabilization,57.63436507936508,57.71436507936508,57.02193877551021,57.101938775510206,80.0,80.0,3.30735848802884,3.3129653721925405,2.691650390625
E_open,81,body,57.71436507936508,57.87936507936508,57.101938775510206,57.266938775510205,165.01133786848072,165.01133786848072,6.82189561150393,6.833460604718003,1.3458251953125
E_open,81,sustain,57.87936507936508,58.04936507936508,57.266938775510205,57.43693877551021,170.0,170.0,7.028136787061283,7.040051415909149,1.3458251953125
E_open,81,decay,57.99936507936508,58.11936507936508,57.3869387755102,57.50693877551021,120.0,120.0,4.961037732043259,4.969448058288811,1.3458251953125
E_open,82,attack,58.142766439909295,58.2177664399093,57.565170068027214,57.64017006802722,74.98866213151928,74.98866213151928,3.087872932581281,3.1047932574163646,2.691650390625
E_open,82,stabilization,58.2177664399093,58.297766439909296,57.64017006802722,57.720170068027215,80.0,80.0,3.294229121907094,3.3122801972074187,2.691650390625
E_open,82,body,58.297766439909296,58.462766439909295,57.720170068027215,57.885170068027215,165.01133786848072,165.01133786848072,6.79481443314,6.832047334205892,1.3458251953125
E_open,82,sustain,58.462766439909295,58.6327664399093,57.885170068027215,58.055170068027216,170.0,170.0,7.000236884052575,7.038595419065764,1.3458251953125
E_open,82,decay,58.58276643990929,58.7027664399093,58.00517006802721,58.12517006802722,120.0,120.0,4.941343682860641,4.9684202958111285,1.3458251953125
E_open,83,attack,58.72907029478458,58.80407029478458,58.171791383219954,58.24679138321996,74.98866213151928,74.98866213151928,3.0922283982022787,3.107627957178466,2.691650390625
E_open,83,stabilization,58.80407029478458,58.88407029478458,58.24679138321996,58.326791383219955,80.0,80.0,3.298875654326471,3.3153043341172146,2.691650390625
E_open,83,body,58.88407029478458,59.04907029478458,58.326791383219955,58.491791383219955,165.01133786848072,165.01133786848072,6.804398564777135,6.838285045173177,1.3458251953125
E_open,83,sustain,59.04907029478458,59.21907029478458,58.491791383219955,58.661791383219956,170.0,170.0,7.010110765443752,7.045021709999081,1.3458251953125
E_open,83,decay,59.169070294784575,59.28907029478458,58.61179138321995,58.73179138321996,120.02267573696145,120.0,4.949248536947283,4.972956501175822,1.3458251953125
E_open,84,attack,59.33278911564626,59.40778911564626,58.76680272108843,58.841802721088435,74.98866213151928,74.98866213151928,3.0834382080776086,3.1147618522987672,2.691650390625
E_open,84,stabilization,59.40778911564626,59.48778911564626,58.841802721088435,58.92180272108843,80.0,80.0,3.289498033897128,3.322914972757802,2.691650390625
E_open,84,body,59.48778911564626,59.65278911564626,58.92180272108843,59.08680272108843,165.01133786848072,165.01133786848072,6.785055893613777,6.853983065974638,1.3458251953125
E_open,84,sustain,59.65278911564626,59.82278911564626,59.08680272108843,59.256802721088434,170.0,170.0,6.990183322031398,7.061194317110329,1.3458251953125
E_open,84,decay,59.772789115646255,59.89278911564626,59.20680272108843,59.326802721088434,120.0,120.02267573696145,4.934247050845692,4.9853143284600465,1.3458251953125
E_open,85,attack,59.94231292517007,60.017312925170074,59.34730158730159,59.42230158730159,74.98866213151928,74.98866213151928,3.088936618457864,3.1144284766496817,2.691650390625
E_open,85,stabilization,60.017312925170074,60.09731292517007,59.42230158730159,59.50230158730159,80.0,80.0,3.2953638917203945,3.322559318300598,2.691650390625
E_open,85,body,60.09731292517007,60.26231292517007,59.50230158730159,59.66730158730159,165.01133786848072,165.01133786848072,6.7971550567033185,6.8532494782521125,1.3458251953125
E_open,85,sustain,60.26231292517007,60.43231292517007,59.66730158730159,59.83730158730159,170.0,170.0,7.002648269905838,7.060438551388771,1.3458251953125
E_open,85,decay,60.38231292517007,60.502312925170074,59.787301587301585,59.90730158730159,120.0,120.0,4.943045837580591,4.983838977450897,1.3458251953125
E_open,86,attack,60.528616780045354,60.60361678004536,59.971337868480724,60.04633786848073,74.98866213151928,74.98866213151928,3.094629249075776,3.1267469980403484,2.691650390625
E_open,86,stabilization,60.60361678004536,60.683616780045355,60.04633786848073,60.126337868480725,80.0,80.0,3.3014369491198483,3.3357010611086633,2.691650390625
E_open,86,body,60.683616780045355,60.848616780045354,60.126337868480725,60.291337868480724,165.01133786848072,165.01133786848072,6.809681598283769,6.880356185285641,1.3458251953125
E_open,86,sustain,60.848616780045354,61.018616780045356,60.291337868480724,60.461337868480726,170.0,170.0,7.015553516879677,7.088364754855909,1.3458251953125
E_open,86,decay,60.96861678004535,61.088616780045356,60.41133786848072,60.531337868480726,120.0,120.0,4.9521554236797725,5.003551591662995,1.3458251953125
E_open,87,attack,61.13814058956916,61.213140589569164,60.575056689342404,60.65005668934241,74.98866213151928,74.98866213151928,3.0981754129073034,3.109772156766231,2.691650390625
E_open,87,stabilization,61.213140589569164,61.29314058956916,60.65005668934241,60.730056689342405,80.0,80.0,3.3052200957777336,3.317591826147947,2.691650390625
E_open,87,body,61.29314058956916,61.45814058956916,60.730056689342405,60.895056689342404,165.01133786848072,165.01133786848072,6.817484874425898,6.84300332167761,1.3458251953125
E_open,87,sustain,61.45814058956916,61.62814058956916,60.895056689342404,61.065056689342406,170.0,170.0,7.023592703527683,7.049882630564388,1.3458251953125
E_open,87,decay,61.57814058956916,61.698140589569164,61.0150566893424,61.12614058956916,120.0,111.06575963718821,4.9578301436666,4.605885704215603,1.3458251953125
E_open,88,attack,61.7621768707483,61.8371768707483,61.13814058956916,61.213140589569164,74.98866213151928,74.98866213151928,3.089000365918906,3.0901536034721566,2.691650390625
E_open,88,stabilization,61.8371768707483,61.9171768707483,61.213140589569164,61.29314058956916,80.0,80.0,3.295431899292984,3.296662205337093,2.691650390625
E_open,88,body,61.9171768707483,62.0821768707483,61.29314058956916,61.45814058956916,165.01133786848072,165.01133786848072,6.797295331960047,6.799833012539124,1.3458251953125
E_open,88,sustain,62.0821768707483,62.2521768707483,61.45814058956916,61.62814058956916,170.0,170.0,7.002792785997592,7.0054071863413245,1.3458251953125
E_open,88,decay,62.202176870748296,62.3221768707483,61.57814058956916,61.698140589569164,120.0,120.0,4.943147848939477,4.944993308005641,1.3458251953125
E_open,89,attack,62.34848072562358,62.423480725623584,61.75637188208617,61.831371882086174,74.98866213151928,74.98866213151928,3.086995090349083,3.1274565613957153,2.691650390625
E_open,89,stabilization,62.423480725623584,62.50348072562358,61.831371882086174,61.91137188208617,80.0,80.0,3.2932926152862305,3.3364580431218878,2.691650390625
E_open,89,body,62.50348072562358,62.66848072562358,61.91137188208617,62.07637188208617,165.01133786848072,165.01133786848072,6.792882755509609,6.881917567969949,1.3458251953125
E_open,89,sustain,62.66848072562358,62.83848072562358,62.07637188208617,62.24637188208617,170.0,170.0,6.998246807483241,7.089973341634011,1.3458251953125
E_open,89,decay,62.78848072562358,62.90848072562358,62.19637188208617,62.31637188208617,120.0,120.0,4.939938922929346,5.004687064682831,1.3458251953125
E_open,90,attack,62.934784580498864,63.00978458049887,62.354285714285716,62.42928571428572,74.98866213151928,74.98866213151928,3.101199787734952,3.1081283812642893,2.691650390625
E_open,90,stabilization,63.00978458049887,63.089784580498865,62.42928571428572,62.50928571428572,80.0,80.0,3.308446583347115,3.315838200514186,2.691650390625
E_open,90,body,63.089784580498865,63.254784580498864,62.50928571428572,62.674285714285716,165.01133786848072,165.01133786848072,6.824139962306394,6.839386220278269,1.3458251953125
E_open,90,sustain,63.254784580498864,63.424784580498866,62.674285714285716,62.84428571428572,170.0,170.0,7.030448989612621,7.046156176092645,1.3458251953125
E_open,90,decay,63.37478458049886,63.494784580498866,62.794285714285714,62.91428571428572,120.0,120.0,4.962669875020673,4.973757300771279,1.3458251953125
E_open,91,attack,63.518185941043086,63.59318594104309,62.94929705215419,63.024297052154196,74.98866213151928,74.98866213151928,3.1014517398719392,3.1015020283269474,2.691650390625
E_open,91,stabilization,63.59318594104309,63.67318594104309,63.024297052154196,63.104297052154195,80.0,80.0,3.30871537292658,3.3087690220554795,2.691650390625
E_open,91,body,63.67318594104309,63.838185941043086,63.104297052154195,63.269297052154194,165.01133786848072,165.01133786848072,6.824694378907802,6.824805037839491,1.3458251953125
E_open,91,sustain,63.838185941043086,64.00818594104308,63.269297052154194,63.439297052154195,170.0,170.0,7.031020167468983,7.031134171867894,1.3458251953125
E_open,91,decay,63.958185941043084,64.07818594104309,63.38929705215419,63.509297052154196,120.0,120.0,4.96307305938987,4.9631535330832195,1.3458251953125
A_open,0,attack,2.449705215419501,2.5247052154195013,5.767256235827665,5.842256235827665,74.98866213151928,74.98866213151928,4.119253186241357,4.122969971687837,2.691650390625
A_open,0,stabilization,2.5247052154195013,2.604705215419501,5.842256235827665,5.922256235827665,80.0,80.0,4.3945343940306945,4.398499564594705,2.691650390625
A_open,0,body,2.604705215419501,2.769705215419501,5.922256235827665,6.087256235827665,165.01133786848072,165.01133786848072,9.064349995850728,9.072528722096278,1.3458251953125
A_open,0,sustain,2.769705215419501,2.939705215419501,6.087256235827665,6.257256235827665,169.97732426303855,170.0,9.337139970990387,9.34681157476375,1.3458251953125
A_open,0,decay,2.889705215419501,3.009705215419501,6.207256235827665,6.327256235827665,120.0,120.0,6.591801591046042,6.5977493468920585,1.3458251953125
A_open,1,attack,3.0650340136054424,3.1400340136054425,6.359365079365079,6.4343650793650795,74.98866213151928,74.98866213151928,4.120135125878739,4.1317547770450656,2.691650390625
A_open,1,stabilization,3.1400340136054425,3.220034013605442,6.4343650793650795,6.51436507936508,80.0,80.0,4.395475271877892,4.407871440403687,2.691650390625
A_open,1,body,3.220034013605442,3.385034013605442,6.51436507936508,6.67936507936508,165.01133786848072,165.01133786848072,9.066290689754938,9.091859544165994,1.3458251953125
A_open,1,sustain,3.385034013605442,3.555034013605442,6.67936507936508,6.8493650793650795,170.0,170.0,9.340384952740521,9.366726810857834,1.3458251953125
A_open,1,decay,3.5050340136054423,3.6250340136054424,6.79936507936508,6.919365079365079,120.0,120.0,6.593212907816839,6.6118071606055295,1.3458251953125
A_open,2,attack,3.6861678004535148,3.761167800453515,6.957278911564626,7.032278911564626,74.98866213151928,74.98866213151928,4.122317137269615,4.132602229289595,2.691650390625
A_open,2,stabilization,3.761167800453515,3.8411678004535146,7.032278911564626,7.112278911564626,80.0,80.0,4.397803102596674,4.408775526136585,2.691650390625
A_open,2,body,3.8411678004535146,4.006167800453515,7.112278911564626,7.277278911564626,165.01133786848072,165.01133786848072,9.071092170520409,9.093724349120162,1.3458251953125
A_open,2,sustain,4.006167800453515,4.1761678004535145,7.277278911564626,7.447278911564626,170.0,170.0,9.345331593017933,9.368647993040243,1.3458251953125
A_open,2,decay,4.126167800453515,4.246167800453515,7.3972789115646265,7.517278911564626,120.0,120.0,6.596704653895012,6.613163289204879,1.3458251953125
A_open,3,attack,4.310204081632653,4.385204081632653,7.566802721088435,7.641802721088435,74.98866213151928,74.98866213151928,4.122472980340781,4.133132080664028,2.691650390625
A_open,3,stabilization,4.385204081632653,4.4652040816326535,7.641802721088435,7.7218027210884355,80.0,80.0,4.397969360339364,4.409340786387267,2.691650390625
A_open,3,body,4.4652040816326535,4.6302040816326535,7.7218027210884355,7.8868027210884355,165.01133786848072,165.01133786848072,9.071435100677311,9.094890278497772,1.3458251953125
A_open,3,sustain,4.6302040816326535,4.800204081632653,7.8868027210884355,8.056802721088435,170.0,169.97732426303855,9.345684890721149,9.368599357924873,1.3458251953125
A_open,3,decay,4.750204081632654,4.870204081632654,8.006802721088436,8.126802721088435,120.0,120.0,6.596954040509046,6.6140111795809,1.3458251953125
A_open,4,attack,4.902312925170068,4.977312925170068,8.153106575963719,8.228106575963718,74.98866213151928,74.98866213151928,4.119801701128632,4.13351611353821,2.691650390625
A_open,4,stabilization,4.977312925170068,5.057312925170068,8.228106575963718,8.308106575963718,80.0,80.0,4.395119565038347,4.409750483387604,2.691650390625
A_open,4,body,5.057312925170068,5.222312925170068,8.308106575963718,8.473106575963719,165.01133786848072,165.01133786848072,9.065556993986409,9.095735336624601,1.3458251953125
A_open,4,sustain,5.222312925170068,5.392312925170068,8.473106575963719,8.643106575963719,170.0,170.0,9.339629075706489,9.370719777198657,1.3458251953125
A_open,4,decay,5.342312925170068,5.4623129251700675,8.593106575963718,8.71310657596372,119.97732426303854,120.0,6.591433565367884,6.614625725081405,1.3458251953125
A_open,5,attack,5.477006802721088,5.552006802721088,8.730702947845804,8.805702947845804,75.01133786848072,74.98866213151928,4.11858042528914,4.135834545193397,2.691650390625
A_open,5,stabilization,5.552006802721088,5.632006802721088,8.805702947845804,8.885702947845804,80.0,80.0,4.392488434226145,4.412223851056034,2.691650390625
A_open,5,body,5.632006802721088,5.797006802721088,8.885702947845804,9.050702947845805,165.01133786848072,165.01133786848072,9.060129913793553,9.100837007974706,1.3458251953125
A_open,5,sustain,5.797006802721088,5.967006802721088,9.050702947845805,9.220702947845805,170.0,170.0,9.334037922730557,9.375975683494072,1.3458251953125
A_open,5,decay,5.9170068027210885,6.037006802721088,9.170702947845804,9.290702947845805,119.97732426303854,120.02267573696145,6.587487614934958,6.619586406927321,1.3458251953125
A_open,6,attack,6.0778231292517,6.152823129251701,9.346031746031747,9.421031746031746,74.98866213151928,74.98866213151928,4.119862159817527,4.133727957765838,2.691650390625
A_open,6,stabilization,6.152823129251701,6.232823129251701,9.421031746031746,9.501031746031746,80.0,80.0,4.395184064056919,4.40997648472872,2.691650390625
A_open,6,body,6.232823129251701,6.397823129251701,9.501031746031746,9.666031746031747,165.01133786848072,165.01133786848072,9.065690032353233,9.096201496420322,1.3458251953125
A_open,6,sustain,6.397823129251701,6.567823129251701,9.666031746031747,9.836031746031747,170.0,170.0,9.339766136120954,9.371200030048529,1.3458251953125
A_open,6,decay,6.517823129251701,6.6378231292517,9.786031746031746,9.906031746031747,120.0,120.0,6.5927760960853785,6.614964727093079,1.3458251953125
A_open,7,attack,6.669931972789116,6.744931972789116,10.5621768707483,10.637176870748299,74.98866213151928,74.98866213151928,4.122095077116988,4.131419473790752,2.691650390625
A_open,7,stabilization,6.744931972789116,6.824931972789116,10.637176870748299,10.717176870748299,80.0,80.0,4.397566202621328,4.407513729523366,2.691650390625
A_open,7,body,6.824931972789116,6.989931972789116,10.717176870748299,10.8821768707483,165.01133786848072,165.01133786848072,9.070603530746999,9.091121714779346,1.3458251953125
A_open,7,sustain,6.989931972789116,7.159931972789116,10.8821768707483,11.0521768707483,170.0,170.0,9.344828180570323,9.365966675237154,1.3458251953125
A_open,7,decay,7.109931972789116,7.229931972789116,11.002176870748299,11.1221768707483,120.0,120.0,6.5963493039319925,6.611270594285049,1.3458251953125
A_open,8,attack,7.264943310657596,7.339943310657596,11.139773242630385,11.214773242630384,74.98866213151928,74.98866213151928,4.117827519923805,4.134841573227774,2.691650390625
A_open,8,stabilization,7.339943310657596,7.4199433106575965,11.214773242630384,11.294773242630384,80.0,80.0,4.393013453368969,4.411164520818744,2.691650390625
A_open,8,body,7.4199433106575965,7.5849433106575965,11.294773242630384,11.459773242630385,165.01133786848072,165.01133786848072,9.061212840183105,9.098651989228458,1.3458251953125
A_open,8,sustain,7.5849433106575965,7.7549433106575965,11.459773242630385,11.629773242630385,170.0,170.0,9.33515358840906,9.373724606739831,1.3458251953125
A_open,8,decay,7.704943310657597,7.824943310657597,11.579773242630385,11.699773242630386,120.0,120.02267573696145,6.589520180053454,6.617997111307713,1.3458251953125
A_open,9,attack,7.894784580498866,7.9697845804988665,11.7318820861678,11.8068820861678,74.98866213151928,74.98866213151928,4.1168695013590595,4.127590349579878,2.691650390625
A_open,9,stabilization,7.9697845804988665,8.049784580498866,11.8068820861678,11.8868820861678,80.0,80.0,4.391991412396361,4.403428712826673,2.691650390625
A_open,9,body,8.049784580498866,8.214784580498867,11.8868820861678,12.0518820861678,165.01133786848072,165.01133786848072,9.059104735830022,9.082695788900141,1.3458251953125
A_open,9,sustain,8.214784580498867,8.384784580498867,12.0518820861678,12.2218820861678,170.0,170.0,9.332981751342265,9.357286014756681,1.3458251953125
A_open,9,decay,8.334784580498866,8.454784580498867,12.1718820861678,12.291882086167801,120.0,120.0,6.5879871185945404,6.605143069240009,1.3458251953125
A_open,10,attack,8.483990929705216,8.558990929705216,12.338503401360544,12.413503401360543,74.98866213151928,74.98866213151928,4.1204426325944565,4.13329681709244,2.691650390625
A_open,10,stabilization,8.558990929705216,8.638990929705216,12.413503401360543,12.493503401360543,80.0,80.0,4.395803328634183,4.409516531811953,2.691650390625
A_open,10,body,8.638990929705216,8.803990929705217,12.493503401360543,12.658503401360544,165.01133786848072,165.01133786848072,9.066967353308092,9.095252778343418,1.3458251953125
A_open,10,sustain,8.803990929705217,8.973990929705217,12.658503401360544,12.828503401360544,170.0,170.0,9.34108207334764,9.370222630100399,1.3458251953125
A_open,10,decay,8.923990929705216,9.043990929705217,12.778503401360544,12.898503401360545,120.0,120.0,6.593704992951275,6.614274797717929,1.3458251953125
A_open,11,attack,9.093514739229025,9.168514739229025,12.939319727891156,13.014319727891156,74.98866213151928,74.98866213151928,4.118362185491459,4.134620011371573,2.691650390625
A_open,11,stabilization,9.168514739229025,9.248514739229025,13.014319727891156,13.094319727891156,80.0,80.0,4.39358384953549,4.410928152439949,2.691650390625
A_open,11,body,9.248514739229025,9.413514739229026,13.094319727891156,13.259319727891157,165.01133786848072,165.01133786848072,9.062389363115011,9.098164445948274,1.3458251953125
A_open,11,sustain,9.413514739229026,9.583514739229026,13.259319727891157,13.429319727891157,170.0,170.0,9.336365680262917,9.373222323934892,1.3458251953125
A_open,11,decay,9.533514739229025,9.653514739229026,13.379319727891156,13.499319727891157,120.0,120.0,6.590375774303236,6.616392228659923,1.3458251953125
A_open,12,attack,9.711746031746031,9.78674603174603,13.522721088435373,13.597721088435373,74.98866213151928,74.98866213151928,4.119831329178578,4.134575339749968,2.691650390625
A_open,12,stabilization,9.78674603174603,9.86674603174603,13.597721088435373,13.677721088435373,80.0,80.0,4.395151173069859,4.410880495505862,2.691650390625
A_open,12,body,9.86674603174603,10.031746031746032,13.677721088435373,13.842721088435374,165.01133786848072,165.01133786848072,9.065622190031,9.09806614676762,1.3458251953125
A_open,12,sustain,10.031746031746032,10.201746031746032,13.842721088435374,14.012721088435374,170.0,170.0,9.339696242773451,9.373121052949957,1.3458251953125
A_open,12,decay,10.15174603174603,10.271746031746032,13.962721088435373,14.082721088435374,120.02267573696145,120.0,6.593972550753619,6.616320743258793,1.3458251953125
A_open,13,attack,10.29514739229025,10.37014739229025,14.146757369614512,14.221757369614512,74.98866213151928,74.98866213151928,4.1211869985413125,4.132203751631996,2.691650390625
A_open,13,stabilization,10.37014739229025,10.45014739229025,14.221757369614512,14.301757369614512,80.0,80.0,4.3965974390244185,4.408350419037703,2.691650390625
A_open,13,body,10.45014739229025,10.61514739229025,14.301757369614512,14.466757369614513,165.01133786848072,165.01133786848072,9.068605318531942,9.092847505481112,1.3458251953125
A_open,13,sustain,10.61514739229025,10.78514739229025,14.466757369614513,14.636757369614513,170.0,170.0,9.34276955792689,9.367744640455118,1.3458251953125
A_open,13,decay,10.73514739229025,10.85514739229025,14.586757369614512,14.706757369614513,120.0,120.0,6.594896158536627,6.612525628556554,1.3458251953125
A_open,14,attack,10.907573696145125,10.982573696145124,14.75047619047619,14.82547619047619,74.98866213151928,74.98866213151928,4.117350376181409,4.134284699611938,2.691650390625
A_open,14,stabilization,10.982573696145124,11.062573696145124,14.82547619047619,14.90547619047619,80.0,80.0,4.392504423092837,4.410570432485914,2.691650390625
A_open,14,body,11.062573696145124,11.227573696145125,14.90547619047619,15.07047619047619,165.01133786848072,165.01133786848072,9.060162893097102,9.097426597845802,1.3458251953125
A_open,14,sustain,11.227573696145125,11.397573696145125,15.07047619047619,15.24047619047619,170.0,170.0,9.33407189907228,9.372462169032566,1.3458251953125
A_open,14,decay,11.347573696145124,11.467573696145125,15.19047619047619,15.31047619047619,120.0,120.0,6.588756634639255,6.61585564872887,1.3458251953125
A_open,15,attack,11.490975056689342,11.565975056689341,15.348390022675737,15.423390022675736,74.98866213151928,74.98866213151928,4.119878359372113,4.135475816467346,2.691650390625
A_open,15,stabilization,11.565975056689341,11.645975056689341,15.423390022675736,15.503390022675736,80.0,80.0,4.395201346194381,4.411841149227939,2.691650390625
A_open,15,body,11.645975056689341,11.810975056689342,15.503390022675736,15.668390022675737,165.01133786848072,165.01133786848072,9.065725679211027,9.100047631216473,1.3458251953125
A_open,15,sustain,11.810975056689342,11.980975056689342,15.668390022675737,15.838390022675737,170.0,170.0,9.33980286066306,9.37516244210937,1.3458251953125
A_open,15,decay,11.930975056689341,12.050975056689342,15.788390022675737,15.908390022675738,120.0,120.0,6.592802019291571,6.617761723841909,1.3458251953125
A_open,16,attack,13.871020408163265,13.946020408163264,15.946303854875284,16.021303854875285,74.98866213151928,74.98866213151928,4.120080355322121,4.137614795649257,2.691650390625
A_open,16,stabilization,13.946020408163264,14.026020408163264,16.021303854875285,16.101303854875283,80.0,80.0,4.395416841117763,4.414123071983846,2.691650390625
A_open,16,body,14.026020408163264,14.191020408163265,16.101303854875283,16.266303854875282,165.01133786848072,165.01133786848072,9.066170168031169,9.10475442030228,1.3458251953125
A_open,16,sustain,14.191020408163265,14.361020408163265,16.266303854875282,16.436303854875284,170.0,170.0,9.340260787375247,9.380011527965673,1.3458251953125
A_open,16,decay,14.311020408163264,14.431020408163265,16.386303854875283,16.506303854875284,120.0,120.0,6.5931252616766445,6.621184607975769,1.3458251953125
A_open,17,attack,14.492154195011338,14.567154195011337,16.535510204081632,16.61051020408163,74.98866213151928,74.98866213151928,4.119971802686149,4.135669587318787,2.691650390625
A_open,17,stabilization,14.567154195011337,14.647154195011337,16.61051020408163,16.690510204081633,80.0,80.0,4.395301034132668,4.412047869386357,2.691650390625
A_open,17,body,14.647154195011337,14.812154195011338,16.690510204081633,16.855510204081632,165.01133786848072,165.01133786848072,9.065931299711856,9.100474020840284,1.3458251953125
A_open,17,sustain,14.812154195011338,14.982154195011338,16.855510204081632,17.02551020408163,170.0,169.97732426303855,9.34001469753192,9.374351141984164,1.3458251953125
A_open,17,decay,14.932154195011337,15.052154195011338,16.975510204081633,17.09239909297052,120.0,116.87074829931973,6.592951551199002,6.445491700345036,1.3458251953125
A_open,18,attack,15.07265306122449,15.147653061224489,17.10439909297052,17.17939909297052,74.98866213151928,74.98866213151928,4.12021140722593,4.135396613948671,2.691650390625
A_open,18,stabilization,15.147653061224489,15.227653061224489,17.17939909297052,17.259399092970522,80.0,80.0,4.395556650950432,4.411756653768041,2.691650390625
A_open,18,body,15.227653061224489,15.39265306122449,17.259399092970522,17.42439909297052,165.01133786848072,165.01133786848072,9.066458545625368,9.099873347355452,1.3458251953125
A_open,18,sustain,15.39265306122449,15.56265306122449,17.42439909297052,17.59439909297052,170.0,169.97732426303855,9.34055788326967,9.373732391339352,1.3458251953125
A_open,18,decay,15.512653061224489,15.63265306122449,17.544399092970522,17.66439909297052,120.0,119.97732426303854,6.593334976425649,6.616384482734327,1.3458251953125
A_open,19,attack,15.656054421768708,15.731054421768707,17.722630385487527,17.797630385487526,74.98866213151928,75.01133786848072,4.122525577398716,4.1336509866643665,2.691650390625
A_open,19,stabilization,15.731054421768707,15.811054421768707,17.797630385487526,17.877630385487528,80.0,80.0,4.398025472350369,4.408561269937087,2.691650390625
A_open,19,body,15.811054421768707,15.976054421768708,17.877630385487528,18.042630385487527,165.01133786848072,165.01133786848072,9.071550839652392,9.09328241534359,1.3458251953125
A_open,19,sustain,15.976054421768708,16.146054421768707,18.042630385487527,18.212630385487525,170.0,169.97732426303855,9.345804128744534,9.366943106419615,1.3458251953125
A_open,19,decay,16.09605442176871,16.216054421768707,18.162630385487528,18.282630385487526,120.0,119.97732426303854,6.597038208525554,6.611592312708936,1.3458251953125
A_open,20,attack,16.27138321995465,16.34638321995465,18.335056689342405,18.410056689342404,74.98866213151928,74.98866213151928,4.12182030544075,4.132078312490352,2.691650390625
A_open,20,stabilization,16.34638321995465,16.42638321995465,18.410056689342404,18.490056689342406,80.0,80.0,4.397273068519795,4.408216597056535,2.691650390625
A_open,20,body,16.42638321995465,16.59138321995465,18.490056689342406,18.655056689342405,165.01133786848072,165.01133786848072,9.069998900118637,9.092571478679252,1.3458251953125
A_open,20,sustain,16.59138321995465,16.76138321995465,18.655056689342405,18.825056689342404,170.0,170.0,9.344205270604563,9.367460268745138,1.3458251953125
A_open,20,decay,16.71138321995465,16.828272108843535,18.775056689342406,18.895056689342404,116.87074829931973,120.0,6.423907424929428,6.612324895584802,1.3458251953125
A_open,21,attack,16.840272108843536,16.915272108843535,18.93297052154195,19.00797052154195,75.01133786848072,74.98866213151928,4.123739205683513,4.132634631544358,2.691650390625
A_open,21,stabilization,16.915272108843535,16.995272108843537,19.00797052154195,19.08797052154195,80.0,80.0,4.3979903015874955,4.40881009376731,2.691650390625
A_open,21,body,16.995272108843537,17.160272108843536,19.08797052154195,19.25297052154195,164.98866213151928,165.01133786848072,9.070231699078972,9.09379564975757,1.3458251953125
A_open,21,sustain,17.160272108843536,17.330272108843534,19.25297052154195,19.42297052154195,170.0,169.97732426303855,9.345729390873426,9.367471786530542,1.3458251953125
A_open,21,decay,17.280272108843537,17.400272108843534,19.37297052154195,19.49297052154195,119.97732426303854,120.0,6.595738856490771,6.613215140650964,1.3458251953125
A_open,22,attack,17.458503401360545,17.533503401360544,19.574421768707484,19.649421768707484,74.98866213151928,74.98866213151928,4.1222994929245225,4.135030704088328,2.691650390625
A_open,22,stabilization,17.533503401360544,17.613503401360546,19.649421768707484,19.729421768707486,80.0,80.0,4.397784279116332,4.411366290905237,2.691650390625
A_open,22,body,17.613503401360546,17.778503401360545,19.729421768707486,19.894421768707485,165.01133786848072,165.01133786848072,9.071053344424477,9.099068168627385,1.3458251953125
A_open,22,sustain,17.778503401360545,17.948503401360544,19.894421768707485,20.064421768707483,170.0,170.0,9.345291593122207,9.37415336817363,1.3458251953125
A_open,22,decay,17.898503401360546,18.018503401360544,20.014421768707486,20.134421768707483,120.0,120.0,6.596676418674499,6.617049436357857,1.3458251953125
A_open,23,attack,18.082539682539682,18.15753968253968,20.154920634920636,20.229920634920635,74.98866213151928,74.98866213151928,4.122287683208169,4.13570437212964,2.691650390625
A_open,23,stabilization,18.15753968253968,18.237539682539683,20.229920634920635,20.309920634920637,80.0,80.0,4.397771680180956,4.4120849787944865,2.691650390625
A_open,23,body,18.237539682539683,18.402539682539683,20.309920634920637,20.474920634920636,165.01133786848072,165.01133786848072,9.0710273573347,9.10055056425382,1.3458251953125
A_open,23,sustain,18.402539682539683,18.57253968253968,20.474920634920636,20.644920634920634,169.97732426303855,170.0,9.344018286461578,9.375680579938285,1.3458251953125
A_open,23,decay,18.522539682539684,18.64253968253968,20.594920634920637,20.714920634920635,119.97732426303854,120.0,6.59541098634848,6.61812746819173,1.3458251953125
A_open,24,attack,18.674648526077096,18.749648526077095,20.75283446712018,20.82783446712018,75.01133786848072,74.98866213151928,4.122190796998091,4.137196940207607,2.691650390625
A_open,24,stabilization,18.749648526077095,18.829648526077097,20.82783446712018,20.907834467120182,80.0,80.0,4.396338915299053,4.4136772921235075,2.691650390625
A_open,24,body,18.829648526077097,18.994648526077096,20.907834467120182,21.07283446712018,165.01133786848072,165.01133786848072,9.068072076709525,9.103834936162915,1.3458251953125
A_open,24,sustain,18.994648526077096,19.164648526077094,21.07283446712018,21.24283446712018,169.97732426303855,169.97732426303855,9.340974067200028,9.377813203446092,1.3458251953125
A_open,24,decay,19.114648526077097,19.234648526077095,21.192834467120182,21.312625850340137,119.97732426303854,119.77324263038548,6.593262245138121,6.608005515021646,1.3458251953125
A_open,25,attack,19.89079365079365,19.96579365079365,21.324625850340137,21.399625850340136,74.98866213151928,74.98866213151928,4.120364268187559,4.133787650681196,2.691650390625
A_open,25,stabilization,19.96579365079365,20.04579365079365,21.399625850340136,21.47962585034014,80.0,80.0,4.3957197272953445,4.410040166798687,2.691650390625
A_open,25,body,20.04579365079365,20.21079365079365,21.47962585034014,21.644625850340137,165.01133786848072,165.01133786848072,9.066794913698477,9.096332849714864,1.3458251953125
A_open,25,sustain,20.21079365079365,20.38079365079365,21.644625850340137,21.814625850340136,169.97732426303855,170.0,9.339658468198952,9.37133535444721,1.3458251953125
A_open,25,decay,20.33079365079365,20.45079365079365,21.76462585034014,21.884625850340136,119.97732426303854,120.0,6.592333638639362,6.615060250198031,1.3458251953125
A_open,26,attack,20.48580498866213,20.56080498866213,21.93124716553288,22.00624716553288,74.98866213151928,74.98866213151928,4.121194436801203,4.138530153763811,2.691650390625
A_open,26,stabilization,20.56080498866213,20.640804988662133,22.00624716553288,22.086247165532882,80.0,80.0,4.3966053743679,4.415099601596228,2.691650390625
A_open,26,body,20.640804988662133,20.805804988662132,22.086247165532882,22.25124716553288,165.01133786848072,165.01133786848072,9.068621686302496,9.106768651024872,1.3458251953125
A_open,26,sustain,20.805804988662132,20.97580498866213,22.25124716553288,22.42124716553288,169.97732426303855,170.0,9.341540217194384,9.382086653391985,1.3458251953125
A_open,26,decay,20.925804988662133,21.019473922902495,22.371247165532882,22.49124716553288,93.65079365079364,120.0,5.146819783486232,6.622649402394342,1.3458251953125
A_open,27,attack,21.031473922902496,21.106473922902495,22.54657596371882,22.62157596371882,74.98866213151928,75.01133786848072,4.118987908247511,4.139961802580976,2.691650390625
A_open,27,stabilization,21.106473922902495,21.186473922902497,22.62157596371882,22.70157596371882,80.0,80.0,4.394251388054799,4.415291789451537,2.691650390625
A_open,27,body,21.186473922902497,21.351473922902496,22.70157596371882,22.86657596371882,165.01133786848072,164.98866213151928,9.063766255916883,9.105913565773635,1.3458251953125
A_open,27,sustain,21.351473922902496,21.521473922902494,22.86657596371882,23.036575963718818,170.0,170.0,9.337784199616447,9.382495052584515,1.3458251953125
A_open,27,decay,21.471473922902497,21.591473922902495,22.98657596371882,23.106575963718818,120.0,119.97732426303854,6.5913770820821975,6.621686184236984,1.3458251953125
A_open,28,attack,22.865850340136053,22.940850340136052,23.144489795918368,23.219489795918367,75.01133786848072,74.98866213151928,4.12145920131652,4.1370553951994,2.691650390625
A_open,28,stabilization,22.940850340136052,23.020850340136054,23.219489795918367,23.29948979591837,80.0,80.0,4.395558664523786,4.41352628795388,2.691650390625
A_open,28,body,23.020850340136054,23.185850340136053,23.29948979591837,23.464489795918368,164.98866213151928,165.01133786848072,9.065216792254835,9.103523468662242,1.3458251953125
A_open,28,sustain,23.185850340136053,23.35585034013605,23.464489795918368,23.634489795918366,170.0,170.0,9.340562162113043,9.378743361901996,1.3458251953125
A_open,28,decay,23.305850340136054,23.42585034013605,23.58448979591837,23.704489795918366,119.97732426303854,120.0,6.592092090134735,6.620289431930821,1.3458251953125
A_open,29,attack,23.45795918367347,23.53295918367347,23.748208616780044,23.823208616780043,74.98866213151928,75.01133786848072,4.117388002610927,4.1403066312640515,2.691650390625
A_open,29,stabilization,23.53295918367347,23.61295918367347,23.823208616780043,23.903208616780045,80.0,80.0,4.392544564019156,4.415659551118372,2.691650390625
A_open,29,body,23.61295918367347,23.77795918367347,23.903208616780045,24.068208616780044,165.01133786848072,165.01133786848072,9.06024568944654,9.10792362627222,1.3458251953125
A_open,29,sustain,23.77795918367347,23.94795918367347,24.068208616780044,24.238208616780042,170.0,169.97732426303855,9.334157198540707,9.382024941945383,1.3458251953125
A_open,29,decay,23.89795918367347,24.01795918367347,24.188208616780045,24.308208616780043,120.0,119.97732426303854,6.588816846028734,6.6222377224964015,1.3458251953125
A_open,30,attack,24.050068027210884,24.125068027210883,24.34031746031746,24.41531746031746,74.98866213151928,74.98866213151928,4.120125486848722,4.137376941761115,2.691650390625
A_open,30,stabilization,24.125068027210883,24.205068027210885,24.41531746031746,24.495317460317462,80.0,80.0,4.395464988691348,4.413869322810164,2.691650390625
A_open,30,body,24.205068027210885,24.370068027210884,24.495317460317462,24.66031746031746,165.01133786848072,165.01133786848072,9.066269479225323,9.104231026669378,1.3458251953125
A_open,30,sustain,24.370068027210884,24.540068027210882,24.66031746031746,24.83031746031746,170.0,170.0,9.340363100969116,9.379472310971599,1.3458251953125
A_open,30,decay,24.490068027210885,24.610068027210882,24.780317460317463,24.90031746031746,120.0,120.0,6.593197483037023,6.620803984215247,1.3458251953125
A_open,31,attack,24.674104308390024,24.749104308390024,24.92952380952381,25.00452380952381,74.98866213151928,74.98866213151928,4.12139607765961,4.136274171285663,2.691650390625
A_open,31,stabilization,24.749104308390024,24.829104308390026,25.00452380952381,25.084523809523812,80.0,80.0,4.396820490469643,4.412692856454738,2.691650390625
A_open,31,body,24.829104308390026,24.994104308390025,25.084523809523812,25.24952380952381,165.01133786848072,165.01133786848072,9.069065393749316,9.101804398078551,1.3458251953125
A_open,31,sustain,24.994104308390025,25.164104308390023,25.24952380952381,25.41952380952381,170.0,170.0,9.34324354224799,9.376972319966319,1.3458251953125
A_open,31,decay,25.114104308390026,25.234104308390023,25.369523809523812,25.48952380952381,120.0,120.0,6.595230735704463,6.619039284682107,1.3458251953125
A_open,32,attack,25.26331065759637,25.33831065759637,25.518730158730158,25.593730158730157,74.98866213151928,74.98866213151928,4.1198764584721275,4.135876770284961,2.691650390625
A_open,32,stabilization,25.33831065759637,25.418310657596372,25.593730158730157,25.67373015873016,80.0,80.0,4.395199318261163,4.412268897963514,2.691650390625
A_open,32,body,25.418310657596372,25.58331065759637,25.67373015873016,25.838730158730158,165.01133786848072,165.01133786848072,9.065721496311362,9.100929923605582,1.3458251953125
A_open,32,sustain,25.58331065759637,25.75331065759637,25.838730158730158,26.008730158730156,170.0,169.97732426303855,9.339798551304971,9.3748207650608,1.3458251953125
A_open,32,decay,25.703310657596372,25.82331065759637,25.95873015873016,26.078730158730156,120.0,120.0,6.592798977391745,6.618403346945271,1.3458251953125
A_open,33,attack,25.875736961451246,25.950736961451245,26.12825396825397,26.203253968253968,74.98866213151928,74.98866213151928,4.120629531480746,4.129195775168361,2.691650390625
A_open,33,stabilization,25.950736961451245,26.030736961451247,26.203253968253968,26.28325396825397,80.0,80.0,4.396002717588167,4.405141425701233,2.691650390625
A_open,33,body,26.030736961451247,26.195736961451246,26.28325396825397,26.44825396825397,165.01133786848072,165.01133786848072,9.067378621283757,9.086228501935338,1.3458251953125
A_open,33,sustain,26.195736961451246,26.365736961451244,26.44825396825397,26.618253968253967,169.97732426303855,170.0,9.340259742358533,9.36092552961512,1.3458251953125
A_open,33,decay,26.315736961451247,26.435736961451244,26.56825396825397,26.688253968253967,119.97732426303854,120.0,6.592758043865929,6.607712138551849,1.3458251953125
A_open,34,attack,26.464943310657596,26.539943310657595,26.72907029478458,26.80407029478458,74.98866213151928,74.98866213151928,4.121436937200191,4.133288242290456,2.691650390625
A_open,34,stabilization,26.539943310657595,26.619943310657597,26.80407029478458,26.884070294784582,80.0,80.0,4.39686408056918,4.409507383973611,2.691650390625
A_open,34,body,26.619943310657597,26.784943310657596,26.884070294784582,27.04907029478458,165.01133786848072,165.01133786848072,9.069155304507346,9.095233909630375,1.3458251953125
A_open,34,sustain,26.784943310657596,26.954943310657594,27.04907029478458,27.21907029478458,170.0,170.0,9.343336171209506,9.370203190943922,1.3458251953125
A_open,34,decay,26.904943310657597,27.024943310657594,27.169070294784582,27.28907029478458,120.0,120.0,6.595296120853769,6.614261075960417,1.3458251953125
A_open,35,attack,27.07736961451247,27.15236961451247,27.936507936507937,28.011507936507936,74.98866213151928,74.98866213151928,4.1203777219458155,4.134798684309419,2.691650390625
A_open,35,stabilization,27.15236961451247,27.23236961451247,28.011507936507936,28.091507936507938,80.0,80.0,4.395734080140562,4.411118765722295,2.691650390625
A_open,35,body,27.23236961451247,27.39736961451247,28.091507936507938,28.256507936507937,165.01133786848072,165.01133786848072,9.06682451847587,9.098557612857467,1.3458251953125
A_open,35,sustain,27.39736961451247,27.56736961451247,28.256507936507937,28.426507936507935,169.97732426303855,170.0,9.339688963926774,9.373627377159877,1.3458251953125
A_open,35,decay,27.51736961451247,27.63736961451247,28.376507936507938,28.496507936507935,119.97732426303854,120.0,6.592355163838921,6.616678148583442,1.3458251953125
A_open,36,attack,27.663673469387756,27.738673469387756,28.52861678004535,28.60361678004535,74.98866213151928,74.98866213151928,4.1223826985409096,4.130599382022133,2.691650390625
A_open,36,stabilization,27.738673469387756,27.818673469387758,28.60361678004535,28.68361678004535,80.0,80.0,4.397873045192721,4.406638832710641,2.691650390625
A_open,36,body,27.818673469387758,27.983673469387757,28.68361678004535,28.84861678004535,165.01133786848072,165.01133786848072,9.071236437037253,9.089317116109786,1.3458251953125
A_open,36,sustain,27.983673469387757,28.153673469387755,28.84861678004535,29.01861678004535,170.0,170.0,9.345480221034531,9.36410751951011,1.3458251953125
A_open,36,decay,28.103673469387758,28.223673469387755,28.968616780045352,29.08861678004535,120.0,120.0,6.596809567789081,6.6099582490659605,1.3458251953125
A_open,37,attack,28.281904761904762,28.35690476190476,29.13814058956916,29.21314058956916,74.98866213151928,74.98866213151928,4.121963234924548,4.137030786427919,2.691650390625
A_open,37,stabilization,28.35690476190476,28.436904761904763,29.21314058956916,29.293140589569163,80.0,80.0,4.397425549686667,4.413500034628878,2.691650390625
A_open,37,body,28.436904761904763,28.601904761904763,29.293140589569163,29.45814058956916,165.01133786848072,165.01133786848072,9.070313414135452,9.103469317458716,1.3458251953125
A_open,37,sustain,28.601904761904763,28.77190476190476,29.45814058956916,29.62814058956916,170.0,170.0,9.344529293084168,9.378687573586367,1.3458251953125
A_open,37,decay,28.721904761904764,28.84190476190476,29.578140589569163,29.69814058956916,120.0,120.0,6.596138324530001,6.620250051943318,1.3458251953125
A_open,38,attack,28.879818594104307,28.954818594104307,29.765079365079366,29.840079365079365,74.98866213151928,74.98866213151928,4.124270037954203,4.131532077743516,2.691650390625
A_open,38,stabilization,28.954818594104307,29.03481859410431,29.840079365079365,29.920079365079367,80.0,80.0,4.399886511612467,4.407633858566411,2.691650390625
A_open,38,body,29.03481859410431,29.199818594104308,29.920079365079367,30.085079365079366,165.01133786848072,165.01133786848072,9.075389496883199,9.09136949795572,1.3458251953125
A_open,38,sustain,29.199818594104308,29.369818594104306,30.085079365079366,30.255079365079364,169.97732426303855,170.0,9.348511703811523,9.366221949453625,1.3458251953125
A_open,38,decay,29.31981859410431,29.439818594104306,30.205079365079367,30.310358276643992,120.0,105.26077097505669,6.599829767418701,5.799386726605805,1.3458251953125
A_open,39,attack,29.48063492063492,29.55563492063492,30.322358276643993,30.397358276643992,74.98866213151928,74.98866213151928,4.123466951764925,4.139309873363131,2.691650390625
A_open,39,stabilization,29.55563492063492,29.63563492063492,30.397358276643992,30.477358276643994,80.0,80.0,4.39902975682693,4.415931428250718,2.691650390625
A_open,39,body,29.63563492063492,29.80063492063492,30.477358276643994,30.642358276643993,165.01133786848072,165.01133786848072,9.073622318715863,9.108484411389023,1.3458251953125
A_open,39,sustain,29.80063492063492,29.970634920634918,30.642358276643993,30.81235827664399,170.0,170.0,9.347938233257224,9.383854285032777,1.3458251953125
A_open,39,decay,29.92063492063492,30.04063492063492,30.762358276643994,30.88235827664399,120.0,120.0,6.598544635240394,6.623897142376077,1.3458251953125
A_open,40,attack,30.661950113378683,30.736950113378683,30.920272108843537,30.995272108843537,74.98866213151928,74.98866213151928,4.1247396707128585,4.139757026709315,2.691650390625
A_open,40,stabilization,30.736950113378683,30.816950113378685,30.995272108843537,31.07527210884354,80.0,80.0,4.400387528961284,4.41640846393422,2.691650390625
A_open,40,body,30.816950113378685,30.981950113378684,31.07527210884354,31.240272108843538,165.01133786848072,165.01133786848072,9.076422916170992,9.109468365093344,1.3458251953125
A_open,40,sustain,30.981950113378684,31.151950113378682,31.240272108843538,31.410272108843536,169.97732426303855,170.0,9.349576223666038,9.384867985860216,1.3458251953125
A_open,40,decay,31.101950113378685,31.221950113378682,31.36027210884354,31.480272108843536,119.97732426303854,120.0,6.599334018065235,6.624612695901329,1.3458251953125
A_open,41,attack,31.271473922902494,31.346473922902494,31.52689342403628,31.60189342403628,74.98866213151928,74.98866213151928,4.120282325545564,4.137090785507731,2.691650390625
A_open,41,stabilization,31.346473922902494,31.426473922902495,31.60189342403628,31.681893424036282,80.0,80.0,4.395632308595328,4.413564043323639,2.691650390625
A_open,41,body,31.426473922902495,31.591473922902495,31.681893424036282,31.84689342403628,165.01133786848072,165.01133786848072,9.066614600240419,9.103601344463186,1.3458251953125
A_open,41,sustain,31.591473922902495,31.761473922902493,31.84689342403628,32.01689342403628,170.0,170.0,9.340718655765071,9.378823592062732,1.3458251953125
A_open,41,decay,31.711473922902496,31.831473922902493,31.966893424036282,32.08689342403628,120.0,120.0,6.593448462892992,6.6203460649854575,1.3458251953125
A_open,42,attack,31.872290249433107,31.947290249433106,32.139319727891156,32.21431972789116,74.98866213151928,74.98866213151928,4.119364896219638,4.137321932357866,2.691650390625
A_open,42,stabilization,31.947290249433106,32.02729024943311,32.21431972789116,32.29431972789116,80.0,80.0,4.394653569356783,4.413810637241775,2.691650390625
A_open,42,body,32.02729024943311,32.19229024943311,32.29431972789116,32.459319727891156,165.01133786848072,165.01133786848072,9.064595811850712,9.10410997936746,1.3458251953125
A_open,42,sustain,32.19229024943311,32.36229024943311,32.459319727891156,32.62931972789116,170.0,170.0,9.338638834883163,9.379347604138772,1.3458251953125
A_open,42,decay,32.312290249433104,32.43229024943311,32.57931972789115,32.69931972789116,120.0,120.02267573696145,6.591980354035175,6.621967035975259,1.3458251953125
A_open,43,attack,32.45859410430839,32.53359410430839,32.72562358276644,32.80062358276644,74.98866213151928,74.98866213151928,4.119834244485651,4.136626330230639,2.691650390625
A_open,43,stabilization,32.53359410430839,32.61359410430839,32.80062358276644,32.88062358276644,80.0,80.0,4.395154283200901,4.413068549456817,2.691650390625
A_open,43,body,32.61359410430839,32.77859410430839,32.88062358276644,33.04562358276644,165.01133786848072,165.01133786848072,9.06562860511705,9.102579318139812,1.3458251953125
A_open,43,sustain,32.77859410430839,32.94859410430839,33.04562358276644,33.21562358276644,170.0,170.0,9.339702851801913,9.377770667595735,1.3458251953125
A_open,43,decay,32.89859410430839,33.01859410430839,33.165623582766436,33.28562358276644,120.02267573696145,120.02267573696145,6.593977216831737,6.620853693955479,1.3458251953125
A_open,44,attack,33.10004535147392,33.175045351473926,33.349659863945575,33.42465986394558,74.98866213151928,75.01133786848072,4.119680592637089,4.133064357060312,2.691650390625
A_open,44,stabilization,33.175045351473926,33.255045351473925,33.42465986394558,33.50465986394558,80.0,80.0,4.39499036311571,4.4079356262723035,2.691650390625
A_open,44,body,33.255045351473925,33.420045351473924,33.50465986394558,33.669659863945576,165.01133786848072,165.01133786848072,9.06529049671004,9.091991936616653,1.3458251953125
A_open,44,sustain,33.420045351473924,33.590045351473925,33.669659863945576,33.83965986394558,170.0,170.0,9.339354521620884,9.366863205828645,1.3458251953125
A_open,44,decay,33.54004535147392,33.660045351473926,33.78965986394557,33.90965986394558,120.0,120.02267573696145,6.592485544673564,6.61315285426851,1.3458251953125
A_open,45,attack,33.72408163265306,33.79908163265306,34.571609977324265,34.64660997732427,74.98866213151928,74.98866213151928,4.120467866669323,4.138597822349945,2.691650390625
A_open,45,stabilization,33.79908163265306,33.87908163265306,34.64660997732427,34.726609977324266,80.0,80.0,4.395830249050309,4.415171792334625,2.691650390625
A_open,45,body,33.87908163265306,34.04408163265306,34.726609977324266,34.891609977324265,165.01133786848072,165.01133786848072,9.067022880481604,9.106917554653931,1.3458251953125
A_open,45,sustain,34.04408163265306,34.21408163265306,34.891609977324265,35.06160997732427,170.0,170.0,9.341139279231907,9.382240058711078,1.3458251953125
A_open,45,decay,34.16408163265306,34.28408163265306,35.01160997732426,35.13160997732427,120.02267573696145,120.0,6.594991357206147,6.622757688501938,1.3458251953125
A_open,46,attack,34.32489795918367,34.399897959183676,35.163718820861675,35.23871882086168,74.98866213151928,75.01133786848072,4.120645700634039,4.140290825713075,2.691650390625
A_open,46,stabilization,34.399897959183676,34.479897959183674,35.23871882086168,35.318718820861676,80.0,80.0,4.396019967292679,4.415642694412252,2.691650390625
A_open,46,body,34.479897959183674,34.64489795918367,35.318718820861676,35.483718820861675,165.01133786848072,164.98866213151928,9.067414201243999,9.10663725752368,1.3458251953125
A_open,46,sustain,34.64489795918367,34.814897959183675,35.483718820861675,35.65371882086168,170.0,170.02267573696145,9.341542430496943,9.384492325029214,1.3458251953125
A_open,46,decay,34.76489795918367,34.867274376417235,35.60371882086167,35.72371882086168,102.38095238095238,120.02267573696145,5.625858886713845,6.624715641021555,1.3458251953125
A_open,47,attack,35.47428571428571,35.549285714285716,35.750022675736965,35.82502267573697,74.98866213151928,74.98866213151928,4.120258230481201,4.131215440060551,2.691650390625
A_open,47,stabilization,35.549285714285716,35.629285714285714,35.82502267573697,35.905022675736966,80.0,80.0,4.3956066033074315,4.407296060639137,2.691650390625
A_open,47,body,35.629285714285714,35.794285714285714,35.905022675736966,36.070022675736965,165.01133786848072,165.01133786848072,9.066561579441094,9.090672741856858,1.3458251953125
A_open,47,sustain,35.794285714285714,35.964285714285715,36.070022675736965,36.24002267573697,170.0,170.0,9.340664032028291,9.365504128858165,1.3458251953125
A_open,47,decay,35.91428571428571,36.034285714285716,36.19002267573696,36.31002267573697,120.02267573696145,120.0,6.59465582520018,6.6109440909587045,1.3458251953125
A_open,48,attack,36.075102040816326,36.15010204081633,36.33922902494331,36.41422902494331,74.98866213151928,75.01133786848072,4.122163138041151,4.139395979056311,2.691650390625
A_open,48,stabilization,36.15010204081633,36.23010204081633,36.41422902494331,36.49422902494331,80.0,80.0,4.397638811916898,4.4146883355836355,2.691650390625
A_open,48,body,36.23010204081633,36.395102040816326,36.49422902494331,36.65922902494331,165.01133786848072,164.98866213151928,9.070753297709542,9.104669027694595,1.3458251953125
A_open,48,sustain,36.395102040816326,36.56510204081633,36.65922902494331,36.82922902494331,170.0,170.02267573696145,9.344982475323409,9.382464042008532,1.3458251953125
A_open,48,decay,36.51510204081632,36.63510204081633,36.779229024943305,36.89922902494331,120.02267573696145,120.02267573696145,6.597704714137228,6.6232838322687595,1.3458251953125
A_open,49,attack,36.66721088435374,36.742210884353746,36.931337868480725,37.00633786848073,74.98866213151928,74.98866213151928,4.120342169116373,4.13119628429473,2.691650390625
A_open,49,stabilization,36.742210884353746,36.822210884353744,37.00633786848073,37.086337868480726,80.0,80.0,4.39569615138874,4.407275624732932,2.691650390625
A_open,49,body,36.822210884353744,36.98721088435374,37.086337868480726,37.251337868480725,165.01133786848072,165.01133786848072,9.066746285049847,9.090630589904066,1.3458251953125
A_open,49,sustain,36.98721088435374,37.157210884353745,37.251337868480725,37.42133786848073,170.0,170.0,9.340854321701073,9.365460702557481,1.3458251953125
A_open,49,decay,37.10721088435374,37.227210884353745,37.37133786848072,37.49133786848073,120.0,120.02267573696145,6.593544227083111,6.6121626648841865,1.3458251953125
A_open,50,attack,37.297052154195015,37.37205215419502,37.53215419501134,37.60715419501134,74.98866213151928,74.98866213151928,4.119407144779211,4.133322457344016,2.691650390625
A_open,50,stabilization,37.37205215419502,37.452052154195016,37.60715419501134,37.68715419501134,80.0,80.0,4.394698641300591,4.409543885548741,2.691650390625
A_open,50,body,37.452052154195016,37.617052154195015,37.68715419501134,37.85215419501134,165.01133786848072,165.01133786848072,9.064688779122562,9.095309199302209,1.3458251953125
A_open,50,sustain,37.617052154195015,37.78705215419502,37.85215419501134,38.02215419501134,170.0,170.0,9.338734612763757,9.370280756791075,1.3458251953125
A_open,50,decay,37.73705215419501,37.85103854875283,37.972154195011335,38.09215419501134,113.96825396825398,120.02267573696145,6.26070163582108,6.615565699038971,1.3458251953125
A_open,51,attack,37.86303854875283,37.938038548752836,38.164897959183676,38.23989795918368,74.98866213151928,74.98866213151928,4.119995656375281,4.131918174639402,2.691650390625
A_open,51,stabilization,37.938038548752836,38.018038548752834,38.23989795918368,38.31989795918368,80.0,80.0,4.395326481914723,4.408045757522773,2.691650390625
A_open,51,body,38.018038548752834,38.18303854875283,38.31989795918368,38.48489795918368,165.01133786848072,165.01133786848072,9.06598378936889,9.092219097928918,1.3458251953125
A_open,51,sustain,38.18303854875283,38.353038548752835,38.48489795918368,38.65489795918368,170.0,170.0,9.340068774068786,9.367097234735894,1.3458251953125
A_open,51,decay,38.30303854875283,38.423038548752835,38.604897959183674,38.72489795918368,120.02267573696145,120.0,6.5942355637116306,6.61206863628416,1.3458251953125
A_open,52,attack,38.507392290249435,38.58239229024944,38.76281179138322,38.837811791383224,74.98866213151928,74.98866213151928,4.121610672504435,4.135516042599872,2.691650390625
A_open,52,stabilization,38.58239229024944,38.662392290249436,38.837811791383224,38.91781179138322,80.0,80.0,4.397049426246038,4.411884063590065,2.691650390625
A_open,52,body,38.662392290249436,38.827392290249435,38.91781179138322,39.08281179138322,165.01133786848072,165.01133786848072,9.069537606233677,9.100136148170327,1.3458251953125
A_open,52,sustain,38.827392290249435,38.99739229024944,39.08281179138322,39.25281179138322,170.0,170.0,9.343730030772829,9.37525363512889,1.3458251953125
A_open,52,decay,38.94739229024943,39.06739229024944,39.20281179138322,39.322811791383224,120.0,120.0,6.595574139369056,6.617826095385099,1.3458251953125
A_open,53,attack,39.09079365079365,39.16579365079365,39.37814058956916,39.453140589569166,74.98866213151928,74.98866213151928,4.121162232385603,4.136646046857109,2.691650390625
A_open,53,stabilization,39.16579365079365,39.24579365079365,39.453140589569166,39.533140589569165,80.0,80.0,4.396571017797522,4.413089583704832,2.691650390625
A_open,53,body,39.24579365079365,39.41079365079365,39.533140589569165,39.698140589569164,165.01133786848072,165.01133786848072,9.068550821006964,9.102622704257389,1.3458251953125
A_open,53,sustain,39.41079365079365,39.58079365079365,39.698140589569164,39.868140589569165,170.0,170.0,9.342713412819736,9.37781536537277,1.3458251953125
A_open,53,decay,39.53079365079365,39.65079365079365,39.81814058956916,39.938140589569166,120.02267573696145,120.0,6.596102720295432,6.619634375557249,1.3458251953125
A_open,54,attack,40.263401360544215,40.33840136054422,39.952834467120184,40.027834467120186,75.01133786848072,74.98866213151928,4.120330500471146,4.134237397762192,2.691650390625
A_open,54,stabilization,40.33840136054422,40.418401360544216,40.027834467120186,40.107834467120185,80.0,80.0,4.394354898930533,4.410519969550957,2.691650390625
A_open,54,body,40.418401360544216,40.583401360544215,40.107834467120185,40.272834467120184,165.01133786848072,165.01133786848072,9.063979761767996,9.097322510890677,1.3458251953125
A_open,54,sustain,40.583401360544215,40.75340136054422,40.272834467120184,40.442834467120186,170.0,170.0,9.338004160227383,9.372354935295782,1.3458251953125
A_open,54,decay,40.70340136054421,40.82340136054422,40.39283446712018,40.512834467120186,120.02267573696145,120.0,6.592777913843342,6.615779954326435,1.3458251953125
A_open,55,attack,41.46503401360544,41.54003401360544,40.542040816326534,40.617040816326536,74.98866213151928,74.98866213151928,4.121619894625296,4.1352082085242845,2.691650390625
A_open,55,stabilization,41.54003401360544,41.62003401360544,40.617040816326536,40.697040816326535,80.0,80.0,4.3970592646622455,4.411555657597121,2.691650390625
A_open,55,body,41.62003401360544,41.78503401360544,40.697040816326535,40.862040816326534,165.01133786848072,165.01133786848072,9.06955789936144,9.099458764267077,1.3458251953125
A_open,55,sustain,41.78503401360544,41.95503401360544,40.862040816326534,41.032040816326536,170.0,170.0,9.34375093740727,9.374555772393881,1.3458251953125
A_open,55,decay,41.90503401360544,42.02503401360544,40.98204081632653,41.102040816326536,120.02267573696145,120.0,6.596835228984485,6.6173334863956805,1.3458251953125
A_open,56,attack,42.695691609977324,42.77069160997733,41.160272108843536,41.23527210884354,74.98866213151928,74.98866213151928,4.1209000789224355,4.13569165760115,2.691650390625
A_open,56,stabilization,42.77069160997733,42.850691609977325,41.23527210884354,41.31527210884354,80.0,80.0,4.396291345158256,4.41207141458024,2.691650390625
A_open,56,body,42.850691609977325,43.015691609977324,41.31527210884354,41.480272108843536,165.01133786848072,165.01133786848072,9.067973956552333,9.100522586139572,1.3458251953125
A_open,56,sustain,43.015691609977324,43.185691609977326,41.480272108843536,41.65027210884354,170.0,170.0,9.342119108461294,9.37565175598301,1.3458251953125
A_open,56,decay,43.13569160997732,43.255691609977326,41.600272108843534,41.72027210884354,120.02267573696145,120.02267573696145,6.595683132064243,6.619357709006013,1.3458251953125
A_open,57,attack,43.87700680272109,43.952006802721094,41.74657596371882,41.82157596371882,74.98866213151928,74.98866213151928,4.121333879962366,4.136187652898619,2.691650390625
A_open,57,stabilization,43.952006802721094,44.03200680272109,41.82157596371882,41.90157596371882,80.0,80.0,4.396754136228372,4.412600556222053,2.691650390625
A_open,57,body,44.03200680272109,44.19700680272109,41.90157596371882,42.06657596371882,165.01133786848072,165.01133786848072,9.06892852872275,9.10161401576754,1.3458251953125
A_open,57,sustain,44.19700680272109,44.36700680272109,42.06657596371882,42.23657596371882,170.0,170.0,9.343102539485292,9.376776181971861,1.3458251953125
A_open,57,decay,44.31700680272109,44.43700680272109,42.186575963718816,42.30657596371882,120.0,120.02267573696145,6.595131204342559,6.620151571452189,1.3458251953125
A_open,58,attack,44.46621315192744,44.541213151927444,42.385124716553285,42.46012471655329,74.98866213151928,74.98866213151928,4.123753407617336,4.1347649409516665,2.691650390625
A_open,58,stabilization,44.541213151927444,44.62121315192744,42.46012471655329,42.54012471655329,80.0,80.0,4.399335355934067,4.411082767365431,2.691650390625
A_open,58,body,44.62121315192744,44.78621315192744,42.54012471655329,42.705124716553286,165.01133786848072,165.01133786848072,9.074252660184866,9.098483361144627,1.3458251953125
A_open,58,sustain,44.78621315192744,44.95621315192744,42.705124716553286,42.87512471655329,170.0,170.0,9.348587631359893,9.373550880651539,1.3458251953125
A_open,58,decay,44.90621315192744,45.02621315192744,42.82512471655328,42.94512471655329,120.0,120.02267573696145,6.5990030339011,6.617874457954996,1.3458251953125
A_open,59,attack,45.055419501133784,45.13041950113379,42.96562358276644,43.04062358276644,75.01133786848072,74.98866213151928,4.119883519990006,4.135587817812226,2.691650390625
A_open,59,stabilization,45.13041950113379,45.210419501133785,43.04062358276644,43.12062358276644,80.0,80.0,4.393878191815219,4.411960635392057,2.691650390625
A_open,59,body,45.210419501133785,45.375419501133784,43.12062358276644,43.28562358276644,164.98866213151928,165.01133786848072,9.06175105545565,9.100294088363945,1.3458251953125
A_open,59,sustain,45.375419501133784,45.545419501133786,43.28562358276644,43.45562358276644,170.02267573696145,170.0,9.338236587933817,9.375416350208122,1.3458251953125
A_open,59,decay,45.49541950113378,45.615419501133786,43.40562358276644,43.52562358276644,120.02267573696145,120.0,6.5920627180493065,6.617940953088086,1.3458251953125
A_open,60,attack,45.670748299319726,45.74574829931973,43.56643990929705,43.641439909297056,74.98866213151928,74.98866213151928,4.120938907417704,4.136023646470013,2.691650390625
A_open,60,stabilization,45.74574829931973,45.82574829931973,43.641439909297056,43.721439909297054,80.0,80.0,4.396332768481906,4.412425589581557,2.691650390625
A_open,60,body,45.82574829931973,45.990748299319726,43.721439909297054,43.88643990929705,165.01133786848072,165.01133786848072,9.068059398028012,9.101253122274656,1.3458251953125
A_open,60,sustain,45.990748299319726,46.16074829931973,43.88643990929705,44.056439909297055,170.0,170.0,9.342207133024049,9.376404377860808,1.3458251953125
A_open,60,decay,46.110748299319724,46.23074829931973,44.00643990929705,44.126439909297055,120.02267573696145,120.0,6.595745278791022,6.618638384372335,1.3458251953125
A_open,61,attack,46.28607709750567,46.36107709750567,44.17886621315193,44.25386621315193,74.98866213151928,74.98866213151928,4.1206458014528575,4.135631897207432,2.691650390625
A_open,61,stabilization,46.36107709750567,46.44107709750567,44.25386621315193,44.33386621315193,80.0,80.0,4.3960200748490115,4.412007660522473,2.691650390625
A_open,61,body,46.44107709750567,46.60607709750567,44.33386621315193,44.49886621315193,165.01133786848072,165.01133786848072,9.067414423094176,9.10039108435999,1.3458251953125
A_open,61,sustain,46.60607709750567,46.77607709750567,44.49886621315193,44.66886621315193,170.0,170.0,9.341542659054149,9.375516278610256,1.3458251953125
A_open,61,decay,46.726077097505666,46.84607709750567,44.618866213151925,44.73886621315193,120.02267573696145,120.0,6.595276149709699,6.61801149078371,1.3458251953125
A_open,62,attack,46.86077097505669,46.93577097505669,44.76226757369614,44.837267573696145,74.98866213151928,74.98866213151928,4.124779220252541,4.140684510684102,2.691650390625
A_open,62,stabilization,46.93577097505669,47.01577097505669,44.837267573696145,44.917267573696144,80.0,80.0,4.40042972151526,4.417397929753103,2.691650390625
A_open,62,body,47.01577097505669,47.18077097505669,44.917267573696144,45.08226757369614,165.01133786848072,165.01133786848072,9.076509944293237,9.111509278575207,1.3458251953125
A_open,62,sustain,47.18077097505669,47.35077097505669,45.08226757369614,45.252267573696145,170.0,170.0,9.350913158219926,9.386970600725345,1.3458251953125
A_open,62,decay,47.300770975056686,47.42077097505669,45.20226757369614,45.322267573696145,120.02267573696145,120.02267573696145,6.601891869608919,6.62734899154852,1.3458251953125
A_open,63,attack,47.4615873015873,47.5365873015873,45.36888888888889,45.44388888888889,74.98866213151928,74.98866213151928,4.121157656823171,4.1321700222987,2.691650390625
A_open,63,stabilization,47.5365873015873,47.6165873015873,45.44388888888889,45.52388888888889,80.0,80.0,4.396566136459676,4.40831443564252,2.691650390625
A_open,63,body,47.6165873015873,47.7815873015873,45.52388888888889,45.68888888888889,165.01133786848072,165.01133786848072,9.068540752555856,9.09277328462886,1.3458251953125
A_open,63,sustain,47.7815873015873,47.9515873015873,45.68888888888889,45.85888888888889,170.0,170.0,9.342703039976811,9.367668175740357,1.3458251953125
A_open,63,decay,47.9015873015873,48.0215873015873,45.80888888888889,45.92868027210884,120.0,119.77324263038548,6.594849204689514,6.599976431140531,1.3458251953125
A_open,64,attack,48.06240362811791,48.137403628117916,45.94068027210884,46.015680272108845,74.98866213151928,74.98866213151928,4.12221395488866,4.135924273366253,2.691650390625
A_open,64,stabilization,48.137403628117916,48.217403628117914,46.015680272108845,46.095680272108844,80.0,80.0,4.397693024749679,4.412319575577908,2.691650390625
A_open,64,body,48.217403628117914,48.38240362811791,46.095680272108844,46.26068027210884,165.01133786848072,165.01133786848072,9.070865119360379,9.10103445336747,1.3458251953125
A_open,64,sustain,48.38240362811791,48.552403628117915,46.26068027210884,46.430680272108845,170.0,170.0,9.345097677593069,9.376179098103055,1.3458251953125
A_open,64,decay,48.50240362811791,48.622403628117915,46.38068027210884,46.500680272108845,120.0,120.02267573696145,6.596539537124519,6.619730020842933,1.3458251953125
A_open,65,attack,48.68643990929705,48.76143990929705,46.55891156462585,46.633911564625855,74.98866213151928,74.98866213151928,4.120205483702049,4.137917917716263,2.691650390625
A_open,65,stabilization,48.76143990929705,48.84143990929705,46.633911564625855,46.71391156462585,80.0,80.0,4.395550331569649,4.4144464510743795,2.691650390625
A_open,65,body,48.84143990929705,49.00643990929705,46.71391156462585,46.87891156462585,165.01133786848072,165.01133786848072,9.066445511006899,9.105421435506877,1.3458251953125
A_open,65,sustain,49.00643990929705,49.17643990929705,46.87891156462585,47.048911564625854,170.0,170.0,9.340544454585505,9.380698708533057,1.3458251953125
A_open,65,decay,49.12643990929705,49.23752380952381,46.99891156462585,47.118911564625854,111.06575963718821,120.0,6.102439207490971,6.621669676611569,1.3458251953125
A_open,66,attack,49.24952380952381,49.32452380952381,47.15392290249433,47.22892290249433,74.98866213151928,74.98866213151928,4.119955592205803,4.14032931737239,2.691650390625
A_open,66,stabilization,49.32452380952381,49.40452380952381,47.22892290249433,47.30892290249433,80.0,80.0,4.395283740339302,4.417018999603808,2.691650390625
A_open,66,body,49.40452380952381,49.56952380952381,47.30892290249433,47.47392290249433,165.01133786848072,165.01133786848072,9.065895628812102,9.110727681439036,1.3458251953125
A_open,66,sustain,49.56952380952381,49.73952380952381,47.47392290249433,47.64392290249433,170.0,170.0,9.339977948221016,9.386165374158093,1.3458251953125
A_open,66,decay,49.689523809523806,49.80952380952381,47.59392290249433,47.71392290249433,120.0,120.0,6.592925610508953,6.625528499405712,1.3458251953125
A_open,67,attack,49.873560090702945,49.94856009070295,47.75473922902494,47.829739229024945,74.98866213151928,74.98866213151928,4.12038601858241,4.141707639022443,2.691650390625
A_open,67,stabilization,49.94856009070295,50.028560090702946,47.829739229024945,47.90973922902494,80.0,80.0,4.395742931224294,4.418489431651401,2.691650390625
A_open,67,body,50.028560090702946,50.193560090702945,47.90973922902494,48.07473922902494,165.01133786848072,165.01133786848072,9.066842775090475,9.113760655931758,1.3458251953125
A_open,67,sustain,50.193560090702945,50.36356009070295,48.07473922902494,48.244739229024944,170.0,170.0,9.340953728851627,9.389290042259226,1.3458251953125
A_open,67,decay,50.31356009070294,50.43356009070295,48.19473922902494,48.29131065759637,120.0,96.55328798185941,6.5936143968364425,5.332746031738,1.3458251953125
A_open,68,attack,50.48888888888889,50.56388888888889,48.30331065759637,48.37831065759637,74.98866213151928,74.98866213151928,4.121896657916911,4.139609551721069,2.691650390625
A_open,68,stabilization,50.56388888888889,50.64388888888889,48.37831065759637,48.45831065759637,80.0,80.0,4.397354523474709,4.4162511334962,2.691650390625
A_open,68,body,50.64388888888889,50.80888888888889,48.45831065759637,48.62331065759637,165.01133786848072,165.01133786848072,9.070166912507217,9.10914384876753,1.3458251953125
A_open,68,sustain,50.80888888888889,50.97888888888889,48.62331065759637,48.79331065759637,170.0,170.0,9.344378362383756,9.384533658679425,1.3458251953125
A_open,68,decay,50.928888888888885,51.04888888888889,48.74331065759637,48.86331065759637,120.0,120.0,6.596031785212064,6.6243767002443,1.3458251953125
A_open,69,attack,51.07809523809524,51.15309523809524,48.96798185941043,49.04298185941043,74.98866213151928,74.98866213151928,4.120121454853057,4.140031973674183,2.691650390625
A_open,69,stabilization,51.15309523809524,51.23309523809524,49.04298185941043,49.12298185941043,80.0,80.0,4.395460687245717,4.41670178503856,2.691650390625
A_open,69,body,51.23309523809524,51.39809523809524,49.12298185941043,49.28798185941043,165.01133786848072,165.01133786848072,9.066260606884093,9.110073381441497,1.3458251953125
A_open,69,sustain,51.39809523809524,51.56809523809524,49.28798185941043,49.45798185941043,170.0,170.0,9.340353960397149,9.38549129320694,1.3458251953125
A_open,69,decay,51.518095238095235,51.63809523809524,49.40798185941043,49.52798185941043,120.0,120.0,6.593191030868574,6.62505267755784,1.3458251953125
A_open,70,attack,51.67310657596372,51.748106575963725,49.54267573696145,49.61767573696145,74.98866213151928,74.98866213151928,4.120718445878349,4.13677700665106,2.691650390625
A_open,70,stabilization,51.748106575963725,51.82810657596372,49.61767573696145,49.69767573696145,80.0,80.0,4.396097573951864,4.4132292952721315,2.691650390625
A_open,70,body,51.82810657596372,51.99310657596372,49.69767573696145,49.86267573696145,165.01133786848072,165.01133786848072,9.067574275977243,9.102910879165334,1.3458251953125
A_open,70,sustain,51.99310657596372,52.163106575963724,49.86267573696145,50.03267573696145,170.0,170.0,9.34170734464771,9.378112252453278,1.3458251953125
A_open,70,decay,52.11310657596372,52.233106575963724,49.98267573696145,50.10267573696145,120.0,120.0,6.594146360927796,6.619843942908196,1.3458251953125
A_open,71,attack,52.30294784580499,52.37794784580499,50.12607709750567,50.201077097505674,74.98866213151928,74.98866213151928,4.119574057908735,4.136438079920721,2.691650390625
A_open,71,stabilization,52.37794784580499,52.45794784580499,50.201077097505674,50.28107709750567,80.0,80.0,4.394876708890842,4.4128677187663445,2.691650390625
A_open,71,body,52.45794784580499,52.62294784580499,50.28107709750567,50.44607709750567,165.01133786848072,165.01133786848072,9.065056068763791,9.102165076378313,1.3458251953125
A_open,71,sustain,52.62294784580499,52.79294784580499,50.44607709750567,50.61607709750567,170.0,170.0,9.33911300639304,9.377343902378483,1.3458251953125
A_open,71,decay,52.742947845804984,52.86294784580499,50.56607709750567,50.686077097505674,120.0,120.0,6.5923150633362635,6.619301578149517,1.3458251953125
A_open,72,attack,52.91827664399093,52.99327664399093,50.74140589569161,50.81640589569161,74.98866213151928,74.98866213151928,4.12003558997437,4.137688073176345,2.691650390625
A_open,72,stabilization,52.99327664399093,53.07327664399093,50.81640589569161,50.89640589569161,80.0,80.0,4.395369084194006,4.4142012464971705,2.691650390625
A_open,72,body,53.07327664399093,53.23827664399093,50.89640589569161,51.06140589569161,165.01133786848072,165.01133786848072,9.066071662607648,9.104915666315168,1.3458251953125
A_open,72,sustain,53.23827664399093,53.40827664399093,51.06140589569161,51.23140589569161,170.0,170.0,9.340159303912262,9.38017764880649,1.3458251953125
A_open,72,decay,53.358276643990926,53.47827664399093,51.181405895691604,51.30140589569161,120.0,120.02267573696145,6.5930536262910096,6.622553060575262,1.3458251953125
A_open,73,attack,53.50748299319728,53.58248299319728,51.348027210884354,51.42302721088436,74.98866213151928,74.98866213151928,4.121026102216484,4.134852930351174,2.691650390625
A_open,73,stabilization,53.58248299319728,53.66248299319728,51.42302721088436,51.503027210884355,80.0,80.0,4.39642579032953,4.411176636915314,2.691650390625
A_open,73,body,53.66248299319728,53.82748299319728,51.503027210884355,51.668027210884354,165.01133786848072,165.01133786848072,9.068251268772105,9.098676980394767,1.3458251953125
A_open,73,sustain,53.82748299319728,53.99748299319728,51.668027210884354,51.838027210884356,170.0,170.0,9.34240480445025,9.373750353445043,1.3458251953125
A_open,73,decay,53.947482993197276,54.06748299319728,51.78802721088435,51.908027210884356,120.0,120.0,6.594638685494295,6.616764955372971,1.3458251953125
A_open,74,attack,54.11120181405896,54.18620181405896,51.95174603174603,52.026746031746036,74.98866213151928,74.98866213151928,4.121499693408921,4.136570404386871,2.691650390625
A_open,74,stabilization,54.18620181405896,54.26620181405896,52.026746031746036,52.106746031746034,80.0,80.0,4.396931030646107,4.413008886204077,2.691650390625
A_open,74,body,54.26620181405896,54.43120181405896,52.106746031746034,52.271746031746034,165.01133786848072,165.01133786848072,9.0692933985294,9.102456254225359,1.3458251953125
A_open,74,sustain,54.43120181405896,54.60120181405896,52.271746031746034,52.441746031746035,170.0,170.0,9.343478440122977,9.377643883183662,1.3458251953125
A_open,74,decay,54.551201814058956,54.67099319727891,52.39174603174603,52.511746031746036,119.77324263038548,120.0,6.58293358953309,6.619513329306114,1.3458251953125
A_open,75,attack,54.68299319727891,54.757993197278914,52.55546485260771,52.630464852607716,74.98866213151928,74.98866213151928,4.124275553159723,4.135322389940928,2.691650390625
A_open,75,stabilization,54.757993197278914,54.83799319727891,52.630464852607716,52.710464852607714,80.0,80.0,4.3998923953878135,4.411677469522707,2.691650390625
A_open,75,body,54.83799319727891,55.00299319727891,52.710464852607714,52.87546485260771,165.01133786848072,165.01133786848072,9.07540163300372,9.099710018627194,1.3458251953125
A_open,75,sustain,55.00299319727891,55.17299319727891,52.87546485260771,53.045464852607715,170.0,170.0,9.349771340199105,9.374814622735753,1.3458251953125
A_open,75,decay,55.12299319727891,55.23407709750567,52.99546485260771,53.115464852607715,111.06575963718821,120.0,6.1084673901954405,6.617516204284061,1.3458251953125
A_open,76,attack,55.89333333333333,55.968333333333334,53.75419501133787,53.82919501133787,74.98866213151928,74.98866213151928,4.132962106651593,4.136443060307843,2.691650390625
A_open,76,stabilization,55.968333333333334,56.04833333333333,53.82919501133787,53.90919501133787,80.0,80.0,4.409159453361602,4.412873031982483,2.691650390625
A_open,76,body,56.04833333333333,56.21333333333333,53.90919501133787,54.07419501133787,165.01133786848072,165.01133786848072,9.094516253433214,9.102176035639605,1.3458251953125
A_open,76,sustain,56.21333333333333,56.38333333333333,54.07419501133787,54.24419501133787,170.0,170.0,9.369463838393404,9.377355192962776,1.3458251953125
A_open,76,decay,56.33333333333333,56.45333333333333,54.19419501133787,54.31419501133787,120.0,120.0,6.613739180042404,6.619309547973724,1.3458251953125
A_open,77,attack,56.48253968253968,56.557539682539684,54.337596371882086,54.41259637188209,74.98866213151928,74.98866213151928,4.118868510243186,4.137240916327447,2.691650390625
A_open,77,stabilization,56.557539682539684,56.63753968253968,54.41259637188209,54.49259637188209,80.0,80.0,4.394124010927718,4.413724207076878,2.691650390625
A_open,77,body,56.63753968253968,56.80253968253968,54.49259637188209,54.657596371882086,165.01133786848072,165.01133786848072,9.063503522539966,9.103931704903186,1.3458251953125
A_open,77,sustain,56.80253968253968,56.97253968253968,54.657596371882086,54.82759637188209,170.0,170.0,9.337513523221398,9.379163940038364,1.3458251953125
A_open,77,decay,56.92253968253968,57.04253968253968,54.77759637188208,54.89759637188209,120.0,120.0,6.5911860163915765,6.620586310615316,1.3458251953125
A_open,78,attack,57.0659410430839,57.140941043083906,54.95002267573696,55.02502267573696,74.98866213151928,74.98866213151928,4.120511105126149,4.135072135848323,2.691650390625
A_open,78,stabilization,57.140941043083906,57.220941043083904,55.02502267573696,55.10502267573696,80.0,80.0,4.395876377044166,4.411410491464434,2.691650390625
A_open,78,body,57.220941043083904,57.3859410430839,55.10502267573696,55.27002267573696,165.01133786848072,165.01133786848072,9.067118026006348,9.099159338544979,1.3458251953125
A_open,78,sustain,57.3859410430839,57.555941043083905,55.27002267573696,55.44002267573696,170.0,170.0,9.341237301218852,9.374247294361922,1.3458251953125
A_open,78,decay,57.5059410430839,57.625941043083905,55.39002267573696,55.51002267573696,120.0,120.0,6.593814565566249,6.617115737196651,1.3458251953125
A_open,79,attack,57.66095238095238,57.735952380952384,56.16907029478458,56.244070294784585,74.98866213151928,74.98866213151928,4.120259343218781,4.137915878683171,2.691650390625
A_open,79,stabilization,57.735952380952384,57.81595238095238,56.244070294784585,56.32407029478458,80.0,80.0,4.395607790406973,4.414444275776905,2.691650390625
A_open,79,body,57.81595238095238,57.98095238095238,56.32407029478458,56.48907029478458,165.01133786848072,165.01133786848072,9.066564028002139,9.105416948647544,1.3458251953125
A_open,79,sustain,57.98095238095238,58.15095238095238,56.48907029478458,56.659070294784584,170.0,170.0,9.340666554614817,9.380694086025924,1.3458251953125
A_open,79,decay,58.10095238095238,58.22095238095238,56.60907029478458,56.729070294784584,120.0,120.0,6.59341168561046,6.621666413665358,1.3458251953125
A_open,80,attack,58.25015873015873,58.32515873015873,56.76698412698413,56.84198412698413,74.98866213151928,74.98866213151928,4.122496684312975,4.137808911169229,2.691650390625
A_open,80,stabilization,58.32515873015873,58.40515873015873,56.84198412698413,56.92198412698413,80.0,80.0,4.397994648399206,4.4143301598442815,2.691650390625
A_open,80,body,58.40515873015873,58.57015873015873,56.92198412698413,57.08698412698413,165.01133786848072,165.01133786848072,9.071487260884643,9.105181568363616,1.3458251953125
A_open,80,sustain,58.57015873015873,58.74015873015873,57.08698412698413,57.25698412698413,170.0,170.0,9.345738627848313,9.380451589669098,1.3458251953125
A_open,80,decay,58.69015873015873,58.81015873015873,57.206984126984125,57.32698412698413,120.0,120.0,6.59699197259881,6.621495239766422,1.3458251953125
A_open,81,attack,58.85387755102041,58.92887755102041,57.373605442176874,57.44860544217688,74.98866213151928,74.98866213151928,4.123700562240144,4.133211641229464,2.691650390625
A_open,81,stabilization,58.92887755102041,59.00887755102041,57.44860544217688,57.528605442176875,80.0,80.0,4.39927897900914,4.409425663821454,2.691650390625
A_open,81,body,59.00887755102041,59.17387755102041,57.528605442176875,57.693605442176874,165.01133786848072,165.01133786848072,9.074136374787276,9.095065350234899,1.3458251953125
A_open,81,sustain,59.17387755102041,59.34387755102041,57.693605442176874,57.863605442176876,170.0,170.0,9.348467830394423,9.370029535620592,1.3458251953125
A_open,81,decay,59.29387755102041,59.41387755102041,57.81360544217687,57.93360544217688,120.0,120.0,6.59891846851371,6.614138495732183,1.3458251953125
A_open,82,attack,59.47210884353741,59.547108843537416,57.97151927437642,58.04651927437642,74.98866213151928,74.98866213151928,4.122402513020432,4.13402809622382,2.691650390625
A_open,82,stabilization,59.547108843537416,59.627108843537414,58.04651927437642,58.12651927437642,80.0,80.0,4.397894183833106,4.410296680821783,2.691650390625
A_open,82,body,59.627108843537414,59.79210884353741,58.12651927437642,58.29151927437642,165.01133786848072,165.01133786848072,9.071280038478886,9.096861946241528,1.3458251953125
A_open,82,sustain,59.79210884353741,59.962108843537415,58.29151927437642,58.46151927437642,170.0,170.0,9.34552514064535,9.371880446746289,1.3458251953125
A_open,82,decay,59.91210884353741,60.032108843537415,58.41151927437642,58.53151927437642,120.0,120.0,6.596841275749659,6.6154450212326745,1.3458251953125
A_open,83,attack,60.09034013605442,60.165340136054425,58.57523809523809,58.650238095238095,74.98866213151928,74.98866213151928,4.122428141819052,4.134903183112178,2.691650390625
A_open,83,stabilization,60.165340136054425,60.24534013605442,58.650238095238095,58.73023809523809,80.0,80.0,4.3979215253515616,4.411230247964852,2.691650390625
A_open,83,body,60.24534013605442,60.41034013605442,58.73023809523809,58.89523809523809,165.01133786848072,165.01133786848072,9.071336434235633,9.098787560782377,1.3458251953125
A_open,83,sustain,60.41034013605442,60.580340136054424,58.89523809523809,59.065238095238094,170.0,170.0,9.345583241372069,9.37386427692531,1.3458251953125
A_open,83,decay,60.53034013605442,60.650340136054425,59.01523809523809,59.10600453514739,120.0,90.77097505668934,6.596882288027342,5.005145885091639,1.3458251953125
A_open,84,attack,60.71147392290249,60.786473922902495,59.773968253968256,59.84896825396826,74.98866213151928,74.98866213151928,4.122467674095192,4.13685424415016,2.691650390625
A_open,84,stabilization,60.786473922902495,60.86647392290249,59.84896825396826,59.92896825396826,80.0,80.0,4.397963699488309,4.413311694394244,2.691650390625
A_open,84,body,60.86647392290249,61.03147392290249,59.92896825396826,60.09396825396826,165.01133786848072,165.01133786848072,9.071423424369735,9.103080839032572,1.3458251953125
A_open,84,sustain,61.03147392290249,61.201473922902494,60.09396825396826,60.26396825396826,170.0,170.0,9.345672861412657,9.378287350587769,1.3458251953125
A_open,84,decay,61.15147392290249,61.27126530612245,60.213968253968254,60.33396825396826,119.77324263038548,120.0,6.5844796657305125,6.6199675415913655,1.3458251953125
A_open,85,attack,61.28326530612245,61.358265306122455,60.969795918367346,61.04479591836735,74.98866213151928,74.98866213151928,4.120595390987629,4.134012874717074,2.691650390625
A_open,85,stabilization,61.358265306122455,61.43826530612245,61.04479591836735,61.12479591836735,80.0,80.0,4.3959662955562,4.410280442093087,2.691650390625
A_open,85,body,61.43826530612245,61.60326530612245,61.12479591836735,61.289795918367346,165.01133786848072,165.01133786848072,9.067303495680973,9.096828451562185,1.3458251953125
A_open,85,sustain,61.60326530612245,61.773265306122454,61.289795918367346,61.45979591836735,170.0,170.0,9.341428378056927,9.371845939447809,1.3458251953125
A_open,85,decay,61.72326530612245,61.843265306122454,61.409795918367344,61.52979591836735,120.0,120.0,6.5939494433343,6.61542066313963,1.3458251953125
A_open,86,attack,61.87827664399093,61.95327664399093,61.56480725623583,61.639807256235834,74.98866213151928,74.98866213151928,4.122120706898777,4.133813688230687,2.691650390625
A_open,86,stabilization,61.95327664399093,62.03327664399093,61.639807256235834,61.71980725623583,80.0,80.0,4.3975935451886565,4.410067944383992,2.691650390625
A_open,86,body,62.03327664399093,62.19827664399093,61.71980725623583,61.88480725623583,165.01133786848072,165.01133786848072,9.070659928667192,9.09639014492129,1.3458251953125
A_open,86,sustain,62.19827664399093,62.36827664399093,61.88480725623583,62.05480725623583,170.0,170.0,9.344886283525893,9.371394381815984,1.3458251953125
A_open,86,decay,62.31827664399093,62.43827664399093,62.00480725623583,62.11589115646258,120.0,111.06575963718821,6.5963903177829835,6.122594328682764,1.3458251953125
A_open,87,attack,62.458775510204084,62.53377551020409,62.12789115646258,62.202891156462584,74.98866213151928,74.98866213151928,4.1230925496188044,4.134745164409453,2.691650390625
A_open,87,stabilization,62.53377551020409,62.613775510204086,62.202891156462584,62.28289115646258,80.0,80.0,4.398630334156378,4.411061669197626,2.691650390625
A_open,87,body,62.613775510204086,62.778775510204085,62.28289115646258,62.44789115646258,165.01133786848072,165.01133786848072,9.07279845285033,9.098439843183426,1.3458251953125
A_open,87,sustain,62.778775510204085,62.94877551020409,62.44789115646258,62.61789115646258,170.0,170.0,9.347089460082303,9.373506047044957,1.3458251953125
A_open,87,decay,62.89877551020408,63.01877551020409,62.56789115646258,62.687891156462584,120.0,120.02267573696145,6.597945501234568,6.617842804723083,1.3458251953125
A_open,88,attack,63.094421768707484,63.16942176870749,62.73160997732426,62.806609977324264,74.98866213151928,74.98866213151928,4.123741380059899,4.137098804021861,2.691650390625
A_open,88,stabilization,63.16942176870749,63.249421768707485,62.806609977324264,62.88660997732426,80.0,80.0,4.399322524599735,4.413572597698556,2.691650390625
A_open,88,body,63.249421768707485,63.414421768707484,62.88660997732426,63.05160997732426,165.01133786848072,165.01133786848072,9.074226193739305,9.103618989073805,1.3458251953125
A_open,88,sustain,63.414421768707484,63.584421768707486,63.05160997732426,63.22160997732426,170.0,170.0,9.348560364774436,9.37884177010943,1.3458251953125
A_open,88,decay,63.53442176870748,63.654421768707486,63.17160997732426,63.29160997732426,120.0,120.0,6.598983786899603,6.620358896547833,1.3458251953125
A_open,89,attack,63.67492063492063,63.749920634920635,63.35274376417234,63.42774376417234,74.98866213151928,74.98866213151928,4.124143328554745,4.133865491431778,2.691650390625
A_open,89,stabilization,63.749920634920635,63.82992063492063,63.42774376417234,63.50774376417234,80.0,80.0,4.3997513344847725,4.410123209486336,2.691650390625
A_open,89,body,63.82992063492063,63.99492063492063,63.50774376417234,63.67274376417234,165.01133786848072,165.01133786848072,9.075110674899571,9.09650413702723,1.3458251953125
A_open,89,sustain,63.99492063492063,64.16492063492063,63.67274376417234,63.84274376417234,170.0,170.0,9.349471585780142,9.371511820158464,1.3458251953125
A_open,89,decay,64.11492063492064,64.23492063492063,63.792743764172336,63.91274376417234,119.97732426303854,120.0,6.598379906677702,6.6151848142295036,1.3458251953125
A_open,90,attack,64.29024943310658,64.36524943310658,63.95646258503401,64.031462585034,74.98866213151928,74.98866213151928,4.123232625509596,4.136625984808545,2.691650390625
A_open,90,stabilization,64.36524943310658,64.44524943310658,64.031462585034,64.111462585034,80.0,80.0,4.398779771030497,4.4130681809508765,2.691650390625
A_open,90,body,64.44524943310658,64.61024943310657,64.111462585034,64.27646258503401,165.01133786848072,165.01133786848072,9.073106687581896,9.102578558044083,1.3458251953125
A_open,90,sustain,64.61024943310657,64.78024943310658,64.27646258503401,64.44646258503401,170.0,170.0,9.347407013439808,9.377769884520612,1.3458251953125
A_open,90,decay,64.73024943310658,64.85024943310658,64.39646258503402,64.516462585034,120.0,119.97732426303854,6.598169656545746,6.618351401760512,1.3458251953125
D_open,0,attack,5.471201814058957,5.546201814058957,6.086530612244898,6.161530612244898,74.98866213151928,74.98866213151928,5.506683127609306,5.489806768285861,2.691650390625
D_open,0,stabilization,5.546201814058957,5.626201814058957,6.161530612244898,6.241530612244898,80.0,80.0,5.8746834212898795,5.8566792496258,2.691650390625
D_open,0,body,5.626201814058957,5.791201814058957,6.241530612244898,6.406530612244898,165.01133786848072,165.01133786848072,12.11736713626033,12.080230980591539,1.3458251953125
D_open,0,sustain,5.791201814058957,5.961201814058957,6.406530612244898,6.576530612244898,170.0,170.0,12.483702270240993,12.445443405454824,1.3458251953125
D_open,0,decay,5.911201814058957,6.0312018140589565,6.5265306122448985,6.646530612244899,120.0,120.0,8.81202513193482,8.7850188744387,1.3458251953125
D_open,1,attack,9.02095238095238,9.09595238095238,7.305578231292517,7.380578231292517,75.01133786848072,74.98866213151928,5.505495413444902,5.492364420949205,2.691650390625
D_open,1,stabilization,9.09595238095238,9.17595238095238,7.380578231292517,7.4605782312925175,80.0,80.0,5.871640815790089,5.8594078249497406,2.691650390625
D_open,1,body,9.17595238095238,9.34095238095238,7.4605782312925175,7.6255782312925176,165.01133786848072,165.01133786848072,12.111091331208751,12.085859053900018,1.3458251953125
D_open,1,sustain,9.34095238095238,9.51095238095238,7.6255782312925176,7.7955782312925175,170.0,170.0,12.477236733553939,12.451241628018199,1.3458251953125
D_open,1,decay,9.46095238095238,9.577841269841269,7.745578231292518,7.865578231292517,116.89342403628119,120.0,8.579452495861085,8.789111737424612,1.3458251953125
D_open,2,attack,10.22548752834467,10.30048752834467,10.872743764172336,10.947743764172335,75.01133786848072,74.98866213151928,5.509436015784524,5.4878239730352405,2.691650390625
D_open,2,stabilization,10.30048752834467,10.38048752834467,10.947743764172335,11.027743764172335,80.0,80.0,5.87584348962751,5.854563948251687,2.691650390625
D_open,2,body,10.38048752834467,10.54548752834467,11.027743764172335,11.192743764172336,165.01133786848072,165.01133786848072,12.119759941615472,12.07586787171982,1.3458251953125
D_open,2,sustain,10.54548752834467,10.71548752834467,11.192743764172336,11.362743764172336,170.0,170.0,12.486167415458457,12.440948390034835,1.3458251953125
D_open,2,decay,10.66548752834467,10.785487528344671,11.312743764172335,11.432743764172336,120.02267573696145,120.0,8.815430722958732,8.781845922377531,1.3458251953125
D_open,3,attack,11.42421768707483,11.499217687074829,13.287619047619048,13.362619047619047,74.98866213151928,74.98866213151928,5.506715958142959,5.49313911384913,2.691650390625
D_open,3,stabilization,11.499217687074829,11.579217687074829,13.362619047619047,13.442619047619047,80.0,80.0,5.87471844582049,5.860234288980868,2.691650390625
D_open,3,body,11.579217687074829,11.74421768707483,13.442619047619047,13.607619047619048,165.01133786848072,165.01133786848072,12.117439379318512,12.087563753093473,1.3458251953125
D_open,3,sustain,11.74421768707483,11.91421768707483,13.607619047619048,13.777619047619048,170.0,170.0,12.48377669736854,12.452997864084345,1.3458251953125
D_open,3,decay,11.864217687074829,11.98421768707483,13.727619047619047,13.847619047619048,120.02267573696145,120.0,8.813742838358236,8.7903514334713,1.3458251953125
D_open,4,attack,12.646167800453515,12.721167800453514,13.900045351473922,13.975045351473922,74.98866213151928,74.98866213151928,5.504092966770369,5.490646189929458,2.691650390625
D_open,4,stabilization,12.721167800453514,12.801167800453515,13.975045351473922,14.055045351473922,80.0,80.0,5.871920165335912,5.857574768089244,2.691650390625
D_open,4,body,12.801167800453515,12.966167800453515,14.055045351473922,14.220045351473923,165.01133786848072,165.01133786848072,12.111667529237367,12.082078114338271,1.3458251953125
D_open,4,sustain,12.966167800453515,13.136167800453515,14.220045351473923,14.390045351473923,170.0,170.0,12.477830351338813,12.447346382189643,1.3458251953125
D_open,4,decay,13.086167800453515,13.185641723356008,14.340045351473922,14.460045351473923,99.45578231292517,120.0,7.29995517153155,8.786362152133867,1.3458251953125
D_open,5,attack,13.836190476190476,13.911190476190475,14.486349206349207,14.561349206349206,74.98866213151928,74.98866213151928,5.511481119943191,5.490579161842559,2.691650390625
D_open,5,stabilization,13.911190476190475,13.991190476190475,14.561349206349206,14.641349206349206,80.0,80.0,5.879802053571085,5.857503260653326,2.691650390625
D_open,5,body,13.991190476190475,14.156190476190476,14.641349206349206,14.806349206349207,165.01133786848072,165.01133786848072,12.127925040770064,12.08193062011742,1.3458251953125
D_open,5,sustain,14.156190476190476,14.326190476190476,14.806349206349207,14.976349206349207,170.0,170.0,12.494579363838556,12.447194428888317,1.3458251953125
D_open,5,decay,14.276190476190475,14.396190476190476,14.926349206349206,15.046349206349207,120.0,120.0,8.819703080356629,8.78625489097999,1.3458251953125
D_open,6,attack,16.253968253968253,16.328968253968252,16.904126984126986,16.979126984126985,74.98866213151928,74.98866213151928,5.504295239156263,5.487841890130626,2.691650390625
D_open,6,stabilization,16.328968253968252,16.408968253968254,16.979126984126985,17.059126984126987,80.0,80.0,5.8721359551688215,5.854583062709661,2.691650390625
D_open,6,body,16.408968253968254,16.573968253968253,17.059126984126987,17.224126984126986,165.01133786848072,165.01133786848072,12.112112626350203,12.075907297998357,1.3458251953125
D_open,6,sustain,16.573968253968253,16.74396825396825,17.224126984126986,17.394126984126984,169.97732426303855,170.0,12.47662446710473,12.440989008258029,1.3458251953125
D_open,6,decay,16.693968253968254,16.813968253968252,17.344126984126987,17.464126984126985,119.97732426303854,120.0,8.806539495124216,8.781874594064492,1.3458251953125
D_open,7,attack,18.622403628117915,18.697403628117915,24.076190476190476,24.151190476190475,74.98866213151928,74.98866213151928,5.5052173089077225,5.487110834023864,2.691650390625
D_open,7,stabilization,18.697403628117915,18.777403628117916,24.151190476190475,24.231190476190477,80.0,80.0,5.873119644942983,5.853803151628725,2.691650390625
D_open,7,body,18.777403628117916,18.942403628117916,24.231190476190477,24.396190476190476,165.01133786848072,165.01133786848072,12.114141625921226,12.074298620862308,1.3458251953125
D_open,7,sustain,18.942403628117916,19.112403628117914,24.396190476190476,24.566190476190474,170.0,170.0,12.480379245503839,12.439331697211038,1.3458251953125
D_open,7,decay,19.062403628117917,19.182403628117914,24.516190476190477,24.636190476190475,120.0,120.0,8.809679467414474,8.780704727443087,1.3458251953125
D_open,8,attack,19.832743764172335,19.907743764172334,27.744943310657597,27.819943310657596,74.98866213151928,74.98866213151928,5.502925285807638,5.48944439624631,2.691650390625
D_open,8,stabilization,19.907743764172334,19.987743764172336,27.819943310657596,27.899943310657598,80.0,80.0,5.870674450659011,5.856292661009067,2.691650390625
D_open,8,body,19.987743764172336,20.152743764172335,27.899943310657598,28.064943310657597,165.01133786848072,165.01133786848072,12.109098066169393,12.079433586780889,1.3458251953125
D_open,8,sustain,20.152743764172335,20.322743764172333,28.064943310657597,28.234943310657595,169.97732426303855,170.0,12.47351918428003,12.444621904644267,1.3458251953125
D_open,8,decay,20.272743764172336,20.35190022675737,28.184943310657598,28.304943310657595,79.13832199546485,120.0,5.807441562585019,8.7844389915136,2.691650390625
D_open,9,attack,22.253424036281178,22.328424036281177,28.90013605442177,28.975136054421768,74.98866213151928,74.98866213151928,5.508131374245445,5.491996246987786,2.691650390625
D_open,9,stabilization,22.328424036281177,22.40842403628118,28.975136054421768,29.05513605442177,80.0,80.0,5.876228451266384,5.85901504668065,2.691650390625
D_open,9,body,22.40842403628118,22.573424036281178,29.05513605442177,29.22013605442177,165.01133786848072,165.01133786848072,12.120553979553705,12.085048893054163,1.3458251953125
D_open,9,sustain,22.573424036281178,22.743424036281176,29.22013605442177,29.390136054421767,169.97732426303855,170.0,12.485319861307486,12.45040697419638,1.3458251953125
D_open,9,decay,22.69342403628118,22.813424036281177,29.34013605442177,29.460136054421767,119.97732426303854,120.0,8.812677079265995,8.788522570020975,1.3458251953125
D_open,10,attack,23.426031746031747,23.501031746031746,30.107573696145124,30.182573696145123,74.98866213151928,74.98866213151928,5.508132014824591,5.489510597202048,2.691650390625
D_open,10,stabilization,23.501031746031746,23.581031746031748,30.182573696145123,30.262573696145125,80.0,80.0,5.876229134654115,5.856363286038351,2.691650390625
D_open,10,body,23.581031746031748,23.746031746031747,30.262573696145125,30.427573696145124,165.01133786848072,165.01133786848072,12.12055538913775,12.079579260913004,1.3458251953125
D_open,10,sustain,23.746031746031747,23.916031746031745,30.427573696145124,30.597573696145123,170.0,170.0,12.486986911139992,12.444771982831496,1.3458251953125
D_open,10,decay,23.866031746031748,23.986031746031745,30.547573696145125,30.667573696145123,120.0,120.0,8.814343701981173,8.784544929057526,1.3458251953125
D_open,11,attack,27.054149659863945,27.129149659863945,34.87637188208617,34.95137188208617,74.98866213151928,74.98866213151928,5.500148119880902,5.48721900510501,2.691650390625
D_open,11,stabilization,27.129149659863945,27.209149659863947,34.95137188208617,35.03137188208617,80.0,80.0,5.867711692452319,5.853918551560471,2.691650390625
D_open,11,body,27.209149659863947,27.374149659863946,35.03137188208617,35.19637188208617,165.01133786848072,165.01133786848072,12.102986957476057,12.074536649576402,1.3458251953125
D_open,11,sustain,27.374149659863946,27.544149659863944,35.19637188208617,35.36637188208617,170.0,170.0,12.468887346461178,12.439576922066001,1.3458251953125
D_open,11,decay,27.494149659863947,27.605233560090703,35.316371882086166,35.43637188208617,111.06575963718821,120.0,8.146273205677852,8.780877827340706,1.3458251953125
D_open,12,attack,30.647437641723357,30.722437641723356,36.11573696145125,36.19073696145125,74.98866213151928,74.98866213151928,5.512128073088812,5.48992171546805,2.691650390625
D_open,12,stabilization,30.722437641723356,30.80243764172336,36.19073696145125,36.27073696145125,80.0,80.0,5.880492241263178,5.856801878491467,2.691650390625
D_open,12,body,30.80243764172336,30.967437641723357,36.27073696145125,36.43573696145125,165.01133786848072,165.01133786848072,12.129348650700722,12.080483920006351,1.3458251953125
D_open,12,sustain,30.967437641723357,31.137437641723356,36.43573696145125,36.60573696145125,170.0,170.0,12.496046012684253,12.445703991794367,1.3458251953125
D_open,12,decay,31.08743764172336,31.16659410430839,36.555736961451245,36.67573696145125,79.13832199546485,120.0,5.817153606011477,8.7852028177372,2.691650390625
D_open,13,attack,32.41505668934241,32.49005668934241,38.521904761904764,38.59690476190477,74.98866213151928,74.98866213151928,5.500291755787862,5.4895374612645975,2.691650390625
D_open,13,stabilization,32.49005668934241,32.57005668934241,38.59690476190477,38.676904761904765,80.0,80.0,5.867864927251158,5.85639194537088,2.691650390625
D_open,13,body,32.57005668934241,32.73505668934241,38.676904761904765,38.841904761904765,165.01133786848072,165.01133786848072,12.10330302596561,12.079638374848043,1.3458251953125
D_open,13,sustain,32.73505668934241,32.90505668934241,38.841904761904765,39.011904761904766,170.0,170.0,12.469212970408709,12.444832883913119,1.3458251953125
D_open,13,decay,32.855056689342405,32.97505668934241,38.96190476190476,39.08190476190477,120.0,120.0,8.801797390876736,8.78458791805632,1.3458251953125
D_open,14,attack,33.041995464852604,33.11699546485261,39.72643990929705,39.80143990929705,75.01133786848072,75.01133786848072,5.508047391273177,5.487172185388779,2.691650390625
D_open,14,stabilization,33.11699546485261,33.196995464852606,39.80143990929705,39.88143990929705,80.0,80.0,5.874362514030159,5.8520989933650585,2.691650390625
D_open,14,body,33.196995464852606,33.361995464852605,39.88143990929705,40.04643990929705,164.98866213151928,165.01133786848072,12.115040150817302,12.07078355292447,1.3458251953125
D_open,14,sustain,33.361995464852605,33.531995464852606,40.04643990929705,40.21643990929705,170.02267573696145,170.0,12.484685411053892,12.43571036090075,1.3458251953125
D_open,14,decay,33.4819954648526,33.60199546485261,40.16643990929705,40.28643990929705,120.02267573696145,120.02267573696145,8.813208839785043,8.77980724826566,1.3458251953125
D_open,15,attack,36.66140589569161,36.73640589569161,43.299410430839,43.374410430839006,74.98866213151928,74.98866213151928,5.504602381913999,5.490678233763242,2.691650390625
D_open,15,stabilization,36.73640589569161,36.81640589569161,43.374410430839006,43.454410430839005,80.0,80.0,5.872463623644569,5.8576089533464515,2.691650390625
D_open,15,body,36.81640589569161,36.98140589569161,43.454410430839005,43.619410430839004,165.01133786848072,165.01133786848072,12.112788489019707,12.082148626276114,1.3458251953125
D_open,15,sustain,36.98140589569161,37.15140589569161,43.619410430839004,43.789410430839006,170.0,170.0,12.47898520024471,12.44741902586121,1.3458251953125
D_open,15,decay,37.101405895691606,37.195074829931976,43.739410430839,43.859410430839006,93.6734693877551,120.0,6.876175518502186,8.786413430019678,1.3458251953125
D_open,16,attack,37.84562358276644,37.920623582766446,45.714285714285715,45.78928571428572,74.98866213151928,74.98866213151928,5.505734821711327,5.491672357463519,2.691650390625
D_open,16,stabilization,37.920623582766446,38.000623582766444,45.78928571428572,45.869285714285716,80.0,80.0,5.873671742061554,5.858669512286451,2.691650390625
D_open,16,body,38.000623582766444,38.16562358276644,45.869285714285716,46.034285714285716,165.01133786848072,165.01133786848072,12.115280404473339,12.084336179395835,1.3458251953125
D_open,16,sustain,38.16562358276644,38.335623582766445,46.034285714285716,46.20428571428572,170.0,170.0,12.481552451880804,12.44967271360871,1.3458251953125
D_open,16,decay,38.28562358276644,38.405623582766445,46.15428571428571,46.27428571428572,120.0,120.0,8.810507613092332,8.788004268429676,1.3458251953125
D_open,17,attack,39.096598639455785,39.17159863945579,48.1059410430839,48.180941043083905,74.98866213151928,74.98866213151928,5.507435815968658,5.490425993952156,2.691650390625
D_open,17,stabilization,39.17159863945579,39.251598639455786,48.180941043083905,48.2609410430839,80.0,80.0,5.8754864102623,5.857339856868221,2.691650390625
D_open,17,body,39.251598639455786,39.416598639455785,48.2609410430839,48.4259410430839,165.01133786848072,165.01133786848072,12.119023414818244,12.081593576652509,1.3458251953125
D_open,17,sustain,39.416598639455785,39.58659863945579,48.4259410430839,48.595941043083904,170.0,170.0,12.485408621807387,12.44684719584497,1.3458251953125
D_open,17,decay,39.53659863945578,39.65659863945579,48.5459410430839,48.665941043083905,120.0,120.0,8.81322961539345,8.786009785302333,1.3458251953125
D_open,18,attack,39.69160997732426,39.766609977324265,49.2756462585034,49.3506462585034,74.98866213151928,74.98866213151928,5.504397413199495,5.491528557793025,2.691650390625
D_open,18,stabilization,39.766609977324265,39.84660997732426,49.3506462585034,49.4306462585034,80.0,80.0,5.87224495729296,5.858516102780101,2.691650390625
D_open,18,body,39.84660997732426,40.01160997732426,49.4306462585034,49.5956462585034,165.01133786848072,165.01133786848072,12.112337458679384,12.084019750547276,1.3458251953125
D_open,18,sustain,40.01160997732426,40.181609977324264,49.5956462585034,49.7656462585034,170.0,170.0,12.47852053424754,12.449346718407714,1.3458251953125
D_open,18,decay,40.13160997732426,40.251609977324264,49.7156462585034,49.8356462585034,120.02267573696145,120.0,8.81003190446475,8.787774154170151,1.3458251953125
D_open,19,attack,40.26920634920635,40.34420634920635,51.69052154195011,51.765521541950115,74.98866213151928,74.98866213151928,5.506901383102207,5.484274799021172,2.691650390625
D_open,19,stabilization,40.34420634920635,40.42420634920635,51.765521541950115,51.84552154195011,80.0,80.0,5.8749162623479245,5.85077759024696,2.691650390625
D_open,19,body,40.42420634920635,40.58920634920635,51.84552154195011,52.01052154195011,165.01133786848072,165.01133786848072,12.117847403941566,12.068057971719707,1.3458251953125
D_open,19,sustain,40.58920634920635,40.75920634920635,52.01052154195011,52.180521541950114,170.0,170.0,12.48419705748934,12.432902379274788,1.3458251953125
D_open,19,decay,40.70920634920635,40.81448526077097,52.13052154195011,52.250521541950114,105.26077097505669,120.0,7.7299776898580115,8.77616638537044,1.3458251953125
D_open,20,attack,41.49696145124717,41.57196145124717,55.30122448979592,55.37622448979592,74.98866213151928,74.98866213151928,5.504122440499051,5.491998507048913,2.691650390625
D_open,20,stabilization,41.57196145124717,41.65196145124717,55.37622448979592,55.45622448979592,80.0,80.0,5.8719516087331876,5.859017457777008,2.691650390625
D_open,20,body,41.65196145124717,41.81696145124717,55.45622448979592,55.62122448979592,165.01133786848072,165.01133786848072,12.111732385700511,12.085053866282111,1.3458251953125
D_open,20,sustain,41.81696145124717,41.98696145124717,55.62122448979592,55.79122448979592,170.0,170.0,12.477897168558023,12.450412097776141,1.3458251953125
D_open,20,decay,41.936961451247164,42.05696145124717,55.74122448979592,55.86122448979592,120.0,120.0,8.807927413099781,8.78852618666551,1.3458251953125
D_open,21,attack,42.64054421768707,42.715544217687075,56.51446712018141,56.58946712018141,75.01133786848072,74.98866213151928,5.508577953003294,5.491494493799413,2.691650390625
D_open,21,stabilization,42.715544217687075,42.79554421768707,56.58946712018141,56.66946712018141,80.0,80.0,5.874928361002304,5.858479762359942,2.691650390625
D_open,21,body,42.79554421768707,42.96054421768707,56.66946712018141,56.83446712018141,165.01133786848072,165.01133786848072,12.117872359130887,12.083944793280413,1.3458251953125
D_open,21,sustain,42.96054421768707,43.130544217687074,56.83446712018141,57.00446712018141,170.0,170.0,12.484222767129896,12.449269495014876,1.3458251953125
D_open,21,decay,43.08054421768707,43.168408163265305,56.954467120181405,57.07446712018141,87.86848072562358,120.0,6.4527628681643785,8.787719643539912,2.691650390625
D_open,22,attack,43.845079365079364,43.92007936507937,57.7015873015873,57.776587301587305,74.98866213151928,74.98866213151928,5.506438847443861,5.491089649011594,2.691650390625
D_open,22,stabilization,43.92007936507937,44.000079365079365,57.776587301587305,57.856587301587304,80.0,80.0,5.8744228163840155,5.858047862628638,2.691650390625
D_open,22,body,44.000079365079365,44.165079365079364,57.856587301587304,58.0215873015873,165.01133786848072,165.01133786848072,12.116829601708188,12.083053938874318,1.3458251953125
D_open,22,sustain,44.165079365079364,44.335079365079366,58.0215873015873,58.191587301587305,170.0,170.0,12.483148484816033,12.448351708085855,1.3458251953125
D_open,22,decay,44.28507936507936,44.40507936507937,58.1415873015873,58.261587301587305,120.02267573696145,120.0,8.813299310408333,8.787071793942957,1.3458251953125
D_open,23,attack,46.8259410430839,46.900941043083904,58.90031746031746,58.97531746031746,74.98866213151928,74.98866213151928,5.507675590031644,5.490319888177625,2.691650390625
D_open,23,stabilization,46.900941043083904,46.9809410430839,58.97531746031746,59.05531746031746,80.0,80.0,5.875742207932157,5.8572266602632785,2.691650390625
D_open,23,body,46.9809410430839,47.1459410430839,59.05531746031746,59.22031746031746,165.01133786848072,165.01133786848072,12.119551033764825,12.08136009261221,1.3458251953125
D_open,23,sustain,47.1459410430839,47.3159410430839,59.22031746031746,59.39031746031746,170.0,170.0,12.485952191855832,12.446606653059467,1.3458251953125
D_open,23,decay,47.2659410430839,47.3859410430839,59.34031746031746,59.46031746031746,120.0,120.0,8.813613311898235,8.785839990394917,1.3458251953125
D_open,24,attack,47.452879818594106,47.52787981859411,60.11356009070295,60.18856009070295,74.98866213151928,74.98866213151928,5.5093880993912725,5.492136892993571,2.691650390625
D_open,24,stabilization,47.52787981859411,47.60787981859411,60.18856009070295,60.26856009070295,80.0,80.0,5.877569160765772,5.859165091769373,2.691650390625
D_open,24,body,47.60787981859411,47.772879818594106,60.26856009070295,60.43356009070295,165.01133786848072,165.01133786848072,12.123319382906045,12.08535838231455,1.3458251953125
D_open,24,sustain,47.772879818594106,47.94287981859411,60.43356009070295,60.60356009070295,170.0,170.0,12.489834466627265,12.45072582000992,1.3458251953125
D_open,24,decay,47.8928798185941,48.01287981859411,60.553560090702945,60.67356009070295,120.0,120.0,8.816353741148658,8.78874763765406,1.3458251953125
D_open,25,attack,50.4366439909297,50.511643990929706,61.31809523809524,61.39309523809524,74.98866213151928,74.98866213151928,5.508296660916953,5.490830046679942,2.691650390625
D_open,25,stabilization,50.511643990929706,50.591643990929704,61.39309523809524,61.47309523809524,80.0,80.0,5.8764047837057785,5.857770911607751,2.691650390625
D_open,25,body,50.591643990929704,50.7566439909297,61.47309523809524,61.63809523809524,165.01133786848072,165.01133786848072,12.120917690200383,12.082482688143314,1.3458251953125
D_open,25,sustain,50.7566439909297,50.926643990929705,61.63809523809524,61.80809523809524,170.0,170.0,12.487360165374781,12.447763187166471,1.3458251953125
D_open,25,decay,50.8766439909297,50.996643990929705,61.75809523809524,61.87809523809524,120.0,120.0,8.814607175558667,8.786656367411627,1.3458251953125
D_open,26,attack,53.46104308390023,53.53604308390023,61.91891156462585,61.993911564625854,74.98866213151928,74.98866213151928,5.504241608402734,5.487990843487706,2.691650390625
D_open,26,stabilization,53.53604308390023,53.61604308390023,61.993911564625854,62.07391156462585,80.0,80.0,5.872078740382475,5.854741970312859,2.691650390625
D_open,26,body,53.61604308390023,53.78104308390023,62.07391156462585,62.23891156462585,165.01133786848072,165.01133786848072,12.111994612744692,12.076235067450872,1.3458251953125
D_open,26,sustain,53.78104308390023,53.95104308390023,62.23891156462585,62.40891156462585,170.0,170.0,12.478167323312759,12.441326686914827,1.3458251953125
D_open,26,decay,53.90104308390023,54.02104308390023,62.35891156462585,62.478911564625854,120.0,120.0,8.808118110573712,8.78211295546929,1.3458251953125
D_open,27,attack,54.694603174603174,54.769603174603176,62.5081179138322,62.583117913832204,74.98866213151928,74.98866213151928,5.508624646543236,5.48800577144757,2.691650390625
D_open,27,stabilization,54.769603174603176,54.849603174603175,62.583117913832204,62.6631179138322,80.0,80.0,5.876754687936056,5.854757895877541,2.691650390625
D_open,27,body,54.849603174603175,55.014603174603174,62.6631179138322,62.8281179138322,165.01133786848072,165.01133786848072,12.12163941726493,12.076267916185051,1.3458251953125
D_open,27,sustain,55.014603174603174,55.184603174603176,62.8281179138322,62.9981179138322,170.0,170.0,12.488103711864118,12.441360528739773,1.3458251953125
D_open,27,decay,55.13460317460317,55.254603174603176,62.9481179138322,63.068117913832204,120.0,120.0,8.815132031904083,8.78213684381631,1.3458251953125
D_open,28,attack,55.899138321995466,55.97413832199547,63.70684807256236,63.78184807256236,74.98866213151928,74.98866213151928,5.5065658536332185,5.489170873667757,2.691650390625
D_open,28,stabilization,55.97413832199547,56.05413832199547,63.78184807256236,63.86184807256236,80.0,80.0,5.874558310135469,5.856000859479845,2.691650390625
D_open,28,body,56.05413832199547,56.219138321995466,63.86184807256236,64.02684807256236,165.01133786848072,165.01133786848072,12.11710907677319,12.07883170477178,1.3458251953125
D_open,28,sustain,56.219138321995466,56.38913832199547,64.02684807256236,64.19684807256236,170.0,170.0,12.483436409037871,12.444001826394672,1.3458251953125
D_open,28,decay,56.33913832199546,56.45022222222222,64.14684807256236,64.26684807256235,111.06575963718821,120.0,8.155778515601906,8.784001289219768,1.3458251953125
D_open,29,attack,57.080453514739226,57.15545351473923,69.67727891156463,69.75227891156463,74.98866213151928,74.98866213151928,5.5025815752203275,5.487514569639643,2.691650390625
D_open,29,stabilization,57.15545351473923,57.23545351473923,69.75227891156463,69.83227891156463,80.0,80.0,5.8703077706009426,5.854233868064306,2.691650390625
D_open,29,body,57.23545351473923,57.400453514739226,69.83227891156463,69.99727891156462,165.01133786848072,165.01133786848072,12.1083417365825,12.075187034553274,1.3458251953125
D_open,29,sustain,57.400453514739226,57.57045351473923,69.99727891156462,70.16727891156462,170.0,170.0,12.474404012527001,12.44024696963665,1.3458251953125
D_open,29,decay,57.52045351473922,57.64045351473923,70.11727891156463,70.23727891156463,120.02267573696145,120.0,8.807125575337524,8.781350802096458,1.3458251953125
D_open,30,attack,58.26467120181406,58.33967120181406,72.67555555555556,72.75055555555556,74.98866213151928,74.98866213151928,5.506057956498348,5.487464113070255,2.691650390625
D_open,30,stabilization,58.33967120181406,58.41967120181406,72.75055555555556,72.83055555555556,80.0,80.0,5.874016471280971,5.854180039586288,2.691650390625
D_open,30,body,58.41967120181406,58.58467120181406,72.83055555555556,72.99555555555555,165.01133786848072,165.01133786848072,12.115991457344565,12.075076005688613,1.3458251953125
D_open,30,sustain,58.58467120181406,58.75467120181406,72.99555555555555,73.16555555555556,170.0,170.0,12.482285001472063,12.440132584120866,1.3458251953125
D_open,30,decay,58.70467120181406,58.7577052154195,73.11555555555556,73.23555555555556,53.01587301587302,120.0,3.8927013916822313,8.781270059379434,2.691650390625
G_open,0,attack,2.220408163265306,2.2954081632653063,5.125804988662131,5.2008049886621315,74.98866213151928,74.98866213151928,7.339901270362363,7.342160147049177,2.691650390625
G_open,0,stabilization,2.2954081632653063,2.375408163265306,5.2008049886621315,5.2808049886621315,80.0,80.0,7.8304117574352645,7.8328215901994245,2.691650390625
G_open,0,body,2.375408163265306,2.540408163265306,5.2808049886621315,5.445804988662132,164.98866213151928,165.01133786848072,16.149114497477036,16.156304623549094,1.3458251953125
G_open,0,sustain,2.540408163265306,2.7104081632653063,5.445804988662132,5.6158049886621315,170.02267573696145,170.0,16.641844489016332,16.644745879173776,1.3458251953125
G_open,0,decay,2.660408163265306,2.780408163265306,5.565804988662132,5.685804988662131,120.0,119.97732426303854,11.745617636152897,11.747012197773568,1.3458251953125
G_open,1,attack,2.8560544217687074,2.9310544217687076,5.7411337868480725,5.816133786848073,74.98866213151928,74.98866213151928,7.338379376029593,7.337598243013384,2.691650390625
G_open,1,stabilization,2.9310544217687076,3.011054421768707,5.816133786848073,5.896133786848073,80.0,80.0,7.828788158038223,7.827954823511105,2.691650390625
G_open,1,body,3.011054421768707,3.1760544217687072,5.896133786848073,6.061133786848073,165.01133786848072,165.01133786848072,16.147985098085076,16.146266227519927,1.3458251953125
G_open,1,sustain,3.1760544217687072,3.3460544217687076,6.061133786848073,6.231133786848073,170.0,170.0,16.636174835831223,16.634403999961094,1.3458251953125
G_open,1,decay,3.2960544217687073,3.4160544217687074,6.181133786848073,6.301133786848073,120.0,120.0,11.743182237057336,11.741932235266656,1.3458251953125
G_open,2,attack,3.4771882086167802,3.5521882086167804,6.3448526077097505,6.419852607709751,74.98866213151928,74.98866213151928,7.340090990363734,7.343385582904546,2.691650390625
G_open,2,stabilization,3.5521882086167804,3.63218820861678,6.419852607709751,6.499852607709751,80.0,80.0,7.8306141560336435,7.834128919409505,2.691650390625
G_open,2,body,3.63218820861678,3.79718820861678,6.499852607709751,6.664852607709751,165.01133786848072,165.01133786848072,16.151751477737193,16.159001175323972,1.3458251953125
G_open,2,sustain,3.79718820861678,3.96718820861678,6.664852607709751,6.834852607709751,170.0,170.0,16.64005508157149,16.6475239537452,1.3458251953125
G_open,2,decay,3.91718820861678,4.03718820861678,6.784852607709751,6.904852607709751,120.0,120.0,11.745921234050464,11.751193379114257,1.3458251953125
G_open,3,attack,4.072199546485261,4.147199546485261,6.948571428571428,7.023571428571429,74.98866213151928,74.98866213151928,7.339602966012148,7.340782072005972,2.691650390625
G_open,3,stabilization,4.147199546485261,4.227199546485261,7.023571428571429,7.103571428571429,80.0,80.0,7.830093518019613,7.8313514212389075,2.691650390625
G_open,3,body,4.227199546485261,4.392199546485261,7.103571428571429,7.268571428571429,165.01133786848072,165.01133786848072,16.15067758804669,16.15327219171075,1.3458251953125
G_open,3,sustain,4.392199546485261,4.562199546485261,7.268571428571429,7.438571428571429,170.0,170.0,16.638948725791675,16.64162177013268,1.3458251953125
G_open,3,decay,4.512199546485261,4.6321995464852606,7.388571428571429,7.508571428571429,120.0,120.0,11.745140277029417,11.747027131858362,1.3458251953125
G_open,4,attack,4.649795918367347,4.724795918367347,7.5377777777777775,7.612777777777778,74.98866213151928,74.98866213151928,7.3394748001653225,7.340584387926913,2.691650390625
G_open,4,stabilization,4.724795918367347,4.804795918367347,7.612777777777778,7.692777777777778,80.0,80.0,7.829956787113172,7.83114052633993,2.691650390625
G_open,4,body,4.804795918367347,4.969795918367347,7.692777777777778,7.857777777777778,165.01133786848072,165.01133786848072,16.150395561174193,16.152837191092875,1.3458251953125
G_open,4,sustain,4.969795918367347,5.139795918367347,7.857777777777778,8.027777777777777,170.0,169.97732426303855,16.63865817261549,16.638953907438808,1.3458251953125
G_open,4,decay,5.089795918367347,5.209795918367346,7.977777777777778,8.097777777777777,119.97732426303854,119.97732426303854,11.742715805163206,11.74449107847635,1.3458251953125
G_open,5,attack,5.241904761904762,5.3169047619047625,8.132789115646258,8.207789115646257,74.98866213151928,75.01133786848072,7.339266654593169,7.341074933202328,2.691650390625
G_open,5,stabilization,5.3169047619047625,5.3969047619047625,8.207789115646257,8.287789115646257,80.0,80.0,7.829734731601058,7.829296361649884,2.691650390625
G_open,5,body,5.3969047619047625,5.561904761904763,8.287789115646257,8.452789115646258,165.01133786848072,165.01133786848072,16.149937540210004,16.149033340058445,1.3458251953125
G_open,5,sustain,5.561904761904763,5.7319047619047625,8.452789115646258,8.622789115646258,170.0,170.0,16.63818630465225,16.637254768506004,1.3458251953125
G_open,5,decay,5.681904761904763,5.801904761904762,8.572789115646257,8.692789115646258,120.0,120.02267573696145,11.744602097401588,11.74616373078595,1.3458251953125
G_open,6,attack,5.84562358276644,5.92062358276644,8.742312925170069,8.817312925170068,74.98866213151928,74.98866213151928,7.3399390502170645,7.339192630520809,2.691650390625
G_open,6,stabilization,5.92062358276644,6.0006235827664405,8.817312925170068,8.897312925170068,80.0,80.0,7.830452062039856,7.8296557606523765,2.691650390625
G_open,6,body,6.0006235827664405,6.1656235827664405,8.897312925170068,9.062312925170069,165.01133786848072,165.01133786848072,16.151417135902502,16.14977465143632,1.3458251953125
G_open,6,sustain,6.1656235827664405,6.33562358276644,9.062312925170069,9.232312925170069,170.0,170.0,16.639710631834692,16.6380184913863,1.3458251953125
G_open,6,decay,6.285623582766441,6.40562358276644,9.182312925170068,9.30231292517007,120.0,120.0,11.745678093059784,11.744483640978565,1.3458251953125
G_open,7,attack,6.469659863945578,6.544659863945578,9.331519274376417,9.406519274376416,74.98866213151928,74.98866213151928,7.33901330749209,7.3429868639853915,2.691650390625
G_open,7,stabilization,6.544659863945578,6.6246598639455785,9.406519274376416,9.486519274376416,80.0,80.0,7.829464453834924,7.833703554926054,2.691650390625
G_open,7,body,6.6246598639455785,6.7896598639455785,9.486519274376416,9.651519274376417,165.01133786848072,165.01133786848072,16.14938005401268,16.158123800792772,1.3458251953125
G_open,7,sustain,6.7896598639455785,6.9596598639455785,9.651519274376417,9.821519274376417,170.0,170.0,16.637611964399213,16.646620054217866,1.3458251953125
G_open,7,decay,6.909659863945579,7.0004263038548755,9.771519274376416,9.891519274376417,90.74829931972789,120.02267573696145,8.881382297122268,11.75277576990465,2.691650390625
G_open,8,attack,7.671292517006803,7.746292517006803,9.949750566893425,10.024750566893424,74.98866213151928,74.98866213151928,7.340762442073447,7.341384032601522,2.691650390625
G_open,8,stabilization,7.746292517006803,7.826292517006803,10.024750566893424,10.104750566893424,80.0,80.0,7.831330479478417,7.831993609621461,2.691650390625
G_open,8,body,7.826292517006803,7.991292517006803,10.104750566893424,10.269750566893425,165.01133786848072,165.01133786848072,16.153228996361804,16.15459679626286,1.3458251953125
G_open,8,sustain,7.991292517006803,8.161292517006803,10.269750566893425,10.439750566893425,170.0,170.0,16.641577268891638,16.642986420445602,1.3458251953125
G_open,8,decay,8.111292517006802,8.231292517006803,10.389750566893424,10.509750566893425,120.0,120.0,11.746995719217624,11.747990414432191,1.3458251953125
G_open,9,attack,8.263401360544218,8.338401360544218,10.538956916099773,10.613956916099772,74.98866213151928,74.98866213151928,7.340915491693691,7.343195900717471,2.691650390625
G_open,9,stabilization,8.338401360544218,8.418401360544218,10.613956916099772,10.693956916099772,80.0,80.0,7.831493757089611,7.833926561152475,2.691650390625
G_open,9,body,8.418401360544218,8.583401360544219,10.693956916099772,10.858956916099773,165.01133786848072,165.01133786848072,16.15356577957514,16.158583782739957,1.3458251953125
G_open,9,sustain,8.583401360544219,8.753401360544219,10.858956916099773,11.028956916099773,170.0,170.0,16.64192423381542,16.64709394244901,1.3458251953125
G_open,9,decay,8.703401360544218,8.823401360544219,10.978956916099772,11.098956916099773,120.0,120.02267573696145,11.747240635634414,11.753110342454663,1.3458251953125
G_open,10,attack,8.88453514739229,8.95953514739229,11.122358276643991,11.19735827664399,74.98866213151928,74.98866213151928,7.341928985526848,7.3411603930852785,2.691650390625
G_open,10,stabilization,8.95953514739229,9.03953514739229,11.19735827664399,11.27735827664399,80.0,80.0,7.832574980628581,7.83175502473688,2.691650390625
G_open,10,body,9.03953514739229,9.20453514739229,11.27735827664399,11.442358276643992,165.01133786848072,165.01133786848072,16.155795956358894,16.15410468112536,1.3458251953125
G_open,10,sustain,9.20453514739229,9.37453514739229,11.442358276643992,11.612358276643992,170.0,170.0,16.644221833835736,16.64247942756587,1.3458251953125
G_open,10,decay,9.32453514739229,9.40659410430839,11.562358276643991,11.682358276643992,82.06349206349206,120.0,8.034605684494,11.74763253710532,2.691650390625
G_open,11,attack,10.022312925170068,10.097312925170067,11.71736961451247,11.79236961451247,74.98866213151928,75.01133786848072,7.339842060793437,7.342894345498599,2.691650390625
G_open,11,stabilization,10.097312925170067,10.177312925170067,11.79236961451247,11.87236961451247,80.0,80.0,7.830348591012775,7.831236774763924,2.691650390625
G_open,11,body,10.177312925170067,10.342312925170068,11.87236961451247,12.037369614512471,165.01133786848072,165.01133786848072,16.151203712244886,16.15303571710801,1.3458251953125
G_open,11,sustain,10.342312925170068,10.512312925170068,12.037369614512471,12.207369614512471,170.0,170.0,16.639490755902145,16.641378146373338,1.3458251953125
G_open,11,decay,10.462312925170068,10.582312925170068,12.15736961451247,12.277369614512471,120.0,120.02267573696145,11.745522886519161,11.749074900460728,1.3458251953125
G_open,12,attack,10.666666666666666,10.741666666666665,12.318185941043083,12.393185941043082,74.98866213151928,74.98866213151928,7.3409452972388305,7.341369805516095,2.691650390625
G_open,12,stabilization,10.741666666666665,10.821666666666665,12.393185941043082,12.473185941043083,80.0,80.0,7.831525554477953,7.831978431769212,2.691650390625
G_open,12,body,10.821666666666665,10.986666666666666,12.473185941043083,12.638185941043083,165.01133786848072,165.01133786848072,16.153631366195032,16.15456548979154,1.3458251953125
G_open,12,sustain,10.986666666666666,11.156666666666666,12.638185941043083,12.808185941043083,170.0,170.0,16.641991803265654,16.642954167509576,1.3458251953125
G_open,12,decay,11.106666666666666,11.226666666666667,12.758185941043083,12.878185941043084,120.02267573696145,120.0,11.749508151885435,11.747967647653818,1.3458251953125
G_open,13,attack,11.290702947845805,11.365702947845804,12.919002267573696,12.994002267573695,74.98866213151928,74.98866213151928,7.339859392716908,7.340444383601815,2.691650390625
G_open,13,stabilization,11.365702947845804,11.445702947845804,12.994002267573695,13.074002267573695,80.0,80.0,7.830367081193,7.830991165814092,2.691650390625
G_open,13,body,11.445702947845804,11.610702947845805,13.074002267573695,13.239002267573696,165.01133786848072,165.01133786848072,16.151241850862093,16.152529113840462,1.3458251953125
G_open,13,sustain,11.610702947845805,11.780702947845805,13.239002267573696,13.409002267573696,170.0,170.0,16.639530047535125,16.64085622735495,1.3458251953125
G_open,13,decay,11.730702947845804,11.818566893424036,13.359002267573695,13.479002267573696,87.84580498866214,120.0,8.598311245051496,11.74648674872114,2.691650390625
G_open,14,attack,12.486530612244898,12.561530612244898,13.514013605442177,13.589013605442176,74.98866213151928,74.98866213151928,7.339682156274761,7.340516717366553,2.691650390625
G_open,14,stabilization,12.561530612244898,12.641530612244898,13.589013605442176,13.669013605442176,80.0,80.0,7.830178000404401,7.831068333495373,2.691650390625
G_open,14,body,12.641530612244898,12.806530612244899,13.669013605442176,13.834013605442177,165.01133786848072,165.01133786848072,16.150851844938444,16.152688283119563,1.3458251953125
G_open,14,sustain,12.806530612244899,12.976530612244899,13.834013605442177,14.004013605442177,170.0,170.0,16.639128250859354,16.64102020867767,1.3458251953125
G_open,14,decay,12.926530612244898,13.023102040816326,13.954013605442176,14.074013605442177,96.55328798185941,120.0,9.450367892778328,11.746602500243059,1.3458251953125
G_open,15,attack,13.035102040816327,13.110102040816326,14.715646258503401,14.7906462585034,74.98866213151928,74.98866213151928,7.341014261243167,7.341876606542666,2.691650390625
G_open,15,stabilization,13.110102040816326,13.190102040816326,14.7906462585034,14.8706462585034,80.0,80.0,7.831599127204685,7.832519101264749,2.691650390625
G_open,15,body,13.190102040816326,13.355102040816327,14.8706462585034,15.035646258503402,165.01133786848072,165.01133786848072,16.15378312037089,16.15568069725158,1.3458251953125
G_open,15,sustain,13.355102040816327,13.525102040816327,15.035646258503402,15.205646258503402,170.0,170.0,16.642148145309953,16.644103090187592,1.3458251953125
G_open,15,decay,13.475102040816326,13.595102040816327,15.1556462585034,15.275646258503402,120.0,120.0,11.747398690807028,11.748778651897123,1.3458251953125
G_open,16,attack,13.650430839002267,13.725430839002266,15.351292517006803,15.426292517006802,74.98866213151928,74.98866213151928,7.340022370209627,7.340311176944855,2.691650390625
G_open,16,stabilization,13.725430839002266,13.805430839002266,15.426292517006802,15.506292517006802,80.0,80.0,7.830540950135943,7.830849057230556,2.691650390625
G_open,16,body,13.805430839002266,13.970430839002267,15.506292517006802,15.671292517006803,165.01133786848072,165.01133786848072,16.1516004801982,16.152235994746814,1.3458251953125
G_open,16,sustain,13.970430839002267,14.140430839002267,15.671292517006803,15.841292517006803,170.0,170.0,16.63989951903888,16.64055424661493,1.3458251953125
G_open,16,decay,14.090430839002266,14.210430839002267,15.791292517006802,15.911292517006803,120.0,120.0,11.745811425203915,11.746273585845834,1.3458251953125
G_open,17,attack,14.236734693877551,14.31173469387755,15.94920634920635,16.02420634920635,74.98866213151928,74.98866213151928,7.343440136364799,7.341027653070462,2.691650390625
G_open,17,stabilization,14.31173469387755,14.39173469387755,16.02420634920635,16.10420634920635,80.0,80.0,7.834187118565168,7.83161341398022,2.691650390625
G_open,17,body,14.39173469387755,14.556734693877551,16.10420634920635,16.26920634920635,165.01133786848072,165.01133786848072,16.159121219330704,16.1538125888702,1.3458251953125
G_open,17,sustain,14.556734693877551,14.726734693877551,16.26920634920635,16.439206349206348,170.0,169.97732426303855,16.64764762695098,16.63995865963598,1.3458251953125
G_open,17,decay,14.67673469387755,14.796734693877552,16.38920634920635,16.509206349206348,120.0,120.0,11.751280677847753,11.74742012097033,1.3458251953125
G_open,18,attack,14.86077097505669,14.93577097505669,16.56453514739229,16.63953514739229,74.98866213151928,74.98866213151928,7.34119626187488,7.341464316246451,2.691650390625
G_open,18,stabilization,14.93577097505669,15.01577097505669,16.63953514739229,16.719535147392293,80.0,80.0,7.831793290563827,7.832079258457053,2.691650390625
G_open,18,body,15.01577097505669,15.18077097505669,16.719535147392293,16.88453514739229,165.01133786848072,165.01133786848072,16.154183609816602,16.154773459124712,1.3458251953125
G_open,18,sustain,15.18077097505669,15.35077097505669,16.88453514739229,17.05453514739229,170.0,170.0,16.642560742448133,16.64316842422124,1.3458251953125
G_open,18,decay,15.30077097505669,15.42077097505669,17.004535147392293,17.12453514739229,120.0,120.0,11.74768993584574,11.748118887685582,1.3458251953125
G_open,19,attack,15.487709750566893,15.562709750566892,17.150839002267574,17.225839002267573,74.98866213151928,74.98866213151928,7.342683805210618,7.340475431481675,2.691650390625
G_open,19,stabilization,15.562709750566892,15.642709750566892,17.225839002267573,17.305839002267575,80.0,80.0,7.833380243357442,7.831024288559828,2.691650390625
G_open,19,body,15.642709750566892,15.807709750566893,17.305839002267575,17.470839002267574,165.01133786848072,165.01133786848072,16.15745692486171,16.15259743419781,1.3458251953125
G_open,19,sustain,15.807709750566893,15.977709750566893,17.470839002267574,17.640839002267573,170.0,170.0,16.645933017134563,16.640926613189635,1.3458251953125
G_open,19,decay,15.927709750566892,16.04770975056689,17.590839002267575,17.710839002267573,119.97732426303854,120.0,11.747850019162195,11.746536432839742,1.3458251953125
G_open,20,attack,16.091428571428573,16.166428571428572,17.731337868480725,17.806337868480725,74.98866213151928,74.98866213151928,7.342988387674326,7.3428237481563166,2.691650390625
G_open,20,stabilization,16.166428571428572,16.246428571428574,17.806337868480725,17.886337868480727,80.0,80.0,7.833705180439983,7.833529538402022,2.691650390625
G_open,20,body,16.246428571428574,16.411428571428573,17.886337868480727,18.051337868480726,165.01133786848072,165.01133786848072,16.15812715364562,16.15776486704975,1.3458251953125
G_open,20,sustain,16.411428571428573,16.58142857142857,18.051337868480726,18.221337868480724,170.0,169.97732426303855,16.646623508434963,16.644029880913138,1.3458251953125
G_open,20,decay,16.531428571428574,16.65142857142857,18.171337868480727,18.291337868480724,120.0,119.97732426303854,11.750557770659974,11.748073919411876,1.3458251953125
G_open,21,attack,16.671927437641724,16.746927437641723,19.551201814058956,19.626201814058955,74.98866213151928,74.98866213151928,7.341659374293363,7.341042237534543,2.691650390625
G_open,21,stabilization,16.746927437641723,16.826927437641725,19.626201814058955,19.706201814058957,80.0,80.0,7.832287351831566,7.831628973094003,2.691650390625
G_open,21,body,16.826927437641725,16.991927437641724,19.706201814058957,19.871201814058956,165.01133786848072,165.01133786848072,16.15520268120133,16.15384468174747,1.3458251953125
G_open,21,sustain,16.991927437641724,17.161927437641722,19.871201814058956,20.041201814058955,170.0,169.97732426303855,16.643610622642075,16.63999171834259,1.3458251953125
G_open,21,decay,17.111927437641725,17.231927437641723,19.991201814058957,20.111201814058955,120.0,119.97732426303854,11.74843102774735,11.745223610158835,1.3458251953125
G_open,22,attack,17.293061224489797,17.368061224489797,20.143310657596373,20.218310657596373,74.98866213151928,74.98866213151928,7.341412052771911,7.340381814550034,2.691650390625
G_open,22,stabilization,17.368061224489797,17.4480612244898,20.218310657596373,20.298310657596375,80.0,80.0,7.832023502322136,7.830924415401427,2.691650390625
G_open,22,body,17.4480612244898,17.613061224489797,20.298310657596375,20.463310657596374,165.01133786848072,165.01133786848072,16.154658454194497,16.152391431654248,1.3458251953125
G_open,22,sustain,17.613061224489797,17.783061224489796,20.463310657596374,20.633310657596372,170.0,170.0,16.643049942434537,16.64071438272803,1.3458251953125
G_open,22,decay,17.7330612244898,17.853061224489796,20.583310657596375,20.703310657596372,120.0,120.0,11.748035253483204,11.74638662310214,1.3458251953125
G_open,23,attack,17.876462585034012,17.95146258503401,20.75283446712018,20.82783446712018,74.98866213151928,74.98866213151928,7.342583957981085,7.342053919249509,2.691650390625
G_open,23,stabilization,17.95146258503401,18.031462585034014,20.82783446712018,20.907834467120182,80.0,80.0,7.833273723543171,7.8327082634146565,2.691650390625
G_open,23,body,18.031462585034014,18.196462585034013,20.907834467120182,21.07283446712018,165.01133786848072,165.01133786848072,16.15723721264843,16.156070870994462,1.3458251953125
G_open,23,sustain,18.196462585034013,18.36646258503401,21.07283446712018,21.24283446712018,169.97732426303855,169.97732426303855,16.64348634684796,16.64228490435268,1.3458251953125
G_open,23,decay,18.316462585034014,18.43646258503401,21.192834467120182,21.31283446712018,119.97732426303854,119.97732426303854,11.747690269633482,11.746842239718521,1.3458251953125
G_open,24,attack,18.477278911564625,18.552278911564624,21.344943310657598,21.419943310657597,74.98866213151928,74.98866213151928,7.342716201251709,7.338743031634834,2.691650390625
G_open,24,stabilization,18.552278911564624,18.632278911564626,21.419943310657597,21.4999433106576,80.0,80.0,7.833414804359245,7.829176115998699,2.691650390625
G_open,24,body,18.632278911564626,18.797278911564625,21.4999433106576,21.6649433106576,165.01133786848072,165.01133786848072,16.15752821182603,16.14878531636126,1.3458251953125
G_open,24,sustain,18.797278911564625,18.967278911564623,21.6649433106576,21.834943310657597,169.97732426303855,170.0,16.64378610359323,16.636999246497233,1.3458251953125
G_open,24,decay,18.917278911564626,19.028362811791382,21.7849433106576,21.904943310657597,111.06575963718821,120.0,10.875302072491948,11.743764173998047,1.3458251953125
G_open,25,attack,19.040362811791383,19.115362811791382,21.92544217687075,22.00044217687075,74.98866213151928,74.98866213151928,7.340514000488651,7.340996199230477,2.691650390625
G_open,25,stabilization,19.115362811791382,19.195362811791384,22.00044217687075,22.08044217687075,80.0,80.0,7.831065435054115,7.831579858144882,2.691650390625
G_open,25,body,19.195362811791384,19.360362811791383,22.08044217687075,22.24544217687075,165.01133786848072,165.01133786848072,16.152682304673696,16.15374337520417,1.3458251953125
G_open,25,sustain,19.360362811791383,19.53036281179138,22.24544217687075,22.415442176870748,169.97732426303855,170.0,16.638794359740828,16.642107198557873,1.3458251953125
G_open,25,decay,19.480362811791384,19.60036281179138,22.36544217687075,22.485442176870748,119.97732426303854,120.0,11.744378462832008,11.747369787217322,1.3458251953125
G_open,26,attack,19.620861678004534,19.695861678004533,22.549478458049887,22.624478458049886,74.98866213151928,74.98866213151928,7.34228685545175,7.340273336926273,2.691650390625
G_open,26,stabilization,19.695861678004533,19.775861678004535,22.624478458049886,22.704478458049888,80.0,80.0,7.832956766263614,7.830808688441455,2.691650390625
G_open,26,body,19.775861678004535,19.940861678004534,22.704478458049888,22.869478458049887,165.01133786848072,165.01133786848072,16.156583443339095,16.152152728398093,1.3458251953125
G_open,26,sustain,19.940861678004534,20.110861678004532,22.869478458049887,23.039478458049885,169.97732426303855,169.97732426303855,16.642812902469405,16.63824884596291,1.3458251953125
G_open,26,decay,20.060861678004535,20.180861678004533,22.989478458049888,23.103464852607708,119.97732426303854,113.96825396825398,11.747214923554644,11.155794917263819,1.3458251953125
G_open,27,attack,20.241995464852607,20.316995464852607,23.11546485260771,23.190464852607708,74.98866213151928,75.01133786848072,7.343320641926758,7.343521016442523,2.691650390625
G_open,27,stabilization,20.316995464852607,20.39699546485261,23.190464852607708,23.27046485260771,80.0,80.0,7.8340596385599035,7.831905122735557,2.691650390625
G_open,27,body,20.39699546485261,20.561995464852608,23.27046485260771,23.43546485260771,165.01133786848072,165.01133786848072,16.158858273752955,16.154414279520026,1.3458251953125
G_open,27,sustain,20.561995464852608,20.731995464852606,23.43546485260771,23.605464852607707,169.97732426303855,169.97732426303855,16.64515619349349,16.64057845805718,1.3458251953125
G_open,27,decay,20.68199546485261,20.801995464852606,23.55546485260771,23.675464852607707,119.97732426303854,119.97732426303854,11.748868919393553,11.745637756347458,1.3458251953125
G_open,28,attack,20.88344671201814,20.95844671201814,23.713378684807257,23.788378684807256,74.98866213151928,74.98866213151928,7.34600291698354,7.341319085605681,2.691650390625
G_open,28,stabilization,20.95844671201814,21.038446712018143,23.788378684807256,23.868378684807258,80.0,80.0,7.836921164535208,7.831924322351631,2.691650390625
G_open,28,body,21.038446712018143,21.203446712018142,23.868378684807258,24.033378684807257,165.01133786848072,165.01133786848072,16.16476057662208,16.15445388144921,1.3458251953125
G_open,28,sustain,21.203446712018142,21.37344671201814,24.033378684807257,24.203378684807255,170.0,170.0,16.653457474637314,16.642839184997218,1.3458251953125
G_open,28,decay,21.323446712018143,21.43162811791383,24.153378684807258,24.273378684807255,108.16326530612245,120.0,10.595837288784846,11.747886483527447,1.3458251953125
G_open,29,attack,21.443628117913832,21.51862811791383,24.31419501133787,24.38919501133787,74.98866213151928,74.98866213151928,7.341507664612991,7.341368856729254,2.691650390625
G_open,29,stabilization,21.51862811791383,21.598628117913833,24.38919501133787,24.46919501133787,80.0,80.0,7.832125503705666,7.8319774195769005,2.691650390625
G_open,29,body,21.598628117913833,21.763628117913832,24.46919501133787,24.63419501133787,165.01133786848072,165.01133786848072,16.154868846504005,16.154563402001447,1.3458251953125
G_open,29,sustain,21.763628117913832,21.93362811791383,24.63419501133787,24.804195011337868,169.97732426303855,170.0,16.6410467051524,16.642952016600915,1.3458251953125
G_open,29,decay,21.883628117913833,22.00362811791383,24.75419501133787,24.874195011337868,119.97732426303854,120.0,11.74596826533636,11.74796612936535,1.3458251953125
G_open,30,attack,22.02122448979592,22.09622448979592,24.920816326530613,24.995816326530612,74.98866213151928,74.98866213151928,7.336750693238074,7.33759506566876,2.691650390625
G_open,30,stabilization,22.09622448979592,22.17622448979592,24.995816326530612,25.075816326530614,80.0,80.0,7.827050633729642,7.827951433831081,2.691650390625
G_open,30,body,22.17622448979592,22.34122448979592,25.075816326530614,25.240816326530613,165.01133786848072,165.01133786848072,16.144401207950853,16.146259235824484,1.3458251953125
G_open,30,sustain,22.34122448979592,22.511224489795918,25.240816326530613,25.41081632653061,170.0,170.0,16.63248259667549,16.63439679689105,1.3458251953125
G_open,30,decay,22.46122448979592,22.578113378684808,25.360816326530614,25.48081632653061,116.87074829931973,120.0,11.4344158067581,11.741927150746621,1.3458251953125
G_open,31,attack,23.25768707482993,23.33268707482993,25.52453514739229,25.599535147392288,74.98866213151928,74.98866213151928,7.343558150469934,7.340066984913933,2.691650390625
G_open,31,stabilization,23.33268707482993,23.412687074829932,25.599535147392288,25.67953514739229,80.0,80.0,7.834313019309927,7.830588546349063,2.691650390625
G_open,31,body,23.412687074829932,23.57768707482993,25.67953514739229,25.84453514739229,165.01133786848072,165.01133786848072,16.159380907459845,16.15169865413326,1.3458251953125
G_open,31,sustain,23.57768707482993,23.74768707482993,25.84453514739229,26.014535147392287,169.97732426303855,169.97732426303855,16.64569455576735,16.63778110641513,1.3458251953125
G_open,31,decay,23.697687074829933,23.81768707482993,25.96453514739229,26.084535147392288,120.0,119.97732426303854,11.751469528964888,11.743663264946965,1.3458251953125
G_open,32,attack,23.867210884353742,23.94221088435374,26.122448979591837,26.197448979591837,74.98866213151928,74.98866213151928,7.341593300980049,7.339268185581373,2.691650390625
G_open,32,stabilization,23.94221088435374,24.022210884353743,26.197448979591837,26.27744897959184,80.0,80.0,7.832216862974786,7.82973636490205,2.691650390625
G_open,32,body,24.022210884353743,24.187210884353743,26.27744897959184,26.442448979591838,165.01133786848072,165.01133786848072,16.155057287944306,16.14994090912478,1.3458251953125
G_open,32,sustain,24.187210884353743,24.35721088435374,26.442448979591838,26.612448979591836,170.0,170.0,16.64346083382142,16.63818977541686,1.3458251953125
G_open,32,decay,24.307210884353744,24.42721088435374,26.56244897959184,26.682448979591836,120.0,120.0,11.748325294462179,11.744604547353077,1.3458251953125
G_open,33,attack,24.488344671201816,24.563344671201815,26.70875283446712,26.78375283446712,74.98866213151928,74.98866213151928,7.343568555341601,7.341532565769691,2.691650390625
G_open,33,stabilization,24.563344671201815,24.643344671201817,26.78375283446712,26.86375283446712,80.0,80.0,7.834324119517739,7.832152068955389,2.691650390625
G_open,33,body,24.643344671201817,24.808344671201816,26.86375283446712,27.02875283446712,165.01133786848072,165.01133786848072,16.159403803211617,16.154923641096474,1.3458251953125
G_open,33,sustain,24.808344671201816,24.978344671201814,27.02875283446712,27.19875283446712,170.0,170.0,16.647938753975197,16.6433231465302,1.3458251953125
G_open,33,decay,24.928344671201817,25.048344671201814,27.14875283446712,27.26875283446712,120.0,120.0,11.75148617927661,11.748228103433082,1.3458251953125
G_open,34,attack,25.08625850340136,25.16125850340136,27.93360544217687,28.00860544217687,74.98866213151928,74.98866213151928,7.342185023983914,7.342802128241505,2.691650390625
G_open,34,stabilization,25.16125850340136,25.24125850340136,28.00860544217687,28.08860544217687,80.0,80.0,7.8328481296084815,7.833506473672824,2.691650390625
G_open,34,body,25.24125850340136,25.40625850340136,28.08860544217687,28.25360544217687,165.01133786848072,165.01133786848072,16.15635936484153,16.15771729277697,1.3458251953125
G_open,34,sustain,25.40625850340136,25.57625850340136,28.25360544217687,28.423605442176868,170.0,169.97732426303855,16.644802275418023,16.643980874901217,1.3458251953125
G_open,34,decay,25.526258503401362,25.64625850340136,28.37360544217687,28.493605442176868,120.0,119.97732426303854,11.749272194412722,11.748039328855702,1.3458251953125
G_open,35,attack,25.678367346938774,25.753367346938774,28.54312925170068,28.61812925170068,74.98866213151928,74.98866213151928,7.340998093432717,7.339136878466802,2.691650390625
G_open,35,stabilization,25.753367346938774,25.833367346938775,28.61812925170068,28.69812925170068,80.0,80.0,7.831581878932757,7.829596282803411,2.691650390625
G_open,35,body,25.833367346938775,25.998367346938775,28.69812925170068,28.86312925170068,165.01133786848072,165.01133786848072,16.153747543365554,16.14965196994343,1.3458251953125
G_open,35,sustain,25.998367346938775,26.168367346938773,28.86312925170068,29.03312925170068,169.97732426303855,170.0,16.639891656598625,16.63789210095725,1.3458251953125
G_open,35,decay,26.118367346938776,26.220743764172337,28.98312925170068,29.10312925170068,102.35827664399093,120.0,10.020340306548318,11.744394424205117,1.3458251953125
G_open,36,attack,26.232743764172337,26.307743764172336,29.1178231292517,29.1928231292517,74.98866213151928,74.98866213151928,7.34378517821711,7.341393434400657,2.691650390625
G_open,36,stabilization,26.307743764172336,26.38774376417234,29.1928231292517,29.2728231292517,80.0,80.0,7.834555218853936,7.83200363972347,2.691650390625
G_open,36,body,26.38774376417234,26.552743764172337,29.2728231292517,29.4378231292517,165.01133786848072,165.01133786848072,16.159880478344697,16.154617484769755,1.3458251953125
G_open,36,sustain,26.552743764172337,26.722743764172336,29.4378231292517,29.6078231292517,170.0,170.0,16.648429840064612,16.643007734412375,1.3458251953125
G_open,36,decay,26.67274376417234,26.792743764172336,29.5578231292517,29.6778231292517,120.0,120.0,11.751832828280904,11.748005459585206,1.3458251953125
G_open,37,attack,26.807437641723357,26.882437641723357,30.299138321995464,30.374138321995463,74.98866213151928,74.98866213151928,7.342521546173599,7.340828865484928,2.691650390625
G_open,37,stabilization,26.882437641723357,26.96243764172336,30.374138321995463,30.454138321995465,80.0,80.0,7.833207140883114,7.831401341829704,2.691650390625
G_open,37,body,26.96243764172336,27.127437641723358,30.454138321995465,30.619138321995464,165.01133786848072,165.01133786848072,16.157099876475744,16.15337516000418,1.3458251953125
G_open,37,sustain,27.127437641723358,27.297437641723356,30.619138321995464,30.789138321995463,170.0,170.0,16.645565174376618,16.64172785138812,1.3458251953125
G_open,37,decay,27.24743764172336,27.367437641723356,30.739138321995465,30.859138321995463,120.0,120.0,11.749810711324672,11.747102012744556,1.3458251953125
G_open,38,attack,27.463401360544218,27.538401360544217,30.9318820861678,31.0068820861678,74.98866213151928,74.98866213151928,7.342692263233628,7.340406920517566,2.691650390625
G_open,38,stabilization,27.538401360544217,27.61840136054422,31.0068820861678,31.0868820861678,80.0,80.0,7.833389266612714,7.830951199149069,2.691650390625
G_open,38,body,27.61840136054422,27.783401360544218,31.0868820861678,31.2518820861678,165.01133786848072,165.01133786848072,16.15747553660451,16.152446676929642,1.3458251953125
G_open,38,sustain,27.783401360544218,27.953401360544216,31.2518820861678,31.4218820861678,170.0,170.0,16.645952191552016,16.640771298191773,1.3458251953125
G_open,38,decay,27.90340136054422,28.023401360544216,31.3718820861678,31.491673469387756,120.0,119.77324263038548,11.75008389991907,11.72423022502987,1.3458251953125
G_open,39,attack,28.05551020408163,28.13051020408163,31.503673469387756,31.578673469387756,74.98866213151928,74.98866213151928,7.343649461782702,7.341257977413086,2.691650390625
G_open,39,stabilization,28.13051020408163,28.210510204081633,31.578673469387756,31.658673469387757,80.0,80.0,7.834410432769691,7.831859130424363,2.691650390625
G_open,39,body,28.210510204081633,28.375510204081632,31.658673469387757,31.823673469387757,165.01133786848072,165.01133786848072,16.159581836526375,16.15431941386,1.3458251953125
G_open,39,sustain,28.375510204081632,28.54551020408163,31.823673469387757,31.993673469387755,169.97732426303855,170.0,16.645901531757826,16.64270065215177,1.3458251953125
G_open,39,decay,28.495510204081633,28.5717641723356,31.943673469387758,32.06367346938776,76.2358276643991,120.0,7.465784545060006,11.747788695636544,2.691650390625
G_open,40,attack,28.583764172335602,28.6587641723356,32.73142857142857,32.806428571428576,74.98866213151928,74.98866213151928,7.344009382915042,7.343343459771338,2.691650390625
G_open,40,stabilization,28.6587641723356,28.738764172335603,32.806428571428576,32.886428571428574,80.0,80.0,7.834794406690132,7.834083981274049,2.691650390625
G_open,40,body,28.738764172335603,28.903764172335602,32.886428571428574,33.05142857142857,165.01133786848072,165.01133786848072,16.160373837155355,16.15890848405081,1.3458251953125
G_open,40,sustain,28.903764172335602,29.0737641723356,33.05142857142857,33.221428571428575,170.0,170.0,16.64893811421653,16.647428460207355,1.3458251953125
G_open,40,decay,29.023764172335603,29.1437641723356,33.17142857142857,33.291428571428575,120.0,120.0,11.752191610035199,11.751125971911073,1.3458251953125
G_open,41,attack,29.28326530612245,29.358265306122448,33.36126984126984,33.43626984126984,74.98866213151928,75.01133786848072,7.342593163291582,7.342781344943235,2.691650390625
G_open,41,stabilization,29.358265306122448,29.43826530612245,33.43626984126984,33.51626984126984,80.0,80.0,7.833283544025613,7.831116259056752,2.691650390625
G_open,41,body,29.43826530612245,29.60326530612245,33.51626984126984,33.68126984126984,165.01133786848072,164.98866213151928,16.157257468785257,16.150567432227017,1.3458251953125
G_open,41,sustain,29.60326530612245,29.773265306122447,33.68126984126984,33.85126984126984,170.0,170.02267573696145,16.645727531054426,16.64334175465066,1.3458251953125
G_open,41,decay,29.72326530612245,29.843265306122447,33.801269841269836,33.91525623582766,120.0,113.99092970521542,11.74992531603842,11.158452787493847,1.3458251953125
G_open,42,attack,29.866666666666667,29.941666666666666,33.92725623582766,34.002256235827666,74.98866213151928,74.98866213151928,7.342194179692458,7.342207783953076,2.691650390625
G_open,42,stabilization,29.941666666666666,30.02166666666667,34.002256235827666,34.082256235827664,80.0,80.0,7.832857897174174,7.832872410579514,2.691650390625
G_open,42,body,30.02166666666667,30.186666666666667,34.082256235827664,34.24725623582766,165.01133786848072,165.01133786848072,16.156379511830064,16.156409447785464,1.3458251953125
G_open,42,sustain,30.186666666666667,30.356666666666666,34.24725623582766,34.417256235827665,170.0,170.0,16.644823031495118,16.64485387248147,1.3458251953125
G_open,42,decay,30.30666666666667,30.426666666666666,34.36725623582766,34.487256235827665,120.0,120.02267573696145,11.749286845761262,11.751528817799707,1.3458251953125
G_open,43,attack,30.476190476190474,30.551190476190474,34.56,34.635000000000005,74.98866213151928,74.98866213151928,7.342380060182933,7.342054330376439,2.691650390625
G_open,43,stabilization,30.551190476190474,30.631190476190476,34.635000000000005,34.715,80.0,80.0,7.833056199675049,7.832708702016352,2.691650390625
G_open,43,body,30.631190476190476,30.796190476190475,34.715,34.88,165.01133786848072,165.01133786848072,16.156788538842214,16.15607177567262,1.3458251953125
G_open,43,sustain,30.796190476190475,30.966190476190473,34.88,35.050000000000004,169.97732426303855,170.0,16.64302417028463,16.644505991784747,1.3458251953125
G_open,43,decay,30.916190476190476,31.036190476190473,35.0,35.120000000000005,119.97732426303854,120.0,11.747364045487721,11.74906305302453,1.3458251953125
G_open,44,attack,31.091519274376417,31.166519274376416,35.15791383219955,35.23291383219955,74.98866213151928,74.98866213151928,7.342537480974793,7.3422105471639,2.691650390625
G_open,44,stabilization,31.166519274376416,31.246519274376418,35.23291383219955,35.31291383219955,80.0,80.0,7.8332241405742575,7.832875358450027,2.691650390625
G_open,44,body,31.246519274376418,31.411519274376417,35.31291383219955,35.47791383219955,165.01133786848072,165.01133786848072,16.15713494074798,16.15641552818618,1.3458251953125
G_open,44,sustain,31.411519274376417,31.581519274376415,35.47791383219955,35.64791383219955,170.0,170.0,16.645601298720297,16.644860136706306,1.3458251953125
G_open,44,decay,31.531519274376418,31.651519274376415,35.597913832199545,35.71791383219955,120.0,120.0,11.749836210861387,11.74931303767504,1.3458251953125
G_open,45,attack,31.672018140589568,31.747018140589567,36.36244897959184,36.43744897959184,74.98866213151928,74.98866213151928,7.341729026465035,7.342739143474437,2.691650390625
G_open,45,stabilization,31.747018140589567,31.82701814058957,36.43744897959184,36.51744897959184,80.0,80.0,7.8323616587144365,7.833439279763476,2.691650390625
G_open,45,body,31.82701814058957,31.99201814058957,36.51744897959184,36.68244897959184,165.01133786848072,165.01133786848072,16.155355949678274,16.15757869581599,1.3458251953125
G_open,45,sustain,31.99201814058957,32.162018140589566,36.68244897959184,36.85244897959184,169.97732426303855,170.0,16.64154846760868,16.646058469497387,1.3458251953125
G_open,45,decay,32.11201814058957,32.23201814058957,36.80244897959184,36.92244897959184,120.0,120.0,11.748542488071655,11.750158919645214,1.3458251953125
G_open,46,attack,32.26412698412698,32.339126984126985,36.945850340136055,37.02085034013606,74.98866213151928,74.98866213151928,7.343095882643405,7.337602223601334,2.691650390625
G_open,46,stabilization,32.339126984126985,32.41912698412698,37.02085034013606,37.100850340136056,80.0,80.0,7.833819859076484,7.827959070113549,2.691650390625
G_open,46,body,32.41912698412698,32.58412698412698,37.100850340136056,37.265850340136055,165.01133786848072,165.01133786848072,16.158363694586047,16.14627498673931,1.3458251953125
G_open,46,sustain,32.58412698412698,32.754126984126984,37.265850340136055,37.43585034013606,170.0,170.0,16.646867200537528,16.634413023991293,1.3458251953125
G_open,46,decay,32.70412698412698,32.824126984126984,37.38585034013605,37.50585034013606,120.02267573696145,120.0,11.752950259096323,11.741938605170324,1.3458251953125
G_open,47,attack,32.84462585034014,32.91962585034014,37.52925170068027,37.60425170068027,74.98866213151928,74.98866213151928,7.341541847978979,7.341104424492354,2.691650390625
G_open,47,stabilization,32.91962585034014,32.99962585034014,37.60425170068027,37.68425170068027,80.0,80.0,7.8321619714756086,7.831695315878145,2.691650390625
G_open,47,body,32.99962585034014,33.16462585034014,37.68425170068027,37.84925170068027,165.01133786848072,165.01133786848072,16.154944066447847,16.15398152314208,1.3458251953125
G_open,47,sustain,33.16462585034014,33.33462585034014,37.84925170068027,38.01925170068027,170.0,170.0,16.64334418938567,16.64235254624106,1.3458251953125
G_open,47,decay,33.284625850340134,33.40462585034014,37.96925170068027,38.08925170068027,120.0,120.02267573696145,11.748242957213414,11.749762842104031,1.3458251953125
G_open,48,attack,33.43092970521542,33.50592970521542,38.71927437641723,38.794274376417235,74.98866213151928,74.98866213151928,7.3440857525203915,7.3420525569725275,2.691650390625
G_open,48,stabilization,33.50592970521542,33.58592970521542,38.794274376417235,38.87427437641723,80.0,80.0,7.8348758799189415,7.832706810099508,2.691650390625
G_open,48,body,33.58592970521542,33.75092970521542,38.87427437641723,39.03927437641723,165.01133786848072,165.01133786848072,16.160541887236434,16.156067873326,1.3458251953125
G_open,48,sustain,33.75092970521542,33.92092970521542,39.03927437641723,39.209274376417234,170.0,170.0,16.64911124482775,16.644501971461455,1.3458251953125
G_open,48,decay,33.87092970521542,33.98781859410431,39.15927437641723,39.279274376417234,116.87074829931973,120.02267573696145,11.445847586480223,11.751280370140787,1.3458251953125
G_open,49,attack,33.99981859410431,34.074818594104315,39.35201814058957,39.427018140589574,74.98866213151928,74.98866213151928,7.341046382662769,7.3433628730949545,2.691650390625
G_open,49,stabilization,34.074818594104315,34.15481859410431,39.427018140589574,39.50701814058957,80.0,80.0,7.831633395232613,7.834104691950106,2.691650390625
G_open,49,body,34.15481859410431,34.31981859410431,39.50701814058957,39.67201814058957,165.01133786848072,165.01133786848072,16.15385380303507,16.158951202755365,1.3458251953125
G_open,49,sustain,34.31981859410431,34.489818594104314,39.67201814058957,39.84201814058957,170.0,170.0,16.642220964869306,16.647472470393975,1.3458251953125
G_open,49,decay,34.43981859410431,34.559818594104314,39.79201814058957,39.91201814058957,120.0,120.0,11.74745009284892,11.751157037925159,1.3458251953125
G_open,50,attack,34.59773242630386,34.67273242630386,39.955736961451244,40.03073696145125,74.98866213151928,75.01133786848072,7.342421230467218,7.343627171466485,2.691650390625
G_open,50,stabilization,34.67273242630386,34.75273242630386,40.03073696145125,40.110736961451245,80.0,80.0,7.833100121284652,7.83201833764624,2.691650390625
G_open,50,body,34.75273242630386,34.91773242630386,40.110736961451245,40.275736961451244,165.01133786848072,164.98866213151928,16.156879133386738,16.152427841472235,1.3458251953125
G_open,50,sustain,34.91773242630386,35.08773242630386,40.275736961451244,40.445736961451246,170.0,170.02267573696145,16.645337757729884,16.645258927344532,1.3458251953125
G_open,50,decay,35.037732426303855,35.15773242630386,40.39573696145124,40.515736961451246,120.0,120.02267573696145,11.749650181926976,11.750247466315631,1.3458251953125
G_open,51,attack,35.24208616780045,35.317086167800454,40.54784580498866,40.622845804988664,74.98866213151928,74.98866213151928,7.345973595268032,7.344884241563587,2.691650390625
G_open,51,stabilization,35.317086167800454,35.39708616780045,40.622845804988664,40.70284580498866,80.0,80.0,7.8368898833098335,7.835727730340593,2.691650390625
G_open,51,body,35.39708616780045,35.56208616780045,40.70284580498866,40.86784580498866,165.01133786848072,165.01133786848072,16.164696054661466,16.162298949458187,1.3458251953125
G_open,51,sustain,35.56208616780045,35.73208616780045,40.86784580498866,41.03784580498866,170.0,170.0,16.653391002033395,16.65092142697376,1.3458251953125
G_open,51,decay,35.68208616780045,35.802086167800454,40.98784580498866,41.10784580498866,120.02267573696145,120.02267573696145,11.757556165634622,11.755812606772322,1.3458251953125
G_open,52,attack,35.837097505668936,35.91209750566894,42.3415873015873,42.416587301587306,74.98866213151928,74.98866213151928,7.344201978691716,7.343333134051255,2.691650390625
G_open,52,stabilization,35.91209750566894,35.99209750566894,42.416587301587306,42.496587301587304,80.0,80.0,7.834999873245956,7.834072965507357,2.691650390625
G_open,52,body,35.99209750566894,36.157097505668936,42.496587301587304,42.6615873015873,165.01133786848072,165.01133786848072,16.160797641046152,16.158885762470813,1.3458251953125
G_open,52,sustain,36.157097505668936,36.32709750566894,42.6615873015873,42.831587301587305,170.0,170.0,16.649374730647658,16.64740505170313,1.3458251953125
G_open,52,decay,36.277097505668934,36.385278911564626,42.7815873015873,42.901587301587305,108.16326530612245,120.0,10.593239624541726,11.751109448261033,1.3458251953125
G_open,53,attack,36.39727891156463,36.47227891156463,42.94820861678004,43.023208616780046,74.98866213151928,74.98866213151928,7.342483039475649,7.345000824097448,2.691650390625
G_open,53,stabilization,36.47227891156463,36.55227891156463,43.023208616780046,43.103208616780044,80.0,80.0,7.833166060861836,7.835852103845116,2.691650390625
G_open,53,body,36.55227891156463,36.71727891156463,43.103208616780044,43.26820861678004,165.01133786848072,165.01133786848072,16.15701514310986,16.1625554874379,1.3458251953125
G_open,53,sustain,36.71727891156463,36.88727891156463,43.26820861678004,43.438208616780045,170.0,170.0,16.645477879331402,16.65118572067087,1.3458251953125
G_open,53,decay,36.837278911564624,36.95727891156463,43.38820861678004,43.508208616780045,120.0,120.02267573696145,11.749749091292754,11.75599920228237,1.3458251953125
G_open,54,attack,37.03002267573696,37.10502267573696,43.54321995464853,43.61821995464853,75.01133786848072,74.98866213151928,7.344143568319595,7.340680919022787,2.691650390625
G_open,54,stabilization,37.10502267573696,37.18502267573696,43.61821995464853,43.69821995464853,80.0,80.0,7.832569077699978,7.831243508410158,2.691650390625
G_open,54,body,37.18502267573696,37.35002267573696,43.69821995464853,43.86321995464853,165.01133786848072,165.01133786848072,16.15578378073207,16.153049606207688,1.3458251953125
G_open,54,sustain,37.35002267573696,37.52002267573696,43.86321995464853,44.03321995464853,170.0,170.0,16.644209290112453,16.641392455371584,1.3458251953125
G_open,54,decay,37.470022675736956,37.59002267573696,43.983219954648526,44.10321995464853,120.02267573696145,120.0,11.751073732501697,11.746865262615238,1.3458251953125
G_open,55,attack,37.636643990929706,37.71164399092971,44.152743764172335,44.22774376417234,74.98866213151928,74.98866213151928,7.342199231617155,7.340782287077802,2.691650390625
G_open,55,stabilization,37.71164399092971,37.79164399092971,44.22774376417234,44.307743764172336,80.0,80.0,7.832863286708594,7.831351650683546,2.691650390625
G_open,55,body,37.79164399092971,37.956643990929706,44.307743764172336,44.472743764172336,165.01133786848072,165.01133786848072,16.15639062850863,16.153272664972835,1.3458251953125
G_open,55,sustain,37.956643990929706,38.12664399092971,44.472743764172336,44.64274376417234,170.0,170.0,16.64483448425576,16.641622257702537,1.3458251953125
G_open,55,decay,38.0766439909297,38.18192290249433,44.59274376417233,44.71274376417234,105.26077097505669,120.0,10.306165356264538,11.747027476025318,1.3458251953125
G_open,56,attack,38.86439909297052,38.939399092970525,44.741950113378685,44.81695011337869,74.98866213151928,74.98866213151928,7.3455977642146095,7.3420600417666,2.691650390625
G_open,56,stabilization,38.939399092970525,39.019399092970524,44.81695011337869,44.896950113378686,80.0,80.0,7.836488936241047,7.8327147950869564,2.691650390625
G_open,56,body,39.019399092970524,39.18439909297052,44.896950113378686,45.061950113378686,165.01133786848072,165.01133786848072,16.16386904450853,16.156084343494268,1.3458251953125
G_open,56,sustain,39.18439909297052,39.354399092970525,45.061950113378686,45.23195011337869,170.0,170.0,16.652538989512223,16.64451893955978,1.3458251953125
G_open,56,decay,39.30439909297052,39.424399092970525,45.18195011337868,45.30195011337869,120.0,120.0,11.75473340436157,11.749072192630434,1.3458251953125
G_open,57,attack,39.465215419501135,39.54021541950114,45.35727891156463,45.43227891156463,74.98866213151928,74.98866213151928,7.343135326874533,7.339094778756852,2.691650390625
G_open,57,stabilization,39.54021541950114,39.620215419501136,45.43227891156463,45.51227891156463,80.0,80.0,7.833861939284352,7.8295513696565395,2.691650390625
G_open,57,body,39.620215419501136,39.785215419501135,45.51227891156463,45.67727891156463,165.01133786848072,165.01133786848072,16.158450490978524,16.149559330212764,1.3458251953125
G_open,57,sustain,39.785215419501135,39.95521541950114,45.67727891156463,45.84727891156463,170.0,170.0,16.64695662097925,16.637796660520145,1.3458251953125
G_open,57,decay,39.90521541950113,40.02521541950114,45.797278911564625,45.91727891156463,120.0,120.0,11.75079290892653,11.744327054484808,1.3458251953125
G_open,58,attack,40.071836734693875,40.14683673469388,45.952290249433105,46.02729024943311,75.01133786848072,74.98866213151928,7.344777775246217,7.341408335006669,2.691650390625
G_open,58,stabilization,40.14683673469388,40.226836734693876,46.02729024943311,46.107290249433106,80.0,80.0,7.833245462838166,7.832019536106297,2.691650390625
G_open,58,body,40.226836734693876,40.391836734693875,46.107290249433106,46.272290249433105,165.01133786848072,165.01133786848072,16.157178920939156,16.154650273312225,1.3458251953125
G_open,58,sustain,40.391836734693875,40.56183673469388,46.272290249433105,46.44229024943311,170.0,170.0,16.645646608531102,16.64304151422588,1.3458251953125
G_open,58,decay,40.51183673469387,40.60550566893424,46.3922902494331,46.51229024943311,93.6734693877551,120.02267573696145,9.172090988374281,11.750249264345417,1.3458251953125
G_open,59,attack,40.61750566893424,40.692505668934245,47.069750566893426,47.14475056689343,74.98866213151928,74.98866213151928,7.343149826873116,7.343353249877075,2.691650390625
G_open,59,stabilization,40.692505668934245,40.772505668934244,47.14475056689343,47.22475056689343,80.0,80.0,7.833877408287981,7.834094425632391,2.691650390625
G_open,59,body,40.772505668934244,40.93750566893424,47.22475056689343,47.389750566893426,165.01133786848072,165.01133786848072,16.158482397990827,16.1589300270201,1.3458251953125
G_open,59,sustain,40.93750566893424,41.107505668934245,47.389750566893426,47.55975056689343,170.0,170.0,16.64698949261196,16.64745065446883,1.3458251953125
G_open,59,decay,41.05750566893424,41.177505668934245,47.50975056689342,47.62975056689343,120.0,120.0,11.750816112431972,11.751141638448587,1.3458251953125
G_open,60,attack,41.279274376417234,41.35427437641724,47.72281179138322,47.797811791383225,74.98866213151928,74.98866213151928,7.343455229596809,7.344989185411545,2.691650390625
G_open,60,stabilization,41.35427437641724,41.434274376417235,47.797811791383225,47.87781179138322,80.0,80.0,7.834203220446792,7.8358396873698,2.691650390625
G_open,60,body,41.434274376417235,41.599274376417235,47.87781179138322,48.04281179138322,165.01133786848072,165.01133786848072,16.159154431743566,16.162529876697853,1.3458251953125
G_open,60,sustain,41.599274376417235,41.769274376417236,48.04281179138322,48.212811791383224,170.0,170.0,16.647681843449433,16.65115933566082,1.3458251953125
G_open,60,decay,41.71927437641723,41.83927437641724,48.16281179138322,48.282811791383224,120.0,120.0,11.751304830670188,11.7537595310547,1.3458251953125
G_open,61,attack,41.87718820861678,41.95218820861678,48.34684807256236,48.42184807256236,74.98866213151928,74.98866213151928,7.343074687710368,7.341645239097584,2.691650390625
G_open,61,stabilization,41.95218820861678,42.03218820861678,48.42184807256236,48.50184807256236,80.0,80.0,7.83379724772972,7.83227227200976,2.691650390625
G_open,61,body,42.03218820861678,42.19718820861678,48.50184807256236,48.66684807256236,165.01133786848072,165.01133786848072,16.15831705547879,16.155171576931696,1.3458251953125
G_open,61,sustain,42.19718820861678,42.36718820861678,48.66684807256236,48.83684807256236,170.0,170.0,16.646819151425657,16.64357857802074,1.3458251953125
G_open,61,decay,42.31718820861678,42.43718820861678,48.78684807256236,48.90684807256236,120.02267573696145,120.0,11.752916335667065,11.74840840801464,1.3458251953125
G_open,62,attack,42.483809523809526,42.55880952380953,48.94766439909297,49.022664399092974,74.98866213151928,74.98866213151928,7.3422651027682235,7.339464273048629,2.691650390625
G_open,62,stabilization,42.55880952380953,42.63880952380953,49.022664399092974,49.10266439909297,80.0,80.0,7.832933559893043,7.829945556490947,2.691650390625
G_open,62,body,42.63880952380953,42.80380952380953,49.10266439909297,49.26766439909297,165.01133786848072,165.01133786848072,16.156535576910905,16.150372396424213,1.3458251953125
G_open,62,sustain,42.80380952380953,42.97380952380953,49.26766439909297,49.437664399092974,170.0,170.0,16.644983814772715,16.638634307543263,1.3458251953125
G_open,62,decay,42.923809523809524,43.04380952380953,49.38766439909297,49.507664399092974,120.0,120.0,11.749400339839564,11.74491833473642,1.3458251953125
G_open,63,attack,43.06721088435374,43.142210884353744,49.55428571428571,49.629285714285714,74.98866213151928,74.98866213151928,7.342951889032108,7.340518121405407,2.691650390625
G_open,63,stabilization,43.142210884353744,43.22221088435374,49.629285714285714,49.70928571428571,80.0,80.0,7.833666242668666,7.831069831363253,2.691650390625
G_open,63,body,43.22221088435374,43.38721088435374,49.70928571428571,49.87428571428571,165.01133786848072,165.01133786848072,16.15804683897389,16.15269137268435,1.3458251953125
G_open,63,sustain,43.38721088435374,43.55721088435374,49.87428571428571,50.044285714285714,170.0,170.0,16.646540765670917,16.64102339164691,1.3458251953125
G_open,63,decay,43.50721088435374,43.627210884353744,49.99428571428571,50.114285714285714,120.0,120.0,11.750499364002998,11.746604747044879,1.3458251953125
G_open,64,attack,43.723174603174606,43.79817460317461,50.75011337868481,50.82511337868481,74.98866213151928,74.98866213151928,7.341863279383939,7.3413303071937035,2.691650390625
G_open,64,stabilization,43.79817460317461,43.87817460317461,50.82511337868481,50.90511337868481,80.0,80.0,7.832504883479449,7.831936293855273,2.691650390625
G_open,64,body,43.87817460317461,44.043174603174606,50.90511337868481,51.07011337868481,165.01133786848072,165.01133786848072,16.155651371054407,16.154478574372117,1.3458251953125
G_open,64,sustain,44.043174603174606,44.21317460317461,51.07011337868481,51.24011337868481,170.0,170.0,16.64407287739383,16.642864624442456,1.3458251953125
G_open,64,decay,44.1631746031746,44.28317460317461,51.190113378684806,51.31011337868481,120.0,120.0,11.748757325219172,11.747904440782909,1.3458251953125
G_open,65,attack,44.300770975056686,44.37577097505669,51.96916099773242,52.044160997732426,75.01133786848072,74.98866213151928,7.345818069680985,7.3421053940495105,2.691650390625
G_open,65,stabilization,44.37577097505669,44.45577097505669,52.044160997732426,52.124160997732425,80.0,80.0,7.834354942513456,7.832763178169541,2.691650390625
G_open,65,body,44.45577097505669,44.620770975056686,52.124160997732425,52.289160997732424,164.98866213151928,165.01133786848072,16.157246757859383,16.156184140459114,1.3458251953125
G_open,65,sustain,44.620770975056686,44.79077097505669,52.289160997732424,52.459160997732425,170.02267573696145,170.0,16.650224874990332,16.644621753610277,1.3458251953125
G_open,65,decay,44.740770975056684,44.846049886621316,52.40916099773242,52.529160997732426,105.28344671201815,120.0,10.310348638914393,11.749144767254313,1.3458251953125
G_open,66,attack,44.858049886621316,44.93304988662132,52.54965986394558,52.62465986394558,74.98866213151928,74.98866213151928,7.341047049763539,7.340311259600803,2.691650390625
G_open,66,stabilization,44.93304988662132,45.01304988662132,52.62465986394558,52.70465986394558,80.0,80.0,7.831634106914352,7.830849145410231,2.691650390625
G_open,66,body,45.01304988662132,45.17804988662132,52.70465986394558,52.86965986394558,165.01133786848072,165.01133786848072,16.15385527097952,16.15223617662989,1.3458251953125
G_open,66,sustain,45.17804988662132,45.34804988662132,52.86965986394558,53.03965986394558,170.0,170.0,16.642222477193,16.64055443399674,1.3458251953125
G_open,66,decay,45.298049886621314,45.406231292517006,52.989659863945576,53.10965986394558,108.16326530612245,120.0,10.588688971083181,11.746273718115345,1.3458251953125
G_open,67,attack,45.41823129251701,45.49323129251701,53.15047619047619,53.22547619047619,74.98866213151928,74.98866213151928,7.342492084536431,7.344267349926167,2.691650390625
G_open,67,stabilization,45.49323129251701,45.57323129251701,53.22547619047619,53.30547619047619,80.0,80.0,7.833175710385404,7.835069613105388,2.691650390625
G_open,67,body,45.57323129251701,45.73823129251701,53.30547619047619,53.47047619047619,165.01133786848072,165.01133786848072,16.15703504661978,16.160941489389998,1.3458251953125
G_open,67,sustain,45.73823129251701,45.90823129251701,53.47047619047619,53.64047619047619,170.0,170.0,16.645498384568985,16.649522927848952,1.3458251953125
G_open,67,decay,45.858231292517004,45.97823129251701,53.59047619047619,53.71047619047619,120.0,120.0,11.749763565578105,11.752604419658082,1.3458251953125
G_open,68,attack,46.00163265306122,46.076632653061225,53.74258503401361,53.81758503401361,75.01133786848072,74.98866213151928,7.344047001002494,7.336833269214174,2.691650390625
G_open,68,stabilization,46.076632653061225,46.15663265306122,53.81758503401361,53.89758503401361,80.0,80.0,7.832466088130834,7.827138728088179,2.691650390625
G_open,68,body,46.15663265306122,46.32163265306122,53.89758503401361,54.06258503401361,165.01133786848072,165.01133786848072,16.155571350149682,16.144582915050364,1.3458251953125
G_open,68,sustain,46.32163265306122,46.491632653061224,54.06258503401361,54.23258503401361,170.0,170.0,16.643990437278024,16.63266979718738,1.3458251953125
G_open,68,decay,46.44163265306122,46.561632653061224,54.182585034013606,54.30258503401361,120.02267573696145,120.0,11.750919218955927,11.740708092132268,1.3458251953125
G_open,69,attack,47.275827664399095,47.3508276643991,54.34630385487528,54.42130385487528,74.98866213151928,74.98866213151928,7.341240908594631,7.343552322204757,2.691650390625
G_open,69,stabilization,47.3508276643991,47.4308276643991,54.42130385487528,54.50130385487528,80.0,80.0,7.831840920931919,7.834306801553789,2.691650390625
G_open,69,body,47.4308276643991,47.595827664399096,54.50130385487528,54.66630385487528,165.01133786848072,165.01133786848072,16.154281854201127,16.159368082456613,1.3458251953125
G_open,69,sustain,47.595827664399096,47.7658276643991,54.66630385487528,54.83630385487528,170.0,170.0,16.642661956980326,16.6479019533018,1.3458251953125
G_open,69,decay,47.71582766439909,47.81239909297052,54.78630385487528,54.90630385487528,96.55328798185941,120.0,9.452374898335632,11.751460202330684,1.3458251953125
G_open,70,attack,47.82439909297052,47.899399092970526,54.95002267573696,55.02502267573696,74.98866213151928,74.98866213151928,7.345142825434547,7.3422113523550445,2.691650390625
G_open,70,stabilization,47.899399092970526,47.979399092970525,55.02502267573696,55.10502267573696,80.0,80.0,7.836003594839155,7.832876217450437,2.691650390625
G_open,70,body,47.979399092970525,48.144399092970524,55.10502267573696,55.27002267573696,165.01133786848072,165.01133786848072,16.162867959082917,16.156417299996267,1.3458251953125
G_open,70,sustain,48.144399092970524,48.314399092970525,55.27002267573696,55.44002267573696,170.0,170.0,16.651507639033202,16.644861962082178,1.3458251953125
G_open,70,decay,48.26439909297052,48.384399092970526,55.39002267573696,55.51002267573696,120.0,120.0,11.754005392258732,11.749314326175655,1.3458251953125
G_open,71,attack,48.45133786848073,48.52633786848073,55.55374149659864,55.62874149659864,74.98866213151928,74.98866213151928,7.339864981877621,7.34049052290074,2.691650390625
G_open,71,stabilization,48.52633786848073,48.60633786848073,55.62874149659864,55.70874149659864,80.0,80.0,7.830373043865814,7.8310403885073505,2.691650390625
G_open,71,body,48.60633786848073,48.77133786848073,55.70874149659864,55.87374149659864,165.01133786848072,165.01133786848072,16.151254149719822,16.15263064262131,1.3458251953125
G_open,71,sustain,48.77133786848073,48.94133786848073,55.87374149659864,56.04374149659864,170.0,170.0,16.63954271821486,16.64096082557812,1.3458251953125
G_open,71,decay,48.891337868480726,49.01112925170068,55.99374149659864,56.11374149659864,119.77324263038548,120.0,11.72336463086713,11.746560582761026,1.3458251953125
G_open,72,attack,49.02312925170068,49.09812925170068,56.14875283446712,56.22375283446712,74.98866213151928,74.98866213151928,7.3424506654281405,7.347528416207093,2.691650390625
G_open,72,stabilization,49.09812925170068,49.17812925170068,56.22375283446712,56.30375283446712,80.0,80.0,7.833131523323399,7.8385486097304575,2.691650390625
G_open,72,body,49.17812925170068,49.34312925170068,56.30375283446712,56.46875283446712,165.01133786848072,165.01133786848072,16.156943904542054,16.16811741298428,1.3458251953125
G_open,72,sustain,49.34312925170068,49.51312925170068,56.46875283446712,56.63875283446712,170.0,170.0,16.645404487062223,16.65691579567722,1.3458251953125
G_open,72,decay,49.46312925170068,49.58312925170068,56.588752834467115,56.70875283446712,120.0,120.0,11.749697284985098,11.757822914595687,1.3458251953125
G_open,73,attack,51.4292970521542,51.5042970521542,56.7524716553288,56.8274716553288,74.98866213151928,74.98866213151928,7.342426326351314,7.34161267561412,2.691650390625
G_open,73,stabilization,51.5042970521542,51.5842970521542,56.8274716553288,56.9074716553288,80.0,80.0,7.8331055577161885,7.8322375323757525,2.691650390625
G_open,73,body,51.5842970521542,51.7492970521542,56.9074716553288,57.0724716553288,165.01133786848072,165.01133786848072,16.15689034679725,16.155099921513138,1.3458251953125
G_open,73,sustain,51.7492970521542,51.9192970521542,57.0724716553288,57.2424716553288,170.0,170.0,16.6453493101469,16.643504756298473,1.3458251953125
G_open,73,decay,51.869297052154195,51.9892970521542,57.192471655328795,57.3124716553288,120.0,120.0,11.749658336574283,11.748356298563628,1.3458251953125
G_open,74,attack,52.0649433106576,52.1399433106576,57.933786848072565,58.00878684807257,74.98866213151928,74.98866213151928,7.343737125991185,7.343612715001758,2.691650390625
G_open,74,stabilization,52.1399433106576,52.2199433106576,58.00878684807257,58.088786848072566,80.0,80.0,7.834503955396705,7.83437123027705,2.691650390625
G_open,74,body,52.2199433106576,52.3849433106576,58.088786848072566,58.253786848072565,165.01133786848072,165.01133786848072,16.159774740198927,16.159500975829392,1.3458251953125
G_open,74,sustain,52.3849433106576,52.5549433106576,58.253786848072565,58.42378684807257,170.0,170.0,16.648320905217997,16.64803886433873,1.3458251953125
G_open,74,decay,52.504943310657595,52.60441723356009,58.37378684807256,58.49378684807257,99.45578231292517,120.0,9.739833998971074,11.751556845415575,1.3458251953125
G_open,75,attack,54.471111111111114,54.54611111111112,58.525895691609975,58.60089569160998,74.98866213151928,74.98866213151928,7.341505371881253,7.340098238491563,2.691650390625
G_open,75,stabilization,54.54611111111112,54.626111111111115,58.60089569160998,58.680895691609976,80.0,80.0,7.8321230577553855,7.830621888538928,2.691650390625
G_open,75,body,54.626111111111115,54.791111111111114,58.680895691609976,58.845895691609975,165.01133786848072,165.01133786848072,16.154863801384906,16.151767427125222,1.3458251953125
G_open,75,sustain,54.791111111111114,54.961111111111116,58.845895691609975,59.01589569160998,170.0,170.0,16.643261497730194,16.64007151314522,1.3458251953125
G_open,75,decay,54.91111111111111,55.031111111111116,58.96589569160997,59.08589569160998,120.0,120.0,11.748184586633078,11.745932832808391,1.3458251953125
G_open,76,attack,55.08643990929705,55.16143990929705,59.129614512471655,59.20461451247166,74.98866213151928,74.98866213151928,7.342913885479804,7.342141434261156,2.691650390625
G_open,76,stabilization,55.16143990929705,55.24143990929705,59.20461451247166,59.284614512471656,80.0,80.0,7.833625699417222,7.832801626874315,2.691650390625
G_open,76,body,55.24143990929705,55.40643990929705,59.284614512471656,59.449614512471655,165.01133786848072,165.01133786848072,16.15796321277186,16.156263446361788,1.3458251953125
G_open,76,sustain,55.40643990929705,55.57643990929705,59.449614512471655,59.61961451247166,170.0,170.0,16.646454611261596,16.64470345710792,1.3458251953125
G_open,76,decay,55.526439909297046,55.62301133786848,59.56961451247165,59.68961451247166,96.57596371882086,120.0,9.456749391671755,11.749202440311471,1.3458251953125
G_open,77,attack,56.27356009070295,56.348560090702954,60.35156462585034,60.42656462585034,74.98866213151928,74.98866213151928,7.344035353215234,7.342022591844228,2.691650390625
G_open,77,stabilization,56.348560090702954,56.42856009070295,60.42656462585034,60.50656462585034,80.0,80.0,7.834822112532007,7.832674842463392,2.691650390625
G_open,77,body,56.42856009070295,56.59356009070295,60.50656462585034,60.67156462585034,165.01133786848072,165.01133786848072,16.16043098438079,16.156001935545948,1.3458251953125
G_open,77,sustain,56.59356009070295,56.76356009070295,60.67156462585034,60.84156462585034,170.0,170.0,16.648996989130513,16.64443404023471,1.3458251953125
G_open,77,decay,56.71356009070295,56.83356009070295,60.791564625850334,60.91156462585034,120.0,120.02267573696145,11.75223316879801,11.751232409625493,1.3458251953125
G_open,78,attack,56.856961451247166,56.93196145124717,60.943673469387754,61.01867346938776,74.98866213151928,74.98866213151928,7.343291684034401,7.340474631749732,2.691650390625
G_open,78,stabilization,56.93196145124717,57.01196145124717,61.01867346938776,61.098673469387755,80.0,80.0,7.834028745471232,7.831023435383446,2.691650390625
G_open,78,body,57.01196145124717,57.176961451247166,61.098673469387755,61.263673469387754,165.01133786848072,165.01133786848072,16.158794552379298,16.152595674400605,1.3458251953125
G_open,78,sustain,57.176961451247166,57.34696145124717,61.263673469387754,61.433673469387756,170.0,170.0,16.64731108412637,16.640924800189822,1.3458251953125
G_open,78,decay,57.296961451247164,57.41696145124717,61.38367346938775,61.503673469387756,120.0,120.0,11.75104311820685,11.746535153075168,1.3458251953125
G_open,79,attack,57.463582766439906,57.53858276643991,61.52417233560091,61.59917233560091,74.98866213151928,74.98866213151928,7.34323375029312,7.34221824887219,2.691650390625
G_open,79,stabilization,57.53858276643991,57.61858276643991,61.59917233560091,61.67917233560091,80.0,80.0,7.833966940137322,7.8328835748476235,2.691650390625
G_open,79,body,57.61858276643991,57.783582766439906,61.67917233560091,61.84417233560091,165.01133786848072,165.01133786848072,16.15866707011885,16.156432475670677,1.3458251953125
G_open,79,sustain,57.783582766439906,57.95358276643991,61.84417233560091,62.01417233560091,170.0,170.0,16.64717974779181,16.644877596551197,1.3458251953125
G_open,79,decay,57.903582766439904,58.02358276643991,61.96417233560091,62.08417233560091,120.02267573696145,120.0,11.753170922377224,11.749325362271433,1.3458251953125
G_open,80,attack,58.07891156462585,58.15391156462585,62.12498866213152,62.199988662131524,74.98866213151928,74.98866213151928,7.343426841021699,7.339234935386677,2.691650390625
G_open,80,stabilization,58.15391156462585,58.23391156462585,62.199988662131524,62.27998866213152,80.0,80.0,7.834172934721669,7.829700892665315,2.691650390625
G_open,80,body,58.23391156462585,58.39891156462585,62.27998866213152,62.44498866213152,165.01133786848072,165.01133786848072,16.159091963143307,16.149867742609267,1.3458251953125
G_open,80,sustain,58.39891156462585,58.56891156462585,62.44498866213152,62.61498866213152,170.0,170.0,16.647617486283544,16.638114396913796,1.3458251953125
G_open,80,decay,58.518911564625846,58.63891156462585,62.56498866213152,62.68498866213152,120.0,120.0,11.751259402082503,11.744551338997972,1.3458251953125
G_open,81,attack,58.66521541950113,58.74021541950113,62.728707482993194,62.8037074829932,74.98866213151928,74.98866213151928,7.343510351599693,7.342008954559075,2.691650390625
G_open,81,stabilization,58.74021541950113,58.82021541950113,62.8037074829932,62.883707482993195,80.0,80.0,7.834262026139617,7.832660293826556,2.691650390625
G_open,81,body,58.82021541950113,58.98521541950113,62.883707482993195,63.048707482993194,165.01133786848072,165.01133786848072,16.15927572681916,16.15597192692059,1.3458251953125
G_open,81,sustain,58.98521541950113,59.15521541950113,63.048707482993194,63.218707482993196,170.0,170.0,16.647806805546686,16.64440312438143,1.3458251953125
G_open,81,decay,59.10521541950113,59.22521541950113,63.16870748299319,63.288707482993196,120.02267573696145,120.02267573696145,11.753613635021825,11.751210582546474,1.3458251953125
G_open,82,attack,59.27764172335601,59.352641723356015,63.315011337868484,63.390011337868486,74.98866213151928,74.98866213151928,7.342076674418375,7.333970148140078,2.691650390625
G_open,82,stabilization,59.352641723356015,59.432641723356014,63.390011337868486,63.470011337868485,80.0,80.0,7.832732539264599,7.824084270528635,2.691650390625
G_open,82,body,59.432641723356014,59.59764172335601,63.470011337868485,63.635011337868484,165.01133786848072,165.01133786848072,16.156120943375424,16.13828266344583,1.3458251953125
G_open,82,sustain,59.59764172335601,59.764870748299316,63.635011337868484,63.805011337868486,167.21088435374148,170.0,16.37147668495951,16.626179074873352,1.3458251953125
G_open,82,decay,59.71764172335601,59.764870748299316,63.75501133786848,63.875011337868486,47.2108843537415,120.0,4.622377876062612,11.736126405792954,2.691650390625
G_open,83,attack,60.441541950113375,60.51654195011338,63.93904761904762,64.01404761904762,74.98866213151928,74.98866213151928,7.340155012013402,7.341065435251906,2.691650390625
G_open,83,stabilization,60.51654195011338,60.59654195011338,64.01404761904762,64.09404761904761,80.0,80.0,7.8306824561183195,7.831653721067046,2.691650390625
G_open,83,body,60.59654195011338,60.761541950113376,64.09404761904761,64.25904761904762,165.01133786848072,165.01133786848072,16.151892356341556,16.153895727949234,1.3458251953125
G_open,83,sustain,60.761541950113376,60.93154195011338,64.25904761904762,64.42904761904762,170.0,170.0,16.640200219251433,16.642264157267473,1.3458251953125
G_open,83,decay,60.88154195011337,60.986820861678005,64.37904761904763,64.46981405895691,105.28344671201815,90.74829931972789,10.305515488593356,8.883865700598164,1.3458251953125
G_open,84,attack,60.998820861678006,61.07382086167801,64.48181405895691,64.55681405895692,74.98866213151928,74.98866213151928,7.342436291896853,7.339049246231731,2.691650390625
G_open,84,stabilization,61.07382086167801,61.15382086167801,64.55681405895692,64.63681405895692,80.0,80.0,7.833116189238614,7.829502794286527,2.691650390625
G_open,84,body,61.15382086167801,61.318820861678006,64.63681405895692,64.80181405895691,165.01133786848072,164.98866213151928,16.15691227581899,16.147239889804073,1.3458251953125
G_open,84,sustain,61.318820861678006,61.48882086167801,64.80181405895691,64.97181405895691,170.0,170.0,16.645371902132055,16.637693437858868,1.3458251953125
G_open,84,decay,61.438820861678,61.55882086167801,64.92181405895691,65.04181405895692,120.0,120.0,11.749674283857921,11.74425419142979,1.3458251953125
G_open,85,attack,61.68380952380952,61.758809523809525,65.11455782312925,65.18955782312925,74.98866213151928,75.01133786848072,7.3471262592893485,7.348117224188406,2.691650390625
G_open,85,stabilization,61.758809523809525,61.83880952380952,65.18955782312925,65.26955782312925,80.0,80.0,7.83811957749405,7.836807003306134,2.691650390625
G_open,85,body,61.83880952380952,62.00380952380952,65.26955782312925,65.43455782312924,165.01133786848072,164.98866213151928,16.167232473192797,16.16230378573,1.3458251953125
G_open,85,sustain,62.00380952380952,62.173809523809524,65.43455782312924,65.60455782312924,170.0,170.0,16.65600410217485,16.653214882025537,1.3458251953125
G_open,85,decay,62.12380952380952,62.182648526077095,65.55455782312924,65.67455782312925,58.82086167800453,120.02267573696145,5.76306184354296,11.75743182213701,2.691650390625
G_open,86,attack,62.194648526077096,62.2696485260771,65.721179138322,65.796179138322,74.98866213151928,74.98866213151928,7.34308220716183,7.340719189231842,2.691650390625
G_open,86,stabilization,62.2696485260771,62.3496485260771,65.796179138322,65.876179138322,80.0,80.0,7.833805269690637,7.8312843361384745,2.691650390625
G_open,86,body,62.3496485260771,62.514648526077096,65.876179138322,66.041179138322,165.01133786848072,165.01133786848072,16.15833360191008,16.153133819183584,1.3458251953125
G_open,86,sustain,62.514648526077096,62.6846485260771,66.041179138322,66.211179138322,170.0,170.0,16.646836198092604,16.64147921429426,1.3458251953125
G_open,86,decay,62.63464852607709,62.7546485260771,66.161179138322,66.281179138322,120.0,120.0,11.750707904535956,11.746926504207712,1.3458251953125
G_open,87,attack,62.859319727891155,62.93431972789116,66.33650793650794,66.41150793650795,74.98866213151928,74.98866213151928,7.3405391651856045,7.340439318125227,2.691650390625
G_open,87,stabilization,62.93431972789116,63.014319727891156,66.41150793650795,66.49150793650794,80.0,80.0,7.831092281455947,7.830985761822136,2.691650390625
G_open,87,body,63.014319727891156,63.179319727891155,66.49150793650794,66.65650793650794,165.01133786848072,165.01133786848072,16.152737679182234,16.15251796734118,1.3458251953125
G_open,87,sustain,63.179319727891155,63.34931972789116,66.65650793650794,66.82650793650794,170.0,170.0,16.641071098093885,16.640844743872037,1.3458251953125
G_open,87,decay,63.29931972789115,63.419111111111114,66.77650793650794,66.89049433106575,119.77324263038548,113.96825396825398,11.724441448597027,11.156047176564075,1.3458251953125
G_open,88,attack,64.06385487528345,64.13885487528346,68.74848072562358,68.82348072562358,74.98866213151928,74.98866213151928,7.342233631016287,7.337468185539689,2.691650390625
G_open,88,stabilization,64.13885487528346,64.21885487528345,68.82348072562358,68.90348072562358,80.0,80.0,7.832899984948732,7.827816074564265,2.691650390625
G_open,88,body,64.21885487528345,64.38385487528345,68.90348072562358,69.06848072562357,165.01133786848072,164.98866213151928,16.15646632382991,16.143761269424488,1.3458251953125
G_open,88,sustain,64.38385487528345,64.55385487528345,69.06848072562357,69.23848072562357,170.0,170.0,16.644912468016056,16.634109158449064,1.3458251953125
G_open,88,decay,64.50385487528345,64.62385487528346,69.18848072562358,69.30848072562358,120.0,120.02267573696145,11.749349977423098,11.743942880575014,1.3458251953125
C_open,0,attack,2.3510204081632655,2.4260204081632657,5.180952380952381,5.255952380952381,74.98866213151928,74.98866213151928,9.830872712102055,9.804713876233723,2.691650390625
C_open,0,stabilization,2.4260204081632657,2.5060204081632653,5.255952380952381,5.3359523809523814,80.0,80.0,10.487849691048096,10.459942714046743,2.691650390625
C_open,0,body,2.5060204081632653,2.6710204081632654,5.3359523809523814,5.5009523809523815,165.01133786848072,165.01133786848072,21.632676361042233,21.575114265906503,1.3458251953125
C_open,0,sustain,2.6710204081632654,2.8410204081632653,5.5009523809523815,5.670952380952381,170.0,170.0,22.286680593477204,22.227378267349327,1.3458251953125
C_open,0,decay,2.7910204081632655,2.9110204081632656,5.620952380952382,5.740952380952381,120.0,120.0,15.731774536572145,15.689914071070115,1.3458251953125
C_open,1,attack,4.147664399092971,4.222664399092971,5.802086167800454,5.877086167800454,74.98866213151928,74.98866213151928,9.829830919535338,9.803232541686185,2.691650390625
C_open,1,stabilization,4.222664399092971,4.302664399092971,5.877086167800454,5.957086167800454,80.0,80.0,10.486738277629474,10.458362384961855,2.691650390625
C_open,1,body,4.302664399092971,4.467664399092971,5.957086167800454,6.122086167800454,165.01133786848072,165.01133786848072,21.630383913353086,21.571854613199385,1.3458251953125
C_open,1,sustain,4.467664399092971,4.637664399092971,6.122086167800454,6.292086167800454,170.0,170.0,22.284318839962634,22.224020068043945,1.3458251953125
C_open,1,decay,4.587664399092971,4.707664399092971,6.242086167800454,6.362086167800454,120.0,120.0,15.730107416444213,15.687543577442783,1.3458251953125
C_open,2,attack,4.7542857142857144,4.829285714285715,6.402902494331066,6.477902494331066,74.98866213151928,74.98866213151928,9.822752453510656,9.803064671313937,2.691650390625
C_open,2,stabilization,4.829285714285715,4.909285714285715,6.477902494331066,6.557902494331066,80.0,80.0,10.479186772296822,10.458183296158323,2.691650390625
C_open,2,body,4.909285714285715,5.074285714285715,6.557902494331066,6.722902494331066,165.01133786848072,165.01133786848072,21.614807863379813,21.57148521716103,1.3458251953125
C_open,2,sustain,5.074285714285715,5.244285714285715,6.722902494331066,6.892902494331066,170.0,170.0,22.26827189113075,22.223639504336436,1.3458251953125
C_open,2,decay,5.194285714285715,5.314285714285715,6.842902494331066,6.9629024943310664,120.0,120.0,15.718780158445236,15.687274944237483,1.3458251953125
C_open,3,attack,5.358004535147392,5.433004535147393,7.006621315192744,7.081621315192744,74.98866213151928,74.98866213151928,9.826640384193164,9.800200091328463,2.691650390625
C_open,3,stabilization,5.433004535147393,5.513004535147393,7.081621315192744,7.161621315192744,80.0,80.0,10.48333452538055,10.455127282191357,2.691650390625
C_open,3,body,5.513004535147393,5.678004535147393,7.161621315192744,7.326621315192744,165.01133786848072,165.01133786848072,21.62336319194849,21.565181755245607,1.3458251953125
C_open,3,sustain,5.678004535147393,5.848004535147393,7.326621315192744,7.496621315192744,170.0,170.0,22.27708586643367,22.21714547465663,1.3458251953125
C_open,3,decay,5.798004535147393,5.918004535147393,7.446621315192744,7.566621315192744,120.0,120.0,15.725001788070827,15.682690923287034,1.3458251953125
C_open,4,attack,5.958820861678005,6.033820861678005,7.601632653061224,7.676632653061224,74.98866213151928,74.98866213151928,9.822152296993618,9.80410713510791,2.691650390625
C_open,4,stabilization,6.033820861678005,6.113820861678005,7.676632653061224,7.756632653061224,80.0,80.0,10.478546508555635,10.459295425660935,2.691650390625
C_open,4,body,6.113820861678005,6.278820861678005,7.756632653061224,7.921632653061224,165.01133786848072,165.01133786848072,21.613487228673286,21.57377914187489,1.3458251953125
C_open,4,sustain,6.278820861678005,6.448820861678005,7.921632653061224,8.091632653061223,170.0,169.97732426303855,22.266911330680724,22.223038126631057,1.3458251953125
C_open,4,decay,6.398820861678005,6.518820861678005,8.041632653061225,8.161632653061224,120.0,119.97732426303854,15.717819762833452,15.68597848559297,1.3458251953125
C_open,5,attack,6.5364172335600905,6.611417233560091,8.193741496598639,8.268741496598638,74.98866213151928,74.98866213151928,9.827602454690272,9.805985580632521,2.691650390625
C_open,5,stabilization,6.611417233560091,6.691417233560091,8.268741496598638,8.348741496598638,80.0,80.0,10.48436088906782,10.461299403831731,2.691650390625
C_open,5,body,6.691417233560091,6.856417233560091,8.348741496598638,8.513741496598639,165.01133786848072,165.01133786848072,21.62548021251319,21.577912630862674,1.3458251953125
C_open,5,sustain,6.856417233560091,7.026417233560091,8.513741496598639,8.683741496598639,170.0,170.0,22.27926688926912,22.23026123314243,1.3458251953125
C_open,5,decay,6.976417233560091,7.078793650793651,8.633741496598638,8.75374149659864,102.35827664399093,120.02267573696145,13.414513903983034,15.69491432666705,1.3458251953125
C_open,6,attack,7.7699773242630386,7.844977324263039,9.386666666666667,9.461666666666666,74.98866213151928,74.98866213151928,9.830924456608358,9.802666248742744,2.691650390625
C_open,6,stabilization,7.844977324263039,7.924977324263039,9.461666666666666,9.541666666666666,80.0,80.0,10.487904893533198,10.457758247827154,2.691650390625
C_open,6,body,7.924977324263039,8.089977324263039,9.541666666666666,9.706666666666667,165.01133786848072,165.01133786848072,21.632790223991236,21.57060849473872,1.3458251953125
C_open,6,sustain,8.089977324263039,8.259977324263039,9.706666666666667,9.876666666666667,170.0,170.0,22.286797898758046,22.222736276632705,1.3458251953125
C_open,6,decay,8.209977324263038,8.329977324263039,9.826666666666666,9.946666666666667,120.0,120.0,15.731857340299797,15.686637371740733,1.3458251953125
C_open,7,attack,8.382403628117913,8.457403628117913,9.999092970521541,10.07409297052154,74.98866213151928,74.98866213151928,9.827828949896192,9.801207049607287,2.691650390625
C_open,7,stabilization,8.457403628117913,8.537403628117913,10.07409297052154,10.15409297052154,80.0,80.0,10.484602520481937,10.456201533418357,2.691650390625
C_open,7,body,8.537403628117913,8.702403628117914,10.15409297052154,10.319092970521542,165.01133786848072,165.01133786848072,21.62597861154962,21.567397550647787,1.3458251953125
C_open,7,sustain,8.702403628117914,8.872403628117913,10.319092970521542,10.489092970521542,170.0,170.0,22.27978035602412,22.219428258514007,1.3458251953125
C_open,7,decay,8.822403628117913,8.942403628117914,10.439092970521541,10.559092970521542,120.02267573696145,120.02267573696145,15.729875606834154,15.687266076072383,1.3458251953125
C_open,8,attack,8.986122448979591,9.06112244897959,10.579591836734695,10.654591836734694,74.98866213151928,74.98866213151928,9.825380230599636,9.798574412559745,2.691650390625
C_open,8,stabilization,9.06112244897959,9.14112244897959,10.654591836734694,10.734591836734694,80.0,80.0,10.481990158317362,10.453392962658233,2.691650390625
C_open,8,body,9.14112244897959,9.306122448979592,10.734591836734694,10.899591836734695,165.01133786848072,165.01133786848072,21.62059024435245,21.561604475414956,1.3458251953125
C_open,8,sustain,9.306122448979592,9.476122448979591,10.899591836734695,11.069591836734695,170.0,170.0,22.274229086424395,22.21346004564875,1.3458251953125
C_open,8,decay,9.42612244897959,9.546122448979592,11.019591836734694,11.139591836734695,120.02267573696145,120.0,15.725956323121824,15.680089443987349,1.3458251953125
C_open,9,attack,10.18485260770975,10.25985260770975,11.17750566893424,11.252505668934239,74.98866213151928,75.01133786848072,9.826935428873288,9.80505175639011,2.691650390625
C_open,9,stabilization,10.25985260770975,10.33985260770975,11.252505668934239,11.332505668934239,80.0,80.0,10.483649287289072,10.457141050950517,2.691650390625
C_open,9,body,10.33985260770975,10.50485260770975,11.332505668934239,11.49750566893424,165.01133786848072,165.01133786848072,21.62401243299393,21.569335438709444,1.3458251953125
C_open,9,sustain,10.50485260770975,10.67485260770975,11.49750566893424,11.66750566893424,170.0,170.0,22.277754735489278,22.22142473326985,1.3458251953125
C_open,9,decay,10.62485260770975,10.74485260770975,11.617505668934239,11.73750566893424,120.02267573696145,120.02267573696145,15.72844548685404,15.688675618673777,1.3458251953125
C_open,10,attack,11.380680272108844,11.455680272108843,11.778321995464852,11.853321995464851,74.98866213151928,75.01133786848072,9.835437143198554,9.802120624296897,2.691650390625
C_open,10,stabilization,11.455680272108843,11.535680272108843,11.853321995464851,11.933321995464851,80.0,80.0,10.492719153675385,10.454014982623779,2.691650390625
C_open,10,body,11.535680272108843,11.700680272108844,11.933321995464851,12.098321995464852,165.01133786848072,165.01133786848072,21.6427203178276,21.56288747974865,1.3458251953125
C_open,10,sustain,11.700680272108844,11.870680272108844,12.098321995464852,12.268321995464852,170.0,170.0,22.29702820156019,22.214781838075528,1.3458251953125
C_open,10,decay,11.820680272108843,11.940680272108844,12.218321995464851,12.338321995464852,120.0,120.0,15.739078730513075,15.681022473935668,1.3458251953125
C_open,11,attack,11.961179138321995,12.036179138321994,12.387845804988663,12.462845804988662,74.98866213151928,74.98866213151928,9.826998142625925,9.803632794445509,2.691650390625
C_open,11,stabilization,12.036179138321994,12.116179138321995,12.462845804988662,12.542845804988662,80.0,80.0,10.483716192072652,10.458789385788856,2.691650390625
C_open,11,body,12.116179138321995,12.281179138321995,12.542845804988662,12.707845804988663,165.01133786848072,165.01133786848072,21.624150433592032,21.572735362921065,1.3458251953125
C_open,11,sustain,12.281179138321995,12.451179138321995,12.707845804988663,12.877845804988663,170.0,170.0,22.277896908154386,22.224927444801324,1.3458251953125
C_open,11,decay,12.401179138321995,12.515165532879818,12.827845804988662,12.947845804988663,113.96825396825398,120.0,14.935135368865405,15.688184078683287,1.3458251953125
C_open,12,attack,12.527165532879819,12.602165532879818,12.985759637188208,13.060759637188207,74.98866213151928,74.98866213151928,9.828183350375571,9.79832588446037,2.691650390625
C_open,12,stabilization,12.602165532879818,12.682165532879818,13.060759637188207,13.140759637188207,80.0,80.0,10.484980604815545,10.453127825937763,2.691650390625
C_open,12,body,12.682165532879818,12.847165532879819,13.140759637188207,13.305759637188208,165.01133786848072,165.01133786848072,21.626758464071067,21.56105759335292,1.3458251953125
C_open,12,sustain,12.847165532879819,13.017165532879819,13.305759637188208,13.475759637188208,170.0,170.0,22.280583785233034,22.212896630117747,1.3458251953125
C_open,12,decay,12.967165532879818,13.087165532879819,13.425759637188207,13.545759637188208,120.0,120.0,15.727470907223317,15.679691738906644,1.3458251953125
C_open,13,attack,13.145396825396825,13.220396825396824,13.592380952380953,13.667380952380952,74.98866213151928,74.98866213151928,9.828276501680367,9.803822532723474,2.691650390625
C_open,13,stabilization,13.220396825396824,13.300396825396824,13.667380952380952,13.747380952380952,80.0,80.0,10.48507998123022,10.458991803885219,2.691650390625
C_open,13,body,13.300396825396824,13.465396825396825,13.747380952380952,13.912380952380953,165.01133786848072,165.01133786848072,21.62696344201029,21.573152878932184,1.3458251953125
C_open,13,sustain,13.465396825396825,13.635396825396825,13.912380952380953,14.082380952380953,170.0,170.0,22.280794960114218,22.22535758325609,1.3458251953125
C_open,13,decay,13.585396825396824,13.705396825396825,14.032380952380953,14.152380952380954,120.02267573696145,120.0,15.730591933291256,15.688487705827828,1.3458251953125
C_open,14,attack,13.775238095238095,13.850238095238094,14.17578231292517,14.25078231292517,74.98866213151928,74.98866213151928,9.82871584415768,9.805124528355408,2.691650390625
C_open,14,stabilization,13.850238095238094,13.930238095238094,14.25078231292517,14.33078231292517,80.0,80.0,10.485548684060566,10.460380809204077,2.691650390625
C_open,14,body,13.930238095238094,14.095238095238095,14.33078231292517,14.49578231292517,165.01133786848072,165.01133786848072,21.62793020802402,21.576017899256826,1.3458251953125
C_open,14,sustain,14.095238095238095,14.265238095238095,14.49578231292517,14.66578231292517,170.0,170.0,22.281790953628704,22.228309219558664,1.3458251953125
C_open,14,decay,14.215238095238094,14.335238095238095,14.61578231292517,14.73578231292517,120.0,120.0,15.728323026090848,15.690571213806116,1.3458251953125
C_open,15,attack,14.358639455782313,14.433639455782313,14.776598639455782,14.851598639455782,74.98866213151928,74.98866213151928,9.827854128394216,9.801626623790405,2.691650390625
C_open,15,stabilization,14.433639455782313,14.513639455782313,14.851598639455782,14.931598639455782,80.0,80.0,10.484629381607135,10.456649146880117,2.691650390625
C_open,15,body,14.513639455782313,14.678639455782314,14.931598639455782,15.096598639455783,165.01133786848072,165.01133786848072,21.626034016427187,21.568320816849948,1.3458251953125
C_open,15,sustain,14.678639455782314,14.848639455782314,15.096598639455783,15.266598639455783,170.0,170.0,22.279837435915162,22.22037943712025,1.3458251953125
C_open,15,decay,14.798639455782313,14.918639455782314,15.216598639455782,15.336598639455783,120.0,120.0,15.726944072410703,15.684973720320178,1.3458251953125
C_open,16,attack,14.98267573696145,15.05767573696145,15.368707482993198,15.443707482993197,74.98866213151928,74.98866213151928,9.82698249125432,9.801884186156771,2.691650390625
C_open,16,stabilization,15.05767573696145,15.13767573696145,15.443707482993197,15.523707482993197,80.0,80.0,10.483699494752114,10.45692392160904,2.691650390625
C_open,16,body,15.13767573696145,15.30267573696145,15.523707482993197,15.688707482993198,165.01133786848072,165.01133786848072,21.624115993002018,21.568887578670342,1.3458251953125
C_open,16,sustain,15.30267573696145,15.47267573696145,15.688707482993198,15.858707482993198,170.0,170.0,22.27786142634824,22.220963333419206,1.3458251953125
C_open,16,decay,15.42267573696145,15.542675736961451,15.808707482993198,15.928707482993198,120.0,120.0,15.725549242128169,15.68538588241356,1.3458251953125
C_open,17,attack,15.595102040816327,15.670102040816326,15.986938775510204,16.061938775510203,74.98866213151928,74.98866213151928,9.831818972999825,9.80276288447969,2.691650390625
C_open,17,stabilization,15.670102040816326,15.750102040816326,16.061938775510203,16.141938775510205,80.0,80.0,10.488859188613057,10.457861341531402,2.691650390625
C_open,17,body,15.750102040816326,15.915102040816327,16.141938775510205,16.306938775510204,165.01133786848072,165.01133786848072,21.634758592839347,21.570821140114514,1.3458251953125
C_open,17,sustain,15.915102040816327,16.085102040816327,16.306938775510204,16.476938775510202,170.0,169.97732426303855,22.288825775802746,22.21999110434223,1.3458251953125
C_open,17,decay,16.035102040816327,16.155102040816328,16.426938775510205,16.546938775510203,120.0,119.97732426303854,15.733288782919587,15.683827765885104,1.3458251953125
C_open,18,attack,16.239455782312927,16.314455782312926,17.77487528344671,17.84987528344671,74.98866213151928,74.98866213151928,9.826428276858417,9.799372510545364,2.691650390625
C_open,18,stabilization,16.314455782312926,16.394455782312928,17.84987528344671,17.929875283446712,80.0,80.0,10.483108243349408,10.454244395888734,2.691650390625
C_open,18,body,16.394455782312928,16.559455782312927,17.929875283446712,18.09487528344671,165.01133786848072,165.01133786848072,21.62289645318981,21.563360677120837,1.3458251953125
C_open,18,sustain,16.559455782312927,16.729455782312925,18.09487528344671,18.26487528344671,170.0,169.97732426303855,22.276605017117493,22.21230612006291,1.3458251953125
C_open,18,decay,16.679455782312928,16.77892970521542,18.214875283446712,18.33487528344671,99.45578231292517,119.97732426303854,13.032571642667376,15.678403372632452,1.3458251953125
C_open,19,attack,16.79092970521542,16.865929705215418,18.393106575963717,18.468106575963716,74.98866213151928,75.01133786848072,9.831500250953068,9.807806869544027,2.691650390625
C_open,19,stabilization,16.865929705215418,16.94592970521542,18.468106575963716,18.54810657596372,80.0,80.0,10.488519167028251,10.460079394120717,2.691650390625
C_open,19,body,16.94592970521542,17.11092970521542,18.54810657596372,18.713106575963717,165.01133786848072,164.98866213151928,21.634057250131683,21.57243131281812,1.3458251953125
C_open,19,sustain,17.11092970521542,17.280929705215417,18.713106575963717,18.883106575963716,169.97732426303855,170.0,22.285130293663197,22.22766871250652,1.3458251953125
C_open,19,decay,17.23092970521542,17.350929705215417,18.83310657596372,18.953106575963716,119.97732426303854,119.97732426303854,15.729805814270543,15.687154216069363,1.3458251953125
C_open,20,attack,17.374331065759637,17.449331065759637,18.973605442176872,19.04860544217687,74.98866213151928,74.98866213151928,9.830803926349951,9.807045357426762,2.691650390625
C_open,20,stabilization,17.449331065759637,17.52933106575964,19.04860544217687,19.128605442176873,80.0,80.0,10.487776308485827,10.462430003326768,2.691650390625
C_open,20,body,17.52933106575964,17.694331065759638,19.128605442176873,19.293605442176872,165.01133786848072,165.01133786848072,21.632524999107527,21.58024465255354,1.3458251953125
C_open,20,sustain,17.694331065759638,17.864331065759636,19.293605442176872,19.46360544217687,170.0,170.0,22.286524655532382,22.232663757069382,1.3458251953125
C_open,20,decay,17.81433106575964,17.934331065759636,19.413605442176873,19.53360544217687,120.0,120.0,15.731664462728741,15.69364500499015,1.3458251953125
C_open,21,attack,17.98095238095238,18.05595238095238,19.571519274376417,19.646519274376416,74.98866213151928,74.98866213151928,9.830827275380884,9.803571158829069,2.691650390625
C_open,21,stabilization,18.05595238095238,18.135952380952382,19.646519274376416,19.726519274376418,80.0,80.0,10.487801217884414,10.458723631191097,2.691650390625
C_open,21,body,18.135952380952382,18.30095238095238,19.726519274376418,19.891519274376417,165.01133786848072,165.01133786848072,21.632576378272358,21.57259973474422,1.3458251953125
C_open,21,sustain,18.30095238095238,18.47095238095238,19.891519274376417,20.061519274376415,169.97732426303855,169.97732426303855,22.28360485523287,22.221823225455914,1.3458251953125
C_open,21,decay,18.420952380952382,18.54095238095238,20.01151927437642,20.131519274376416,120.0,119.97732426303854,15.731701826826622,15.685120955961477,1.3458251953125
C_open,22,attack,18.599183673469387,18.674183673469386,20.17814058956916,20.25314058956916,74.98866213151928,74.98866213151928,9.828067323819063,9.803600627102004,2.691650390625
C_open,22,stabilization,18.674183673469386,18.754183673469388,20.25314058956916,20.33314058956916,80.0,80.0,10.484856824443197,10.458755068768028,2.691650390625
C_open,22,body,18.754183673469388,18.919183673469387,20.33314058956916,20.49814058956916,165.01133786848072,165.01133786848072,21.62650314951053,21.57266457920208,1.3458251953125
C_open,22,sustain,18.919183673469387,19.089183673469385,20.49814058956916,20.66814058956916,169.97732426303855,169.97732426303855,22.277348853748926,22.221890021396014,1.3458251953125
C_open,22,decay,19.03918367346939,19.129950113378683,20.618140589569162,20.73814058956916,90.74829931972789,119.97732426303854,11.893536567863286,15.685168103415995,2.691650390625
C_open,23,attack,19.812426303854874,19.887426303854873,20.77315192743764,20.84815192743764,74.98866213151928,74.98866213151928,9.82067536037054,9.805167031068015,2.691650390625
C_open,23,stabilization,19.887426303854873,19.967426303854875,20.84815192743764,20.928151927437643,80.0,80.0,10.476970871299445,10.460426152285443,2.691650390625
C_open,23,body,19.967426303854875,20.132426303854874,20.928151927437643,21.093151927437642,165.01133786848072,165.01133786848072,21.610237253527796,21.576111425788312,1.3458251953125
C_open,23,sustain,20.132426303854874,20.302426303854872,21.093151927437642,21.26315192743764,169.97732426303855,169.97732426303855,22.26059343856594,22.225440600207392,1.3458251953125
C_open,23,decay,20.252426303854875,20.372426303854873,21.213151927437643,21.33315192743764,119.97732426303854,120.0,15.712486644003787,15.690639228428164,1.3458251953125
C_open,24,attack,20.387120181405894,20.462120181405894,21.945759637188207,22.020759637188206,75.01133786848072,75.01133786848072,9.832978982644086,9.810138407669482,2.691650390625
C_open,24,stabilization,20.462120181405894,20.542120181405895,22.020759637188206,22.100759637188208,80.0,80.0,10.486925589712314,10.462565992218238,2.691650390625
C_open,24,body,20.542120181405895,20.707120181405894,22.100759637188208,22.265759637188207,165.01133786848072,164.98866213151928,21.63077027107044,21.57755956898523,1.3458251953125
C_open,24,sustain,20.707120181405894,20.877120181405893,22.265759637188207,22.435759637188205,169.97732426303855,170.0,22.281744393561084,22.232952733463755,1.3458251953125
C_open,24,decay,20.827120181405895,20.947120181405893,22.385759637188208,22.505759637188206,119.97732426303854,119.97732426303854,15.727415899990888,15.690883408397589,1.3458251953125
C_open,25,attack,20.999546485260772,21.074546485260772,22.57560090702948,22.650600907029478,74.98866213151928,74.98866213151928,9.83332960449086,9.806484533517883,2.691650390625
C_open,25,stabilization,21.074546485260772,21.154546485260774,22.650600907029478,22.73060090702948,80.0,80.0,10.490470772495843,10.461831700710942,2.691650390625
C_open,25,body,21.154546485260774,21.319546485260773,22.73060090702948,22.89560090702948,165.01133786848072,165.01133786848072,21.638082712996674,21.579010568614947,1.3458251953125
C_open,25,sustain,21.319546485260773,21.48954648526077,22.89560090702948,23.065600907029477,170.0,170.0,22.29225039155367,22.231392364010755,1.3458251953125
C_open,25,decay,21.439546485260774,21.55954648526077,23.01560090702948,23.135600907029477,120.0,120.0,15.735706158743767,15.692747551066415,1.3458251953125
C_open,26,attack,21.580045351473924,21.655045351473923,23.196734693877552,23.27173469387755,74.98866213151928,74.98866213151928,9.834355150279455,9.807385696008035,2.691650390625
C_open,26,stabilization,21.655045351473923,21.735045351473925,23.27173469387755,23.351734693877553,80.0,80.0,10.491564853397616,10.462793086034578,2.691650390625
C_open,26,body,21.735045351473925,21.900045351473924,23.351734693877553,23.516734693877552,165.01133786848072,165.01133786848072,21.64033940991339,21.5809935620957,1.3458251953125
C_open,26,sustain,21.900045351473924,22.070045351473922,23.516734693877552,23.68673469387755,170.0,170.0,22.29457531346993,22.23343530782348,1.3458251953125
C_open,26,decay,22.020045351473925,22.134031746031745,23.636734693877553,23.75673469387755,113.96825396825398,120.0,14.946316596705334,15.694189629051866,1.3458251953125
C_open,27,attack,22.78167800453515,22.856678004535148,24.404172335600908,24.479172335600907,74.98866213151928,74.98866213151928,9.828571399177598,9.806619787547692,2.691650390625
C_open,27,stabilization,22.856678004535148,22.93667800453515,24.479172335600907,24.55917233560091,80.0,80.0,10.485394586119916,10.461975993489041,2.691650390625
C_open,27,body,22.93667800453515,23.10167800453515,24.55917233560091,24.724172335600908,165.01133786848072,165.01133786848072,21.627612359182155,21.57930819291943,1.3458251953125
C_open,27,sustain,23.10167800453515,23.271678004535147,24.724172335600908,24.894172335600906,170.0,170.0,22.281463495504823,22.23169898616421,1.3458251953125
C_open,27,decay,23.22167800453515,23.341678004535147,24.84417233560091,24.964172335600907,120.0,120.0,15.728091879179875,15.692963990233562,1.3458251953125
C_open,28,attack,23.394104308390023,23.469104308390023,25.582585034013604,25.657585034013604,74.98866213151928,74.98866213151928,9.828056333242307,9.804325033685327,2.691650390625
C_open,28,stabilization,23.469104308390023,23.549104308390024,25.657585034013604,25.737585034013605,80.0,80.0,10.48484509938883,10.459527885951568,2.691650390625
C_open,28,body,23.549104308390024,23.714104308390024,25.737585034013605,25.902585034013605,165.01133786848072,165.01133786848072,21.62647896492418,21.574258624169374,1.3458251953125
C_open,28,sustain,23.714104308390024,23.88410430839002,25.902585034013605,26.072585034013603,170.0,169.97732426303855,22.28029583620126,22.223532038858547,1.3458251953125
C_open,28,decay,23.834104308390025,23.954104308390022,26.022585034013606,26.142585034013603,120.0,120.0,15.727267649083243,15.689291828927352,1.3458251953125
C_open,29,attack,23.986213151927437,24.061213151927436,26.760997732426304,26.835997732426303,74.98866213151928,74.98866213151928,9.833211511577039,9.808834653905308,2.691650390625
C_open,29,stabilization,24.061213151927436,24.141213151927438,26.835997732426303,26.915997732426305,80.0,80.0,10.490344787675777,10.464338874804332,2.691650390625
C_open,29,body,24.141213151927438,24.306213151927437,26.915997732426305,27.080997732426304,165.01133786848072,165.01133786848072,21.63782285145029,21.58418197050769,1.3458251953125
C_open,29,sustain,24.306213151927437,24.476213151927436,27.080997732426304,27.250997732426303,170.0,170.0,22.291982673811024,22.236720108959204,1.3458251953125
C_open,29,decay,24.42621315192744,24.546213151927436,27.200997732426305,27.320997732426303,120.0,120.0,15.735517181513666,15.696508312206499,1.3458251953125
C_open,30,attack,24.58122448979592,24.656224489795918,27.353106575963718,27.428106575963717,74.98866213151928,74.98866213151928,9.833192025256466,9.809531227171624,2.691650390625
C_open,30,stabilization,24.656224489795918,24.73622448979592,27.428106575963717,27.50810657596372,80.0,80.0,10.490323999124529,10.465081998627605,2.691650390625
C_open,30,body,24.73622448979592,24.90122448979592,27.50810657596372,27.67310657596372,165.01133786848072,165.01133786848072,21.63777997211712,21.58571476871119,1.3458251953125
C_open,30,sustain,24.90122448979592,25.071224489795917,27.67310657596372,27.843106575963716,170.0,170.0,22.291938498139622,22.23829924708366,1.3458251953125
C_open,30,decay,25.02122448979592,25.141224489795917,27.79310657596372,27.913106575963717,120.0,120.0,15.73548599868679,15.697622997941407,1.3458251953125
C_open,31,attack,25.18204081632653,25.25704081632653,27.97424036281179,28.04924036281179,74.98866213151928,74.98866213151928,9.829434971769444,9.80513636837255,2.691650390625
C_open,31,stabilization,25.25704081632653,25.33704081632653,28.04924036281179,28.129240362811792,80.0,80.0,10.48631586948975,10.460393440465182,2.691650390625
C_open,31,body,25.33704081632653,25.50204081632653,28.129240362811792,28.29424036281179,165.01133786848072,165.01133786848072,21.629512636699804,21.576043953022996,1.3458251953125
C_open,31,sustain,25.50204081632653,25.67204081632653,28.29424036281179,28.46424036281179,170.0,170.0,22.283421222665716,22.22833606098851,1.3458251953125
C_open,31,decay,25.622040816326532,25.74204081632653,28.414240362811793,28.53424036281179,120.0,120.0,15.729473804234624,15.690590160697772,1.3458251953125
C_open,32,attack,25.794467120181405,25.869467120181405,28.55183673469388,28.626836734693878,74.98866213151928,74.98866213151928,9.838322015958838,9.811345002425616,2.691650390625
C_open,32,stabilization,25.869467120181405,25.949467120181406,28.626836734693878,28.70683673469388,80.0,80.0,10.495796816541512,10.467016984746772,2.691650390625
C_open,32,body,25.949467120181406,26.114467120181406,28.70683673469388,28.87183673469388,165.01133786848072,165.01133786848072,21.6490684336657,21.589705951814697,1.3458251953125
C_open,32,sustain,26.114467120181406,26.284467120181404,28.87183673469388,29.041836734693877,170.0,170.0,22.303568235150713,22.24241109258689,1.3458251953125
C_open,32,decay,26.234467120181407,26.322331065759638,28.99183673469388,29.111836734693878,87.84580498866214,120.0,11.525146504331582,15.700525477120157,2.691650390625
C_open,33,attack,26.984489795918368,27.059489795918367,31.593650793650795,31.668650793650794,74.98866213151928,74.98866213151928,9.83695289514412,9.80733157270297,2.691650390625
C_open,33,stabilization,27.059489795918367,27.13948979591837,31.668650793650794,31.748650793650796,80.0,80.0,10.494336200202133,10.46273534578049,2.691650390625
C_open,33,body,27.13948979591837,27.304489795918368,31.748650793650796,31.913650793650795,165.01133786848072,165.01133786848072,21.64605570546228,21.5808744646385,1.3458251953125
C_open,33,sustain,27.304489795918368,27.474489795918366,31.913650793650795,32.0836507936508,170.0,170.0,22.30046442542953,22.233312609783543,1.3458251953125
C_open,33,decay,27.42448979591837,27.544489795918366,32.03365079365079,32.1536507936508,120.0,120.0,15.741504300303198,15.694103018670736,1.3458251953125
C_open,34,attack,27.58530612244898,27.66030612244898,36.3740589569161,36.449058956916105,74.98866213151928,74.98866213151928,9.834681528170934,9.807192004595771,2.691650390625
C_open,34,stabilization,27.66030612244898,27.74030612244898,36.449058956916105,36.5290589569161,80.0,80.0,10.491913042451484,10.462586450624094,2.691650390625
C_open,34,body,27.74030612244898,27.90530612244898,36.5290589569161,36.6940589569161,165.01133786848072,165.01133786848072,21.641057599183515,21.580567347276514,1.3458251953125
C_open,34,sustain,27.90530612244898,28.07530612244898,36.6940589569161,36.864058956916104,170.0,170.0,22.2953152152094,22.2329962075762,1.3458251953125
C_open,34,decay,28.02530612244898,28.14530612244898,36.8140589569161,36.934058956916104,120.0,120.0,15.737869563677226,15.693879675936142,1.3458251953125
C_open,35,attack,28.171609977324263,28.246609977324262,36.96326530612245,37.038265306122454,74.98866213151928,74.98866213151928,9.83604970707997,9.807736246171924,2.691650390625
C_open,35,stabilization,28.246609977324262,28.326609977324264,37.038265306122454,37.11826530612245,80.0,80.0,10.493372653939563,10.463167062744041,2.691650390625
C_open,35,body,28.326609977324264,28.491609977324263,37.11826530612245,37.28326530612245,165.01133786848072,165.01133786848072,21.64406825473872,21.5817649420602,1.3458251953125
C_open,35,sustain,28.491609977324263,28.66160997732426,37.28326530612245,37.453265306122454,170.0,170.0,22.298416889621574,22.23423000833109,1.3458251953125
C_open,35,decay,28.611609977324264,28.73160997732426,37.40326530612245,37.523265306122454,120.0,120.0,15.740058980909344,15.694750594116062,1.3458251953125
C_open,36,attack,28.760816326530612,28.83581632653061,37.549569160997734,37.62456916099774,74.98866213151928,74.98866213151928,9.829127107252097,9.807087969544643,2.691650390625
C_open,36,stabilization,28.83581632653061,28.915816326530614,37.62456916099774,37.704569160997735,80.0,80.0,10.485987431020684,10.462475463124735,2.691650390625
C_open,36,body,28.915816326530614,29.080816326530613,37.704569160997735,37.869569160997735,165.01133786848072,165.01133786848072,21.62883518580995,21.580338419829562,1.3458251953125
C_open,36,sustain,29.080816326530613,29.25081632653061,37.869569160997735,38.039569160997736,170.0,170.0,22.282723290918952,22.232760359140066,1.3458251953125
C_open,36,decay,29.200816326530614,29.32081632653061,37.98956916099773,38.10956916099774,120.0,120.0,15.728981146531025,15.693713194687103,1.3458251953125
C_open,37,attack,29.38485260770975,29.45985260770975,38.164897959183676,38.23989795918368,74.98866213151928,74.98866213151928,9.82713777987032,9.800418947557633,2.691650390625
C_open,37,stabilization,29.45985260770975,29.53985260770975,38.23989795918368,38.31989795918368,80.0,80.0,10.483865160986541,10.455360764131639,2.691650390625
C_open,37,body,29.53985260770975,29.70485260770975,38.31989795918368,38.48489795918368,165.01133786848072,165.01133786848072,21.624457703089302,21.565663344837287,1.3458251953125
C_open,37,sustain,29.70485260770975,29.874852607709748,38.48489795918368,38.65489795918368,170.0,170.0,22.2782134670964,22.217641623779738,1.3458251953125
C_open,37,decay,29.82485260770975,29.94485260770975,38.604897959183674,38.72489795918368,120.0,120.0,15.725797741479811,15.683041146197459,1.3458251953125
C_open,38,attack,29.985668934240362,30.06066893424036,38.76861678004535,38.84361678004535,74.98866213151928,74.98866213151928,9.8310882811153,9.803518788607292,2.691650390625
C_open,38,stabilization,30.06066893424036,30.140668934240363,38.84361678004535,38.92361678004535,80.0,80.0,10.48807966609458,10.45866776117524,2.691650390625
C_open,38,body,30.140668934240363,30.305668934240362,38.92361678004535,39.08861678004535,165.01133786848072,165.01133786848072,21.63315071716844,21.57248449491843,1.3458251953125
C_open,38,sustain,30.305668934240362,30.47566893424036,39.08861678004535,39.25861678004535,170.0,170.0,22.287169290450983,22.224668992497385,1.3458251953125
C_open,38,decay,30.425668934240363,30.54566893424036,39.20861678004535,39.32861678004535,120.0,120.02267573696145,15.73211949914187,15.690966116751857,1.3458251953125
C_open,39,attack,31.79972789115646,31.87472789115646,39.363628117913834,39.43862811791384,74.98866213151928,74.98866213151928,9.834709565153059,9.804793056539237,2.691650390625
C_open,39,stabilization,31.87472789115646,31.954727891156463,39.43862811791384,39.518628117913835,80.0,80.0,10.491942953087388,10.460027185809018,2.691650390625
C_open,39,body,31.954727891156463,32.11972789115646,39.518628117913835,39.683628117913834,164.98866213151928,165.01133786848072,21.638145387376372,21.575288500887822,1.3458251953125
C_open,39,sustain,32.11972789115646,32.28972789115646,39.683628117913834,39.853628117913836,170.0,170.0,22.295378775310702,22.227557769844168,1.3458251953125
C_open,39,decay,32.23972789115646,32.333396825396825,39.80362811791383,39.923628117913836,93.65079365079364,120.0,12.282234806193571,15.69004077871353,1.3458251953125
C_open,40,attack,32.96943310657596,33.044433106575966,40.58267573696145,40.65767573696145,74.98866213151928,75.01133786848072,9.837965738443275,9.807362221820611,2.691650390625
C_open,40,stabilization,33.044433106575966,33.124433106575964,40.65767573696145,40.73767573696145,80.0,80.0,10.495416729733256,10.459605174904206,2.691650390625
C_open,40,body,33.124433106575964,33.28943310657596,40.73767573696145,40.90267573696145,165.01133786848072,165.01133786848072,21.648284450756492,21.574418043587844,1.3458251953125
C_open,40,sustain,33.28943310657596,33.459433106575965,40.90267573696145,41.07267573696145,170.0,170.0,22.30276055068317,22.226660996671438,1.3458251953125
C_open,40,decay,33.40943310657596,33.529433106575965,41.022675736961446,41.14267573696145,120.02267573696145,120.02267573696145,15.746099985963188,15.692372503052143,1.3458251953125
C_open,41,attack,34.777687074829934,34.85268707482994,41.174784580498866,41.24978458049887,74.98866213151928,74.98866213151928,9.827572393976423,9.806467900361335,2.691650390625
C_open,41,stabilization,34.85268707482994,34.932687074829936,41.24978458049887,41.32978458049887,80.0,80.0,10.484328819458367,10.461813955994796,2.691650390625
C_open,41,body,34.932687074829936,35.097687074829935,41.32978458049887,41.494784580498866,165.01133786848072,165.01133786848072,21.62541406439868,21.578973967623053,1.3458251953125
C_open,41,sustain,35.097687074829935,35.26768707482994,41.494784580498866,41.66478458049887,170.0,170.0,22.27919874134903,22.231354656488943,1.3458251953125
C_open,41,decay,35.21768707482993,35.33768707482994,41.61478458049886,41.73478458049887,120.0,120.02267573696145,15.72649322918755,15.695686300759766,1.3458251953125
C_open,42,attack,35.37850340136055,35.45350340136055,41.78430839002267,41.859308390022676,74.98866213151928,75.01133786848072,9.831467919761424,9.809378435442722,2.691650390625
C_open,42,stabilization,35.45350340136055,35.53350340136055,41.859308390022676,41.939308390022674,80.0,80.0,10.488484675209648,10.461755477703123,2.691650390625
C_open,42,body,35.53350340136055,35.69850340136055,41.939308390022674,42.10430839002267,165.01133786848072,165.01133786848072,21.633986105867518,21.578853347858736,1.3458251953125
C_open,42,sustain,35.69850340136055,35.86850340136055,42.10430839002267,42.274308390022675,170.0,170.0,22.2880299348205,22.231230390119137,1.3458251953125
C_open,42,decay,35.818503401360545,35.932489795918364,42.22430839002267,42.344308390022675,113.96825396825398,120.02267573696145,14.94192856508041,15.695598566746778,1.3458251953125
C_open,43,attack,36.57433106575964,36.64933106575964,42.9859410430839,43.0609410430839,74.98866213151928,74.98866213151928,9.836434991965865,9.803671258682535,2.691650390625
C_open,43,stabilization,36.64933106575964,36.72933106575964,43.0609410430839,43.1409410430839,80.0,80.0,10.493783686620977,10.458830420511635,2.691650390625
C_open,43,body,36.72933106575964,36.89433106575964,43.1409410430839,43.3059410430839,165.01133786848072,165.01133786848072,21.644916067897064,21.57282000285237,1.3458251953125
C_open,43,sustain,36.89433106575964,37.06433106575964,43.3059410430839,43.4759410430839,170.0,170.0,22.299290334069575,22.225014643587226,1.3458251953125
C_open,43,decay,37.014331065759634,37.13433106575964,43.425941043083895,43.5459410430839,120.02267573696145,120.02267573696145,15.743649958414068,15.691210151861702,1.3458251953125
C_open,44,attack,37.20126984126984,37.276269841269844,43.57224489795918,43.64724489795918,74.98866213151928,75.01133786848072,9.833807724516621,9.806970772198857,2.691650390625
C_open,44,stabilization,37.276269841269844,37.35626984126984,43.64724489795918,43.72724489795918,80.0,80.0,10.490980844298349,10.459187691752591,2.691650390625
C_open,44,body,37.35626984126984,37.52126984126984,43.72724489795918,43.89224489795918,165.01133786848072,164.98866213151928,21.639134808378426,21.570592303058916,1.3458251953125
C_open,44,sustain,37.52126984126984,37.69126984126984,43.89224489795918,44.06224489795918,170.0,170.02267573696145,22.29333429413399,22.228738467335862,1.3458251953125
C_open,44,decay,37.64126984126984,37.758158730158726,44.01224489795918,44.13224489795918,116.87074829931973,120.02267573696145,15.326109770837215,15.691746159990494,1.3458251953125
C_open,45,attack,37.77015873015873,37.84515873015873,44.1643537414966,44.2393537414966,75.01133786848072,74.98866213151928,9.83567492396067,9.810669630045355,2.691650390625
C_open,45,stabilization,37.84515873015873,37.92515873015873,44.2393537414966,44.3193537414966,80.0,80.0,10.489800825796024,10.46629647862111,2.691650390625
C_open,45,body,37.92515873015873,38.09015873015873,44.3193537414966,44.4843537414966,164.98866213151928,165.01133786848072,21.6337275534274,21.588219805817978,1.3458251953125
C_open,45,sustain,38.09015873015873,38.26015873015873,44.4843537414966,44.6543537414966,170.02267573696145,170.0,22.293800054370347,22.240880017069863,1.3458251953125
C_open,45,decay,38.210158730158724,38.33015873015873,44.604353741496595,44.7243537414966,120.02267573696145,120.02267573696145,15.737674538247832,15.702411355255538,1.3458251953125
C_open,46,attack,38.36517006802721,38.440170068027214,44.8,44.875,74.98866213151928,75.01133786848072,9.834968422527819,9.807970208113458,2.691650390625
C_open,46,stabilization,38.440170068027214,38.52017006802721,44.875,44.955,80.0,80.0,10.492219109367447,10.460253595593798,2.691650390625
C_open,46,body,38.52017006802721,38.68517006802721,44.955,45.12,165.01133786848072,165.01133786848072,21.641688905574522,21.57575550315648,1.3458251953125
C_open,46,sustain,38.68517006802721,38.85517006802721,45.12,45.29,170.0,170.0,22.295965607405826,22.228038890636817,1.3458251953125
C_open,46,decay,38.80517006802721,38.925170068027214,45.239999999999995,45.36,120.0,120.02267573696145,15.73832866405117,15.693345317879242,1.3458251953125
C_open,47,attack,39.5784126984127,39.6534126984127,45.952290249433105,46.02729024943311,74.98866213151928,74.98866213151928,9.83485456645517,9.80427475172311,2.691650390625
C_open,47,stabilization,39.6534126984127,39.7334126984127,46.02729024943311,46.107290249433106,80.0,80.0,10.492097644527924,10.45947424374936,2.691650390625
C_open,47,body,39.7334126984127,39.8984126984127,46.107290249433106,46.272290249433105,165.01133786848072,165.01133786848072,21.6414383671286,21.57414797952497,1.3458251953125
C_open,47,sustain,39.8984126984127,40.0684126984127,46.272290249433105,46.44229024943311,170.0,170.0,22.295707494621837,22.22638276796739,1.3458251953125
C_open,47,decay,40.018412698412696,40.13820408163265,46.3922902494331,46.51229024943311,119.77324263038548,120.02267573696145,15.708406960996738,15.69217606920787,1.3458251953125
C_open,48,attack,40.15020408163265,40.225204081632654,46.58213151927438,46.65713151927438,74.98866213151928,74.98866213151928,9.831563643089547,9.799903920846766,2.691650390625
C_open,48,stabilization,40.225204081632654,40.30520408163265,46.65713151927438,46.73713151927438,80.0,80.0,10.488586795530669,10.454811319246263,2.691650390625
C_open,48,body,40.30520408163265,40.47020408163265,46.73713151927438,46.90213151927438,165.01133786848072,165.01133786848072,21.63419674350246,21.564530036892023,1.3458251953125
C_open,48,sustain,40.47020408163265,40.64020408163265,46.90213151927438,47.07213151927438,170.0,170.0,22.28824694050267,22.216474053398308,1.3458251953125
C_open,48,decay,40.59020408163265,40.710204081632654,47.022131519274375,47.14213151927438,120.02267573696145,120.0,15.735853148736913,15.682216978869393,1.3458251953125
C_open,49,attack,40.78294784580499,40.85794784580499,47.200362811791386,47.27536281179139,74.98866213151928,74.98866213151928,9.831265194645814,9.807533982059647,2.691650390625
C_open,49,stabilization,40.85794784580499,40.93794784580499,47.27536281179139,47.35536281179139,80.0,80.0,10.488268402392029,10.462951281737658,2.691650390625
C_open,49,body,40.93794784580499,41.10294784580499,47.35536281179139,47.52036281179139,165.01133786848072,165.01133786848072,21.63354001253027,21.581319863153325,1.3458251953125
C_open,49,sustain,41.10294784580499,41.27294784580499,47.52036281179139,47.69036281179139,170.0,170.0,22.28757035508306,22.233771473692524,1.3458251953125
C_open,49,decay,41.22294784580499,41.33112925170068,47.640362811791384,47.76036281179139,108.16326530612245,120.0,14.180566972621873,15.694426922606485,1.3458251953125
C_open,50,attack,41.34312925170068,41.418129251700684,47.78956916099773,47.86456916099773,74.98866213151928,74.98866213151928,9.825604414901612,9.810307751966095,2.691650390625
C_open,50,stabilization,41.418129251700684,41.49812925170068,47.86456916099773,47.94456916099773,80.0,80.0,10.482229324394584,10.465910416975019,2.691650390625
C_open,50,body,41.49812925170068,41.66312925170068,47.94456916099773,48.10956916099773,165.01133786848072,165.01133786848072,21.62108355828214,21.58742349895896,1.3458251953125
C_open,50,sustain,41.66312925170068,41.83312925170068,48.10956916099773,48.27956916099773,170.0,170.0,22.27473731433849,22.240059636071916,1.3458251953125
C_open,50,decay,41.78312925170068,41.90312925170068,48.22956916099773,48.34956916099773,120.0,120.02267573696145,15.723343986591876,15.701832153358497,1.3458251953125
C_open,51,attack,41.95265306122449,42.02765306122449,48.37297052154195,48.447970521541954,74.98866213151928,74.98866213151928,9.834856960467834,9.806898638340272,2.691650390625
C_open,51,stabilization,42.02765306122449,42.10765306122449,48.447970521541954,48.52797052154195,80.0,80.0,10.492100198527524,10.462273479305859,2.691650390625
C_open,51,body,42.10765306122449,42.27265306122449,48.52797052154195,48.69297052154195,165.01133786848072,165.01133786848072,21.641443635114737,21.579921799577306,1.3458251953125
C_open,51,sustain,42.27265306122449,42.44265306122449,48.69297052154195,48.86297052154195,170.0,170.0,22.295712921870987,22.23233114352495,1.3458251953125
C_open,51,decay,42.392653061224486,42.51265306122449,48.81297052154195,48.932970521541954,120.02267573696145,120.0,15.741124249094721,15.693410218958787,1.3458251953125
C_open,52,attack,42.5534693877551,42.6284693877551,48.973786848072564,49.04878684807257,74.98866213151928,74.98866213151928,9.833129321638054,9.80442784876302,2.691650390625
C_open,52,stabilization,42.6284693877551,42.7084693877551,49.04878684807257,49.128786848072565,80.0,80.0,10.490257105152422,10.459637571949179,2.691650390625
C_open,52,body,42.7084693877551,42.8734693877551,49.128786848072565,49.293786848072564,165.01133786848072,165.01133786848072,21.63764199381921,21.574484867084518,1.3458251953125
C_open,52,sustain,42.8734693877551,43.0434693877551,49.293786848072564,49.463786848072566,170.0,170.0,22.291796348448894,22.226729840392007,1.3458251953125
C_open,52,decay,42.9934693877551,43.09584580498866,49.41378684807256,49.533786848072566,102.38095238095238,120.0,13.425031414331967,15.689456357923769,1.3458251953125
C_open,53,attack,43.10784580498866,43.182845804988666,49.55718820861678,49.63218820861678,74.98866213151928,74.98866213151928,9.835938738132874,9.807775649997636,2.691650390625
C_open,53,stabilization,43.182845804988666,43.262845804988665,49.63218820861678,49.71218820861678,80.0,80.0,10.493254269166249,10.463209099846283,2.691650390625
C_open,53,body,43.262845804988665,43.427845804988664,49.71218820861678,49.87718820861678,165.01133786848072,165.01133786848072,21.64382406936587,21.581851649541214,1.3458251953125
C_open,53,sustain,43.427845804988664,43.597845804988665,49.87718820861678,50.04718820861678,170.0,170.0,22.298165321978274,22.234319337173353,1.3458251953125
C_open,53,decay,43.54784580498866,43.667845804988666,49.99718820861678,50.11718820861678,120.0,120.0,15.73988140374937,15.694813649769426,1.3458251953125
C_open,54,attack,44.3849433106576,44.4599433106576,50.755918367346936,50.83091836734694,74.98866213151928,74.98866213151928,9.830254913768233,9.806413223052902,2.691650390625
C_open,54,stabilization,44.4599433106576,44.5399433106576,50.83091836734694,50.91091836734694,80.0,80.0,10.487190606523837,10.461755624714435,2.691650390625
C_open,54,body,44.5399433106576,44.7049433106576,50.91091836734694,51.07591836734694,165.01133786848072,165.01133786848072,21.631316905803278,21.578853651090405,1.3458251953125
C_open,54,sustain,44.7049433106576,44.8749433106576,51.07591836734694,51.24591836734694,170.0,170.0,22.285280038863153,22.231230702518175,1.3458251953125
C_open,54,decay,44.824943310657595,44.9449433106576,51.195918367346934,51.31591836734694,120.0,120.0,15.730785909785755,15.692633437071652,1.3458251953125
C_open,55,attack,45.00317460317461,45.07817460317461,51.388662131519276,51.46366213151928,74.98866213151928,74.98866213151928,9.830169256145599,9.80470865523659,2.691650390625
C_open,55,stabilization,45.07817460317461,45.15817460317461,51.46366213151928,51.54366213151928,80.0,80.0,10.487099224578674,10.459937144141122,2.691650390625
C_open,55,body,45.15817460317461,45.32317460317461,51.54366213151928,51.708662131519276,165.01133786848072,165.01133786848072,21.63112841759042,21.575102777186775,1.3458251953125
C_open,55,sustain,45.32317460317461,45.49317460317461,51.708662131519276,51.87866213151928,170.0,170.0,22.28508585222968,22.227366431299885,1.3458251953125
C_open,55,decay,45.443174603174604,45.55425850340136,51.82866213151927,51.936843537414966,111.06575963718821,108.16326530612245,14.559470522104974,14.142261955088763,1.3458251953125
C_open,56,attack,45.56625850340136,45.64125850340136,51.948843537414966,52.02384353741497,75.01133786848072,74.98866213151928,9.838270525104175,9.809472244888541,2.691650390625
C_open,56,stabilization,45.64125850340136,45.72125850340136,52.02384353741497,52.10384353741497,80.0,80.0,10.492569048539156,10.465019074680004,2.691650390625
C_open,56,body,45.72125850340136,45.88625850340136,52.10384353741497,52.268843537414966,164.98866213151928,165.01133786848072,21.639436620513294,21.58558497915147,1.3458251953125
C_open,56,sustain,45.88625850340136,46.05625850340136,52.268843537414966,52.43884353741497,170.02267573696145,170.0,22.299683312343138,22.238165533695007,1.3458251953125
C_open,56,decay,46.006258503401355,46.12625850340136,52.388843537414964,52.50884353741497,120.02267573696145,120.0,15.741827657006166,15.697528612020005,1.3458251953125
C_open,57,attack,46.233832199546484,46.30883219954649,53.19111111111111,53.266111111111115,74.98866213151928,74.98866213151928,9.834806005068444,9.811598509273884,2.691650390625
C_open,57,stabilization,46.30883219954649,46.388832199546485,53.266111111111115,53.346111111111114,80.0,80.0,10.492045837883722,10.46728743293567,2.691650390625
C_open,57,body,46.388832199546485,46.553832199546484,53.346111111111114,53.51111111111111,165.01133786848072,165.01133786848072,21.641331508582724,21.59026378953313,1.3458251953125
C_open,57,sustain,46.553832199546484,46.723832199546486,53.51111111111111,53.681111111111115,170.0,170.0,22.29559740550291,22.2429857949883,1.3458251953125
C_open,57,decay,46.67383219954648,46.793832199546486,53.63111111111111,53.751111111111115,120.02267573696145,120.0,15.741042692720676,15.700931149403505,1.3458251953125
C_open,58,attack,46.849160997732426,46.92416099773243,54.38984126984127,54.46484126984127,74.98866213151928,74.98866213151928,9.834173835134088,9.808755211304574,2.691650390625
C_open,58,stabilization,46.92416099773243,47.00416099773243,54.46484126984127,54.54484126984127,80.0,80.0,10.49137142133446,10.464254123218184,2.691650390625
C_open,58,body,47.00416099773243,47.169160997732426,54.54484126984127,54.70984126984127,165.01133786848072,165.01133786848072,21.639940428869295,21.58400715834998,1.3458251953125
C_open,58,sustain,47.169160997732426,47.33916099773243,54.70984126984127,54.87984126984127,170.0,170.0,22.29416427033573,22.236540011838642,1.3458251953125
C_open,58,decay,47.289160997732424,47.40916099773243,54.82984126984127,54.94984126984127,120.02267573696145,120.0,15.74003087673563,15.696381184827276,1.3458251953125
C_open,59,attack,47.44126984126984,47.516269841269846,54.98485260770975,55.05985260770975,74.98866213151928,74.98866213151928,9.83481496816641,9.814889630705688,2.691650390625
C_open,59,stabilization,47.516269841269846,47.596269841269844,55.05985260770975,55.13985260770975,80.0,80.0,10.492055399967068,10.47079849323546,2.691650390625
C_open,59,body,47.596269841269844,47.76126984126984,55.13985260770975,55.30485260770975,165.01133786848072,165.01133786848072,21.641351231734795,21.597505849000694,1.3458251953125
C_open,59,sustain,47.76126984126984,47.931269841269845,55.30485260770975,55.47485260770975,170.0,170.0,22.295617724930022,22.250446798125356,1.3458251953125
C_open,59,decay,47.88126984126984,47.95171882086168,55.424852607709745,55.504009070294785,70.43083900226758,79.1609977324263,9.237053308474408,10.360985697246313,2.691650390625
C_open,60,attack,47.96371882086168,48.03871882086168,55.516009070294785,55.59100907029479,74.98866213151928,74.98866213151928,9.83306390212022,9.806115457817368,2.691650390625
C_open,60,stabilization,48.03871882086168,48.11871882086168,55.59100907029479,55.67100907029479,80.0,80.0,10.490187313782924,10.46143796044139,2.691650390625
C_open,60,body,48.11871882086168,48.28371882086168,55.67100907029479,55.836009070294786,165.01133786848072,165.01133786848072,21.637498039228554,21.5781984235068,1.3458251953125
C_open,60,sustain,48.28371882086168,48.45371882086168,55.836009070294786,56.00600907029479,170.0,170.0,22.291648041788715,22.230555665937953,1.3458251953125
C_open,60,decay,48.40371882086168,48.52371882086168,55.95600907029478,56.07600907029479,120.0,120.0,15.735280970674385,15.692156940662084,1.3458251953125
C_open,61,attack,48.57324263038549,48.64824263038549,56.801814058956914,56.87681405895692,74.98866213151928,74.98866213151928,9.83460087793186,9.810486961867435,2.691650390625
C_open,61,stabilization,48.64824263038549,48.72824263038549,56.87681405895692,56.956814058956915,80.0,80.0,10.491827002523014,10.466101603105022,2.691650390625
C_open,61,body,48.72824263038549,48.89324263038549,56.956814058956915,57.121814058956915,165.01133786848072,165.01133786848072,21.64088012963718,21.58781784744763,1.3458251953125
C_open,61,sustain,48.89324263038549,49.06324263038549,57.121814058956915,57.291814058956916,170.0,170.0,22.295132380361405,22.24046590659817,1.3458251953125
C_open,61,decay,49.013242630385484,49.12722902494331,57.24181405895691,57.36181405895692,113.96825396825398,120.0,14.946690055181596,15.699152404657532,1.3458251953125
C_open,62,attack,49.780680272108846,49.85568027210885,57.431655328798186,57.50665532879819,74.98866213151928,74.98866213151928,9.826200642655651,9.808932261032991,2.691650390625
C_open,62,stabilization,49.85568027210885,49.93568027210885,57.50665532879819,57.58665532879819,80.0,80.0,10.482865396821632,10.46444300481536,2.691650390625
C_open,62,body,49.93568027210885,50.100680272108846,57.58665532879819,57.751655328798186,165.01133786848072,165.01133786848072,21.622395547809244,21.58439675341309,1.3458251953125
C_open,62,sustain,50.100680272108846,50.27068027210885,57.751655328798186,57.92165532879819,170.0,170.0,22.27608896824597,22.236941385232637,1.3458251953125
C_open,62,decay,50.220680272108844,50.29693424036281,57.871655328798184,57.968226757369614,76.2358276643991,96.55328798185941,9.989623997764832,12.629704737671146,2.691650390625
C_open,63,attack,50.30893424036281,50.38393424036281,57.980226757369614,58.05522675736962,74.98866213151928,74.98866213151928,9.831547114530442,9.806026811695679,2.691650390625
C_open,63,stabilization,50.38393424036281,50.46393424036281,58.05522675736962,58.135226757369615,80.0,80.0,10.488569162401996,10.461343390281934,2.691650390625
C_open,63,body,50.46393424036281,50.62893424036281,58.135226757369615,58.300226757369614,165.01133786848072,165.01133786848072,21.634160372675545,21.57800335915012,1.3458251953125
C_open,63,sustain,50.62893424036281,50.79893424036281,58.300226757369614,58.470226757369616,170.0,170.0,22.288209470104242,22.23035470434911,1.3458251953125
C_open,63,decay,50.74893424036281,50.86893424036281,58.42022675736961,58.54022675736962,120.0,120.0,15.732853743602993,15.6920150854229,1.3458251953125
C_open,64,attack,50.98521541950113,51.060215419501134,58.60426303854875,58.679263038548754,74.98866213151928,74.98866213151928,9.833372406506202,9.807544808396035,2.691650390625
C_open,64,stabilization,51.060215419501134,51.14021541950113,58.679263038548754,58.75926303854875,80.0,80.0,10.490516434881728,10.462962831575814,2.691650390625
C_open,64,body,51.14021541950113,51.30521541950113,58.75926303854875,58.92426303854875,165.01133786848072,165.01133786848072,21.638176898138987,21.5813436863314,1.3458251953125
C_open,64,sustain,51.30521541950113,51.47521541950113,58.92426303854875,59.09426303854875,170.0,170.0,22.292347424123673,22.2337960170986,1.3458251953125
C_open,64,decay,51.42521541950113,51.53629931972789,59.04426303854875,59.164263038548754,111.06575963718821,120.0,14.564214710331832,15.694444247363718,1.3458251953125
C_open,65,attack,52.201360544217685,52.27636054421769,59.773968253968256,59.84896825396826,74.98866213151928,74.98866213151928,9.843166615014173,9.803192246609278,2.691650390625
C_open,65,stabilization,52.27636054421769,52.35636054421769,59.84896825396826,59.92896825396826,80.0,80.0,10.500965170175387,10.458319397047937,2.691650390625
C_open,65,body,52.35636054421769,52.521360544217686,59.92896825396826,60.09396825396826,165.01133786848072,165.01133786848072,21.659728895511986,21.571765944534537,1.3458251953125
C_open,65,sustain,52.521360544217686,52.69136054421769,60.09396825396826,60.26396825396826,170.0,170.0,22.314550986622695,22.223928718726867,1.3458251953125
C_open,65,decay,52.64136054421768,52.76136054421769,60.213968253968254,60.33396825396826,120.0,120.0,15.75144775526308,15.687479095571907,1.3458251953125
C_open,66,attack,52.7934693877551,52.868469387755106,60.380589569160996,60.455589569161,74.98866213151928,74.98866213151928,9.831754560632824,9.80838884319143,2.691650390625
C_open,66,stabilization,52.868469387755106,52.948469387755104,60.455589569161,60.535589569161,80.0,80.0,10.488790471700213,10.463863271478491,2.691650390625
C_open,66,body,52.948469387755104,53.1134693877551,60.535589569161,60.700589569161,165.01133786848072,165.01133786848072,21.634616854467815,21.58320097124404,1.3458251953125
C_open,66,sustain,53.1134693877551,53.283469387755105,60.700589569161,60.870589569161,170.0,170.0,22.288679752362953,22.23570945189179,1.3458251953125
C_open,66,decay,53.2334693877551,53.353469387755105,60.820589569160994,60.940589569161,120.0,120.0,15.73318570755032,15.695794907217735,1.3458251953125
C_open,67,attack,53.40299319727891,53.47799319727891,60.96399092970522,61.03899092970522,74.98866213151928,74.98866213151928,9.833973644879771,9.811469001120303,2.691650390625
C_open,67,stabilization,53.47799319727891,53.55799319727891,61.03899092970522,61.11899092970522,80.0,80.0,10.491157852777695,10.467149270018878,2.691650390625
C_open,67,body,53.55799319727891,53.72299319727891,61.11899092970522,61.28399092970522,165.01133786848072,165.01133786848072,21.63949991345331,21.589978808936326,1.3458251953125
C_open,67,sustain,53.72299319727891,53.89299319727891,61.28399092970522,61.45399092970522,170.0,170.0,22.2937104371526,22.242692198790113,1.3458251953125
C_open,67,decay,53.84299319727891,53.93956462585034,61.403990929705216,61.52399092970522,96.55328798185941,120.0,12.661947317779882,15.700723905028314,1.3458251953125
C_open,68,attack,54.6075283446712,54.682528344671205,62.73451247165533,62.80951247165533,74.98866213151928,74.98866213151928,9.83377059340638,9.8069365898673,2.691650390625
C_open,68,stabilization,54.682528344671205,54.7625283446712,62.80951247165533,62.88951247165533,80.0,80.0,10.490941231792474,10.46231396705529,2.691650390625
C_open,68,body,54.7625283446712,54.9275283446712,62.88951247165533,63.05451247165533,165.01133786848072,165.01133786848072,21.63905310197104,21.580005311298564,1.3458251953125
C_open,68,sustain,54.9275283446712,55.097528344671204,63.05451247165533,63.22451247165533,170.0,170.0,22.29325011755901,22.23241717999249,1.3458251953125
C_open,68,decay,55.0475283446712,55.1295873015873,63.174512471655326,63.29451247165533,82.04081632653062,120.0,10.758567283623915,15.693470950582933,2.691650390625
C_open,69,attack,55.76562358276644,55.84062358276644,63.373061224489796,63.4480612244898,74.98866213151928,74.98866213151928,9.836064457326268,9.807935625557109,2.691650390625
C_open,69,stabilization,55.84062358276644,55.92062358276644,63.4480612244898,63.5280612244898,80.0,80.0,10.493388389914447,10.463379766242962,2.691650390625
C_open,69,body,55.92062358276644,56.08562358276644,63.5280612244898,63.693061224489796,165.01133786848072,165.01133786848072,21.64410071241707,21.58220367317178,1.3458251953125
C_open,69,sustain,56.08562358276644,56.25562358276644,63.693061224489796,63.8630612244898,170.0,170.0,22.298450328568197,22.234682003266297,1.3458251953125
C_open,69,decay,56.205623582766435,56.32562358276644,63.81306122448979,63.9330612244898,120.0,120.0,15.740082584871669,15.695069649364443,1.3458251953125
C_open,70,attack,56.98176870748299,57.056768707482995,64.5427664399093,64.6177664399093,74.98866213151928,74.98866213151928,9.827953263620854,9.802747992072224,2.691650390625
C_open,70,stabilization,57.056768707482995,57.13676870748299,64.6177664399093,64.6977664399093,80.0,80.0,10.484735141836822,10.457845453895011,2.691650390625
C_open,70,body,57.13676870748299,57.30176870748299,64.6977664399093,64.8627664399093,165.01133786848072,165.01133786848072,21.626252161889614,21.57078836961281,1.3458251953125
C_open,70,sustain,57.30176870748299,57.471768707482994,64.8627664399093,65.0327664399093,170.0,170.0,22.28006217640325,22.222921589526898,1.3458251953125
C_open,70,decay,57.42176870748299,57.541768707482994,64.9827664399093,65.1027664399093,120.0,120.0,15.727102712755233,15.686768180842515,1.3458251953125
C_open,71,attack,57.57387755102041,57.64887755102041,65.15519274376418,65.23019274376418,74.98866213151928,74.98866213151928,9.836542208812835,9.808834496082888,2.691650390625
C_open,71,stabilization,57.64887755102041,57.72887755102041,65.23019274376418,65.31019274376418,80.0,80.0,10.493898068549042,10.464338706434965,2.691650390625
C_open,71,body,57.72887755102041,57.89387755102041,65.31019274376418,65.47519274376417,165.01133786848072,165.01133786848072,21.645151996834294,21.584181623222005,1.3458251953125
C_open,71,sustain,57.89387755102041,58.06387755102041,65.47519274376417,65.64519274376417,170.0,170.0,22.299533395666714,22.2367197511743,1.3458251953125
C_open,71,decay,58.01387755102041,58.13387755102041,65.59519274376417,65.71519274376418,120.0,120.0,15.740847102823565,15.696508059652446,1.3458251953125
C_open,72,attack,58.200816326530614,58.27581632653062,65.79664399092971,65.87164399092971,74.98866213151928,74.98866213151928,9.835467561085053,9.808432620040486,2.691650390625
C_open,72,stabilization,58.27581632653062,58.355816326530615,65.87164399092971,65.95164399092971,80.0,80.0,10.4927516043266,10.463909973844219,2.691650390625
C_open,72,body,58.355816326530615,58.520816326530614,65.95164399092971,66.1166439909297,165.01133786848072,165.01133786848072,21.642787251894745,21.583297301492173,1.3458251953125
C_open,72,sustain,58.520816326530614,58.690816326530616,66.1166439909297,66.2866439909297,170.0,170.0,22.297097159194024,22.235808694418967,1.3458251953125
C_open,72,decay,58.64081632653061,58.760816326530616,66.23664399092971,66.35063038548753,120.0,113.96825396825398,15.7391274064899,14.906919367500299,1.3458251953125
C_open,73,attack,58.819047619047616,58.89404761904762,67.52362811791383,67.59862811791383,74.98866213151928,74.98866213151928,9.834409757990455,9.810910823885807,2.691650390625
C_open,73,stabilization,58.89404761904762,58.97404761904762,67.59862811791383,67.67862811791383,80.0,80.0,10.49162311042949,10.466553790949238,2.691650390625
C_open,73,body,58.97404761904762,59.139047619047616,67.67862811791383,67.84362811791382,165.01133786848072,164.98866213151928,21.640459573298017,21.5857838387037,1.3458251953125
C_open,73,sustain,59.139047619047616,59.30904761904762,67.84362811791382,68.01362811791383,170.0,170.0,22.294699109662666,22.24142680576713,1.3458251953125
C_open,73,decay,59.259047619047614,59.37904761904762,67.96362811791383,68.08362811791383,120.0,120.0,15.737434665644237,15.699830686423857,1.3458251953125
C_open,74,attack,59.405351473922906,59.48035147392291,68.15637188208616,68.23137188208617,74.98866213151928,75.01133786848072,9.830473831599498,9.814672365297387,2.691650390625
C_open,74,stabilization,59.48035147392291,59.56035147392291,68.23137188208617,68.31137188208616,80.0,80.0,10.487424154182953,10.46740148269927,2.691650390625
C_open,74,body,59.56035147392291,59.725351473922906,68.31137188208616,68.47637188208616,165.01133786848072,164.98866213151928,21.631798630949366,21.587532082800422,1.3458251953125
C_open,74,sustain,59.725351473922906,59.89535147392291,68.47637188208616,68.64637188208616,170.0,170.0,22.28577632763878,22.24322815073595,1.3458251953125
C_open,74,decay,59.8453514739229,59.92160544217687,68.59637188208616,68.71637188208616,76.2358276643991,120.02267573696145,9.993968255771852,15.70406917458255,2.691650390625
C_open,75,attack,62.354285714285716,62.42928571428572,68.74557823129251,68.82057823129252,74.98866213151928,74.98866213151928,9.83399942382906,9.810579508459037,2.691650390625
C_open,75,stabilization,62.42928571428572,62.50928571428572,68.82057823129252,68.90057823129251,80.0,80.0,10.491185354481077,10.466200334394763,2.691650390625
C_open,75,body,62.50928571428572,62.674285714285716,68.90057823129251,69.0655782312925,165.01133786848072,164.98866213151928,21.63955663961417,21.585054884653147,1.3458251953125
C_open,75,sustain,62.674285714285716,62.84428571428572,69.0655782312925,69.23557823129251,170.0,170.0,22.293768878272285,22.240675710588874,1.3458251953125
C_open,75,decay,62.794285714285714,62.91428571428572,69.18557823129251,69.30557823129251,120.0,120.02267573696145,15.736778031721615,15.702267111664254,1.3458251953125
C_open,76,attack,62.97832199546485,63.053321995464856,69.35510204081632,69.43010204081632,74.98866213151928,75.01133786848072,9.832820143155553,9.814040001688165,2.691650390625
C_open,76,stabilization,63.053321995464856,63.133321995464854,69.43010204081632,69.51010204081632,80.0,80.0,10.489927264908616,10.466727063469117,2.691650390625
C_open,76,body,63.133321995464854,63.29832199546485,69.51010204081632,69.67510204081631,165.01133786848072,164.98866213151928,21.636961651570292,21.58614118871919,1.3458251953125
C_open,76,sustain,63.29832199546485,63.468321995464855,69.67510204081631,69.84510204081631,170.0,170.0,22.291095437930807,22.241795009871876,1.3458251953125
C_open,76,decay,63.41832199546485,63.51489342403628,69.79510204081632,69.89457596371882,96.55328798185941,99.47845804988661,12.660462101468504,13.01517336378657,1.3458251953125
C_open,77,attack,64.1277097505669,64.2027097505669,69.90657596371882,69.98157596371883,74.98866213151928,74.98866213151928,9.830605197568637,9.813849523767532,2.691650390625
C_open,77,stabilization,64.2027097505669,64.2827097505669,69.98157596371883,70.06157596371882,80.0,80.0,10.487564299069293,10.469688878092485,2.691650390625
C_open,77,body,64.2827097505669,64.44770975056689,70.06157596371882,70.22657596371882,164.98866213151928,164.98866213151928,21.62911503402159,21.592249511621578,1.3458251953125
C_open,77,sustain,64.44770975056689,64.61770975056689,70.22657596371882,70.39657596371882,170.02267573696145,170.02267573696145,22.289046801139897,22.251056464834882,1.3458251953125
C_open,77,decay,64.56770975056689,64.6877097505669,70.34657596371882,70.46657596371882,120.0,120.0,15.731346448603938,15.704533317138731,1.3458251953125
B_12,0,attack,2.2233106575963717,2.298310657596372,4.83265306122449,4.90765306122449,75.01133786848072,74.98866213151928,4.5875114238580705,4.630998947080963,2.691650390625
B_12,0,stabilization,2.298310657596372,2.3783106575963715,4.90765306122449,4.98765306122449,80.0,80.0,4.89260589581961,4.940479070245431,2.691650390625
B_12,0,body,2.3783106575963715,2.5433106575963715,4.98765306122449,5.15265306122449,164.98866213151928,165.01133786848072,10.09030626360076,10.190438263655327,1.3458251953125
B_12,0,sustain,2.5433106575963715,2.713310657596372,5.15265306122449,5.32265306122449,170.02267573696145,170.0,10.398174321671043,10.498518024271538,1.3458251953125
B_12,0,decay,2.6633106575963716,2.7833106575963718,5.27265306122449,5.39265306122449,120.02267573696145,120.0,7.340295636783787,7.410718605368145,1.3458251953125
B_12,1,attack,2.82702947845805,2.9020294784580503,5.450884353741497,5.525884353741497,74.98866213151928,74.98866213151928,4.592739308638381,4.62491114042675,2.691650390625
B_12,1,stabilization,2.9020294784580503,2.98202947845805,5.525884353741497,5.605884353741497,80.0,80.0,4.899662618952588,4.933984428008944,2.691650390625
B_12,1,body,2.98202947845805,3.14702947845805,5.605884353741497,5.770884353741497,165.01133786848072,165.01133786848072,10.106248548219384,10.177042143600081,1.3458251953125
B_12,1,sustain,3.14702947845805,3.31702947845805,5.770884353741497,5.940884353741497,170.0,170.0,10.41178306527425,10.484716909519005,1.3458251953125
B_12,1,decay,3.26702947845805,3.38702947845805,5.890884353741497,6.010884353741497,120.0,120.0,7.349493928428882,7.400976642013415,1.3458251953125
B_12,2,attack,3.422040816326531,3.497040816326531,6.031383219954648,6.106383219954648,74.98866213151928,74.98866213151928,4.591495144143028,4.628365864526489,2.691650390625
B_12,2,stabilization,3.497040816326531,3.5770408163265306,6.106383219954648,6.1863832199546485,80.0,80.0,4.898335309506079,4.9376700242060645,2.691650390625
B_12,2,body,3.5770408163265306,3.7420408163265306,6.1863832199546485,6.3513832199546485,165.01133786848072,165.01133786848072,10.103510784375208,10.184644208091704,1.3458251953125
B_12,2,sustain,3.7420408163265306,3.912040816326531,6.3513832199546485,6.521383219954648,170.0,170.0,10.408962532700418,10.492548801437888,1.3458251953125
B_12,2,decay,3.8620408163265307,3.982040816326531,6.471383219954649,6.591383219954649,120.0,120.0,7.347502964259118,7.406505036309097,1.3458251953125
B_12,3,attack,4.0141496598639455,4.089149659863946,6.635102040816326,6.710102040816326,74.98866213151928,74.98866213151928,4.597126561211628,4.62288869400262,2.691650390625
B_12,3,stabilization,4.089149659863946,4.169149659863946,6.710102040816326,6.790102040816326,80.0,80.0,4.904343062580775,4.931826825655049,2.691650390625
B_12,3,body,4.169149659863946,4.334149659863946,6.790102040816326,6.955102040816326,165.01133786848072,165.01133786848072,10.115902626530696,10.172591782962526,1.3458251953125
B_12,3,sustain,4.334149659863946,4.504149659863946,6.955102040816326,7.125102040816326,170.0,170.0,10.421729007984146,10.480132004516978,1.3458251953125
B_12,3,decay,4.454149659863946,4.574149659863945,7.0751020408163265,7.195102040816327,119.97732426303854,120.0,7.355124473955465,7.397740238482573,1.3458251953125
B_12,4,attack,4.594648526077098,4.669648526077098,7.227210884353742,7.302210884353742,74.98866213151928,74.98866213151928,4.596245931604439,4.624892891048361,2.691650390625
B_12,4,stabilization,4.669648526077098,4.749648526077098,7.302210884353742,7.382210884353742,80.0,80.0,4.903403582310389,4.933964959062177,2.691650390625
B_12,4,body,4.749648526077098,4.914648526077098,7.382210884353742,7.547210884353742,165.01133786848072,165.01133786848072,10.11396481532673,10.177001986138169,1.3458251953125
B_12,4,sustain,4.914648526077098,5.084648526077098,7.547210884353742,7.717210884353742,170.0,170.0,10.419732612409579,10.484675538007126,1.3458251953125
B_12,4,decay,5.034648526077098,5.154648526077098,7.667210884353742,7.787210884353742,120.0,120.0,7.355105373465586,7.400947438593266,1.3458251953125
B_12,5,attack,5.1722448979591835,5.247244897959184,8.434648526077098,8.509648526077097,74.98866213151928,74.98866213151928,4.593010490867466,4.620892343605396,2.691650390625
B_12,5,stabilization,5.247244897959184,5.327244897959184,8.509648526077097,8.589648526077097,80.0,80.0,4.899951923731606,4.929697063271799,2.691650390625
B_12,5,body,5.327244897959184,5.492244897959184,8.589648526077097,8.754648526077098,165.01133786848072,165.01133786848072,10.10684528032735,10.16819884621,1.3458251953125
B_12,5,sustain,5.492244897959184,5.662244897959184,8.754648526077098,8.924648526077098,170.0,170.0,10.412397837929662,10.475606259452572,1.3458251953125
B_12,5,decay,5.612244897959184,5.732244897959184,8.874648526077097,8.994648526077098,120.0,120.0,7.34992788559741,7.394545594907698,1.3458251953125
B_12,6,attack,5.773061224489796,5.848061224489796,9.630476190476191,9.70547619047619,74.98866213151928,74.98866213151928,4.593750256422805,4.627526134420869,2.691650390625
B_12,6,stabilization,5.848061224489796,5.928061224489796,9.70547619047619,9.78547619047619,80.0,80.0,4.900741126295632,4.936774176666715,2.691650390625
B_12,6,body,5.928061224489796,6.093061224489796,9.78547619047619,9.950476190476191,165.01133786848072,165.01133786848072,10.108473122464092,10.182796395579274,1.3458251953125
B_12,6,sustain,6.093061224489796,6.263061224489796,9.950476190476191,10.120476190476191,170.0,170.0,10.414074893378217,10.490645125416767,1.3458251953125
B_12,6,decay,6.213061224489796,6.333061224489796,10.07047619047619,10.190476190476192,120.0,120.0,7.3511116894434485,7.405161265000072,1.3458251953125
B_12,7,attack,6.373877551020408,6.448877551020408,10.823401360544217,10.898401360544216,74.98866213151928,74.98866213151928,4.595647458047273,4.6260461197912885,2.691650390625
B_12,7,stabilization,6.448877551020408,6.5288775510204085,10.898401360544216,10.978401360544217,80.0,80.0,4.902765113997816,4.935195255707187,2.691650390625
B_12,7,body,6.5288775510204085,6.6938775510204085,10.978401360544217,11.143401360544217,165.01133786848072,165.01133786848072,10.112647883946176,10.179539647330273,1.3458251953125
B_12,7,sustain,6.6938775510204085,6.863877551020408,11.143401360544217,11.313401360544217,170.0,170.0,10.41837586724536,10.487289918377773,1.3458251953125
B_12,7,decay,6.813877551020409,6.933877551020409,11.263401360544217,11.383401360544218,120.0,120.02267573696145,7.354147670996724,7.404191748429179,1.3458251953125
B_12,8,attack,7.003718820861678,7.0787188208616785,11.43873015873016,11.513730158730159,74.98866213151928,74.98866213151928,4.593184984533406,4.628445363375683,2.691650390625
B_12,8,stabilization,7.0787188208616785,7.1587188208616785,11.513730158730159,11.593730158730159,80.0,80.0,4.900138078449911,4.93775483579964,2.691650390625
B_12,8,body,7.1587188208616785,7.323718820861679,11.593730158730159,11.75873015873016,165.01133786848072,165.01133786848072,10.107229250816328,10.184819144023237,1.3458251953125
B_12,8,sustain,7.323718820861679,7.4937188208616785,11.75873015873016,11.92873015873016,170.0,170.0,10.41279341670606,10.492729026074237,1.3458251953125
B_12,8,decay,7.443718820861679,7.563718820861679,11.878730158730159,11.99873015873016,120.0,120.0,7.350207117674867,7.406632253699461,1.3458251953125
B_12,9,attack,7.63936507936508,7.71436507936508,12.033741496598639,12.108741496598638,74.98866213151928,74.98866213151928,4.597146616962171,4.631456476406496,2.691650390625
B_12,9,stabilization,7.71436507936508,7.79436507936508,12.108741496598638,12.188741496598638,80.0,80.0,4.904364458615826,4.940967175313613,2.691650390625
B_12,9,body,7.79436507936508,7.95936507936508,12.188741496598638,12.353741496598639,165.01133786848072,165.01133786848072,10.11594675888531,10.191445049534343,1.3458251953125
B_12,9,sustain,7.95936507936508,8.12936507936508,12.353741496598639,12.523741496598639,170.0,170.0,10.421774474558632,10.499555247541426,1.3458251953125
B_12,9,decay,8.079365079365079,8.181741496598638,12.473741496598638,12.59374149659864,102.35827664399093,120.0,6.275028675224445,7.41145076297042,1.3458251953125
B_12,10,attack,8.193741496598639,8.268741496598638,13.226666666666667,13.301666666666666,74.98866213151928,74.98866213151928,4.596203251301224,4.626033134664006,2.691650390625
B_12,10,stabilization,8.268741496598638,8.348741496598638,13.301666666666666,13.381666666666666,80.0,80.0,4.903358049770402,4.935181402810588,2.691650390625
B_12,10,body,8.348741496598638,8.513741496598639,13.381666666666666,13.546666666666667,165.01133786848072,165.01133786848072,10.113870898009981,10.179511073767756,1.3458251953125
B_12,10,sustain,8.513741496598639,8.683741496598639,13.546666666666667,13.716666666666667,170.0,170.0,10.419635855762104,10.487260480972498,1.3458251953125
B_12,10,decay,8.633741496598638,8.75374149659864,13.666666666666666,13.786666666666667,120.02267573696145,120.0,7.3564269153726585,7.402772104215881,1.3458251953125
B_12,11,attack,8.777142857142858,8.852142857142857,13.827482993197279,13.902482993197278,74.98866213151928,74.98866213151928,4.597494445766319,4.624772202277494,2.691650390625
B_12,11,stabilization,8.852142857142857,8.932142857142857,13.902482993197278,13.982482993197278,80.0,80.0,4.904735532102683,4.933836204909283,2.691650390625
B_12,11,body,8.932142857142857,9.097142857142858,13.982482993197278,14.14748299319728,165.01133786848072,165.01133786848072,10.11671215054173,10.176736412450355,1.3458251953125
B_12,11,sustain,9.097142857142858,9.267142857142858,14.14748299319728,14.31748299319728,170.0,170.0,10.422563005718201,10.484401935432226,1.3458251953125
B_12,11,decay,9.217142857142857,9.337142857142858,14.267482993197278,14.38748299319728,120.0,120.0,7.3571032981540245,7.400754307363925,1.3458251953125
B_12,12,attack,9.36344671201814,9.43844671201814,14.431201814058957,14.506201814058956,74.98866213151928,74.98866213151928,4.5945572650133455,4.622155005066591,2.691650390625
B_12,12,stabilization,9.43844671201814,9.51844671201814,14.506201814058956,14.586201814058956,80.0,80.0,4.901602065608431,4.931044105798286,2.691650390625
B_12,12,body,9.51844671201814,9.68344671201814,14.586201814058956,14.751201814058957,165.01133786848072,165.01133786848072,10.110248931811949,10.170977312328267,1.3458251953125
B_12,12,sustain,9.68344671201814,9.85344671201814,14.751201814058957,14.921201814058957,170.0,170.0,10.415904389417916,10.478468724821358,1.3458251953125
B_12,12,decay,9.80344671201814,9.92344671201814,14.871201814058956,14.991201814058957,120.02267573696145,120.0,7.353792441401764,7.396566158697429,1.3458251953125
B_12,13,attack,9.99328798185941,10.06828798185941,15.043628117913832,15.11862811791383,74.98866213151928,74.98866213151928,4.599838915102952,4.626664609666476,2.691650390625
B_12,13,stabilization,10.06828798185941,10.14828798185941,15.11862811791383,15.198628117913831,80.0,80.0,4.907236677497193,4.935855077987097,2.691650390625
B_12,13,body,10.14828798185941,10.31328798185941,15.198628117913831,15.363628117913832,165.01133786848072,165.01133786848072,10.121871117388624,10.180900624294813,1.3458251953125
B_12,13,sustain,10.31328798185941,10.48328798185941,15.363628117913832,15.533628117913832,170.0,170.0,10.427877939681533,10.488692040722581,1.3458251953125
B_12,13,decay,10.43328798185941,10.55328798185941,15.483628117913831,15.603628117913832,120.02267573696145,120.0,7.362245956347119,7.403782616980645,1.3458251953125
B_12,14,attack,10.614421768707484,10.689421768707483,15.653151927437642,15.728151927437642,74.98866213151928,74.98866213151928,4.595814084878606,4.622949617572108,2.691650390625
B_12,14,stabilization,10.689421768707483,10.769421768707483,15.728151927437642,15.808151927437642,80.0,80.0,4.902942876157159,4.931891820621228,2.691650390625
B_12,14,body,10.769421768707483,10.934421768707484,15.808151927437642,15.973151927437643,165.01133786848072,165.01133786848072,10.11301454359287,10.172725844291573,1.3458251953125
B_12,14,sustain,10.934421768707484,11.104421768707484,15.973151927437643,16.143151927437643,170.0,170.0,10.418753611833962,10.480270118820108,1.3458251953125
B_12,14,decay,11.054421768707483,11.174421768707484,16.093151927437642,16.204235827664398,120.0,111.06575963718821,7.354414314235738,6.8470538938216485,1.3458251953125
B_12,15,attack,11.23265306122449,11.307653061224489,16.2162358276644,16.291235827664398,74.98866213151928,74.98866213151928,4.601067220751497,4.624438480515912,2.691650390625
B_12,15,stabilization,11.307653061224489,11.387653061224489,16.291235827664398,16.3712358276644,80.0,80.0,4.908547068282818,4.933480181209598,2.691650390625
B_12,15,body,11.387653061224489,11.55265306122449,16.3712358276644,16.5362358276644,165.01133786848072,165.01133786848072,10.124573984096957,10.17600206311288,1.3458251953125
B_12,15,sustain,11.55265306122449,11.72265306122449,16.5362358276644,16.706235827664397,170.0,169.97732426303855,10.430662520100988,10.482247006334225,1.3458251953125
B_12,15,decay,11.672653061224489,11.79265306122449,16.6562358276644,16.776235827664397,120.02267573696145,119.97732426303854,7.364211913951518,7.398821893078226,1.3458251953125
B_12,16,attack,11.847981859410432,11.92298185941043,16.808344671201812,16.88334467120181,74.98866213151928,75.01133786848072,4.594785800832595,4.623982693022745,2.691650390625
B_12,16,stabilization,11.92298185941043,12.002981859410431,16.88334467120181,16.963344671201813,80.0,80.0,4.901845874005865,4.931502702836832,2.691650390625
B_12,16,body,12.002981859410431,12.167981859410432,16.963344671201813,17.128344671201813,165.01133786848072,164.98866213151928,10.110751821185,10.170525415487754,1.3458251953125
B_12,16,sustain,12.167981859410432,12.337981859410432,17.128344671201813,17.29834467120181,170.0,170.0,10.416422482262462,10.47944324352827,1.3458251953125
B_12,16,decay,12.287981859410431,12.407981859410432,17.248344671201814,17.36834467120181,120.0,119.97732426303854,7.352768811008798,7.395856236028822,1.3458251953125
B_12,17,attack,12.434285714285714,12.509285714285713,17.426575963718822,17.50157596371882,74.98866213151928,74.98866213151928,4.594880573290041,4.621864655384117,2.691650390625
B_12,17,stabilization,12.509285714285713,12.589285714285714,17.50157596371882,17.581575963718823,80.0,80.0,4.9019469799114805,4.93073435264444,2.691650390625
B_12,17,body,12.589285714285714,12.754285714285714,17.581575963718823,17.746575963718822,165.01133786848072,165.01133786848072,10.1109603664444,10.170338402549204,1.3458251953125
B_12,17,sustain,12.754285714285714,12.924285714285714,17.746575963718822,17.91657596371882,170.0,170.0,10.416637332311895,10.477810499369436,1.3458251953125
B_12,17,decay,12.874285714285714,12.994285714285715,17.866575963718823,17.98657596371882,120.0,120.0,7.35292046986722,7.3961015289666605,1.3458251953125
B_12,18,attack,13.020589569160999,13.095589569160998,18.01578231292517,18.09078231292517,74.98866213151928,74.98866213151928,4.595163444925325,4.621957098580446,2.691650390625
B_12,18,stabilization,13.095589569160998,13.175589569160998,18.09078231292517,18.170782312925173,80.0,80.0,4.902248755275642,4.930832973629214,2.691650390625
B_12,18,body,13.175589569160998,13.340589569160999,18.170782312925173,18.335782312925172,165.01133786848072,165.01133786848072,10.1115828209016,10.170541822307198,1.3458251953125
B_12,18,sustain,13.340589569160999,13.510589569160999,18.335782312925172,18.50578231292517,170.0,170.0,10.417278604960739,10.478020068962081,1.3458251953125
B_12,18,decay,13.460589569160998,13.580589569160999,18.455782312925173,18.57578231292517,120.0,120.0,7.353373132913463,7.396249460443822,1.3458251953125
B_12,19,attack,13.603990929705216,13.678990929705215,18.63111111111111,18.70611111111111,74.98866213151928,74.98866213151928,4.593598830696328,4.623042855332292,2.691650390625
B_12,19,stabilization,13.678990929705215,13.758990929705215,18.70611111111111,18.78611111111111,80.0,80.0,4.900579581099681,4.931991289268922,2.691650390625
B_12,19,body,13.758990929705215,13.923990929705216,18.78611111111111,18.95111111111111,165.01133786848072,165.01133786848072,10.108139912602715,10.172931012474475,1.3458251953125
B_12,19,sustain,13.923990929705216,14.093990929705216,18.95111111111111,19.12111111111111,170.0,169.97732426303855,10.413731609836821,10.479083532981814,1.3458251953125
B_12,19,decay,14.043990929705215,14.146367346938774,19.07111111111111,19.19111111111111,102.35827664399093,119.97732426303854,6.2701860059761785,7.396588977188738,1.3458251953125
B_12,20,attack,14.158367346938775,14.233367346938774,19.22031746031746,19.29531746031746,74.98866213151928,74.98866213151928,4.594193274388106,4.620654174139509,2.691650390625
B_12,20,stabilization,14.233367346938774,14.313367346938774,19.29531746031746,19.37531746031746,80.0,80.0,4.901213750239261,4.929442977430961,2.691650390625
B_12,20,body,14.313367346938774,14.478367346938775,19.37531746031746,19.54031746031746,165.01133786848072,165.01133786848072,10.109447976329678,10.167674758153375,1.3458251953125
B_12,20,sustain,14.478367346938775,14.648367346938775,19.54031746031746,19.71031746031746,170.0,169.97732426303855,10.41507921925843,10.473669092636758,1.3458251953125
B_12,20,decay,14.598367346938774,14.718367346938775,19.66031746031746,19.78031746031746,120.0,119.97732426303854,7.351820625358893,7.392767231742408,1.3458251953125
B_12,21,attack,14.834648526077098,14.909648526077097,19.835646258503402,19.9106462585034,74.98866213151928,74.98866213151928,4.592062331212334,4.625650141903486,2.691650390625
B_12,21,stabilization,14.909648526077097,14.989648526077097,19.9106462585034,19.990646258503403,80.0,80.0,4.898940400519237,4.9347728154325665,2.691650390625
B_12,21,body,14.989648526077097,15.154648526077098,19.990646258503403,20.155646258503403,165.01133786848072,165.01133786848072,10.104758870345377,10.178668304394213,1.3458251953125
B_12,21,sustain,15.154648526077098,15.324648526077098,20.155646258503403,20.3256462585034,170.0,170.0,10.410248351103379,10.486392232794204,1.3458251953125
B_12,21,decay,15.274648526077097,15.394648526077098,20.275646258503404,20.3956462585034,120.0,120.0,7.348410600778855,7.40215922314885,1.3458251953125
B_12,22,attack,15.409342403628118,15.484342403628117,20.427755102040816,20.502755102040815,74.98866213151928,74.98866213151928,4.586981649819153,4.623638245559268,2.691650390625
B_12,22,stabilization,15.484342403628117,15.564342403628117,20.502755102040815,20.582755102040817,80.0,80.0,4.893520187651034,4.932626468198698,2.691650390625
B_12,22,body,15.564342403628117,15.729342403628118,20.582755102040817,20.747755102040816,165.01133786848072,165.01133786848072,10.09357891313395,10.174241159036828,1.3458251953125
B_12,22,sustain,15.729342403628118,15.899342403628118,20.747755102040816,20.917755102040815,170.0,169.97732426303855,10.398730398758447,10.48043310816821,1.3458251953125
B_12,22,decay,15.849342403628118,15.969342403628119,20.867755102040817,20.987755102040815,120.0,119.97732426303854,7.340280281476552,7.3975415655440235,1.3458251953125
B_12,23,attack,16.018866213151927,16.093866213151927,21.008253968253968,21.083253968253967,74.98866213151928,74.98866213151928,4.588681986114591,4.623042406588516,2.691650390625
B_12,23,stabilization,16.093866213151927,16.17386621315193,21.083253968253967,21.16325396825397,80.0,80.0,4.895334153919649,4.931990810536523,2.691650390625
B_12,23,body,16.17386621315193,16.338866213151928,21.16325396825397,21.328253968253968,165.01133786848072,165.01133786848072,10.097320475644354,10.172930025021055,1.3458251953125
B_12,23,sustain,16.338866213151928,16.508866213151926,21.328253968253968,21.498253968253966,169.97732426303855,169.97732426303855,10.401197510709094,10.479082515811161,1.3458251953125
B_12,23,decay,16.45886621315193,16.555437641723355,21.44825396825397,21.568253968253966,96.55328798185941,119.97732426303854,5.908257604135449,7.396588259225834,1.3458251953125
B_12,24,attack,16.567437641723355,16.642437641723355,21.60326530612245,21.678265306122448,74.98866213151928,74.98866213151928,4.5893647809114775,4.629250387555359,2.691650390625
B_12,24,stabilization,16.642437641723355,16.722437641723356,21.678265306122448,21.75826530612245,80.0,80.0,4.896062578486753,4.938613658087483,2.691650390625
B_12,24,body,16.722437641723356,16.887437641723356,21.75826530612245,21.92326530612245,165.01133786848072,165.01133786848072,10.098822954548783,10.18659058670709,1.3458251953125
B_12,24,sustain,16.887437641723356,17.057437641723354,21.92326530612245,22.093265306122447,169.97732426303855,169.97732426303855,10.402745206444644,10.49315418963259,1.3458251953125
B_12,24,decay,17.007437641723357,17.127437641723354,22.04326530612245,22.163265306122447,119.97732426303854,119.97732426303854,7.342706094890423,7.406520653327911,1.3458251953125
B_12,25,attack,17.20018140589569,17.27518140589569,22.842630385487528,22.917630385487527,74.98866213151928,74.98866213151928,4.591398486261257,4.629970378440963,2.691650390625
B_12,25,stabilization,17.27518140589569,17.355181405895692,22.917630385487527,22.99763038548753,80.0,80.0,4.8982321921771135,4.939381764481318,2.691650390625
B_12,25,body,17.355181405895692,17.52018140589569,22.99763038548753,23.162630385487528,165.01133786848072,165.01133786848072,10.103298090270085,10.18817491500299,1.3458251953125
B_12,25,sustain,17.52018140589569,17.69018140589569,23.162630385487528,23.332630385487526,169.97732426303855,169.97732426303855,10.407355020566794,10.494786198002256,1.3458251953125
B_12,25,decay,17.640181405895692,17.748362811791385,23.28263038548753,23.402630385487527,108.16326530612245,119.97732426303854,6.622609851668036,7.407672595201433,1.3458251953125
B_12,26,attack,18.37859410430839,18.45359410430839,23.42893424036281,23.50393424036281,74.98866213151928,75.01133786848072,4.593363693732658,4.624103766260239,2.691650390625
B_12,26,stabilization,18.45359410430839,18.533594104308392,23.50393424036281,23.58393424036281,80.0,80.0,4.900328730416939,4.931631828103423,2.691650390625
B_12,26,body,18.533594104308392,18.69859410430839,23.58393424036281,23.74893424036281,165.01133786848072,165.01133786848072,10.10762249751816,10.17218957287659,1.3458251953125
B_12,26,sustain,18.69859410430839,18.86859410430839,23.74893424036281,23.91893424036281,170.0,169.97732426303855,10.413198552135995,10.478319779893214,1.3458251953125
B_12,26,decay,18.818594104308392,18.93859410430839,23.86893424036281,23.98893424036281,120.0,120.0,7.350493095625409,7.3974477421551335,1.3458251953125
B_12,27,attack,18.970702947845805,19.045702947845804,24.03265306122449,24.10765306122449,74.98866213151928,74.98866213151928,4.592068188765194,4.621662254639983,2.691650390625
B_12,27,stabilization,19.045702947845804,19.125702947845806,24.10765306122449,24.18765306122449,80.0,80.0,4.898946649520291,4.930518425875373,2.691650390625
B_12,27,body,19.125702947845806,19.290702947845805,24.18765306122449,24.35265306122449,165.01133786848072,165.01133786848072,10.104771759795682,10.169893022986136,1.3458251953125
B_12,27,sustain,19.290702947845805,19.460702947845803,24.35265306122449,24.52265306122449,169.97732426303855,170.0,10.408873039910462,10.477351654985169,1.3458251953125
B_12,27,decay,19.410702947845806,19.530702947845803,24.47265306122449,24.59265306122449,119.97732426303854,120.0,7.347031383960279,7.39577763881306,1.3458251953125
B_12,28,attack,19.606349206349208,19.681349206349207,24.645079365079365,24.720079365079364,74.98866213151928,74.98866213151928,4.592217165204701,4.625987433316659,2.691650390625
B_12,28,stabilization,19.681349206349207,19.76134920634921,24.720079365079364,24.800079365079366,80.0,80.0,4.8991055817484686,4.935132647336309,2.691650390625
B_12,28,body,19.76134920634921,19.926349206349208,24.800079365079366,24.965079365079365,165.01133786848072,165.01133786848072,10.105099580040704,10.17941050869227,1.3458251953125
B_12,28,sustain,19.926349206349208,20.096349206349206,24.965079365079365,25.135079365079363,170.0,170.0,10.410599361215496,10.487156875589658,1.3458251953125
B_12,28,decay,20.04634920634921,20.166349206349206,25.085079365079366,25.205079365079364,120.0,120.0,7.348658372622704,7.4026989710044635,1.3458251953125
B_12,29,attack,20.227482993197277,20.302482993197277,25.234285714285715,25.309285714285714,75.01133786848072,74.98866213151928,4.595223644439591,4.621253065126808,2.691650390625
B_12,29,stabilization,20.302482993197277,20.38248299319728,25.309285714285714,25.389285714285716,80.0,80.0,4.900831021034728,4.930081891069665,2.691650390625
B_12,29,body,20.38248299319728,20.547482993197278,25.389285714285716,25.554285714285715,165.01133786848072,165.01133786848072,10.10865854310366,10.168992608082185,1.3458251953125
B_12,29,sustain,20.547482993197278,20.717482993197276,25.554285714285715,25.724285714285713,169.97732426303855,170.0,10.412876795259727,10.476424018523037,1.3458251953125
B_12,29,decay,20.66748299319728,20.758249433106574,25.674285714285716,25.794285714285714,90.74829931972789,120.0,5.559276005153339,7.3951228366044965,2.691650390625
B_12,30,attack,20.770249433106574,20.845249433106574,25.829297052154196,25.904297052154195,75.01133786848072,74.98866213151928,4.594218258112847,4.621777068068179,2.691650390625
B_12,30,stabilization,20.845249433106574,20.925249433106575,25.904297052154195,25.984297052154197,80.0,80.0,4.899758771046591,4.930640912048544,2.691650390625
B_12,30,body,20.925249433106575,21.090249433106575,25.984297052154197,26.149297052154196,164.98866213151928,165.01133786848072,10.105058055026928,10.170145668077454,1.3458251953125
B_12,30,sustain,21.090249433106575,21.260249433106573,26.149297052154196,26.319297052154194,170.0,170.0,10.411987388474007,10.477611938103157,1.3458251953125
B_12,30,decay,21.210249433106576,21.330249433106573,26.269297052154197,26.389297052154195,119.97732426303854,120.0,7.348249336056552,7.3959613680728165,1.3458251953125
B_12,31,attack,21.379773242630385,21.454773242630385,26.447528344671202,26.5225283446712,74.98866213151928,74.98866213151928,4.591896404637627,4.620925738619869,2.691650390625
B_12,31,stabilization,21.454773242630385,21.534773242630386,26.5225283446712,26.602528344671203,80.0,80.0,4.898763385413229,4.929732690006319,2.691650390625
B_12,31,body,21.534773242630386,21.699773242630386,26.602528344671203,26.767528344671202,165.01133786848072,165.01133786848072,10.10439375160206,10.16827233139909,1.3458251953125
B_12,31,sustain,21.699773242630386,21.869773242630384,26.767528344671202,26.9375283446712,169.97732426303855,170.0,10.408483655628562,10.475681966263428,1.3458251953125
B_12,31,decay,21.819773242630387,21.939773242630384,26.887528344671203,27.001514739229023,119.97732426303854,113.96825396825398,7.346756539745293,7.0229128401280505,1.3458251953125
B_12,32,attack,21.99219954648526,22.06719954648526,27.013514739229024,27.088514739229023,74.98866213151928,74.98866213151928,4.593438184242205,4.630584067294191,2.691650390625
B_12,32,stabilization,22.06719954648526,22.14719954648526,27.088514739229023,27.168514739229025,80.0,80.0,4.900408198973843,4.940036464896858,2.691650390625
B_12,32,body,22.14719954648526,22.31219954648526,27.168514739229025,27.333514739229024,165.01133786848072,165.01133786848072,10.107786412679324,10.189525327396382,1.3458251953125
B_12,32,sustain,22.31219954648526,22.48219954648526,27.333514739229024,27.503514739229022,169.97732426303855,169.97732426303855,10.41197841822787,10.496177250812599,1.3458251953125
B_12,32,decay,22.43219954648526,22.55219954648526,27.453514739229025,27.573514739229022,119.97732426303854,119.97732426303854,7.349223293869219,7.408654460252062,1.3458251953125
B_12,33,attack,23.202539682539683,23.277539682539683,27.64625850340136,27.72125850340136,74.98866213151928,74.98866213151928,4.595077383724175,4.622093362752161,2.691650390625
B_12,33,stabilization,23.277539682539683,23.357539682539684,27.72125850340136,27.80125850340136,80.0,80.0,4.902156942781642,4.930978344054922,2.691650390625
B_12,33,body,23.357539682539684,23.522539682539684,27.80125850340136,27.96625850340136,165.01133786848072,165.01133786848072,10.11139344462075,10.170841669412603,1.3458251953125
B_12,33,sustain,23.522539682539684,23.69253968253968,27.96625850340136,28.136258503401358,170.0,169.97732426303855,10.417083503410987,10.476931311518054,1.3458251953125
B_12,33,decay,23.642539682539685,23.730403628117912,28.08625850340136,28.206258503401358,87.84580498866214,120.0,5.382924035242653,7.3964675160823825,2.691650390625
B_12,34,attack,24.38675736961451,24.46175736961451,28.226757369614514,28.301757369614513,74.98866213151928,74.98866213151928,4.595524022111275,4.625190039594622,2.691650390625
B_12,34,stabilization,24.46175736961451,24.541757369614512,28.301757369614513,28.381757369614515,80.0,80.0,4.902633429092403,4.934281965433875,2.691650390625
B_12,34,body,24.541757369614512,24.70675736961451,28.381757369614515,28.546757369614514,165.01133786848072,165.01133786848072,10.112376265165935,10.177655856707004,1.3458251953125
B_12,34,sustain,24.70675736961451,24.87675736961451,28.546757369614514,28.716757369614513,169.97732426303855,170.0,10.416706401495649,10.485349176546984,1.3458251953125
B_12,34,decay,24.826757369614512,24.94675736961451,28.666757369614515,28.786757369614513,119.97732426303854,120.0,7.352560508312898,7.401422948150812,1.3458251953125
B_12,35,attack,25.013696145124715,25.088696145124715,28.83918367346939,28.91418367346939,74.98866213151928,74.98866213151928,4.595244630922124,4.6252053013494026,2.691650390625
B_12,35,stabilization,25.088696145124715,25.168696145124716,28.91418367346939,28.99418367346939,80.0,80.0,4.902335366765424,4.9342982471003,2.691650390625
B_12,35,body,25.168696145124716,25.333696145124716,28.99418367346939,29.15918367346939,165.01133786848072,165.01133786848072,10.111761469374146,10.177689439951497,1.3458251953125
B_12,35,sustain,25.333696145124716,25.503696145124714,29.15918367346939,29.329183673469387,169.97732426303855,170.0,10.416073103535606,10.485383775088136,1.3458251953125
B_12,35,decay,25.453696145124717,25.573696145124714,29.27918367346939,29.399183673469388,120.0,120.0,7.353503050148135,7.40144737065045,1.3458251953125
B_12,36,attack,25.597097505668934,25.672097505668933,30.011791383219954,30.086791383219953,74.98866213151928,74.98866213151928,4.595852923900135,4.6219005061839455,2.691650390625
B_12,36,stabilization,25.672097505668933,25.752097505668935,30.086791383219953,30.166791383219955,80.0,80.0,4.902984310710516,4.930772599279395,2.691650390625
B_12,36,body,25.752097505668935,25.917097505668934,30.166791383219955,30.331791383219954,165.01133786848072,165.01133786848072,10.113100008231413,10.170417291654237,1.3458251953125
B_12,36,sustain,25.917097505668934,26.087097505668932,30.331791383219954,30.501791383219953,170.0,170.0,10.418841660259847,10.477891773468714,1.3458251953125
B_12,36,decay,26.037097505668935,26.145278911564624,30.451791383219955,30.571791383219953,108.16326530612245,120.0,6.629034909889217,7.396158898919092,1.3458251953125
B_12,37,attack,26.830657596371882,26.90565759637188,30.612607709750566,30.687607709750566,74.98866213151928,74.98866213151928,4.599583400572927,4.621292477430406,2.691650390625
B_12,37,stabilization,26.90565759637188,26.985657596371883,30.687607709750566,30.767607709750568,80.0,80.0,4.906964087457298,4.930123937216351,2.691650390625
B_12,37,body,26.985657596371883,27.150657596371882,30.767607709750568,30.932607709750567,165.01133786848072,165.01133786848072,10.121308861798967,10.169079334218646,1.3458251953125
B_12,37,sustain,27.150657596371882,27.32065759637188,30.932607709750567,31.102607709750565,170.0,170.0,10.42729868584676,10.476513366584745,1.3458251953125
B_12,37,decay,27.270657596371883,27.335301587301586,31.052607709750568,31.172607709750565,64.62585034013605,120.0,3.96395908425547,7.395185905824526,2.691650390625
B_12,38,attack,27.347301587301587,27.422301587301586,31.207619047619048,31.282619047619047,74.98866213151928,74.98866213151928,4.595813566049301,4.62347364114096,2.691650390625
B_12,38,stabilization,27.422301587301586,27.502301587301588,31.282619047619047,31.36261904761905,80.0,80.0,4.902942322655559,4.932450863606079,2.691650390625
B_12,38,body,27.502301587301588,27.667301587301587,31.36261904761905,31.527619047619048,165.01133786848072,165.01133786848072,10.113013401917375,10.17387894967728,1.3458251953125
B_12,38,sustain,27.667301587301587,27.837301587301585,31.527619047619048,31.697619047619046,170.0,170.0,10.418752435643063,10.481458085162918,1.3458251953125
B_12,38,decay,27.787301587301588,27.907301587301585,31.64761904761905,31.767619047619046,120.0,120.0,7.354413483983339,7.398676295409119,1.3458251953125
B_12,39,attack,27.97424036281179,28.04924036281179,31.82294784580499,31.89794784580499,74.98866213151928,74.98866213151928,4.598777293906336,4.621766467265865,2.691650390625
B_12,39,stabilization,28.04924036281179,28.129240362811792,31.89794784580499,31.97794784580499,80.0,80.0,4.906104110342169,4.930629602816441,2.691650390625
B_12,39,body,28.129240362811792,28.29424036281179,31.97794784580499,32.14294784580499,165.01133786848072,165.01133786848072,10.119535037120173,10.17012234118346,1.3458251953125
B_12,39,sustain,28.29424036281179,28.46424036281179,32.14294784580499,32.31294784580499,170.0,170.0,10.42547123447711,10.477587905984938,1.3458251953125
B_12,39,decay,28.414240362811793,28.53424036281179,32.26294784580499,32.38294784580499,120.0,120.0,7.359156165513254,7.395944404224662,1.3458251953125
B_12,40,attack,29.204897959183672,29.27989795918367,32.449886621315194,32.5248866213152,74.98866213151928,74.98866213151928,4.5979317768155035,4.623449432505161,2.691650390625
B_12,40,stabilization,29.27989795918367,29.359897959183673,32.5248866213152,32.604886621315195,80.0,80.0,4.905202089085303,4.932425037157003,2.691650390625
B_12,40,body,29.359897959183673,29.524897959183672,32.604886621315195,32.769886621315194,165.01133786848072,165.01133786848072,10.117674490440404,10.173825678965848,1.3458251953125
B_12,40,sustain,29.524897959183672,29.69489795918367,32.769886621315194,32.939886621315196,169.97732426303855,170.0,10.422164075902334,10.481403203958632,1.3458251953125
B_12,40,decay,29.644897959183673,29.75598185941043,32.88988662131519,33.0098866213152,111.06575963718821,120.0,6.809999952477272,7.3986375557355055,1.3458251953125
B_12,41,attack,30.400725623582765,30.475725623582765,33.628299319727894,33.7032993197279,74.98866213151928,74.98866213151928,4.600134787188355,4.623854557254851,2.691650390625
B_12,41,stabilization,30.475725623582765,30.555725623582767,33.7032993197279,33.783299319727895,80.0,80.0,4.907552322104783,4.932857235559454,2.691650390625
B_12,41,body,30.555725623582767,30.720725623582766,33.783299319727895,33.948299319727894,165.01133786848072,165.01133786848072,10.122522179125992,10.17471714942351,1.3458251953125
B_12,41,sustain,30.720725623582766,30.890725623582764,33.948299319727894,34.118299319727896,170.0,170.0,10.428548684472663,10.482321625563838,1.3458251953125
B_12,41,decay,30.840725623582767,30.931492063492062,34.06829931972789,34.188299319727896,90.74829931972789,120.0,5.566900338169881,7.3992858533391805,2.691650390625
B_12,42,attack,30.943492063492062,31.01849206349206,34.23201814058957,34.30701814058957,74.98866213151928,74.98866213151928,4.600020715873316,4.623354257771684,2.691650390625
B_12,42,stabilization,31.01849206349206,31.098492063492063,34.30701814058957,34.38701814058957,80.0,80.0,4.907430627638663,4.9323235020920775,2.691650390625
B_12,42,body,31.098492063492063,31.263492063492063,34.38701814058957,34.55201814058957,165.01133786848072,165.01133786848072,10.122271167042673,10.173616248504548,1.3458251953125
B_12,42,sustain,31.263492063492063,31.43349206349206,34.55201814058957,34.72201814058957,169.97732426303855,170.0,10.426899088656297,10.481187441945663,1.3458251953125
B_12,42,decay,31.383492063492064,31.50349206349206,34.672018140589564,34.783102040816324,120.0,111.08843537414965,7.361145941457994,6.84905125758194,1.3458251953125
B_12,43,attack,31.590748299319728,31.665748299319727,34.795102040816325,34.87010204081633,74.98866213151928,74.98866213151928,4.598695883874026,4.618969121682677,2.691650390625
B_12,43,stabilization,31.665748299319727,31.74574829931973,34.87010204081633,34.950102040816326,80.0,80.0,4.906017259845045,4.927645316388414,2.691650390625
B_12,43,body,31.74574829931973,31.910748299319728,34.950102040816326,35.115102040816325,165.01133786848072,165.01133786848072,10.119355895661108,10.163966827482565,1.3458251953125
B_12,43,sustain,31.910748299319728,32.08074829931973,35.115102040816325,35.28510204081633,170.0,170.0,10.425286677170721,10.47124629732538,1.3458251953125
B_12,43,decay,32.030748299319725,32.09248979591837,35.23510204081632,35.35510204081633,61.723356009070294,120.02267573696145,3.7851981239507406,7.392864699445543,2.691650390625
E_12,0,attack,2.4526077097505667,2.527607709750567,4.751383219954649,4.826383219954649,74.98866213151928,74.98866213151928,6.163511641275533,6.157188654955735,2.691650390625
E_12,0,stabilization,2.527607709750567,2.6076077097505665,4.826383219954649,4.906383219954649,80.0,80.0,6.575406431938338,6.568660893463512,2.691650390625
E_12,0,body,2.6076077097505665,2.7726077097505666,4.906383219954649,5.071383219954649,164.98866213151928,165.01133786848072,13.560843877206164,13.548794025434798,1.3458251953125
E_12,0,sustain,2.7726077097505666,2.9426077097505665,5.071383219954649,5.241383219954649,170.0,170.0,13.972738667868965,13.958404398609963,1.3458251953125
E_12,0,decay,2.8926077097505667,3.012607709750567,5.191383219954649,5.311383219954649,120.02267573696145,120.0,9.864973425240821,9.852991340195267,1.3458251953125
E_12,1,attack,3.0592290249433107,3.134229024943311,5.355102040816327,5.430102040816327,74.98866213151928,74.98866213151928,6.160996691386801,6.157781356686553,2.691650390625
E_12,1,stabilization,3.134229024943311,3.2142290249433105,5.430102040816327,5.510102040816327,80.0,80.0,6.572723413127497,6.569293204230468,2.691650390625
E_12,1,body,3.2142290249433105,3.3792290249433106,5.510102040816327,5.675102040816327,165.01133786848072,165.01133786848072,13.55717354799569,13.550098256004853,1.3458251953125
E_12,1,sustain,3.3792290249433106,3.549229024943311,5.675102040816327,5.845102040816327,170.0,170.0,13.967037252895933,13.959748058989748,1.3458251953125
E_12,1,decay,3.4992290249433107,3.619229024943311,5.795102040816327,5.915102040816327,120.0,120.0,9.859085119691247,9.853939806345704,1.3458251953125
E_12,2,attack,3.683265306122449,3.7582653061224494,5.970430839002268,6.045430839002268,74.98866213151928,74.98866213151928,6.16262482631346,6.162291722579709,2.691650390625
E_12,2,stabilization,3.7582653061224494,3.838265306122449,6.045430839002268,6.125430839002268,80.0,80.0,6.574460352958538,6.57410498858821,2.691650390625
E_12,2,body,3.838265306122449,4.003265306122449,6.125430839002268,6.290430839002268,165.01133786848072,165.01133786848072,13.560756232562154,13.560023243184922,1.3458251953125
E_12,2,sustain,4.003265306122449,4.173265306122449,6.290430839002268,6.460430839002268,170.0,170.0,13.970728250036894,13.969973100749947,1.3458251953125
E_12,2,decay,4.123265306122449,4.243265306122449,6.410430839002268,6.530430839002268,120.0,120.0,9.861690529437807,9.861157482882316,1.3458251953125
E_12,3,attack,4.867482993197279,4.942482993197279,6.5770521541950115,6.652052154195012,74.98866213151928,74.98866213151928,6.162780926578536,6.161764108729059,2.691650390625
E_12,3,stabilization,4.942482993197279,5.022482993197279,6.652052154195012,6.732052154195012,80.0,80.0,6.5746268850828775,6.57354211539042,2.691650390625
E_12,3,body,5.022482993197279,5.187482993197279,6.732052154195012,6.897052154195012,165.01133786848072,165.01133786848072,13.561099728670097,13.5588622374422,1.3458251953125
E_12,3,sustain,5.187482993197279,5.357482993197279,6.897052154195012,7.067052154195012,170.0,170.0,13.971082130801115,13.968776995204642,1.3458251953125
E_12,3,decay,5.307482993197279,5.427482993197279,7.017052154195012,7.104916099773243,119.97732426303854,87.84580498866214,9.860076771250993,7.218226234416805,1.3458251953125
E_12,4,attack,5.465396825396826,5.540396825396826,7.732244897959184,7.807244897959184,74.98866213151928,74.98866213151928,6.162536072095879,6.158689123274859,2.691650390625
E_12,4,stabilization,5.540396825396826,5.620396825396826,7.807244897959184,7.887244897959184,80.0,80.0,6.5743656674793645,6.570261634990534,2.691650390625
E_12,4,body,5.620396825396826,5.785396825396826,7.887244897959184,8.052244897959184,165.01133786848072,165.01133786848072,13.560560930342215,13.552095781696748,1.3458251953125
E_12,4,sustain,5.785396825396826,5.955396825396826,8.052244897959184,8.222244897959184,170.0,170.0,13.97052704339365,13.961805974354887,1.3458251953125
E_12,4,decay,5.905396825396826,6.025396825396825,8.172244897959184,8.271718820861677,120.0,99.45578231292517,9.861548501219048,8.168131386357281,1.3458251953125
E_12,5,attack,6.0633106575963716,6.138310657596372,8.930975056689343,9.005975056689342,74.98866213151928,74.98866213151928,6.167724993653613,6.163967252277051,2.691650390625
E_12,5,stabilization,6.138310657596372,6.218310657596372,9.005975056689342,9.085975056689342,80.0,80.0,6.579901353979421,6.57589249048486,2.691650390625
E_12,5,body,6.218310657596372,6.383310657596372,9.085975056689342,9.250975056689343,165.01133786848072,165.01133786848072,13.571979068284652,13.563710219177532,1.3458251953125
E_12,5,sustain,6.383310657596372,6.553310657596372,9.250975056689343,9.420975056689343,170.0,170.0,13.982290377206272,13.973771542280328,1.3458251953125
E_12,5,decay,6.503310657596372,6.623310657596372,9.370975056689343,9.490975056689344,120.0,120.0,9.869852030969133,9.86383873572729,1.3458251953125
E_12,6,attack,6.678639455782313,6.753639455782313,9.525986394557822,9.600986394557822,74.98866213151928,74.98866213151928,6.167391456689627,6.159723062451418,2.691650390625
E_12,6,stabilization,6.753639455782313,6.833639455782313,9.600986394557822,9.680986394557822,80.0,80.0,6.579545527426974,6.571364670193105,2.691650390625
E_12,6,body,6.833639455782313,6.998639455782313,9.680986394557822,9.845986394557823,165.01133786848072,165.01133786848072,13.571245125591295,13.554370948127898,1.3458251953125
E_12,6,sustain,6.998639455782313,7.168639455782313,9.845986394557823,10.015986394557823,170.0,170.0,13.98153424578232,13.964149924160349,1.3458251953125
E_12,6,decay,7.118639455782313,7.238639455782312,9.965986394557822,10.085986394557823,120.0,120.02267573696145,9.86931829114046,9.858909636998895,1.3458251953125
E_12,7,attack,7.262040816326531,7.337040816326531,10.138412698412699,10.213412698412698,74.98866213151928,74.98866213151928,6.16736184234581,6.16407492743752,2.691650390625
E_12,7,stabilization,7.337040816326531,7.417040816326531,10.213412698412698,10.293412698412698,80.0,80.0,6.579513934017543,6.576007361354572,2.691650390625
E_12,7,body,7.417040816326531,7.582040816326531,10.293412698412698,10.4584126984127,165.01133786848072,165.01133786848072,13.571179959706821,13.563947156626195,1.3458251953125
E_12,7,sustain,7.582040816326531,7.752040816326531,10.4584126984127,10.6284126984127,170.0,170.0,13.98146710978728,13.974015642878465,1.3458251953125
E_12,7,decay,7.702040816326531,7.822040816326531,10.578412698412698,10.6984126984127,120.0,120.0,9.869270901026315,9.864011042031859,1.3458251953125
E_12,8,attack,7.842539682539683,7.917539682539683,10.727619047619047,10.802619047619046,74.98866213151928,74.98866213151928,6.16517217861391,6.163995766099817,2.691650390625
E_12,8,stabilization,7.917539682539683,7.997539682539683,10.802619047619046,10.882619047619047,80.0,80.0,6.577177939567547,6.575922909827685,2.691650390625
E_12,8,body,7.997539682539683,8.162539682539682,10.882619047619047,11.047619047619047,165.01133786848072,165.01133786848072,13.566361640088731,13.563772963383238,1.3458251953125
E_12,8,sustain,8.162539682539682,8.332539682539682,11.047619047619047,11.217619047619047,170.0,170.0,13.976503121581038,13.973836183383831,1.3458251953125
E_12,8,decay,8.282539682539683,8.402539682539683,11.167619047619047,11.287619047619048,120.0,120.02267573696145,9.86576690935132,9.865748288468804,1.3458251953125
E_12,9,attack,8.466575963718821,8.54157596371882,11.3081179138322,11.3831179138322,74.98866213151928,74.98866213151928,6.167770157034751,6.162901240785296,2.691650390625
E_12,9,stabilization,8.54157596371882,8.62157596371882,11.3831179138322,11.4631179138322,80.0,80.0,6.5799495355363185,6.574755239640316,2.691650390625
E_12,9,body,8.62157596371882,8.786575963718821,11.4631179138322,11.6281179138322,165.01133786848072,165.01133786848072,13.572078449574203,13.561364478135651,1.3458251953125
E_12,9,sustain,8.786575963718821,8.956575963718821,11.6281179138322,11.7981179138322,170.0,170.0,13.982392763014676,13.971354884235671,1.3458251953125
E_12,9,decay,8.90657596371882,9.026575963718821,11.7481179138322,11.8681179138322,120.0,120.0,9.869924303304478,9.862132859460473,1.3458251953125
E_12,10,attack,9.067392290249433,9.142392290249433,11.900226757369614,11.975226757369613,74.98866213151928,74.98866213151928,6.164869986016792,6.1634036059540005,2.691650390625
E_12,10,stabilization,9.142392290249433,9.222392290249433,11.975226757369613,12.055226757369613,80.0,80.0,6.576855552061457,6.575291176838739,2.691650390625
E_12,10,body,9.222392290249433,9.387392290249434,12.055226757369613,12.220226757369614,165.01133786848072,165.01133786848072,13.565696670167581,13.56246992456222,1.3458251953125
E_12,10,sustain,9.387392290249434,9.557392290249433,12.220226757369614,12.390226757369614,170.0,170.0,13.975818048130598,13.972493750782322,1.3458251953125
E_12,10,decay,9.507392290249433,9.627392290249434,12.340226757369614,12.460226757369615,120.0,120.0,9.865283328092186,9.86293676525811,1.3458251953125
E_12,11,attack,9.671111111111111,9.74611111111111,12.530068027210884,12.605068027210883,74.98866213151928,74.98866213151928,6.167384502752601,6.161359537599925,2.691650390625
E_12,11,stabilization,9.74611111111111,9.82611111111111,12.605068027210883,12.685068027210884,80.0,80.0,6.579538108772657,6.573110507605847,2.691650390625
E_12,11,body,9.82611111111111,9.991111111111111,12.685068027210884,12.850068027210884,165.01133786848072,165.01133786848072,13.571229823565371,13.557971985217616,1.3458251953125
E_12,11,sustain,9.991111111111111,10.161111111111111,12.850068027210884,13.020068027210884,170.0,170.0,13.981518481141896,13.967859828662423,1.3458251953125
E_12,11,decay,10.11111111111111,10.231111111111112,12.970068027210884,13.090068027210885,120.0,120.0,9.869307163158986,9.85966576140877,1.3458251953125
E_12,12,attack,10.266122448979592,10.341122448979592,13.168616780045351,13.24361678004535,74.98866213151928,74.98866213151928,6.167574333395892,6.165011631373629,2.691650390625
E_12,12,stabilization,10.341122448979592,10.421122448979592,13.24361678004535,13.32361678004535,80.0,80.0,6.579740625406927,6.577006663285806,2.691650390625
E_12,12,body,10.421122448979592,10.586122448979593,13.32361678004535,13.488616780045351,165.01133786848072,165.01133786848072,13.571647542824891,13.56600835848379,1.3458251953125
E_12,12,sustain,10.586122448979593,10.756122448979593,13.488616780045351,13.658616780045351,170.0,170.0,13.98194882898972,13.976139159482337,1.3458251953125
E_12,12,decay,10.706122448979592,10.826122448979593,13.60861678004535,13.728616780045352,120.0,120.0,9.869610938110391,9.86550999492871,1.3458251953125
E_12,13,attack,10.864036281179139,10.939036281179138,13.75201814058957,13.82701814058957,74.98866213151928,74.98866213151928,6.168662423880664,6.161925496321268,2.691650390625
E_12,13,stabilization,10.939036281179138,11.019036281179138,13.82701814058957,13.90701814058957,80.0,80.0,6.580901430738127,6.573714288183077,2.691650390625
E_12,13,body,11.019036281179138,11.18403628117914,13.90701814058957,14.07201814058957,165.01133786848072,165.01133786848072,13.574041868333717,13.559217368227962,1.3458251953125
E_12,13,sustain,11.18403628117914,11.35403628117914,14.07201814058957,14.24201814058957,170.0,170.0,13.984415540318519,13.969142862389038,1.3458251953125
E_12,13,decay,11.304036281179139,11.42403628117914,14.19201814058957,14.31201814058957,120.0,120.0,9.87135214610719,9.860571432274615,1.3458251953125
E_12,14,attack,12.692607709750567,12.767607709750566,14.341224489795918,14.416224489795917,74.98866213151928,74.98866213151928,6.169276595621897,6.164608112546781,2.691650390625
E_12,14,stabilization,12.767607709750566,12.847607709750566,14.416224489795917,14.496224489795917,80.0,80.0,6.58155664631208,6.576576178126714,2.691650390625
E_12,14,body,12.847607709750566,13.012607709750567,14.496224489795917,14.661224489795918,165.01133786848072,165.01133786848072,13.575393343314346,13.565120421833361,1.3458251953125
E_12,14,sustain,13.012607709750567,13.182607709750567,14.661224489795918,14.831224489795918,170.0,170.0,13.98580787341317,13.975224378519266,1.3458251953125
E_12,14,decay,13.132607709750566,13.252607709750567,14.781224489795918,14.88940589569161,120.0,108.16326530612245,9.87233496946812,8.891799424508056,1.3458251953125
E_12,15,attack,13.276009070294785,13.351009070294785,14.90140589569161,14.97640589569161,74.98866213151928,74.98866213151928,6.168762599527037,6.164262850943737,2.691650390625
E_12,15,stabilization,13.351009070294785,13.431009070294785,14.97640589569161,15.05640589569161,80.0,80.0,6.581008300916658,6.5762078434017255,2.691650390625
E_12,15,body,13.431009070294785,13.596009070294786,15.05640589569161,15.22140589569161,165.01133786848072,165.01133786848072,13.574262303222937,13.564360679261435,1.3458251953125
E_12,15,sustain,13.596009070294786,13.766009070294785,15.22140589569161,15.39140589569161,170.0,170.0,13.984642639447898,13.974441667228664,1.3458251953125
E_12,15,decay,13.716009070294785,13.836009070294786,15.34140589569161,15.46140589569161,120.0,120.0,9.871512451374986,9.864311765102586,1.3458251953125
E_12,16,attack,13.853605442176871,13.92860544217687,15.505124716553288,15.580124716553287,74.98866213151928,74.98866213151928,6.166318288100915,6.163319121127575,2.691650390625
E_12,16,stabilization,13.92860544217687,14.00860544217687,15.580124716553287,15.660124716553288,80.0,80.0,6.578400641191421,6.5752010460653425,2.691650390625
E_12,16,body,14.00860544217687,14.173605442176871,15.660124716553288,15.825124716553288,165.01133786848072,165.01133786848072,13.568883635473346,13.562284017068452,1.3458251953125
E_12,16,sustain,14.173605442176871,14.343605442176871,15.825124716553288,15.995124716553288,170.0,170.0,13.97910136253177,13.972302222888853,1.3458251953125
E_12,16,decay,14.29360544217687,14.413605442176872,15.945124716553288,16.06512471655329,120.0,120.0,9.867600961787131,9.862801569098014,1.3458251953125
E_12,17,attack,14.471836734693877,14.546836734693876,16.108843537414966,16.183843537414965,74.98866213151928,74.98866213151928,6.168665074715025,6.164927733834596,2.691650390625
E_12,17,stabilization,14.546836734693876,14.626836734693876,16.183843537414965,16.263843537414967,80.0,80.0,6.580904258722289,6.5769171590470075,2.691650390625
E_12,17,body,14.626836734693876,14.791836734693877,16.263843537414967,16.428843537414966,165.01133786848072,165.01133786848072,13.574047701451843,13.565823743306428,1.3458251953125
E_12,17,sustain,14.791836734693877,14.961836734693877,16.428843537414966,16.598843537414965,170.0,169.97732426303855,13.984421549784864,13.974084757430946,1.3458251953125
E_12,17,decay,14.911836734693876,15.031836734693877,16.548843537414967,16.668843537414965,120.0,120.0,9.871356388083434,9.865375738570512,1.3458251953125
E_12,18,attack,15.07845804988662,15.15345804988662,16.718367346938777,16.793367346938776,74.98866213151928,74.98866213151928,6.169155860753447,6.16406905451292,2.691650390625
E_12,18,stabilization,15.15345804988662,15.23345804988662,16.793367346938776,16.873367346938778,80.0,80.0,6.581427842980997,6.576001095954515,2.691650390625
E_12,18,body,15.23345804988662,15.39845804988662,16.873367346938778,17.038367346938777,165.01133786848072,165.01133786848072,13.575127668189547,13.563934233350626,1.3458251953125
E_12,18,sustain,15.39845804988662,15.56845804988662,17.038367346938777,17.208367346938775,170.0,170.0,13.985534166334618,13.974002328903344,1.3458251953125
E_12,18,decay,15.51845804988662,15.638458049886621,17.15836734693878,17.278367346938776,120.0,120.0,9.872141764471497,9.864001643931772,1.3458251953125
E_12,19,attack,15.664761904761905,15.739761904761904,17.32498866213152,17.39998866213152,74.98866213151928,74.98866213151928,6.163347648977415,6.165373283807762,2.691650390625
E_12,19,stabilization,15.739761904761904,15.819761904761904,17.39998866213152,17.47998866213152,80.0,80.0,6.575231480372641,6.577392484207373,2.691650390625
E_12,19,body,15.819761904761904,15.984761904761905,17.47998866213152,17.64498866213152,165.01133786848072,165.01133786848072,13.562346792140506,13.566804168814357,1.3458251953125
E_12,19,sustain,15.984761904761905,16.154761904761905,17.64498866213152,17.81498866213152,170.0,170.0,13.972366895791861,13.976959028940668,1.3458251953125
E_12,19,decay,16.104761904761904,16.224761904761905,17.764988662131522,17.88498866213152,120.0,120.0,9.86284722055896,9.86608872631106,1.3458251953125
E_12,20,attack,16.26267573696145,16.33767573696145,17.914195011337867,17.989195011337866,74.98866213151928,75.01133786848072,6.164025460688471,6.167581457815116,2.691650390625
E_12,20,stabilization,16.33767573696145,16.417675736961453,17.989195011337866,18.069195011337868,80.0,80.0,6.57595458884455,6.577759184755662,2.691650390625
E_12,20,body,16.417675736961453,16.582675736961452,18.069195011337868,18.234195011337867,165.01133786848072,165.01133786848072,13.563838305845179,13.567560540665236,1.3458251953125
E_12,20,sustain,16.582675736961452,16.75267573696145,18.234195011337867,18.404195011337865,170.0,169.97732426303855,13.973903501294666,13.975873823392416,1.3458251953125
E_12,20,decay,16.702675736961453,16.82267573696145,18.35419501133787,18.474195011337866,120.0,119.97732426303854,9.863931883266824,9.864774332920126,1.3458251953125
E_12,21,attack,16.857687074829933,16.932687074829932,18.54113378684807,18.61613378684807,74.98866213151928,74.98866213151928,6.165695497526183,6.1662111095615115,2.691650390625
E_12,21,stabilization,16.932687074829932,17.012687074829934,18.61613378684807,18.696133786848073,80.0,80.0,6.577736230805072,6.578286300130939,2.691650390625
E_12,21,body,17.012687074829934,17.177687074829933,18.696133786848073,18.86113378684807,165.01133786848072,165.01133786848072,13.567513194889033,13.568647790831303,1.3458251953125
E_12,21,sustain,17.177687074829933,17.34768707482993,18.86113378684807,19.03113378684807,170.0,169.97732426303855,13.977689490460776,13.976993794155758,1.3458251953125
E_12,21,decay,17.297687074829934,17.41768707482993,18.981133786848073,19.10113378684807,120.0,119.97732426303854,9.866604346207607,9.86556485657392,1.3458251953125
E_12,22,attack,17.47591836734694,17.550918367346938,19.141950113378684,19.216950113378683,74.98866213151928,74.98866213151928,6.166090737814251,6.1643113505391005,2.691650390625
E_12,22,stabilization,17.550918367346938,17.63091836734694,19.216950113378683,19.296950113378685,80.0,80.0,6.578157884187687,6.5762595841251725,2.691650390625
E_12,22,body,17.63091836734694,17.79591836734694,19.296950113378685,19.461950113378684,165.01133786848072,165.01133786848072,13.568382914748806,13.564467401836419,1.3458251953125
E_12,22,sustain,17.79591836734694,17.965918367346937,19.461950113378684,19.631950113378682,169.97732426303855,169.97732426303855,13.976720946675423,13.972687597109495,1.3458251953125
E_12,22,decay,17.91591836734694,18.035918367346937,19.581950113378685,19.701950113378683,119.97732426303854,119.97732426303854,9.86537226905812,9.862525357031261,1.3458251953125
E_12,23,attack,18.073832199546484,18.148832199546483,19.716643990929704,19.791643990929703,75.01133786848072,74.98866213151928,6.167409222935912,6.164843374937262,2.691650390625
E_12,23,stabilization,18.148832199546483,18.228832199546485,19.791643990929703,19.871643990929705,80.0,80.0,6.5775754953198,6.576827162618282,2.691650390625
E_12,23,body,18.228832199546485,18.393832199546484,19.871643990929705,20.036643990929704,165.01133786848072,165.01133786848072,13.567181655170687,13.565638112917584,1.3458251953125
E_12,23,sustain,18.393832199546484,18.563832199546482,20.036643990929704,20.206643990929702,169.97732426303855,169.97732426303855,13.975483535407376,13.973893540529094,1.3458251953125
E_12,23,decay,18.513832199546485,18.633832199546482,20.156643990929705,20.276643990929703,119.97732426303854,119.97732426303854,9.8644988508325,9.863376563892666,1.3458251953125
E_12,24,attack,18.6659410430839,18.7409410430839,20.320362811791384,20.395362811791383,74.98866213151928,74.98866213151928,6.165186172656475,6.1646663844714285,2.691650390625
E_12,24,stabilization,18.7409410430839,18.820941043083902,20.395362811791383,20.475362811791385,80.0,80.0,6.5771928688031585,6.576638344244088,2.691650390625
E_12,24,body,18.820941043083902,18.9859410430839,20.475362811791385,20.640362811791384,165.01133786848072,165.01133786848072,13.566392433753002,13.565248648260837,1.3458251953125
E_12,24,sustain,18.9859410430839,19.1559410430839,20.640362811791384,20.810362811791382,170.0,170.0,13.976534846206713,13.975356481518686,1.3458251953125
E_12,24,decay,19.105941043083902,19.2259410430839,20.760362811791385,20.880362811791382,120.0,120.0,9.865789303204737,9.864957516366132,1.3458251953125
E_12,25,attack,19.249342403628116,19.324342403628116,20.915374149659865,20.990374149659864,75.01133786848072,74.98866213151928,6.167831456619143,6.1660835525990505,2.691650390625
E_12,25,stabilization,19.324342403628116,19.404342403628117,20.990374149659864,21.070374149659866,80.0,80.0,6.578025809840489,6.57815021879935,2.691650390625
E_12,25,body,19.404342403628117,19.569342403628117,21.070374149659866,21.235374149659865,164.98866213151928,165.01133786848072,13.566245972902323,13.568367103798998,1.3458251953125
E_12,25,sustain,19.569342403628117,19.739342403628115,21.235374149659865,21.405374149659863,170.0,170.0,13.978304845911037,13.97856921494862,1.3458251953125
E_12,25,decay,19.689342403628117,19.809342403628115,21.355374149659866,21.475374149659864,119.97732426303854,120.0,9.865174194973363,9.867225328199025,1.3458251953125
E_12,26,attack,19.853061224489796,19.928061224489795,21.49297052154195,21.567970521541948,74.98866213151928,74.98866213151928,6.165301754888689,6.16620264151389,2.691650390625
E_12,26,stabilization,19.928061224489795,20.008061224489797,21.567970521541948,21.64797052154195,80.0,80.0,6.577316175157937,6.578277266181132,2.691650390625
E_12,26,body,20.008061224489797,20.173061224489796,21.64797052154195,21.81297052154195,165.01133786848072,165.01133786848072,13.566646770585121,13.568629157029505,1.3458251953125
E_12,26,sustain,20.173061224489796,20.343061224489794,21.81297052154195,21.982970521541947,169.97732426303855,169.97732426303855,13.974932553566862,13.976974599573063,1.3458251953125
E_12,26,decay,20.293061224489797,20.413061224489795,21.93297052154195,22.052970521541948,120.0,119.97732426303854,9.865974262736906,9.865551308209856,1.3458251953125
E_12,27,attack,20.442267573696146,20.517267573696145,22.128616780045352,22.20361678004535,74.98866213151928,74.98866213151928,6.165851773219768,6.165314072342349,2.691650390625
E_12,27,stabilization,20.517267573696145,20.597267573696147,22.20361678004535,22.283616780045353,80.0,80.0,6.577902950081445,6.577329315761659,2.691650390625
E_12,27,body,20.597267573696147,20.762267573696146,22.283616780045353,22.448616780045352,165.01133786848072,165.01133786848072,13.567857077024568,13.566673874942628,1.3458251953125
E_12,27,sustain,20.762267573696146,20.932267573696144,22.448616780045352,22.61861678004535,170.0,170.0,13.97804376892307,13.976824795993528,1.3458251953125
E_12,27,decay,20.882267573696147,21.002267573696145,22.568616780045353,22.68861678004535,120.0,120.0,9.866854425122167,9.865993973642489,1.3458251953125
E_12,28,attack,21.045986394557822,21.12098639455782,22.714920634920635,22.789920634920634,74.98866213151928,74.98866213151928,6.166000361252911,6.165161554645882,2.691650390625
E_12,28,stabilization,21.12098639455782,21.200986394557823,22.789920634920634,22.869920634920636,80.0,80.0,6.578061467946861,6.577166605621612,2.691650390625
E_12,28,body,21.200986394557823,21.365986394557822,22.869920634920636,23.034920634920635,165.01133786848072,165.01133786848072,13.56818404258767,13.566338262218954,1.3458251953125
E_12,28,sustain,21.365986394557822,21.53598639455782,23.034920634920635,23.204920634920633,169.97732426303855,169.97732426303855,13.976516089492534,13.974614760697165,1.3458251953125
E_12,28,decay,21.485986394557823,21.60598639455782,23.154920634920636,23.274920634920633,119.97732426303854,119.97732426303854,9.865227672025748,9.863885632183658,1.3458251953125
E_12,29,attack,21.6497052154195,21.7247052154195,23.292517006802722,23.36751700680272,74.98866213151928,74.98866213151928,6.166166005792027,6.164140496620698,2.691650390625
E_12,29,stabilization,21.7247052154195,21.804705215419503,23.36751700680272,23.447517006802723,80.0,80.0,6.578238182169419,6.576077312391238,2.691650390625
E_12,29,body,21.804705215419503,21.969705215419502,23.447517006802723,23.612517006802722,165.01133786848072,165.01133786848072,13.568548540716233,13.564091440553012,1.3458251953125
E_12,29,sustain,21.969705215419502,22.1397052154195,23.612517006802722,23.78251700680272,170.0,170.0,13.978756137110016,13.974164288831378,1.3458251953125
E_12,29,decay,22.089705215419503,22.2097052154195,23.732517006802723,23.85251700680272,120.0,120.0,9.86735727325413,9.864115968586857,1.3458251953125
E_12,30,attack,22.247619047619047,22.322619047619046,23.933968253968253,24.008968253968252,74.98866213151928,74.98866213151928,6.16697686898077,6.1658849703237975,2.691650390625
E_12,30,stabilization,22.322619047619046,22.402619047619048,24.008968253968252,24.088968253968254,80.0,80.0,6.579103233675282,6.577938365679576,2.691650390625
E_12,30,body,22.402619047619048,22.567619047619047,24.088968253968254,24.253968253968253,165.01133786848072,165.01133786848072,13.570332832045073,13.567930126714929,1.3458251953125
E_12,30,sustain,22.567619047619047,22.737619047619045,24.253968253968253,24.42396825396825,169.97732426303855,169.97732426303855,13.978729546380361,13.976254532067488,1.3458251953125
E_12,30,decay,22.687619047619048,22.807619047619045,24.373968253968254,24.49396825396825,119.97732426303854,120.0,9.866790025333309,9.866907548519363,1.3458251953125
E_12,31,attack,22.839727891156464,22.914727891156463,24.534784580498865,24.609784580498864,74.98866213151928,74.98866213151928,6.166383267890632,6.16408649926323,2.691650390625
E_12,31,stabilization,22.914727891156463,22.994727891156465,24.609784580498864,24.689784580498866,80.0,80.0,6.578469963446674,6.576019706501565,2.691650390625
E_12,31,body,22.994727891156465,23.159727891156464,24.689784580498866,24.854784580498865,165.01133786848072,165.01133786848072,13.569026622449387,13.563972620241465,1.3458251953125
E_12,31,sustain,23.159727891156464,23.329727891156463,24.854784580498865,25.024784580498864,170.0,169.97732426303855,13.97924867232418,13.972177925151852,1.3458251953125
E_12,31,decay,23.279727891156465,23.399727891156463,24.974784580498866,25.094784580498864,120.0,120.0,9.86770494517001,9.864029559752348,1.3458251953125
E_12,32,attack,23.45795918367347,23.53295918367347,25.16172335600907,25.23672335600907,74.98866213151928,74.98866213151928,6.1655998268255265,6.165804462403524,2.691650390625
E_12,32,stabilization,23.53295918367347,23.61295918367347,25.23672335600907,25.31672335600907,80.0,80.0,6.577634166628504,6.577852477580778,2.691650390625
E_12,32,body,23.61295918367347,23.77795918367347,25.31672335600907,25.48172335600907,165.01133786848072,165.01133786848072,13.567302673059983,13.567752970338809,1.3458251953125
E_12,32,sustain,23.77795918367347,23.94795918367347,25.48172335600907,25.651723356009068,170.0,170.0,13.97747260408557,13.977936514859152,1.3458251953125
E_12,32,decay,23.89795918367347,24.01795918367347,25.60172335600907,25.72172335600907,120.0,120.0,9.866451249942754,9.866778716371165,1.3458251953125
E_12,33,attack,24.044263038548753,24.119263038548752,25.76544217687075,25.84044217687075,74.98866213151928,74.98866213151928,6.166648616933115,6.166193888730702,2.691650390625
E_12,33,stabilization,24.119263038548752,24.199263038548754,25.84044217687075,25.92044217687075,80.0,80.0,6.5787530452192415,6.578267928467468,2.691650390625
E_12,33,body,24.199263038548754,24.364263038548753,25.92044217687075,26.08544217687075,165.01133786848072,165.01133786848072,13.569610518724607,13.568609896671703,1.3458251953125
E_12,33,sustain,24.364263038548753,24.53426303854875,26.08544217687075,26.255442176870748,170.0,170.0,13.979850221090887,13.978819347993369,1.3458251953125
E_12,33,decay,24.484263038548754,24.60426303854875,26.20544217687075,26.325442176870748,120.0,120.0,9.868129567828863,9.867401892701203,1.3458251953125
E_12,34,attack,25.269115646258502,25.3441156462585,26.380770975056688,26.455770975056687,74.98866213151928,74.98866213151928,6.167767141650488,6.165710301902782,2.691650390625
E_12,34,stabilization,25.3441156462585,25.424115646258503,26.455770975056687,26.53577097505669,80.0,80.0,6.579946318640134,6.577752024527672,2.691650390625
E_12,34,body,25.424115646258503,25.589115646258502,26.53577097505669,26.700770975056688,165.01133786848072,165.01133786848072,13.572071814269913,13.567545771680235,1.3458251953125
E_12,34,sustain,25.589115646258502,25.7591156462585,26.700770975056688,26.870770975056686,169.97732426303855,169.97732426303855,13.980520862961011,13.97585860993748,1.3458251953125
E_12,34,decay,25.709115646258503,25.8291156462585,26.82077097505669,26.940770975056687,119.97732426303854,119.97732426303854,9.868054413810926,9.864763594607684,1.3458251953125
E_12,35,attack,26.45043083900227,26.52543083900227,26.955464852607708,27.030464852607707,74.98866213151928,74.98866213151928,6.165700954402285,6.164795324317019,2.691650390625
E_12,35,stabilization,26.52543083900227,26.60543083900227,27.030464852607707,27.11046485260771,80.0,80.0,6.577742052352967,6.576775900874038,2.691650390625
E_12,35,body,26.60543083900227,26.77043083900227,27.11046485260771,27.27546485260771,165.01133786848072,165.01133786848072,13.567525202656617,13.565532378305093,1.3458251953125
E_12,35,sustain,26.77043083900227,26.940430839002268,27.27546485260771,27.445464852607707,170.0,169.97732426303855,13.977701861250058,13.973784623852548,1.3458251953125
E_12,35,decay,26.89043083900227,27.010430839002268,27.39546485260771,27.515464852607707,120.0,119.97732426303854,9.866613078529452,9.863299685806274,1.3458251953125
E_12,36,attack,27.048344671201814,27.123344671201814,27.538866213151927,27.613866213151926,74.98866213151928,74.98866213151928,6.166857953334439,6.165522521237036,2.691650390625
E_12,36,stabilization,27.123344671201814,27.203344671201815,27.613866213151926,27.693866213151928,80.0,80.0,6.578976371141186,6.577551694866725,2.691650390625
E_12,36,body,27.203344671201815,27.368344671201815,27.693866213151928,27.858866213151927,165.01133786848072,165.01133786848072,13.57007116008912,13.56713256336314,1.3458251953125
E_12,36,sustain,27.368344671201815,27.538344671201813,27.858866213151927,28.028866213151925,170.0,170.0,13.980324788675018,13.977297351591792,1.3458251953125
E_12,36,decay,27.488344671201816,27.608344671201813,27.978866213151928,28.098866213151926,120.0,120.0,9.868464556711778,9.866327542300088,1.3458251953125
E_12,37,attack,27.654965986394558,27.729965986394557,28.133877551020408,28.208877551020407,74.98866213151928,74.98866213151928,6.166438857966329,6.165244901185699,2.691650390625
E_12,37,stabilization,27.729965986394557,27.80996598639456,28.208877551020407,28.28887755102041,80.0,80.0,6.578529268492655,6.577255522039052,2.691650390625
E_12,37,body,27.80996598639456,27.974965986394558,28.28887755102041,28.45387755102041,165.01133786848072,165.01133786848072,13.569148947511636,13.566521664931457,1.3458251953125
E_12,37,sustain,27.974965986394558,28.144965986394556,28.45387755102041,28.623877551020406,170.0,170.0,13.979374695546891,13.976667984332984,1.3458251953125
E_12,37,decay,28.09496598639456,28.214965986394557,28.57387755102041,28.693877551020407,120.0,120.0,9.867793902738981,9.865883283058578,1.3458251953125
E_12,38,attack,28.258684807256238,28.333684807256237,28.723083900226758,28.798083900226757,74.98866213151928,74.98866213151928,6.16630003069066,6.16635037796103,2.691650390625
E_12,38,stabilization,28.333684807256237,28.41368480725624,28.798083900226757,28.87808390022676,80.0,80.0,6.578381163676036,6.578434875550806,2.691650390625
E_12,38,body,28.41368480725624,28.578684807256238,28.87808390022676,29.04308390022676,165.01133786848072,165.01133786848072,13.568843460337446,13.568954248691387,1.3458251953125
E_12,38,sustain,28.578684807256238,28.748684807256236,29.04308390022676,29.213083900226756,170.0,170.0,13.979059972811577,13.979174110545463,1.3458251953125
E_12,38,decay,28.69868480725624,28.818684807256236,29.16308390022676,29.283083900226757,120.0,120.0,9.867571745514054,9.867652313326209,1.3458251953125
E_12,39,attack,28.847891156462584,28.922891156462583,29.335510204081633,29.410510204081632,74.98866213151928,74.98866213151928,6.166551415116833,6.165523212541744,2.691650390625
E_12,39,stabilization,28.922891156462583,29.002891156462585,29.410510204081632,29.490510204081634,80.0,80.0,6.578649347605742,6.577552432369904,2.691650390625
E_12,39,body,29.002891156462585,29.167891156462584,29.490510204081634,29.655510204081633,165.01133786848072,165.01133786848072,13.56939662770039,13.567134084567966,1.3458251953125
E_12,39,sustain,29.167891156462584,29.337891156462582,29.655510204081633,29.82551020408163,169.97732426303855,170.0,13.9777651671351,13.977298918786044,1.3458251953125
E_12,39,decay,29.287891156462585,29.407891156462583,29.775510204081634,29.89551020408163,120.0,120.0,9.867974021408612,9.866328648554857,1.3458251953125
E_12,40,attack,29.46031746031746,29.535317460317458,29.91891156462585,29.99391156462585,74.98866213151928,74.98866213151928,6.166216958132972,6.166274245429574,2.691650390625
E_12,40,stabilization,29.535317460317458,29.61531746031746,29.99391156462585,30.073911564625853,80.0,80.0,6.578292539550386,6.57835365523905,2.691650390625
E_12,40,body,29.61531746031746,29.78031746031746,30.073911564625853,30.23891156462585,165.01133786848072,165.01133786848072,13.568660660518184,13.568786720287573,1.3458251953125
E_12,40,sustain,29.78031746031746,29.950317460317457,30.23891156462585,30.40891156462585,169.97732426303855,170.0,13.977007051153539,13.97900151738298,1.3458251953125
E_12,40,decay,29.90031746031746,30.020317460317457,30.358911564625853,30.47891156462585,119.97732426303854,120.0,9.865574213934549,9.867530482858573,1.3458251953125
E_12,41,attack,30.06403628117914,30.139036281179138,30.496507936507935,30.571507936507935,74.98866213151928,74.98866213151928,6.166451803613522,6.167090932244771,2.691650390625
E_12,41,stabilization,30.139036281179138,30.21903628117914,30.571507936507935,30.651507936507937,80.0,80.0,6.578543079270791,6.57922491955233,2.691650390625
E_12,41,body,30.21903628117914,30.38403628117914,30.651507936507937,30.816507936507936,165.01133786848072,165.01133786848072,13.56917743419885,13.570583826412218,1.3458251953125
E_12,41,sustain,30.38403628117914,30.554036281179137,30.816507936507936,30.986507936507934,170.0,170.0,13.97940404345043,13.9808529540487,1.3458251953125
E_12,41,decay,30.50403628117914,30.624036281179137,30.936507936507937,31.056507936507934,120.0,120.0,9.867814618906186,9.868837379328495,1.3458251953125
E_12,42,attack,30.682267573696144,30.757267573696144,31.11764172335601,31.192641723356008,74.98866213151928,74.98866213151928,6.165547583555902,6.166610908987803,2.691650390625
E_12,42,stabilization,30.757267573696144,30.837267573696145,31.192641723356008,31.27264172335601,80.0,80.0,6.577578432048752,6.5787128173295955,2.691650390625
E_12,42,body,30.837267573696145,31.002267573696145,31.27264172335601,31.43764172335601,165.01133786848072,165.01133786848072,13.567187712590353,13.56952754300098,1.3458251953125
E_12,42,sustain,31.002267573696145,31.172267573696143,31.43764172335601,31.607641723356007,170.0,170.0,13.977354168103595,13.97976473682539,1.3458251953125
E_12,42,decay,31.122267573696146,31.242267573696143,31.55764172335601,31.677641723356007,120.0,120.0,9.866367648073128,9.868069225994393,1.3458251953125
E_12,43,attack,31.285986394557824,31.360986394557823,31.724263038548752,31.79926303854875,74.98866213151928,74.98866213151928,6.166064828684261,6.166006730900834,2.691650390625
E_12,43,stabilization,31.360986394557823,31.440986394557825,31.79926303854875,31.879263038548753,80.0,80.0,6.578130243603893,6.578068263265238,2.691650390625
E_12,43,body,31.440986394557825,31.605986394557824,31.879263038548753,32.04426303854875,165.01133786848072,164.98866213151928,13.568325902127416,13.566333527074226,1.3458251953125
E_12,43,sustain,31.605986394557824,31.775986394557822,32.04426303854875,32.21426303854875,170.0,170.02267573696145,13.978526767658272,13.980259591259285,1.3458251953125
E_12,43,decay,31.725986394557825,31.845986394557823,32.164263038548754,32.28426303854875,120.0,120.0,9.867195365405838,9.867102394897858,1.3458251953125
E_12,44,attack,31.863582766439908,31.938582766439907,32.304761904761904,32.37976190476191,74.98866213151928,74.98866213151928,6.167577870872249,6.1647926165680405,2.691650390625
E_12,44,stabilization,31.938582766439907,32.018582766439906,32.37976190476191,32.459761904761905,80.0,80.0,6.579744399285544,6.576773012171771,2.691650390625
E_12,44,body,32.018582766439906,32.183582766439905,32.459761904761905,32.624761904761904,164.98866213151928,165.01133786848072,13.569790320068487,13.565526419947274,1.3458251953125
E_12,44,sustain,32.183582766439905,32.35358276643991,32.624761904761904,32.794761904761906,170.0,170.0,13.98195684848178,13.975642650865014,1.3458251953125
E_12,44,decay,32.30358276643991,32.42358276643991,32.7447619047619,32.864761904761906,120.0,120.02267573696145,9.869616598928316,9.867023682943646,1.3458251953125
E_12,45,attack,32.481814058956914,32.55681405895692,32.91428571428571,32.989285714285714,74.98866213151928,75.01133786848072,6.165779353551975,6.15929578357324,2.691650390625
E_12,45,stabilization,32.55681405895692,32.636814058956915,32.989285714285714,33.06928571428571,80.0,80.0,6.577825690756385,6.568922468091413,2.691650390625
E_12,45,body,32.636814058956915,32.801814058956914,33.06928571428571,33.23428571428571,165.01133786848072,164.98866213151928,13.567697718717183,13.547471620700998,1.3458251953125
E_12,45,sustain,32.801814058956914,32.971814058956916,33.23428571428571,33.40428571428571,170.0,170.02267573696145,13.977879592857319,13.960822184169334,1.3458251953125
E_12,45,decay,32.92181405895691,33.041814058956916,33.35428571428571,33.47428571428571,120.02267573696145,120.02267573696145,9.86860299919885,9.855245641612202,1.3458251953125
E_12,46,attack,33.065215419501136,33.14021541950114,33.494784580498866,33.56978458049887,74.98866213151928,74.98866213151928,6.166926198438011,6.1604447261696045,2.691650390625
E_12,46,stabilization,33.14021541950114,33.22021541950114,33.56978458049887,33.64978458049887,80.0,80.0,6.579049176924495,6.572134561211481,2.691650390625
E_12,46,body,33.22021541950114,33.38521541950114,33.64978458049887,33.814784580498866,165.01133786848072,165.01133786848072,13.570221332335473,13.555958957464837,1.3458251953125
E_12,46,sustain,33.38521541950114,33.55521541950114,33.814784580498866,33.98478458049887,170.0,170.0,13.98047950096455,13.965785942574396,1.3458251953125
E_12,46,decay,33.505215419501134,33.62521541950114,33.934784580498864,34.05478458049887,120.0,120.0,9.868573765386742,9.85820184181722,1.3458251953125
E_12,47,attack,33.65151927437642,33.72651927437642,34.10721088435374,34.18221088435374,74.98866213151928,74.98866213151928,6.167010957612358,6.160479909309077,2.691650390625
E_12,47,stabilization,33.72651927437642,33.80651927437642,34.18221088435374,34.26221088435374,80.0,80.0,6.5791396003799205,6.572172095567713,2.691650390625
E_12,47,body,33.80651927437642,33.97151927437642,34.26221088435374,34.42721088435374,165.01133786848072,165.01133786848072,13.570407843527404,13.556036377394062,1.3458251953125
E_12,47,sustain,33.97151927437642,34.14151927437642,34.42721088435374,34.59721088435374,170.0,170.0,13.980671650807333,13.965865703081391,1.3458251953125
E_12,47,decay,34.09151927437642,34.21151927437642,34.54721088435374,34.66721088435374,120.0,120.02267573696145,9.86870940056988,9.860121003922876,1.3458251953125
E_12,48,attack,34.26684807256236,34.341848072562364,34.777687074829934,34.85268707482994,74.98866213151928,74.98866213151928,6.167170559497589,6.157337830464164,2.691650390625
E_12,48,stabilization,34.341848072562364,34.42184807256236,34.85268707482994,34.932687074829936,80.0,80.0,6.57930986813048,6.568820038063976,2.691650390625
E_12,48,body,34.42184807256236,34.58684807256236,34.932687074829936,35.097687074829935,165.01133786848072,165.01133786848072,13.570759044893851,13.549122283727764,1.3458251953125
E_12,48,sustain,34.58684807256236,34.75684807256236,35.097687074829935,35.26768707482994,170.0,170.0,13.981033469777268,13.95874258088595,1.3458251953125
E_12,48,decay,34.70684807256236,34.80632199546485,35.21768707482993,35.31425850340136,99.45578231292517,96.55328798185941,8.179380125175818,7.928014660452496,1.3458251953125
E_12,49,attack,35.46267573696145,35.537675736961454,35.32625850340136,35.401258503401365,74.98866213151928,74.98866213151928,6.163689848250197,6.155591356445463,2.691650390625
E_12,49,stabilization,35.537675736961454,35.61767573696145,35.401258503401365,35.481258503401364,80.0,80.0,6.57559654811814,6.566956850783064,2.691650390625
E_12,49,body,35.61767573696145,35.78267573696145,35.481258503401364,35.64625850340136,165.01133786848072,165.01133786848072,13.563099796104225,13.545279195903728,1.3458251953125
E_12,49,sustain,35.78267573696145,35.95267573696145,35.64625850340136,35.816258503401365,170.0,170.0,13.97314266475105,13.95478330791401,1.3458251953125
E_12,49,decay,35.90267573696145,36.02267573696145,35.76625850340136,35.886258503401365,120.0,120.0,9.863394822177211,9.850435276174595,1.3458251953125
A_12,0,attack,4.64108843537415,4.71608843537415,5.529251700680272,5.604251700680273,74.98866213151928,74.98866213151928,8.212079468938958,8.236864361143105,2.691650390625
A_12,0,stabilization,4.71608843537415,4.79608843537415,5.604251700680273,5.684251700680273,80.0,80.0,8.760875828973887,8.787317044485297,2.691650390625
A_12,0,body,4.79608843537415,4.96108843537415,5.684251700680273,5.849251700680273,165.01133786848072,165.01133786848072,18.070548017982702,18.125086772312784,1.3458251953125
A_12,0,sustain,4.96108843537415,5.13108843537415,5.849251700680273,6.019251700680273,170.0,170.0,18.616861136569508,18.673048719531256,1.3458251953125
A_12,0,decay,5.08108843537415,5.2010884353741496,5.969251700680273,6.089251700680272,120.0,120.0,13.14131374346083,13.180975566727945,1.3458251953125
A_12,1,attack,10.649251700680272,10.724251700680272,6.135873015873016,6.210873015873016,74.98866213151928,74.98866213151928,8.218679828139596,8.23688601694356,2.691650390625
A_12,1,stabilization,10.724251700680272,10.804251700680272,6.210873015873016,6.290873015873016,80.0,80.0,8.767917276587994,8.7873401474983,2.691650390625
A_12,1,body,10.804251700680272,10.969251700680273,6.290873015873016,6.455873015873016,165.01133786848072,165.01133786848072,18.085072001624386,18.12513442555134,1.3458251953125
A_12,1,sustain,10.969251700680273,11.139251700680273,6.455873015873016,6.625873015873016,170.0,170.0,18.631824212749486,18.673097813433888,1.3458251953125
A_12,1,decay,11.089251700680272,11.209251700680273,6.575873015873016,6.6958730158730155,120.0,120.0,13.151875914881991,13.181010221247451,1.3458251953125
A_12,2,attack,12.483628117913833,12.558628117913832,6.751201814058957,6.826201814058957,74.98866213151928,74.98866213151928,8.22051551236056,8.234381043771801,2.691650390625
A_12,2,stabilization,12.558628117913832,12.638628117913832,6.826201814058957,6.906201814058957,80.0,80.0,8.769875635805278,8.784667772127884,2.691650390625
A_12,2,body,12.638628117913832,12.803628117913833,6.906201814058957,7.071201814058957,165.01133786848072,165.01133786848072,18.089111395055273,18.119622272611853,1.3458251953125
A_12,2,sustain,12.803628117913833,12.973628117913833,7.071201814058957,7.241201814058957,170.0,170.0,18.635985726086215,18.667419015771756,1.3458251953125
A_12,2,decay,12.923628117913832,13.043628117913833,7.1912018140589575,7.311201814058958,120.0,120.0,13.154813453707918,13.177001658191827,1.3458251953125
A_12,3,attack,13.69687074829932,13.77187074829932,7.343310657596372,7.418310657596372,74.98866213151928,74.98866213151928,8.218836039745021,8.241653110952749,2.691650390625
A_12,3,stabilization,13.77187074829932,13.85187074829932,7.418310657596372,7.498310657596372,80.0,80.0,8.768083927493327,8.792425816583398,2.691650390625
A_12,3,body,13.85187074829932,14.01687074829932,7.498310657596372,7.663310657596372,165.01133786848072,165.01133786848072,18.08541574273496,18.135624338797445,1.3458251953125
A_12,3,sustain,14.01687074829932,14.18687074829932,7.663310657596372,7.833310657596372,170.0,170.0,18.63217834592332,18.683904860239718,1.3458251953125
A_12,3,decay,14.13687074829932,14.25687074829932,7.783310657596372,7.882784580498867,120.0,99.45578231292517,13.15212589123999,10.930719850208272,1.3458251953125
A_12,4,attack,14.286077097505668,14.361077097505667,9.723356009070296,9.798356009070295,74.98866213151928,74.98866213151928,8.218656451117806,8.253494997563307,2.691650390625
A_12,4,stabilization,14.361077097505667,14.441077097505667,9.798356009070295,9.878356009070295,80.0,80.0,8.767892337327977,8.805059072090518,2.691650390625
A_12,4,body,14.441077097505667,14.606077097505668,9.878356009070295,10.043356009070296,165.01133786848072,165.01133786848072,18.085020560866123,18.16168221870825,1.3458251953125
A_12,4,sustain,14.606077097505668,14.776077097505668,10.043356009070296,10.213356009070296,170.0,170.0,18.63177121682195,18.710750528192353,1.3458251953125
A_12,4,decay,14.726077097505668,14.846077097505669,10.163356009070295,10.283356009070296,120.0,120.0,13.151838505991963,13.20758860813578,1.3458251953125
A_12,5,attack,14.878185941043084,14.953185941043083,12.132426303854876,12.207426303854875,74.98866213151928,74.98866213151928,8.220353953484496,8.244837179954818,2.691650390625
A_12,5,stabilization,14.953185941043083,15.033185941043083,12.207426303854875,12.287426303854875,80.0,80.0,8.76970328028222,8.795822670360023,2.691650390625
A_12,5,body,15.033185941043083,15.198185941043084,12.287426303854875,12.452426303854876,165.01133786848072,165.01133786848072,18.088755887362165,18.142630831125253,1.3458251953125
A_12,5,sustain,15.198185941043084,15.368185941043084,12.452426303854876,12.622426303854876,170.0,170.0,18.635619470599718,18.69112317451505,1.3458251953125
A_12,5,decay,15.318185941043083,15.438185941043084,12.572426303854876,12.692426303854877,120.0,120.0,13.154554920423331,13.193734005540037,1.3458251953125
A_12,6,attack,16.07111111111111,16.14611111111111,14.541496598639457,14.616496598639456,74.98866213151928,74.98866213151928,8.218823837522157,8.247045059951164,2.691650390625
A_12,6,stabilization,16.14611111111111,16.226111111111113,14.616496598639456,14.696496598639456,80.0,80.0,8.768070909821036,8.798178098429908,2.691650390625
A_12,6,body,16.226111111111113,16.391111111111112,14.696496598639456,14.861496598639457,165.01133786848072,165.01133786848072,18.085388891940955,18.147489235338558,1.3458251953125
A_12,6,sustain,16.391111111111112,16.56111111111111,14.861496598639457,15.031496598639457,170.0,170.0,18.632150683369705,18.696128459163553,1.3458251953125
A_12,6,decay,16.511111111111113,16.63111111111111,14.981496598639456,15.083873015873015,120.0,102.35827664399093,13.152106364731555,11.257079347027382,1.3458251953125
A_12,7,attack,17.264036281179138,17.339036281179137,16.92734693877551,17.00234693877551,74.98866213151928,74.98866213151928,8.221363032480745,8.246390515998824,2.691650390625
A_12,7,stabilization,17.339036281179137,17.41903628117914,17.00234693877551,17.082346938775512,80.0,80.0,8.770779793949824,8.797479812653116,2.691650390625
A_12,7,body,17.41903628117914,17.584036281179138,17.082346938775512,17.24734693877551,165.01133786848072,165.01133786848072,18.090976349368727,18.146048921960517,1.3458251953125
A_12,7,sustain,17.584036281179138,17.754036281179136,17.24734693877551,17.41734693877551,169.97732426303855,170.0,18.635421013448944,18.694644601887866,1.3458251953125
A_12,7,decay,17.70403628117914,17.824036281179136,17.367346938775512,17.48734693877551,119.97732426303854,120.0,13.153683642230307,13.19621971897967,1.3458251953125
A_12,8,attack,19.080997732426304,19.155997732426304,22.912290249433106,22.987290249433105,74.98866213151928,74.98866213151928,8.221282107428916,8.249148158976743,2.691650390625
A_12,8,stabilization,19.155997732426304,19.235997732426306,22.987290249433105,23.067290249433107,80.0,80.0,8.770693460843427,8.800421743232523,2.691650390625
A_12,8,body,19.235997732426306,19.400997732426305,23.067290249433107,23.232290249433106,165.01133786848072,165.01133786848072,18.090798275101367,18.152117070720823,1.3458251953125
A_12,8,sustain,19.400997732426305,19.570997732426303,23.232290249433106,23.402290249433104,170.0,169.97732426303855,18.637723604292283,18.69840175376162,1.3458251953125
A_12,8,decay,19.520997732426306,19.640997732426303,23.352290249433107,23.472290249433104,120.0,119.97732426303854,13.156040191265143,13.19813816424129,1.3458251953125
A_12,9,attack,20.30875283446712,20.38375283446712,26.51718820861678,26.59218820861678,74.98866213151928,74.98866213151928,8.222199839097966,8.249243983866394,2.691650390625
A_12,9,stabilization,20.38375283446712,20.463752834467122,26.59218820861678,26.67218820861678,80.0,80.0,8.771672522630064,8.80052397190222,2.691650390625
A_12,9,body,20.463752834467122,20.62875283446712,26.67218820861678,26.83718820861678,165.01133786848072,165.01133786848072,18.09281772879223,18.15232793184026,1.3458251953125
A_12,9,sustain,20.62875283446712,20.79875283446712,26.83718820861678,27.00718820861678,170.0,170.0,18.63980411058889,18.701113440292215,1.3458251953125
A_12,9,decay,20.748752834467123,20.86875283446712,26.95718820861678,27.07718820861678,120.0,120.0,13.157508783945099,13.200785957853327,1.3458251953125
A_12,10,attack,20.92408163265306,20.99908163265306,31.901315192743763,31.976315192743762,75.01133786848072,74.98866213151928,8.226534771937692,8.240489694280198,2.691650390625
A_12,10,stabilization,20.99908163265306,21.07908163265306,31.976315192743762,32.05631519274376,80.0,80.0,8.773644097761842,8.791184651170406,2.691650390625
A_12,10,body,21.07908163265306,21.24408163265306,32.05631519274376,32.22131519274376,165.01133786848072,164.98866213151928,18.09688438191976,18.130572426846907,1.3458251953125
A_12,10,sustain,21.24408163265306,21.41408163265306,32.22131519274376,32.39131519274376,169.97732426303855,170.0,18.641506847171986,18.681267383737115,1.3458251953125
A_12,10,decay,21.36408163265306,21.478068027210885,32.341315192743764,32.46131519274376,113.96825396825398,119.97732426303854,12.498961234509926,13.184285144371492,1.3458251953125
A_12,11,attack,21.490068027210885,21.565068027210884,32.478911564625854,32.55391156462586,74.98866213151928,74.98866213151928,8.224957996425212,8.24342132703455,2.691650390625
A_12,11,stabilization,21.565068027210884,21.645068027210886,32.55391156462586,32.633911564625855,80.0,80.0,8.774615001931705,8.794312198904715,2.691650390625
A_12,11,body,21.645068027210886,21.810068027210885,32.633911564625855,32.798911564625854,165.01133786848072,165.01133786848072,18.098887009369903,18.139515269679595,1.3458251953125
A_12,11,sustain,21.810068027210885,21.980068027210883,32.798911564625854,32.968911564625856,170.0,170.0,18.646056879104872,18.68791342267252,1.3458251953125
A_12,11,decay,21.930068027210886,22.046956916099774,32.91891156462585,33.038911564625856,116.87074829931973,120.0,12.81869776642744,13.191468298357073,1.3458251953125
A_12,12,attack,22.058956916099774,22.133956916099773,33.097142857142856,33.17214285714286,74.98866213151928,74.98866213151928,8.225693584647402,8.244839295450836,2.691650390625
A_12,12,stabilization,22.133956916099773,22.213956916099775,33.17214285714286,33.25214285714286,80.0,80.0,8.77539974800001,8.795824927230285,2.691650390625
A_12,12,body,22.213956916099775,22.378956916099774,33.25214285714286,33.417142857142856,165.01133786848072,165.01133786848072,18.10050565935263,18.142635486240017,1.3458251953125
A_12,12,sustain,22.378956916099774,22.548956916099772,33.417142857142856,33.58714285714286,170.0,170.0,18.647724464500023,18.691127970364356,1.3458251953125
A_12,12,decay,22.498956916099775,22.618956916099773,33.537142857142854,33.65714285714286,120.0,120.02267573696145,13.163099622000017,13.196230538500537,1.3458251953125
A_12,13,attack,23.873015873015873,23.948015873015873,33.70666666666666,33.781666666666666,74.98866213151928,75.01133786848072,8.223544316717756,8.24730683342501,2.691650390625
A_12,13,stabilization,23.948015873015873,24.028015873015875,33.781666666666666,33.861666666666665,80.0,80.0,8.773106848920547,8.795797614366215,2.691650390625
A_12,13,body,24.028015873015875,24.193015873015874,33.861666666666665,34.026666666666664,165.01133786848072,164.98866213151928,18.09577623004388,18.140086009673634,1.3458251953125
A_12,13,sustain,24.193015873015874,24.363015873015872,34.026666666666664,34.196666666666665,170.0,170.02267573696145,18.64285205395616,18.693563070441577,1.3458251953125
A_12,13,decay,24.313015873015875,24.433015873015872,34.14666666666666,34.266666666666666,120.0,120.02267573696145,13.15966027338082,13.196189561462692,1.3458251953125
A_12,14,attack,27.451791383219955,27.526791383219955,36.13895691609977,36.213956916099775,74.98866213151928,74.98866213151928,8.222494839079047,8.244988370835745,2.691650390625
A_12,14,stabilization,27.526791383219955,27.606791383219957,36.213956916099775,36.29395691609977,80.0,80.0,8.771987236852398,8.79598396501618,2.691650390625
A_12,14,body,27.606791383219957,27.771791383219956,36.29395691609977,36.45895691609977,165.01133786848072,165.01133786848072,18.093466871478146,18.142963524212796,1.3458251953125
A_12,14,sustain,27.771791383219956,27.941791383219954,36.45895691609977,36.628956916099774,170.0,170.0,18.640472878311343,18.691465925659383,1.3458251953125
A_12,14,decay,27.891791383219957,28.011791383219954,36.57895691609977,36.66101587301587,120.0,82.06349206349206,13.157980855278597,9.02286450379636,1.3458251953125
A_12,15,attack,29.846349206349206,29.921349206349205,38.536417233560094,38.6114172335601,74.98866213151928,74.98866213151928,8.221285926156432,8.244789753281648,2.691650390625
A_12,15,stabilization,29.921349206349205,30.001349206349207,38.6114172335601,38.691417233560095,80.0,80.0,8.77069753476864,8.795772074259949,2.691650390625
A_12,15,body,30.001349206349207,30.166349206349206,38.691417233560095,38.856417233560094,165.01133786848072,165.01133786848072,18.090806678149487,18.1425264694982,1.3458251953125
A_12,15,sustain,30.166349206349206,30.336349206349205,38.856417233560094,39.026417233560096,170.0,170.0,18.63773226138336,18.691015657802392,1.3458251953125
A_12,15,decay,30.286349206349207,30.406349206349205,38.97641723356009,39.096417233560096,120.0,120.0,13.15604630215296,13.193658111389924,1.3458251953125
D_12,0,attack,2.38875283446712,2.4637528344671202,3.445260770975057,3.520260770975057,74.98866213151928,74.98866213151928,10.985686648940456,11.010737093599117,2.691650390625
D_12,0,stabilization,2.4637528344671202,2.54375283446712,3.520260770975057,3.6002607709750567,80.0,80.0,11.719837465213768,11.746561979503381,2.691650390625
D_12,0,body,2.54375283446712,2.70875283446712,3.6002607709750567,3.7652607709750567,164.98866213151928,165.01133786848072,24.170503797305948,24.228948844911027,1.3458251953125
D_12,0,sustain,2.70875283446712,2.87875283446712,3.7652607709750567,3.9352607709750567,170.0,170.0,24.904654613579257,24.961444206444686,1.3458251953125
D_12,0,decay,2.82875283446712,2.94875283446712,3.885260770975057,4.005260770975057,120.02267573696145,120.0,17.583078147215556,17.61984296925507,1.3458251953125
D_12,1,attack,3.033106575963719,3.108106575963719,4.626575963718821,4.701575963718821,74.98866213151928,74.98866213151928,10.988046086252506,11.008225813179626,2.691650390625
D_12,1,stabilization,3.108106575963719,3.188106575963719,4.701575963718821,4.781575963718821,80.0,80.0,11.722354578862669,11.743882875384857,2.691650390625
D_12,1,body,3.188106575963719,3.353106575963719,4.781575963718821,4.946575963718821,165.01133786848072,165.01133786848072,24.1790176503355,24.223422812974945,1.3458251953125
D_12,1,sustain,3.353106575963719,3.523106575963719,4.946575963718821,5.116575963718821,170.0,170.0,24.91000348008317,24.95575111019282,1.3458251953125
D_12,1,decay,3.473106575963719,3.5899954648526076,5.0665759637188215,5.186575963718822,116.87074829931973,120.0,17.125004393270462,17.615824313077287,1.3458251953125
D_12,2,attack,3.6019954648526076,3.6769954648526078,14.210612244897959,14.285612244897958,74.98866213151928,74.98866213151928,10.987409709117557,11.01013737809467,2.691650390625
D_12,2,stabilization,3.6769954648526078,3.7569954648526074,14.285612244897958,14.365612244897958,80.0,80.0,11.72167567395426,11.745922186246748,2.691650390625
D_12,2,body,3.7569954648526074,3.9219954648526074,14.365612244897958,14.53061224489796,165.01133786848072,165.01133786848072,24.177617312745227,24.227629180645575,1.3458251953125
D_12,2,sustain,3.9219954648526074,4.091995464852608,14.53061224489796,14.70061224489796,170.0,170.0,24.9085608071528,24.96008464577434,1.3458251953125
D_12,2,decay,4.041995464852608,4.161995464852607,14.650612244897959,14.77061224489796,119.97732426303854,120.0,17.579191040502263,17.618883279370124,1.3458251953125
G_12,0,attack,2.38875283446712,2.4637528344671202,4.974875283446712,5.049875283446712,74.98866213151928,74.98866213151928,14.686267481812603,14.683072851889785,2.691650390625
G_12,0,stabilization,2.4637528344671202,2.54375283446712,5.049875283446712,5.1298752834467125,80.0,80.0,15.667720494658257,15.6643123741963,2.691650390625
G_12,0,body,2.54375283446712,2.70875283446712,5.1298752834467125,5.2948752834467125,164.98866213151928,165.01133786848072,32.31245303830314,32.309864270699116,1.3458251953125
G_12,0,sustain,2.70875283446712,2.87875283446712,5.2948752834467125,5.4648752834467125,170.0,170.0,33.293906051148795,33.28666379516714,1.3458251953125
G_12,0,decay,2.82875283446712,2.94875283446712,5.414875283446713,5.534875283446713,120.02267573696145,120.0,23.50602170584642,23.49646856129445,1.3458251953125
G_12,1,attack,3.0360090702947846,3.111009070294785,5.55827664399093,5.63327664399093,74.98866213151928,74.98866213151928,14.683125902018713,14.682689548995338,2.691650390625
G_12,1,stabilization,3.111009070294785,3.1910090702947844,5.63327664399093,5.71327664399093,80.0,80.0,15.6643689695561,15.663903455958739,2.691650390625
G_12,1,body,3.1910090702947844,3.3560090702947845,5.71327664399093,5.87827664399093,165.01133786848072,165.01133786848072,32.30998100664958,32.309020818880875,1.3458251953125
G_12,1,sustain,3.3560090702947845,3.5260090702947844,5.87827664399093,6.04827664399093,170.0,170.0,33.28678406030671,33.28579484391232,1.3458251953125
G_12,1,decay,3.4760090702947846,3.5960090702947847,5.9982766439909305,6.11827664399093,120.0,120.0,23.496553454334148,23.495855183938108,1.3458251953125
G_12,2,attack,3.642630385487528,3.7176303854875283,6.164897959183674,6.239897959183674,74.98866213151928,74.98866213151928,14.684702278134107,14.689934477156502,2.691650390625
G_12,2,stabilization,3.7176303854875283,3.797630385487528,6.239897959183674,6.319897959183674,80.0,80.0,15.666050691641104,15.671632547749665,2.691650390625
G_12,2,body,3.797630385487528,3.962630385487528,6.319897959183674,6.484897959183674,164.98866213151928,165.01133786848072,32.30900930623035,32.32496316609249,1.3458251953125
G_12,2,sustain,3.962630385487528,4.132630385487528,6.484897959183674,6.654897959183674,170.0,170.0,33.290357719737344,33.30221916396803,1.3458251953125
G_12,2,decay,4.082630385487528,4.202630385487528,6.604897959183674,6.724897959183673,120.0,120.0,23.499076037461656,23.507448821624497,1.3458251953125
G_12,3,attack,4.2260317460317465,4.301031746031747,6.754104308390023,6.829104308390023,74.98866213151928,74.98866213151928,14.684836406112494,14.68792893494036,2.691650390625
G_12,3,stabilization,4.301031746031747,4.381031746031747,6.829104308390023,6.909104308390023,80.0,80.0,15.666193783116078,15.669492979277164,2.691650390625
G_12,3,body,4.381031746031747,4.546031746031747,6.909104308390023,7.074104308390023,165.01133786848072,165.01133786848072,32.31374494323575,32.32055000289114,1.3458251953125
G_12,3,sustain,4.546031746031747,4.716031746031747,7.074104308390023,7.244104308390023,170.0,170.0,33.29066178912167,33.297672580963976,1.3458251953125
G_12,3,decay,4.666031746031747,4.786031746031746,7.194104308390023,7.314104308390023,120.0,120.0,23.499290674674118,23.50423946891575,1.3458251953125
G_12,4,attack,4.821043083900227,4.896043083900227,7.360725623582766,7.4357256235827665,74.98866213151928,74.98866213151928,14.683656851091149,14.686796358507573,2.691650390625
G_12,4,stabilization,4.896043083900227,4.976043083900227,7.4357256235827665,7.5157256235827665,80.0,80.0,15.664935400861678,15.668284715093654,2.691650390625
G_12,4,body,4.976043083900227,5.141043083900227,7.5157256235827665,7.680725623582767,165.01133786848072,165.01133786848072,32.31114935149389,32.318057786773394,1.3458251953125
G_12,4,sustain,5.141043083900227,5.311043083900227,7.680725623582767,7.8507256235827665,170.0,170.0,33.28798772683106,33.29510501957402,1.3458251953125
G_12,4,decay,5.261043083900227,5.381043083900227,7.800725623582767,7.920725623582767,120.0,120.0,23.497403101292516,23.502427072640483,1.3458251953125
G_12,5,attack,6.0081632653061225,6.083163265306123,7.94702947845805,8.02202947845805,74.98866213151928,74.98866213151928,14.684855601493076,14.68646760448925,2.691650390625
G_12,5,stabilization,6.083163265306123,6.163163265306123,8.02202947845805,8.10202947845805,80.0,80.0,15.666214261284418,15.66793399112128,2.691650390625
G_12,5,body,6.163163265306123,6.328163265306123,8.10202947845805,8.26702947845805,165.01133786848072,164.98866213151928,32.31378718236018,32.312893344500694,1.3458251953125
G_12,5,sustain,6.328163265306123,6.498163265306123,8.26702947845805,8.437029478458049,170.0,170.0,33.29070530522939,33.29435973113272,1.3458251953125
G_12,5,decay,6.448163265306123,6.568163265306122,8.38702947845805,8.50702947845805,120.0,120.0,23.499321391926628,23.50190098668192,1.3458251953125
G_12,6,attack,7.233015873015873,7.308015873015873,8.54204081632653,8.61704081632653,74.98866213151928,74.98866213151928,14.683611896055407,14.688090807096467,2.691650390625
G_12,6,stabilization,7.308015873015873,7.388015873015873,8.61704081632653,8.69704081632653,80.0,80.0,15.664887441573475,15.669665669016128,2.691650390625
G_12,6,body,7.388015873015873,7.553015873015873,8.69704081632653,8.86204081632653,165.01133786848072,165.01133786848072,32.31105042866501,32.320906199951914,1.3458251953125
G_12,6,sustain,7.553015873015873,7.723015873015873,8.86204081632653,9.03204081632653,170.0,170.0,33.287885813343635,33.29803954665927,1.3458251953125
G_12,6,decay,7.673015873015873,7.793015873015873,8.98204081632653,9.10204081632653,120.0,120.02267573696145,23.497331162360208,23.5089400187365,1.3458251953125
G_12,7,attack,7.819319727891156,7.8943197278911565,9.13124716553288,9.20624716553288,74.98866213151928,74.98866213151928,14.683212295452645,14.686457685675624,2.691650390625
G_12,7,stabilization,7.8943197278911565,7.974319727891157,9.20624716553288,9.28624716553288,80.0,80.0,15.664461136485313,15.667923409453762,2.691650390625
G_12,7,body,7.974319727891157,8.139319727891156,9.28624716553288,9.45124716553288,164.98866213151928,165.01133786848072,32.30573107399862,32.31731254268566,1.3458251953125
G_12,7,sustain,8.139319727891156,8.309319727891156,9.45124716553288,9.62124716553288,170.0,170.0,33.28697991503129,33.294337245089245,1.3458251953125
G_12,7,decay,8.259319727891157,8.379319727891156,9.57124716553288,9.69124716553288,120.0,120.0,23.496691704727972,23.501885114180645,1.3458251953125
G_12,8,attack,8.396916099773243,8.471916099773242,9.749478458049886,9.824478458049885,74.98866213151928,75.01133786848072,14.683708098928724,14.690653145622521,2.691650390625
G_12,8,stabilization,8.471916099773242,8.551916099773242,9.824478458049885,9.904478458049885,80.0,80.0,15.664990073486708,15.667661516854974,2.691650390625
G_12,8,body,8.551916099773242,8.716916099773243,9.904478458049885,10.069478458049886,165.01133786848072,165.01133786848072,32.3112621215314,32.316772352084364,1.3458251953125
G_12,8,sustain,8.716916099773243,8.886916099773243,10.069478458049886,10.239478458049886,170.0,170.0,33.28810390615926,33.293780723316814,1.3458251953125
G_12,8,decay,8.836916099773243,8.956916099773244,10.189478458049885,10.309478458049886,120.0,120.02267573696145,23.497485110230063,23.505933222424424,1.3458251953125
G_12,9,attack,9.61015873015873,9.68515873015873,10.356099773242631,10.43109977324263,74.98866213151928,74.98866213151928,14.683982284317432,14.687045373912516,2.691650390625
G_12,9,stabilization,9.68515873015873,9.76515873015873,10.43109977324263,10.51109977324263,80.0,80.0,15.665282582120321,15.66855037168532,2.691650390625
G_12,9,body,9.76515873015873,9.93015873015873,10.51109977324263,10.676099773242631,165.01133786848072,165.01133786848072,32.31186546204353,32.31860574114345,1.3458251953125
G_12,9,sustain,9.93015873015873,10.10015873015873,10.676099773242631,10.846099773242631,170.0,170.0,33.288725487005685,33.29566953983131,1.3458251953125
G_12,9,decay,10.05015873015873,10.17015873015873,10.79609977324263,10.916099773242632,120.0,120.0,23.497923873180483,23.50282555752798,1.3458251953125
G_12,10,attack,10.805986394557824,10.880986394557823,10.94530612244898,11.020306122448979,74.98866213151928,74.98866213151928,14.684850446161352,14.687243997035212,2.691650390625
G_12,10,stabilization,10.880986394557823,10.960986394557823,11.020306122448979,11.100306122448979,80.0,80.0,15.666208761432493,15.668762268382292,2.691650390625
G_12,10,body,10.960986394557823,11.125986394557824,11.100306122448979,11.26530612244898,165.01133786848072,165.01133786848072,32.313775838136124,32.31904280811166,1.3458251953125
G_12,10,sustain,11.125986394557824,11.295986394557824,11.26530612244898,11.43530612244898,170.0,170.0,33.290693618044045,33.29611982031237,1.3458251953125
G_12,10,decay,11.245986394557823,11.365986394557824,11.385306122448979,11.50530612244898,120.0,120.02267573696145,23.499313142148736,23.507584661719804,1.3458251953125
G_12,11,attack,11.380680272108844,11.455680272108843,11.557732426303854,11.632732426303853,74.98866213151928,75.01133786848072,14.685610717977355,14.69153648222979,2.691650390625
G_12,11,stabilization,11.455680272108843,11.535680272108843,11.632732426303853,11.712732426303853,80.0,80.0,15.667019840648354,15.668603600153173,2.691650390625
G_12,11,body,11.535680272108843,11.700680272108844,11.712732426303853,11.877732426303854,165.01133786848072,165.01133786848072,32.31544880396771,32.31871553240211,1.3458251953125
G_12,11,sustain,11.700680272108844,11.870680272108844,11.877732426303854,12.047732426303854,170.0,170.0,33.29241716137775,33.29578265032549,1.3458251953125
G_12,11,decay,11.820680272108843,11.940680272108844,11.997732426303854,12.117732426303855,120.0,120.0,23.500529760972533,23.50290540022976,1.3458251953125
G_12,12,attack,11.96408163265306,12.03908163265306,12.173061224489796,12.248061224489796,74.98866213151928,74.98866213151928,14.686346699253386,14.686622089385192,2.691650390625
G_12,12,stabilization,12.03908163265306,12.11908163265306,12.248061224489796,12.328061224489796,80.0,80.0,15.66780500603748,15.668098799924692,2.691650390625
G_12,12,body,12.11908163265306,12.284081632653061,12.328061224489796,12.493061224489797,165.01133786848072,165.01133786848072,32.31706831885905,32.31767431038889,1.3458251953125
G_12,12,sustain,12.284081632653061,12.454081632653061,12.493061224489797,12.663061224489796,170.0,170.0,33.29408563782964,33.29470994983997,1.3458251953125
G_12,12,decay,12.40408163265306,12.524081632653061,12.613061224489796,12.733061224489797,120.0,120.0,23.501707509056217,23.50214819988704,1.3458251953125
G_12,13,attack,13.209251700680273,13.284251700680272,12.756462585034013,12.831462585034012,74.98866213151928,74.98866213151928,14.685685885641252,14.685931915466947,2.691650390625
G_12,13,stabilization,13.284251700680272,13.364251700680272,12.831462585034012,12.911462585034013,80.0,80.0,15.66710003161244,15.667362503104744,2.691650390625
G_12,13,body,13.364251700680272,13.529251700680273,12.911462585034013,13.076462585034013,165.01133786848072,165.01133786848072,32.31561420919607,32.316155593847284,1.3458251953125
G_12,13,sustain,13.529251700680273,13.699251700680273,13.076462585034013,13.246462585034013,170.0,170.0,33.29258756717644,33.29314531909758,1.3458251953125
G_12,13,decay,13.649251700680272,13.769251700680273,13.196462585034013,13.316462585034014,120.0,120.0,23.50065004741866,23.501043754657115,1.3458251953125
G_12,14,attack,13.795555555555556,13.870555555555555,13.357278911564626,13.432278911564625,74.98866213151928,74.98866213151928,14.685811273333798,14.686600001888504,2.691650390625
G_12,14,stabilization,13.870555555555555,13.950555555555555,13.432278911564625,13.512278911564625,80.0,80.0,15.667233798706269,15.668075236366082,2.691650390625
G_12,14,body,13.950555555555555,14.115555555555556,13.512278911564625,13.677278911564626,165.01133786848072,165.01133786848072,32.315890122785014,32.31762570720975,1.3458251953125
G_12,14,sustain,14.115555555555556,14.285555555555556,13.677278911564626,13.847278911564626,170.0,170.0,33.292871822250824,33.29465987727792,1.3458251953125
G_12,14,decay,14.235555555555555,14.355555555555556,13.797278911564625,13.917278911564626,120.0,120.0,23.500850698059406,23.502112854549125,1.3458251953125
G_12,15,attack,14.396371882086168,14.471371882086167,13.963900226757369,14.038900226757368,74.98866213151928,74.98866213151928,14.686543111545609,14.68699219647699,2.691650390625
G_12,15,stabilization,14.471371882086167,14.551371882086167,14.038900226757368,14.118900226757368,80.0,80.0,15.668014544158728,15.668493640511283,2.691650390625
G_12,15,body,14.551371882086167,14.716371882086168,14.118900226757368,14.28390022675737,165.01133786848072,165.01133786848072,32.31750052093057,32.31848872505686,1.3458251953125
G_12,15,sustain,14.716371882086168,14.886371882086168,14.28390022675737,14.45390022675737,170.0,170.0,33.2945309063373,33.29554898608647,1.3458251953125
G_12,15,decay,14.836371882086167,14.956371882086168,14.403900226757369,14.52390022675737,120.0,120.0,23.50202181623809,23.502740460766923,1.3458251953125
G_12,16,attack,15.020408163265307,15.095408163265306,14.570521541950113,14.645521541950112,74.98866213151928,74.98866213151928,14.68709811244437,14.689175776527643,2.691650390625
G_12,16,stabilization,15.095408163265306,15.175408163265306,14.645521541950112,14.725521541950112,80.0,80.0,15.668606634624656,15.67082314472015,2.691650390625
G_12,16,body,15.175408163265306,15.340408163265307,14.725521541950112,14.890521541950113,165.01133786848072,165.01133786848072,32.318721791429596,32.3232936576328,1.3458251953125
G_12,16,sustain,15.340408163265307,15.510408163265307,14.890521541950113,15.060521541950113,170.0,170.0,33.295789098577394,33.30049918253031,1.3458251953125
G_12,16,decay,15.460408163265306,15.580408163265307,15.010521541950112,15.130521541950113,120.0,120.0,23.50290995193698,23.506234717080222,1.3458251953125
G_12,17,attack,15.60671201814059,15.681712018140589,15.171337868480725,15.246337868480724,74.98866213151928,74.98866213151928,14.687379405337534,14.688481958976032,2.691650390625
G_12,17,stabilization,15.681712018140589,15.761712018140589,15.246337868480724,15.326337868480724,80.0,80.0,15.668906725742614,15.67008296077032,2.691650390625
G_12,17,body,15.761712018140589,15.92671201814059,15.326337868480724,15.491337868480725,165.01133786848072,165.01133786848072,32.3193407718903,32.32176692333492,1.3458251953125
G_12,17,sustain,15.92671201814059,16.09671201814059,15.491337868480725,15.661337868480725,170.0,170.0,33.29642679220305,33.29892629163693,1.3458251953125
G_12,17,decay,16.04671201814059,16.16671201814059,15.611337868480724,15.731337868480725,120.0,120.0,23.50336008861392,23.50512444115548,1.3458251953125
G_12,18,attack,16.187210884353743,16.262210884353742,15.766349206349206,15.841349206349205,74.98866213151928,74.98866213151928,14.68732995603992,14.688821790907006,2.691650390625
G_12,18,stabilization,16.262210884353742,16.342210884353744,15.841349206349205,15.921349206349205,80.0,80.0,15.668853971850268,15.670445502969434,2.691650390625
G_12,18,body,16.342210884353744,16.507210884353743,15.921349206349205,16.086349206349205,165.01133786848072,164.98866213151928,32.31923195951089,32.31807298174762,1.3458251953125
G_12,18,sustain,16.507210884353743,16.67721088435374,16.086349206349205,16.256349206349206,170.0,170.02267573696145,33.29631469018182,33.30413843006372,1.3458251953125
G_12,18,decay,16.627210884353744,16.74721088435374,16.206349206349206,16.326349206349207,120.0,120.0,23.503280957775406,23.50566825445415,1.3458251953125
G_12,19,attack,16.788027210884355,16.863027210884354,16.381678004535146,16.456678004535146,74.98866213151928,74.98866213151928,14.686594012056513,14.686413871262863,2.691650390625
G_12,19,stabilization,16.863027210884354,16.943027210884356,16.456678004535146,16.536678004535148,80.0,80.0,15.668068846245957,15.667876667014026,2.691650390625
G_12,19,body,16.943027210884356,17.108027210884355,16.536678004535148,16.701678004535147,165.01133786848072,165.01133786848072,32.31761252668136,32.31721612977921,1.3458251953125
G_12,19,sustain,17.108027210884355,17.278027210884353,16.701678004535147,16.871678004535145,170.0,169.97732426303855,33.29464629827266,33.28979690927923,1.3458251953125
G_12,19,decay,17.228027210884356,17.348027210884354,16.821678004535148,16.941678004535145,120.0,119.97732426303854,23.502103269368934,23.497373992395467,1.3458251953125
G_12,20,attack,17.42077097505669,17.49577097505669,16.976689342403628,17.051689342403627,74.98866213151928,74.98866213151928,14.686836070327368,14.687858583398679,2.691650390625
G_12,20,stabilization,17.49577097505669,17.57577097505669,17.051689342403627,17.13168934240363,80.0,80.0,15.668327080772592,15.669417926286828,2.691650390625
G_12,20,body,17.57577097505669,17.74077097505669,17.13168934240363,17.296689342403628,165.01133786848072,165.01133786848072,32.31814517199041,32.320395195461806,1.3458251953125
G_12,20,sustain,17.74077097505669,17.91077097505669,17.296689342403628,17.466689342403626,170.0,169.97732426303855,33.29519504664176,33.293071648369065,1.3458251953125
G_12,20,decay,17.860770975056692,17.98077097505669,17.41668934240363,17.536689342403626,120.0,119.97732426303854,23.502490621158888,23.4996854444398,1.3458251953125
G_12,21,attack,18.01578231292517,18.09078231292517,17.560090702947846,17.635090702947846,74.98866213151928,74.98866213151928,14.686284984935588,14.68788292249179,2.691650390625
G_12,21,stabilization,18.09078231292517,18.170782312925173,17.635090702947846,17.715090702947847,80.0,80.0,15.66773916747891,15.66944389191141,2.691650390625
G_12,21,body,18.170782312925173,18.335782312925172,17.715090702947847,17.880090702947847,165.01133786848072,165.01133786848072,32.316932517501144,32.32044875324244,1.3458251953125
G_12,21,sustain,18.335782312925172,18.50578231292517,17.880090702947847,18.050090702947845,170.0,170.0,33.29394573089269,33.29756827031174,1.3458251953125
G_12,21,decay,18.455782312925173,18.57578231292517,18.000090702947848,18.120090702947845,120.0,120.0,23.501608751218367,23.504165837867113,1.3458251953125
G_12,22,attack,18.602086167800454,18.677086167800454,18.163809523809523,18.238809523809522,74.98866213151928,74.98866213151928,14.688263885911146,14.689915991265751,2.691650390625
G_12,22,stabilization,18.677086167800454,18.757086167800455,18.238809523809522,18.318809523809524,80.0,80.0,15.669850314331578,15.671612826484903,2.691650390625
G_12,22,body,18.757086167800455,18.922086167800455,18.318809523809524,18.483809523809523,165.01133786848072,165.01133786848072,32.32128705708359,32.32492248818895,1.3458251953125
G_12,22,sustain,18.922086167800455,19.092086167800453,18.483809523809523,18.65380952380952,170.0,169.97732426303855,33.2984319179546,33.297735189152725,1.3458251953125
G_12,22,decay,19.042086167800456,19.162086167800453,18.603809523809524,18.72380952380952,120.0,119.97732426303854,23.504775471497364,23.502977172599664,1.3458251953125
G_12,23,attack,19.20580498866213,19.28080498866213,18.758820861678004,18.833820861678003,74.98866213151928,74.98866213151928,14.687534687449105,14.68733289858595,2.691650390625
G_12,23,stabilization,19.28080498866213,19.36080498866213,18.833820861678003,18.913820861678005,80.0,80.0,15.669072385037932,15.66885711104059,2.691650390625
G_12,23,body,19.36080498866213,19.52580498866213,18.913820861678005,19.078820861678004,165.01133786848072,165.01133786848072,32.31968246766469,32.319238434535826,1.3458251953125
G_12,23,sustain,19.52580498866213,19.69580498866213,19.078820861678004,19.248820861678002,169.97732426303855,169.97732426303855,33.292337471157694,33.29188007493205,1.3458251953125
G_12,23,decay,19.64580498866213,19.76580498866213,19.198820861678005,19.318820861678002,119.97732426303854,119.97732426303854,23.499167230508984,23.49884438053168,1.3458251953125
G_12,24,attack,20.40453514739229,20.47953514739229,19.33641723356009,19.41141723356009,74.98866213151928,74.98866213151928,14.687235426368407,14.688085408133697,2.691650390625
G_12,24,stabilization,20.47953514739229,20.559535147392292,19.41141723356009,19.491417233560092,80.0,80.0,15.668753124955469,15.669659909251791,2.691650390625
G_12,24,body,20.559535147392292,20.72453514739229,19.491417233560092,19.65641723356009,165.01133786848072,165.01133786848072,32.319023948498,32.32089431962169,1.3458251953125
G_12,24,sustain,20.72453514739229,20.89453514739229,19.65641723356009,19.82641723356009,170.0,170.0,33.29610039053037,33.29802730716006,1.3458251953125
G_12,24,decay,20.844535147392293,20.96453514739229,19.776417233560093,19.89641723356009,120.0,120.0,23.503129687433205,23.50448986387769,1.3458251953125
G_12,25,attack,20.999546485260772,21.074546485260772,19.951746031746033,20.026746031746033,74.98866213151928,74.98866213151928,14.688248625601828,14.68737223956897,2.691650390625
G_12,25,stabilization,21.074546485260772,21.154546485260774,20.026746031746033,20.106746031746034,80.0,80.0,15.669834034207213,15.668899081100491,2.691650390625
G_12,25,body,21.154546485260774,21.319546485260773,20.106746031746034,20.271746031746034,165.01133786848072,165.01133786848072,32.32125347701981,32.31932500373251,1.3458251953125
G_12,25,sustain,21.319546485260773,21.48954648526077,20.271746031746034,20.44174603174603,170.0,170.0,33.29839732269033,33.296410547338546,1.3458251953125
G_12,25,decay,21.439546485260774,21.55954648526077,20.391746031746035,20.511746031746032,120.0,120.0,23.50475105131082,23.503348621650737,1.3458251953125
G_12,26,attack,21.574240362811793,21.649240362811792,20.56126984126984,20.63626984126984,74.98866213151928,74.98866213151928,14.688036245986476,14.689258042965344,2.691650390625
G_12,26,stabilization,21.649240362811792,21.729240362811794,20.63626984126984,20.716269841269842,80.0,80.0,15.669607461699512,15.670910908854468,2.691650390625
G_12,26,body,21.729240362811794,21.894240362811793,20.716269841269842,20.88126984126984,165.01133786848072,165.01133786848072,32.32078613911206,32.323474683598064,1.3458251953125
G_12,26,sustain,21.894240362811793,22.06424036281179,20.88126984126984,21.05126984126984,170.0,169.97732426303855,33.29791585611146,33.2962438131443,1.3458251953125
G_12,26,decay,22.014240362811794,22.13424036281179,21.001269841269842,21.12126984126984,120.0,119.97732426303854,23.504411192549266,23.50192449511026,1.3458251953125
G_12,27,attack,22.17795918367347,22.252959183673468,21.173696145124715,21.248696145124715,74.98866213151928,74.98866213151928,14.688960928022416,14.688893243963205,2.691650390625
G_12,27,stabilization,22.252959183673468,22.33295918367347,21.248696145124715,21.328696145124717,80.0,80.0,15.670593938331743,15.670521731086238,2.691650390625
G_12,27,body,22.33295918367347,22.49795918367347,21.328696145124717,21.493696145124716,165.01133786848072,165.01133786848072,32.32282088697282,32.322671949295504,1.3458251953125
G_12,27,sustain,22.49795918367347,22.667959183673467,21.493696145124716,21.663696145124714,169.97732426303855,169.97732426303855,33.29557034062776,33.295416920697974,1.3458251953125
G_12,27,decay,22.61795918367347,22.737959183673468,21.613696145124717,21.733696145124714,119.97732426303854,119.97732426303854,23.501449129170425,23.50134083876907,1.3458251953125
G_12,28,attack,22.76716553287982,22.842165532879818,21.757097505668934,21.832097505668933,74.98866213151928,74.98866213151928,14.687493132430461,14.688824429587921,2.691650390625
G_12,28,stabilization,22.842165532879818,22.92216553287982,21.832097505668933,21.912097505668935,80.0,80.0,15.669028052982965,15.67044831798796,2.691650390625
G_12,28,body,22.92216553287982,23.08716553287982,21.912097505668935,22.077097505668934,165.01133786848072,165.01133786848072,32.31959102651844,32.32252052437596,1.3458251953125
G_12,28,sustain,23.08716553287982,23.257165532879817,22.077097505668934,22.247097505668933,169.97732426303855,169.97732426303855,33.29224327810666,33.29526093867283,1.3458251953125
G_12,28,decay,23.20716553287982,23.327165532879818,22.197097505668935,22.317097505668933,120.0,119.97732426303854,23.503542079474446,23.501230739930357,1.3458251953125
G_12,29,attack,23.365079365079364,23.440079365079363,22.363718820861678,22.438718820861677,74.98866213151928,74.98866213151928,14.68809951608766,14.689927262564707,2.691650390625
G_12,29,stabilization,23.440079365079363,23.520079365079365,22.438718820861677,22.51871882086168,80.0,80.0,15.669674960011271,15.671624851021557,2.691650390625
G_12,29,body,23.520079365079365,23.685079365079364,22.51871882086168,22.683718820861678,165.01133786848072,165.01133786848072,32.320925363946145,32.32494729049996,1.3458251953125
G_12,29,sustain,23.685079365079364,23.855079365079362,22.683718820861678,22.853718820861676,169.97732426303855,169.97732426303855,33.293617772178145,33.2977607378848,1.3458251953125
G_12,29,decay,23.805079365079365,23.925079365079363,22.80371882086168,22.923718820861676,120.0,119.97732426303854,23.504512440016907,23.50299520599633,1.3458251953125
G_12,30,attack,23.980408163265306,24.055408163265305,22.961632653061226,23.036632653061226,74.98866213151928,74.98866213151928,14.687530156364138,14.687912311513463,2.691650390625
G_12,30,stabilization,24.055408163265305,24.135408163265307,23.036632653061226,23.116632653061227,80.0,80.0,15.66906755114989,15.669475244940882,2.691650390625
G_12,30,body,24.135408163265307,24.300408163265306,23.116632653061227,23.281632653061227,165.01133786848072,165.01133786848072,32.319672497085534,32.32051342330919,1.3458251953125
G_12,30,sustain,24.300408163265306,24.470408163265304,23.281632653061227,23.451632653061225,170.0,170.0,33.29676854619351,33.29763489549937,1.3458251953125
G_12,30,decay,24.420408163265307,24.540408163265305,23.401632653061228,23.521632653061225,120.0,120.0,23.503601326724834,23.504212867411322,1.3458251953125
G_12,31,attack,24.58702947845805,24.66202947845805,23.54503401360544,23.62003401360544,74.98866213151928,74.98866213151928,14.687860464315884,14.689777497626805,2.691650390625
G_12,31,stabilization,24.66202947845805,24.74202947845805,23.62003401360544,23.700034013605443,80.0,80.0,15.669419932901855,15.67146507760126,2.691650390625
G_12,31,body,24.74202947845805,24.90702947845805,23.700034013605443,23.86503401360544,165.01133786848072,165.01133786848072,32.320399334389684,32.32461773517698,1.3458251953125
G_12,31,sustain,24.90702947845805,25.077029478458048,23.86503401360544,24.03503401360544,170.0,170.0,33.297517357416446,33.30186328990268,1.3458251953125
G_12,31,decay,25.02702947845805,25.147029478458048,23.985034013605443,24.10503401360544,120.0,120.0,23.504129899352783,23.50719761640189,1.3458251953125
G_12,32,attack,25.184943310657598,25.259943310657597,24.151655328798185,24.226655328798184,74.98866213151928,74.98866213151928,14.686473516543106,14.69036851116275,2.691650390625
G_12,32,stabilization,25.259943310657597,25.3399433106576,24.226655328798184,24.306655328798186,80.0,80.0,15.66794029826552,15.672095587354757,2.691650390625
G_12,32,body,25.3399433106576,25.5049433106576,24.306655328798186,24.471655328798185,165.01133786848072,165.01133786848072,32.31734737825346,32.325918250901516,1.3458251953125
G_12,32,sustain,25.5049433106576,25.674943310657596,24.471655328798185,24.641655328798183,170.0,170.0,33.29437313381423,33.30320312312886,1.3458251953125
G_12,32,decay,25.6249433106576,25.744943310657597,24.591655328798186,24.711655328798184,120.0,120.0,23.50191044739828,23.508143381032134,1.3458251953125
G_12,33,attack,25.782857142857143,25.857857142857142,24.769886621315194,24.844886621315194,74.98866213151928,74.98866213151928,14.688345333870647,14.688812970995981,2.691650390625
G_12,33,stabilization,25.857857142857142,25.937857142857144,24.844886621315194,24.924886621315196,80.0,80.0,15.669937205290488,15.670436093641918,2.691650390625
G_12,33,body,25.937857142857144,26.102857142857143,24.924886621315196,25.089886621315195,165.01133786848072,165.01133786848072,32.32146628200081,32.32249530992977,1.3458251953125
G_12,33,sustain,26.102857142857143,26.27285714285714,25.089886621315195,25.259886621315193,170.0,170.0,33.298616561242284,33.299676698989074,1.3458251953125
G_12,33,decay,26.222857142857144,26.34285714285714,25.209886621315196,25.329886621315193,120.0,120.0,23.50490580793573,23.505654140462877,1.3458251953125
G_12,34,attack,26.363356009070294,26.438356009070294,25.36199546485261,25.436995464852608,74.98866213151928,74.98866213151928,14.688074488707878,14.689113199408705,2.691650390625
G_12,34,stabilization,26.438356009070294,26.518356009070295,25.436995464852608,25.51699546485261,80.0,80.0,15.669648260103234,15.670756385701214,2.691650390625
G_12,34,body,26.518356009070295,26.683356009070295,25.51699546485261,25.68199546485261,165.01133786848072,165.01133786848072,32.32087029160182,32.32315595769494,1.3458251953125
G_12,34,sustain,26.683356009070295,26.853356009070293,25.68199546485261,25.851995464852607,170.0,170.0,33.298002552719375,33.300357319615074,1.3458251953125
G_12,34,decay,26.803356009070296,26.923356009070293,25.80199546485261,25.921995464852607,120.0,120.0,23.50447239015485,23.50613457855182,1.3458251953125
G_12,35,attack,26.993197278911566,27.068197278911565,25.95700680272109,26.03200680272109,74.98866213151928,74.98866213151928,14.690910560761516,14.68799171797941,2.691650390625
G_12,35,stabilization,27.068197278911565,27.148197278911567,26.03200680272109,26.11200680272109,80.0,80.0,15.672673861011985,15.66955995797743,2.691650390625
G_12,35,body,27.148197278911567,27.313197278911566,26.11200680272109,26.27700680272109,165.01133786848072,165.01133786848072,32.32711102227443,32.32068815595288,1.3458251953125
G_12,35,sustain,27.313197278911566,27.483197278911565,26.27700680272109,26.447006802721088,170.0,170.0,33.30443195465047,33.29781491070203,1.3458251953125
G_12,35,decay,27.433197278911567,27.553197278911565,26.39700680272109,26.517006802721088,120.0,120.0,23.509010791517973,23.504339936966144,1.3458251953125
G_12,36,attack,27.59111111111111,27.66611111111111,26.554920634920634,26.629920634920634,74.98866213151928,74.98866213151928,14.690183529311069,14.689501939998536,2.691650390625
G_12,36,stabilization,27.66611111111111,27.746111111111112,26.629920634920634,26.709920634920636,80.0,80.0,15.671898243546858,15.671171105024142,2.691650390625
G_12,36,body,27.746111111111112,27.91111111111111,26.709920634920636,26.874920634920635,165.01133786848072,165.01133786848072,32.325511201329505,32.32401137507389,1.3458251953125
G_12,36,sustain,27.91111111111111,28.08111111111111,26.874920634920635,27.044920634920633,170.0,170.0,33.30278376753707,33.3012385981763,1.3458251953125
G_12,36,decay,28.031111111111112,28.15111111111111,26.994920634920636,27.114920634920633,120.0,120.0,23.507847365320284,23.50675665753621,1.3458251953125
G_12,37,attack,28.186122448979592,28.26112244897959,27.158639455782314,27.233639455782313,74.98866213151928,74.98866213151928,14.688291619224431,14.689195333188806,2.691650390625
G_12,37,stabilization,28.26112244897959,28.341122448979593,27.233639455782313,27.313639455782315,80.0,80.0,15.66987990100508,15.670844008312702,2.691650390625
G_12,37,body,28.341122448979593,28.506122448979593,27.313639455782315,27.478639455782314,165.01133786848072,165.01133786848072,32.3213480837908,32.323336691749304,1.3458251953125
G_12,37,sustain,28.506122448979593,28.67612244897959,27.478639455782314,27.648639455782313,170.0,170.0,33.2984947896358,33.300543517664494,1.3458251953125
G_12,37,decay,28.626122448979594,28.74612244897959,27.598639455782315,27.718639455782313,120.0,120.0,23.504819851507616,23.506266012469055,1.3458251953125
G_12,38,attack,28.778231292517006,28.853231292517005,27.75655328798186,27.83155328798186,74.98866213151928,74.98866213151928,14.68289551786917,14.689774487332798,2.691650390625
G_12,38,stabilization,28.853231292517005,28.933231292517007,27.83155328798186,27.91155328798186,80.0,80.0,15.664123189308265,15.671461866135504,2.691650390625
G_12,38,body,28.933231292517007,29.098231292517006,27.91155328798186,28.07655328798186,165.01133786848072,165.01133786848072,32.30947405005563,32.324611111073715,1.3458251953125
G_12,38,sustain,29.098231292517006,29.268231292517005,28.07655328798186,28.246553287981857,170.0,170.0,33.28626177728007,33.301856465537945,1.3458251953125
G_12,38,decay,29.218231292517007,29.338231292517005,28.19655328798186,28.316553287981858,120.0,120.0,23.4961847839624,23.507192799203253,1.3458251953125
G_12,39,attack,29.396462585034012,29.47146258503401,28.348662131519273,28.423662131519272,74.98866213151928,74.98866213151928,14.689687482416671,14.689310355919016,2.691650390625
G_12,39,stabilization,29.47146258503401,29.551462585034013,28.423662131519272,28.503662131519274,80.0,80.0,15.671369046859999,15.67096671777511,2.691650390625
G_12,39,body,29.551462585034013,29.716462585034012,28.503662131519274,28.668662131519273,165.01133786848072,165.01133786848072,32.32441965816333,32.323589797406306,1.3458251953125
G_12,39,sustain,29.716462585034012,29.88646258503401,28.668662131519273,28.83866213151927,169.97732426303855,169.97732426303855,33.29721722654835,33.29636239128181,1.3458251953125
G_12,39,decay,29.836462585034013,29.95646258503401,28.788662131519274,28.90866213151927,119.97732426303854,119.97732426303854,23.502611572260843,23.502008192672363,1.3458251953125
G_12,40,attack,30.00308390022676,30.07808390022676,28.978503401360545,29.053503401360544,74.98866213151928,74.98866213151928,14.691937207268353,14.689025340818079,2.691650390625
G_12,40,stabilization,30.07808390022676,30.15808390022676,29.053503401360544,29.133503401360546,80.0,80.0,15.673769116190734,15.670662655701898,2.691650390625
G_12,40,body,30.15808390022676,30.32308390022676,29.133503401360546,29.298503401360545,165.01133786848072,165.01133786848072,32.32937014130385,32.32296262628762,1.3458251953125
G_12,40,sustain,30.32308390022676,30.493083900226758,29.298503401360545,29.468503401360543,170.0,170.0,33.30675937190531,33.30015814336654,1.3458251953125
G_12,40,decay,30.44308390022676,30.563083900226758,29.418503401360546,29.538294784580497,120.0,119.77324263038548,23.5106536742861,23.461576005503808,1.3458251953125
G_12,41,attack,30.58938775510204,30.66438775510204,29.550294784580498,29.625294784580497,74.98866213151928,74.98866213151928,14.6914072532501,14.688309060273346,2.691650390625
G_12,41,stabilization,30.66438775510204,30.744387755102043,29.625294784580497,29.7052947845805,80.0,80.0,15.673203746436757,15.669898507603374,2.691650390625
G_12,41,body,30.744387755102043,30.909387755102042,29.7052947845805,29.870294784580498,165.01133786848072,165.01133786848072,32.32820398606017,32.32138646253678,1.3458251953125
G_12,41,sustain,30.909387755102042,31.07938775510204,29.870294784580498,30.040294784580496,170.0,169.97732426303855,33.3055579611781,33.29409274744753,1.3458251953125
G_12,41,decay,31.029387755102043,31.14938775510204,29.9902947845805,30.110294784580496,120.0,120.0,23.509805619655133,23.504847761405063,1.3458251953125
G_12,42,attack,31.175691609977324,31.250691609977324,30.168526077097507,30.243526077097506,74.98866213151928,74.98866213151928,14.693923021163782,14.689633837252849,2.691650390625
G_12,42,stabilization,31.250691609977324,31.330691609977325,30.243526077097506,30.323526077097508,80.0,80.0,15.675887637939468,15.67131181670035,2.691650390625
G_12,42,body,31.330691609977325,31.495691609977325,30.323526077097508,30.488526077097507,165.01133786848072,165.01133786848072,32.33373989265462,32.324301612848195,1.3458251953125
G_12,42,sustain,31.495691609977325,31.665691609977323,30.488526077097507,30.658526077097505,170.0,170.0,33.31126123062137,33.301537610488246,1.3458251953125
G_12,42,decay,31.615691609977326,31.735691609977323,30.60852607709751,30.728526077097506,120.0,120.0,23.5138314569092,23.506967725050526,1.3458251953125
G_12,43,attack,31.791020408163266,31.866020408163266,30.743219954648527,30.818219954648526,74.98866213151928,74.98866213151928,14.690390808763109,14.68913154822085,2.691650390625
G_12,43,stabilization,31.866020408163266,31.946020408163267,30.818219954648526,30.89821995464853,80.0,80.0,15.67211937505783,15.67077596072669,2.691650390625
G_12,43,body,31.946020408163267,32.11102040816326,30.89821995464853,31.063219954648527,165.01133786848072,165.01133786848072,32.325967316410384,32.32319633395922,1.3458251953125
G_12,43,sustain,32.11102040816326,32.281020408163265,31.063219954648527,31.233219954648526,170.0,170.0,33.303253671997886,33.30039891654422,1.3458251953125
G_12,43,decay,32.23102040816327,32.351020408163265,31.18321995464853,31.303219954648526,120.0,120.0,23.508179062586745,23.506163941090033,1.3458251953125
G_12,44,attack,32.374421768707485,32.44942176870749,31.381768707482994,31.456768707482993,74.98866213151928,74.98866213151928,14.693832249113928,14.689988427681671,2.691650390625
G_12,44,stabilization,32.44942176870749,32.529421768707486,31.456768707482993,31.536768707482995,80.0,80.0,15.675790799780446,15.671690103677332,2.691650390625
G_12,44,body,32.529421768707486,32.694421768707485,31.536768707482995,31.701768707482994,165.01133786848072,165.01133786848072,32.333540150227414,32.32508188335032,1.3458251953125
G_12,44,sustain,32.694421768707485,32.86442176870749,31.701768707482994,31.871768707482993,170.0,170.0,33.31105544953345,33.30234147031433,1.3458251953125
G_12,44,decay,32.81442176870748,32.93442176870749,31.821768707482995,31.915437641723354,120.0,93.65079365079364,23.513686199670666,18.345827700733384,1.3458251953125
G_12,45,attack,33.00426303854875,33.07926303854875,31.927437641723355,32.002437641723354,75.01133786848072,74.98866213151928,14.700038682073474,14.688758087265503,2.691650390625
G_12,45,stabilization,33.07926303854875,33.15926303854875,32.002437641723354,32.08243764172335,80.0,80.0,15.677671242549943,15.67037754214475,2.691650390625
G_12,45,body,33.15926303854875,33.32426303854875,32.08243764172335,32.24743764172335,164.98866213151928,164.98866213151928,32.332975045576354,32.31793282217835,1.3458251953125
G_12,45,sustain,33.32426303854875,33.49426303854875,32.24743764172335,32.41743764172335,170.02267573696145,170.0,33.31949517478443,33.2995522770576,1.3458251953125
G_12,45,decay,33.44426303854875,33.56426303854875,32.367437641723356,32.48743764172335,120.02267573696145,120.0,23.520950648190716,23.505566313217127,1.3458251953125
G_12,46,attack,33.59056689342404,33.66556689342404,32.53986394557823,32.614863945578236,74.98866213151928,74.98866213151928,14.694660711743204,14.690276401970797,2.691650390625
G_12,46,stabilization,33.66556689342404,33.74556689342404,32.614863945578236,32.694863945578234,80.0,80.0,15.67667462686121,15.671997322695184,2.691650390625
G_12,46,body,33.74556689342404,33.91056689342404,32.694863945578234,32.85986394557823,165.01133786848072,165.01133786848072,32.33536316884043,32.32571556611475,1.3458251953125
G_12,46,sustain,33.91056689342404,34.08056689342404,32.85986394557823,33.029863945578235,170.0,170.0,33.31293358208007,33.302994310727264,1.3458251953125
G_12,46,decay,34.03056689342404,34.15056689342404,32.97986394557823,33.099863945578235,120.0,120.0,23.515011940291817,23.507995984042775,1.3458251953125
G_12,47,attack,34.18267573696145,34.25767573696145,33.14648526077097,33.221485260770976,74.98866213151928,74.98866213151928,14.695587983311787,14.689246587546002,2.691650390625
G_12,47,stabilization,34.25767573696145,34.33767573696145,33.221485260770976,33.301485260770974,80.0,80.0,15.677663866079222,15.670898687893047,2.691650390625
G_12,47,body,34.33767573696145,34.50267573696145,33.301485260770974,33.46648526077097,165.01133786848072,165.01133786848072,32.337403614925876,32.323449476133135,1.3458251953125
G_12,47,sustain,34.50267573696145,34.67267573696145,33.46648526077097,33.636485260770975,170.0,170.0,33.31503571541835,33.30065971177272,1.3458251953125
G_12,47,decay,34.62267573696145,34.74267573696145,33.58648526077097,33.706485260770975,120.02267573696145,120.02267573696145,23.5209395813938,23.51078989654702,1.3458251953125
C_12,0,attack,2.1507482993197278,2.225748299319728,4.916825396825397,4.991825396825397,74.98866213151928,74.98866213151928,19.64863941234905,19.587111150540558,2.691650390625
C_12,0,stabilization,2.225748299319728,2.3057482993197276,4.991825396825397,5.071825396825397,80.0,80.0,20.961717522457647,20.89607745361569,2.691650390625
C_12,0,body,2.3057482993197276,2.4707482993197276,5.071825396825397,5.236825396825397,164.98866213151928,165.01133786848072,43.2305716251139,43.101121210306516,1.3458251953125
C_12,0,sustain,2.4707482993197276,2.6407482993197275,5.236825396825397,5.406825396825397,170.0,170.0,44.5436497352225,44.40416458893334,1.3458251953125
C_12,0,decay,2.5907482993197277,2.710748299319728,5.356825396825397,5.476825396825397,120.02267573696145,120.0,31.448517813596467,31.344116180423534,1.3458251953125
C_12,1,attack,2.7689795918367346,2.8439795918367348,5.506031746031746,5.581031746031746,74.98866213151928,74.98866213151928,19.651471871405803,19.58413501448583,2.691650390625
C_12,1,stabilization,2.8439795918367348,2.9239795918367344,5.581031746031746,5.661031746031746,80.0,80.0,20.964739268920372,20.892902428517093,2.691650390625
C_12,1,body,2.9239795918367344,3.0889795918367344,5.661031746031746,5.826031746031746,165.01133786848072,165.01133786848072,43.24274593535531,43.09457227106544,1.3458251953125
C_12,1,sustain,3.0889795918367344,3.2589795918367344,5.826031746031746,5.996031746031746,169.97732426303855,170.0,44.5441285600417,44.39741766059882,1.3458251953125
C_12,1,decay,3.2089795918367345,3.3258684807256236,5.946031746031746,6.065823129251701,116.87074829931973,119.77324263038548,30.627059578235713,31.280133397796845,1.3458251953125
C_12,2,attack,3.3378684807256236,3.4128684807256238,6.0778231292517,6.152823129251701,74.98866213151928,74.98866213151928,19.64615007401647,19.580627500347692,2.691650390625
C_12,2,stabilization,3.4128684807256238,3.4928684807256234,6.152823129251701,6.232823129251701,80.0,80.0,20.959061826770522,20.88916051443201,2.691650390625
C_12,2,body,3.4928684807256234,3.6578684807256234,6.232823129251701,6.397823129251701,165.01133786848072,165.01133786848072,43.23103540629509,43.08685404294834,1.3458251953125
C_12,2,sustain,3.6578684807256234,3.8278684807256234,6.397823129251701,6.567823129251701,170.0,170.0,44.53800638188736,44.389466093168025,1.3458251953125
C_12,2,decay,3.7778684807256235,3.8978684807256236,6.517823129251701,6.6378231292517,120.0,120.0,31.43859274015578,31.333740771648014,1.3458251953125
C_12,3,attack,3.947392290249433,4.022392290249433,6.696054421768707,6.771054421768707,74.98866213151928,74.98866213151928,19.64340303587351,19.581850419391024,2.691650390625
C_12,3,stabilization,4.022392290249433,4.102392290249433,6.771054421768707,6.8510544217687075,80.0,80.0,20.956131209725356,20.89046515863669,2.691650390625
C_12,3,body,4.102392290249433,4.2673922902494335,6.8510544217687075,7.0160544217687075,165.01133786848072,165.01133786848072,43.22499059330255,43.08954505651904,1.3458251953125
C_12,3,sustain,4.2673922902494335,4.437392290249433,7.0160544217687075,7.1860544217687075,170.0,170.0,44.531778820666375,44.39223846210296,1.3458251953125
C_12,3,decay,4.387392290249434,4.507392290249433,7.136054421768708,7.256054421768708,119.97732426303854,120.0,31.42825686810001,31.335697737955034,1.3458251953125
C_12,4,attack,4.551111111111111,4.626111111111111,7.328798185941043,7.403798185941043,74.98866213151928,74.98866213151928,19.64275412629305,19.57446153246373,2.691650390625
C_12,4,stabilization,4.626111111111111,4.706111111111111,7.403798185941043,7.483798185941043,80.0,80.0,20.95543893485391,20.882582487611742,2.691650390625
C_12,4,body,4.706111111111111,4.871111111111111,7.483798185941043,7.648798185941043,165.01133786848072,165.01133786848072,43.223562678268685,43.073285930371505,1.3458251953125
C_12,4,sustain,4.871111111111111,5.041111111111111,7.648798185941043,7.818798185941043,170.0,170.0,44.53030773656456,44.37548778617495,1.3458251953125
C_12,4,decay,4.9911111111111115,5.111111111111111,7.768798185941043,7.888798185941043,119.97732426303854,120.0,31.427218652015885,31.323873731417617,1.3458251953125
C_12,5,attack,5.154829931972789,5.229829931972789,7.923809523809524,7.998809523809524,74.98866213151928,74.98866213151928,19.634499966236515,19.578336471041347,2.691650390625
C_12,5,stabilization,5.229829931972789,5.309829931972789,7.998809523809524,8.078809523809523,80.0,80.0,20.946633166278325,20.886716380354965,2.691650390625
C_12,5,body,5.309829931972789,5.474829931972789,8.078809523809523,8.243809523809524,165.01133786848072,165.01133786848072,43.20539953259846,43.081812670023545,1.3458251953125
C_12,5,sustain,5.474829931972789,5.644829931972789,8.243809523809524,8.413809523809524,170.0,170.0,44.51159547834144,44.3842723082543,1.3458251953125
C_12,5,decay,5.594829931972789,5.714829931972789,8.363809523809524,8.483809523809525,119.97732426303854,120.0,31.414012495118655,31.330074570532446,1.3458251953125
C_12,6,attack,5.778866213151927,5.853866213151927,8.518820861678005,8.593820861678005,75.01133786848072,74.98866213151928,19.641984361765676,19.574954008959548,2.691650390625
C_12,6,stabilization,5.853866213151927,5.933866213151927,8.593820861678005,8.673820861678005,80.0,80.0,20.948283200819013,20.88310787529764,2.691650390625
C_12,6,body,5.933866213151927,6.098866213151927,8.673820861678005,8.838820861678006,165.01133786848072,165.01133786848072,43.208802962687066,43.07436961693337,1.3458251953125
C_12,6,sustain,6.098866213151927,6.268866213151927,8.838820861678006,9.008820861678005,170.0,170.0,44.51510180174041,44.37660423500748,1.3458251953125
C_12,6,decay,6.2188662131519274,6.3388662131519276,8.958820861678005,9.078820861678006,120.0,120.0,31.422424801228523,31.324661812946456,1.3458251953125
C_12,7,attack,6.379682539682539,6.45468253968254,9.122539682539683,9.197539682539682,74.98866213151928,74.98866213151928,19.634662739212395,19.57647845488434,2.691650390625
C_12,7,stabilization,6.45468253968254,6.53468253968254,9.197539682539682,9.277539682539683,80.0,80.0,20.94680681703699,20.884734196804345,2.691650390625
C_12,7,body,6.53468253968254,6.69968253968254,9.277539682539683,9.442539682539683,165.01133786848072,165.01133786848072,43.20575771189858,43.07772413552868,1.3458251953125
C_12,7,sustain,6.69968253968254,6.86968253968254,9.442539682539683,9.612539682539683,170.0,170.0,44.51196448620361,44.38006016820923,1.3458251953125
C_12,7,decay,6.81968253968254,6.93968253968254,9.562539682539683,9.682539682539684,120.0,120.0,31.420210225555486,31.327101295206514,1.3458251953125
C_12,8,attack,7.003718820861678,7.0787188208616785,9.74657596371882,9.82157596371882,74.98866213151928,74.98866213151928,19.63620479957744,19.576489545237635,2.691650390625
C_12,8,stabilization,7.0787188208616785,7.1587188208616785,9.82157596371882,9.90157596371882,80.0,80.0,20.948451930120715,20.884746028303105,2.691650390625
C_12,8,body,7.1587188208616785,7.323718820861679,9.90157596371882,10.06657596371882,165.01133786848072,165.01133786848072,43.20915099078471,43.07774853967169,1.3458251953125
C_12,8,sustain,7.323718820861679,7.4937188208616785,10.06657596371882,10.23657596371882,170.0,170.0,44.51546035150651,44.3800853101441,1.3458251953125
C_12,8,decay,7.443718820861679,7.563718820861679,10.18657596371882,10.30657596371882,120.0,120.02267573696145,31.422677895181067,31.333038755047717,1.3458251953125
C_12,9,attack,7.592925170068027,7.6679251700680275,10.327074829931973,10.402074829931973,74.98866213151928,74.98866213151928,19.63944215356084,19.576859773067234,2.691650390625
C_12,9,stabilization,7.6679251700680275,7.747925170068028,10.402074829931973,10.482074829931973,80.0,80.0,20.951905629804244,20.88514099769616,2.691650390625
C_12,9,body,7.747925170068028,7.912925170068028,10.482074829931973,10.647074829931974,165.01133786848072,165.01133786848072,43.2162747358519,43.07856322002124,1.3458251953125
C_12,9,sustain,7.912925170068028,8.082925170068027,10.647074829931974,10.817074829931974,170.0,170.0,44.522799463334024,44.38092462010434,1.3458251953125
C_12,9,decay,8.032925170068028,8.152925170068027,10.767074829931973,10.887074829931974,120.0,120.0,31.427858444706366,31.327711496544236,1.3458251953125
C_12,10,attack,8.17922902494331,8.25422902494331,10.91047619047619,10.98547619047619,74.98866213151928,74.98866213151928,19.643477523922098,19.575093999196714,2.691650390625
C_12,10,stabilization,8.25422902494331,8.33422902494331,10.98547619047619,11.06547619047619,80.0,80.0,20.956210675656838,20.883257220794075,2.691650390625
C_12,10,body,8.33422902494331,8.499229024943311,11.06547619047619,11.23047619047619,165.01133786848072,165.01133786848072,43.225154503048415,43.07467766318551,1.3458251953125
C_12,10,sustain,8.499229024943311,8.669229024943311,11.23047619047619,11.40047619047619,170.0,170.0,44.53194768577078,44.37692159418741,1.3458251953125
C_12,10,decay,8.61922902494331,8.739229024943311,11.35047619047619,11.470476190476191,120.0,120.0,31.434316013485258,31.324885831191114,1.3458251953125
C_12,11,attack,11.131065759637188,11.206065759637188,11.52580498866213,11.60080498866213,74.98866213151928,75.01133786848072,19.63946900477285,19.58409563252455,2.691650390625
C_12,11,stabilization,11.206065759637188,11.286065759637188,11.60080498866213,11.68080498866213,80.0,80.0,20.951934275427462,20.88654455609027,2.691650390625
C_12,11,body,11.286065759637188,11.451065759637189,11.68080498866213,11.845804988662131,165.01133786848072,165.01133786848072,43.21633382150954,43.081458258126105,1.3458251953125
C_12,11,sustain,11.451065759637189,11.621065759637188,11.845804988662131,12.015804988662131,170.0,170.0,44.522860335283355,44.383907181691825,1.3458251953125
C_12,11,decay,11.571065759637188,11.691065759637189,11.96580498866213,12.085804988662131,120.0,120.0,31.427901413141193,31.329816834135407,1.3458251953125
C_12,12,attack,11.763809523809524,11.838809523809523,12.132426303854876,12.207426303854875,74.98866213151928,74.98866213151928,19.644699088932718,19.580824907546653,2.691650390625
C_12,12,stabilization,11.838809523809523,11.918809523809523,12.207426303854875,12.287426303854875,80.0,80.0,20.95751387534159,20.88937111394756,2.691650390625
C_12,12,body,11.918809523809523,12.083809523809524,12.287426303854875,12.452426303854876,165.01133786848072,165.01133786848072,43.227842537092044,43.087288434296035,1.3458251953125
C_12,12,sustain,12.083809523809524,12.253809523809524,12.452426303854876,12.622426303854876,170.0,170.0,44.53471698510087,44.389913617138575,1.3458251953125
C_12,12,decay,12.203809523809523,12.323809523809524,12.572426303854876,12.686412698412697,120.0,113.96825396825398,31.43627081301238,29.759064404393552,1.3458251953125
C_12,13,attack,12.376235827664399,12.451235827664398,12.698412698412698,12.773412698412697,74.98866213151928,74.98866213151928,19.640926685194128,19.579622642637716,2.691650390625
C_12,13,stabilization,12.451235827664398,12.531235827664398,12.773412698412697,12.853412698412697,80.0,80.0,20.953489369629537,20.888088504150545,2.691650390625
C_12,13,body,12.531235827664398,12.696235827664399,12.853412698412697,13.018412698412698,165.01133786848072,165.01133786848072,43.21954142369449,43.084642869813926,1.3458251953125
C_12,13,sustain,12.696235827664399,12.866235827664399,13.018412698412698,13.188412698412698,170.0,170.0,44.52616491046277,44.38718807131991,1.3458251953125
C_12,13,decay,12.816235827664398,12.933124716553287,13.138412698412697,13.258412698412698,116.87074829931973,120.0,30.610624776380565,31.332132756225818,1.3458251953125
C_12,14,attack,12.945124716553288,13.020124716553287,13.305034013605443,13.380034013605442,74.98866213151928,74.98866213151928,19.631343190839285,19.57950968869219,2.691650390625
C_12,14,stabilization,13.020124716553287,13.100124716553287,13.380034013605442,13.460034013605442,80.0,80.0,20.943265430081947,20.887968001725447,2.691650390625
C_12,14,body,13.100124716553287,13.265124716553288,13.460034013605442,13.625034013605443,165.01133786848072,165.01133786848072,43.19845309940656,43.08439431648415,1.3458251953125
C_12,14,sustain,13.265124716553288,13.435124716553288,13.625034013605443,13.795034013605443,170.0,170.0,44.50443903892413,44.38693200366657,1.3458251953125
C_12,14,decay,13.385124716553287,13.505124716553288,13.745034013605443,13.865034013605444,120.0,120.0,31.414898145122923,31.331952002588174,1.3458251953125
C_12,15,attack,13.577868480725623,13.652868480725623,13.900045351473922,13.975045351473922,74.98866213151928,74.98866213151928,19.650121408796366,19.57822644794335,2.691650390625
C_12,15,stabilization,13.652868480725623,13.732868480725623,13.975045351473922,14.055045351473922,80.0,80.0,20.963298557675714,20.886599004639898,2.691650390625
C_12,15,body,13.732868480725623,13.897868480725624,14.055045351473922,14.220045351473923,165.01133786848072,165.01133786848072,43.239774264230775,43.08157056597634,1.3458251953125
C_12,15,sustain,13.897868480725624,14.067868480725624,14.220045351473923,14.390045351473923,170.0,170.0,44.547009435060886,44.38402288485978,1.3458251953125
C_12,15,decay,14.017868480725623,14.137868480725624,14.340045351473922,14.460045351473923,120.0,120.0,31.444947836513567,31.329898506959847,1.3458251953125
C_12,16,attack,14.161269841269842,14.236269841269841,14.509569160997733,14.584569160997733,74.98866213151928,74.98866213151928,19.6429757824641,19.576822273966393,2.691650390625
C_12,16,stabilization,14.236269841269841,14.316269841269841,14.584569160997733,14.664569160997733,80.0,80.0,20.955675403850417,20.885100992607633,2.691650390625
C_12,16,body,14.316269841269841,14.481269841269842,14.664569160997733,14.829569160997734,165.01133786848072,165.01133786848072,43.22405042908716,43.0784807038565,1.3458251953125
C_12,16,sustain,14.481269841269842,14.651269841269842,14.829569160997734,14.999569160997734,170.0,170.0,44.530810233182144,44.380839609291215,1.3458251953125
C_12,16,decay,14.601269841269842,14.721269841269843,14.949569160997733,15.069569160997734,120.0,120.0,31.43351310577563,31.327651488911446,1.3458251953125
C_12,17,attack,14.759183673469387,14.834183673469386,15.107482993197278,15.182482993197278,74.98866213151928,74.98866213151928,19.636822954292082,19.578738116701484,2.691650390625
C_12,17,stabilization,14.834183673469386,14.914183673469386,15.182482993197278,15.262482993197278,80.0,80.0,20.949111394841992,20.88714486716747,2.691650390625
C_12,17,body,14.914183673469386,15.079183673469387,15.262482993197278,15.427482993197279,165.01133786848072,165.01133786848072,43.2105112302339,43.082696484800934,1.3458251953125
C_12,17,sustain,15.079183673469387,15.249183673469387,15.427482993197279,15.597482993197278,170.0,170.0,44.51686171403924,44.38518284273088,1.3458251953125
C_12,17,decay,15.199183673469387,15.319183673469388,15.547482993197278,15.667482993197279,120.0,120.0,31.42366709226299,31.330717300751207,1.3458251953125
C_12,18,attack,15.95501133786848,16.03001133786848,15.719909297052155,15.794909297052154,74.98866213151928,74.98866213151928,19.628752237347356,19.57744034711052,2.691650390625
C_12,18,stabilization,16.03001133786848,16.11001133786848,15.794909297052154,15.874909297052154,80.0,80.0,20.94050132850362,20.885760370307203,2.691650390625
C_12,18,body,16.11001133786848,16.27501133786848,15.874909297052154,16.039909297052155,165.01133786848072,165.01133786848072,43.1927517481635,43.079840763811085,1.3458251953125
C_12,18,sustain,16.27501133786848,16.44501133786848,16.039909297052155,16.209909297052153,169.97732426303855,170.0,44.49262980682062,44.382240786902805,1.3458251953125
C_12,18,decay,16.395011337868482,16.500290249433107,16.159909297052156,16.268090702947845,105.26077097505669,108.16326530612245,27.552666430531122,28.23840050067045,1.3458251953125
C_12,19,attack,17.153741496598638,17.228741496598637,16.280090702947845,16.355090702947845,75.01133786848072,74.98866213151928,19.647506162453322,19.5779911038718,2.691650390625
C_12,19,stabilization,17.228741496598637,17.30874149659864,16.355090702947845,16.435090702947846,80.0,80.0,20.95417223129846,20.886347933008683,2.691650390625
C_12,19,body,17.30874149659864,17.473741496598638,16.435090702947846,16.600090702947846,165.01133786848072,165.01133786848072,43.22094992266409,43.08105269515425,1.3458251953125
C_12,19,sustain,17.473741496598638,17.643741496598636,16.600090702947846,16.770090702947844,169.97732426303855,169.97732426303855,44.52167660028721,44.37756919099577,1.3458251953125
C_12,19,decay,17.59374149659864,17.713741496598637,16.720090702947846,16.840090702947844,119.97732426303854,119.97732426303854,31.42531895572567,31.32360173286535,1.3458251953125
C_12,20,attack,17.77777777777778,17.852777777777778,16.90122448979592,16.976224489795918,74.98866213151928,74.98866213151928,19.631385224549394,19.579609862047757,2.691650390625
C_12,20,stabilization,17.852777777777778,17.93277777777778,16.976224489795918,17.05622448979592,80.0,80.0,20.943310272818344,20.88807486946008,2.691650390625
C_12,20,body,17.93277777777778,18.09777777777778,17.05622448979592,17.22122448979592,165.01133786848072,165.01133786848072,43.198545593905635,43.084614746332484,1.3458251953125
C_12,20,sustain,18.09777777777778,18.267777777777777,17.22122448979592,17.391224489795917,170.0,169.97732426303855,44.50453432973898,44.38123844146053,1.3458251953125
C_12,20,decay,18.21777777777778,18.337777777777777,17.34122448979592,17.461224489795917,120.0,120.0,31.414965409227516,31.33211230419012,1.3458251953125
C_12,21,attack,18.381496598639455,18.456496598639454,17.50204081632653,17.57704081632653,74.98866213151928,74.98866213151928,19.62654882956146,19.580194359264418,2.691650390625
C_12,21,stabilization,18.456496598639454,18.536496598639456,17.57704081632653,17.657040816326532,80.0,80.0,20.9381506715128,20.888698427422096,2.691650390625
C_12,21,body,18.536496598639456,18.701496598639455,17.657040816326532,17.82204081632653,165.01133786848072,165.01133786848072,43.187903184976946,43.085900923001866,1.3458251953125
C_12,21,sustain,18.701496598639455,18.871496598639453,17.82204081632653,17.99204081632653,169.97732426303855,170.0,44.48763532700113,44.38848415827196,1.3458251953125
C_12,21,decay,18.821496598639456,18.941496598639453,17.942040816326532,18.06204081632653,119.97732426303854,120.0,31.401291157305625,31.333047641133145,1.3458251953125
C_12,22,attack,18.964897959183673,19.039897959183673,18.11156462585034,18.18656462585034,74.98866213151928,74.98866213151928,19.63488124896677,19.581323569108196,2.691650390625
C_12,22,stabilization,19.039897959183673,19.119897959183675,18.18656462585034,18.266564625850343,80.0,80.0,20.94703992934828,20.889903100034385,2.691650390625
C_12,22,body,19.119897959183675,19.284897959183674,18.266564625850343,18.431564625850342,165.01133786848072,165.01133786848072,43.20623853907807,43.088385730994965,1.3458251953125
C_12,22,sustain,19.284897959183674,19.454897959183672,18.431564625850342,18.60156462585034,169.97732426303855,170.0,44.50652248027061,44.391044087573064,1.3458251953125
C_12,22,decay,19.404897959183675,19.52468934240363,18.551564625850343,18.67156462585034,119.77324263038548,120.0,31.361186198077558,31.33485465005158,1.3458251953125
C_12,23,attack,19.53668934240363,19.61168934240363,18.697868480725624,18.772868480725624,74.98866213151928,74.98866213151928,19.63401546428159,19.584774885771616,2.691650390625
C_12,23,stabilization,19.61168934240363,19.69168934240363,18.772868480725624,18.852868480725625,80.0,80.0,20.946116286055474,20.893585061083236,2.691650390625
C_12,23,body,19.69168934240363,19.85668934240363,18.852868480725625,19.017868480725625,165.01133786848072,165.01133786848072,43.20433339388482,43.09598029747809,1.3458251953125
C_12,23,sustain,19.85668934240363,20.02668934240363,19.017868480725625,19.187868480725623,170.0,170.0,44.51049710786788,44.398868254801876,1.3458251953125
C_12,23,decay,19.97668934240363,20.09668934240363,19.137868480725626,19.257868480725623,120.0,120.0,31.419174429083206,31.340377591624858,1.3458251953125
C_12,24,attack,20.149115646258505,20.224115646258504,19.29578231292517,19.37078231292517,74.98866213151928,74.98866213151928,19.639268079353116,19.58045810234658,2.691650390625
C_12,24,stabilization,20.224115646258504,20.304115646258506,19.37078231292517,19.45078231292517,80.0,80.0,20.951719922575684,20.888979795911318,2.691650390625
C_12,24,body,20.304115646258506,20.469115646258505,19.45078231292517,19.61578231292517,165.01133786848072,165.01133786848072,43.21589168837394,43.08648128538738,1.3458251953125
C_12,24,sustain,20.469115646258505,20.639115646258503,19.61578231292517,19.785782312925168,170.0,169.97732426303855,44.52240483547333,44.38316115367098,1.3458251953125
C_12,24,decay,20.589115646258506,20.709115646258503,19.73578231292517,19.855782312925168,120.0,119.97732426303854,31.42757988386353,31.327548781226415,1.3458251953125
C_12,25,attack,20.74702947845805,20.82202947845805,19.937233560090704,20.012233560090703,74.98866213151928,74.98866213151928,19.631068088678965,19.5836320427198,2.691650390625
C_12,25,stabilization,20.82202947845805,20.90202947845805,20.012233560090703,20.092233560090705,80.0,80.0,20.94297194341076,20.892365844183686,2.691650390625
C_12,25,body,20.90202947845805,21.06702947845805,20.092233560090705,20.257233560090704,165.01133786848072,165.01133786848072,43.197847741553325,43.09346548983126,1.3458251953125
C_12,25,sustain,21.06702947845805,21.237029478458048,20.257233560090704,20.427233560090702,169.97732426303855,170.0,44.49787916321062,44.396277418890335,1.3458251953125
C_12,25,decay,21.18702947845805,21.303918367346938,20.377233560090705,20.497233560090702,116.87074829931973,120.0,30.595260032975926,31.338548766275533,1.3458251953125
C_12,26,attack,21.31591836734694,21.390918367346938,20.526439909297054,20.601439909297053,74.98866213151928,74.98866213151928,19.637570802841676,19.580691259069003,2.691650390625
C_12,26,stabilization,21.390918367346938,21.47091836734694,20.601439909297053,20.681439909297055,80.0,80.0,20.949909220570134,20.88922853401737,2.691650390625
C_12,26,body,21.47091836734694,21.63591836734694,20.681439909297055,20.846439909297054,165.01133786848072,165.01133786848072,43.212156858868724,43.08699434298311,1.3458251953125
C_12,26,sustain,21.63591836734694,21.805918367346937,20.846439909297054,21.016439909297052,169.97732426303855,170.0,44.512618910825886,44.38961063478691,1.3458251953125
C_12,26,decay,21.75591836734694,21.875918367346937,20.966439909297055,21.086439909297052,119.97732426303854,120.0,31.41892564796955,31.33384280102606,1.3458251953125
C_12,27,attack,21.954467120181405,22.029467120181405,21.127256235827666,21.202256235827665,74.98866213151928,74.98866213151928,19.63352658120257,19.585434139727628,2.691650390625
C_12,27,stabilization,22.029467120181405,22.109467120181407,21.202256235827665,21.282256235827667,80.0,80.0,20.945594731927027,20.89428837162355,2.691650390625
C_12,27,body,22.109467120181407,22.274467120181406,21.282256235827667,21.447256235827666,165.01133786848072,165.01133786848072,43.20325761457851,43.09743097514302,1.3458251953125
C_12,27,sustain,22.274467120181406,22.444467120181404,21.447256235827666,21.617256235827664,169.97732426303855,170.0,44.503451845386905,44.40036278970004,1.3458251953125
C_12,27,decay,22.394467120181407,22.514467120181404,21.567256235827667,21.687256235827665,119.97732426303854,120.0,31.41245513793251,31.341432557435322,1.3458251953125
C_12,28,attack,22.54657596371882,22.62157596371882,21.707755102040817,21.782755102040817,75.01133786848072,74.98866213151928,19.646629779783147,19.581852821681917,2.691650390625
C_12,28,stabilization,22.62157596371882,22.70157596371882,21.782755102040817,21.86275510204082,80.0,80.0,20.953237564412014,20.890467721467736,2.691650390625
C_12,28,body,22.70157596371882,22.86657596371882,21.86275510204082,22.027755102040818,164.98866213151928,165.01133786848072,43.2130829134529,43.08955034272129,1.3458251953125
C_12,28,sustain,22.86657596371882,23.036575963718818,22.027755102040818,22.197755102040816,170.0,170.0,44.525629824375535,44.392243908118935,1.3458251953125
C_12,28,decay,22.98657596371882,23.106575963718818,22.14775510204082,22.26754648526077,119.97732426303854,119.77324263038548,31.423917220324256,31.276488238319892,1.3458251953125
C_12,29,attack,23.144489795918368,23.219489795918367,22.27954648526077,22.35454648526077,74.98866213151928,74.98866213151928,19.647048726140298,19.58350010626333,2.691650390625
C_12,29,stabilization,23.219489795918367,23.29948979591837,22.35454648526077,22.43454648526077,80.0,80.0,20.960020533965217,20.892225090685525,2.691650390625
C_12,29,body,23.29948979591837,23.464489795918368,22.43454648526077,22.59954648526077,165.01133786848072,165.01133786848072,43.23301287575535,43.09317516579324,1.3458251953125
C_12,29,sustain,23.464489795918368,23.634489795918366,22.59954648526077,22.76954648526077,170.0,169.97732426303855,44.54004363467609,44.390056485198045,1.3458251953125
C_12,29,decay,23.58448979591837,23.704489795918366,22.71954648526077,22.83954648526077,120.0,119.97732426303854,31.440030800947824,31.33241580351959,1.3458251953125
C_12,30,attack,23.733696145124718,23.808696145124717,22.886167800453514,22.961167800453513,74.98866213151928,74.98866213151928,19.64232450167247,19.579843422678174,2.691650390625
C_12,30,stabilization,23.808696145124717,23.88869614512472,22.961167800453513,23.041167800453515,80.0,80.0,20.954980599304648,20.888324038466465,2.691650390625
C_12,30,body,23.88869614512472,24.053696145124718,23.041167800453515,23.206167800453514,165.01133786848072,165.01133786848072,43.22261729624148,43.08512869272121,1.3458251953125
C_12,30,sustain,24.053696145124718,24.223696145124716,23.206167800453514,23.376167800453512,170.0,169.97732426303855,44.52933377352238,44.381767854972956,1.3458251953125
C_12,30,decay,24.17369614512472,24.293696145124716,23.326167800453515,23.446167800453512,120.0,119.97732426303854,31.432470898956975,31.32656533093142,1.3458251953125
C_12,31,attack,24.346122448979592,24.42112244897959,23.47827664399093,23.55327664399093,74.98866213151928,74.98866213151928,19.63783697457254,19.581192549332965,2.691650390625
C_12,31,stabilization,24.42112244897959,24.501122448979594,23.55327664399093,23.633276643990932,80.0,80.0,20.950193180009656,20.889763324477382,2.691650390625
C_12,31,body,24.501122448979594,24.666122448979593,23.633276643990932,23.79827664399093,165.01133786848072,165.01133786848072,43.21274256545642,43.088097424099175,1.3458251953125
C_12,31,sustain,24.666122448979593,24.83612244897959,23.79827664399093,23.96827664399093,170.0,170.0,44.51916050752052,44.390747064514436,1.3458251953125
C_12,31,decay,24.786122448979594,24.90612244897959,23.918276643990932,24.03827664399093,120.0,120.0,31.42528977001448,31.334644986716068,1.3458251953125
C_12,32,attack,24.941133786848074,25.016133786848073,24.090702947845806,24.165702947845805,74.98866213151928,74.98866213151928,19.641597552678085,19.58138988848098,2.691650390625
C_12,32,stabilization,25.016133786848073,25.096133786848075,24.165702947845805,24.245702947845807,80.0,80.0,20.954205069805955,20.889973851394284,2.691650390625
C_12,32,body,25.096133786848075,25.261133786848074,24.245702947845807,24.410702947845806,165.01133786848072,165.01133786848072,43.22101765673977,43.08853166570187,1.3458251953125
C_12,32,sustain,25.261133786848074,25.431133786848072,24.410702947845806,24.580702947845804,170.0,170.0,44.52768577333765,44.391194434212856,1.3458251953125
C_12,32,decay,25.381133786848075,25.501133786848072,24.530702947845807,24.650702947845804,120.0,120.0,31.43130760470893,31.33496077709143,1.3458251953125
C_12,33,attack,25.56517006802721,25.64017006802721,24.714739229024943,24.789739229024942,74.98866213151928,74.98866213151928,19.63767494520545,19.581840739033368,2.691650390625
C_12,33,stabilization,25.64017006802721,25.720170068027212,24.789739229024942,24.869739229024944,80.0,80.0,20.950020322553623,20.890454831360667,2.691650390625
C_12,33,body,25.720170068027212,25.88517006802721,24.869739229024944,25.034739229024943,165.01133786848072,165.01133786848072,43.21238602245542,43.08952375504863,1.3458251953125
C_12,33,sustain,25.88517006802721,26.05517006802721,25.034739229024943,25.20473922902494,170.0,170.0,44.518793185426446,44.39221651664141,1.3458251953125
C_12,33,decay,26.005170068027212,26.119156462585032,25.154739229024944,25.27473922902494,113.96825396825398,120.0,29.84546545951092,31.335682247041,1.3458251953125
C_12,34,attack,26.131156462585032,26.20615646258503,25.31265306122449,25.38765306122449,74.98866213151928,74.98866213151928,19.645185280911956,19.58341543598128,2.691650390625
C_12,34,stabilization,26.20615646258503,26.286156462585033,25.38765306122449,25.467653061224492,80.0,80.0,20.9580325585296,20.89213476206288,2.691650390625
C_12,34,body,26.286156462585033,26.451156462585033,25.467653061224492,25.63265306122449,165.01133786848072,165.01133786848072,43.22891239467684,43.09298885020737,1.3458251953125
C_12,34,sustain,26.451156462585033,26.62115646258503,25.63265306122449,25.80265306122449,169.97732426303855,170.0,44.52987870145631,44.39578636938363,1.3458251953125
C_12,34,decay,26.571156462585034,26.69115646258503,25.752653061224493,25.87265306122449,119.97732426303854,120.0,31.431108352375315,31.338202143094325,1.3458251953125
C_12,35,attack,26.72326530612245,26.79826530612245,25.904761904761905,25.979761904761904,74.98866213151928,74.98866213151928,19.639144991918602,19.5842620410419,2.691650390625
C_12,35,stabilization,26.79826530612245,26.87826530612245,25.979761904761904,26.059761904761906,80.0,80.0,20.95158860946139,20.893037943996315,2.691650390625
C_12,35,body,26.87826530612245,27.04326530612245,26.059761904761906,26.224761904761905,165.01133786848072,165.01133786848072,43.215620836465575,43.09485179094705,1.3458251953125
C_12,35,sustain,27.04326530612245,27.213265306122448,26.224761904761905,26.394761904761904,170.0,170.0,44.52212579510546,44.39770563099217,1.3458251953125
C_12,35,decay,27.16326530612245,27.28326530612245,26.344761904761906,26.464761904761904,120.0,120.0,31.427382914192087,31.33955691599447,1.3458251953125
C_12,36,attack,27.300861678004534,27.375861678004533,26.485260770975056,26.560260770975056,74.98866213151928,74.98866213151928,19.64259763104277,19.582826784411647,2.691650390625
C_12,36,stabilization,27.375861678004533,27.455861678004535,26.560260770975056,26.640260770975058,80.0,80.0,20.95527198134832,20.891506772121044,2.691650390625
C_12,36,body,27.455861678004535,27.620861678004534,26.640260770975058,26.805260770975057,165.01133786848072,165.01133786848072,43.22321831300219,43.091693531951485,1.3458251953125
C_12,36,sustain,27.620861678004534,27.790861678004532,26.805260770975057,26.975260770975055,169.97732426303855,170.0,44.52401325742262,44.39445189075721,1.3458251953125
C_12,36,decay,27.740861678004535,27.860861678004532,26.925260770975058,27.045260770975055,119.97732426303854,120.0,31.426968269079918,31.337260158181564,1.3458251953125
C_12,37,attack,27.921995464852607,27.996995464852606,27.094784580498867,27.169784580498867,74.98866213151928,74.98866213151928,19.631390705052645,19.582954028481243,2.691650390625
C_12,37,stabilization,27.996995464852606,28.076995464852608,27.169784580498867,27.24978458049887,80.0,80.0,20.94331611957234,20.891642519649782,2.691650390625
C_12,37,body,28.076995464852608,28.241995464852607,27.24978458049887,27.414784580498868,165.01133786848072,165.01133786848072,43.19855765366438,43.091973530468096,1.3458251953125
C_12,37,sustain,28.241995464852607,28.411995464852605,27.414784580498868,27.584784580498866,170.0,170.0,44.50454675409122,44.39474035425578,1.3458251953125
C_12,37,decay,28.36199546485261,28.481995464852606,27.53478458049887,27.654784580498866,120.0,120.0,31.414974179358513,31.337463779474675,1.3458251953125
C_12,38,attack,28.53732426303855,28.61232426303855,27.704308390022675,27.779308390022674,74.98866213151928,74.98866213151928,19.642696964798223,19.580813154180465,2.691650390625
C_12,38,stabilization,28.61232426303855,28.69232426303855,27.779308390022674,27.859308390022676,80.0,80.0,20.955377953374096,20.889358575128117,2.691650390625
C_12,38,body,28.69232426303855,28.85732426303855,27.859308390022676,28.024308390022675,165.01133786848072,165.01133786848072,43.22343689532406,43.08726257120389,1.3458251953125
C_12,38,sustain,28.85732426303855,29.027324263038548,28.024308390022675,28.194308390022673,170.0,170.0,44.53017815091995,44.389886972147245,1.3458251953125
C_12,38,decay,28.97732426303855,29.097324263038548,28.144308390022676,28.264308390022673,120.0,120.0,31.43306693006114,31.334037862692178,1.3458251953125
C_12,39,attack,29.15265306122449,29.22765306122449,28.31092970521542,28.385929705215418,74.98866213151928,74.98866213151928,19.63888100491432,19.58182385133955,2.691650390625
C_12,39,stabilization,29.22765306122449,29.307653061224492,28.385929705215418,28.46592970521542,80.0,80.0,20.951306980749234,20.890436815097047,2.691650390625
C_12,39,body,29.307653061224492,29.47265306122449,28.46592970521542,28.63092970521542,165.01133786848072,165.01133786848072,43.21503993733339,43.089486593951584,1.3458251953125
C_12,39,sustain,29.47265306122449,29.64265306122449,28.63092970521542,28.800929705215417,170.0,169.97732426303855,44.52152733409213,44.38625690645336,1.3458251953125
C_12,39,decay,29.592653061224492,29.71265306122449,28.75092970521542,28.870929705215417,120.0,120.0,31.426960471123852,31.335655222645567,1.3458251953125
C_12,40,attack,29.72734693877551,29.80234693877551,28.903038548752836,28.978038548752835,74.98866213151928,74.98866213151928,19.639765751750044,19.581563771253713,2.691650390625
C_12,40,stabilization,29.80234693877551,29.882346938775513,28.978038548752835,29.058038548752837,80.0,80.0,20.952250853394062,20.890159354394648,2.691650390625
C_12,40,body,29.882346938775513,30.04734693877551,29.058038548752837,29.223038548752836,165.01133786848072,165.01133786848072,43.21698680843214,43.08891429193023,1.3458251953125
C_12,40,sustain,30.04734693877551,30.21734693877551,29.223038548752836,29.393038548752834,170.0,170.0,44.52353306346238,44.39158862808863,1.3458251953125
C_12,40,decay,30.167346938775513,30.28734693877551,29.343038548752837,29.463038548752834,120.0,120.0,31.428376280091094,31.335239031591964,1.3458251953125
C_12,41,attack,30.360090702947847,30.435090702947846,29.489342403628118,29.564342403628117,74.98866213151928,74.98866213151928,19.639624251040843,19.584219905962904,2.691650390625
C_12,41,stabilization,30.435090702947846,30.515090702947848,29.564342403628117,29.64434240362812,80.0,80.0,20.95209989648385,20.892992993116756,2.691650390625
C_12,41,body,30.515090702947848,30.680090702947847,29.64434240362812,29.80934240362812,165.01133786848072,165.01133786848072,43.21667543841071,43.09475907338737,1.3458251953125
C_12,41,sustain,30.680090702947847,30.850090702947846,29.80934240362812,29.979342403628117,170.0,170.0,44.52321228002818,44.397610110373115,1.3458251953125
C_12,41,decay,30.80009070294785,30.920090702947846,29.92934240362812,30.049342403628117,120.0,120.0,31.428149844725777,31.339489489675138,1.3458251953125
C_12,42,attack,30.955102040816328,31.030102040816328,30.09596371882086,30.17096371882086,74.98866213151928,74.98866213151928,19.641451114348637,19.583313480463055,2.691650390625
C_12,42,stabilization,31.030102040816328,31.11010204081633,30.17096371882086,30.250963718820863,80.0,80.0,20.954048845304502,20.89202599306733,2.691650390625
C_12,42,body,31.11010204081633,31.27510204081633,30.250963718820863,30.415963718820862,165.01133786848072,165.01133786848072,43.22069542156487,43.09276449873894,1.3458251953125
C_12,42,sustain,31.27510204081633,31.445102040816327,30.415963718820862,30.58596371882086,170.0,170.0,44.52735379627206,44.39555523526808,1.3458251953125
C_12,42,decay,31.39510204081633,31.515102040816327,30.535963718820863,30.65596371882086,120.0,120.0,31.431073267956748,31.338038989600996,1.3458251953125
C_12,43,attack,31.58204081632653,31.65704081632653,30.690975056689343,30.765975056689342,74.98866213151928,74.98866213151928,19.63775260366447,19.58261490727176,2.691650390625
C_12,43,stabilization,31.65704081632653,31.73704081632653,30.765975056689342,30.845975056689344,80.0,80.0,20.950103170767537,20.89128073566821,2.691650390625
C_12,43,body,31.73704081632653,31.90204081632653,30.845975056689344,31.010975056689343,165.01133786848072,165.01133786848072,43.21255690863815,43.09122729973287,1.3458251953125
C_12,43,sustain,31.90204081632653,32.07204081632653,31.010975056689343,31.18097505668934,169.97732426303855,170.0,44.513031000020824,44.39397156329495,1.3458251953125
C_12,43,decay,32.02204081632653,32.14204081632653,31.130975056689344,31.25097505668934,119.97732426303854,120.0,31.419216518291112,31.336921103502313,1.3458251953125
C_12,44,attack,32.15963718820862,32.23463718820862,31.277278911564625,31.352278911564625,74.98866213151928,74.98866213151928,19.641276028121915,19.582561114645433,2.691650390625
C_12,44,stabilization,32.23463718820862,32.31463718820862,31.352278911564625,31.432278911564627,80.0,80.0,20.9538620584258,20.89122334819144,2.691650390625
C_12,44,body,32.31463718820862,32.47963718820862,31.432278911564627,31.597278911564626,165.01133786848072,165.01133786848072,43.22031014715548,43.09110892992888,1.3458251953125
C_12,44,sustain,32.47963718820862,32.64963718820862,31.597278911564626,31.767278911564624,170.0,170.0,44.52695687415482,44.393849614906806,1.3458251953125
C_12,44,decay,32.59963718820862,32.71963718820862,31.717278911564627,31.837278911564624,120.0,120.0,31.430793087638698,31.336835022287158,1.3458251953125
C_12,45,attack,32.76625850340136,32.84125850340136,31.907120181405897,31.982120181405897,74.98866213151928,74.98866213151928,19.63052080431957,19.586564000969815,2.691650390625
C_12,45,stabilization,32.84125850340136,32.92125850340136,31.982120181405897,32.062120181405895,80.0,80.0,20.942388085164634,20.895493739165865,2.691650390625
C_12,45,body,32.92125850340136,33.08625850340136,32.062120181405895,32.227120181405894,165.01133786848072,165.01133786848072,43.19664345117433,43.09991721652778,1.3458251953125
C_12,45,sustain,33.08625850340136,33.25625850340136,32.227120181405894,32.397120181405896,170.0,170.0,44.502574680974845,44.40292419572746,1.3458251953125
C_12,45,decay,33.20625850340136,33.31734240362812,32.3471201814059,32.46691156462585,111.06575963718821,119.77324263038548,29.074778016195122,31.28401301878517,1.3458251953125
C_12,46,attack,33.32934240362812,33.40434240362812,32.478911564625854,32.55391156462586,74.98866213151928,74.98866213151928,19.64371693725105,19.58424434107909,2.691650390625
C_12,46,stabilization,33.40434240362812,33.48434240362812,32.55391156462586,32.633911564625855,80.0,80.0,20.956466088485545,20.89301906118144,2.691650390625
C_12,46,body,33.48434240362812,33.64934240362812,32.633911564625855,32.798911564625854,165.01133786848072,165.01133786848072,43.22568132820559,43.09481284246523,1.3458251953125
C_12,46,sustain,33.64934240362812,33.81934240362812,32.798911564625854,32.968911564625856,170.0,170.0,44.532490438031786,44.397665505010565,1.3458251953125
C_12,46,decay,33.769342403628116,33.88934240362812,32.91891156462585,33.038911564625856,120.0,120.0,31.43469913272832,31.33952859177216,1.3458251953125
C_12,47,attack,33.95047619047619,34.02547619047619,33.10294784580499,33.177947845804994,75.01133786848072,74.98866213151928,19.653451944859054,19.581274217257917,2.691650390625
C_12,47,stabilization,34.02547619047619,34.10547619047619,33.177947845804994,33.25794784580499,80.0,80.0,20.960513440587288,20.889850450101584,2.691650390625
C_12,47,body,34.10547619047619,34.27047619047619,33.25794784580499,33.42294784580499,165.01133786848072,165.01133786848072,43.234029565519755,43.08827713304684,1.3458251953125
C_12,47,sustain,34.27047619047619,34.44047619047619,33.42294784580499,33.59294784580499,170.0,170.0,44.54109106124798,44.39093220646586,1.3458251953125
C_12,47,decay,34.390476190476186,34.51047619047619,33.54294784580499,33.66294784580499,120.02267573696145,120.0,31.44671134949788,31.33477567515238,1.3458251953125
C_24,0,attack,3.996734693877551,4.071734693877551,5.030022675736961,5.1050226757369614,74.98866213151928,74.98866213151928,39.16566357374671,39.202869417719846,2.691650390625
C_24,0,stabilization,4.071734693877551,4.151734693877551,5.1050226757369614,5.1850226757369615,80.0,80.0,41.783024217773935,41.82271645168298,2.691650390625
C_24,0,body,4.151734693877551,4.316734693877551,5.1850226757369615,5.3500226757369616,165.01133786848072,165.01133786848072,86.1834090795751,86.2652799373291,1.3458251953125
C_24,0,sustain,4.316734693877551,4.486734693877551,5.3500226757369616,5.5200226757369615,170.0,170.0,88.78892646276961,88.87327245982632,1.3458251953125
C_24,0,decay,4.436734693877551,4.5567346938775515,5.470022675736962,5.590022675736961,120.0,119.97732426303854,62.674536326660906,62.72222016605858,1.3458251953125
C_24,1,attack,4.600453514739229,4.675453514739229,5.61922902494331,5.6942290249433105,74.98866213151928,74.98866213151928,39.36918621163108,39.10720905965497,2.691650390625
C_24,1,stabilization,4.675453514739229,4.755453514739229,5.6942290249433105,5.774229024943311,80.0,80.0,42.00014785444042,41.72066330887897,2.691650390625
C_24,1,body,4.755453514739229,4.920453514739229,5.774229024943311,5.939229024943311,165.01133786848072,165.01133786848072,86.63125735169018,86.05478086698191,1.3458251953125
C_24,1,sustain,4.920453514739229,5.090453514739229,5.939229024943311,6.1092290249433105,170.0,170.0,89.2503141906859,88.6564095313678,1.3458251953125
C_24,1,decay,5.040453514739229,5.160453514739229,6.059229024943311,6.179229024943311,120.0,120.0,63.000221781660635,62.58099496331845,1.3458251953125
C_24,2,attack,5.221587301587301,5.2965873015873015,6.220045351473923,6.295045351473923,74.98866213151928,74.98866213151928,39.172893430146765,39.208641054220166,2.691650390625
C_24,2,stabilization,5.2965873015873015,5.376587301587302,6.295045351473923,6.375045351473923,80.0,80.0,41.79073723058898,41.828873794765265,2.691650390625
C_24,2,body,5.376587301587302,5.541587301587302,6.375045351473923,6.540045351473923,165.01133786848072,165.01133786848072,86.19931826162019,86.27798033007564,1.3458251953125
C_24,2,sustain,5.541587301587302,5.7115873015873015,6.540045351473923,6.710045351473923,170.0,170.0,88.80531661500159,88.8863568138762,1.3458251953125
C_24,2,decay,5.661587301587302,5.781587301587301,6.660045351473923,6.780045351473923,119.97732426303854,120.0,62.67426039882265,62.7433106921479,1.3458251953125
C_24,3,attack,5.831111111111111,5.9061111111111115,6.823764172335601,6.898764172335601,74.98866213151928,74.98866213151928,39.431463028055454,39.42540133744374,2.691650390625
C_24,3,stabilization,5.9061111111111115,5.986111111111112,6.898764172335601,6.978764172335601,80.0,80.0,42.066586502261764,42.06011972134911,2.691650390625
C_24,3,body,5.986111111111112,6.151111111111112,6.978764172335601,7.143764172335601,165.01133786848072,165.01133786848072,86.76829647872984,86.7549578266036,1.3458251953125
C_24,3,sustain,6.151111111111112,6.321111111111112,7.143764172335601,7.313764172335601,170.0,170.0,89.39149631730623,89.37775440786686,1.3458251953125
C_24,3,decay,6.271111111111112,6.385097505668934,7.263764172335601,7.383764172335601,113.96825396825398,120.0,59.92819267584117,63.090179582023666,1.3458251953125
C_24,4,attack,6.397097505668934,6.472097505668934,7.436190476190476,7.511190476190476,74.98866213151928,74.98866213151928,39.398486907732924,39.160946187264656,2.691650390625
C_24,4,stabilization,6.472097505668934,6.552097505668934,7.511190476190476,7.5911904761904765,80.0,80.0,42.03140665572475,41.77799157806765,2.691650390625
C_24,4,body,6.552097505668934,6.717097505668934,7.5911904761904765,7.7561904761904765,165.01133786848072,165.01133786848072,86.69573305944132,86.17302854693828,1.3458251953125
C_24,4,sustain,6.717097505668934,6.887097505668934,7.7561904761904765,7.9261904761904765,170.0,170.0,89.31673914341509,88.77823210339376,1.3458251953125
C_24,4,decay,6.837097505668934,6.953986394557823,7.876190476190477,7.996190476190476,116.87074829931973,120.0,61.40302434909449,62.66698736710148,1.3458251953125
C_24,5,attack,10.594104308390023,10.669104308390022,8.028299319727891,8.10329931972789,74.98866213151928,74.98866213151928,39.17734843835637,39.18039138993056,2.691650390625
C_24,5,stabilization,10.669104308390022,10.749104308390022,8.10329931972789,8.18329931972789,80.0,80.0,41.79548995782318,41.79873626358482,2.691650390625
C_24,5,body,10.749104308390022,10.914104308390023,8.18329931972789,8.348299319727891,165.01133786848072,165.01133786848072,86.20912143511319,86.21581740082391,1.3458251953125
C_24,5,sustain,10.914104308390023,11.084104308390023,8.348299319727891,8.518299319727891,170.0,170.0,88.81541616037427,88.82231456011776,1.3458251953125
C_24,5,decay,11.034104308390022,11.154104308390023,8.46829931972789,8.588299319727891,120.0,120.02267573696145,62.693234936734775,62.709952109737664,1.3458251953125
C_24,6,attack,11.1978231292517,11.2728231292517,8.61170068027211,8.686700680272109,74.98866213151928,74.98866213151928,39.42389250679818,39.456916531301815,2.691650390625
C_24,6,stabilization,11.2728231292517,11.3528231292517,8.686700680272109,8.766700680272109,80.0,80.0,42.0585100586586,42.09374101071449,2.691650390625
C_24,6,body,11.3528231292517,11.5178231292517,8.766700680272109,8.93170068027211,165.01133786848072,165.01133786848072,86.75163766917761,86.82430650084164,1.3458251953125
C_24,6,sustain,11.5178231292517,11.6878231292517,8.93170068027211,9.10170068027211,170.0,170.0,89.37433387464951,89.44919964776827,1.3458251953125
C_24,6,decay,11.6378231292517,11.746004535147392,9.05170068027211,9.17170068027211,108.16326530612245,120.0,56.86482227318636,63.14061151607172,1.3458251953125
C_24,7,attack,12.97124716553288,13.046247165532879,9.206712018140589,9.281712018140588,74.98866213151928,74.98866213151928,39.155122991310236,39.158125704338026,2.691650390625
C_24,7,stabilization,13.046247165532879,13.12624716553288,9.281712018140588,9.361712018140588,80.0,80.0,41.77177922991911,41.77498260807516,2.691650390625
C_24,7,body,13.12624716553288,13.29124716553288,9.361712018140588,9.52671201814059,165.01133786848072,165.01133786848072,86.1602146984471,86.16682211988746,1.3458251953125
C_24,7,sustain,13.29124716553288,13.46124716553288,9.52671201814059,9.69671201814059,170.0,170.0,88.76503086357812,88.77183804215971,1.3458251953125
C_24,7,decay,13.41124716553288,13.53124716553288,9.646712018140589,9.76671201814059,120.0,120.02267573696145,62.657668844878664,62.674314893577616,1.3458251953125
C_24,8,attack,13.566258503401361,13.64125850340136,9.827845804988662,9.902845804988662,74.98866213151928,74.98866213151928,39.40455310217111,39.46836293370681,2.691650390625
C_24,8,stabilization,13.64125850340136,13.72125850340136,9.902845804988662,9.982845804988662,80.0,80.0,42.03787824144531,42.10595235262099,2.691650390625
C_24,8,body,13.72125850340136,13.886258503401361,9.982845804988662,10.147845804988663,165.01133786848072,165.01133786848072,86.70908162216483,86.84949412415617,1.3458251953125
C_24,8,sustain,13.886258503401361,14.056258503401361,10.147845804988663,10.317845804988663,170.0,170.0,89.3304912630713,89.4751487493196,1.3458251953125
C_24,8,decay,14.00625850340136,14.126258503401361,10.267845804988662,10.387845804988663,120.0,120.0,63.05681736216797,63.15892852893149,1.3458251953125
C_24,9,attack,14.776598639455782,14.851598639455782,10.41705215419501,10.49205215419501,74.98866213151928,75.01133786848072,39.54504942483113,39.418582064980015,2.691650390625
C_24,9,stabilization,14.851598639455782,14.931598639455782,10.49205215419501,10.57205215419501,80.0,80.0,42.1877636440291,42.04013226277191,2.691650390625
C_24,9,body,14.931598639455782,15.096598639455783,10.57205215419501,10.73705215419501,165.01133786848072,165.01133786848072,87.01824150725615,86.71373086059842,1.3458251953125
C_24,9,sustain,15.096598639455783,15.266598639455783,10.73705215419501,10.90705215419501,170.0,170.0,89.64899774356182,89.33528105839031,1.3458251953125
C_24,9,decay,15.216598639455782,15.336598639455783,10.85705215419501,10.977052154195011,120.0,120.02267573696145,63.281645466043635,63.07211453142057,1.3458251953125
C_24,10,attack,15.386122448979592,15.46112244897959,11.012063492063492,11.087063492063491,74.98866213151928,74.98866213151928,39.32188302608586,39.28349402259388,2.691650390625
C_24,10,stabilization,15.46112244897959,15.541122448979591,11.087063492063491,11.167063492063491,80.0,80.0,41.94968349441515,41.908729032873055,2.691650390625
C_24,10,body,15.541122448979591,15.706122448979592,11.167063492063491,11.332063492063492,165.01133786848072,165.01133786848072,86.52716745715959,86.44269307602528,1.3458251953125
C_24,10,sustain,15.706122448979592,15.876122448979592,11.332063492063492,11.502063492063492,170.0,170.0,89.14307742563219,89.05604919485523,1.3458251953125
C_24,10,decay,15.826122448979591,15.937206349206349,11.452063492063491,11.572063492063492,111.06575963718821,120.02267573696145,58.23966829808543,62.8749724407588,1.3458251953125
C_24,11,attack,16.587755102040816,16.662755102040816,11.633197278911565,11.708197278911564,74.98866213151928,74.98866213151928,39.46325157135172,39.19413654141285,2.691650390625
C_24,11,stabilization,16.662755102040816,16.742755102040817,11.708197278911564,11.788197278911564,80.0,80.0,42.10049940844537,41.813399975235725,2.691650390625
C_24,11,body,16.742755102040817,16.907755102040817,11.788197278911564,11.953197278911565,165.01133786848072,165.01133786848072,86.83824665398441,86.24606338429433,1.3458251953125
C_24,11,sustain,16.907755102040817,17.077755102040815,11.953197278911565,12.123197278911565,169.97732426303855,170.0,89.45162799481477,88.85347494737591,1.3458251953125
C_24,11,decay,17.027755102040818,17.11271655328798,12.073197278911564,12.184281179138322,84.94331065759637,111.06575963718821,44.7019475011441,58.050462890789284,2.691650390625
C_24,12,attack,17.731337868480725,17.806337868480725,12.196281179138323,12.271281179138322,74.98866213151928,74.98866213151928,39.438781042858686,39.29406642844541,2.691650390625
C_24,12,stabilization,17.806337868480725,17.886337868480727,12.271281179138322,12.351281179138322,80.0,80.0,42.074393564924534,41.92000797083623,2.691650390625
C_24,12,body,17.886337868480727,18.051337868480726,12.351281179138322,12.516281179138323,165.01133786848072,165.01133786848072,86.78439965191492,86.46595748406328,1.3458251953125
C_24,12,sustain,18.051337868480726,18.221337868480724,12.516281179138323,12.686281179138323,169.97732426303855,170.0,89.39616047694851,89.08001693802699,1.3458251953125
C_24,12,decay,18.171337868480727,18.291337868480724,12.636281179138322,12.756281179138323,119.97732426303854,120.0,63.09966449887067,62.88001195625435,1.3458251953125
C_24,13,attack,18.384399092970522,18.45939909297052,12.829024943310658,12.904024943310658,74.98866213151928,74.98866213151928,39.421649388124386,39.33771956308066,2.691650390625
C_24,13,stabilization,18.45939909297052,18.539399092970523,12.904024943310658,12.984024943310658,80.0,80.0,42.05611703698302,41.96657835456564,2.691650390625
C_24,13,body,18.539399092970523,18.704399092970522,12.984024943310658,13.149024943310659,165.01133786848072,165.01133786848072,86.74670172282467,86.56201550061625,1.3458251953125
C_24,13,sustain,18.704399092970522,18.87439909297052,13.149024943310659,13.319024943310659,170.0,170.0,89.36924870358891,89.17897900345197,1.3458251953125
C_24,13,decay,18.824399092970523,18.938385487528343,13.269024943310658,13.389024943310659,113.96825396825398,120.0,59.91327784236866,62.949867531848454,1.3458251953125
C_24,14,attack,19.580226757369616,19.655226757369615,13.435646258503402,13.510646258503401,74.98866213151928,74.98866213151928,39.22206704722687,39.4564116768439,2.691650390625
C_24,14,stabilization,19.655226757369615,19.735226757369617,13.510646258503401,13.590646258503401,80.0,80.0,41.8431970192369,42.09320241787278,2.691650390625
C_24,14,body,19.735226757369617,19.900226757369616,13.590646258503401,13.755646258503402,165.01133786848072,165.01133786848072,86.3075240104838,86.82319557677444,1.3458251953125
C_24,14,sustain,19.900226757369616,20.070226757369614,13.755646258503402,13.925646258503402,170.0,170.0,88.9167936658784,89.44805513797965,1.3458251953125
C_24,14,decay,20.020226757369617,20.140226757369614,13.875646258503401,13.995646258503402,120.0,120.0,62.764795528855345,63.13980362680917,1.3458251953125
C_24,15,attack,20.17814058956916,20.25314058956916,14.030657596371881,14.10565759637188,74.98866213151928,74.98866213151928,39.403832895804356,39.45849720466814,2.691650390625
C_24,15,stabilization,20.25314058956916,20.33314058956916,14.10565759637188,14.18565759637188,80.0,80.0,42.037109905170176,42.09542731722685,2.691650390625
C_24,15,body,20.33314058956916,20.49814058956916,14.18565759637188,14.350657596371882,165.01133786848072,165.01133786848072,86.70749681970617,86.82778474701242,1.3458251953125
C_24,15,sustain,20.49814058956916,20.66814058956916,14.350657596371882,14.520657596371882,169.97732426303855,170.0,89.31694326790125,89.45278304910705,1.3458251953125
C_24,15,decay,20.618140589569162,20.72632199546485,14.47065759637188,14.590657596371882,108.16326530612245,120.0,56.83588839219436,63.143140975840275,1.3458251953125
C_24,16,attack,21.371065759637187,21.446065759637186,14.640181405895692,14.715181405895692,75.01133786848072,74.98866213151928,39.45146720864153,39.465348214315995,2.691650390625
C_24,16,stabilization,21.446065759637186,21.526065759637188,14.715181405895692,14.795181405895692,80.0,80.0,42.07520444742664,42.102736165741405,2.691650390625
C_24,16,body,21.526065759637188,21.691065759637187,14.795181405895692,14.960181405895693,165.01133786848072,165.01133786848072,86.7860722119965,86.84286028290823,1.3458251953125
C_24,16,sustain,21.691065759637187,21.861065759637185,14.960181405895693,15.130181405895692,169.97732426303855,170.0,89.3978833724235,89.4683143522005,1.3458251953125
C_24,16,decay,21.811065759637188,21.931065759637185,15.080181405895692,15.200181405895693,119.97732426303854,120.0,63.10088059278185,63.154104248612114,1.3458251953125
C_24,17,attack,21.9718820861678,22.0468820861678,15.830204081632653,15.905204081632652,75.01133786848072,74.98866213151928,39.53867477196023,39.430519532697566,2.691650390625
C_24,17,stabilization,22.0468820861678,22.1268820861678,15.905204081632652,15.985204081632652,80.0,80.0,42.168211788233286,42.065579955052016,2.691650390625
C_24,17,body,22.1268820861678,22.2918820861678,15.985204081632652,16.15020408163265,165.01133786848072,164.98866213151928,86.97791303372269,86.7542969821311,1.3458251953125
C_24,17,sustain,22.2918820861678,22.461882086167797,16.15020408163265,16.320204081632653,169.97732426303855,170.02267573696145,89.59549760901267,89.40128075481293,1.3458251953125
C_24,17,decay,22.4118820861678,22.531882086167798,16.270204081632652,16.390204081632653,119.97732426303854,120.0,63.24036524136687,63.098369932578024,1.3458251953125
C_24,18,attack,22.58721088435374,22.66221088435374,16.43392290249433,16.50892290249433,74.98866213151928,74.98866213151928,39.42008219396963,39.47065839419019,2.691650390625
C_24,18,stabilization,22.66221088435374,22.742210884353742,16.50892290249433,16.588922902494332,80.0,80.0,42.05444511047017,42.10840121400151,2.691650390625
C_24,18,body,22.742210884353742,22.90721088435374,16.588922902494332,16.75392290249433,165.01133786848072,165.01133786848072,86.74325313744087,86.85454524781433,1.3458251953125
C_24,18,sustain,22.90721088435374,23.07721088435374,16.75392290249433,16.92392290249433,169.97732426303855,169.97732426303855,89.3537756655568,89.46841709188075,1.3458251953125
C_24,18,decay,23.027210884353742,23.14409977324263,16.873922902494332,16.99392290249433,116.87074829931973,119.97732426303854,61.43668086716645,63.150666333129806,1.3458251953125
C_24,19,attack,23.797551020408164,23.872551020408164,17.03764172335601,17.11264172335601,74.98866213151928,74.98866213151928,39.2704897590345,39.18629998753592,2.691650390625
C_24,19,stabilization,23.872551020408164,23.952551020408166,17.11264172335601,17.19264172335601,80.0,80.0,41.89485572115926,41.80503972060076,2.691650390625
C_24,19,body,23.952551020408166,24.117551020408165,17.19264172335601,17.35764172335601,165.01133786848072,165.01133786848072,86.4140774044433,86.22881917426638,1.3458251953125
C_24,19,sustain,24.117551020408165,24.287551020408163,17.35764172335601,17.52764172335601,170.0,170.0,89.02656840746344,88.83570940627662,1.3458251953125
C_24,19,decay,24.237551020408166,24.357551020408163,17.47764172335601,17.59764172335601,120.0,120.0,62.8422835817389,62.70755958090114,1.3458251953125
C_24,20,attack,24.412879818594103,24.487879818594102,18.216054421768707,18.291054421768706,74.98866213151928,74.98866213151928,39.235895820833065,39.116093709586224,2.691650390625
C_24,20,stabilization,24.487879818594102,24.567879818594104,18.291054421768706,18.371054421768708,80.0,80.0,41.85794994130603,41.73014170166925,2.691650390625
C_24,20,body,24.567879818594104,24.732879818594103,18.371054421768708,18.536054421768707,165.01133786848072,165.01133786848072,86.33795400308503,86.07433139542151,1.3458251953125
C_24,20,sustain,24.732879818594103,24.9028798185941,18.536054421768707,18.706054421768705,169.97732426303855,169.97732426303855,88.93627912699264,88.66472284458976,1.3458251953125
C_24,20,decay,24.852879818594104,24.9728798185941,18.656054421768708,18.776054421768706,119.97732426303854,119.97732426303854,62.775060413676364,62.58338428104648,1.3458251953125
C_24,21,attack,24.99918367346939,25.07418367346939,18.84299319727891,18.91799319727891,74.98866213151928,74.98866213151928,39.17730624143226,39.38081028073368,2.691650390625
C_24,21,stabilization,25.07418367346939,25.15418367346939,18.91799319727891,18.997993197278912,80.0,80.0,41.79544494096554,42.01254873614406,2.691650390625
C_24,21,body,25.15418367346939,25.31918367346939,18.997993197278912,19.16299319727891,165.01133786848072,165.01133786848072,86.20902858146435,86.65683592769851,1.3458251953125
C_24,21,sustain,25.31918367346939,25.489183673469388,19.16299319727891,19.33299319727891,170.0,169.97732426303855,88.81532049955176,89.26475774550337,1.3458251953125
C_24,21,decay,25.43918367346939,25.53285260770975,19.282993197278913,19.402784580498867,93.65079365079364,119.77324263038548,48.92720737136838,62.89973991618847,1.3458251953125
C_24,22,attack,25.54485260770975,25.61985260770975,19.414784580498868,19.489784580498867,74.98866213151928,74.98866213151928,39.25319861467944,39.32714207059802,2.691650390625
C_24,22,stabilization,25.61985260770975,25.69985260770975,19.489784580498867,19.56978458049887,80.0,80.0,41.87640904523407,41.955293990042286,2.691650390625
C_24,22,body,25.69985260770975,25.86485260770975,19.56978458049887,19.734784580498868,165.01133786848072,165.01133786848072,86.37602852102276,86.53873989952882,1.3458251953125
C_24,22,sustain,25.86485260770975,26.034852607709748,19.734784580498868,19.904784580498866,170.0,170.0,88.98736922112239,89.15499972883984,1.3458251953125
C_24,22,decay,25.98485260770975,26.10485260770975,19.85478458049887,19.974784580498866,120.0,120.0,62.814613567851104,62.932940985063425,1.3458251953125
C_24,23,attack,26.1340589569161,26.2090589569161,20.00689342403628,20.08189342403628,74.98866213151928,74.98866213151928,39.218563445996615,39.13147951048622,2.691650390625
C_24,23,stabilization,26.2090589569161,26.2890589569161,20.08189342403628,20.161893424036283,80.0,80.0,41.83945927955127,41.746555703959906,2.691650390625
C_24,23,body,26.2890589569161,26.4540589569161,20.161893424036283,20.32689342403628,165.01133786848072,165.01133786848072,86.2998143926572,86.10818760139348,1.3458251953125
C_24,23,sustain,26.4540589569161,26.624058956916098,20.32689342403628,20.49689342403628,170.0,170.0,88.90885096904645,88.7114308709148,1.3458251953125
C_24,23,decay,26.5740589569161,26.6940589569161,20.446893424036283,20.56689342403628,120.0,120.0,62.75918891932691,62.619833555939856,1.3458251953125
C_24,24,attack,27.324081632653062,27.39908163265306,21.79482993197279,21.869829931972788,74.98866213151928,74.98866213151928,39.55462426311785,39.484330358258255,2.691650390625
C_24,24,stabilization,27.39908163265306,27.479081632653063,21.869829931972788,21.94982993197279,80.0,80.0,42.19797834904136,42.12298684727401,2.691650390625
C_24,24,body,27.479081632653063,27.644081632653062,21.94982993197279,22.11482993197279,165.01133786848072,165.01133786848072,87.03931078400622,86.88463018356376,1.3458251953125
C_24,24,sustain,27.644081632653062,27.81408163265306,22.11482993197279,22.284829931972787,170.0,169.97732426303855,89.67070399171288,89.49940742833502,1.3458251953125
C_24,24,decay,27.764081632653063,27.88408163265306,22.23482993197279,22.354829931972787,120.0,119.97732426303854,63.29696752356204,63.17254064878877,1.3458251953125
C_24,25,attack,28.54312925170068,28.61812925170068,24.839546485260772,24.91454648526077,74.98866213151928,74.98866213151928,39.34134938036321,39.135160321365056,2.691650390625
C_24,25,stabilization,28.61812925170068,28.69812925170068,24.91454648526077,24.994546485260773,80.0,80.0,41.970450745062415,41.750482495849994,2.691650390625
C_24,25,body,28.69812925170068,28.86312925170068,24.994546485260773,25.159546485260773,165.01133786848072,165.01133786848072,86.57000285482404,86.11628716618492,1.3458251953125
C_24,25,sustain,28.86312925170068,29.03312925170068,25.159546485260773,25.32954648526077,170.0,170.0,89.18720783325763,88.71977530368123,1.3458251953125
C_24,25,decay,28.98312925170068,29.10312925170068,25.279546485260774,25.39954648526077,120.0,120.0,62.955676117593626,62.62572374377499,1.3458251953125
C_24,26,attack,29.181678004535147,29.256678004535146,25.425850340136055,25.500850340136054,74.98866213151928,74.98866213151928,39.33261889619059,39.336774573231466,2.691650390625
C_24,26,stabilization,29.256678004535146,29.33667800453515,25.500850340136054,25.580850340136056,80.0,80.0,41.961136820610946,41.965570212990805,2.691650390625
C_24,26,body,29.33667800453515,29.501678004535147,25.580850340136056,25.745850340136055,165.01133786848072,165.01133786848072,86.55079156564224,86.55993606574096,1.3458251953125
C_24,26,sustain,29.501678004535147,29.671678004535146,25.745850340136055,25.915850340136053,170.0,170.0,89.16741574379826,89.17683670260547,1.3458251953125
C_24,26,decay,29.62167800453515,29.721151927437642,25.865850340136056,25.985850340136054,99.45578231292517,120.0,52.165971115419396,62.94835531948621,1.3458251953125
C_24,27,attack,29.733151927437643,29.808151927437642,27.829115646258504,27.904115646258504,74.98866213151928,74.98866213151928,39.3869956514906,39.39821848688354,2.691650390625
C_24,27,stabilization,29.808151927437642,29.888151927437644,27.904115646258504,27.984115646258505,80.0,80.0,42.01914746249134,42.03112029686277,2.691650390625
C_24,27,body,29.888151927437644,30.053151927437643,27.984115646258505,28.149115646258505,165.01133786848072,165.01133786848072,86.6704467359834,86.69514240370474,1.3458251953125
C_24,27,sustain,30.053151927437643,30.22315192743764,28.149115646258505,28.319115646258503,170.0,170.0,89.2906883577941,89.31613063083337,1.3458251953125
C_24,27,decay,30.173151927437644,30.29315192743764,28.269115646258506,28.389115646258503,120.0,120.0,63.02872119373701,63.04668044529415,1.3458251953125
C_24,28,attack,30.96671201814059,31.04171201814059,28.99591836734694,29.070918367346938,74.98866213151928,74.98866213151928,39.38140172876726,39.37097072429373,2.691650390625
C_24,28,stabilization,31.04171201814059,31.12171201814059,29.070918367346938,29.15091836734694,80.0,80.0,42.01317970943178,42.00205162240952,2.691650390625
C_24,28,body,31.12171201814059,31.28671201814059,29.15091836734694,29.31591836734694,165.01133786848072,165.01133786848072,86.65813739952807,86.63518414293482,1.3458251953125
C_24,28,sustain,31.28671201814059,31.45671201814059,29.31591836734694,29.485918367346937,170.0,170.0,89.27800688254253,89.25435969762023,1.3458251953125
C_24,28,decay,31.406712018140592,31.52671201814059,29.43591836734694,29.555918367346937,120.0,120.0,63.01976956414767,63.00307743361428,1.3458251953125
C_24,29,attack,31.567528344671203,31.642528344671202,31.384671201814058,31.459671201814057,74.98866213151928,74.98866213151928,39.35348967487455,39.30739859989588,2.691650390625
C_24,29,stabilization,31.642528344671202,31.722528344671204,31.459671201814057,31.53967120181406,80.0,80.0,41.983402350455826,41.934231103850216,2.691650390625
C_24,29,body,31.722528344671204,31.887528344671203,31.53967120181406,31.704671201814058,165.01133786848072,165.01133786848072,86.59671737649293,86.49529471165476,1.3458251953125
C_24,29,sustain,31.887528344671203,32.057528344671205,31.704671201814058,31.874671201814056,170.0,170.0,89.21472999471862,89.11024109568172,1.3458251953125
C_24,29,decay,32.0075283446712,32.127528344671205,31.82467120181406,31.944671201814057,120.0,120.0,62.975103525683735,62.90134665577532,1.3458251953125
C_24,30,attack,32.20897959183674,32.28397959183674,32.023219954648525,32.09821995464853,74.98866213151928,74.98866213151928,39.332188117788185,39.44626681231149,2.691650390625
C_24,30,stabilization,32.28397959183674,32.36397959183674,32.09821995464853,32.178219954648526,80.0,80.0,41.960677254174996,42.082379592934664,2.691650390625
C_24,30,body,32.36397959183674,32.52897959183674,32.178219954648526,32.343219954648525,165.01133786848072,165.01133786848072,86.54984364473681,86.80087196649251,1.3458251953125
C_24,30,sustain,32.52897959183674,32.69897959183674,32.343219954648525,32.51321995464853,170.0,170.0,89.16643916512187,89.42505663498616,1.3458251953125
C_24,30,decay,32.648979591836735,32.76897959183674,32.46321995464852,32.58321995464853,120.0,120.02267573696145,62.9410158812625,63.13549750153152,1.3458251953125
C_24,31,attack,32.81560090702948,32.89060090702948,32.626938775510204,32.70193877551021,74.98866213151928,74.98866213151928,39.31711476373663,39.42938522295042,2.691650390625
C_24,31,stabilization,32.89060090702948,32.97060090702948,32.70193877551021,32.781938775510206,80.0,80.0,41.94459657891226,42.064369841720314,2.691650390625
C_24,31,body,32.97060090702948,33.13560090702948,32.781938775510206,32.946938775510205,165.01133786848072,165.01133786848072,86.51667497300015,86.76372430221053,1.3458251953125
C_24,31,sustain,33.13560090702948,33.30560090702948,32.946938775510205,33.11693877551021,170.0,170.0,89.13226773018854,89.38678591365569,1.3458251953125
C_24,31,decay,33.255600907029475,33.37560090702948,33.0669387755102,33.18693877551021,120.02267573696145,120.0,62.92878392635561,63.096554762580475,1.3458251953125
C_chromatic,0,attack,2.353922902494331,2.398922902494331,3.1579138321995464,3.2029138321995463,44.98866213151927,44.98866213151927,6.236592774953132,6.197691142771532,5.38330078125
C_chromatic,0,stabilization,2.398922902494331,2.443922902494331,3.2029138321995463,3.247913832199546,45.01133786848072,45.01133786848072,6.239736218892121,6.20081497903301,5.38330078125
C_chromatic,0,body,2.443922902494331,2.528922902494331,3.247913832199546,3.332913832199546,84.98866213151928,84.98866213151928,11.781627883328799,11.708138308017997,2.691650390625
C_chromatic,0,sustain,2.528922902494331,2.608922902494331,3.332913832199546,3.4129138321995462,80.0,80.0,11.090070216751336,11.020894330492926,2.691650390625
C_chromatic,0,decay,2.578922902494331,2.6389229024943313,3.3829138321995464,3.433260770975057,60.0,50.34013605442177,8.3175526625635,6.934916500480243,2.691650390625
C_chromatic,1,attack,3.551201814058957,3.596201814058957,4.342131519274377,4.3871315192743765,44.98866213151927,44.98866213151927,6.605640939517856,6.841796875,5.38330078125
C_chromatic,1,stabilization,3.596201814058957,3.641201814058957,4.3871315192743765,4.432131519274376,45.01133786848072,45.01133786848072,6.608970395636563,6.845245361328125,5.38330078125
C_chromatic,1,body,3.641201814058957,3.726201814058957,4.432131519274376,4.517131519274376,84.98866213151928,84.98866213151928,12.478801532919817,12.9249267578125,2.691650390625
C_chromatic,1,sustain,3.726201814058957,3.7844625850340137,4.517131519274376,4.5971315192743765,58.25396825396825,80.0,8.553372768962383,12.166259765625,2.691650390625
C_chromatic,1,decay,3.776201814058957,3.7844625850340137,4.567131519274376,4.623283446712018,8.253968253968255,56.14512471655328,1.211922027209929,8.5384521484375,21.533203125
C_chromatic,2,attack,4.1505668934240365,4.195566893424036,4.942947845804989,4.987947845804989,44.98866213151927,44.98866213151927,7.407824590974499,7.392981682223502,5.38330078125
C_chromatic,2,stabilization,4.195566893424036,4.240566893424036,4.987947845804989,5.032947845804989,45.01133786848072,45.01133786848072,7.411558373530434,7.396707983474624,5.38330078125
C_chromatic,2,body,4.240566893424036,4.325566893424036,5.032947845804989,5.117947845804989,84.98866213151928,84.98866213151928,13.994217019643356,13.966177089200448,2.691650390625
C_chromatic,2,sustain,4.325566893424036,4.405566893424036,5.117947845804989,5.197947845804989,80.0,80.0,13.172784857337717,13.146390813953891,2.691650390625
C_chromatic,2,decay,4.375566893424036,4.42736507936508,5.167947845804989,5.227947845804989,51.791383219954646,60.0,8.527959357754916,9.859793110465418,2.691650390625
C_chromatic,3,attack,4.439365079365079,4.484365079365079,5.263673469387755,5.308673469387755,44.98866213151927,44.98866213151927,7.847355755906631,7.8365008661674525,5.38330078125
C_chromatic,3,stabilization,4.484365079365079,4.529365079365079,5.308673469387755,5.353673469387755,45.01133786848072,45.01133786848072,7.851311076348117,7.8404507153943515,5.38330078125
C_chromatic,3,body,4.529365079365079,4.614365079365079,5.353673469387755,5.438673469387755,84.98866213151928,84.98866213151928,14.824541014686519,14.804034902417143,2.691650390625
C_chromatic,3,sustain,4.614365079365079,4.694365079365079,5.438673469387755,5.518673469387755,80.0,80.0,13.954370517559775,13.935068072499382,2.691650390625
C_chromatic,3,decay,4.664365079365079,4.7243650793650795,5.488673469387755,5.520154195011338,60.0,31.47392290249433,10.465777888169832,5.482390726935698,2.691650390625
C_chromatic,4,attack,4.73687074829932,4.78187074829932,5.532154195011338,5.577154195011338,44.98866213151927,44.98866213151927,6.999663695545922,7.077007087982601,5.38330078125
C_chromatic,4,stabilization,4.78187074829932,4.82687074829932,5.577154195011338,5.622154195011338,45.01133786848072,45.01133786848072,7.0031917518440805,7.0805741278454954,5.38330078125
C_chromatic,4,body,4.82687074829932,4.91187074829932,5.622154195011338,5.707154195011338,84.98866213151928,84.98866213151928,13.223155005497032,13.36926540612842,2.691650390625
C_chromatic,4,sustain,4.91187074829932,4.99187074829932,5.707154195011338,5.787154195011338,80.0,80.0,12.446982619902224,12.584516636291642,2.691650390625
C_chromatic,4,decay,4.96187074829932,5.013668934240363,5.757154195011338,5.817154195011338,51.791383219954646,60.0,8.05808058499339,9.43838747721873,2.691650390625
C_chromatic,5,attack,5.025668934240363,5.070668934240363,5.854331065759637,5.899331065759637,44.98866213151927,44.98866213151927,7.404878106920893,7.400658828747701,5.38330078125
C_chromatic,5,stabilization,5.070668934240363,5.115668934240363,5.899331065759637,5.944331065759637,45.01133786848072,45.01133786848072,7.408610404353817,7.40438899952832,5.38330078125
C_chromatic,5,body,5.115668934240363,5.200668934240363,5.944331065759637,6.029331065759637,84.98866213151928,84.98866213151928,13.988650778598544,13.980680085759266,2.691650390625
C_chromatic,5,sustain,5.200668934240363,5.280668934240363,6.029331065759637,6.109331065759637,80.0,80.0,13.167545343355298,13.16004251402313,2.691650390625
C_chromatic,5,decay,5.2506689342403625,5.310668934240363,6.079331065759637,6.139331065759637,60.0,60.0,9.875659007516473,9.870031885517347,2.691650390625
C_chromatic,6,attack,5.3318820861678,5.3768820861678,6.164897959183674,6.209897959183674,44.98866213151927,44.98866213151927,7.843831484747809,7.829485344858271,5.38330078125
C_chromatic,6,stabilization,5.3768820861678,5.4218820861678,6.209897959183674,6.2548979591836735,44.98866213151927,45.01133786848072,7.843831484747809,7.8334316580361225,5.38330078125
C_chromatic,6,body,5.4218820861678,5.5068820861678,6.2548979591836735,6.3398979591836735,85.01133786848072,84.98866213151928,14.821836812661054,14.790781790589113,2.691650390625
C_chromatic,6,sustain,5.5068820861678,5.5868820861678,6.3398979591836735,6.419897959183674,80.0,80.0,13.948103567636224,13.922592891461685,2.691650390625
C_chromatic,6,decay,5.5568820861678,5.6168820861678,6.389897959183673,6.441696145124717,60.0,51.791383219954646,10.461077675727168,9.013379298213856,2.691650390625
C_chromatic,7,attack,5.651156462585034,5.696156462585034,6.453696145124717,6.4986961451247165,45.01133786848072,44.98866213151927,8.307438523655026,8.289589466999567,5.38330078125
C_chromatic,7,stabilization,5.696156462585034,5.7411564625850335,6.4986961451247165,6.543696145124716,44.98866213151927,45.01133786848072,8.303253416086434,8.293767687497047,5.38330078125
C_chromatic,7,body,5.7411564625850335,5.8261564625850335,6.543696145124716,6.628696145124716,85.01133786848072,84.98866213151928,15.68996827465123,15.659970424553617,2.691650390625
C_chromatic,7,sustain,5.8261564625850335,5.8960272108843546,6.628696145124716,6.7086961451247165,69.8639455782313,80.0,12.894316418831806,14.7407619151081,2.691650390625
C_chromatic,7,decay,5.876156462585033,5.8960272108843546,6.678696145124716,6.738696145124717,19.863945578231295,60.0,3.666154230086551,11.055571436331075,10.7666015625
C_chromatic,8,attack,5.908027210884354,5.953027210884354,6.751201814058957,6.796201814058957,44.98866213151927,44.98866213151927,7.415319150149373,7.578602429681242,5.38330078125
C_chromatic,8,stabilization,5.953027210884354,5.998027210884354,6.796201814058957,6.841201814058957,45.01133786848072,45.01133786848072,7.419056710204892,7.582422289776848,5.38330078125
C_chromatic,8,body,5.998027210884354,6.083027210884354,6.841201814058957,6.926201814058957,84.98866213151928,84.98866213151928,14.008375088084604,14.316835638329282,2.691650390625
C_chromatic,8,sustain,6.083027210884354,6.163027210884354,6.926201814058957,7.006201814058957,80.0,80.0,13.186111875870457,13.47646641729608,2.691650390625
C_chromatic,8,decay,6.133027210884354,6.193027210884354,6.976201814058957,7.036201814058957,60.0,60.0,9.889583906902844,10.10734981297206,2.691650390625
C_chromatic,9,attack,6.212789115646259,6.257789115646259,7.051609977324263,7.096609977324263,44.98866213151927,44.98866213151927,7.8429008371950895,7.837708328676086,5.38330078125
C_chromatic,9,stabilization,6.257789115646259,6.3027891156462585,7.096609977324263,7.141609977324263,45.01133786848072,45.01133786848072,7.846853912213837,7.841658786503039,5.38330078125
C_chromatic,9,body,6.3027891156462585,6.3877891156462585,7.141609977324263,7.226609977324263,84.98866213151928,84.98866213151928,14.816125170265725,14.806315935422363,2.691650390625
C_chromatic,9,sustain,6.3877891156462585,6.467789115646259,7.226609977324263,7.306609977324263,80.0,80.0,13.946448666141269,13.937215213492555,2.691650390625
C_chromatic,9,decay,6.437789115646258,6.497789115646259,7.276609977324263,7.319700680272109,60.0,43.08390022675737,10.45983649960595,7.505869871211977,2.691650390625
C_chromatic,10,attack,6.527709750566894,6.572709750566894,7.3317006802721085,7.3767006802721085,44.98866213151927,44.98866213151927,8.302291743748588,8.276087101879604,5.38330078125
C_chromatic,10,stabilization,6.572709750566894,6.617709750566894,7.3767006802721085,7.421700680272108,45.01133786848072,45.01133786848072,8.3064763666033,8.280258516749502,5.38330078125
C_chromatic,10,body,6.617709750566894,6.7027097505668936,7.421700680272108,7.506700680272108,84.98866213151928,84.98866213151928,15.683966459460539,15.634462932381428,2.691650390625
C_chromatic,10,sustain,6.7027097505668936,6.782709750566894,7.506700680272108,7.586700680272108,80.0,80.0,14.7633494314239,14.71675166100365,2.691650390625
C_chromatic,10,decay,6.752709750566893,6.812709750566894,7.556700680272108,7.612852607709751,60.0,56.14512471655328,11.072512073567927,10.328423217869908,2.691650390625
C_chromatic,11,attack,6.851337868480726,6.8963378684807255,7.624852607709751,7.669852607709751,44.98866213151927,44.98866213151927,8.79075844571574,8.76925205975295,5.38330078125
C_chromatic,11,stabilization,6.8963378684807255,6.941337868480725,7.669852607709751,7.714852607709751,45.01133786848072,45.01133786848072,8.795189271545235,8.773672045670166,5.38330078125
C_chromatic,11,body,6.941337868480725,7.026337868480725,7.714852607709751,7.7998526077097505,84.98866213151928,84.98866213151928,16.606735208942844,16.566107217718784,2.691650390625
C_chromatic,11,sustain,7.026337868480725,7.077342403628118,7.7998526077097505,7.879852607709751,50.997732426303855,80.0,9.964927290531604,15.593710315931661,2.691650390625
C_chromatic,11,decay,7.076337868480725,7.077342403628118,7.84985260770975,7.909852607709751,0.997732426303855,60.0,0.19495633649772814,11.695282736948744,21.533203125
C_chromatic,12,attack,7.089342403628118,7.134342403628118,7.961541950113379,8.006541950113379,44.98866213151927,44.98866213151927,7.846083900719443,8.080714341948115,5.38330078125
C_chromatic,12,stabilization,7.134342403628118,7.179342403628118,8.006541950113379,8.051541950113378,45.01133786848072,45.01133786848072,7.850038580104888,8.084787282644662,5.38330078125
C_chromatic,12,body,7.179342403628118,7.264342403628118,8.051541950113378,8.13654195011338,84.98866213151928,84.98866213151928,14.822138336641368,15.265381730656014,2.691650390625
C_chromatic,12,sustain,7.264342403628118,7.344342403628118,8.13654195011338,8.21654195011338,80.0,80.0,13.952108871843851,14.369334777415801,2.691650390625
C_chromatic,12,decay,7.3143424036281175,7.374342403628118,8.186541950113378,8.239791383219954,60.0,53.24263038548753,10.464081653882888,9.563264755491014,2.691650390625
C_chromatic,13,attack,7.394104308390022,7.439104308390022,8.251791383219954,8.296791383219954,44.98866213151927,44.98866213151927,8.300520997667416,8.30047711640614,5.38330078125
C_chromatic,13,stabilization,7.439104308390022,7.484104308390022,8.296791383219954,8.341791383219954,45.01133786848072,45.01133786848072,8.304704728008982,8.304660824630137,5.38330078125
C_chromatic,13,body,7.484104308390022,7.569104308390022,8.341791383219954,8.426791383219955,84.98866213151928,84.98866213151928,15.680621320190259,15.680538423533376,2.691650390625
C_chromatic,13,sustain,7.569104308390022,7.649104308390022,8.426791383219955,8.506791383219955,80.0,80.0,14.760200645045687,14.76012261425447,2.691650390625
C_chromatic,13,decay,7.619104308390022,7.679104308390023,8.476791383219954,8.53004081632653,60.0,53.24263038548753,11.070150483784264,9.823346909940334,2.691650390625
C_chromatic,14,attack,7.711927437641723,7.756927437641723,8.54204081632653,8.58704081632653,44.98866213151927,44.98866213151927,8.789321265850395,8.774992920144713,5.38330078125
C_chromatic,14,stabilization,7.756927437641723,7.801927437641723,8.58704081632653,8.63204081632653,45.01133786848072,44.98866213151927,8.793751367294877,8.774992920144713,5.38330078125
C_chromatic,14,body,7.801927437641723,7.886927437641723,8.63204081632653,8.71704081632653,84.98866213151928,85.01133786848072,16.60402021391496,16.581375230656516,2.691650390625
C_chromatic,14,sustain,7.886927437641723,7.966927437641723,8.71704081632653,8.79704081632653,80.0,80.0,15.629397896129129,15.603918862031525,2.691650390625
C_chromatic,14,decay,7.936927437641723,7.996927437641723,8.76704081632653,8.82704081632653,60.0,60.0,11.722048422096847,11.702939146523644,2.691650390625
C_chromatic,15,attack,8.029750566893425,8.074750566893425,8.859863945578232,8.904863945578231,44.98866213151927,44.98866213151927,9.301792510959089,9.292526377188763,5.38330078125
C_chromatic,15,stabilization,8.074750566893425,8.119750566893424,8.904863945578231,8.949863945578231,45.01133786848072,45.01133786848072,9.306480914442437,9.29721011024178,5.38330078125
C_chromatic,15,body,8.119750566893424,8.204750566893425,8.949863945578231,9.034863945578232,84.98866213151928,84.98866213151928,17.57213625558199,17.554631482713447,2.691650390625
C_chromatic,15,sustain,8.204750566893425,8.284750566893425,9.034863945578232,9.114863945578232,80.0,80.0,16.5406874892458,16.524210211049372,2.691650390625
C_chromatic,15,decay,8.254750566893424,8.314750566893425,9.084863945578231,9.136662131519273,60.0,51.791383219954646,12.405515616934352,10.697646293094321,2.691650390625
C_chromatic,16,attack,8.349024943310658,8.394024943310658,9.148662131519274,9.193662131519273,44.98866213151927,45.01133786848072,8.298731495553453,8.632278442382812,5.38330078125
C_chromatic,16,stabilization,8.394024943310658,8.439024943310658,9.193662131519273,9.238662131519273,45.01133786848072,44.98866213151927,8.302914323928226,8.6279296875,5.38330078125
C_chromatic,16,body,8.439024943310658,8.524024943310659,9.238662131519273,9.323662131519274,84.98866213151928,85.01133786848072,15.67724074865642,16.303482055664062,2.691650390625
C_chromatic,16,sustain,8.524024943310659,8.604024943310659,9.323662131519274,9.403662131519274,80.0,80.0,14.757018506205936,15.3424072265625,2.691650390625
C_chromatic,16,decay,8.574024943310658,8.634024943310658,9.373662131519273,9.433662131519274,60.0,60.0,11.067763879654452,11.506805419921875,2.691650390625
C_chromatic,17,attack,8.653786848072562,8.698786848072562,9.45922902494331,9.50422902494331,44.98866213151927,44.98866213151927,8.782127110900378,8.791569043316262,5.38330078125
C_chromatic,17,stabilization,8.698786848072562,8.743786848072562,9.50422902494331,9.54922902494331,44.98866213151927,45.01133786848072,8.782127110900378,8.796000277713093,5.38330078125
C_chromatic,17,body,8.743786848072562,8.828786848072562,9.54922902494331,9.634229024943311,85.01133786848072,84.98866213151928,16.594856118329393,16.608266519329305,2.691650390625
C_chromatic,17,sustain,8.828786848072562,8.908786848072562,9.634229024943311,9.714229024943311,80.0,80.0,15.616605064141398,15.633394952026093,2.691650390625
C_chromatic,17,decay,8.878786848072561,8.934938775510204,9.68422902494331,9.737478458049885,56.14512471655328,53.24263038548753,10.959952987192205,10.404538363763397,2.691650390625
C_chromatic,18,attack,8.946938775510205,8.991938775510205,9.749478458049886,9.794478458049886,44.98866213151927,45.01133786848072,9.303806625462709,9.296229906900837,5.38330078125
C_chromatic,18,stabilization,8.991938775510205,9.036938775510205,9.794478458049886,9.839478458049886,45.01133786848072,44.98866213151927,9.308496044124738,9.29154666765303,5.38330078125
C_chromatic,18,body,9.036938775510205,9.121938775510205,9.839478458049886,9.924478458049887,84.98866213151928,85.01133786848072,17.57594114527935,17.55746394003589,2.691650390625
C_chromatic,18,sustain,9.121938775510205,9.201938775510206,9.924478458049887,10.004478458049887,80.0,80.0,16.54426903963329,16.522468066270108,2.691650390625
C_chromatic,18,decay,9.171938775510204,9.21502947845805,9.974478458049886,10.034478458049886,43.08390022675737,60.0,8.909895457852393,12.391851049702579,5.38330078125
C_chromatic,19,attack,9.22702947845805,9.27202947845805,10.054240362811791,10.099240362811791,44.98866213151927,44.98866213151927,9.862859389295513,9.840821986077135,5.38330078125
C_chromatic,19,stabilization,9.27202947845805,9.31702947845805,10.099240362811791,10.144240362811791,45.01133786848072,45.01133786848072,9.867830588584473,9.845782077803987,5.38330078125
C_chromatic,19,body,9.31702947845805,9.40202947845805,10.144240362811791,10.229240362811792,84.98866213151928,84.98866213151928,18.63205493501995,18.590423792246522,2.691650390625
C_chromatic,19,sustain,9.40202947845805,9.48202947845805,10.229240362811792,10.309240362811792,80.0,80.0,17.538391091448876,17.499203612338775,2.691650390625
C_chromatic,19,decay,9.45202947845805,9.50237641723356,10.279240362811791,10.338294784580498,50.34013605442177,59.04761904761905,11.036062421489941,12.916078856726237,2.691650390625
C_chromatic,20,attack,9.51437641723356,9.55937641723356,10.350294784580498,10.395294784580498,44.98866213151927,44.98866213151927,8.790683356688536,8.94451408754697,5.38330078125
C_chromatic,20,stabilization,9.55937641723356,9.60437641723356,10.395294784580498,10.440294784580498,45.01133786848072,44.98866213151927,8.79511414467074,8.94451408754697,5.38330078125
C_chromatic,20,body,9.60437641723356,9.68937641723356,10.440294784580498,10.525294784580499,84.98866213151928,85.01133786848072,16.60659335729266,16.90170529950282,2.691650390625
C_chromatic,20,sustain,9.68937641723356,9.76937641723356,10.525294784580499,10.605294784580499,80.0,80.0,15.631820001208244,15.905365776646024,2.691650390625
C_chromatic,20,decay,9.73937641723356,9.791174603174603,10.575294784580498,10.629995464852607,51.791383219954646,54.69387755102041,10.1199197513491,10.874076602400853,2.691650390625
C_chromatic,21,attack,9.803174603174604,9.848174603174604,10.641995464852608,10.686995464852608,44.98866213151927,44.98866213151927,9.302026677227605,9.304527746420003,5.38330078125
C_chromatic,21,stabilization,9.848174603174604,9.893174603174604,10.686995464852608,10.731995464852607,45.01133786848072,45.01133786848072,9.306715198738305,9.309217528550256,5.38330078125
C_chromatic,21,body,9.893174603174604,9.978174603174605,10.731995464852607,10.816995464852608,84.98866213151928,84.98866213151928,17.572578622101343,17.57730342418456,2.691650390625
C_chromatic,21,sustain,9.978174603174605,10.058174603174605,10.816995464852608,10.896995464852608,80.0,80.0,16.541103889747475,16.545551355529117,2.691650390625
C_chromatic,21,decay,10.028174603174604,10.088174603174604,10.866995464852607,10.926995464852608,60.0,60.0,12.405827917310607,12.409163516646839,2.691650390625
C_chromatic,22,attack,10.136961451247165,10.181961451247165,10.95546485260771,11.00046485260771,44.98866213151927,44.98866213151927,9.84847722765258,9.841450700338022,5.38330078125
C_chromatic,22,stabilization,10.181961451247165,10.226961451247165,11.00046485260771,11.04546485260771,45.01133786848072,45.01133786848072,9.853441177868131,9.846411108957145,5.38330078125
C_chromatic,22,body,10.226961451247165,10.311961451247166,11.04546485260771,11.13046485260771,84.98866213151928,84.98866213151928,18.604885407884005,18.59161150446921,2.691650390625
C_chromatic,22,sustain,10.311961451247166,10.391961451247166,11.13046485260771,11.21046485260771,80.0,80.0,17.512816360462853,17.50032160826237,2.691650390625
C_chromatic,22,decay,10.361961451247165,10.40940589569161,11.18046485260771,11.24046485260771,47.43764172335601,60.0,10.384583850932055,13.12524120619678,2.691650390625
C_chromatic,23,attack,10.42140589569161,10.46640589569161,11.255873015873016,11.300873015873016,44.98866213151927,44.98866213151927,10.429318799549606,10.420549535544735,5.38330078125
C_chromatic,23,stabilization,10.46640589569161,10.51140589569161,11.300873015873016,11.345873015873016,45.01133786848072,45.01133786848072,10.434575512654217,10.425801828657411,5.38330078125
C_chromatic,23,body,10.51140589569161,10.59640589569161,11.345873015873016,11.430873015873017,84.98866213151928,84.98866213151928,19.702160716084638,19.685594586301246,2.691650390625
C_chromatic,23,sustain,10.59640589569161,10.67640589569161,11.430873015873017,11.510873015873017,80.0,80.0,18.545683833070065,18.530090101513018,2.691650390625
C_chromatic,23,decay,10.64640589569161,10.70640589569161,11.480873015873016,11.535573696145125,60.0,54.69387755102041,13.909262874802549,12.668530987769106,2.691650390625
C_chromatic,24,attack,10.730521541950113,10.775521541950113,11.547573696145125,11.592573696145125,44.98866213151927,44.98866213151927,9.306719418613357,9.56542266382155,5.38330078125
C_chromatic,24,stabilization,10.775521541950113,10.820521541950113,11.592573696145125,11.637573696145125,44.98866213151927,45.01133786848072,9.306719418613357,9.570243945406139,5.38330078125
C_chromatic,24,body,10.820521541950113,10.905521541950113,11.637573696145125,11.722573696145126,85.01133786848072,84.98866213151928,17.586134627208406,18.07016337903386,2.691650390625
C_chromatic,24,sustain,10.905521541950113,10.985521541950114,11.722573696145126,11.802573696145126,80.0,80.0,16.549448643582622,17.009481430424614,2.691650390625
C_chromatic,24,decay,10.955521541950112,11.015521541950113,11.772573696145125,11.832573696145126,60.0,60.0,12.412086482686968,12.75711107281846,2.691650390625
C_chromatic,25,attack,11.042539682539683,11.087539682539683,11.85814058956916,11.90314058956916,44.98866213151927,45.01133786848072,9.850277978891848,9.865257154204633,5.38330078125
C_chromatic,25,stabilization,11.087539682539683,11.132539682539683,11.90314058956916,11.94814058956916,45.01133786848072,45.01133786848072,9.855242836744111,9.865257154204633,5.38330078125
C_chromatic,25,body,11.132539682539683,11.217539682539684,11.94814058956916,12.033140589569161,84.98866213151928,84.98866213151928,18.608287230285605,18.627195876049853,2.691650390625
C_chromatic,25,sustain,11.217539682539684,11.297539682539684,12.033140589569161,12.113140589569161,80.0,80.0,17.516018502787517,17.533817249387376,2.691650390625
C_chromatic,25,decay,11.267539682539683,11.327539682539683,12.08314058956916,12.142195011337868,60.0,59.04761904761905,13.137013877090636,12.941627017404967,2.691650390625
C_chromatic,26,attack,11.354557823129252,11.399557823129252,12.154195011337869,12.199195011337869,44.98866213151927,44.98866213151927,10.42789640918,10.424849415967614,5.38330078125
C_chromatic,26,stabilization,11.399557823129252,11.444557823129252,12.199195011337869,12.244195011337869,45.01133786848072,45.01133786848072,10.433152405353983,10.430103876358725,5.38330078125
C_chromatic,26,body,11.444557823129252,11.529557823129252,12.244195011337869,12.32919501133787,84.98866213151928,84.98866213151928,19.699473660083992,19.693717545890433,2.691650390625
C_chromatic,26,sustain,11.529557823129252,11.609557823129252,12.32919501133787,12.40919501133787,80.0,80.0,18.543154501807983,18.537736259845637,2.691650390625
C_chromatic,26,decay,11.579557823129251,11.615392290249433,12.379195011337869,12.439195011337869,35.82766439909297,60.0,8.304473954891332,13.903302194884226,5.38330078125
C_chromatic,27,attack,11.627392290249434,11.672392290249434,12.45170068027211,12.49670068027211,44.98866213151927,44.98866213151927,11.03876805820743,11.038929894280004,5.38330078125
C_chromatic,27,stabilization,11.672392290249434,11.717392290249434,12.49670068027211,12.54170068027211,45.01133786848072,45.01133786848072,11.044331953398057,11.044493871041235,5.38330078125
C_chromatic,27,body,11.717392290249434,11.802392290249434,12.54170068027211,12.62670068027211,84.98866213151928,84.98866213151928,20.853479174476536,20.853784901089448,2.691650390625
C_chromatic,27,sustain,11.802392290249434,11.882392290249435,12.62670068027211,12.70670068027211,80.0,80.0,19.62942223253821,19.62971001361888,2.691650390625
C_chromatic,27,decay,11.852392290249433,11.912392290249434,12.67670068027211,12.73670068027211,60.0,60.0,14.722066674403658,14.72228251021416,2.691650390625
C_chromatic,28,attack,11.929251700680272,11.974251700680272,12.756462585034013,12.801462585034013,44.98866213151927,44.98866213151927,9.86354523750125,10.223745203678991,5.38330078125
C_chromatic,28,stabilization,11.974251700680272,12.019251700680272,12.801462585034013,12.846462585034013,45.01133786848072,45.01133786848072,9.868516782479828,10.228898301059877,5.38330078125
C_chromatic,28,body,12.019251700680272,12.104251700680273,12.846462585034013,12.931462585034014,84.98866213151928,84.98866213151928,18.63335057971506,19.31380898356293,2.691650390625
C_chromatic,28,sustain,12.104251700680273,12.184251700680273,12.931462585034014,13.011462585034014,80.0,80.0,17.539610684427625,18.180127559767882,2.691650390625
C_chromatic,28,decay,12.154251700680271,12.207501133786847,12.981462585034013,13.041462585034013,53.24263038548753,60.0,11.673187609704097,13.635095669825912,2.691650390625
C_chromatic,29,attack,12.219501133786848,12.264501133786847,13.053968253968254,13.098968253968254,44.98866213151927,44.98866213151927,10.423422070399814,10.433323314621216,5.38330078125
C_chromatic,29,stabilization,12.264501133786847,12.309501133786847,13.098968253968254,13.143968253968254,45.01133786848072,45.01133786848072,10.428675811362718,10.438582046130602,5.38330078125
C_chromatic,29,body,12.309501133786847,12.394501133786848,13.143968253968254,13.228968253968254,84.98866213151928,84.98866213151928,19.69102112896094,19.70972569717758,2.691650390625
C_chromatic,29,sustain,12.394501133786848,12.474501133786848,13.228968253968254,13.308968253968255,80.0,80.0,18.535198117122253,18.552804765112725,2.691650390625
C_chromatic,29,decay,12.444501133786847,12.504501133786848,13.278968253968253,13.336571428571428,60.0,57.59637188208617,13.901398587841689,13.357178033839663,2.691650390625
C_chromatic,30,attack,12.54748299319728,12.59248299319728,13.348571428571429,13.393571428571429,44.98866213151927,44.98866213151927,11.021480620958872,11.039710376671795,5.38330078125
C_chromatic,30,stabilization,12.59248299319728,12.63748299319728,13.393571428571429,13.438571428571429,45.01133786848072,45.01133786848072,11.027035802723468,11.045274746821327,5.38330078125
C_chromatic,30,body,12.63748299319728,12.72248299319728,13.438571428571429,13.52357142857143,84.98866213151928,84.98866213151928,20.82082125370658,20.855259320446518,2.691650390625
C_chromatic,30,sustain,12.72248299319728,12.80248299319728,13.52357142857143,13.60357142857143,80.0,80.0,19.59868126549541,19.631097887549444,2.691650390625
C_chromatic,30,decay,12.77248299319728,12.83248299319728,13.573571428571428,13.633571428571429,60.0,60.0,14.69901094912156,14.723323415662083,2.691650390625
C_chromatic,31,attack,12.852244897959183,12.897244897959183,13.653333333333334,13.698333333333334,44.98866213151927,44.98866213151927,11.74399974602058,11.701837467954569,5.38330078125
C_chromatic,31,stabilization,12.897244897959183,12.942244897959183,13.698333333333334,13.743333333333334,45.01133786848072,45.01133786848072,11.749919100731274,11.707735571517047,5.38330078125
C_chromatic,31,body,12.942244897959183,13.027244897959184,13.743333333333334,13.828333333333335,84.98866213151928,84.98866213151928,22.18574145568807,22.106092152164177,2.691650390625
C_chromatic,31,sustain,13.027244897959184,13.107244897959184,13.828333333333335,13.908333333333335,80.0,80.0,20.88348341933498,20.808509368419212,2.691650390625
C_chromatic,31,decay,13.077244897959183,13.12033560090703,13.878333333333334,13.93738775510204,43.08390022675737,59.04761904761905,11.246773950322126,15.358661676690373,5.38330078125
C_chromatic,32,attack,13.13233560090703,13.17733560090703,13.949387755102041,13.994387755102041,44.98866213151927,44.98866213151927,10.430781892889717,10.8681640625,5.38330078125
C_chromatic,32,stabilization,13.17733560090703,13.22233560090703,13.994387755102041,14.039387755102041,45.01133786848072,45.01133786848072,10.43603934344057,10.873641967773438,5.38330078125
C_chromatic,32,body,13.22233560090703,13.307335600907031,14.039387755102041,14.124387755102042,84.98866213151928,84.98866213151928,19.704924664592067,20.53118896484375,2.691650390625
C_chromatic,32,sustain,13.307335600907031,13.387335600907031,14.124387755102042,14.204387755102042,80.0,80.0,18.5482855434047,19.3260498046875,2.691650390625
C_chromatic,32,decay,13.35733560090703,13.41733560090703,14.17438775510204,14.230539682539682,60.0,56.14512471655328,13.911214157553525,13.56329345703125,2.691650390625
C_chromatic,33,attack,13.437097505668934,13.482097505668934,14.242539682539682,14.287539682539682,44.98866213151927,44.98866213151927,11.031441715074845,11.048966967316511,5.38330078125
C_chromatic,33,stabilization,13.482097505668934,13.527097505668934,14.287539682539682,14.332539682539682,45.01133786848072,45.01133786848072,11.037001917552201,11.05453600308633,5.38330078125
C_chromatic,33,body,13.527097505668934,13.612097505668935,14.332539682539682,14.417539682539683,84.98866213151928,84.98866213151928,20.83963888513131,20.87274606527333,2.691650390625
C_chromatic,33,sustain,13.612097505668935,13.692097505668935,14.417539682539683,14.497539682539683,80.0,80.0,19.61639434011293,19.647558195913636,2.691650390625
C_chromatic,33,decay,13.662097505668934,13.722097505668934,14.467539682539682,14.526594104308389,60.0,59.04761904761905,14.712295755084698,14.501769144602923,2.691650390625
C_chromatic,34,attack,13.743310657596371,13.788310657596371,14.53859410430839,14.58359410430839,44.98866213151927,44.98866213151927,11.738151256687248,11.698083704905093,5.38330078125
C_chromatic,34,stabilization,13.788310657596371,13.833310657596371,14.58359410430839,14.62859410430839,45.01133786848072,45.01133786848072,11.74406766357066,11.703979916449903,5.38330078125
C_chromatic,34,body,13.833310657596371,13.918310657596372,14.62859410430839,14.71359410430839,84.98866213151928,84.98866213151928,22.174692999024092,22.099000869951755,2.691650390625
C_chromatic,34,sustain,13.918310657596372,13.998310657596372,14.71359410430839,14.79359410430839,80.0,80.0,20.873083484673696,20.801834330093328,2.691650390625
C_chromatic,34,decay,13.968310657596371,14.028310657596371,14.763594104308389,14.82359410430839,60.0,60.0,15.654812613505271,15.601375747569998,2.691650390625
C_chromatic,35,attack,14.042267573696146,14.087267573696145,14.859319727891156,14.904319727891156,44.98866213151927,44.98866213151927,12.426586960625382,12.390961892051813,5.38330078125
C_chromatic,35,stabilization,14.087267573696145,14.132267573696145,14.904319727891156,14.949319727891156,45.01133786848072,45.01133786848072,12.432850361311182,12.397207336553853,5.38330078125
C_chromatic,35,body,14.132267573696145,14.217267573696146,14.949319727891156,15.034319727891157,84.98866213151928,84.98866213151928,23.47522577037497,23.40792599365433,2.691650390625
C_chromatic,35,sustain,14.217267573696146,14.29004081632653,15.034319727891157,15.114319727891157,72.76643990929706,80.0,20.09925280072926,22.033928203205036,2.691650390625
C_chromatic,35,decay,14.267267573696145,14.29004081632653,15.084319727891156,15.139020408163265,22.766439909297056,54.69387755102041,6.28845428854228,15.064012138925893,10.7666015625
C_chromatic,36,attack,14.30204081632653,14.34704081632653,15.151020408163266,15.196020408163266,44.98866213151927,44.98866213151927,11.032768328013315,11.380632034907272,5.38330078125
C_chromatic,36,stabilization,14.34704081632653,14.39204081632653,15.196020408163266,15.241020408163266,45.01133786848072,45.01133786848072,11.038329199146386,11.386368240570029,5.38330078125
C_chromatic,36,body,14.39204081632653,14.47704081632653,15.241020408163266,15.326020408163266,84.98866213151928,84.98866213151928,20.842145006750957,21.499298824008292,2.691650390625
C_chromatic,36,sustain,14.47704081632653,14.55704081632653,15.326020408163266,15.406020408163267,80.0,80.0,19.61875335747529,20.237333578202044,2.691650390625
C_chromatic,36,decay,14.52704081632653,14.58704081632653,15.376020408163265,15.436020408163266,60.0,60.0,14.714065018106467,15.178000183651534,2.691650390625
C_chromatic,37,attack,14.647437641723355,14.692437641723355,15.460136054421769,15.505136054421769,44.98866213151927,44.98866213151927,11.742755122449802,11.71480874208799,5.38330078125
C_chromatic,37,stabilization,14.692437641723355,14.737437641723355,15.505136054421769,15.550136054421769,45.01133786848072,45.01133786848072,11.74867384983007,11.72071338359106,5.38330078125
C_chromatic,37,body,14.737437641723355,14.822437641723356,15.550136054421769,15.63513605442177,84.98866213151928,84.98866213151928,22.183390221240856,22.130596353500902,2.691650390625
C_chromatic,37,sustain,14.822437641723356,14.902437641723356,15.63513605442177,15.71513605442177,80.0,80.0,20.881270197582108,20.831575222825823,2.691650390625
C_chromatic,37,decay,14.872437641723355,14.932437641723356,15.685136054421768,15.744190476190475,60.0,59.04761904761905,15.66095264818658,15.375686473990488,2.691650390625
C_chromatic,38,attack,14.94639455782313,14.99139455782313,15.756190476190476,15.801190476190476,44.98866213151927,44.98866213151927,12.422360900851057,12.412342513310092,5.38330078125
C_chromatic,38,stabilization,14.99139455782313,15.03639455782313,15.801190476190476,15.846190476190475,45.01133786848072,45.01133786848072,12.428622171466406,12.418598734334948,5.38330078125
C_chromatic,38,body,15.03639455782313,15.12139455782313,15.846190476190475,15.931190476190476,84.98866213151928,84.98866213151928,23.467242266325485,23.448316401152333,2.691650390625
C_chromatic,38,sustain,15.12139455782313,15.20139455782313,15.931190476190476,15.986548752834466,80.0,55.35147392290249,22.089762730948856,15.271435521668316,2.691650390625
C_chromatic,38,decay,15.17139455782313,15.228997732426304,15.981190476190475,15.986548752834466,57.59637188208617,5.351473922902494,15.90362736298472,1.476468161865515,2.691650390625
C_chromatic,39,attack,15.240997732426305,15.285997732426305,15.998548752834466,16.043548752834468,44.98866213151927,44.98866213151927,13.143752740141084,13.137686357045187,5.38330078125
C_chromatic,39,stabilization,15.285997732426305,15.330997732426304,16.043548752834468,16.088548752834466,45.01133786848072,45.01133786848072,13.150377615514138,13.144308174765472,5.38330078125
C_chromatic,39,body,15.330997732426304,15.415997732426305,16.088548752834466,16.173548752834467,84.98866213151928,84.98866213151928,24.83003289821007,24.818572815627704,2.691650390625
C_chromatic,39,sustain,15.415997732426305,15.495997732426305,16.173548752834467,16.253548752834465,80.0,80.0,23.372560316137974,23.36177291716503,2.691650390625
C_chromatic,39,decay,15.465997732426304,15.511990929705215,16.223548752834468,16.283548752834466,45.986394557823125,60.0,13.435247256555503,17.521329687873774,5.38330078125
C_chromatic,40,attack,15.523990929705215,15.568990929705215,16.361360544217685,16.406360544217687,44.98866213151927,45.01133786848072,11.759021983690902,12.16786700459488,5.38330078125
C_chromatic,40,stabilization,15.568990929705215,15.613990929705215,16.406360544217687,16.451360544217685,45.01133786848072,44.98866213151927,11.76494891009397,12.161737096784003,5.38330078125
C_chromatic,40,body,15.613990929705215,15.698990929705216,16.451360544217685,16.536360544217686,84.98866213151928,85.01133786848072,22.214120158706397,22.9810243829855,2.691650390625
C_chromatic,40,sustain,15.698990929705216,15.778990929705216,16.536360544217686,16.616360544217684,80.0,80.0,20.910196350030997,21.62631475678123,2.691650390625
C_chromatic,40,decay,15.748990929705215,15.808990929705216,16.586360544217687,16.630902494331064,60.0,44.53514739229025,15.682647262523247,12.039138940566422,2.691650390625
C_chromatic,41,attack,15.841814058956917,15.886814058956917,16.642902494331064,16.687902494331066,44.98866213151927,45.01133786848072,12.416978480658841,12.42865075755598,5.38330078125
C_chromatic,41,stabilization,15.886814058956917,15.931814058956917,16.687902494331066,16.732902494331064,45.01133786848072,44.98866213151927,12.423237038360787,12.422389472539578,5.38330078125
C_chromatic,41,body,15.931814058956917,16.016814058956918,16.732902494331064,16.817902494331065,84.98866213151928,85.01133786848072,23.457074266889787,23.47355752648734,2.691650390625
C_chromatic,41,sustain,16.016814058956918,16.096814058956916,16.817902494331065,16.897902494331063,80.0,80.0,22.08019157246189,22.089813537862717,2.691650390625
C_chromatic,41,decay,16.06681405895692,16.105551020408164,16.867902494331066,16.927902494331065,38.730158730158735,60.0,10.689616554922026,16.56736015339704,5.38330078125
C_chromatic,42,attack,16.117551020408165,16.162551020408166,16.954920634920637,16.999920634920638,44.98866213151927,44.98866213151927,13.129163465383803,13.156568272140817,5.38330078125
C_chromatic,42,stabilization,16.162551020408166,16.207551020408165,16.999920634920638,17.044920634920636,45.01133786848072,45.01133786848072,13.13578098729176,13.163199606955404,5.38330078125
C_chromatic,42,body,16.207551020408165,16.292551020408165,17.044920634920636,17.129920634920637,84.98866213151928,84.98866213151928,24.802472111017384,24.85424288507247,2.691650390625
C_chromatic,42,sustain,16.292551020408165,16.372551020408164,17.129920634920637,17.191083900226758,80.0,61.156462585034014,23.34661729126717,17.88470999494142,2.691650390625
C_chromatic,42,decay,16.342551020408166,16.402551020408165,17.179920634920638,17.191083900226758,60.0,11.156462585034014,17.509962968450374,3.2626167287768553,2.691650390625
C_chromatic,43,attack,16.44263038548753,16.48763038548753,17.20308390022676,17.24808390022676,44.98866213151927,44.98866213151927,13.91888980554624,13.921885096484255,5.38330078125
C_chromatic,43,stabilization,16.48763038548753,16.53263038548753,17.24808390022676,17.29308390022676,45.01133786848072,45.01133786848072,13.925905375004682,13.928902175665954,5.38330078125
C_chromatic,43,body,16.53263038548753,16.61763038548753,17.29308390022676,17.37808390022676,84.98866213151928,84.98866213151928,26.29435433023554,26.300012772995462,2.691650390625
C_chromatic,43,sustain,16.61763038548753,16.69763038548753,17.37808390022676,17.458083900226757,80.0,80.0,24.750929049378595,24.756255353022407,2.691650390625
C_chromatic,43,decay,16.66763038548753,16.72763038548753,17.42808390022676,17.48808390022676,60.0,60.0,18.56319678703395,18.567191514766805,2.691650390625
C_chromatic,44,attack,16.7459410430839,16.7909410430839,17.56299319727891,17.607993197278912,44.98866213151927,45.01133786848072,12.438428238625743,12.754279687254568,5.38330078125
C_chromatic,44,stabilization,16.7909410430839,16.8359410430839,17.607993197278912,17.65299319727891,45.01133786848072,44.98866213151927,12.44469760769763,12.74785435743731,5.38330078125
C_chromatic,44,body,16.8359410430839,16.9209410430839,17.65299319727891,17.73799319727891,84.98866213151928,85.01133786848072,23.49759528143613,24.088561484895404,2.691650390625
C_chromatic,44,sustain,16.9209410430839,17.0009410430839,17.73799319727891,17.81799319727891,80.0,80.0,22.118334085620777,22.668563595281668,2.691650390625
C_chromatic,44,decay,16.9709410430839,17.024190476190476,17.78799319727891,17.823827664399094,53.24263038548753,35.82766439909297,14.720478580792967,10.1520211112656,2.691650390625
C_chromatic,45,attack,17.036190476190477,17.08119047619048,17.835827664399094,17.880827664399096,44.98866213151927,44.98866213151927,13.135957741020018,13.153906088251855,5.38330078125
C_chromatic,45,stabilization,17.08119047619048,17.126190476190477,17.880827664399096,17.925827664399094,45.01133786848072,45.01133786848072,13.142578687462063,13.160536081239886,5.38330078125
C_chromatic,45,body,17.126190476190477,17.211190476190477,17.925827664399094,18.010827664399095,84.98866213151928,84.98866213151928,24.81530726478983,24.849213719137072,2.691650390625
C_chromatic,45,sustain,17.211190476190477,17.291190476190476,18.010827664399095,18.090827664399093,80.0,80.0,23.358699047539627,23.390615261770435,2.691650390625
C_chromatic,45,decay,17.261190476190478,17.297024943310657,18.060827664399095,18.090857142857143,35.82766439909297,30.022675736961453,10.461095378433278,8.778110716151945,5.38330078125
C_chromatic,46,attack,17.309024943310657,17.35402494331066,18.102857142857143,18.147857142857145,44.98866213151927,44.98866213151927,13.912953775246821,13.937187384976179,5.38330078125
C_chromatic,46,stabilization,17.35402494331066,17.399024943310657,18.147857142857145,18.192857142857143,45.01133786848072,45.01133786848072,13.919966352754507,13.944212177004898,5.38330078125
C_chromatic,46,body,17.399024943310657,17.484024943310658,18.192857142857143,18.277857142857144,84.98866213151928,84.98866213151928,26.283140498802968,26.328920523634434,2.691650390625
C_chromatic,46,sustain,17.484024943310658,17.564024943310656,18.277857142857144,18.357857142857142,80.0,80.0,24.740373447112294,24.783466277316514,2.691650390625
C_chromatic,46,decay,17.53402494331066,17.594024943310657,18.327857142857145,18.387857142857143,60.0,60.0,18.55528008533422,18.587599707987383,2.691650390625
C_chromatic,47,attack,17.650068027210885,17.695068027210887,18.46421768707483,18.50921768707483,44.98866213151927,44.98866213151927,14.745339121410892,14.769370635199362,5.38330078125
C_chromatic,47,stabilization,17.695068027210887,17.740068027210885,18.50921768707483,18.55421768707483,45.01133786848072,44.98866213151927,14.752771247984185,14.769370635199362,5.38330078125
C_chromatic,47,body,17.740068027210885,17.825068027210886,18.55421768707483,18.63921768707483,84.98866213151928,85.01133786848072,27.855610396697593,27.908452878710893,2.691650390625
C_chromatic,47,sustain,17.825068027210886,17.905068027210884,18.63921768707483,18.719217687074828,80.0,80.0,26.220542550573402,26.263276008560155,2.691650390625
C_chromatic,47,decay,17.875068027210887,17.93412244897959,18.68921768707483,18.742467120181406,59.04761904761905,53.24263038548753,19.353257596851797,17.479073715447633,2.691650390625
C_chromatic,48,attack,17.94612244897959,17.991122448979592,18.754467120181406,18.799467120181408,45.01133786848072,44.98866213151927,13.149565972735596,13.63404092419467,5.38330078125
C_chromatic,48,stabilization,17.991122448979592,18.03612244897959,18.799467120181408,18.844467120181406,44.98866213151927,45.01133786848072,13.142941506250589,13.640912920628237,5.38330078125
C_chromatic,48,body,18.03612244897959,18.12112244897959,18.844467120181406,18.929467120181407,85.01133786848072,84.98866213151928,24.83512485228501,25.75624263300485,2.691650390625
C_chromatic,48,sustain,18.12112244897959,18.20112244897959,18.929467120181407,19.009467120181405,80.0,80.0,23.37111775909883,24.244403417620358,2.691650390625
C_chromatic,48,decay,18.17112244897959,18.23112244897959,18.979467120181408,19.039467120181406,60.0,60.0,17.52833831932412,18.18330256321527,2.691650390625
C_chromatic,49,attack,18.24798185941043,18.292981859410432,19.062131519274377,19.10713151927438,44.98866213151927,44.98866213151927,13.932867755114696,13.950961955133279,5.38330078125
C_chromatic,49,stabilization,18.292981859410432,18.33798185941043,19.10713151927438,19.152131519274377,45.01133786848072,45.01133786848072,13.93989036991062,13.957993689989697,5.38330078125
C_chromatic,49,body,18.33798185941043,18.42298185941043,19.152131519274377,19.237131519274378,84.98866213151928,84.98866213151928,26.320760255125947,26.354942241854605,2.691650390625
C_chromatic,49,sustain,18.42298185941043,18.50298185941043,19.237131519274378,19.317131519274376,80.0,80.0,24.775785000022505,24.80796057344265,2.691650390625
C_chromatic,49,decay,18.47298185941043,18.511718820861677,19.28713151927438,19.343283446712018,38.730158730158735,56.14512471655328,11.994626071439464,17.41057550449093,5.38330078125
C_chromatic,50,attack,18.523718820861678,18.56871882086168,19.35528344671202,19.40028344671202,44.98866213151927,44.98866213151927,14.72074174174278,14.765154173484758,5.38330078125
C_chromatic,50,stabilization,18.56871882086168,18.613718820861678,19.40028344671202,19.44528344671202,45.01133786848072,45.01133786848072,14.728161470443252,14.772596287483488,5.38330078125
C_chromatic,50,body,18.613718820861678,18.69871882086168,19.44528344671202,19.53028344671202,84.98866213151928,84.98866213151928,27.809143169381013,27.893043267248423,2.691650390625
C_chromatic,50,sustain,18.69871882086168,18.778718820861677,19.53028344671202,19.610283446712018,80.0,80.0,26.176802855276474,26.255778187527334,2.691650390625
C_chromatic,50,decay,18.74871882086168,18.808718820861678,19.58028344671202,19.619020408163266,60.0,38.730158730158735,19.632602141457358,12.711130709834661,2.691650390625
C_chromatic,51,attack,18.848798185941043,18.893798185941044,19.631020408163266,19.676020408163268,44.98866213151927,44.98866213151927,15.67422043902298,15.62895234759526,5.38330078125
C_chromatic,51,stabilization,18.893798185941044,18.938798185941042,19.676020408163268,19.721020408163266,45.01133786848072,45.01133786848072,15.682120751744261,15.6368298437382,5.38330078125
C_chromatic,51,body,18.938798185941042,19.023798185941043,19.721020408163266,19.806020408163267,84.98866213151928,84.98866213151928,29.61037207936397,29.524855543743463,2.691650390625
C_chromatic,51,sustain,19.023798185941043,19.10379818594104,19.806020408163267,19.886020408163265,80.0,80.0,27.87230328068199,27.791806392296408,2.691650390625
C_chromatic,51,decay,19.073798185941044,19.133798185941043,19.856020408163268,19.916020408163266,60.0,60.0,20.904227460511493,20.843854794222306,2.691650390625
C_chromatic,52,attack,19.152108843537416,19.197108843537418,19.963356009070296,20.008356009070297,44.98866213151927,44.98866213151927,13.94517963020392,14.5009765625,5.38330078125
C_chromatic,52,stabilization,19.197108843537418,19.242108843537416,20.008356009070297,20.053356009070296,45.01133786848072,45.01133786848072,13.952208450582049,14.508285522460938,5.38330078125
C_chromatic,52,body,19.242108843537416,19.327108843537417,20.053356009070296,20.138356009070296,84.98866213151928,84.98866213151928,26.344018777219908,27.39398193359375,2.691650390625
C_chromatic,52,sustain,19.327108843537417,19.378113378684805,20.138356009070296,20.218356009070295,50.997732426303855,80.0,15.80781703040757,25.7860107421875,2.691650390625
C_chromatic,52,decay,19.377108843537417,19.378113378684805,20.188356009070297,20.228544217687073,0.997732426303855,40.181405895691604,0.309268096637587,12.95147705078125,21.533203125
C_chromatic,53,attack,19.390113378684806,19.435113378684807,20.240544217687074,20.285544217687075,45.01133786848072,44.98866213151927,14.690795753471749,14.738530823907077,5.38330078125
C_chromatic,53,stabilization,19.435113378684807,19.480113378684806,20.285544217687075,20.330544217687073,44.98866213151927,44.98866213151927,14.68339484881005,14.738530823907077,5.38330078125
C_chromatic,53,body,19.480113378684806,19.565113378684806,20.330544217687073,20.415544217687074,85.01133786848072,85.01133786848072,27.7459915767081,27.850177449005862,2.691650390625
C_chromatic,53,sustain,19.565113378684806,19.645113378684805,20.415544217687074,20.495544217687073,80.0,80.0,26.11039164647271,26.208435860254117,2.691650390625
C_chromatic,53,decay,19.615113378684807,19.675113378684806,20.465544217687075,20.525544217687074,60.0,60.0,19.582793734854533,19.65632689519059,2.691650390625
C_chromatic,54,attack,19.7297052154195,19.7747052154195,20.564172335600908,20.60917233560091,44.98866213151927,44.98866213151927,15.654354521146887,15.61974341390234,5.38330078125
C_chromatic,54,stabilization,19.7747052154195,19.8197052154195,20.60917233560091,20.654172335600908,45.01133786848072,45.01133786848072,15.662244820804723,15.627616268445637,5.38330078125
C_chromatic,54,body,19.8197052154195,19.9047052154195,20.654172335600908,20.73917233560091,84.98866213151928,84.98866213151928,29.57284311756983,29.507458828279216,2.691650390625
C_chromatic,54,sustain,19.9047052154195,19.976027210884354,20.73917233560091,20.819172335600907,71.31519274376417,80.0,24.814992423894637,27.775430828753755,2.691650390625
C_chromatic,54,decay,19.9547052154195,19.976027210884354,20.78917233560091,20.838068027210884,21.31519274376417,48.88888888888889,7.416881678365964,16.973874395349515,10.7666015625
C_chromatic,55,attack,19.988027210884354,20.033027210884356,20.850068027210884,20.895068027210886,44.98866213151927,44.98866213151927,16.600123047065434,16.551290724424685,5.38330078125
C_chromatic,55,stabilization,20.033027210884356,20.078027210884354,20.895068027210886,20.940068027210884,45.01133786848072,45.01133786848072,16.608490044569,16.559633108862403,5.38330078125
C_chromatic,55,body,20.078027210884354,20.163027210884355,20.940068027210884,21.025068027210885,84.98866213151928,84.98866213151928,31.35950664334741,31.26725687255228,2.691650390625
C_chromatic,55,sustain,20.163027210884355,20.243027210884353,21.025068027210885,21.105068027210883,80.0,80.0,29.518767192563942,29.43193229625519,2.691650390625
C_chromatic,55,decay,20.213027210884356,20.273027210884354,21.075068027210886,21.135068027210885,60.0,60.0,22.139075394422957,22.07394922219139,2.691650390625
C_chromatic,56,attack,20.314557823129253,20.359557823129254,21.151927437641724,21.196927437641726,44.98866213151927,44.98866213151927,14.749367361950085,15.246162556973122,5.38330078125
C_chromatic,56,stabilization,20.359557823129254,20.404557823129252,21.196927437641726,21.241927437641724,45.01133786848072,45.01133786848072,14.756801518886551,15.253847114713533,5.38330078125
C_chromatic,56,body,20.404557823129252,20.489557823129253,21.241927437641724,21.326927437641725,84.98866213151928,84.98866213151928,27.863220197877475,28.801722411056083,2.691650390625
C_chromatic,56,sustain,20.489557823129253,20.56955782312925,21.326927437641725,21.406927437641723,80.0,80.0,26.22770567185479,27.111119708165916,2.691650390625
C_chromatic,56,decay,20.539557823129254,20.599557823129253,21.376927437641726,21.436927437641724,60.0,60.0,19.67077925389109,20.333339781124437,2.691650390625
C_chromatic,57,attack,20.643990929705215,20.688990929705216,21.461043083900226,21.506043083900227,44.98866213151927,44.98866213151927,15.657370855106974,15.646866730818813,5.38330078125
C_chromatic,57,stabilization,20.688990929705216,20.733990929705215,21.506043083900227,21.551043083900225,45.01133786848072,44.98866213151927,15.665262675094427,15.646866730818813,5.38330078125
C_chromatic,57,body,20.733990929705215,20.818990929705215,21.551043083900225,21.636043083900226,84.98866213151928,85.01133786848072,29.57854131297426,29.566584361814375,2.691650390625
C_chromatic,57,sustain,20.818990929705215,20.88160544217687,21.636043083900226,21.716043083900225,62.6077097505669,80.0,21.78931498535804,27.823662210851197,2.691650390625
C_chromatic,57,decay,20.868990929705216,20.88160544217687,21.686043083900227,21.746043083900226,12.607709750566894,60.0,4.38785191302393,20.867746658138394,10.7666015625
C_chromatic,58,attack,20.89360544217687,20.938605442176872,21.76145124716553,21.806451247165533,44.98866213151927,44.98866213151927,16.5845255005615,16.57244618029125,5.38330078125
C_chromatic,58,stabilization,20.938605442176872,20.98360544217687,21.806451247165533,21.85145124716553,45.01133786848072,44.98866213151927,16.592884636398477,16.57244618029125,5.38330078125
C_chromatic,58,body,20.98360544217687,21.06860544217687,21.85145124716553,21.936451247165532,84.98866213151928,85.01133786848072,31.330041116988156,31.31557496467334,2.691650390625
C_chromatic,58,sustain,21.06860544217687,21.14860544217687,21.936451247165532,22.01645124716553,80.0,80.0,29.49103123285331,29.469551473824364,2.691650390625
C_chromatic,58,decay,21.11860544217687,21.17860544217687,21.986451247165533,22.026639455782313,60.0,40.181405895691604,22.118273424639984,14.801600116671422,2.691650390625
C_chromatic,59,attack,21.20126984126984,21.246269841269843,22.038639455782313,22.083639455782315,44.98866213151927,44.98866213151927,17.578995871238913,17.562367707470617,5.38330078125
C_chromatic,59,stabilization,21.246269841269843,21.29126984126984,22.083639455782315,22.128639455782313,45.01133786848072,45.01133786848072,17.5878562522224,17.571219707323174,5.38330078125
C_chromatic,59,body,21.29126984126984,21.376269841269842,22.128639455782313,22.213639455782314,84.98866213151928,84.98866213151928,33.208707926110606,33.17729544737897,2.691650390625
C_chromatic,59,sustain,21.376269841269842,21.45626984126984,22.213639455782314,22.293639455782312,80.0,80.0,31.25942410974339,31.2298554798167,2.691650390625
C_chromatic,59,decay,21.426269841269843,21.48626984126984,22.263639455782315,22.323639455782313,60.0,60.0,23.444568082307544,23.422391609862526,2.691650390625
C_chromatic,60,attack,21.552471655328798,21.5974716553288,22.349206349206348,22.39420634920635,44.98866213151927,44.98866213151927,15.679109041195039,15.77881409841537,5.38330078125
C_chromatic,60,stabilization,21.5974716553288,21.642471655328798,22.39420634920635,22.439206349206348,45.01133786848072,44.98866213151927,15.687011817929513,15.77881409841537,5.38330078125
C_chromatic,60,body,21.642471655328798,21.7274716553288,22.439206349206348,22.52420634920635,84.98866213151928,85.01133786848072,29.619607200805955,29.815914342217347,2.691650390625
C_chromatic,60,sustain,21.7274716553288,21.807471655328797,22.52420634920635,22.604206349206347,80.0,80.0,27.88099631922183,28.058294425004753,2.691650390625
C_chromatic,60,decay,21.7774716553288,21.826367346938774,22.57420634920635,22.634206349206348,48.88888888888889,60.0,17.03838663952445,21.043720818753563,2.691650390625
C_chromatic,61,attack,21.838367346938774,21.883367346938776,22.664126984126984,22.709126984126986,44.98866213151927,44.98866213151927,16.622325246648906,16.5827316540838,5.38330078125
C_chromatic,61,stabilization,21.883367346938776,21.928367346938774,22.709126984126986,22.754126984126984,45.01133786848072,45.01133786848072,16.630703434777256,16.591089885764287,5.38330078125
C_chromatic,61,body,21.928367346938774,22.013367346938775,22.754126984126984,22.839126984126985,84.98866213151928,84.98866213151928,31.401449105060536,31.32665233846073,2.691650390625
C_chromatic,61,sustain,22.013367346938775,22.093367346938773,22.839126984126985,22.919126984126983,80.0,80.0,29.558247716823256,29.48784136875386,2.691650390625
C_chromatic,61,decay,22.063367346938776,22.123367346938775,22.889126984126985,22.94382766439909,60.0,54.69387755102041,22.16868578761744,20.16005481333172,2.691650390625
C_chromatic,62,attack,22.14312925170068,22.188129251700683,22.95582766439909,23.000827664399093,44.98866213151927,45.01133786848072,17.581606583443058,17.57299914580317,5.38330078125
C_chromatic,62,stabilization,22.188129251700683,22.23312925170068,23.000827664399093,23.04582766439909,45.01133786848072,44.98866213151927,17.59046828030971,17.564146249508052,5.38330078125
C_chromatic,62,body,22.23312925170068,22.318129251700682,23.04582766439909,23.130827664399092,84.98866213151928,85.01133786848072,33.213639856222066,33.18950821038593,2.691650390625
C_chromatic,62,sustain,22.318129251700682,22.39812925170068,23.130827664399092,23.21082766439909,80.0,80.0,31.264066545558013,31.233018129165533,2.691650390625
C_chromatic,62,decay,22.368129251700683,22.425732426303853,23.180827664399093,23.24082766439909,57.59637188208617,60.0,22.508710041303107,23.424763596874147,2.691650390625
C_chromatic,63,attack,22.437732426303853,22.482732426303855,23.26204081632653,23.30704081632653,45.01133786848072,45.01133786848072,18.62025868353445,18.61941831443052,5.38330078125
C_chromatic,63,stabilization,22.482732426303855,22.527732426303853,23.30704081632653,23.35204081632653,44.98866213151927,44.98866213151927,18.61087820057045,18.61003825482627,5.38330078125
C_chromatic,63,body,22.527732426303853,22.612732426303854,23.35204081632653,23.43704081632653,85.01133786848072,85.01133786848072,35.167430632025514,35.16584345632242,2.691650390625
C_chromatic,63,sustain,22.612732426303854,22.692732426303852,23.43704081632653,23.517040816326528,80.0,80.0,33.09434389698213,33.09285028378381,2.691650390625
C_chromatic,63,decay,22.662732426303855,22.722732426303853,23.48704081632653,23.54174149659864,60.0,54.69387755102041,24.820757922736597,22.624703765444035,2.691650390625
C_chromatic,64,attack,22.735238095238095,22.780238095238097,23.55374149659864,23.59874149659864,44.98866213151927,44.98866213151927,16.59023956552121,17.13731151915894,5.38330078125
C_chromatic,64,stabilization,22.780238095238097,22.825238095238095,23.59874149659864,23.64374149659864,45.01133786848072,45.01133786848072,16.59860158143125,17.145949276981096,5.38330078125
C_chromatic,64,body,22.825238095238095,22.910238095238096,23.64374149659864,23.72874149659864,84.98866213151928,84.98866213151928,31.340835630833414,32.3743163174434,2.691650390625
C_chromatic,64,sustain,22.910238095238096,22.990238095238094,23.72874149659864,23.79425850340136,80.0,65.51020408163265,29.50119213062441,24.954482348210774,2.691650390625
C_chromatic,64,decay,22.960238095238097,23.020238095238096,23.77874149659864,23.79425850340136,60.0,15.510204081632654,22.125894097968306,5.908226350355199,2.691650390625
C_chromatic,65,attack,23.041451247165533,23.086451247165535,23.80625850340136,23.85125850340136,44.98866213151927,44.98866213151927,17.607362550647686,17.50595700001336,5.38330078125
C_chromatic,65,stabilization,23.086451247165535,23.131451247165533,23.85125850340136,23.89625850340136,45.01133786848072,45.01133786848072,17.61623722935265,17.51478056704966,5.38330078125
C_chromatic,65,body,23.131451247165533,23.216451247165534,23.89625850340136,23.98125850340136,84.98866213151928,84.98866213151928,33.26229578620339,33.07072925204137,2.691650390625
C_chromatic,65,sustain,23.216451247165534,23.296451247165532,23.98125850340136,24.06125850340136,80.0,80.0,31.30986647111141,31.129544504056014,2.691650390625
C_chromatic,65,decay,23.266451247165534,23.326451247165533,24.03125850340136,24.09125850340136,60.0,60.0,23.482399853333558,23.34715837804201,2.691650390625
C_chromatic,66,attack,23.3534693877551,23.398469387755103,24.16471655328798,24.209716553287983,44.98866213151927,44.98866213151927,18.64591811278125,18.627743828921876,5.38330078125
C_chromatic,66,stabilization,23.398469387755103,23.4434693877551,24.209716553287983,24.25471655328798,45.01133786848072,45.01133786848072,18.65531625699132,18.637132812706614,5.38330078125
C_chromatic,66,body,23.4434693877551,23.528469387755102,24.25471655328798,24.339716553287982,84.98866213151928,84.98866213151928,35.22424449934683,35.1899112252012,2.691650390625
C_chromatic,66,sustain,23.528469387755102,23.58673015873016,24.339716553287982,24.41971655328798,58.25396825396825,80.0,24.143832475672895,33.124334792558656,2.691650390625
C_chromatic,66,decay,23.578469387755103,23.58673015873016,24.389716553287982,24.43425850340136,8.253968253968255,44.53514739229025,3.4209244924659146,18.4399641532271,21.533203125
C_chromatic,67,attack,23.59873015873016,23.64373015873016,24.44625850340136,24.49125850340136,44.98866213151927,44.98866213151927,19.74497527223078,19.742160076172514,5.38330078125
C_chromatic,67,stabilization,23.64373015873016,23.68873015873016,24.49125850340136,24.53625850340136,45.01133786848072,45.01133786848072,19.75492737670267,19.752110761694777,5.38330078125
C_chromatic,67,body,23.68873015873016,23.77373015873016,24.53625850340136,24.62125850340136,84.98866213151928,84.98866213151928,37.30048756064565,37.295169337446865,2.691650390625
C_chromatic,67,sustain,23.77373015873016,23.85373015873016,24.62125850340136,24.70125850340136,80.0,80.0,35.111024576829735,35.1060185225487,2.691650390625
C_chromatic,67,decay,23.82373015873016,23.88373015873016,24.67125850340136,24.73125850340136,60.0,60.0,26.333268432622305,26.329513891911528,2.691650390625
C_chromatic,68,attack,23.94702947845805,23.99202947845805,24.751020408163264,24.796020408163265,44.98866213151927,44.98866213151927,17.595883495289325,17.752128562131013,5.38330078125
C_chromatic,68,stabilization,23.99202947845805,24.03702947845805,24.796020408163265,24.841020408163264,45.01133786848072,45.01133786848072,17.6047523881801,17.761076207575634,5.38330078125
C_chromatic,68,body,24.03702947845805,24.12202947845805,24.841020408163264,24.926020408163264,84.98866213151928,84.98866213151928,33.24061055460907,33.535775126445074,2.691650390625
C_chromatic,68,sustain,24.12202947845805,24.202029478458048,24.926020408163264,25.006020408163263,80.0,80.0,31.289454118639487,31.56729312862813,2.691650390625
C_chromatic,68,decay,24.17202947845805,24.23202947845805,24.976020408163265,25.036020408163264,60.0,60.0,23.467090588979616,23.6754698464711,2.691650390625
C_chromatic,69,attack,24.24453514739229,24.289535147392293,25.06013605442177,25.10513605442177,44.98866213151927,44.98866213151927,18.671139262672153,18.65769376425939,5.38330078125
C_chromatic,69,stabilization,24.289535147392293,24.33453514739229,25.10513605442177,25.15013605442177,45.01133786848072,45.01133786848072,18.680550119155356,18.66709784377766,5.38330078125
C_chromatic,69,body,24.33453514739229,24.419535147392292,25.15013605442177,25.23513605442177,84.98866213151928,84.98866213151928,35.271890099039936,35.24649003449807,2.691650390625
C_chromatic,69,sustain,24.419535147392292,24.49953514739229,25.23513605442177,25.315136054421767,80.0,80.0,33.20150167273556,33.17759254047738,2.691650390625
C_chromatic,69,decay,24.469535147392293,24.52953514739229,25.28513605442177,25.34513605442177,60.0,60.0,24.90112625455167,24.883194405358033,2.691650390625
C_chromatic,70,attack,24.552199546485262,24.597199546485264,25.364897959183672,25.409897959183674,44.98866213151927,44.98866213151927,19.773971080155558,19.719915235812586,5.38330078125
C_chromatic,70,stabilization,24.597199546485264,24.642199546485262,25.409897959183674,25.454897959183672,45.01133786848072,45.01133786848072,19.78393779944999,19.729854709217733,5.38330078125
C_chromatic,70,body,24.642199546485262,24.727199546485263,25.454897959183672,25.539897959183673,84.98866213151928,84.98866213151928,37.3552639155358,37.253146322492725,2.691650390625
C_chromatic,70,sustain,24.727199546485263,24.80719954648526,25.539897959183673,25.61989795918367,80.0,80.0,35.162585670760485,35.06646217336028,2.691650390625
C_chromatic,70,decay,24.777199546485264,24.82319274376417,25.589897959183673,25.630086167800453,45.986394557823125,40.181405895691604,20.212506729110622,17.61274687392132,5.38330078125
C_chromatic,71,attack,24.83519274376417,24.880192743764173,25.642086167800453,25.687086167800455,44.98866213151927,44.98866213151927,20.96928290420894,20.90702091205108,5.38330078125
C_chromatic,71,stabilization,24.880192743764173,24.92519274376417,25.687086167800455,25.732086167800453,45.01133786848072,45.01133786848072,20.97985209922114,20.91755872501078,5.38330078125
C_chromatic,71,body,24.92519274376417,25.010192743764172,25.732086167800453,25.817086167800454,84.98866213151928,84.98866213151928,39.61334290573342,39.495722972967464,2.691650390625
C_chromatic,71,sustain,25.010192743764172,25.08296598639456,25.817086167800454,25.897086167800452,72.76643990929706,80.0,33.916546794156496,37.17740412183277,2.691650390625
C_chromatic,71,decay,25.060192743764173,25.08296598639456,25.867086167800455,25.927086167800454,22.766439909297056,60.0,10.611471792250894,27.883053091374578,10.7666015625
C_chromatic,72,attack,25.444716553287982,25.489716553287984,26.257414965986396,26.302414965986397,44.98866213151927,44.98866213151927,19.75339220219982,19.718968038853006,5.38330078125
C_chromatic,72,stabilization,25.489716553287984,25.534716553287982,26.302414965986397,26.347414965986395,45.01133786848072,45.01133786848072,19.76334854907593,19.72890703484033,5.38330078125
C_chromatic,72,body,25.534716553287982,25.619716553287983,26.347414965986395,26.432414965986396,84.98866213151928,84.98866213151928,37.3163880916557,37.25135696049448,2.691650390625
C_chromatic,72,sustain,25.619716553287983,25.69971655328798,26.432414965986396,26.512414965986395,80.0,80.0,35.125991778911775,35.06477784328296,2.691650390625
C_chromatic,72,decay,25.669716553287984,25.717160997732424,26.482414965986397,26.542414965986396,47.43764172335601,60.0,20.82867766481957,26.298583382462223,2.691650390625
C_chromatic,73,attack,25.729160997732425,25.774160997732427,26.560725623582766,26.605725623582767,44.98866213151927,44.98866213151927,20.967939854086286,20.943250321462404,5.38330078125
C_chromatic,73,stabilization,25.774160997732427,25.819160997732425,26.605725623582767,26.650725623582765,45.01133786848072,45.01133786848072,20.978508372157904,20.953806395213142,5.38330078125
C_chromatic,73,body,25.819160997732425,25.904160997732426,26.650725623582765,26.735725623582766,84.98866213151928,84.98866213151928,39.610805732417035,39.56416441776265,2.691650390625
C_chromatic,73,sustain,25.904160997732426,25.984160997732424,26.735725623582766,26.815725623582765,80.0,80.0,37.285731756661505,37.24182819260049,2.691650390625
C_chromatic,73,decay,25.954160997732426,26.014160997732425,26.785725623582767,26.83752380952381,60.0,51.791383219954646,27.96429881749613,24.110072446683535,2.691650390625
C_chromatic,74,attack,26.033922902494332,26.078922902494334,26.84952380952381,26.89452380952381,44.98866213151927,44.98866213151927,22.201828957095305,22.215281566964766,5.38330078125
C_chromatic,74,stabilization,26.078922902494334,26.123922902494332,26.89452380952381,26.93952380952381,45.01133786848072,45.01133786848072,22.213019395077712,22.2264787854965,5.38330078125
C_chromatic,74,body,26.123922902494332,26.208922902494333,26.93952380952381,27.02452380952381,84.98866213151928,84.98866213151928,41.94176155806109,41.96717505694755,2.691650390625
C_chromatic,74,sustain,26.208922902494333,26.27879365079365,27.02452380952381,27.10452380952381,69.8639455782313,80.0,34.47773942379568,39.503786979965575,2.691650390625
C_chromatic,74,decay,26.258922902494334,26.27879365079365,27.07452380952381,27.13452380952381,19.863945578231295,60.0,9.80282367258845,29.62784023497418,10.7666015625
C_chromatic,75,attack,26.90902494331066,26.95402494331066,27.75655328798186,27.80155328798186,44.98866213151927,44.98866213151927,22.179678670712846,22.256611560861426,5.38330078125
C_chromatic,75,stabilization,26.95402494331066,26.99902494331066,27.80155328798186,27.84655328798186,45.01133786848072,45.01133786848072,22.19085794423639,22.267829611043314,5.38330078125
C_chromatic,75,body,26.99902494331066,27.08402494331066,27.84655328798186,27.93155328798186,84.98866213151928,84.98866213151928,41.89991716624584,42.04525208170798,2.691650390625
C_chromatic,75,sustain,27.08402494331066,27.164024943310658,27.93155328798186,28.011553287981858,80.0,80.0,39.44047699106599,39.5772810416931,2.691650390625
C_chromatic,75,decay,27.13402494331066,27.19402494331066,27.98155328798186,28.024643990929704,60.0,43.08390022675737,29.58035774329949,21.31429534558302,2.691650390625
C_chromatic,76,attack,27.209433106575965,27.254433106575966,28.036643990929704,28.081643990929706,44.98866213151927,44.98866213151927,23.56735317807767,23.63570020688664,5.38330078125
C_chromatic,76,stabilization,27.254433106575966,27.299433106575965,28.081643990929706,28.126643990929704,45.01133786848072,45.01133786848072,23.57923188431662,23.64761336223285,5.38330078125
C_chromatic,76,body,27.299433106575965,27.384433106575965,28.126643990929704,28.211643990929705,84.98866213151928,84.98866213151928,44.521390983586244,44.65050623760641,2.691650390625
C_chromatic,76,sustain,27.384433106575965,27.464433106575964,28.211643990929705,28.291643990929703,80.0,80.0,41.90807561101715,42.02961206143955,2.691650390625
C_chromatic,76,decay,27.434433106575966,27.494433106575965,28.261643990929706,28.321643990929704,60.0,60.0,31.43105670826286,31.522209046079663,2.691650390625
C_chromatic,77,attack,27.547573696145125,27.592573696145127,28.35156462585034,28.396564625850342,44.98866213151927,44.98866213151927,20.96024949865703,20.22265625,5.38330078125
C_chromatic,77,stabilization,27.592573696145127,27.637573696145125,28.396564625850342,28.44156462585034,45.01133786848072,45.01133786848072,20.970814140541435,20.23284912109375,5.38330078125
C_chromatic,77,body,27.637573696145125,27.722573696145126,28.44156462585034,28.52656462585034,84.98866213151928,84.98866213151928,39.59627778274524,38.202880859375,2.691650390625
C_chromatic,77,sustain,27.722573696145126,27.802573696145124,28.52656462585034,28.60656462585034,80.0,80.0,37.27205656817642,35.96044921875,2.691650390625
C_chromatic,77,decay,27.772573696145127,27.832573696145126,28.57656462585034,28.613850340136054,60.0,37.27891156462585,27.954042426132315,16.757080078125,2.691650390625
C_chromatic,78,attack,28.152743764172335,28.197743764172337,28.93206349206349,28.977063492063493,44.98866213151927,44.98866213151927,23.636184811817436,23.55432515899821,5.38330078125
C_chromatic,78,stabilization,28.197743764172337,28.242743764172335,28.977063492063493,29.02206349206349,45.01133786848072,45.01133786848072,23.648098211420166,23.566197298695286,5.38330078125
C_chromatic,78,body,28.242743764172335,28.327743764172336,29.02206349206349,29.107063492063492,84.98866213151928,84.98866213151928,44.651421711034146,44.49677958463977,2.691650390625
C_chromatic,78,sustain,28.327743764172336,28.407743764172334,29.107063492063492,29.18706349206349,80.0,80.0,42.03047379843342,41.88490885128311,2.691650390625
C_chromatic,78,decay,28.377743764172337,28.433895691609976,29.157063492063493,29.21706349206349,56.14512471655328,60.0,29.497577416360873,31.413681638462332,2.691650390625
C_chromatic,79,attack,28.445895691609977,28.49089569160998,29.255691609977323,29.300691609977324,44.98866213151927,44.98866213151927,25.027172546118372,24.986136727594577,5.38330078125
C_chromatic,79,stabilization,28.49089569160998,28.535895691609976,29.300691609977324,29.345691609977322,45.01133786848072,45.01133786848072,25.039787048409764,24.998730546509695,5.38330078125
C_chromatic,79,body,28.535895691609976,28.620895691609977,29.345691609977322,29.430691609977323,84.98866213151928,84.98866213151928,47.27915458813088,47.201633293863146,2.691650390625
C_chromatic,79,sustain,28.620895691609977,28.700895691609976,29.430691609977323,29.51069160997732,80.0,80.0,44.50396408402501,44.43099313253713,2.691650390625
C_chromatic,79,decay,28.670895691609978,28.730895691609977,29.480691609977324,29.535392290249433,60.0,54.69387755102041,33.37797306301876,30.37629122326518,2.691650390625
C_chromatic,80,attack,28.74920634920635,28.794206349206352,29.547392290249434,29.592392290249435,44.98866213151927,44.98866213151927,22.215439838552527,22.947265625,5.38330078125
C_chromatic,80,stabilization,28.794206349206352,28.83920634920635,29.592392290249435,29.637392290249434,45.01133786848072,45.01133786848072,22.226637136858248,22.958831787109375,5.38330078125
C_chromatic,80,body,28.83920634920635,28.92420634920635,29.637392290249434,29.722392290249434,84.98866213151928,84.98866213151928,41.967474049846196,43.3499755859375,2.691650390625
C_chromatic,80,sustain,28.92420634920635,29.00420634920635,29.722392290249434,29.802392290249433,80.0,80.0,39.50406842258735,40.805419921875,2.691650390625
C_chromatic,80,decay,28.97420634920635,29.03420634920635,29.772392290249435,29.828544217687075,60.0,56.14512471655328,29.62805131694051,28.6378173828125,2.691650390625
C_chromatic,81,attack,29.049614512471656,29.094614512471658,29.840544217687075,29.885544217687077,44.98866213151927,44.98866213151927,23.680189890631752,23.488161002630488,5.38330078125
C_chromatic,81,stabilization,29.094614512471658,29.139614512471656,29.885544217687077,29.930544217687075,45.01133786848072,45.01133786848072,23.69212547021372,23.49999979345843,5.38330078125
C_chromatic,81,body,29.139614512471656,29.224614512471657,29.930544217687075,30.015544217687076,84.98866213151928,84.98866213151928,44.73455227322974,44.371788023114455,2.691650390625
C_chromatic,81,sustain,29.224614512471657,29.304614512471655,30.015544217687076,30.095544217687074,80.0,80.0,42.10872476519597,41.76725404096793,2.691650390625
C_chromatic,81,decay,29.274614512471658,29.3264126984127,30.065544217687076,30.125544217687075,51.791383219954646,60.0,27.260863765223245,31.325440530725945,2.691650390625
C_chromatic,82,attack,29.3384126984127,29.3834126984127,30.142403628117915,30.187403628117917,44.98866213151927,44.98866213151927,25.085621549768955,24.97885256639707,5.38330078125
C_chromatic,82,stabilization,29.3834126984127,29.4284126984127,30.187403628117917,30.232403628117915,45.01133786848072,45.01133786848072,25.09826551224364,24.991442713859975,5.38330078125
C_chromatic,82,body,29.4284126984127,29.5134126984127,30.232403628117915,30.317403628117916,84.98866213151928,84.98866213151928,47.38957135510788,47.187872690955764,2.691650390625
C_chromatic,82,sustain,29.5134126984127,29.5934126984127,30.317403628117916,30.397403628117914,80.0,80.0,44.60789961067786,44.418040249117375,2.691650390625
C_chromatic,82,decay,29.5634126984127,29.6234126984127,30.367403628117916,30.427403628117915,60.0,60.0,33.455924708008396,33.31353018683803,2.691650390625
C_chromatic,83,attack,29.643174603174604,29.688174603174605,30.445714285714285,30.490714285714287,44.98866213151927,44.98866213151927,26.56753380918897,26.539132030150366,5.38330078125
C_chromatic,83,stabilization,29.688174603174605,29.733174603174604,30.490714285714287,30.535714285714285,45.01133786848072,45.01133786848072,26.58092470324602,26.552508608794597,5.38330078125
C_chromatic,83,body,29.733174603174604,29.818174603174604,30.535714285714285,30.620714285714286,84.98866213151928,84.98866213151928,50.18907092582674,50.13541675857035,2.691650390625
C_chromatic,83,sustain,29.818174603174604,29.888045351473924,30.620714285714286,30.700714285714284,69.8639455782313,80.0,41.2573445897738,47.19256945683996,2.691650390625
C_chromatic,83,decay,29.868174603174605,29.888045351473924,30.670714285714286,30.721061224489794,19.863945578231295,50.34013605442177,11.73042319397658,29.696004590188416,10.7666015625
C_chromatic,84,attack,30.254149659863945,30.299149659863946,31.053786848072562,31.098786848072564,44.98866213151927,44.98866213151927,25.082215475913845,24.86277836570269,5.38330078125
C_chromatic,84,stabilization,30.299149659863946,30.344149659863945,31.098786848072564,31.143786848072562,45.01133786848072,45.01133786848072,25.09485772161743,24.875310008024115,5.38330078125
C_chromatic,84,body,30.344149659863945,30.429149659863945,31.143786848072562,31.228786848072563,84.98866213151928,84.98866213151928,47.38313689703885,46.96859542069239,2.691650390625
C_chromatic,84,sustain,30.429149659863945,30.509149659863944,31.228786848072563,31.30878684807256,80.0,80.0,44.601842842250015,44.211634109979386,2.691650390625
C_chromatic,84,decay,30.479149659863946,30.510630385487527,31.278786848072563,31.316072562358276,31.47392290249433,37.27891156462585,17.54743703657682,20.602019976418966,5.38330078125
C_chromatic,85,attack,30.522630385487528,30.56763038548753,31.328072562358276,31.373072562358278,44.98866213151927,44.98866213151927,26.63763664500577,26.520905365847486,5.38330078125
C_chromatic,85,stabilization,30.56763038548753,30.612630385487527,31.373072562358278,31.418072562358276,45.01133786848072,45.01133786848072,26.651062873153457,26.534272757664954,5.38330078125
C_chromatic,85,body,30.612630385487527,30.69763038548753,31.418072562358276,31.503072562358277,84.98866213151928,84.98866213151928,50.32150309752098,50.10098453185302,2.691650390625
C_chromatic,85,sustain,30.69763038548753,30.77330612244898,31.503072562358277,31.583072562358275,75.6689342403628,80.0,44.80332332882271,47.16015833201106,2.691650390625
C_chromatic,85,decay,30.74763038548753,30.77330612244898,31.553072562358278,31.613072562358276,25.66893424036281,60.0,15.198490263178698,35.37011874900829,5.38330078125
C_chromatic,86,attack,30.78530612244898,30.83030612244898,31.628480725623582,31.673480725623584,44.98866213151927,44.98866213151927,28.1664588862729,28.158211355409705,5.38330078125
C_chromatic,86,stabilization,30.83030612244898,30.87530612244898,31.673480725623584,31.718480725623582,45.01133786848072,45.01133786848072,28.18065569014703,28.172404002262233,5.38330078125
C_chromatic,86,body,30.87530612244898,30.96030612244898,31.718480725623582,31.803480725623583,84.98866213151928,84.98866213151928,53.20962092023731,53.1940404032639,2.691650390625
C_chromatic,86,sustain,30.96030612244898,31.04030612244898,31.803480725623583,31.88348072562358,80.0,80.0,50.08632406792882,50.07165809570839,2.691650390625
C_chromatic,86,decay,31.01030612244898,31.07030612244898,31.853480725623584,31.913480725623582,60.0,60.0,37.564743050946625,37.5537435717813,2.691650390625
C_chromatic,87,attack,31.420952380952382,31.465952380952384,31.941950113378685,31.986950113378686,44.98866213151927,44.98866213151927,26.63245077076186,25.7626953125,5.38330078125
C_chromatic,87,stabilization,31.465952380952384,31.510952380952382,31.986950113378686,32.031950113378684,45.01133786848072,45.01133786848072,26.64587438506164,25.775680541992188,5.38330078125
C_chromatic,87,body,31.510952380952382,31.595952380952383,32.031950113378684,32.116950113378685,84.98866213151928,84.98866213151928,50.31170639557231,48.66864013671875,2.691650390625
C_chromatic,87,sustain,31.595952380952383,31.67595238095238,32.116950113378685,32.19695011337868,80.0,80.0,47.35851124962088,45.8118896484375,2.691650390625
C_chromatic,87,decay,31.645952380952384,31.69484807256236,32.16695011337868,32.1998820861678,48.88888888888889,32.925170068027214,28.941312430323876,18.85455322265625,2.691650390625
Am7,0,attack,4.153469387755102,4.228469387755102,1.6515192743764173,1.7265192743764173,74.98866213151928,74.98866213151928,,,2.691650390625
Am7,0,stabilization,4.228469387755102,4.308469387755102,1.7265192743764173,1.8065192743764173,80.0,80.0,,,2.691650390625
Am7,0,body,4.308469387755102,4.473469387755102,1.8065192743764173,1.9715192743764174,165.01133786848072,165.01133786848072,,,1.3458251953125
Am7,0,sustain,4.473469387755102,4.643469387755102,1.9715192743764174,2.1415192743764173,170.0,170.0,,,1.3458251953125
Am7,0,decay,4.5934693877551025,4.713469387755103,2.0915192743764175,2.2115192743764176,120.0,120.0,,,1.3458251953125
Am7,1,attack,4.751383219954649,4.826383219954649,2.2320181405895694,2.3070181405895696,74.98866213151928,74.98866213151928,,,2.691650390625
Am7,1,stabilization,4.826383219954649,4.906383219954649,2.3070181405895696,2.387018140589569,80.0,80.0,,,2.691650390625
Am7,1,body,4.906383219954649,5.071383219954649,2.387018140589569,2.552018140589569,165.01133786848072,165.01133786848072,,,1.3458251953125
Am7,1,sustain,5.071383219954649,5.241383219954649,2.552018140589569,2.7220181405895696,170.0,170.0,,,1.3458251953125
Am7,1,decay,5.191383219954649,5.305369614512472,2.6720181405895693,2.7920181405895694,113.96825396825398,120.0,,,1.3458251953125
Am7,2,attack,5.317369614512471,5.3923696145124715,2.8560544217687074,2.9310544217687076,74.98866213151928,74.98866213151928,,,2.691650390625
Am7,2,stabilization,5.3923696145124715,5.472369614512472,2.9310544217687076,3.011054421768707,80.0,80.0,,,2.691650390625
Am7,2,body,5.472369614512472,5.637369614512472,3.011054421768707,3.1760544217687072,165.01133786848072,165.01133786848072,,,1.3458251953125
Am7,2,sustain,5.637369614512472,5.807369614512472,3.1760544217687072,3.3460544217687076,170.0,170.0,,,1.3458251953125
Am7,2,decay,5.757369614512472,5.877369614512471,3.2960544217687073,3.415845804988662,119.97732426303854,119.77324263038548,,,1.3458251953125
Am7,3,attack,5.926893424036281,6.001893424036282,3.427845804988662,3.502845804988662,74.98866213151928,74.98866213151928,,,2.691650390625
Am7,3,stabilization,6.001893424036282,6.081893424036282,3.502845804988662,3.582845804988662,80.0,80.0,,,2.691650390625
Am7,3,body,6.081893424036282,6.246893424036282,3.582845804988662,3.747845804988662,165.01133786848072,165.01133786848072,,,1.3458251953125
Am7,3,sustain,6.246893424036282,6.416893424036282,3.747845804988662,3.917845804988662,170.0,170.0,,,1.3458251953125
Am7,3,decay,6.366893424036282,6.425732426303855,3.867845804988662,3.926684807256236,58.82086167800453,58.82086167800453,,,2.691650390625
Am7,4,attack,6.437732426303855,6.512732426303855,3.938684807256236,4.013684807256236,74.98866213151928,74.98866213151928,,,2.691650390625
Am7,4,stabilization,6.512732426303855,6.592732426303855,4.013684807256236,4.093684807256236,80.0,80.0,,,2.691650390625
Am7,4,body,6.592732426303855,6.757732426303855,4.093684807256236,4.258684807256236,165.01133786848072,165.01133786848072,,,1.3458251953125
Am7,4,sustain,6.757732426303855,6.927732426303855,4.258684807256236,4.428684807256236,170.0,170.0,,,1.3458251953125
Am7,4,decay,6.877732426303855,6.997732426303855,4.378684807256236,4.498684807256236,120.0,120.0,,,1.3458251953125
Am7,5,attack,7.7148299319727895,7.78982993197279,4.652698412698412,4.7276984126984125,74.98866213151928,75.01133786848072,,,2.691650390625
Am7,5,stabilization,7.78982993197279,7.86982993197279,4.7276984126984125,4.807698412698413,80.0,80.0,,,2.691650390625
Am7,5,body,7.86982993197279,8.034829931972789,4.807698412698413,4.972698412698413,165.01133786848072,165.01133786848072,,,1.3458251953125
Am7,5,sustain,8.034829931972789,8.204829931972789,4.972698412698413,5.1426984126984125,170.0,170.0,,,1.3458251953125
Am7,5,decay,8.15482993197279,8.27482993197279,5.092698412698413,5.209587301587302,120.0,116.87074829931973,,,1.3458251953125
Am7,6,attack,8.298231292517007,8.373231292517007,5.221587301587301,5.2965873015873015,74.98866213151928,74.98866213151928,,,2.691650390625
Am7,6,stabilization,8.373231292517007,8.453231292517007,5.2965873015873015,5.376587301587302,80.0,80.0,,,2.691650390625
Am7,6,body,8.453231292517007,8.618231292517008,5.376587301587302,5.541587301587302,165.01133786848072,165.01133786848072,,,1.3458251953125
Am7,6,sustain,8.618231292517008,8.788231292517008,5.541587301587302,5.7115873015873015,170.0,170.0,,,1.3458251953125
Am7,6,decay,8.738231292517007,8.858231292517008,5.661587301587302,5.781587301587301,120.0,119.97732426303854,,,1.3458251953125
Am7,7,attack,8.919365079365079,8.994365079365078,5.860136054421769,5.935136054421769,74.98866213151928,74.98866213151928,,,2.691650390625
Am7,7,stabilization,8.994365079365078,9.074365079365078,5.935136054421769,6.015136054421769,80.0,80.0,,,2.691650390625
Am7,7,body,9.074365079365078,9.23936507936508,6.015136054421769,6.180136054421769,165.01133786848072,165.01133786848072,,,1.3458251953125
Am7,7,sustain,9.23936507936508,9.40936507936508,6.180136054421769,6.332852607709751,170.0,152.69841269841268,,,1.3458251953125
Am7,7,decay,9.359365079365078,9.47936507936508,6.3001360544217695,6.332852607709751,120.02267573696145,32.698412698412696,,,1.3458251953125
Am7,8,attack,9.511473922902494,9.586473922902494,7.070476190476191,7.145476190476191,74.98866213151928,74.98866213151928,,,2.691650390625
Am7,8,stabilization,9.586473922902494,9.666473922902494,7.145476190476191,7.225476190476191,80.0,80.0,,,2.691650390625
Am7,8,body,9.666473922902494,9.831473922902495,7.225476190476191,7.390476190476191,165.01133786848072,165.01133786848072,,,1.3458251953125
Am7,8,sustain,9.831473922902495,10.001473922902495,7.390476190476191,7.560476190476191,170.0,170.0,,,1.3458251953125
Am7,8,decay,9.951473922902494,10.071473922902495,7.510476190476191,7.630476190476191,120.0,120.0,,,1.3458251953125
Am7,9,attack,10.745034013605443,10.820034013605442,7.671292517006803,7.746292517006803,74.98866213151928,74.98866213151928,,,2.691650390625
Am7,9,stabilization,10.820034013605442,10.900034013605442,7.746292517006803,7.826292517006803,80.0,80.0,,,2.691650390625
Am7,9,body,10.900034013605442,11.065034013605443,7.826292517006803,7.991292517006803,165.01133786848072,165.01133786848072,,,1.3458251953125
Am7,9,sustain,11.065034013605443,11.235034013605443,7.991292517006803,8.158521541950114,170.0,167.21088435374148,,,1.3458251953125
Am7,9,decay,11.185034013605442,11.304825396825397,8.111292517006802,8.158521541950114,119.77324263038548,47.2108843537415,,,1.3458251953125
Am7,10,attack,11.316825396825397,11.391825396825396,8.840997732426304,8.915997732426304,74.98866213151928,74.98866213151928,,,2.691650390625
Am7,10,stabilization,11.391825396825396,11.471825396825396,8.915997732426304,8.995997732426304,80.0,80.0,,,2.691650390625
Am7,10,body,11.471825396825396,11.636825396825397,8.995997732426304,9.160997732426305,165.01133786848072,165.01133786848072,,,1.3458251953125
Am7,10,sustain,11.636825396825397,11.806825396825397,9.160997732426305,9.330997732426304,170.0,170.0,,,1.3458251953125
Am7,10,decay,11.756825396825397,11.876825396825398,9.280997732426304,9.400997732426305,120.0,120.0,,,1.3458251953125
Am7,11,attack,12.509750566893423,12.584750566893423,9.470839002267574,9.545839002267574,74.98866213151928,74.98866213151928,,,2.691650390625
Am7,11,stabilization,12.584750566893423,12.664750566893423,9.545839002267574,9.625839002267574,80.0,80.0,,,2.691650390625
Am7,11,body,12.664750566893423,12.829750566893424,9.625839002267574,9.790839002267575,165.01133786848072,165.01133786848072,,,1.3458251953125
Am7,11,sustain,12.829750566893424,12.999750566893423,9.790839002267575,9.960839002267575,170.0,170.0,,,1.3458251953125
Am7,11,decay,12.949750566893423,13.069750566893424,9.910839002267574,9.975482993197279,120.0,64.62585034013605,,,1.3458251953125
Am7,12,attack,14.315102040816326,14.390102040816325,10.65795918367347,10.732959183673469,74.98866213151928,74.98866213151928,,,2.691650390625
Am7,12,stabilization,14.390102040816325,14.470102040816325,10.732959183673469,10.812959183673469,80.0,80.0,,,2.691650390625
Am7,12,body,14.470102040816325,14.635102040816326,10.812959183673469,10.97795918367347,165.01133786848072,165.01133786848072,,,1.3458251953125
Am7,12,sustain,14.635102040816326,14.805102040816326,10.97795918367347,11.14795918367347,170.0,170.0,,,1.3458251953125
Am7,12,decay,14.755102040816325,14.875102040816326,11.097959183673469,11.180018140589569,120.0,82.04081632653062,,,1.3458251953125
Am7,13,attack,14.924625850340137,14.999625850340136,13.064126984126984,13.139126984126984,74.98866213151928,74.98866213151928,,,2.691650390625
Am7,13,stabilization,14.999625850340136,15.079625850340136,13.139126984126984,13.219126984126984,80.0,80.0,,,2.691650390625
Am7,13,body,15.079625850340136,15.244625850340137,13.219126984126984,13.384126984126985,165.01133786848072,165.01133786848072,,,1.3458251953125
Am7,13,sustain,15.244625850340137,15.414625850340137,13.384126984126985,13.554126984126984,170.0,170.0,,,1.3458251953125
Am7,13,decay,15.364625850340136,15.484625850340137,13.504126984126984,13.624126984126985,120.0,120.0,,,1.3458251953125
Am7,14,attack,15.557369614512472,15.632369614512472,13.653333333333334,13.728333333333333,74.98866213151928,74.98866213151928,,,2.691650390625
Am7,14,stabilization,15.632369614512472,15.712369614512472,13.728333333333333,13.808333333333334,80.0,80.0,,,2.691650390625
Am7,14,body,15.712369614512472,15.877369614512473,13.808333333333334,13.973333333333334,165.01133786848072,165.01133786848072,,,1.3458251953125
Am7,14,sustain,15.877369614512473,16.047369614512473,13.973333333333334,14.143333333333334,170.0,170.0,,,1.3458251953125
Am7,14,decay,15.997369614512472,16.117369614512473,14.093333333333334,14.16378231292517,120.0,70.43083900226758,,,1.3458251953125
Am7,15,attack,16.137868480725622,16.21286848072562,14.17578231292517,14.25078231292517,75.01133786848072,74.98866213151928,,,2.691650390625
Am7,15,stabilization,16.21286848072562,16.292868480725623,14.25078231292517,14.33078231292517,80.0,80.0,,,2.691650390625
Am7,15,body,16.292868480725623,16.457868480725622,14.33078231292517,14.49578231292517,165.01133786848072,165.01133786848072,,,1.3458251953125
Am7,15,sustain,16.457868480725622,16.62786848072562,14.49578231292517,14.66578231292517,169.97732426303855,170.0,,,1.3458251953125
Am7,15,decay,16.577868480725623,16.69786848072562,14.61578231292517,14.73578231292517,119.97732426303854,120.0,,,1.3458251953125
Am7,16,attack,18.581768707482993,18.656768707482993,15.438367346938776,15.513367346938775,74.98866213151928,74.98866213151928,,,2.691650390625
Am7,16,stabilization,18.656768707482993,18.736768707482995,15.513367346938775,15.593367346938775,80.0,80.0,,,2.691650390625
Am7,16,body,18.736768707482995,18.901768707482994,15.593367346938775,15.758367346938776,165.01133786848072,165.01133786848072,,,1.3458251953125
Am7,16,sustain,18.901768707482994,19.071768707482992,15.758367346938776,15.928367346938776,169.97732426303855,170.0,,,1.3458251953125
Am7,16,decay,19.021768707482995,19.141768707482992,15.878367346938775,15.998367346938776,120.0,120.0,,,1.3458251953125
Am7,17,attack,19.156462585034014,19.231462585034013,16.042086167800452,16.11708616780045,74.98866213151928,75.01133786848072,,,2.691650390625
Am7,17,stabilization,19.231462585034013,19.311462585034015,16.11708616780045,16.197086167800453,80.0,80.0,,,2.691650390625
Am7,17,body,19.311462585034015,19.476462585034014,16.197086167800453,16.362086167800452,165.01133786848072,165.01133786848072,,,1.3458251953125
Am7,17,sustain,19.476462585034014,19.646462585034012,16.362086167800452,16.53208616780045,169.97732426303855,169.97732426303855,,,1.3458251953125
Am7,17,decay,19.596462585034015,19.716462585034012,16.482086167800453,16.60208616780045,119.97732426303854,119.97732426303854,,,1.3458251953125
Am7,18,attack,19.76888888888889,19.843888888888888,16.657414965986394,16.732414965986393,74.98866213151928,74.98866213151928,,,2.691650390625
Am7,18,stabilization,19.843888888888888,19.92388888888889,16.732414965986393,16.812414965986395,80.0,80.0,,,2.691650390625
Am7,18,body,19.92388888888889,20.08888888888889,16.812414965986395,16.977414965986394,165.01133786848072,165.01133786848072,,,1.3458251953125
Am7,18,sustain,20.08888888888889,20.258888888888887,16.977414965986394,17.147414965986393,169.97732426303855,169.97732426303855,,,1.3458251953125
Am7,18,decay,20.20888888888889,20.328888888888887,17.097414965986395,17.217414965986393,119.97732426303854,119.97732426303854,,,1.3458251953125
Am7,19,attack,20.352290249433107,20.427290249433106,17.272743764172336,17.347743764172336,74.98866213151928,74.98866213151928,,,2.691650390625
Am7,19,stabilization,20.427290249433106,20.507290249433108,17.347743764172336,17.427743764172337,80.0,80.0,,,2.691650390625
Am7,19,body,20.507290249433108,20.672290249433107,17.427743764172337,17.592743764172337,165.01133786848072,165.01133786848072,,,1.3458251953125
Am7,19,sustain,20.672290249433107,20.842290249433105,17.592743764172337,17.762743764172335,170.0,170.0,,,1.3458251953125
Am7,19,decay,20.79229024943311,20.912290249433106,17.712743764172338,17.832743764172335,120.0,120.0,,,1.3458251953125
Am7,20,attack,20.96761904761905,21.04261904761905,17.89968253968254,17.97468253968254,74.98866213151928,74.98866213151928,,,2.691650390625
Am7,20,stabilization,21.04261904761905,21.12261904761905,17.97468253968254,18.054682539682542,80.0,80.0,,,2.691650390625
Am7,20,body,21.12261904761905,21.28761904761905,18.054682539682542,18.21968253968254,165.01133786848072,165.01133786848072,,,1.3458251953125
Am7,20,sustain,21.28761904761905,21.457619047619048,18.21968253968254,18.38968253968254,170.0,170.0,,,1.3458251953125
Am7,20,decay,21.40761904761905,21.50128798185941,18.339682539682542,18.45968253968254,93.65079365079364,120.0,,,1.3458251953125
Am7,21,attack,22.700408163265305,22.775408163265304,18.503401360544217,18.578401360544216,75.01133786848072,74.98866213151928,,,2.691650390625
Am7,21,stabilization,22.775408163265304,22.855408163265306,18.578401360544216,18.658401360544218,80.0,80.0,,,2.691650390625
Am7,21,body,22.855408163265306,23.020408163265305,18.658401360544218,18.823401360544217,165.01133786848072,165.01133786848072,,,1.3458251953125
Am7,21,sustain,23.020408163265305,23.190408163265303,18.823401360544217,18.993401360544215,169.97732426303855,169.97732426303855,,,1.3458251953125
Am7,21,decay,23.140408163265306,23.260408163265303,18.943401360544218,19.048680272108843,119.97732426303854,105.26077097505669,,,1.3458251953125
Am7,22,attack,25.118185941043084,25.193185941043083,19.060680272108844,19.135680272108843,74.98866213151928,74.98866213151928,,,2.691650390625
Am7,22,stabilization,25.193185941043083,25.273185941043085,19.135680272108843,19.215680272108845,80.0,80.0,,,2.691650390625
Am7,22,body,25.273185941043085,25.438185941043084,19.215680272108845,19.380680272108844,165.01133786848072,165.01133786848072,,,1.3458251953125
Am7,22,sustain,25.438185941043084,25.608185941043082,19.380680272108844,19.550680272108842,170.0,169.97732426303855,,,1.3458251953125
Am7,22,decay,25.558185941043085,25.678185941043083,19.500680272108845,19.559519274376417,120.0,58.82086167800453,,,1.3458251953125
Am7,23,attack,25.71609977324263,25.791099773242628,19.571519274376417,19.646519274376416,74.98866213151928,74.98866213151928,,,2.691650390625
Am7,23,stabilization,25.791099773242628,25.87109977324263,19.646519274376416,19.726519274376418,80.0,80.0,,,2.691650390625
Am7,23,body,25.87109977324263,26.03609977324263,19.726519274376418,19.891519274376417,165.01133786848072,165.01133786848072,,,1.3458251953125
Am7,23,sustain,26.03609977324263,26.206099773242627,19.891519274376417,20.061519274376415,169.97732426303855,169.97732426303855,,,1.3458251953125
Am7,23,decay,26.15609977324263,26.276099773242628,20.01151927437642,20.131519274376416,119.97732426303854,119.97732426303854,,,1.3458251953125
Am7,24,attack,26.888707482993198,26.963707482993197,20.154920634920636,20.229920634920635,74.98866213151928,74.98866213151928,,,2.691650390625
Am7,24,stabilization,26.963707482993197,27.0437074829932,20.229920634920635,20.309920634920637,80.0,80.0,,,2.691650390625
Am7,24,body,27.0437074829932,27.208707482993198,20.309920634920637,20.474920634920636,165.01133786848072,165.01133786848072,,,1.3458251953125
Am7,24,sustain,27.208707482993198,27.378707482993196,20.474920634920636,20.644920634920634,170.0,170.0,,,1.3458251953125
Am7,24,decay,27.3287074829932,27.448707482993196,20.594920634920637,20.714920634920635,120.0,120.0,,,1.3458251953125
Am7,25,attack,27.58530612244898,27.66030612244898,20.831201814058957,20.906201814058957,74.98866213151928,74.98866213151928,,,2.691650390625
Am7,25,stabilization,27.66030612244898,27.74030612244898,20.906201814058957,20.98620181405896,80.0,80.0,,,2.691650390625
Am7,25,body,27.74030612244898,27.90530612244898,20.98620181405896,21.151201814058957,165.01133786848072,165.01133786848072,,,1.3458251953125
Am7,25,sustain,27.90530612244898,28.07530612244898,21.151201814058957,21.321201814058956,170.0,170.0,,,1.3458251953125
Am7,25,decay,28.02530612244898,28.14530612244898,21.27120181405896,21.391201814058956,120.0,120.0,,,1.3458251953125
Am7,26,attack,28.191927437641723,28.266927437641723,21.43201814058957,21.50701814058957,74.98866213151928,74.98866213151928,,,2.691650390625
Am7,26,stabilization,28.266927437641723,28.346927437641725,21.50701814058957,21.58701814058957,80.0,80.0,,,2.691650390625
Am7,26,body,28.346927437641725,28.511927437641724,21.58701814058957,21.75201814058957,165.01133786848072,165.01133786848072,,,1.3458251953125
Am7,26,sustain,28.511927437641724,28.681927437641722,21.75201814058957,21.922018140589568,170.0,170.0,,,1.3458251953125
Am7,26,decay,28.631927437641725,28.751927437641722,21.87201814058957,21.99201814058957,120.0,120.0,,,1.3458251953125
Am7,27,attack,28.78984126984127,28.864841269841268,22.056054421768707,22.131054421768706,74.98866213151928,74.98866213151928,,,2.691650390625
Am7,27,stabilization,28.864841269841268,28.94484126984127,22.131054421768706,22.211054421768708,80.0,80.0,,,2.691650390625
Am7,27,body,28.94484126984127,29.10984126984127,22.211054421768708,22.376054421768707,165.01133786848072,165.01133786848072,,,1.3458251953125
Am7,27,sustain,29.10984126984127,29.279841269841267,22.376054421768707,22.546054421768705,169.97732426303855,169.97732426303855,,,1.3458251953125
Am7,27,decay,29.22984126984127,29.349841269841267,22.496054421768708,22.616054421768705,119.97732426303854,119.97732426303854,,,1.3458251953125
Am7,28,attack,29.387755102040817,29.462755102040816,22.67138321995465,22.746383219954648,74.98866213151928,74.98866213151928,,,2.691650390625
Am7,28,stabilization,29.462755102040816,29.542755102040818,22.746383219954648,22.82638321995465,80.0,80.0,,,2.691650390625
Am7,28,body,29.542755102040818,29.707755102040817,22.82638321995465,22.99138321995465,165.01133786848072,165.01133786848072,,,1.3458251953125
Am7,28,sustain,29.707755102040817,29.877755102040815,22.99138321995465,23.161383219954647,170.0,170.0,,,1.3458251953125
Am7,28,decay,29.82775510204082,29.947755102040816,23.11138321995465,23.170222222222222,120.0,58.82086167800453,,,1.3458251953125
Am7,29,attack,30.00018140589569,30.07518140589569,23.864308390022675,23.939308390022674,74.98866213151928,74.98866213151928,,,2.691650390625
Am7,29,stabilization,30.07518140589569,30.155181405895693,23.939308390022674,24.019308390022676,80.0,80.0,,,2.691650390625
Am7,29,body,30.155181405895693,30.320181405895692,24.019308390022676,24.184308390022675,165.01133786848072,165.01133786848072,,,1.3458251953125
Am7,29,sustain,30.320181405895692,30.49018140589569,24.184308390022675,24.354308390022673,170.0,170.0,,,1.3458251953125
Am7,29,decay,30.440181405895693,30.56018140589569,24.304308390022676,24.360244897959184,120.0,55.91836734693877,,,1.3458251953125
Am7,30,attack,30.580680272108843,30.655680272108842,25.054331065759637,25.129331065759636,74.98866213151928,74.98866213151928,,,2.691650390625
Am7,30,stabilization,30.655680272108842,30.735680272108844,25.129331065759636,25.20933106575964,80.0,80.0,,,2.691650390625
Am7,30,body,30.735680272108844,30.900680272108843,25.20933106575964,25.374331065759637,165.01133786848072,165.01133786848072,,,1.3458251953125
Am7,30,sustain,30.900680272108843,31.07068027210884,25.374331065759637,25.544331065759636,170.0,170.0,,,1.3458251953125
Am7,30,decay,31.020680272108844,31.140680272108842,25.49433106575964,25.614331065759636,120.0,120.0,,,1.3458251953125
Am7,31,attack,31.190204081632654,31.265204081632653,25.684172335600906,25.759172335600905,74.98866213151928,74.98866213151928,,,2.691650390625
Am7,31,stabilization,31.265204081632653,31.345204081632655,25.759172335600905,25.839172335600907,80.0,80.0,,,2.691650390625
Am7,31,body,31.345204081632655,31.510204081632654,25.839172335600907,26.004172335600906,165.01133786848072,165.01133786848072,,,1.3458251953125
Am7,31,sustain,31.510204081632654,31.680204081632652,26.004172335600906,26.174172335600904,170.0,169.97732426303855,,,1.3458251953125
Am7,31,decay,31.630204081632655,31.750204081632653,26.124172335600907,26.244172335600904,120.0,119.97732426303854,,,1.3458251953125
Am7,32,attack,31.776507936507937,31.851507936507936,26.296598639455784,26.371598639455783,74.98866213151928,74.98866213151928,,,2.691650390625
Am7,32,stabilization,31.851507936507936,31.931507936507938,26.371598639455783,26.451598639455785,80.0,80.0,,,2.691650390625
Am7,32,body,31.931507936507938,32.09650793650793,26.451598639455785,26.616598639455784,164.98866213151928,165.01133786848072,,,1.3458251953125
Am7,32,sustain,32.09650793650793,32.266507936507935,26.616598639455784,26.786598639455782,170.02267573696145,170.0,,,1.3458251953125
Am7,32,decay,32.21650793650794,32.336507936507935,26.736598639455785,26.78673015873016,120.0,50.11337868480726,,,1.3458251953125
Am7,33,attack,32.359909297052155,32.43490929705216,27.48371882086168,27.558718820861678,74.98866213151928,74.98866213151928,,,2.691650390625
Am7,33,stabilization,32.43490929705216,32.51490929705216,27.558718820861678,27.63871882086168,80.0,80.0,,,2.691650390625
Am7,33,body,32.51490929705216,32.679909297052156,27.63871882086168,27.80371882086168,165.01133786848072,165.01133786848072,,,1.3458251953125
Am7,33,sustain,32.679909297052156,32.84990929705216,27.80371882086168,27.973718820861677,170.0,170.0,,,1.3458251953125
Am7,33,decay,32.79990929705215,32.91990929705216,27.92371882086168,28.043718820861677,120.0,120.0,,,1.3458251953125
Am7,34,attack,32.96072562358277,33.03572562358277,28.081632653061224,28.156632653061223,74.98866213151928,74.98866213151928,,,2.691650390625
Am7,34,stabilization,33.03572562358277,33.11572562358277,28.156632653061223,28.236632653061225,80.0,80.0,,,2.691650390625
Am7,34,body,33.11572562358277,33.28072562358277,28.236632653061225,28.401632653061224,165.01133786848072,165.01133786848072,,,1.3458251953125
Am7,34,sustain,33.28072562358277,33.45072562358277,28.401632653061224,28.571632653061222,170.0,170.0,,,1.3458251953125
Am7,34,decay,33.400725623582765,33.52072562358277,28.521632653061225,28.641632653061222,120.0,120.0,,,1.3458251953125
Cmaj7,0,attack,6.458049886621315,6.533049886621315,4.275374149659864,4.3503741496598645,74.98866213151928,74.98866213151928,,,2.691650390625
Cmaj7,0,stabilization,6.533049886621315,6.613049886621315,4.3503741496598645,4.4303741496598645,80.0,80.0,,,2.691650390625
Cmaj7,0,body,6.613049886621315,6.778049886621315,4.4303741496598645,4.595374149659865,165.01133786848072,165.01133786848072,,,1.3458251953125
Cmaj7,0,sustain,6.778049886621315,6.948049886621315,4.595374149659865,4.7653741496598645,170.0,170.0,,,1.3458251953125
Cmaj7,0,decay,6.898049886621315,7.018049886621315,4.715374149659865,4.835374149659865,120.0,120.0,,,1.3458251953125
Cmaj7,1,attack,11.261678004535147,11.336678004535147,4.867482993197279,4.942482993197279,74.98866213151928,74.98866213151928,,,2.691650390625
Cmaj7,1,stabilization,11.336678004535147,11.416678004535147,4.942482993197279,5.022482993197279,80.0,80.0,,,2.691650390625
Cmaj7,1,body,11.416678004535147,11.581678004535148,5.022482993197279,5.187482993197279,165.01133786848072,165.01133786848072,,,1.3458251953125
Cmaj7,1,sustain,11.581678004535148,11.751678004535147,5.187482993197279,5.357482993197279,170.0,170.0,,,1.3458251953125
Cmaj7,1,decay,11.701678004535147,11.821678004535148,5.307482993197279,5.427482993197279,120.02267573696145,119.97732426303854,,,1.3458251953125
Cmaj7,2,attack,13.670748299319728,13.745748299319727,5.488616780045351,5.5636167800453515,74.98866213151928,74.98866213151928,,,2.691650390625
Cmaj7,2,stabilization,13.745748299319727,13.825748299319727,5.5636167800453515,5.643616780045352,80.0,80.0,,,2.691650390625
Cmaj7,2,body,13.825748299319727,13.990748299319728,5.643616780045352,5.808616780045352,165.01133786848072,165.01133786848072,,,1.3458251953125
Cmaj7,2,sustain,13.990748299319728,14.160748299319728,5.808616780045352,5.978616780045352,170.0,170.0,,,1.3458251953125
Cmaj7,2,decay,14.110748299319727,14.230748299319728,5.928616780045352,6.048616780045352,120.0,120.0,,,1.3458251953125
Cmaj7,3,attack,14.274467120181406,14.349467120181405,6.106848072562358,6.181848072562358,74.98866213151928,74.98866213151928,,,2.691650390625
Cmaj7,3,stabilization,14.349467120181405,14.429467120181405,6.181848072562358,6.261848072562358,80.0,80.0,,,2.691650390625
Cmaj7,3,body,14.429467120181405,14.594467120181406,6.261848072562358,6.4268480725623585,165.01133786848072,165.01133786848072,,,1.3458251953125
Cmaj7,3,sustain,14.594467120181406,14.764467120181406,6.4268480725623585,6.596848072562358,170.0,170.0,,,1.3458251953125
Cmaj7,3,decay,14.714467120181405,14.834467120181406,6.546848072562359,6.666848072562358,120.0,120.0,,,1.3458251953125
Cmaj7,4,attack,14.889795918367346,14.964795918367345,6.693151927437642,6.768151927437642,74.98866213151928,74.98866213151928,,,2.691650390625
Cmaj7,4,stabilization,14.964795918367345,15.044795918367345,6.768151927437642,6.848151927437642,80.0,80.0,,,2.691650390625
Cmaj7,4,body,15.044795918367345,15.209795918367346,6.848151927437642,7.013151927437642,165.01133786848072,165.01133786848072,,,1.3458251953125
Cmaj7,4,sustain,15.209795918367346,15.379795918367346,7.013151927437642,7.183151927437642,170.0,170.0,,,1.3458251953125
Cmaj7,4,decay,15.329795918367346,15.449795918367347,7.133151927437642,7.253151927437642,120.02267573696145,120.0,,,1.3458251953125
Cmaj7,5,attack,15.484807256235827,15.559807256235827,7.285260770975056,7.3602607709750565,74.98866213151928,74.98866213151928,,,2.691650390625
Cmaj7,5,stabilization,15.559807256235827,15.639807256235827,7.3602607709750565,7.440260770975057,80.0,80.0,,,2.691650390625
Cmaj7,5,body,15.639807256235827,15.804807256235827,7.440260770975057,7.605260770975057,165.01133786848072,165.01133786848072,,,1.3458251953125
Cmaj7,5,sustain,15.804807256235827,15.974807256235827,7.605260770975057,7.7752607709750565,170.0,170.0,,,1.3458251953125
Cmaj7,5,decay,15.924807256235827,16.044807256235828,7.725260770975057,7.845260770975056,120.0,119.97732426303854,,,1.3458251953125
Cmaj7,6,attack,16.074013605442175,16.149013605442175,7.891882086167801,7.966882086167801,75.01133786848072,74.98866213151928,,,2.691650390625
Cmaj7,6,stabilization,16.149013605442175,16.229013605442177,7.966882086167801,8.0468820861678,80.0,80.0,,,2.691650390625
Cmaj7,6,body,16.229013605442177,16.394013605442176,8.0468820861678,8.211882086167801,165.01133786848072,165.01133786848072,,,1.3458251953125
Cmaj7,6,sustain,16.394013605442176,16.564013605442174,8.211882086167801,8.381882086167801,169.97732426303855,170.0,,,1.3458251953125
Cmaj7,6,decay,16.514013605442177,16.634013605442174,8.3318820861678,8.451882086167801,119.97732426303854,120.0,,,1.3458251953125
Cmaj7,7,attack,16.648707482993196,16.723707482993195,8.486893424036282,8.561893424036281,75.01133786848072,74.98866213151928,,,2.691650390625
Cmaj7,7,stabilization,16.723707482993195,16.803707482993197,8.561893424036281,8.641893424036281,80.0,80.0,,,2.691650390625
Cmaj7,7,body,16.803707482993197,16.968707482993196,8.641893424036281,8.806893424036282,164.98866213151928,165.01133786848072,,,1.3458251953125
Cmaj7,7,sustain,16.968707482993196,17.138707482993194,8.806893424036282,8.976893424036282,170.0,170.0,,,1.3458251953125
Cmaj7,7,decay,17.088707482993197,17.208707482993194,8.926893424036281,9.046893424036282,119.97732426303854,120.0,,,1.3458251953125
Cmaj7,8,attack,17.237913832199546,17.312913832199545,9.096417233560091,9.17141723356009,74.98866213151928,74.98866213151928,,,2.691650390625
Cmaj7,8,stabilization,17.312913832199545,17.392913832199547,9.17141723356009,9.25141723356009,80.0,80.0,,,2.691650390625
Cmaj7,8,body,17.392913832199547,17.557913832199546,9.25141723356009,9.416417233560091,165.01133786848072,165.01133786848072,,,1.3458251953125
Cmaj7,8,sustain,17.557913832199546,17.727913832199544,9.416417233560091,9.586417233560091,169.97732426303855,170.0,,,1.3458251953125
Cmaj7,8,decay,17.677913832199547,17.797913832199544,9.53641723356009,9.656417233560092,119.97732426303854,120.0,,,1.3458251953125
Cmaj7,9,attack,17.86485260770975,17.93985260770975,9.708843537414966,9.783843537414965,74.98866213151928,74.98866213151928,,,2.691650390625
Cmaj7,9,stabilization,17.93985260770975,18.01985260770975,9.783843537414965,9.863843537414965,80.0,80.0,,,2.691650390625
Cmaj7,9,body,18.01985260770975,18.18485260770975,9.863843537414965,10.028843537414966,165.01133786848072,165.01133786848072,,,1.3458251953125
Cmaj7,9,sustain,18.18485260770975,18.35485260770975,10.028843537414966,10.198843537414966,169.97732426303855,170.0,,,1.3458251953125
Cmaj7,9,decay,18.30485260770975,18.42485260770975,10.148843537414965,10.26863492063492,119.97732426303854,119.79591836734693,,,1.3458251953125
Cmaj7,10,attack,18.451156462585033,18.526156462585032,10.28063492063492,10.35563492063492,75.01133786848072,74.98866213151928,,,2.691650390625
Cmaj7,10,stabilization,18.526156462585032,18.606156462585034,10.35563492063492,10.43563492063492,80.0,80.0,,,2.691650390625
Cmaj7,10,body,18.606156462585034,18.771156462585033,10.43563492063492,10.60063492063492,165.01133786848072,165.01133786848072,,,1.3458251953125
Cmaj7,10,sustain,18.771156462585033,18.94115646258503,10.60063492063492,10.77063492063492,169.97732426303855,170.0,,,1.3458251953125
Cmaj7,10,decay,18.891156462585034,19.01115646258503,10.72063492063492,10.84063492063492,119.97732426303854,120.02267573696145,,,1.3458251953125
Cmaj7,11,attack,19.02875283446712,19.10375283446712,10.878548752834467,10.953548752834466,74.98866213151928,74.98866213151928,,,2.691650390625
Cmaj7,11,stabilization,19.10375283446712,19.18375283446712,10.953548752834466,11.033548752834466,80.0,80.0,,,2.691650390625
Cmaj7,11,body,19.18375283446712,19.34875283446712,11.033548752834466,11.198548752834467,165.01133786848072,165.01133786848072,,,1.3458251953125
Cmaj7,11,sustain,19.34875283446712,19.51875283446712,11.198548752834467,11.368548752834467,169.97732426303855,170.0,,,1.3458251953125
Cmaj7,11,decay,19.46875283446712,19.58875283446712,11.318548752834467,11.438548752834468,120.0,120.0,,,1.3458251953125
Cmaj7,12,attack,19.629569160997733,19.704569160997732,11.473560090702948,11.548560090702948,74.98866213151928,74.98866213151928,,,2.691650390625
Cmaj7,12,stabilization,19.704569160997732,19.784569160997734,11.548560090702948,11.628560090702948,80.0,80.0,,,2.691650390625
Cmaj7,12,body,19.784569160997734,19.949569160997733,11.628560090702948,11.793560090702949,165.01133786848072,165.01133786848072,,,1.3458251953125
Cmaj7,12,sustain,19.949569160997733,20.11956916099773,11.793560090702949,11.963560090702948,169.97732426303855,170.0,,,1.3458251953125
Cmaj7,12,decay,20.069569160997734,20.18956916099773,11.913560090702948,12.033560090702949,120.0,120.0,,,1.3458251953125
Cmaj7,13,attack,20.241995464852607,20.316995464852607,12.05986394557823,12.13486394557823,74.98866213151928,74.98866213151928,,,2.691650390625
Cmaj7,13,stabilization,20.316995464852607,20.39699546485261,12.13486394557823,12.21486394557823,80.0,80.0,,,2.691650390625
Cmaj7,13,body,20.39699546485261,20.561995464852608,12.21486394557823,12.379863945578231,165.01133786848072,165.01133786848072,,,1.3458251953125
Cmaj7,13,sustain,20.561995464852608,20.731995464852606,12.379863945578231,12.549863945578231,169.97732426303855,170.0,,,1.3458251953125
Cmaj7,13,decay,20.68199546485261,20.801995464852606,12.49986394557823,12.619863945578231,119.97732426303854,120.0,,,1.3458251953125
Cmaj7,14,attack,20.84861678004535,20.92361678004535,12.686802721088435,12.761802721088435,74.98866213151928,74.98866213151928,,,2.691650390625
Cmaj7,14,stabilization,20.92361678004535,21.003616780045352,12.761802721088435,12.841802721088435,80.0,80.0,,,2.691650390625
Cmaj7,14,body,21.003616780045352,21.16861678004535,12.841802721088435,13.006802721088436,165.01133786848072,165.01133786848072,,,1.3458251953125
Cmaj7,14,sustain,21.16861678004535,21.33861678004535,13.006802721088436,13.176802721088436,169.97732426303855,170.0,,,1.3458251953125
Cmaj7,14,decay,21.288616780045352,21.40861678004535,13.126802721088435,13.246802721088436,119.97732426303854,120.0,,,1.3458251953125
Cmaj7,15,attack,21.469750566893424,21.544750566893423,13.302131519274376,13.377131519274375,74.98866213151928,74.98866213151928,,,2.691650390625
Cmaj7,15,stabilization,21.544750566893423,21.624750566893425,13.377131519274375,13.457131519274375,80.0,80.0,,,2.691650390625
Cmaj7,15,body,21.624750566893425,21.789750566893424,13.457131519274375,13.622131519274376,165.01133786848072,165.01133786848072,,,1.3458251953125
Cmaj7,15,sustain,21.789750566893424,21.959750566893423,13.622131519274376,13.792131519274376,169.97732426303855,170.0,,,1.3458251953125
Cmaj7,15,decay,21.909750566893425,22.029750566893423,13.742131519274375,13.862131519274376,120.0,120.0,,,1.3458251953125
Cmaj7,16,attack,22.064761904761905,22.139761904761905,13.879727891156463,13.954727891156463,74.98866213151928,74.98866213151928,,,2.691650390625
Cmaj7,16,stabilization,22.139761904761905,22.219761904761906,13.954727891156463,14.034727891156463,80.0,80.0,,,2.691650390625
Cmaj7,16,body,22.219761904761906,22.384761904761906,14.034727891156463,14.199727891156463,165.01133786848072,165.01133786848072,,,1.3458251953125
Cmaj7,16,sustain,22.384761904761906,22.554761904761904,14.199727891156463,14.369727891156463,170.0,170.0,,,1.3458251953125
Cmaj7,16,decay,22.504761904761907,22.624761904761904,14.319727891156463,14.439727891156464,120.0,120.0,,,1.3458251953125
Cmaj7,17,attack,22.659773242630386,22.734773242630386,16.27718820861678,16.35218820861678,74.98866213151928,74.98866213151928,,,2.691650390625
Cmaj7,17,stabilization,22.734773242630386,22.814773242630388,16.35218820861678,16.432188208616783,80.0,80.0,,,2.691650390625
Cmaj7,17,body,22.814773242630388,22.979773242630387,16.432188208616783,16.59718820861678,165.01133786848072,165.01133786848072,,,1.3458251953125
Cmaj7,17,sustain,22.979773242630387,23.149773242630385,16.59718820861678,16.76718820861678,170.0,170.0,,,1.3458251953125
Cmaj7,17,decay,23.099773242630388,23.219773242630385,16.717188208616783,16.83718820861678,120.0,120.0,,,1.3458251953125
Cmaj7,18,attack,23.881723356009072,23.95672335600907,16.889614512471656,16.964614512471655,74.98866213151928,74.98866213151928,,,2.691650390625
Cmaj7,18,stabilization,23.95672335600907,24.036723356009073,16.964614512471655,17.044614512471657,80.0,80.0,,,2.691650390625
Cmaj7,18,body,24.036723356009073,24.201723356009072,17.044614512471657,17.209614512471656,165.01133786848072,165.01133786848072,,,1.3458251953125
Cmaj7,18,sustain,24.201723356009072,24.37172335600907,17.209614512471656,17.379614512471655,170.0,170.0,,,1.3458251953125
Cmaj7,18,decay,24.321723356009073,24.44172335600907,17.329614512471657,17.449614512471655,120.0,120.0,,,1.3458251953125
Cmaj7,19,attack,24.49124716553288,24.56624716553288,17.499138321995463,17.574138321995463,74.98866213151928,75.01133786848072,,,2.691650390625
Cmaj7,19,stabilization,24.56624716553288,24.64624716553288,17.574138321995463,17.654138321995465,80.0,80.0,,,2.691650390625
Cmaj7,19,body,24.64624716553288,24.81124716553288,17.654138321995465,17.819138321995464,165.01133786848072,165.01133786848072,,,1.3458251953125
Cmaj7,19,sustain,24.81124716553288,24.981247165532878,17.819138321995464,17.989138321995462,170.0,169.97732426303855,,,1.3458251953125
Cmaj7,19,decay,24.93124716553288,25.051247165532878,17.939138321995465,18.059138321995462,120.0,119.97732426303854,,,1.3458251953125
Cmaj7,20,attack,25.07174603174603,25.14674603174603,18.11156462585034,18.18656462585034,74.98866213151928,74.98866213151928,,,2.691650390625
Cmaj7,20,stabilization,25.14674603174603,25.226746031746032,18.18656462585034,18.266564625850343,80.0,80.0,,,2.691650390625
Cmaj7,20,body,25.226746031746032,25.39174603174603,18.266564625850343,18.431564625850342,165.01133786848072,165.01133786848072,,,1.3458251953125
Cmaj7,20,sustain,25.39174603174603,25.56174603174603,18.431564625850342,18.60156462585034,170.0,170.0,,,1.3458251953125
Cmaj7,20,decay,25.511746031746032,25.63174603174603,18.551564625850343,18.67156462585034,120.0,120.0,,,1.3458251953125
Cmaj7,21,attack,25.666757369614512,25.74175736961451,19.28126984126984,19.35626984126984,74.98866213151928,75.01133786848072,,,2.691650390625
Cmaj7,21,stabilization,25.74175736961451,25.821757369614513,19.35626984126984,19.43626984126984,80.0,80.0,,,2.691650390625
Cmaj7,21,body,25.821757369614513,25.986757369614512,19.43626984126984,19.60126984126984,165.01133786848072,164.98866213151928,,,1.3458251953125
Cmaj7,21,sustain,25.986757369614512,26.15675736961451,19.60126984126984,19.771269841269838,170.0,170.0,,,1.3458251953125
Cmaj7,21,decay,26.106757369614513,26.22675736961451,19.72126984126984,19.84126984126984,120.0,119.97732426303854,,,1.3458251953125
Cmaj7,22,attack,26.273378684807255,26.348378684807255,19.88498866213152,19.95998866213152,74.98866213151928,74.98866213151928,,,2.691650390625
Cmaj7,22,stabilization,26.348378684807255,26.428378684807257,19.95998866213152,20.03998866213152,80.0,80.0,,,2.691650390625
Cmaj7,22,body,26.428378684807257,26.593378684807256,20.03998866213152,20.20498866213152,165.01133786848072,165.01133786848072,,,1.3458251953125
Cmaj7,22,sustain,26.593378684807256,26.763378684807254,20.20498866213152,20.374988662131518,170.0,169.97732426303855,,,1.3458251953125
Cmaj7,22,decay,26.713378684807257,26.833378684807254,20.32498866213152,20.444988662131518,120.0,120.0,,,1.3458251953125
Cmaj7,23,attack,26.862585034013605,26.937585034013605,20.48580498866213,20.56080498866213,74.98866213151928,74.98866213151928,,,2.691650390625
Cmaj7,23,stabilization,26.937585034013605,27.017585034013607,20.56080498866213,20.640804988662133,80.0,80.0,,,2.691650390625
Cmaj7,23,body,27.017585034013607,27.182585034013606,20.640804988662133,20.805804988662132,165.01133786848072,165.01133786848072,,,1.3458251953125
Cmaj7,23,sustain,27.182585034013606,27.352585034013604,20.805804988662132,20.97580498866213,170.0,169.97732426303855,,,1.3458251953125
Cmaj7,23,decay,27.302585034013607,27.422585034013604,20.925804988662133,21.04580498866213,120.0,120.0,,,1.3458251953125
Cmaj7,24,attack,27.445986394557824,27.520986394557823,21.092426303854875,21.167426303854874,74.98866213151928,74.98866213151928,,,2.691650390625
Cmaj7,24,stabilization,27.520986394557823,27.600986394557825,21.167426303854874,21.247426303854876,80.0,80.0,,,2.691650390625
Cmaj7,24,body,27.600986394557825,27.765986394557824,21.247426303854876,21.412426303854875,165.01133786848072,165.01133786848072,,,1.3458251953125
Cmaj7,24,sustain,27.765986394557824,27.935986394557823,21.412426303854875,21.582426303854874,170.0,169.97732426303855,,,1.3458251953125
Cmaj7,24,decay,27.885986394557825,28.005986394557823,21.532426303854876,21.652426303854874,120.0,119.97732426303854,,,1.3458251953125
Cmaj7,25,attack,29.889886621315192,29.96488662131519,21.70485260770975,21.77985260770975,74.98866213151928,74.98866213151928,,,2.691650390625
Cmaj7,25,stabilization,29.96488662131519,30.044886621315193,21.77985260770975,21.85985260770975,80.0,80.0,,,2.691650390625
Cmaj7,25,body,30.044886621315193,30.209886621315192,21.85985260770975,22.02485260770975,165.01133786848072,165.01133786848072,,,1.3458251953125
Cmaj7,25,sustain,30.209886621315192,30.37988662131519,22.02485260770975,22.19485260770975,170.0,169.97732426303855,,,1.3458251953125
Cmaj7,25,decay,30.329886621315193,30.44988662131519,22.14485260770975,22.218204081632653,120.0,73.33333333333333,,,1.3458251953125
Cmaj7,26,attack,30.49360544217687,30.56860544217687,23.492789115646257,23.567789115646256,74.98866213151928,75.01133786848072,,,2.691650390625
Cmaj7,26,stabilization,30.56860544217687,30.648605442176873,23.567789115646256,23.64778911564626,80.0,80.0,,,2.691650390625
Cmaj7,26,body,30.648605442176873,30.813605442176872,23.64778911564626,23.812789115646257,165.01133786848072,165.01133786848072,,,1.3458251953125
Cmaj7,26,sustain,30.813605442176872,30.98360544217687,23.812789115646257,23.982789115646256,170.0,169.97732426303855,,,1.3458251953125
Cmaj7,26,decay,30.933605442176873,31.05360544217687,23.93278911564626,24.052789115646256,120.0,120.0,,,1.3458251953125
Cmaj7,27,attack,31.071201814058956,31.146201814058955,24.09360544217687,24.16860544217687,74.98866213151928,74.98866213151928,,,2.691650390625
Cmaj7,27,stabilization,31.146201814058955,31.226201814058957,24.16860544217687,24.24860544217687,80.0,80.0,,,2.691650390625
Cmaj7,27,body,31.226201814058957,31.391201814058956,24.24860544217687,24.41360544217687,165.01133786848072,165.01133786848072,,,1.3458251953125
Cmaj7,27,sustain,31.391201814058956,31.561201814058954,24.41360544217687,24.583605442176868,169.97732426303855,169.97732426303855,,,1.3458251953125
Cmaj7,27,decay,31.511201814058957,31.631201814058954,24.53360544217687,24.653605442176868,120.0,120.0,,,1.3458251953125
Cmaj7,28,attack,31.654603174603174,31.729603174603174,24.694421768707482,24.76942176870748,74.98866213151928,74.98866213151928,,,2.691650390625
Cmaj7,28,stabilization,31.729603174603174,31.809603174603176,24.76942176870748,24.849421768707483,80.0,80.0,,,2.691650390625
Cmaj7,28,body,31.809603174603176,31.974603174603175,24.849421768707483,25.014421768707482,165.01133786848072,165.01133786848072,,,1.3458251953125
Cmaj7,28,sustain,31.974603174603175,32.144603174603176,25.014421768707482,25.18442176870748,170.0,169.97732426303855,,,1.3458251953125
Cmaj7,28,decay,32.09460317460317,32.21460317460318,25.134421768707483,25.25442176870748,120.0,120.0,,,1.3458251953125
Cmaj7,29,attack,32.25251700680272,32.32751700680272,25.896054421768707,25.971054421768706,74.98866213151928,74.98866213151928,,,2.691650390625
Cmaj7,29,stabilization,32.32751700680272,32.40751700680272,25.971054421768706,26.051054421768708,80.0,80.0,,,2.691650390625
Cmaj7,29,body,32.40751700680272,32.57251700680272,26.051054421768708,26.216054421768707,165.01133786848072,165.01133786848072,,,1.3458251953125
Cmaj7,29,sustain,32.57251700680272,32.74251700680272,26.216054421768707,26.386054421768705,170.0,170.0,,,1.3458251953125
Cmaj7,29,decay,32.69251700680272,32.81251700680272,26.336054421768708,26.456054421768705,120.02267573696145,120.0,,,1.3458251953125
Cmaj7,30,attack,32.85333333333333,32.928333333333335,30.693877551020407,30.768877551020406,74.98866213151928,74.98866213151928,,,2.691650390625
Cmaj7,30,stabilization,32.928333333333335,33.00833333333333,30.768877551020406,30.848877551020408,80.0,80.0,,,2.691650390625
Cmaj7,30,body,33.00833333333333,33.17333333333333,30.848877551020408,31.013877551020407,165.01133786848072,165.01133786848072,,,1.3458251953125
Cmaj7,30,sustain,33.17333333333333,33.343333333333334,31.013877551020407,31.183877551020405,170.0,169.97732426303855,,,1.3458251953125
Cmaj7,30,decay,33.29333333333333,33.413333333333334,31.133877551020408,31.253877551020405,120.02267573696145,119.97732426303854,,,1.3458251953125
