frequency_hz,baseline_central_db,repro_central_db,delta_db,baseline_effective_pairs,baseline_support
20.0,0.0014390216696238,-0.0002363501652728,-0.0016753718348966,0,No identificado
20.033765982017503,0.0015187140320719,-0.0002177812845499,-0.0017364953166218,0,No identificado
20.067588971112087,0.0015984063945199,-0.000199212403827,-0.0017976187983469,0,No identificado
20.101469063528747,0.0016780987569679,-0.0001806435231041,-0.0018587422800720001,0,No identificado
20.13540635567497,0.0017577911194159,-0.0001620746423812,-0.0019198657617971,0,No identificado
20.16940094412101,0.0018374834818639,-0.0001435057616582,-0.0019809892435221,0,No identificado
20.20345292560016,0.0019171758443119,-0.0001249368809353,-0.0020421127252472,0,No identificado
20.237562397009015,0.0019968682067599,-0.0001063680002124,-0.0021032362069723,0,No identificado
20.271729455407797,0.0020765605692079,-8.779911948956968e-05,-0.0021643596886974695,0,No identificado
20.30595419802054,0.0021562529316559,-6.923023876665929e-05,-0.002225483170422559,0,No identificado
20.34023672223547,0.0022359452941039,-5.066135804375379e-05,-0.002286606652147654,0,No identificado
20.374577125605207,0.0023156376565519,-3.209247732084339e-05,-0.0023477301338727433,0,No identificado
20.408975505847074,0.0023953300189999,-1.352359659793296e-05,-0.002408853615597833,0,No identificado
20.443431960843377,0.0024750223814479,5.045284124972536e-06,-0.0024699770973229274,0,No identificado
20.47794658864167,0.0025547147438959,2.3614164847882857e-05,-0.0025311005790480175,0,No identificado
20.51251948745504,0.0026344071063439,4.218304557078841e-05,-0.0025922240607731115,0,No identificado
20.547150755662397,0.0027140994687919,6.075192629369881e-05,-0.0026533475424982012,0,No identificado
20.581840491808723,0.00279379183124,7.932080701660913e-05,-0.0027144710242233906,0,No identificado
20.6165887946054,0.002873484193688,9.788968773951952e-05,-0.0027755945059484803,0,No identificado
20.65139576293044,0.002953176556136,0.0001164585684624,-0.0028367179876736003,0,No identificado
20.686261495828813,0.003032868918584,0.0001350274491853,-0.0028978414693987,0,No identificado
20.72118609251269,0.003112561281032,0.0001535963299082,-0.0029589649511238,0,No identificado
20.75616965236174,0.00319225364348,0.0001721652106311,-0.0030200884328489,0,No identificado
20.791212274923435,0.003271946005928,0.000190734091354,-0.003081211914574,0,No identificado
20.82631405991329,0.003351638368376,0.0002093029720769,-0.0031423353962991,0,No identificado
20.861475107215185,0.003431330730824,0.0002278718527998,-0.0032034588780242,0,No identificado
20.896695516881625,0.003511023093272,0.0002464407335227,-0.0032645823597493,0,No identificado
20.931975389134035,0.00359071545572,0.0002650096142456,-0.0033257058414743997,0,No identificado
20.967314824363047,0.003670407818168,0.0002835784949686,-0.0033868293231994,0,No identificado
21.002713923128784,0.003750100180616,0.0003021473756915,-0.0034479528049245,0,No identificado
21.03817278616114,0.003829792543064,0.0003207162564144,-0.0035090762866495998,0,No identificado
21.07369151436007,0.003909484905512,0.0003392851371373,-0.0035701997683747,0,No identificado
21.109270208795884,0.00398917726796,0.0003578540178602,-0.0036313232500998,0,No identificado
21.144908970709523,0.0040688696304081,0.0003764228985831,-0.003692446731825,0,No identificado
21.180607901512857,0.004148561992856,0.000394991779306,-0.00375357021355,0,No identificado
21.21636710278897,0.0042282543553041,0.0004135606600289,-0.0038146936952752003,0,No identificado
21.252186676292443,0.0043079467177521,0.0004321295407518,-0.0038758171770003,0,No identificado
21.28806672394965,0.0043876390802001,0.0004506984214747,-0.0039369406587254,0,No identificado
21.32400734785907,0.0044673314426481,0.0004692673021976,-0.0039980641404505,0,No identificado
21.360008650291512,0.0045470238050961,0.0004878361829206,-0.0040591876221755,0,No identificado
21.396070733690483,0.0046267161675441,0.0005064050636435,-0.0041203111039006,0,No identificado
21.432193700672432,0.0047064085299921,0.0005249739443664,-0.0041814345856257,0,No identificado
21.46837765402706,0.0047861008924401,0.0005435428250893,-0.0042425580673508,0,No identificado
21.5046226967176,0.0048657932548881,0.0005621117058122,-0.0043036815490759,0,No identificado
21.540928931881123,0.0049454856173361,0.0005806805865351,-0.004364805030801,0,No identificado
21.577296462828844,0.0050251779797841,0.000599249467258,-0.0044259285125261,0,No identificado
21.61372539304635,0.0051048703422321,0.0006178183479809,-0.0044870519942512,0,No identificado
21.650215826193996,0.0051845627046802,0.0006363872287038,-0.0045481754759764,0,No identificado
21.686767866107107,0.0052642550671282,0.0006549561094267,-0.0046092989577015,0,No identificado
21.723381616796345,0.0053439474295762,0.0006735249901496,-0.0046704224394266,0,No identificado
21.760057182447948,0.0054236397920242,0.0006920938708726,-0.0047315459211516,0,No identificado
21.796794667424063,0.0055033321544722,0.0007106627515955,-0.0047926694028767,0,No identificado
21.833594176263038,0.0055830245169202,0.0007292316323184,-0.0048537928846018,0,No identificado
21.87045581367969,0.0056627168793682,0.0007478005130413,-0.0049149163663268994,0,No identificado
21.90737968456565,0.0057424092418162,0.0007663693937642,-0.004976039848052,0,No identificado
21.944365893989637,0.0058221016042642,0.0007849382744871,-0.0050371633297771,0,No identificado
21.98141454719773,0.0059017939667122,0.00080350715521,-0.005098286811502199,0,No identificado
22.01852574961373,0.0059680529440588,0.0008218974607225,-0.005146155483336299,0,No identificado
22.055699606839397,0.0060208238728188,0.0008401084643617,-0.0051807154084570995,0,No identificado
22.092936224654792,0.0060735948015787,0.0008583194680009,-0.0052152753335778,0,No identificado
22.130235709018567,0.0061263657303386,0.0008765304716401,-0.0052498352586985006,0,No identificado
22.167598166068256,0.0061791366590986,0.0008947414752793,-0.005284395183819301,0,No identificado
22.20502370212059,0.0062319075878585,0.0009129524789185,-0.00531895510894,0,No identificado
22.24251242367179,0.0062846785166185,0.0009311634825577,-0.0053535150340608,0,No identificado
22.28006443739788,0.0063374494453784,0.0009493744861969,-0.0053880749591815,0,No identificado
22.31767985015497,0.0063902203741383,0.0009675854898361,-0.0054226348843022,0,No identificado
22.35535876897961,0.0064429913028983,0.0009857964934753,-0.005457194809422999,0,No identificado
22.39310130108902,0.0064957622316582,0.0010040074971144,-0.0054917547345438005,0,No identificado
22.43090755388145,0.0065485331604181,0.0010222185007536,-0.0055263146596645,0,No identificado
22.46877763493648,0.0066013040891781,0.0010404295043928,-0.0055608745847853,0,No identificado
22.506711652015305,0.006654075017938,0.001058640508032,-0.005595434509906,0,No identificado
22.544709713061057,0.0067068459466979,0.0010768515116712,-0.0056299944350267,0,No identificado
22.582771926199108,0.0067596168754579,0.0010950625153104,-0.0056645543601475,0,No identificado
22.620898399737374,0.0068123878042178,0.0011132735189496,-0.0056991142852682,0,No identificado
22.65908924216664,0.0068651587329778,0.0011314845225888,-0.005733674210389,0,No identificado
22.69734456216084,0.0069179296617377,0.001149695526228,-0.0057682341355096995,0,No identificado
22.735664468577387,0.0069707005904976,0.0011679065298672,-0.0058027940606304,0,No identificado
22.774049070457483,0.0070234715192576,0.0011861175335064,-0.0058373539857512,0,No identificado
22.81249847702642,0.0070762424480175,0.0012043285371455,-0.005871913910872,0,No identificado
22.851012797693897,0.0071290133767774,0.0012225395407847,-0.0059064738359927,0,No identificado
22.88959214205433,0.0071817843055374,0.0012407505444239,-0.0059410337611135,0,No identificado
22.928236619887155,0.0072345552342973,0.0012589615480631,-0.005975593686234199,0,No identificado
22.96694634115716,0.0072873261630573,0.0012771725517023,-0.0060101536113549995,0,No identificado
23.005721416014783,0.0073400970918172,0.0012953835553415,-0.0060447135364757,0,No identificado
23.044561954796425,0.0073928680205771,0.0013135945589807,-0.0060792734615964005,0,No identificado
23.083468068024768,0.0074456389493371,0.0013318055626199,-0.006113833386717201,0,No identificado
23.12243986640909,0.007498409878097,0.0013500165662591,-0.0061483933118378995,0,No identificado
23.16147746084559,0.0075511808068569,0.0013682275698983,-0.0061829532369586,0,No identificado
23.20058096241767,0.0076039517356169,0.0013864385735375,-0.0062175131620794,0,No identificado
23.239750482396303,0.0076567226643768,0.0014046495771766,-0.0062520730872002,0,No identificado
23.27898613224029,0.0077094935931368,0.0014228605808158,-0.006286633012321,0,No identificado
23.31828802359664,0.0077622645218967,0.001441071584455,-0.0063211929374417004,0,No identificado
23.357656268300826,0.0078150354506566,0.0014592825880942,-0.0063557528625624,0,No identificado
23.397090978377143,0.0078678063794166,0.0014774935917334,-0.0063903127876832,0,No identificado
23.43659226603903,0.0079205773081765,0.0014957045953726,-0.0064248727128039,0,No identificado
23.47616024368936,0.0079733482369364,0.0015139155990118,-0.0064594326379246,0,No identificado
23.515795023920777,0.0080261191656964,0.001532126602651,-0.006493992563045399,0,No identificado
23.555496719516025,0.0080788900944563,0.0015503376062902,-0.0065285524881661,0,No identificado
23.59526544344825,0.0081316610232163,0.0015685486099294,-0.006563112413286901,0,No identificado
23.63510130888133,0.0081844319519762,0.0015867596135686,-0.006597672338407599,0,No identificado
23.675004429170208,0.0082372028807361,0.0016049706172077,-0.0066322322635284,0,No identificado
23.71497491786119,0.0082899738094961,0.0016231816208469,-0.0066667921886492,0,No identificado
23.75501288869229,0.008342744738256,0.0016413926244861,-0.0067013521137699004,0,No identificado
23.795118455593546,0.0083955156670159,0.0016596036281253,-0.0067359120388906,0,No identificado
23.835291732687335,0.0084482865957759,0.0016778146317645,-0.0067704719640114,0,No identificado
23.87553283428873,0.0085010575245358,0.0016960256354037,-0.006805031889132099,0,No identificado
23.915841874905773,0.0085538284532957,0.0017142366390429,-0.0068395918142528005,0,No identificado
23.95621896923985,0.0086065993820557,0.0017324476426821,-0.006874151739373601,0,No identificado
23.99666423218598,0.0086593703108156,0.0017506586463213,-0.0069087116644943,0,No identificado
24.037177778833183,0.0087121412395756,0.0017688696499605,-0.006943271589615101,0,No identificado
24.07775972446476,0.0087649121683355,0.0017870806535997,-0.0069778315147357994,0,No identificado
24.11841018455866,0.0088176830970954,0.0018052916572389,-0.007012391439856499,0,No identificado
24.159129274787787,0.0088704540258554,0.001823502660878,-0.007046951364977399,0,No identificado
24.199917111020337,0.0089232249546153,0.0018417136645172,-0.0070815112900981005,0,No identificado
24.24077380932012,0.0089759958833752,0.0018599246681564,-0.0071160712152188,0,No identificado
24.281699485946916,0.0090287668121352,0.0018781356717956,-0.0071506311403396,0,No identificado
24.322694257356755,0.0090815377408951,0.0018963466754348,-0.007185191065460299,0,No identificado
24.363758240202312,0.0091343086696551,0.001914557679074,-0.007219750990581099,0,No identificado
24.404891551333183,0.009187079598415,0.0019327686827132,-0.007254310915701801,0,No identificado
24.44609430779625,0.0092398505271749,0.0019509796863524,-0.0072888708408224995,0,No identificado
24.48736662683601,0.0092926214559349,0.0019691906899916,-0.007323430765943301,0,No identificado
24.528708625894897,0.0093453923846948,0.0019874016936308,-0.0073579906910639994,0,No identificado
24.570120422613623,0.0093981633134547,0.00200561269727,-0.007392550616184701,0,No identificado
24.611602134831514,0.0094509342422147,0.0020238237009091,-0.007427110541305601,0,No identificado
24.65315388058684,0.0095037051709746,0.0020420347045483,-0.0074616704664263005,0,No identificado
24.69477577811717,0.0095564760997346,0.0020602457081875,-0.0074962303915471,0,No identificado
24.73646794585969,0.0096092470284945,0.0020784567118267,-0.0075307903166678,0,No identificado
24.778230502451517,0.0096620179572545,0.0020966677154659,-0.0075653502417886,0,No identificado
24.82006356673008,0.0097147888860144,0.0021148787191051,-0.007599910166909299,0,No identificado
24.86196725773345,0.0097675598147743,0.0021330897227443,-0.007634470092030001,0,No identificado
24.903941694700663,0.0098203307435343,0.0021513007263835,-0.0076690300171508,0,No identificado
24.94598699707208,0.0098731016722942,0.0021695117300227,-0.0077035899422715,0,No identificado
24.98810328448967,0.0099258726010541,0.0021877227336619,-0.0077381498673921995,0,No identificado
25.03029067679745,0.009950508715341,0.0022025192414198,-0.0077479894739212,0,No identificado
25.07254929404173,0.0099640855082731,0.0022159735683984,-0.0077481119398747,0,No identificado
25.114879256471504,0.0099776623012051,0.0022294278953769,-0.007748234405828201,0,No identificado
25.157280684538797,0.0099912390941372,0.0022428822223555,-0.0077483568717817,0,No identificado
25.19975369889896,0.0100048158870693,0.0022563365493341,-0.0077484793377352,0,No identificado
25.242298420411085,0.0100183926800014,0.0022697908763127,-0.0077486018036887,0,No identificado
25.284914970138285,0.0100319694729335,0.0022832452032913,-0.007748724269642199,0,No identificado
25.327603469348077,0.0100455462658655,0.0022966995302698,-0.007748846735595701,0,No identificado
25.37036403951269,0.0100591230587976,0.0023101538572484,-0.007748969201549201,0,No identificado
25.413196802309475,0.0100726998517297,0.002323608184227,-0.0077490916675027,0,No identificado
25.456101879621176,0.0100862766446618,0.0023370625112056,-0.0077492141334562,0,No identificado
25.499079393536324,0.0100998534375939,0.0023505168381842,-0.0077493365994097,0,No identificado
25.54212946634957,0.0101134302305259,0.0023639711651628,-0.0077494590653631006,0,No identificado
25.585252220562047,0.010127007023458,0.0023774254921413,-0.0077495815313167,0,No identificado
25.62844777888168,0.0101405838163901,0.0023908798191199,-0.007749703997270199,0,No identificado
25.671716264223598,0.0101541606093222,0.0024043341460985,-0.007749826463223699,0,No identificado
25.7150577997104,0.0101677374022542,0.0024177884730771,-0.007749948929177099,0,No identificado
25.758472508672604,0.0101813141951863,0.0024312428000557,-0.007750071395130599,0,No identificado
25.80196051464891,0.0101948909881184,0.0024446971270342,-0.0077501938610841994,0,No identificado
25.845521941386608,0.0102084677810505,0.0024581514540128,-0.007750316327037699,0,No identificado
25.889156912841894,0.0102220445739826,0.0024716057809914,-0.007750438792991201,0,No identificado
25.93286555318026,0.0102356213669146,0.00248506010797,-0.0077505612589446,0,No identificado
25.97664798677681,0.0102491981598467,0.0024985144349486,-0.007750683724898099,0,No identificado
26.020504338216632,0.0102627749527788,0.0025119687619271,-0.0077508061908517015,0,No identificado
26.06443473229516,0.0102763517457109,0.0025254230889057,-0.007750928656805201,0,No identificado
26.108439294018517,0.010289928538643,0.0025388774158843,-0.007751051122758701,0,No identificado
26.152518148603853,0.010303505331575,0.0025523317428629,-0.0077511735887121,0,No identificado
26.19667142147976,0.0103170821245071,0.0025657860698415,-0.0077512960546656014,0,No identificado
26.240899238286566,0.0103306589174392,0.0025792403968201,-0.007751418520619101,0,No identificado
26.28520172487672,0.0103442357103713,0.0025926947237986,-0.0077515409865727,0,No identificado
26.329579007315147,0.0103578125033033,0.0026061490507772,-0.007751663452526099,0,No identificado
26.37403121187962,0.0103713892962354,0.0026196033777558,-0.0077517859184796,0,No identificado
26.41855846506109,0.0103849660891675,0.0026330577047344,-0.0077519083844331,0,No identificado
26.463160893564066,0.0103985428820996,0.002646512031713,-0.0077520308503866,0,No identificado
26.507838624306977,0.0104121196750317,0.0026599663586915,-0.0077521533163402,0,No identificado
26.55259178442254,0.0104256964679637,0.0026734206856701,-0.007752275782293601,0,No identificado
26.59742050125808,0.0104392732608958,0.0026868750126487,-0.007752398248247101,0,No identificado
26.64232490237595,0.0104528500538279,0.0027003293396273,-0.0077525207142006,0,No identificado
26.68730511555385,0.01046642684676,0.0027137836666059,-0.0077526431801541,0,No identificado
26.732361268785223,0.0104800036396921,0.0027272379935844,-0.0077527656461076995,0,No identificado
26.777493490279586,0.0104935804326241,0.002740692320563,-0.0077528881120611,0,No identificado
26.822701908462907,0.0105071572255562,0.0027541466475416,-0.0077530105780146,0,No identificado
26.867986651978004,0.0105207340184883,0.0027676009745202,-0.0077531330439681,0,No identificado
26.913347849684865,0.0105343108114204,0.0027810553014988,-0.007753255509921599,0,No identificado
26.958785630661023,0.0105478876043525,0.0027945096284774,-0.007753377975875099,0,No identificado
27.004300124201954,0.0105614643972845,0.0028079639554559,-0.0077535004418286,0,No identificado
27.049891459821403,0.0105750411902166,0.0028214182824345,-0.0077536229077820994,0,No identificado
27.09555976725179,0.0105886179831487,0.0028348726094131,-0.007753745373735599,0,No identificado
27.141305176444547,0.0106021947760808,0.0028483269363917,-0.007753867839689101,0,No identificado
27.187127817570516,0.0106157715690128,0.0028617812633703,-0.0077539903056425,0,No identificado
27.233027821020293,0.0106293483619449,0.0028752355903488,-0.0077541127715961,0,No identificado
27.27900531740463,0.010642925154877,0.0028886899173274,-0.0077542352375496,0,No identificado
27.325060437554768,0.0106565019478091,0.002902144244306,-0.007754357703503101,0,No identificado
27.37119331252285,0.0106700787407412,0.0029155985712846,-0.007754480169456601,0,No identificado
27.417404073582254,0.0106836555336732,0.0029290528982632,-0.00775460263541,0,No identificado
27.463692852228014,0.0106972323266053,0.0029425072252417,-0.0077547251013635994,0,No identificado
27.510059780177144,0.0107108091195374,0.0029559615522203,-0.007754847567317101,0,No identificado
27.556504989369035,0.0107243859124695,0.0029694158791989,-0.007754970033270601,0,No identificado
27.603028611965847,0.0107379627054015,0.0029828702061775,-0.007755092499224,0,No identificado
27.649630780352854,0.0107515394983336,0.0029963245331561,-0.007755214965177499,0,No identificado
27.69631162713885,0.0107651162912657,0.0030097788601347,-0.007755337431131001,0,No identificado
27.74307128515651,0.0107786930841978,0.0030232331871132,-0.0077554598970846,0,No identificado
27.789909887462752,0.0107922698771299,0.0030366875140918,-0.0077555823630381,0,No identificado
27.836827567339157,0.0108058466700619,0.0030501418410704,-0.007755704828991499,0,No identificado
27.883824458292302,0.010819423462994,0.003063596168049,-0.007755827294945001,0,No identificado
27.9309006940542,0.0108330002559261,0.0030770504950276,-0.0077559497608985,0,No identificado
27.978056408582603,0.0108465770488582,0.0030905048220061,-0.007756072226852101,0,No identificado
28.025291736061448,0.0107766707553978,0.0030648430196939,-0.0077118277357039,0,No identificado
28.0726068109012,0.010634271829951,0.0030052146825068,-0.007629057147444199,0,No identificado
28.120001767739264,0.0104918729045042,0.0029455863453197,-0.0075462865591845,0,No identificado
28.167476741440343,0.0103494739790573,0.0028859580081325,-0.0074635159709248,0,No identificado
28.21503186709684,0.0102070750536104,0.0028263296709454,-0.007380745382665,0,No identificado
28.26266728002922,0.0100646761281636,0.0027667013337582,-0.0072979747944054,0,No identificado
28.310383115786426,0.0099222772027168,0.0027070729965711,-0.007215204206145701,0,No identificado
28.358179510146236,0.0097798782772699,0.002647444659384,-0.0071324336178859,0,No identificado
28.40605659911567,0.0096374793518231,0.0025878163221968,-0.007049663029626299,0,No identificado
28.454014518931363,0.0094950804263762,0.0025281879850097,-0.0069668924413664995,0,No identificado
28.50205340605996,0.0093526815009294,0.0024685596478226,-0.0068841218531068005,0,No identificado
28.550173397198503,0.0092102825754825,0.0024089313106354,-0.006801351264847101,0,No identificado
28.598374629274826,0.0090678836500357,0.0023493029734483,-0.006718580676587399,0,No identificado
28.646657239447915,0.0089254847245888,0.0022896746362611,-0.0066358100883277,0,No identificado
28.69502136510835,0.008783085799142,0.002230046299074,-0.006553039500068001,0,No identificado
28.743467143878654,0.0086406868736951,0.0021704179618869,-0.0064702689118082005,0,No identificado
28.791994713613697,0.0084982879482482,0.0021107896246997,-0.006387498323548501,0,No identificado
28.84060421240109,0.0083558890228014,0.0020511612875126,-0.0063047277352888,1,Inferido localmente
28.889295778561586,0.0082134900973546,0.0019915329503254,-0.006221957147029201,1,Inferido localmente
28.938069550649452,0.0080710911719077,0.0019319046131383,-0.0061391865587694,1,Inferido localmente
28.98692566745288,0.0079286922464608,0.0018722762759512,-0.0060564159705096005,1,Inferido localmente
29.03586426799437,0.007786293321014,0.001812647938764,-0.0059736453822499995,1,Inferido localmente
29.08488549153116,0.0076438943955671,0.0017530196015769,-0.0058908747939902,1,Inferido localmente
29.133989477555563,0.0075014954701203,0.0016933912643897,-0.0058081042057306,1,Inferido localmente
29.183176365795426,0.0073590965446734,0.0016337629272026,-0.0057253336174708,1,Inferido localmente
29.232446296214476,0.0072166976192266,0.0015741345900155,-0.0056425630292111,1,Inferido localmente
29.281799409012752,0.0070742986937797,0.0015145062528283,-0.0055597924409513996,1,Inferido localmente
29.331235844626992,0.0069318997683329,0.0014548779156412,-0.0054770218526917,1,Inferido localmente
29.38075574373103,0.006789500842886,0.001395249578454,-0.005394251264432,1,Inferido localmente
29.4303592472362,0.0066471019174392,0.0013356212412669,-0.0053114806761723,1,Inferido localmente
29.48004649629174,0.0065047029919923,0.0012759929040798,-0.0052287100879125,1,Inferido localmente
29.529817632285187,0.0063623040665455,0.0012163645668926,-0.0051459394996529,1,Inferido localmente
29.57967279684278,0.0062199051410987,0.0011567362297055,-0.0050631689113932,1,Inferido localmente
29.629612131829862,0.0060775062156518,0.0010971078925184,-0.0049803983231334,1,Inferido localmente
29.67963577935131,0.0059351072902049,0.0010374795553312,-0.0048976277348737,1,Inferido localmente
29.72974388175189,0.0057927083647581,0.0009778512181441,-0.004814857146614,1,Inferido localmente
29.7799365816167,0.0056503094393112,0.0009182228809569,-0.0047320865583543,1,Inferido localmente
29.83021402177156,0.0055079105138644,0.0008585945437698,-0.0046493159700946,1,Inferido localmente
29.880576345283423,0.0053655115884176,0.0007989662065827,-0.0045665453818349005,1,Inferido localmente
29.9310236954608,0.0052231126629707,0.0007393378693955,-0.004483774793575201,1,Inferido localmente
29.981556215854116,0.0050807137375238,0.0006797095322084,-0.004401004205315399,1,Inferido localmente
30.032174050256177,0.004938314812077,0.0006200811950213,-0.0043182336170557,1,Inferido localmente
30.08287734270255,0.0047959158866301,0.0005604528578341,-0.0042354630287959995,1,Inferido localmente
30.133666237471967,0.0046535169611833,0.000500824520647,-0.0041526924405363005,1,Inferido localmente
30.18454087908676,0.0045111180357365,0.0004411961834598,-0.0040699218522767,1,Inferido localmente
30.23550141231325,0.0043687191102896,0.0003815678462727,-0.0039871512640169,1,Inferido localmente
30.286547982162165,0.0042263201848427,0.0003219395090856,-0.0039043806757571,1,Inferido localmente
30.33768073388906,0.0040839212593959,0.0002623111718984,-0.0038216100874974997,1,Inferido localmente
30.38889981299472,0.0039415223339491,0.0002026828347113,-0.0037388394992378003,1,Inferido localmente
30.44020536522558,0.0037991234085022,0.0001430544975241,-0.0036560689109781,1,Inferido localmente
30.491597536574144,0.0036567244830554,8.342616033706415e-05,-0.003573298322718336,1,Inferido localmente
30.54307647327939,0.0035143255576085,2.3797823149921044e-05,-0.0034905277344585792,1,Inferido localmente
30.594642321827184,0.0033719266321616,-3.583051403722244e-05,-0.003407757146198822,1,Inferido localmente
30.64629522895072,0.0032295277067148,-9.545885122435018e-05,-0.00332498655793915,1,Inferido localmente
30.698035341630906,0.003087128781268,-0.0001550871884114,-0.0032422159696794003,1,Inferido localmente
30.74986280709681,0.0029447298558211,-0.0002147155255986,-0.0031594453814197,1,Inferido localmente
30.801777772826068,0.0028023309303743,-0.0002743438627857,-0.00307667479316,1,Inferido localmente
30.853780386545285,0.0026599320049274,-0.0003339721999729,-0.0029939042049002998,1,Inferido localmente
30.905870796230484,0.0023850326312118,-0.0004778724146897,-0.0028629050459015,1,Inferido localmente
30.958049150107524,0.0020501702854554,-0.0006599098002778,-0.0027100800857331997,1,Inferido localmente
31.010315596652493,0.0017153079396989,-0.000841947185866,-0.0025572551255649,1,Inferido localmente
31.062670284592176,0.0013804455939423,-0.0010239845714541,-0.0024044301653964,1,Inferido localmente
31.11511336290443,0.0010455832481859,-0.0012060219570422,-0.0022516052052281004,1,Inferido localmente
31.167644980818647,0.0007107209024294,-0.0013880593426304,-0.0020987802450598,1,Inferido localmente
31.22026528781616,0.0003758585566729,-0.0015700967282185,-0.0019459552848914,1,Inferido localmente
31.272974433630655,4.0996210916535714e-05,-0.0017521341138066,-0.0017931303247231357,1,Inferido localmente
31.32577256824865,-0.0002938661348399,-0.0019341714993948,-0.0016403053645549,1,Inferido localmente
31.37865984190984,-0.0006287284805964,-0.0021162088849829,-0.0014874804043865,1,Inferido localmente
31.4316364051076,-0.0009635908263529,-0.002298246270571,-0.0013346554442181,1,Inferido localmente
31.48470240858937,-0.0012984531721094,-0.0024802836561592,-0.0011818304840498,1,Inferido localmente
31.537858003357115,-0.0016333155178659,-0.0026623210417473,-0.0010290055238814,1,Inferido localmente
31.591103340667708,-0.0019681778636223,-0.0028443584273354,-0.0008761805637130999,1,Inferido localmente
31.64443857203341,-0.0023030402093788,-0.0030263958129236,-0.0007233556035447998,1,Inferido localmente
31.69786384922227,-0.0026379025551353,-0.0032084331985117,-0.0005705306433764,1,Inferido localmente
31.75137932425857,-0.0029727649008917,-0.0033904705840998,-0.0004177056832080999,1,Inferido localmente
31.804985149423263,-0.0033076272466482,-0.003572507969688,-0.0002648807230397998,1,Inferido localmente
31.85868147725438,-0.0036424895924048,-0.0037545453552761,-0.00011205576287129978,1,Inferido localmente
31.91246846054749,-0.0039773519381612,-0.0039365827408642,4.076919729700031e-05,1,Inferido localmente
31.96634625235614,-0.0043122142839177,-0.0041186201264524,0.0001935941574653004,1,Inferido localmente
32.02031500599225,-0.0046470766296742,-0.0043006575120405,0.00034641911763370024,1,Inferido localmente
32.074374875026606,-0.0049819389754306,-0.0044826948976286,0.0004992440778020003,1,Inferido localmente
32.128526013289246,-0.0053168013211871,-0.0046647322832168,0.0006520690379702996,1,Inferido localmente
32.18276857486992,-0.0056516636669435,-0.0048467696688049,0.0008048939981385997,1,Inferido localmente
32.23710271411854,-0.0059865260127001,-0.005028807054393,0.0009577189583071001,1,Inferido localmente
32.29152858564561,-0.0063213883584566,-0.0052108444399812,0.0011105439184754002,1,Inferido localmente
32.34604634432264,-0.0066562507042131,-0.0053928818255693,0.0012633688786438,1,Inferido localmente
32.40065614528262,-0.0069911130499695,-0.0055749192111574,0.0014161938388121001,1,Inferido localmente
32.45535814392046,-0.007325975395726,-0.0057569565967456,0.0015690187989804002,1,Inferido localmente
32.51015249589342,-0.0076608377414825,-0.0059389939823337,0.0017218437591488,1,Inferido localmente
32.56503935712155,-0.0079957000872389,-0.0061210313679218,0.0018746687193171001,1,Inferido localmente
32.62001888378814,-0.0083305624329954,-0.00630306875351,0.0020274936794853994,1,Inferido localmente
32.675091232340165,-0.008665424778752,-0.0064851061390981,0.0021803186396539,1,Inferido localmente
32.73025655948874,-0.0090002871245084,-0.0066671435246862,0.002333143599822199,1,Inferido localmente
32.78551502220953,-0.0093351494702649,-0.0068491809102744,0.002485968559990501,0,No identificado
32.84086677774327,-0.0096700118160215,-0.0070312182958626,0.0026387935201589,0,No identificado
32.89631198359609,-0.0100048741617779,-0.0072132556814507,0.002791618480327201,0,No identificado
32.951850797540104,-0.0103397365075344,-0.0073952930670388,0.0029444434404956006,0,No identificado
33.00748337761376,-0.0106745988532909,-0.007577330452627,0.0030972684006639,0,No identificado
33.06320988212234,-0.0110094611990474,-0.0077593678382151,0.0032500933608322997,0,No identificado
33.11903046963837,-0.0113443235448039,-0.0079414052238032,0.0034029183210006995,0,No identificado
33.17494529900211,-0.0116791858905604,-0.0081234426093914,0.0035557432811689996,0,No identificado
33.230954529322,-0.0120140482363169,-0.0083054799949795,0.0037085682413373986,0,No identificado
33.287058319975074,-0.0123489105820733,-0.0084875173805676,0.0038613932015057004,0,No identificado
33.34325683060746,-0.0126837729278298,-0.0086695547661558,0.0040142181616740005,0,No identificado
33.399550221134824,-0.0130186352735863,-0.0088515921517439,0.0041670431218423995,0,No identificado
33.4559386517428,-0.0133534976193427,-0.009033629537332,0.0043198680820107,0,No identificado
33.512422282887464,-0.0136883599650993,-0.0092156669229202,0.0044726930421791,0,No identificado
33.56900127529581,-0.0140232223108558,-0.0093977043085083,0.004625518002347499,0,No identificado
33.62567578996617,-0.0143580846566122,-0.0095797416940964,0.004778342962515801,0,No identificado
33.68244598816868,-0.0146929470023687,-0.0097617790796846,0.004931167922684101,0,No identificado
33.73931203144578,-0.0150278093481251,-0.0099438164652727,0.0050839928828523995,0,No identificado
33.796274081612616,-0.0153626716938816,-0.0101258538508608,0.0052368178430207985,0,No identificado
33.85333230075753,-0.0156975340396381,-0.010307891236449,0.0053896428031891,0,No identificado
33.910486851242524,-0.0160323963853946,-0.0104899286220371,0.005542467763357499,0,No identificado
33.96773789570371,-0.0163672587311511,-0.0106719660076252,0.0056952927235259,0,No identificado
34.025085597051785,-0.0167021210769076,-0.0108540033932134,0.005848117683694198,0,No identificado
34.08253011847249,-0.0170369834226641,-0.0110360407788015,0.006000942643862601,0,No identificado
34.140071623427055,-0.0173718457684205,-0.0112180781643896,0.006153767604030901,0,No identificado
34.197710275652696,-0.017706708114177,-0.0114001155499778,0.006306592564199199,0,No identificado
34.255446239163064,-0.0180415704599334,-0.0115821529355659,0.006459417524367499,0,No identificado
34.31327967824872,-0.0183764328056899,-0.011764190321154,0.006612242484535898,0,No identificado
34.371210757477584,-0.0187112951514465,-0.0119462277067422,0.006765067444704301,0,No identificado
34.42923964169542,-0.0190461574972029,-0.0121282650923303,0.006917892404872601,0,No identificado
34.487366496026304,-0.0193810198429594,-0.0123103024779184,0.007070717365041,0,No identificado
34.545591485873096,-0.0197158821887159,-0.0124923398635066,0.007223542325209302,0,No identificado
34.60391477691789,-0.0200507445344723,-0.0126743772490947,0.007376367285377598,0,No identificado
34.66233653512252,-0.0203856068802288,-0.0128564146346828,0.007529192245546001,0,No identificado
34.720856926729,-0.0207204692259853,-0.013038452020271,0.0076820172057143025,0,No identificado
34.77947611826001,-0.0210553315717418,-0.0132204894058591,0.0078348421658827,0,No identificado
34.83819427651937,-0.0213901939174983,-0.0134025267914472,0.0079876671260511,0,No identificado
34.89701156859253,-0.0217250562632548,-0.0135845641770354,0.008140492086219399,0,No identificado
34.95592816184701,-0.0220599186090113,-0.0137666015626235,0.008293317046387801,0,No identificado
35.01494422393291,-0.0224437583233107,-0.0140072185142541,0.0084365398090566,0,No identificado
35.07405992278337,-0.0229721584972432,-0.0144207375478895,0.0085514209493537,0,No identificado
35.13327542661504,-0.0235005586711757,-0.0148342565815249,0.0086663020896508,0,No identificado
35.19259090392859,-0.0240289588451081,-0.0152477756151601,0.008781183229948001,0,No identificado
35.25200652350916,-0.0245573590190406,-0.0156612946487955,0.0088960643702451,0,No identificado
35.31152245442684,-0.0250857591929731,-0.0160748136824308,0.009010945510542299,0,No identificado
35.37113886603718,-0.0256141593669054,-0.0164883327160661,0.0091258266508393,0,No identificado
35.43085592798164,-0.0261425595408379,-0.0169018517497014,0.0092407077911365,0,No identificado
35.490673810188085,-0.0266709597147704,-0.0173153707833368,0.009355588931433602,0,No identificado
35.55059268287128,-0.0271993598887028,-0.017728889816972,0.0094704700717308,0,No identificado
35.61061271653334,-0.0277277600626353,-0.0181424088506074,0.009585351212027901,0,No identificado
35.67073408196428,-0.0282561602365676,-0.0185559278842427,0.009700232352324901,0,No identificado
35.73095695024241,-0.0287845604105001,-0.018969446917878,0.0098151134926221,0,No identificado
35.79128149273491,-0.0293129605844326,-0.0193829659515134,0.009929994632919197,0,No identificado
35.851707881098264,-0.0298413607583651,-0.0197964849851487,0.010044875773216402,0,No identificado
35.91223628727875,-0.0303697609322975,-0.020210004018784,0.0101597569135135,0,No identificado
35.97286688351298,-0.03089816110623,-0.0206235230524193,0.010274638053810702,0,No identificado
36.03359984232832,-0.0314265612801623,-0.0210370420860546,0.010389519194107702,0,No identificado
36.094435336543405,-0.0319549614540948,-0.0214505611196899,0.0105044003344049,0,No identificado
36.15537353926869,-0.0324833616280273,-0.0218640801533253,0.010619281474701998,0,No identificado
36.21641462390684,-0.0330117618019597,-0.0222775991869606,0.010734162614999102,0,No identificado
36.2775587641533,-0.0335401619758922,-0.0226911182205959,0.0108490437552963,0,No identificado
36.33880613399676,-0.0340685621498246,-0.0231046372542313,0.0109639248955933,0,No identificado
36.40015690771966,-0.034596962323757,-0.0235181562878665,0.011078806035890502,0,No identificado
36.46161125989868,-0.0351253624976895,-0.0239316753215019,0.0111936871761876,0,No identificado
36.52316936540522,-0.0356537626716218,-0.0243451943551371,0.011308568316484698,0,No identificado
36.58483139940594,-0.0361821628455543,-0.0247587133887725,0.011423449456781799,0,No identificado
36.64659753736323,-0.0367105630194868,-0.0251722324224079,0.011538330597078903,0,No identificado
36.70846795503569,-0.0372389631934193,-0.0255857514560432,0.011653211737376101,0,No identificado
36.77044282847867,-0.0377673633673517,-0.0259992704896785,0.011768092877673202,0,No identificado
36.832522334044775,-0.0382957635412842,-0.0264127895233138,0.0118829740179704,0,No identificado
36.8947066483843,-0.0388241637152167,-0.0268263085569492,0.011997855158267502,0,No identificado
36.956995948445815,-0.039352563889149,-0.0272398275905844,0.012112736298564599,0,No identificado
37.01939041147662,-0.0398809640630815,-0.0276533466242198,0.012227617438861704,0,No identificado
37.08189021502327,-0.040409364237014,-0.0280668656578551,0.012342498579158902,0,No identificado
37.144495536932034,-0.0409377644109464,-0.0284803846914904,0.012457379719456003,0,No identificado
37.20720655534949,-0.0414661645848789,-0.0288939037251258,0.0125722608597531,0,No identificado
37.27002344872297,-0.0419945647588114,-0.0293074227587611,0.012687142000050302,0,No identificado
37.33294639580104,-0.0425229649327437,-0.0297209417923964,0.012802023140347299,0,No identificado
37.39597557563408,-0.0430513651066762,-0.0301344608260317,0.012916904280644497,0,No identificado
37.459111167574775,-0.0435797652806087,-0.0305479798596671,0.013031785420941602,0,No identificado
37.52235335127857,-0.0441081654545411,-0.0309614988933023,0.013146666561238796,0,No identificado
37.58570230670425,-0.0446365656284735,-0.0313750179269377,0.0132615477015358,0,No identificado
37.649158214114415,-0.045164965802406,-0.0317885369605731,0.013376428841832898,0,No identificado
37.71272125407601,-0.0456933659763384,-0.0322020559942083,0.0134913099821301,0,No identificado
37.776391607460816,-0.0462217661502709,-0.0326155750278437,0.013606191122427197,0,No identificado
37.840169455446,-0.0467501663242034,-0.033029094061479,0.013721072262724406,0,No identificado
37.90405497951459,-0.0472785664981357,-0.0334426130951143,0.013835953403021399,0,No identificado
37.96804836145602,-0.0478069666720682,-0.0338561321287496,0.0139508345433186,0,No identificado
38.03214978336665,-0.0483353668460007,-0.034269651162385,0.014065715683615698,0,No identificado
38.096359427650256,-0.0488637670199331,-0.0346831701960202,0.0141805968239129,0,No identificado
38.16067747701857,-0.0493921671938656,-0.0350966892296556,0.014295477964209997,0,No identificado
38.225104114491806,-0.0499205673677981,-0.035510208263291,0.014410359104507095,0,No identificado
38.28963952339916,-0.0504489675417306,-0.0359237272969263,0.014525240244804304,0,No identificado
38.35428388737934,-0.0509773677156629,-0.0363372463305616,0.014640121385101297,0,No identificado
38.41903739038111,-0.0515057678895954,-0.0367507653641969,0.014755002525398499,0,No identificado
38.48390021666378,-0.0520341680635278,-0.0371642843978322,0.014869883665695603,0,No identificado
38.54887255079774,-0.0525625682374603,-0.0375778034314676,0.0149847648059927,0,No identificado
38.613954577665,-0.0530909684113928,-0.0379913224651029,0.015099645946289895,1,Inferido localmente
38.6791464824597,-0.0536193685853251,-0.0384048414987382,0.015214527086586903,1,Inferido localmente
38.74444845068865,-0.0541477687592576,-0.0388183605323735,0.015329408226884098,1,Inferido localmente
38.80986066817185,-0.0546761689331901,-0.0392318795660089,0.015444289367181202,1,Inferido localmente
38.87538332104301,-0.0552045691071224,-0.0396453985996441,0.015559170507478307,1,Inferido localmente
38.94101659575012,-0.0557329692810551,-0.0400589176332796,0.0156740516477755,1,Inferido localmente
39.00676067905589,-0.0562613694549876,-0.040472436666915,0.0157889327880726,1,Inferido localmente
39.07261575803839,-0.0567897696289201,-0.0408859557005503,0.0159038139283698,1,Inferido localmente
39.13858202009152,-0.0573181698028524,-0.0412994747341856,0.0160186950686668,1,Inferido localmente
39.20465965292557,-0.0578465699767849,-0.0417129937678209,0.016133576208964003,1,Inferido localmente
39.27084884456772,-0.0583749701507174,-0.0421265128014563,0.0162484573492611,1,Inferido localmente
39.3371497833626,-0.0589033703246498,-0.0425400318350915,0.016363338489558295,1,Inferido localmente
39.403562657972834,-0.0594317704985823,-0.0429535508687269,0.0164782196298554,1,Inferido localmente
39.470087657379565,-0.0599601706725146,-0.0433670699023621,0.016593100770152497,1,Inferido localmente
39.53672497088298,-0.0604885708464471,-0.0437805889359975,0.0167079819104496,1,Inferido localmente
39.60347478810287,-0.0610169710203796,-0.0441941079696329,0.0168228630507467,1,Inferido localmente
39.67033729897915,-0.061545371194312,-0.0446076270032681,0.0169377441910439,1,Inferido localmente
39.73731269377243,-0.0620737713682445,-0.0450211460369035,0.017052625331340998,1,Inferido localmente
39.80440116306452,-0.0626021715421769,-0.0454346650705388,0.017167506471638096,1,Inferido localmente
39.87160289775899,-0.0631305717161094,-0.0458481841041742,0.017282387611935207,1,Inferido localmente
39.93891808908173,-0.0636589718900418,-0.0462617031378094,0.017397268752232402,1,Inferido localmente
40.00634692858144,-0.0641873720639743,-0.0466752221714448,0.017512149892529506,1,Inferido localmente
40.073889608130266,-0.0647157722379068,-0.0470887412050802,0.017627031032826597,1,Inferido localmente
40.14154631992424,-0.0652441724118391,-0.0475022602387154,0.017741912173123695,1,Inferido localmente
40.2093172564839,-0.0657725725857716,-0.0479157792723508,0.0178567933134208,1,Inferido localmente
40.277202610654825,-0.0663009727597041,-0.0483292983059861,0.017971674453718008,1,Inferido localmente
40.34520257560816,-0.0668293729336365,-0.0487428173396214,0.018086555594015098,1,Inferido localmente
40.413317344841175,-0.067357773107569,-0.0491563363732567,0.018201436734312307,1,Inferido localmente
40.48154711217785,-0.0678861732815013,-0.049569855406892,0.0183163178746093,1,Inferido localmente
40.54989207176937,-0.0684145734554338,-0.0499833744405273,0.018431199014906495,1,Inferido localmente
40.61835241809472,-0.0689429736293663,-0.0503968934741627,0.0185460801552036,1,Inferido localmente
40.68692834596122,-0.0694713738032988,-0.0508104125077981,0.018660961295500704,1,Inferido localmente
40.75562005050507,-0.0699997739772312,-0.0512239315414333,0.0187758424357979,1,Inferido localmente
40.824427727191946,-0.0705281741511636,-0.0516374505750687,0.018890723576094892,1,Inferido localmente
40.893351571817504,-0.071056574325096,-0.0520509696087039,0.0190056047163921,1,Inferido localmente
40.96239178050797,-0.0715849744990285,-0.0524644886423393,0.01912048585668919,1,Inferido localmente
41.031548549720696,-0.072113374672961,-0.0528780076759746,0.0192353669969864,1,Inferido localmente
41.100822076244704,-0.0726417748468935,-0.05329152670961,0.019350248137283504,1,Inferido localmente
41.17021255720125,-0.0731701750208259,-0.0537050457432453,0.019465129277580602,1,Inferido localmente
41.23972019004441,-0.0739321947325234,-0.0543864861090016,0.0195457086235218,1,Inferido localmente
41.3093451725616,-0.0748695610532589,-0.0552690188043027,0.0196005422489562,1,Inferido localmente
41.37908770287417,-0.0758069273739947,-0.056151551499604,0.01965537587439071,1,Inferido localmente
41.44894797943797,-0.0767442936947305,-0.0570340841949053,0.0197102094998252,1,Inferido localmente
41.51892620104387,-0.077681660015466,-0.0579166168902064,0.019765043125259604,1,Inferido localmente
41.58902256681839,-0.0786190263362018,-0.0587991495855078,0.019819876750694,1,Inferido localmente
41.65923727622423,-0.0795563926569376,-0.0596816822808091,0.019874710376128507,1,Inferido localmente
41.729570529060815,-0.0804937589776731,-0.0605642149761102,0.019929544001562896,1,Inferido localmente
41.80002252546493,-0.0814311252984089,-0.0614467476714115,0.019984377626997403,1,Inferido localmente
41.870593465911234,-0.0823684916191447,-0.0623292803667129,0.0200392112524318,1,Inferido localmente
41.941283551212834,-0.0833058579398802,-0.063211813062014,0.020094044877866202,1,Inferido localmente
42.01209298252189,-0.084243224260616,-0.0640943457573153,0.020148878503300702,1,Inferido localmente
42.08302196133017,-0.0851805905813518,-0.0649768784526166,0.0202037121287352,1,Inferido localmente
42.154070689469584,-0.0861179569020873,-0.0658594111479177,0.020258545754169605,1,Inferido localmente
42.22523936911284,-0.0870553232228231,-0.0667419438432191,0.020313379379603994,1,Inferido localmente
42.29652820277395,-0.0879926895435588,-0.0676244765385204,0.020368213005038396,1,Inferido localmente
42.36793739330883,-0.0889300558642944,-0.0685070092338215,0.020423046630472896,1,Inferido localmente
42.43946714391589,-0.0898674221850302,-0.0693895419291228,0.020477880255907396,1,Inferido localmente
42.51111765813658,-0.0908047885057659,-0.0702720746244242,0.020532713881341702,1,Inferido localmente
42.582889139856,-0.0917421548265015,-0.0711546073197253,0.020587547506776202,1,Inferido localmente
42.654781793303485,-0.0926795211472372,-0.0720371400150266,0.02064238113221059,1,Inferido localmente
42.72679582305314,-0.093616887467973,-0.0729196727103279,0.020697214757645105,1,Inferido localmente
42.79893143402448,-0.0945542537887086,-0.073802205405629,0.020752048383079605,1,Inferido localmente
42.87118883148295,-0.0954916201094443,-0.0746847381009303,0.020806882008513994,1,Inferido localmente
42.943568221040586,-0.0964289864301801,-0.0755672707962317,0.020861715633948397,1,Inferido localmente
43.01606980865654,-0.0973663527509156,-0.0764498034915328,0.0209165492593828,1,Inferido localmente
43.08869380063767,-0.0983037190716514,-0.0773323361868341,0.0209713828848173,1,Inferido localmente
43.16144040363917,-0.0992410853923872,-0.0782148688821355,0.021026216510251702,1,Inferido localmente
43.23430982466511,-0.100178451713123,-0.0790974015774368,0.021081050135686202,1,Inferido localmente
43.30730227106904,-0.1011158180338585,-0.0799799342727379,0.02113588376112059,1,Inferido localmente
43.38041795055464,-0.1020531843545945,-0.0808624669680394,0.02119071738655509,1,Inferido localmente
43.45365707117615,-0.1029905506753303,-0.0817449996633408,0.021245551011989508,1,Inferido localmente
43.52701984133915,-0.1039279169960658,-0.0826275323586419,0.021300384637423897,1,Inferido localmente
43.60050646980105,-0.1048652833168016,-0.0835100650539432,0.021355218262858397,1,Inferido localmente
43.67411716567171,-0.1058026496375372,-0.0843925977492443,0.021410051888292897,1,Inferido localmente
43.747852138414025,-0.1067400159582729,-0.0852751304445456,0.0214648855137273,1,Inferido localmente
43.821711597844526,-0.1076773822790087,-0.086157663139847,0.02151971913916169,1,Inferido localmente
43.895695754133975,-0.1086147485997445,-0.0870401958351483,0.021574552764596203,1,Inferido localmente
43.96980481780796,-0.10955211492048,-0.0879227285304494,0.021629386390030605,1,Inferido localmente
44.04403899974752,-0.1104894812412158,-0.0888052612257507,0.02168422001546509,1,Inferido localmente
44.1183985111897,-0.1114268475619516,-0.0896877939210521,0.02173905364089951,1,Inferido localmente
44.1928835637282,-0.1123642138826871,-0.0905703266163532,0.021793887266333897,1,Inferido localmente
44.26749436931391,-0.1133015802034229,-0.0914528593116545,0.021848720891768397,1,Inferido localmente
44.34223114025561,-0.1142389465241584,-0.0923353920069556,0.0219035545172028,1,Inferido localmente
44.417094089220505,-0.1151763128448942,-0.0932179247022569,0.0219583881426373,1,Inferido localmente
44.49208342923482,-0.11611367916563,-0.0941004573975583,0.02201322176807169,1,Inferido localmente
44.56719937368445,-0.1170510454863655,-0.0949829900928594,0.022068055393506092,0,No identificado
44.642442136315566,-0.1179884118071013,-0.0958655227881607,0.022122889018940606,0,No identificado
44.717811931235175,-0.1189257781278371,-0.096748055483462,0.022177722644375092,0,No identificado
44.79330897291178,-0.1198631444485728,-0.0976305881787634,0.022232556269809398,0,No identificado
44.86893347617597,-0.1208005107693084,-0.0985131208740645,0.022287389895243898,0,No identificado
44.94468565622102,-0.1217378770900441,-0.0993956535693658,0.0223422235206783,0,No identificado
45.02056572860353,-0.1226752434107799,-0.1002781862646671,0.0223970571461128,0,No identificado
45.096573909244015,-0.1236126097315155,-0.1011607189599682,0.0224518907715473,0,No identificado
45.17271041442754,-0.1245499760522512,-0.1020432516552695,0.02250672439698169,0,No identificado
45.24897546080431,-0.125487342372987,-0.1029257843505709,0.022561558022416106,0,No identificado
45.3253692653903,-0.1264247086937226,-0.103808317045872,0.022616391647850606,0,No identificado
45.40189204556789,-0.1273620750144583,-0.1046908497411733,0.02267122527328498,0,No identificado
45.47854401908645,-0.1282994413351939,-0.1055733824364744,0.02272605889871948,0,No identificado
45.55532540406298,-0.1292368076559296,-0.1064559151317758,0.0227808925241538,0,No identificado
45.632236418982735,-0.1301741739766654,-0.1073384478270771,0.022835726149588287,0,No identificado
45.70927728269982,-0.1311115402974012,-0.1082209805223784,0.022890559775022815,0,No identificado
45.786448214437854,-0.1320489066181367,-0.1091035132176795,0.022945393400457204,0,No identificado
45.86374943379055,-0.1329862729388725,-0.1099860459129808,0.02300022702589169,0,No identificado
45.94118116072238,-0.1339236392596083,-0.1108685786082822,0.023055060651326093,0,No identificado
46.01874361556917,-0.1348610055803438,-0.1117511113035833,0.02310989427676051,0,No identificado
46.09643701903873,-0.1357983719010796,-0.1126336439988846,0.023164727902194995,0,No identificado
46.17426159221152,-0.1367357382218151,-0.1135161766941857,0.023219561527629384,0,No identificado
46.25221755654122,-0.1376731045425509,-0.114398709389487,0.023274395153063912,0,No identificado
46.33030513385541,-0.1386104708632867,-0.1152812420847884,0.0233292287784983,0,No identificado
46.40852454635616,-0.1395478371840222,-0.1161637747800895,0.02338406240393269,0,No identificado
46.48687601662071,-0.140485203504758,-0.1170463074753908,0.02343889602936719,0,No identificado
46.56535976760207,-0.1414225698254938,-0.1179288401706921,0.023493729654801704,0,No identificado
46.64397602262963,-0.1423599361462293,-0.1188113728659932,0.023548563280236093,0,No identificado
46.72272500540988,-0.1432973024669651,-0.1196939055612946,0.023603396905670496,0,No identificado
46.80160694002694,-0.1442346687877009,-0.1205764382565959,0.023658230531104982,0,No identificado
46.8806220509433,-0.1451720351084366,-0.1214589709518972,0.0237130641565394,0,No identificado
46.95977056300037,-0.1461094014291722,-0.1223415036471983,0.0237678977819739,0,No identificado
47.03905270141918,-0.147046767749908,-0.1232240363424997,0.023822731407408287,0,No identificado
47.118468691801006,-0.1479841340706435,-0.1241065690378008,0.023877565032842704,0,No identificado
47.19801876012799,-0.1489215003913793,-0.1249891017331021,0.023932398658277204,0,No identificado
47.27770313276379,-0.149858866712115,-0.1258716344284034,0.023987232283711607,0,No identificado
47.35752203645428,-0.1507962330328508,-0.1267541671237048,0.02404206590914601,0,No identificado
47.43747569832809,-0.1517335993535863,-0.1276366998190059,0.024096899534580385,0,No identificado
47.51756434589736,-0.1526709656743221,-0.1285192325143072,0.0241517331600149,0,No identificado
47.59778820705832,-0.1536083319950577,-0.1294017652096083,0.024206566785449385,0,No identificado
47.67814751009193,-0.1545456983157934,-0.1302842979049096,0.024261400410883788,0,No identificado
47.75864248366461,-0.1554830646365292,-0.131166830600211,0.02431623403631819,0,No identificado
47.8392733568288,-0.156420430957265,-0.1320493632955123,0.024371067661752677,0,No identificado
47.920040359023645,-0.1573577972780005,-0.1329318959908134,0.024425901287187107,0,No identificado
48.00094372007568,-0.1583032853328531,-0.1338272203553981,0.024476064977454998,0,No identificado
48.08198367019944,-0.1599374933316212,-0.1358072733782623,0.0241302199533589,0,No identificado
48.16316043999813,-0.1615717013303896,-0.137787326401127,0.02378437492926258,0,No identificado
48.24447426046428,-0.1632059093291581,-0.1397673794239916,0.02343852990516651,0,No identificado
48.32592536298041,-0.1648401173279261,-0.1417474324468557,0.023092684881070413,0,No identificado
48.40751397931969,-0.1664743253266946,-0.1437274854697204,0.022746839856974205,0,No identificado
48.48924034164657,-0.168108533325463,-0.145707538492585,0.022400994832877996,0,No identificado
48.571104682517486,-0.1697427413242311,-0.1476875915154492,0.0220551498087819,0,No identificado
48.653107234881496,-0.1713769493229995,-0.1496676445383138,0.02170930478468569,0,No identificado
48.73524823208092,-0.173011157321768,-0.1516476975611785,0.02136345976058951,0,No identificado
48.81752790785207,-0.174645365320536,-0.1536277505840426,0.021017614736493412,0,No identificado
48.89994649632584,-0.1762795733193045,-0.1556078036069073,0.020671769712397203,0,No identificado
48.982504232028425,-0.1779137813180729,-0.1575878566297719,0.020325924688300995,0,No identificado
49.06520134988197,-0.1795479893168409,-0.1595679096526361,0.019980079664204814,0,No identificado
49.14803808520523,-0.1811821973156094,-0.1615479626755007,0.01963423464010869,0,No identificado
49.231014673714256,-0.1828164053143779,-0.1635280156983654,0.019288389616012508,0,No identificado
49.31413135152305,-0.1844506133131459,-0.1655080687212295,0.01894254459191641,0,No identificado
49.397388355144265,-0.1860848213119144,-0.1674881217440942,0.018596699567820202,0,No identificado
49.48078592148983,-0.1877190293106828,-0.1694681747669588,0.018250854543723993,0,No identificado
49.56432428787167,-0.1893532373094508,-0.171448227789823,0.017905009519627813,0,No identificado
49.64800369200237,-0.1909874453082193,-0.1734282808126876,0.017559164495531687,0,No identificado
49.73182437199582,-0.1926216533069877,-0.1754083338355522,0.01721331947143548,0,No identificado
49.81578656636793,-0.1942558613057558,-0.1773883868584164,0.01686747444733941,0,No identificado
49.89989051403732,-0.1958900693045243,-0.1793684398812811,0.0165216294232432,0,No identificado
49.984136454325935,-0.1975242773032927,-0.1813484929041457,0.016175784399146992,0,No identificado
50.068524626959785,-0.1991584853020607,-0.1833285459270098,0.015829939375050894,0,No identificado
50.15305527206962,-0.2007926933008292,-0.1853085989498745,0.015484094350954686,0,No identificado
50.2377286301916,-0.2024269012995977,-0.1872886519727391,0.015138249326858588,0,No identificado
50.32254494226795,-0.2040611092983657,-0.1892687049956033,0.014792404302762407,0,No identificado
50.40750444964773,-0.2056953172971341,-0.1912487580184679,0.014446559278666199,0,No identificado
50.49260739408743,-0.2073295252959026,-0.1932288110413326,0.01410071425456999,0,No identificado
50.5778540177517,-0.2089637332946706,-0.1952088640641967,0.013754869230473893,0,No identificado
50.663244563214064,-0.2105979412934391,-0.1971889170870614,0.013409024206377684,0,No identificado
50.74877927345756,-0.2122321492922075,-0.199168970109926,0.013063179182281476,0,No identificado
50.83445839187544,-0.213866357290976,-0.2011490231327907,0.012717334158185295,0,No identificado
50.92028216227192,-0.215500565289744,-0.2031290761556548,0.012371489134089225,0,No identificado
51.00625082886278,-0.2171347732885125,-0.2051091291785194,0.0120256441099931,0,No identificado
51.09236463627616,-0.2187689812872805,-0.2070891822013836,0.01167979908589692,0,No identificado
51.17862382955317,-0.220403189286049,-0.2090692352242482,0.011333954061800794,0,No identificado
51.26502865414862,-0.2220373972848174,-0.2110492882471129,0.010988109037704502,0,No identificado
51.35157935593176,-0.2236716052835854,-0.213029341269977,0.010642264013608405,0,No identificado
51.43827618118689,-0.2253058132823539,-0.2150093942928417,0.010296418989512224,0,No identificado
51.52511937661416,-0.2269400212811224,-0.2169894473157063,0.009950573965416099,0,No identificado
51.61210918933018,-0.2285742292798904,-0.2189695003385705,0.009604728941319918,0,No identificado
51.69924586686879,-0.2302084372786589,-0.2209495533614351,0.009258883917223792,0,No identificado
51.78652965718174,-0.2318426452774273,-0.2229296063842998,0.0089130388931275,0,No identificado
51.8739608086394,-0.2334768532761953,-0.2249096594071639,0.008567193869031403,0,No identificado
51.96153957003148,-0.2351110612749642,-0.2268897124300291,0.008221348844935111,1,Inferido localmente
52.04926619056765,-0.2367452692737327,-0.2288697654528937,0.007875503820839014,1,Inferido localmente
52.13714091987839,-0.2383794772725007,-0.2308498184757579,0.007529658796742805,1,Inferido localmente
52.22516400801562,-0.2400136852712692,-0.2328298714986225,0.007183813772646708,1,Inferido localmente
52.313335705453405,-0.2416478932700377,-0.2348099245214872,0.006837968748550499,1,Inferido localmente
52.4016562630887,-0.2432821012688057,-0.2367899775443513,0.006492123724454402,1,Inferido localmente
52.49012593224204,-0.2449163092675741,-0.238770030567216,0.00614627870035811,1,Inferido localmente
52.57874496465826,-0.2465505172663426,-0.2407500835900806,0.005800433676262012,1,Inferido localmente
52.66751361250724,-0.2481847252651111,-0.2427301366129453,0.005454588652165804,1,Inferido localmente
52.75643212838455,-0.2498189332638791,-0.2447101896358094,0.005108743628069706,1,Inferido localmente
52.84550076531228,-0.2514531412626475,-0.2466902426586741,0.0047628986039734145,1,Inferido localmente
52.934719776739655,-0.253087349261416,-0.2486702956815387,0.004417053579877317,1,Inferido localmente
53.0240894165438,-0.2547215572601841,-0.2506503487044029,0.004071208555781192,1,Inferido localmente
53.11360993903047,-0.2563557652589525,-0.2526304017272675,0.003725363531685011,1,Inferido localmente
53.20328159893476,-0.2579899732577205,-0.2546104547501316,0.0033795185075888856,1,Inferido localmente
53.29310465142184,-0.259624181256489,-0.2565905077729963,0.003033673483492705,1,Inferido localmente
53.38307935208768,-0.2612583892552574,-0.258570560795861,0.002687828459396413,1,Inferido localmente
53.47320595695975,-0.2628925972540255,-0.2605506138187251,0.0023419834353003988,1,Inferido localmente
53.5634847224978,-0.2645268052527939,-0.2625306668415897,0.0019961384112041625,1,Inferido localmente
53.65391590559452,-0.2661610132515624,-0.2645107198644544,0.0016502933871079817,1,Inferido localmente
53.74449976357637,-0.2677952212503308,-0.2664907728873191,0.0013044483630116899,1,Inferido localmente
53.835236554204194,-0.2694294292490989,-0.2684708259101832,0.0009586033389157311,1,Inferido localmente
53.92612653567405,-0.2710636372478673,-0.2704508789330478,0.0006127583148194948,1,Inferido localmente
54.01716996661791,-0.2726978452466354,-0.272430931955912,0.00026691329072336956,1,Inferido localmente
54.10836710610437,-0.2743320532454038,-0.2744109849787767,-7.893173337292225e-05,1,Inferido localmente
54.19971821363942,-0.2759662612441723,-0.2763910380016413,-0.000424776757468992,1,Inferido localmente
54.29122354916719,-0.2776004692429407,-0.2783710910245059,-0.0007706217815652283,1,Inferido localmente
54.382883373070655,-0.2792346772417087,-0.2803511440473701,-0.001116466805661409,1,Inferido localmente
54.474697946172405,-0.2808688852404772,-0.2823311970702348,-0.0014623118297575899,1,Inferido localmente
54.56666752973537,-0.2825030932392456,-0.2843112500930994,-0.0018081568538537707,1,Inferido localmente
54.65879238546357,-0.2841373012380137,-0.2862913031159635,-0.0021540018779498404,1,Inferido localmente
54.75107277550286,-0.2857715092367822,-0.2882713561388282,-0.0024998469020460212,1,Inferido localmente
54.84350896244169,-0.2874057172355506,-0.2902514091616929,-0.002845691926142313,1,Inferido localmente
54.936101209311815,-0.2890399252343191,-0.2922314621845575,-0.003191536950238383,1,Inferido localmente
55.02884977958908,-0.2909482084827567,-0.2945667069911914,-0.0036184985084347088,1,Inferido localmente
55.12175493719415,-0.2934640476257852,-0.2976893226465237,-0.004225275020738495,1,Inferido localmente
55.21481694649327,-0.2959798867688137,-0.3008119383018559,-0.00483205153304217,1,Inferido localmente
55.30803607229902,-0.2984957259118422,-0.3039345539571881,-0.0054388280453459,1,Inferido localmente
55.40141257987104,-0.3010115650548707,-0.3070571696125204,-0.006045604557649686,2,Medido con incertidumbre
55.49494673491685,-0.3035274041978992,-0.3101797852678526,-0.006652381069953417,2,Medido con incertidumbre
55.58863880359253,-0.3060432433409264,-0.3133024009231832,-0.007259157582256759,2,Medido con incertidumbre
55.68248905250349,-0.3085590824839549,-0.3164250165785154,-0.00786593409456049,2,Medido con incertidumbre
55.77649774870533,-0.3110749216269834,-0.3195476322338476,-0.008472710606864164,2,Medido con incertidumbre
55.87066515970442,-0.3135907607700119,-0.3226702478891798,-0.009079487119167895,2,Medido con incertidumbre
55.964991553458844,-0.3161065999130404,-0.3257928635445121,-0.009686263631471681,2,Medido con incertidumbre
56.05947719837903,-0.3186224390560689,-0.3289154791998443,-0.010293040143775412,2,Medido con incertidumbre
56.15412236332858,-0.3211382781990961,-0.3320380948551749,-0.010899816656078753,2,Medido con incertidumbre
56.24892731762502,-0.3236541173421246,-0.3351607105105071,-0.011506593168382484,2,Medido con incertidumbre
56.34389233104055,-0.3261699564851531,-0.3382833261658394,-0.01211336968068627,2,Medido con incertidumbre
56.43901767380285,-0.3286857956281816,-0.3414059418211716,-0.01272014619299,2,Medido con incertidumbre
56.5343036165958,-0.3312016347712101,-0.3445285574765038,-0.013326922705293676,2,Medido con incertidumbre
56.6297504305603,-0.3337174739142386,-0.3476511731318361,-0.013933699217597462,2,Medido con incertidumbre
56.725358387295,-0.3362333130572658,-0.3507737887871667,-0.014540475729900915,2,Medido con incertidumbre
56.82112775885708,-0.3387491522002943,-0.3538964044424989,-0.015147252242204645,2,Medido con incertidumbre
56.91705881776306,-0.3412649913433228,-0.3570190200978311,-0.01575402875450832,2,Medido con incertidumbre
57.01315183698955,-0.3437808304863513,-0.3601416357531634,-0.016360805266812106,2,Medido con incertidumbre
57.10940708997399,-0.3462966696293797,-0.3632642514084956,-0.016967581779115892,2,Medido con incertidumbre
57.2058248506155,-0.348812508772407,-0.3663868670638261,-0.017574358291419123,2,Medido con incertidumbre
57.30240539327561,-0.3513283479154355,-0.3695094827191584,-0.01818113480372291,2,Medido con incertidumbre
57.39914899277906,-0.3538441870584639,-0.3726320983744906,-0.018787911316026695,2,Medido con incertidumbre
57.49605592441456,-0.3563600262014925,-0.3757547140298228,-0.019394687828330315,3,Medido con incertidumbre
57.59312646393562,-0.358875865344521,-0.3788773296851551,-0.0200014643406341,3,Medido con incertidumbre
57.69036088756126,-0.3613917044875494,-0.3819999453404873,-0.020608240852937887,3,Medido con incertidumbre
57.78775947197689,-0.363907543630578,-0.3851225609958195,-0.021215017365241506,3,Medido con incertidumbre
57.88532249433504,-0.3664233827736065,-0.3882451766511517,-0.021821793877545237,3,Medido con incertidumbre
57.98305023225609,-0.368939221916635,-0.391367792306484,-0.022428570389849023,4,Medido con incertidumbre
58.0809429638292,-0.3714550610596634,-0.3944904079618162,-0.02303534690215281,4,Medido con incertidumbre
58.17900096761301,-0.3739709002026906,-0.3976130236171468,-0.023642123414456206,4,Medido con incertidumbre
58.277224522636445,-0.3764867393457192,-0.400735639272479,-0.024248899926759826,4,Medido con incertidumbre
58.37561390839951,-0.3790025784887476,-0.4038582549278113,-0.024855676439063723,4,Medido con incertidumbre
58.47416940487409,-0.3815184176317762,-0.4069808705831435,-0.025462452951367287,3,Medido con incertidumbre
58.57289129250476,-0.3840342567748047,-0.4101034862384757,-0.026069229463671018,3,Medido con incertidumbre
58.67177985220954,-0.3865500959178332,-0.413226101893808,-0.026676005975974804,3,Medido con incertidumbre
58.77083536538077,-0.3890659350608603,-0.4163487175491386,-0.027282782488278312,3,Medido con incertidumbre
58.87005811388582,-0.3915817742038888,-0.4194713332044708,-0.027889559000581987,3,Medido con incertidumbre
58.96944838006795,-0.3940976133469173,-0.422593948859803,-0.028496335512885718,3,Medido con incertidumbre
59.069006446747125,-0.3966134524899458,-0.4257165645151353,-0.029103112025189504,3,Medido con incertidumbre
59.168732597220746,-0.3991292916329743,-0.4288391801704675,-0.029709888537493234,3,Medido con incertidumbre
59.26862711526456,-0.4016451307760029,-0.4319617958257997,-0.030316665049796798,3,Medido con incertidumbre
59.36869028513336,-0.40416096991903,-0.4350844114811303,-0.030923441562100307,3,Medido con incertidumbre
59.46892239156188,-0.4066768090620585,-0.4382070271364625,-0.03153021807440398,3,Medido con incertidumbre
59.56932371976556,-0.409192648205087,-0.4413296427917947,-0.03213699458670771,3,Medido con incertidumbre
59.669894555441374,-0.4117084873481155,-0.444452258447127,-0.0327437710990115,3,Medido con incertidumbre
59.77063518476864,-0.414224326491144,-0.4475748741024592,-0.03335054761131523,3,Medido con incertidumbre
59.87154589440981,-0.4167401656341725,-0.4506974897577914,-0.033957324123618904,3,Medido con incertidumbre
59.97262697151135,-0.4192560047771997,-0.453820105413122,-0.0345641006359223,3,Medido con incertidumbre
60.07387870370447,-0.4217718439202282,-0.4569427210684543,-0.03517087714822609,3,Medido con incertidumbre
60.17530137910601,-0.4242876830632567,-0.4600653367237865,-0.03577765366052982,3,Medido con incertidumbre
60.27689528631924,-0.4268035222062852,-0.4631879523791187,-0.03638443017283349,3,Medido con incertidumbre
60.37866071443467,-0.4293193613493137,-0.4663105680344509,-0.03699120668513722,3,Medido con incertidumbre
60.480597953030895,-0.4318352004923422,-0.4694331836897832,-0.03759798319744101,3,Medido con incertidumbre
60.582707292175385,-0.4343510396353693,-0.4725557993451138,-0.03820475970974452,3,Medido con incertidumbre
60.68498902242534,-0.4368668787783979,-0.475678415000446,-0.03881153622204808,3,Medido con incertidumbre
60.78744343482852,-0.4393827179214263,-0.4788010306557782,-0.039418312734351924,3,Medido con incertidumbre
60.89007082092403,-0.4418985570644549,-0.4819236463111104,-0.04002508924665549,3,Medido con incertidumbre
60.99287147274322,-0.4444143962074834,-0.4850462619664427,-0.040631865758959274,3,Medido con incertidumbre
61.09584568281044,-0.4469302353505119,-0.4881688776217749,-0.041238642271263004,3,Medido con incertidumbre
61.19899374414393,-0.4494460744935391,-0.4912914932771055,-0.041845418783566346,3,Medido con incertidumbre
61.30231595025663,-0.4519619136365675,-0.4944141089324377,-0.04245219529587019,3,Medido con incertidumbre
61.405812595157,-0.4544777527795961,-0.49753672458777,-0.04305897180817386,3,Medido con incertidumbre
61.50948397334991,-0.4569935919226245,-0.5006593402431022,-0.043665748320477704,3,Medido con incertidumbre
61.61333037983741,-0.4595094310656531,-0.5037819558984344,-0.044272524832781324,3,Medido con incertidumbre
61.717352110119606,-0.4620252702086815,-0.5069045715537667,-0.044879301345085165,3,Medido con incertidumbre
61.82154946019551,-0.4646325944421865,-0.5098296457314584,-0.04519705128927187,3,Medido con incertidumbre
61.92592272656386,-0.467265347325766,-0.5126998124582918,-0.04543446513252575,3,Medido con incertidumbre
62.03047220622398,-0.4698981002093454,-0.5155699791851253,-0.045671878975779845,3,Medido con incertidumbre
62.135198196676605,-0.4725308530929249,-0.5184401459119587,-0.04590929281903383,2,Medido con incertidumbre
62.24010099592475,-0.4751636059765044,-0.5213103126387922,-0.04614670666228782,2,Medido con incertidumbre
62.34518090247454,-0.4777963588600838,-0.5241804793656256,-0.046384120505541804,2,Medido con incertidumbre
62.450438215336085,-0.480429111743662,-0.5270506460924577,-0.04662153434879568,2,Medido con incertidumbre
62.55587323402429,-0.4830618646272414,-0.5299208128192912,-0.046858948192049776,2,Medido con incertidumbre
62.66148625855975,-0.4856946175108209,-0.5327909795461246,-0.04709636203530376,2,Medido con incertidumbre
62.76727758946957,-0.4883273703944004,-0.5356611462729581,-0.04733377587855775,2,Medido con incertidumbre
62.87324752778824,-0.4909601232779798,-0.5385313129997915,-0.047571189721811735,4,Medido con incertidumbre
62.979396375058506,-0.4935928761615593,-0.541401479726625,-0.04780860356506572,4,Medido con incertidumbre
63.085724433332174,-0.4962256290451374,-0.5442716464534569,-0.04804601740831954,4,Medido con incertidumbre
63.19223200517102,-0.4988583819287168,-0.5471418131802904,-0.04828343125157364,4,Medido con incertidumbre
63.29891939364764,-0.5014911348122963,-0.5500119799071239,-0.04852084509482757,4,Medido con incertidumbre
63.4057869023463,-0.5041238876958758,-0.5528821466339574,-0.04875825893808161,4,Medido con incertidumbre
63.512834835363805,-0.5067566405794552,-0.5557523133607908,-0.04899567278133554,4,Medido con incertidumbre
63.620063497310376,-0.5093893934630347,-0.5586224800876243,-0.049233086624589584,4,Medido con incertidumbre
63.7274731933105,-0.5120221463466128,-0.5614926468144563,-0.049470500467843515,4,Medido con incertidumbre
63.83506422900381,-0.5146548992301923,-0.5643628135412897,-0.049707914311097445,4,Medido con incertidumbre
63.94283691054594,-0.5172876521137717,-0.5672329802681233,-0.0499453281543516,4,Medido con incertidumbre
64.05079154460941,-0.5199204049973511,-0.5701031469949567,-0.05018274199760553,4,Medido con incertidumbre
64.15892843838452,-0.5225531578809307,-0.5729733137217902,-0.05042015584085946,4,Medido con incertidumbre
64.26724789958014,-0.5251859107645087,-0.5758434804486221,-0.05065756968411339,4,Medido con incertidumbre
64.37575023642472,-0.5278186636480882,-0.5787136471754556,-0.05089498352736743,4,Medido con incertidumbre
64.48443575766704,-0.5304514165316676,-0.581583813902289,-0.05113239737062136,4,Medido con incertidumbre
64.59330477257714,-0.5330841694152472,-0.5844539806291225,-0.051369811213875294,4,Medido con incertidumbre
64.70235759094723,-0.5357169222988266,-0.587324147355956,-0.051607225057129336,4,Medido con incertidumbre
64.81159452309252,-0.5383496751824062,-0.5901943140827894,-0.051844638900383266,4,Medido con incertidumbre
64.92101587985215,-0.5409824280659855,-0.5930644808096229,-0.05208205274363742,4,Medido con incertidumbre
65.03062197259,-0.5436151809495636,-0.5959346475364549,-0.05231946658689124,4,Medido con incertidumbre
65.14041311319566,-0.5462479338331432,-0.5988048142632884,-0.05255688043014517,4,Medido con incertidumbre
65.25038961408531,-0.5488806867167226,-0.6016749809901218,-0.05279429427339921,3,Medido con incertidumbre
65.36055178820251,-0.551513439600302,-0.6045451477169552,-0.05303170811665325,3,Medido con incertidumbre
65.47089994901924,-0.5541461924838815,-0.6074153144437888,-0.053269121959907295,3,Medido con incertidumbre
65.58143441053664,-0.556778945367461,-0.6102854811706222,-0.053506535803161226,3,Medido con incertidumbre
65.69215548728606,-0.5594116982510391,-0.6131556478974542,-0.05374394964641516,3,Medido con incertidumbre
65.80306349432979,-0.5620444511346185,-0.6160258146242876,-0.05398136348966909,3,Medido con incertidumbre
65.91415874726209,-0.564677204018198,-0.6188959813511211,-0.05421877733292313,3,Medido con incertidumbre
66.02544156221002,-0.5673099569017774,-0.6217661480779546,-0.05445619117617717,3,Medido con incertidumbre
66.13691225583439,-0.5699427097853569,-0.6246363148047881,-0.05469360501943121,3,Medido con incertidumbre
66.24857114533056,-0.572575462668935,-0.62750648153162,-0.05493101886268503,3,Medido con incertidumbre
66.36041854842948,-0.5752082155525144,-0.6303766482584535,-0.055168432705939074,3,Medido con incertidumbre
66.47245478339849,-0.5778409684360939,-0.633246814985287,-0.055405846549193116,3,Medido con incertidumbre
66.58468016904226,-0.5804737213196735,-0.6361169817121204,-0.055643260392446936,3,Medido con incertidumbre
66.69709502470371,-0.5831064742032529,-0.638987148438954,-0.05588067423570109,3,Medido con incertidumbre
66.80969967026489,-0.5857392270868323,-0.6418573151657874,-0.05611808807895502,3,Medido con incertidumbre
66.92249442614794,-0.5883719799704118,-0.6447274818926209,-0.05635550192220906,3,Medido con incertidumbre
67.03547961331591,-0.5910047328539899,-0.6475976486194528,-0.05659291576546288,2,Medido con incertidumbre
67.14865555327381,-0.5936374857375694,-0.6504678153462863,-0.05683032960871692,2,Medido con incertidumbre
67.26202256806937,-0.5962702386211488,-0.6533379820731198,-0.057067743451970965,2,Medido con incertidumbre
67.37558098029409,-0.5989029915047283,-0.6562081487999532,-0.057305157295224896,2,Medido con incertidumbre
67.48933111308405,-0.6015357443883077,-0.6590783155267868,-0.05754257113847905,2,Medido con incertidumbre
67.60327329012092,-0.6041684972718859,-0.6619484822536187,-0.05777998498173276,2,Medido con incertidumbre
67.71740783563286,-0.6068012501554653,-0.6648186489804522,-0.05801739882498691,2,Medido con incertidumbre
67.83173507439534,-0.6094340030390447,-0.6676888157072856,-0.05825481266824084,2,Medido con incertidumbre
67.94625533173223,-0.6120667559226242,-0.6705589824341192,-0.058492226511494994,2,Medido con incertidumbre
68.06096893351663,-0.6146995088062037,-0.6734291491609525,-0.05872964035474881,2,Medido con incertidumbre
68.17587620617178,-0.6173322616897832,-0.676299315887786,-0.058967054198002855,2,Medido con incertidumbre
68.29097747667203,-0.6199650145733626,-0.6791694826146194,-0.059204468041256786,2,Medido con incertidumbre
68.40627307254377,-0.6225977674569407,-0.6820396493414514,-0.05944188188451072,2,Medido con incertidumbre
68.52176332186636,-0.6252305203405202,-0.6849098160682848,-0.05967929572776465,2,Medido con incertidumbre
68.63744855327305,-0.6278632732240996,-0.6877799827951184,-0.0599167095710188,2,Medido con incertidumbre
68.75332909595188,-0.6304960261076792,-0.6906501495219518,-0.06015412341427262,2,Medido con incertidumbre
68.86940527964676,-0.6331287789912586,-0.6935203162487853,-0.06039153725752666,2,Medido con incertidumbre
68.98567743465819,-0.6357615318748381,-0.6963904829756188,-0.060628951100780704,2,Medido con incertidumbre
69.10214589184437,-0.6383942847584162,-0.6992606497024508,-0.060866364944034634,2,Medido con incertidumbre
69.21881098262212,-0.6410270376419956,-0.7021308164292842,-0.061103778787288565,3,Medido con incertidumbre
69.33567303896771,-0.6436597905255751,-0.7050009831561177,-0.06134119263054261,3,Medido con incertidumbre
69.45273239341797,-0.6462925434091545,-0.7078711498829512,-0.06157860647379665,3,Medido con incertidumbre
69.5699893790711,-0.648925296292734,-0.7107413166097847,-0.06181602031705069,3,Medido con incertidumbre
69.68744432958768,-0.6515580491763135,-0.7136114833366181,-0.06205343416030451,3,Medido con incertidumbre
69.8050975791916,-0.6541908020598916,-0.71648165006345,-0.06229084800355844,3,Medido con incertidumbre
69.92294946267104,-0.656823554943471,-0.7193518167902835,-0.06252826184681248,3,Medido con incertidumbre
70.0410003153794,-0.6595219686500323,-0.7222568080959431,-0.06273483944591074,3,Medido con incertidumbre
70.15925047323624,-0.6623438806854135,-0.7252272993008054,-0.06288341861539193,3,Medido con incertidumbre
70.27770027272828,-0.6651657927207949,-0.7281977905056679,-0.063031997784873,3,Medido con incertidumbre
70.3963500509103,-0.6679877047561762,-0.7311682817105302,-0.06318057695435397,3,Medido con incertidumbre
70.51520014540617,-0.6708096167915574,-0.7341387729153925,-0.06332915612383516,3,Medido con incertidumbre
70.63425089440969,-0.6736315288269388,-0.7371092641202549,-0.06347773529331613,1,Inferido localmente
70.7535026366857,-0.6764534408623201,-0.7400797553251172,-0.0636263144627971,1,Inferido localmente
70.87295571157098,-0.6792753528976998,-0.7430502465299781,-0.06377489363227828,1,Inferido localmente
70.99261045897518,-0.682097264933081,-0.7460207377348405,-0.06392347280175947,1,Inferido localmente
71.11246721938184,-0.6849191769684624,-0.7489912289397026,-0.06407205197124022,1,Inferido localmente
71.23252633384934,-0.6877410890038436,-0.751961720144565,-0.06422063114072141,1,Inferido localmente
71.35278814401184,-0.6905630010392249,-0.7549322113494275,-0.0643692103102026,1,Inferido localmente
71.4732529920803,-0.6933849130746063,-0.7579027025542898,-0.06451778947968356,2,Medido con incertidumbre
71.59392122084344,-0.696206825109986,-0.7608731937591506,-0.06466636864916464,2,Medido con incertidumbre
71.71479317366872,-0.6990287371453672,-0.7638436849640129,-0.06481494781864572,2,Medido con incertidumbre
71.83586919450326,-0.7018506491807485,-0.7668141761688754,-0.06496352698812691,2,Medido con incertidumbre
71.95714962787493,-0.7046725612161296,-0.7697846673737376,-0.06511210615760799,2,Medido con incertidumbre
72.07863481889319,-0.707494473251511,-0.7727551585786,-0.06526068532708895,2,Medido con incertidumbre
72.20032511325023,-0.7103163852868923,-0.7757256497834624,-0.06540926449657003,2,Medido con incertidumbre
72.32222085722182,-0.7131382973222721,-0.7786961409883231,-0.065557843666051,2,Medido con incertidumbre
72.44432239766836,-0.7159602093576534,-0.7816666321931856,-0.06570642283553219,2,Medido con incertidumbre
72.56663008203584,-0.7187821213930345,-0.7846371233980478,-0.06585500200501326,2,Medido con incertidumbre
72.68914425835689,-0.721604033428416,-0.7876076146029102,-0.06600358117449423,2,Medido con incertidumbre
72.81186527525165,-0.7244259454637971,-0.7905781058077725,-0.06615216034397542,2,Medido con incertidumbre
72.93479348192889,-0.7272478574991785,-0.7935485970126349,-0.06630073951345639,2,Medido con incertidumbre
73.05792922818694,-0.7300697695345582,-0.7965190882174957,-0.06644931868293757,2,Medido con incertidumbre
73.18127286441468,-0.7328916815699396,-0.799489579422358,-0.06659789785241843,2,Medido con incertidumbre
73.30482474159257,-0.7357135936053207,-0.8024600706272205,-0.06674647702189973,2,Medido con incertidumbre
73.42858521129361,-0.738535505640702,-0.8054305618320827,-0.0668950561913807,2,Medido con incertidumbre
73.55255462568437,-0.7413574176760833,-0.8084010530369452,-0.06704363536086189,2,Medido con incertidumbre
73.67673333752596,-0.7441793297114646,-0.8113715442418075,-0.06719221453034285,2,Medido con incertidumbre
73.80112170017512,-0.7470012417468443,-0.8143420354466683,-0.06734079369982393,2,Medido con incertidumbre
73.9257200675851,-0.7498231537822256,-0.8173125266515306,-0.06748937286930501,2,Medido con incertidumbre
74.05052879430674,-0.7526450658176069,-0.820283017856393,-0.06763795203878609,2,Medido con incertidumbre
74.1755482354895,-0.7554669778529882,-0.8232535090612554,-0.06778653120826716,2,Medido con incertidumbre
74.30077874688239,-0.7582888898883695,-0.8262240002661176,-0.06793511037774813,2,Medido con incertidumbre
74.42622068483507,-0.7611108019237508,-0.8291944914709801,-0.06808368954722932,2,Medido con incertidumbre
74.55187440629881,-0.7639327139591305,-0.8321649826758408,-0.06823226871671029,2,Medido con incertidumbre
74.67774026882752,-0.7667546259945118,-0.8351354738807033,-0.06838084788619148,2,Medido con incertidumbre
74.80381863057876,-0.7695765380298931,-0.8381059650855656,-0.06852942705567244,2,Medido con incertidumbre
74.93010985031478,-0.7723984500652743,-0.8410764562904278,-0.06867800622515352,2,Medido con incertidumbre
75.05661428740355,-0.7752203621006557,-0.8440469474952903,-0.0688265853946346,2,Medido con incertidumbre
75.18333230181969,-0.7780422741360369,-0.8470174387001526,-0.06897516456411568,2,Medido con incertidumbre
75.31026425414565,-0.7808641861714167,-0.8499879299050135,-0.06912374373359675,2,Medido con incertidumbre
75.43741050557259,-0.7836860982067979,-0.8529584211098757,-0.06927232290307783,2,Medido con incertidumbre
75.56477141790148,-0.7865080102421793,-0.8559289123147382,-0.06942090207255891,2,Medido con incertidumbre
75.69234735354416,-0.7893299222775605,-0.8588994035196005,-0.06956948124203999,2,Medido con incertidumbre
75.8201386755243,-0.7921518343129418,-0.8618698947244628,-0.06971806041152107,2,Medido con incertidumbre
75.94814574747842,-0.7949737463483231,-0.8648403859293252,-0.06986663958100214,2,Medido con incertidumbre
76.07636893365702,-0.7977956583837043,-0.8678108771341875,-0.07001521875048322,2,Medido con incertidumbre
76.20480859892555,-0.8006175704190857,-0.87078136833905,-0.0701637979199643,2,Medido con incertidumbre
76.33346510876548,-0.803439482454467,-0.8737518595439122,-0.07031237708944527,2,Medido con incertidumbre
76.46233882927528,-0.8062613944898467,-0.876722350748773,-0.07046095625892634,2,Medido con incertidumbre
76.59143012717155,-0.8090833065252279,-0.8796928419536354,-0.07060953542840753,3,Medido con incertidumbre
76.72073936979,-0.8119052185606092,-0.8826633331584977,-0.0707581145978885,3,Medido con incertidumbre
76.85026692508649,-0.8147271305959904,-0.88563382436336,-0.07090669376736958,3,Medido con incertidumbre
76.98001316163811,-0.8175490426313718,-0.8886043155682224,-0.07105527293685054,3,Medido con incertidumbre
77.10997844864426,-0.820370954666753,-0.8915748067730848,-0.07120385210633173,3,Medido con incertidumbre
77.2401631559276,-0.8231928667021343,-0.8945452979779471,-0.07135243127581281,3,Medido con incertidumbre
77.3705676539352,-0.826014778737514,-0.8975157891828079,-0.07150101044529389,3,Medido con incertidumbre
77.50119231373952,-0.8288366907728953,-0.9004862803876703,-0.07164958961477497,3,Medido con incertidumbre
77.63203750703956,-0.8316586028082766,-0.9034567715925328,-0.07179816878425616,4,Medido con incertidumbre
77.76310360616179,-0.8344805148436578,-0.906427262797395,-0.07194674795373723,3,Medido con incertidumbre
77.89439098406133,-0.8373024268790391,-0.9093977540022572,-0.07209532712321809,3,Medido con incertidumbre
78.02590001432294,-0.8401243389144204,-0.9123682452071196,-0.07224390629269917,3,Medido con incertidumbre
78.15763107116209,-0.8429462509498002,-0.9153387364119804,-0.07239248546218013,3,Medido con incertidumbre
78.28958452942605,-0.8457681629851814,-0.9183092276168427,-0.07254106463166132,3,Medido con incertidumbre
78.42176076459496,-0.8485900750205627,-0.9212797188217052,-0.07268964380114251,3,Medido con incertidumbre
78.55416015278287,-0.851411987055944,-0.9242502100265676,-0.07283822297062359,3,Medido con incertidumbre
78.68678307073881,-0.8542338990913254,-0.92722070123143,-0.07298680214010456,3,Medido con incertidumbre
78.8196298958479,-0.8570558111267066,-0.9301911924362924,-0.07313538130958586,3,Medido con incertidumbre
78.95270100613236,-0.8598777231620863,-0.933161683641153,-0.07328396047906671,3,Medido con incertidumbre
79.08599678025267,-0.8626996351974676,-0.9361321748460154,-0.07343253964854779,3,Medido con incertidumbre
79.21951759750858,-0.8655215472328489,-0.9391026660508778,-0.07358111881802887,3,Medido con incertidumbre
79.35326383784022,-0.8683434592682302,-0.94207315725574,-0.07372969798750983,3,Medido con incertidumbre
79.48723588182914,-0.8711653713036114,-0.9450436484606024,-0.07387827715699102,3,Medido con incertidumbre
79.62143411069948,-0.8739872833389928,-0.9480141396654648,-0.07402685632647199,3,Medido con incertidumbre
79.75585890631895,-0.8768091953743725,-0.9509846308703256,-0.07417543549595307,3,Medido con incertidumbre
79.89051065120002,-0.8796311074097538,-0.953955122075188,-0.07432401466543415,3,Medido con incertidumbre
80.02538972850088,-0.88259433672925,-0.9570453152524464,-0.07445097852319638,3,Medido con incertidumbre
80.16049652202669,-0.8861674895484091,-0.960652140534388,-0.0744846509859789,3,Medido con incertidumbre
80.29583141623053,-0.8897406423675681,-0.9642589658163296,-0.07451832344876153,2,Medido con incertidumbre
80.43139479621456,-0.8933137951867253,-0.9678657910982692,-0.07455199591154393,2,Medido con incertidumbre
80.56718704773114,-0.8968869480058842,-0.9714726163802104,-0.07458566837432623,2,Medido con incertidumbre
80.70320855718386,-0.9004601008250431,-0.975079441662152,-0.07461934083710886,2,Medido con incertidumbre
80.83945971162869,-0.9040332536442024,-0.9786862669440936,-0.07465301329989116,2,Medido con incertidumbre
80.97594089877505,-0.9076064064633612,-0.9822930922260352,-0.07468668576267401,2,Medido con incertidumbre
81.11265250698698,-0.91117955928252,-0.9858999175079766,-0.07472035822545653,2,Medido con incertidumbre
81.24959492528411,-0.9147527121016792,-0.989506742789918,-0.07475403068823883,2,Medido con incertidumbre
81.38676854334292,-0.9183258649208362,-0.9931135680718576,-0.07478770315102135,2,Medido con incertidumbre
81.52417375149778,-0.9218990177399954,-0.9967203933537992,-0.07482137561380386,2,Medido con incertidumbre
81.66181094074201,-0.9254721705591544,-1.0003272186357406,-0.07485504807658616,2,Medido con incertidumbre
81.7996805027291,-0.9290453233783132,-1.003934043917682,-0.07488872053936879,2,Medido con incertidumbre
81.93778282977372,-0.9326184761974724,-1.0075408691996235,-0.07492239300215109,2,Medido con incertidumbre
82.07611831485293,-0.9361916290166292,-1.0111476944815632,-0.07495606546493394,2,Medido con incertidumbre
82.21468735160721,-0.9397647818357884,-1.0147545197635046,-0.07498973792771624,2,Medido con incertidumbre
82.35349033434166,-0.9433379346549472,-1.0183613450454465,-0.07502341039049931,2,Medido con incertidumbre
82.49252765802706,-0.9469110874741062,-1.0219681703273875,-0.07505708285328128,2,Medido con incertidumbre
82.63179971830101,-0.9504842402932654,-1.0255749956093292,-0.0750907553160638,2,Medido con incertidumbre
82.77130691146911,-0.9540573931124244,-1.0291818208912706,-0.0751244277788462,2,Medido con incertidumbre
82.911049634506,-0.9576305459315833,-1.032788646173212,-0.07515810024162883,2,Medido con incertidumbre
83.05102828505655,-0.9612036987507404,-1.0363954714551518,-0.07519177270441135,2,Medido con incertidumbre
83.19124326143695,-0.9647768515698992,-1.0400022967370932,-0.07522544516719398,2,Medido con incertidumbre
83.33169496263592,-0.9683500043890584,-1.0436091220190349,-0.0752591176299765,2,Medido con incertidumbre
83.47238378831572,-0.9719231572082174,-1.0472159473009763,-0.07529279009275891,2,Medido con incertidumbre
83.61331013881345,-0.9754963100273764,-1.0508227725829178,-0.07532646255554143,2,Medido con incertidumbre
83.75447441514198,-0.9790694628465336,-1.0544295978648572,-0.07536013501832362,2,Medido con incertidumbre
83.89587701899134,-0.9826426156656924,-1.058036423146799,-0.07539380748110647,2,Medido con incertidumbre
84.03751835272963,-0.9862157684848516,-1.0616432484287404,-0.07542747994388876,2,Medido con incertidumbre
84.17939881940431,-0.9897889213040104,-1.0652500737106818,-0.0754611524066714,2,Medido con incertidumbre
84.32151882274331,-0.9933620741231696,-1.0688568989926233,-0.07549482486945369,2,Medido con incertidumbre
84.46387876715617,-0.9969352269423284,-1.0724637242745647,-0.07552849733223632,2,Medido con incertidumbre
84.60647905773519,-1.0005083797614855,-1.0760705495565044,-0.07556216979501884,2,Medido con incertidumbre
84.74932010025657,-1.0040815325806447,-1.0796773748384458,-0.07559584225780114,2,Medido con incertidumbre
84.8924023011816,-1.0076546853998036,-1.0832842001203873,-0.07562951472058366,2,Medido con incertidumbre
85.03572606765782,-1.0112278382189626,-1.0868910254023287,-0.07566318718336618,2,Medido con incertidumbre
85.1792918075201,-1.0148009910381215,-1.0904978506842702,-0.0756968596461487,2,Medido con incertidumbre
85.32309992929191,-1.0183741438572806,-1.094104675966212,-0.07573053210893144,2,Medido con incertidumbre
85.46715084218641,-1.0219472966764396,-1.0977115012481533,-0.07576420457171373,2,Medido con incertidumbre
85.61144495610763,-1.0255204494955967,-1.101318326530093,-0.07579787703449625,2,Medido con incertidumbre
85.75598268165164,-1.0290936023147557,-1.1049251518120344,-0.07583154949727877,2,Medido con incertidumbre
85.90076443010773,-1.0326667551339148,-1.108531977093976,-0.07586522196006129,2,Medido con incertidumbre
86.04579061345956,-1.0362399079530735,-1.1121388023759171,-0.07589889442284359,2,Medido con incertidumbre
86.19106164438635,-1.039813060772233,-1.115745627657859,-0.07593256688562611,2,Medido con incertidumbre
86.33657793626404,-1.0433862135913898,-1.119352452939799,-0.07596623934840907,2,Medido con incertidumbre
86.48233990316646,-1.0469593664105488,-1.12295927822174,-0.07599991181119115,3,Medido con incertidumbre
86.62834795986655,-1.0505325192297077,-1.1265661035036816,-0.07603358427397389,3,Medido con incertidumbre
86.77460252183748,-1.0541056720488668,-1.130172928785623,-0.07606725673675618,3,Medido con incertidumbre
86.9211040052539,-1.0576788248680258,-1.1337797540675645,-0.0761009291995387,3,Medido con incertidumbre
87.06785282699303,-1.0612519776871847,-1.137386579349506,-0.07613460166232122,3,Medido con incertidumbre
87.21484940463597,-1.064825130506342,-1.1409934046314456,-0.07616827412510352,2,Medido con incertidumbre
87.36209415646877,-1.0683982833255008,-1.144600229913387,-0.07620194658788626,2,Medido con incertidumbre
87.50958750148371,-1.07197143614466,-1.1482070551953285,-0.07623561905066856,2,Medido con incertidumbre
87.6573298593804,-1.0755445889638189,-1.1518138804772702,-0.0762692915134513,2,Medido con incertidumbre
87.80532165056711,-1.0791177417829778,-1.1554207057592116,-0.07630296397623382,1,Inferido localmente
87.9535632961618,-1.0826908946021367,-1.159027531041153,-0.07633663643901634,1,Inferido localmente
88.10205521799347,-1.086264047421294,-1.1626343563230923,-0.07637030890179841,1,Inferido localmente
88.25079783860326,-1.089837200240453,-1.1662411816050342,-0.07640398136458115,1,Inferido localmente
88.39979158124568,-1.093410353059612,-1.1698480068869757,-0.07643765382736367,1,Inferido localmente
88.54903686988985,-1.096983505878771,-1.173454832168917,-0.07647132629014619,1,Inferido localmente
88.69853412922063,-1.10055665869793,-1.1770616574508586,-0.07650499875292849,1,Inferido localmente
88.84828378463993,-1.104129811517089,-1.1806684827328,-0.07653867121571101,1,Inferido localmente
88.99828626226783,-1.1077029643362462,-1.1842753080147397,-0.07657234367849353,1,Inferido localmente
89.14854198894383,-1.111276117155405,-1.1878821332966814,-0.07660601614127627,1,Inferido localmente
89.2990513922281,-1.114849269974564,-1.1914889585786228,-0.07663968860405879,1,Inferido localmente
89.44981490040259,-1.1184224227937232,-1.1950957838605645,-0.0766733610668413,1,Inferido localmente
89.60083294247238,-1.121995575612882,-1.1987026091425057,-0.0767070335296236,1,Inferido localmente
89.75210594816681,-1.125568728432041,-1.2023094344244472,-0.07674070599240612,1,Inferido localmente
89.90363434794075,-1.1291418812511982,-1.2059162597063868,-0.07677437845518864,1,Inferido localmente
90.05541857297578,-1.1331107591671403,-1.210215290106142,-0.07710453093900171,1,Inferido localmente
90.20745905518146,-1.1377683318869785,-1.2157189902924326,-0.07795065840545412,1,Inferido localmente
90.35975622719656,-1.1424259046068166,-1.2212226904787231,-0.07879678587190653,1,Inferido localmente
90.51231052239022,-1.1470834773266545,-1.2267263906650137,-0.07964291333835916,1,Inferido localmente
90.6651223748633,-1.1517410500464924,-1.232230090851304,-0.08048904080481156,1,Inferido localmente
90.8181922194495,-1.1563986227663277,-1.2377337910375916,-0.08133516827126397,1,Inferido localmente
90.9715204917167,-1.1610561954861658,-1.2432374912238822,-0.08218129573771638,1,Inferido localmente
91.1251076279681,-1.165713768206004,-1.2487411914101727,-0.08302742320416878,1,Inferido localmente
91.27895406524355,-1.1703713409258418,-1.2542448915964632,-0.08387355067062141,1,Inferido localmente
91.43306024132072,-1.1750289136456795,-1.2597485917827536,-0.08471967813707404,1,Inferido localmente
91.5874265947164,-1.179686486365518,-1.265252291969044,-0.085565805603526,1,Inferido localmente
91.74205356468772,-1.1843440590853531,-1.2707559921553315,-0.08641193306997841,1,Inferido localmente
91.8969415912334,-1.1890016318051917,-1.2762596923416225,-0.08725806053643081,1,Inferido localmente
92.05209111509504,-1.1936592045250294,-1.2817633925279126,-0.08810418800288322,1,Inferido localmente
92.20750257775836,-1.1983167772448673,-1.2872670927142031,-0.08895031546933585,2,Medido con incertidumbre
92.36317642145433,-1.2029743499647052,-1.2927707929004937,-0.08979644293578848,3,Medido con incertidumbre
92.5191130891606,-1.2076319226845431,-1.298274493086784,-0.09064257040224089,3,Medido con incertidumbre
92.6753130246028,-1.2122894954043788,-1.3037781932730717,-0.09148869786869285,3,Medido con incertidumbre
92.83177667225556,-1.2169470681242167,-1.3092818934593622,-0.09233482533514548,3,Medido con incertidumbre
92.98850447734397,-1.2216046408440548,-1.3147855936456527,-0.09318095280159788,3,Medido con incertidumbre
93.14549688584478,-1.2262622135638928,-1.320289293831943,-0.09402708026805029,3,Medido con incertidumbre
93.30275434448772,-1.2309197862837309,-1.3257929940182338,-0.09487320773450292,3,Medido con incertidumbre
93.46027730075669,-1.2355773590035688,-1.331296694204524,-0.0957193352009551,3,Medido con incertidumbre
93.61806620289109,-1.2402349317234045,-1.3368003943908118,-0.09656546266740729,3,Medido con incertidumbre
93.77612149988708,-1.2448925044432422,-1.342304094577102,-0.09741159013385992,3,Medido con incertidumbre
93.9344436414989,-1.2495500771630803,-1.3478077947633929,-0.09825771760031254,3,Medido con incertidumbre
94.09303307824008,-1.2542076498829182,-1.3533114949496832,-0.09910384506676495,3,Medido con incertidumbre
94.25189026138467,-1.258865222602756,-1.3588151951359737,-0.0999499725332178,3,Medido con incertidumbre
94.41101564296876,-1.2635227953225945,-1.3643188953222642,-0.10079609999966976,3,Medido con incertidumbre
94.57040967579148,-1.2681803680424322,-1.3698225955085548,-0.10164222746612261,3,Medido con incertidumbre
94.73007281341653,-1.2728379407622703,-1.375326295694845,-0.1024883549325748,3,Medido con incertidumbre
94.89000551017324,-1.2774955134821082,-1.3808299958811356,-0.10333448239902743,3,Medido con incertidumbre
95.05020822115809,-1.282153086201944,-1.3863336960674233,-0.10418060986547939,3,Medido con incertidumbre
95.21068140223586,-1.2868106589217816,-1.3918373962537136,-0.10502673733193202,3,Medido con incertidumbre
95.37142551004096,-1.2914682316416195,-1.3973410964400044,-0.10587286479838487,3,Medido con incertidumbre
95.53244100197874,-1.2961258043614576,-1.402844796626295,-0.10671899226483728,3,Medido con incertidumbre
95.69372833622678,-1.3007833770812958,-1.4083484968125852,-0.10756511973128946,3,Medido con incertidumbre
95.85528797173622,-1.3054409498011337,-1.4138521969988758,-0.10841124719774209,3,Medido con incertidumbre
96.017120368233,-1.3100985225209691,-1.4193558971851634,-0.10925737466419427,3,Medido con incertidumbre
96.17922598621932,-1.314756095240807,-1.4248595973714535,-0.11010350213064646,3,Medido con incertidumbre
96.34160528697473,-1.319413667960645,-1.4303632975577445,-0.11094962959709953,3,Medido con incertidumbre
96.50425873255756,-1.324071240680483,-1.4358669977440348,-0.11179575706355172,3,Medido con incertidumbre
96.66718678580636,-1.3287288134003212,-1.4413706979303251,-0.1126418845300039,3,Medido con incertidumbre
96.83038991034095,-1.333386386120159,-1.4468743981166157,-0.11348801199645675,3,Medido con incertidumbre
96.99386857056398,-1.3380439588399946,-1.452378098302903,-0.11433413946290849,3,Medido con incertidumbre
97.15762323166206,-1.3427015315598323,-1.457881798489194,-0.11518026692936179,3,Medido con incertidumbre
97.32165435960722,-1.3473591042796706,-1.4633854986754844,-0.11602639439581375,3,Medido con incertidumbre
97.48596242115822,-1.3520166769995086,-1.4688891988617747,-0.11687252186226615,3,Medido con incertidumbre
97.6505478838618,-1.3566742497193465,-1.4743928990480653,-0.11771864932871878,3,Medido con incertidumbre
97.81541121605407,-1.3613318224391844,-1.4798965992343558,-0.11856477679517141,3,Medido con incertidumbre
97.98055288686189,-1.3659893951590223,-1.4854002994206463,-0.11941090426162404,3,Medido con incertidumbre
98.14597336620402,-1.3706469678788582,-1.4909039996069338,-0.12025703172807556,3,Medido con incertidumbre
98.31167312479268,-1.375304540598696,-1.4964076997932243,-0.12110315919452841,3,Medido con incertidumbre
98.4776526341348,-1.379962113318534,-1.5019113999795148,-0.12194928666098082,3,Medido con incertidumbre
98.64391236653329,-1.384619686038372,-1.5074151001658054,-0.12279541412743344,3,Medido con incertidumbre
98.81045279508852,-1.3892772587582098,-1.5129188003520957,-0.12364154159388585,3,Medido con incertidumbre
98.97727439369952,-1.3939348314780455,-1.5184225005383831,-0.12448766906033759,3,Medido con incertidumbre
99.14437763706546,-1.3985924041978837,-1.523926200724674,-0.12533379652679044,2,Medido con incertidumbre
99.31176300068694,-1.4032499769177216,-1.5294299009109642,-0.12617992399324263,2,Medido con incertidumbre
99.47943096086732,-1.4079075496375597,-1.5349336010972547,-0.12702605145969503,2,Medido con incertidumbre
99.64738199471412,-1.4125651223573976,-1.5404373012835453,-0.12787217892614766,2,Medido con incertidumbre
99.81561658014034,-1.4172226950772355,-1.5459410014698358,-0.1287183063926003,2,Medido con incertidumbre
99.98413519586587,-1.421880267797071,-1.5514447016561232,-0.12956443385905225,2,Medido con incertidumbre
100.15293832141889,-1.4273509574942826,-1.5578954890172498,-0.1305445315229672,2,Medido con incertidumbre
100.32202643713694,-1.432906065717828,-1.564444603809526,-0.13153853809169802,2,Medido con incertidumbre
100.49140002416873,-1.4384611739413735,-1.5709937186018017,-0.1325325446604282,2,Medido con incertidumbre
100.6610595644752,-1.444016282164916,-1.5775428333940742,-0.13352655122915813,2,Medido con incertidumbre
100.83100554083104,-1.4495713903884615,-1.5840919481863502,-0.13452055779788874,2,Medido con incertidumbre
101.00123843682596,-1.455126498612007,-1.590641062978626,-0.13551456436661913,2,Medido con incertidumbre
101.17175873686612,-1.4606816068355526,-1.597190177770902,-0.13650857093534952,2,Medido con incertidumbre
101.34256692617552,-1.466236715059098,-1.603739292563178,-0.1375025775040799,2,Medido con incertidumbre
101.51366349079736,-1.4717918232826432,-1.6102884073554538,-0.1384965840728105,2,Medido con incertidumbre
101.6850489175954,-1.4773469315061858,-1.6168375221477262,-0.13949059064154046,2,Medido con incertidumbre
101.8567236942554,-1.4829020397297314,-1.6233866369400023,-0.14048459721027085,2,Medido con incertidumbre
102.02868830928652,-1.4884571479532769,-1.6299357517322783,-0.14147860377900146,2,Medido con incertidumbre
102.20094325202254,-1.4940122561768223,-1.6364848665245544,-0.14247261034773206,2,Medido con incertidumbre
102.37348901262352,-1.4995673644003678,-1.6430339813168302,-0.14346661691646245,2,Medido con incertidumbre
102.54632608207696,-1.5051224726239134,-1.6495830961091065,-0.14446062348519306,2,Medido con incertidumbre
102.71945495219938,-1.5106775808474555,-1.6561322109013787,-0.14545463005392323,2,Medido con incertidumbre
102.89287611563756,-1.5162326890710012,-1.6626813256936543,-0.14644863662265317,2,Medido con incertidumbre
103.06659006587005,-1.5217877972945466,-1.6692304404859304,-0.14744264319138378,2,Medido con incertidumbre
103.24059729720852,-1.527342905518092,-1.6757795552782064,-0.1484366497601144,2,Medido con incertidumbre
103.41489830479918,-1.5328980137416377,-1.6823286700704825,-0.14943065632884478,2,Medido con incertidumbre
103.58949358462426,-1.538453121965183,-1.6888777848627583,-0.1504246628975754,2,Medido con incertidumbre
103.76438363350329,-1.5440082301887257,-1.6954268996550308,-0.1514186694663051,2,Medido con incertidumbre
103.9395689490946,-1.5495633384122711,-1.7019760144473068,-0.15241267603503572,2,Medido con incertidumbre
104.1150500298967,-1.5551184466358166,-1.7085251292395829,-0.15340668260376633,2,Medido con incertidumbre
104.29082737524972,-1.560673554859362,-1.7150742440318587,-0.15440068917249672,2,Medido con incertidumbre
104.46690148533688,-1.5662286630829074,-1.7216233588241343,-0.15539469574122688,2,Medido con incertidumbre
104.64327286118578,-1.5717837713064529,-1.7281724736164108,-0.15638870230995794,2,Medido con incertidumbre
104.81994200466994,-1.5773388795299952,-1.734721588408683,-0.15738270887868788,4,Medido con incertidumbre
104.9969094185102,-1.5828939877535406,-1.7412707032009591,-0.1583767154474185,4,Medido con incertidumbre
105.17417560627614,-1.588449095977086,-1.747819817993235,-0.15937072201614888,4,Medido con incertidumbre
105.35174107238748,-1.5940042042006315,-1.754368932785511,-0.1603647285848795,4,Medido con incertidumbre
105.52960632211564,-1.599559312424177,-1.7609180475777868,-0.16135873515360988,4,Medido con incertidumbre
105.70777186158496,-1.6051144206477224,-1.7674671623700626,-0.16235274172234027,4,Medido con incertidumbre
105.88623819777438,-1.6106695288712651,-1.7740162771623351,-0.16334674829107,4,Medido con incertidumbre
106.06500583851872,-1.6162246370948106,-1.7805653919546112,-0.1643407548598006,4,Medido con incertidumbre
106.2440752925102,-1.621779745318356,-1.787114506746887,-0.16533476142853099,4,Medido con incertidumbre
106.42344706929984,-1.6273348535419014,-1.7936636215391633,-0.16632876799726182,4,Medido con incertidumbre
106.60312167929898,-1.6328899617654469,-1.800212736331439,-0.1673227745659922,4,Medido con incertidumbre
106.7830996337806,-1.6384450699889896,-1.806761851123712,-0.16831678113472237,4,Medido con incertidumbre
106.96338144488098,-1.6440001782125349,-1.813310965915988,-0.1693107877034532,4,Medido con incertidumbre
107.14396762560092,-1.6495552864360803,-1.8198600807082637,-0.17030479427218337,4,Medido con incertidumbre
107.3248586898074,-1.6551103946596255,-1.8264091955005397,-0.1712988008409142,4,Medido con incertidumbre
107.50605515223496,-1.6606655028831714,-1.8329583102928155,-0.17229280740964414,4,Medido con incertidumbre
107.6875575284871,-1.6662206111067166,-1.8395074250850916,-0.17328681397837498,4,Medido con incertidumbre
107.86936633503788,-1.6717757193302591,-1.846056539877364,-0.17428082054710492,4,Medido con incertidumbre
108.05148208923328,-1.6773308275538048,-1.85260565466964,-0.17527482711583509,4,Medido con incertidumbre
108.23390530929277,-1.68288593577735,-1.859154769461916,-0.17626883368456592,4,Medido con incertidumbre
108.41663651431064,-1.6884410440008957,-1.8657038842541915,-0.17726284025329586,4,Medido con incertidumbre
108.59967622425764,-1.6939961522244409,-1.872252999046468,-0.17825684682202714,4,Medido con incertidumbre
108.78302495998238,-1.6995512604479863,-1.878802113838744,-0.17925085339075775,4,Medido con incertidumbre
108.9666832432128,-1.7051063686715318,-1.8853512286310197,-0.1802448599594879,4,Medido con incertidumbre
109.15065159655764,-1.7106614768950743,-1.891900343423292,-0.18123886652821763,4,Medido con incertidumbre
109.33493054350804,-1.7162165851186195,-1.898449458215568,-0.18223287309694847,4,Medido con incertidumbre
109.5195206084389,-1.7217716933421654,-1.904998573007844,-0.18322687966567863,4,Medido con incertidumbre
109.7044223166104,-1.7273268015657108,-1.91154768780012,-0.18422088623440924,4,Medido con incertidumbre
109.88963619416954,-1.7328819097892565,-1.918096802592396,-0.1852148928031394,4,Medido con incertidumbre
110.07516276815164,-1.7386666150058776,-1.9245362030023467,-0.18586958799646913,4,Medido con incertidumbre
110.2610025664818,-1.744788729009689,-1.9308143704789784,-0.18602564146928935,4,Medido con incertidumbre
110.44715611797638,-1.7509108430135003,-1.9370925379556097,-0.18618169494210934,4,Medido con incertidumbre
110.63362395234456,-1.757032957017312,-1.943370705432241,-0.18633774841492912,4,Medido con incertidumbre
110.82040660018986,-1.7631550710211237,-1.949648872908873,-0.18649380188774933,4,Medido con incertidumbre
111.00750459301156,-1.7692771850249351,-1.9559270403855047,-0.18664985536056955,4,Medido con incertidumbre
111.19491846320632,-1.7753992990287468,-1.962205207862136,-0.1868059088333891,4,Medido con incertidumbre
111.38264874406964,-1.781521413032555,-1.9684833753387645,-0.18696196230620954,4,Medido con incertidumbre
111.57069596979731,-1.7876435270363662,-1.974761542815396,-0.18711801577902976,4,Medido con incertidumbre
111.75906067548716,-1.793765641040178,-1.9810397102920276,-0.18727406925184953,4,Medido con incertidumbre
111.9477433971402,-1.7998877550439891,-1.987317877768659,-0.18743012272466997,4,Medido con incertidumbre
112.1367446716626,-1.8060098690478008,-1.9935960452452903,-0.18758617619748952,4,Medido con incertidumbre
112.32606503686682,-1.8121319830516087,-1.999874212721919,-0.18774222967031018,4,Medido con incertidumbre
112.5157050314734,-1.8182540970554208,-2.0061523801985506,-0.18789828314312973,4,Medido con incertidumbre
112.70566519511236,-1.8243762110592323,-2.012430547675182,-0.1880543366159495,4,Medido con incertidumbre
112.8959460683248,-1.830498325063044,-2.018708715151813,-0.18821039008876905,4,Medido con incertidumbre
113.0865481925644,-1.836620439066855,-2.024986882628445,-0.18836644356159016,4,Medido con incertidumbre
113.27747211019896,-1.842742553070667,-2.031265050105077,-0.18852249703440993,4,Medido con incertidumbre
113.468718364512,-1.848864667074475,-2.037543217581705,-0.18867855050722993,4,Medido con incertidumbre
113.66028749970428,-1.8549867810782863,-2.0438213850583367,-0.18883460398005036,4,Medido con incertidumbre
113.85218006089522,-1.861108895082098,-2.0500995525349683,-0.18899065745287036,4,Medido con incertidumbre
114.04439659412468,-1.8672310090859092,-2.0563777200116,-0.1891467109256908,4,Medido con incertidumbre
114.2369376463544,-1.873353123089721,-2.0626558874882317,-0.1893027643985108,4,Medido con incertidumbre
114.42980376546946,-1.8794752370935324,-2.0689340549648625,-0.18945881787133012,4,Medido con incertidumbre
114.62299550028,-1.8855973510973407,-2.0752122224414915,-0.18961487134415078,4,Medido con incertidumbre
114.81651340052274,-1.8917194651011524,-2.0814903899181227,-0.18977092481697033,4,Medido con incertidumbre
115.01035801686244,-1.897841579104964,-2.0877685573947544,-0.18992697828979033,4,Medido con incertidumbre
115.20452990089365,-1.9039636931087756,-2.094046724871386,-0.19008303176261054,4,Medido con incertidumbre
115.39902960514206,-1.910085807112587,-2.1003248923480173,-0.19023908523543032,4,Medido con incertidumbre
115.59385768306628,-1.9162079211163985,-2.106603059824649,-0.19039513870825053,4,Medido con incertidumbre
115.78901468905929,-1.92233003512021,-2.1128812273012807,-0.19055119218107075,6,Medido robustamente
115.98450117845005,-1.928452149124018,-2.119159394777909,-0.19070724565389074,7,Medido robustamente
116.18031770750504,-1.9345742631278295,-2.1254375622545405,-0.19086329912671096,7,Medido robustamente
116.37646483343,-1.940696377131641,-2.131715729731172,-0.19101935259953118,6,Medido robustamente
116.57294311437133,-1.946818491135453,-2.137993897207804,-0.19117540607235095,5,Medido robustamente
116.76975310941766,-1.952940605139264,-2.1442720646844355,-0.1913314595451716,5,Medido robustamente
116.9668953786017,-1.959062719143076,-2.1505502321610668,-0.19148751301799072,5,Medido robustamente
117.16437048290156,-1.965184833146884,-2.156828399637695,-0.19164356649081093,5,Medido robustamente
117.36217898424242,-1.9713069471506957,-2.1631065671143266,-0.19179961996363093,5,Medido robustamente
117.56032144549825,-1.9774290611545071,-2.1693847345909583,-0.19195567343645115,3,Medido con incertidumbre
117.75879843049329,-1.9835511751583184,-2.17566290206759,-0.19211172690927159,3,Medido con incertidumbre
117.9576105040036,-1.9896732891621296,-2.1819410695442216,-0.19226778038209202,3,Medido con incertidumbre
118.15675823175889,-1.9957954031659384,-2.1882192370208498,-0.19242383385491135,3,Medido con incertidumbre
118.35624218044389,-2.00191751716975,-2.194497404497481,-0.19257988732773113,3,Medido con incertidumbre
118.55606291770007,-2.008039631173561,-2.2007755719741127,-0.19273594080055156,3,Medido con incertidumbre
118.75622101212733,-2.014161745177373,-2.2070537394507443,-0.19289199427337156,3,Medido con incertidumbre
118.9567170332854,-2.0202838591811845,-2.213331906927376,-0.19304804774619155,5,Medido robustamente
119.15755155169576,-2.026405973184996,-2.2196100744040077,-0.19320410121901155,5,Medido robustamente
119.35872513884296,-2.0325280871888043,-2.225888241880636,-0.19336015469183154,5,Medido robustamente
119.56023836717648,-2.0386502011926155,-2.2321664093572675,-0.19351620816465198,5,Medido robustamente
119.76209181011218,-2.044772315196427,-2.238444576833899,-0.19367226163747198,5,Medido robustamente
119.9642860420341,-2.0508944292002385,-2.244722744310531,-0.19382831511029242,5,Medido robustamente
120.166821638296,-2.057429124560311,-2.2508199506109383,-0.1933908260506274,5,Medido robustamente
120.36969917522296,-2.064052221807104,-2.2568783832024555,-0.19282616139535147,5,Medido robustamente
120.57291923011309,-2.0706753190538927,-2.262936815793969,-0.19226149674007642,5,Medido robustamente
120.77648238123916,-2.077298416300686,-2.2689952483854867,-0.19169683208480093,5,Medido robustamente
120.98038920785024,-2.083921513547479,-2.2750536809770034,-0.19113216742952455,5,Medido robustamente
121.1846402901734,-2.090544610794272,-2.2811121135685206,-0.1905675027742486,5,Medido robustamente
121.38923620941516,-2.097167708041065,-2.2871705461600382,-0.19000283811897312,5,Medido robustamente
121.59417754776342,-2.103790805287858,-2.293228978751555,-0.18943817346369718,5,Medido robustamente
121.79946488838895,-2.110413902534648,-2.299287411343069,-0.18887350880842124,5,Medido robustamente
122.00509881544708,-2.11703699978144,-2.305345843934586,-0.1883088441531462,5,Medido robustamente
122.21107991407938,-2.123660097028233,-2.311404276526103,-0.1877441794978698,5,Medido robustamente
122.41740877041528,-2.130283194275026,-2.3174627091176205,-0.18717951484259432,5,Medido robustamente
122.62408597157383,-2.136906291521819,-2.3235211417091373,-0.18661485018731838,5,Medido robustamente
122.83111210566528,-2.143529388768612,-2.329579574300655,-0.1860501855320429,5,Medido robustamente
123.03848776179277,-2.150152486015401,-2.3356380068921685,-0.1854855208767674,5,Medido robustamente
123.24621353005402,-2.1567755832621947,-2.3416964394836857,-0.18492085622149101,5,Medido robustamente
123.45429000154309,-2.1633986805089878,-2.347754872075203,-0.18435619156621508,5,Medido robustamente
123.66271776835184,-2.1700217777557804,-2.35381330466672,-0.18379152691093958,6,Medido robustamente
123.87149742357192,-2.176644875002573,-2.3598717372582367,-0.18322686225566365,6,Medido robustamente
124.0806295612962,-2.183267972249366,-2.365930169849754,-0.1826621976003877,6,Medido robustamente
124.29011477662054,-2.1898910694961597,-2.371988602441271,-0.18209753294511133,6,Medido robustamente
124.49995366564556,-2.196514166742949,-2.378047035032785,-0.18153286828983628,6,Medido robustamente
124.71014682547826,-2.203137263989742,-2.384105467624302,-0.1809682036345599,6,Medido robustamente
124.92069485423372,-2.209760361236534,-2.3901639002158195,-0.1804035389792853,6,Medido robustamente
125.1315983510368,-2.216383458483328,-2.396222332807336,-0.17983887432400802,6,Medido robustamente
125.34285791602392,-2.2230065557301204,-2.4022807653988534,-0.17927420966873298,6,Medido robustamente
125.55447415034466,-2.22962965297691,-2.4083391979903674,-0.17870954501345748,6,Medido robustamente
125.76644765616352,-2.236252750223703,-2.4143976305818846,-0.17814488035818155,6,Medido robustamente
125.97877903666168,-2.242875847470496,-2.4204560631734013,-0.17758021570290516,6,Medido robustamente
126.1914688960386,-2.249498944717289,-2.4265144957649185,-0.17701555104762967,6,Medido robustamente
126.4045178395139,-2.256122041964081,-2.432572928356436,-0.17645088639235507,6,Medido robustamente
126.6179264733289,-2.2627451392108746,-2.438631360947953,-0.17588622173707824,6,Medido robustamente
126.83169540474849,-2.269368236457664,-2.444689793539467,-0.17532155708180275,6,Medido robustamente
127.0458252420628,-2.2759913337044573,-2.450748226130984,-0.1747568924265268,6,Medido robustamente
127.26031659458889,-2.2826144309512504,-2.456806658722501,-0.17419222777125043,6,Medido robustamente
127.4751700726726,-2.289237528198043,-2.4628650913140184,-0.17362756311597538,6,Medido robustamente
127.6903862876902,-2.295860625444836,-2.468923523905535,-0.173062898460699,6,Medido robustamente
127.9059658520501,-2.302483722691629,-2.4749819564970523,-0.1724982338054235,6,Medido robustamente
128.12190937919468,-2.3091068199384184,-2.4810403890885664,-0.171933569150148,6,Medido robustamente
128.33821748360197,-2.3157299171852115,-2.487098821680084,-0.17136890449487252,6,Medido robustamente
128.55489078078745,-2.322353014432004,-2.4931572542716007,-0.17080423983959658,6,Medido robustamente
128.77192988730573,-2.3289761116787977,-2.499215686863117,-0.17023957518431931,6,Medido robustamente
128.9893354207524,-2.33559920892559,-2.505274119454635,-0.16967491052904515,6,Medido robustamente
129.20710799976575,-2.342222306172383,-2.511332552046152,-0.16911024587376877,6,Medido robustamente
129.42524824402844,-2.348845403419176,-2.517390984637669,-0.16854558121849283,6,Medido robustamente
129.64375677426935,-2.3554685006659657,-2.523449417229183,-0.16798091656321734,6,Medido robustamente
129.86263421226542,-2.362091597912759,-2.5295078498207,-0.1674162519079414,6,Medido robustamente
130.08188118084323,-2.3681771191535588,-2.5343403924982115,-0.16616327334465275,6,Medido robustamente
130.301498303881,-2.3733600293413075,-2.5371146182607727,-0.16375458891946515,6,Medido robustamente
130.52148620631013,-2.378542939529056,-2.539888844023334,-0.161345904494278,5,Medido robustamente
130.74184551411713,-2.383725849716805,-2.5426630697858954,-0.1589372200690904,5,Medido robustamente
130.96257685434534,-2.38890875990455,-2.545437295548456,-0.1565285356439059,5,Medido robustamente
131.1836808550968,-2.3940916700922985,-2.5482115213110164,-0.15411985121871785,5,Medido robustamente
131.40515814553396,-2.399274580280047,-2.550985747073577,-0.15171116679353025,5,Medido robustamente
131.62700935588143,-2.404457490467795,-2.553759972836138,-0.1493024823683431,5,Medido robustamente
131.84923511742784,-2.409640400655544,-2.5565341985987,-0.14689379794315593,5,Medido robustamente
132.07183606252764,-2.414823310843289,-2.55930842436126,-0.144485113517971,4,Medido con incertidumbre
132.29481282460293,-2.420006221031038,-2.5620826501238207,-0.14207642909278295,4,Medido con incertidumbre
132.51816603814515,-2.425189131218786,-2.564856875886382,-0.1396677446675958,4,Medido con incertidumbre
132.74189633871697,-2.4303720414065344,-2.567631101648943,-0.13725906024240864,3,Medido con incertidumbre
132.96600436295407,-2.435554951594283,-2.570405327411504,-0.13485037581722104,3,Medido con incertidumbre
133.190490748567,-2.4407378617820314,-2.5731795531740653,-0.13244169139203388,3,Medido con incertidumbre
133.41535613434291,-2.445920771969777,-2.5759537789366247,-0.1300330069668476,3,Medido con incertidumbre
133.64060116014744,-2.451103682157526,-2.578728004699186,-0.12762432254166,1,Inferido localmente
133.86622646692652,-2.456286592345274,-2.5815022304617474,-0.1252156381164733,1,Inferido localmente
134.09223269670818,-2.4614695025330224,-2.584276456224309,-0.12280695369128658,1,Inferido localmente
134.31862049260437,-2.466652412720771,-2.5870506819868697,-0.12039826926609853,1,Inferido localmente
134.54539049881282,-2.4718353229085195,-2.5898249077494304,-0.11798958484091093,1,Inferido localmente
134.77254336061898,-2.4770182330962704,-2.5925991335119933,-0.11558090041572289,1,Inferido localmente
135.00007972439735,-2.4822011432840165,-2.595373359274553,-0.11317221599053662,1,Inferido localmente
135.2280002376141,-2.487384053471765,-2.5981475850371143,-0.11076353156534946,2,Medido con incertidumbre
135.45630554882842,-2.492566963659513,-2.6009218107996754,-0.1083548471401623,2,Medido con incertidumbre
135.68499630769435,-2.497749873847262,-2.6036960365622366,-0.1059461627149747,2,Medido con incertidumbre
135.91407316496287,-2.5029327840350097,-2.6064702623247977,-0.10353747828978799,2,Medido con incertidumbre
136.14353677248354,-2.508115694222756,-2.609244488087357,-0.10112879386460127,2,Medido con incertidumbre
136.37338778320648,-2.513298604410504,-2.6120187138499187,-0.09872010943941456,2,Medido con incertidumbre
136.60362685118417,-2.5184815145982524,-2.61479293961248,-0.0963114250142274,2,Medido con incertidumbre
136.8342546315733,-2.523664424786001,-2.617567165375041,-0.0939027405890398,2,Medido con incertidumbre
137.0652717806367,-2.528847334973749,-2.620341391137602,-0.09149405616385309,2,Medido con incertidumbre
137.29667895574514,-2.5340302451614978,-2.6231156169001637,-0.08908537173866593,2,Medido con incertidumbre
137.52847681537926,-2.5392131553492465,-2.6258898426627244,-0.08667668731347788,2,Medido con incertidumbre
137.76066601913138,-2.544396065536992,-2.628664068425284,-0.08426800288829206,2,Medido con incertidumbre
137.99324722770743,-2.5495789757247405,-2.6314382941878454,-0.0818593184631049,3,Medido con incertidumbre
138.2262211029288,-2.5547618859124888,-2.6342125199504065,-0.07945063403791774,3,Medido con incertidumbre
138.45958830773424,-2.559944796100237,-2.636986745712968,-0.07704194961273103,4,Medido con incertidumbre
138.6933495061817,-2.565127706287986,-2.639760971475529,-0.07463326518754299,4,Medido con incertidumbre
138.92750536345036,-2.570310616475734,-2.6425351972380904,-0.07222458076235627,4,Medido con incertidumbre
139.1620565458423,-2.57549352666348,-2.6453094230006498,-0.06981589633716956,4,Medido con incertidumbre
139.39700372078457,-2.580676436851228,-2.648083648763211,-0.06740721191198285,4,Medido con incertidumbre
139.63234755683104,-2.585859347038977,-2.650857874525772,-0.06499852748679524,4,Medido con incertidumbre
139.8680887236643,-2.591042257226725,-2.653632100288333,-0.06258984306160809,4,Medido con incertidumbre
140.10422789209758,-2.5962251674144734,-2.6564063260508943,-0.06018115863642093,4,Medido con incertidumbre
140.3407657340766,-2.600378535591119,-2.65791851517853,-0.05753997958741097,4,Medido con incertidumbre
140.57770292268157,-2.603185863991557,-2.657780697321189,-0.05459483332963222,4,Medido con incertidumbre
140.815040132129,-2.605993192391994,-2.657642879463848,-0.05164968707185391,4,Medido con incertidumbre
141.05277803777378,-2.6088005207924314,-2.657505061606507,-0.0487045408140756,5,Medido robustamente
141.2909173161109,-2.611607849192869,-2.6573672437491664,-0.045759394556297295,5,Medido robustamente
141.5294586447775,-2.614415177593307,-2.657229425891826,-0.042814248298518987,5,Medido robustamente
141.7684027025548,-2.617222505993744,-2.657091608034485,-0.03986910204074068,5,Medido robustamente
142.00775016937,-2.6200298343941806,-2.6569537901771443,-0.0369239557829637,5,Medido robustamente
142.24750172629825,-2.6228371627946183,-2.6568159723198037,-0.033978809525185394,5,Medido robustamente
142.48765805556448,-2.625644491195056,-2.6566781544624627,-0.03103366326740664,5,Medido robustamente
142.7282198405455,-2.628451819595493,-2.656540336605122,-0.02808851700962922,5,Medido robustamente
142.96918776577178,-2.63125914799593,-2.656402518747781,-0.025143370751850913,5,Medido robustamente
143.21056251692957,-2.6340664763963666,-2.65626470089044,-0.022198224494073493,5,Medido robustamente
143.45234478086272,-2.6368738047968043,-2.6561268830330995,-0.019253078236295185,5,Medido robustamente
143.69453524557468,-2.639681133197242,-2.655989065175759,-0.016307931978516876,5,Medido robustamente
143.93713460023045,-2.64248846159768,-2.655851247318418,-0.013362785720738124,5,Medido robustamente
144.18014353515855,-2.645295789998117,-2.655713429461077,-0.010417639462959816,5,Medido robustamente
144.423562741853,-2.6481031183985544,-2.6555756116037363,-0.0074724932051819515,5,Medido robustamente
144.66739291297523,-2.6509104467989903,-2.655437793746396,-0.004527346947405864,5,Medido robustamente
144.91163474235614,-2.6537177751994285,-2.6552999758890548,-0.001582200689626223,5,Medido robustamente
145.15628892499802,-2.656525103599866,-2.6551621580317137,0.0013629455681520852,5,Medido robustamente
145.40135615707646,-2.659332432000304,-2.655024340174373,0.004308091825930838,5,Medido robustamente
145.64683713594246,-2.662139760400741,-2.6548865223170326,0.007253238083708258,6,Medido robustamente
145.89273256012436,-2.6649470888011786,-2.654748704459692,0.010198384341486566,6,Medido robustamente
146.13904312932982,-2.667754417201615,-2.6546108866023506,0.01314353059926443,6,Medido robustamente
146.3857695444478,-2.6705617456020523,-2.65447306874501,0.016088676857042294,6,Medido robustamente
146.63291250755063,-2.6733690740024896,-2.6543352508876694,0.01903382311482016,6,Medido robustamente
146.8804727218958,-2.6761764024029278,-2.6541974330303284,0.021978969372599355,6,Medido robustamente
147.12845089192828,-2.678983730803365,-2.6540596151729874,0.024924115630377663,6,Medido robustamente
147.37684772328228,-2.6817910592038023,-2.653921797315647,0.027869261888155528,6,Medido robustamente
147.6256639227833,-2.68459838760424,-2.6537839794583062,0.030814408145933836,6,Medido robustamente
147.8749001984502,-2.687405716004676,-2.653646161600965,0.033759554403711256,6,Medido robustamente
148.1245572594973,-2.6902130444051138,-2.6535083437436247,0.03670470066148912,6,Medido robustamente
148.37463581633597,-2.693020372805551,-2.653370525886284,0.039649846919266984,6,Medido robustamente
148.62513658057736,-2.695827701205989,-2.653232708028943,0.04259499317704574,6,Medido robustamente
148.8760602650338,-2.698635029606426,-2.653094890171602,0.045540139434824045,6,Medido robustamente
149.12740758372107,-2.7014423580068625,-2.652957072314261,0.048485285692601465,6,Medido robustamente
149.3791792518605,-2.7042496864073,-2.6528192544569205,0.05143043195037933,6,Medido robustamente
149.63137598588088,-2.707057014807737,-2.6526814365995794,0.05437557820815764,6,Medido robustamente
149.88399850342054,-2.7098643432081757,-2.652543618742239,0.057320724465936834,6,Medido robustamente
150.1370475233294,-2.712671671608613,-2.652405800884898,0.06026587072371514,6,Medido robustamente
150.3905237656711,-2.7154790000090503,-2.6522679830275573,0.063211016981493,6,Medido robustamente
150.6444279517248,-2.7182863284094867,-2.6521301651702167,0.06615616323926998,6,Medido robustamente
150.89876080398753,-2.721093656809924,-2.651992347312876,0.06910130949704785,6,Medido robustamente
151.15352304617608,-2.7239009852103613,-2.651854529455535,0.07204645575482616,6,Medido robustamente
151.40871540322902,-2.7254190626306083,-2.65070732872713,0.07471173390347818,6,Medido robustamente
151.66433860130897,-2.7256139388804907,-2.648524164779104,0.07708977410138695,4,Medido con incertidumbre
151.92039336780437,-2.7258088151303737,-2.6463410008310784,0.07946781429929528,4,Medido con incertidumbre
152.17688043133182,-2.726003691380257,-2.644157836883053,0.08184585449720405,4,Medido con incertidumbre
152.433800521738,-2.7261985676301395,-2.6419746729350284,0.08422389469511105,4,Medido con incertidumbre
152.69115437010183,-2.726393443880022,-2.6397915089870025,0.08660193489301937,4,Medido con incertidumbre
152.94894270873644,-2.7265883201299053,-2.637608345038977,0.08897997509092814,4,Medido con incertidumbre
153.2071662711914,-2.726783196379788,-2.635425181090952,0.09135801528883603,4,Medido con incertidumbre
153.46582579225466,-2.726978072629671,-2.633242017142926,0.09373605548674524,4,Medido con incertidumbre
153.72492200795477,-2.727172948879553,-2.6310588531949013,0.09611409568465179,4,Medido con incertidumbre
153.9844556555629,-2.727367825129436,-2.628875689246876,0.09849213588256012,4,Medido con incertidumbre
154.24442747359493,-2.7275627013793198,-2.62669252529885,0.10087017608046978,4,Medido con incertidumbre
154.50483820181358,-2.727757577629202,-2.624509361350824,0.10324821627837766,4,Medido con incertidumbre
154.76568858123056,-2.7279524538790847,-2.6223261974027983,0.10562625647628643,4,Medido con incertidumbre
155.02697935410856,-2.728147330128968,-2.620143033454773,0.1080042966741952,5,Medido robustamente
155.28871126396348,-2.7283422063788505,-2.617959869506747,0.11038233687210353,5,Medido robustamente
155.55088505556648,-2.7285370826287334,-2.615776705558723,0.11276037707001052,6,Medido robustamente
155.81350147494612,-2.728731958878616,-2.613593541610697,0.11513841726791885,7,Medido robustamente
156.07656126939045,-2.7289268351284988,-2.611410377662671,0.11751645746582762,7,Medido robustamente
156.34006518744926,-2.729121711378381,-2.6092272137146457,0.1198944976637355,7,Medido robustamente
156.60401397893597,-2.729316587628265,-2.6070440497666203,0.12227253786164471,7,Medido robustamente
156.86840839493004,-2.7295114638781475,-2.6048608858185944,0.12465057805955304,7,Medido robustamente
157.1332491877789,-2.72970634012803,-2.60267772187057,0.12702861825746004,7,Medido robustamente
157.3985371111002,-2.729901216377913,-2.6004945579225445,0.12940665845536836,7,Medido robustamente
157.6642729197839,-2.730096092627796,-2.5983113939745186,0.13178469865327758,7,Medido robustamente
157.9304573699945,-2.730290968877678,-2.596128230026493,0.13416273885118501,7,Medido robustamente
158.19709121917307,-2.730485845127561,-2.5939450660784678,0.13654077904909334,7,Medido robustamente
158.46417522603946,-2.7306807213774444,-2.591761902130441,0.13891881924700344,7,Medido robustamente
158.7317101505945,-2.730875597627327,-2.589578738182417,0.14129685944491,7,Medido robustamente
158.99969675412208,-2.73107047387721,-2.5873955742343915,0.14367489964281832,7,Medido robustamente
159.2681357991915,-2.7312653501270927,-2.585212410286366,0.14605293984072665,7,Medido robustamente
159.5370280496593,-2.731460226376976,-2.58302924633834,0.14843098003863586,7,Medido robustamente
159.80637427067182,-2.7316551026268585,-2.5808460823903143,0.1508090202365442,7,Medido robustamente
160.07617522866713,-2.731849978876741,-2.578662918442289,0.15318706043445207,7,Medido robustamente
160.3464316913772,-2.732044855126624,-2.5764797544942644,0.1555651006323595,7,Medido robustamente
160.61714442783028,-2.7322397313765068,-2.574296590546239,0.15794314083026784,7,Medido robustamente
160.8883142083529,-2.7324346076263897,-2.572113426598213,0.1603211810281766,7,Medido robustamente
161.15994180457216,-2.7326294838762726,-2.569930262650188,0.1626992212260845,7,Medido robustamente
161.4320279894179,-2.7328243601261555,-2.567747098702162,0.1650772614239937,7,Medido robustamente
161.70457353712487,-2.733019236376038,-2.565563934754137,0.16745530162190114,7,Medido robustamente
161.97757922323498,-2.733214112625921,-2.563380770806112,0.16983334181980902,7,Medido robustamente
162.2510458245995,-2.733408988875804,-2.561197606858086,0.17221138201771824,7,Medido robustamente
162.5249741193812,-2.733603865125686,-2.5590144429100605,0.17458942221562568,7,Medido robustamente
162.7993648870567,-2.7337987413755696,-2.5568312789620347,0.1769674624135349,7,Medido robustamente
163.07421890841857,-2.7339936176254525,-2.554648115014009,0.17934550261144366,7,Medido robustamente
163.34953696557756,-2.732473304268674,-2.551346613583984,0.18112669068468978,7,Medido robustamente
163.62531984196488,-2.7295700412056587,-2.5471434016455725,0.1824266395600862,7,Medido robustamente
163.90156832233447,-2.726666778142641,-2.542940189707158,0.18372658843548262,7,Medido robustamente
164.1782831927651,-2.7237635150796247,-2.5387369777687447,0.18502653731087992,7,Medido robustamente
164.45546524066265,-2.720860252016608,-2.534533765830331,0.18632648618627723,7,Medido robustamente
164.73311525476245,-2.7179569889535906,-2.5303305538919174,0.1876264350616732,7,Medido robustamente
165.01123402513142,-2.715053725890576,-2.5261273419535057,0.18892638393707006,7,Medido robustamente
165.28982234317033,-2.712150462827559,-2.521924130015092,0.19022633281246693,7,Medido robustamente
165.5688810016161,-2.7092471997645418,-2.517720918076678,0.1915262816878638,7,Medido robustamente
165.84841079454404,-2.7063439367015247,-2.5135177061382645,0.1928262305632602,7,Medido robustamente
166.12841251737,-2.703440673638508,-2.50931449419985,0.19412617943865795,7,Medido robustamente
166.4088869668529,-2.7005374105754907,-2.5051112822614368,0.19542612831405393,7,Medido robustamente
166.68983494109665,-2.6976341475124754,-2.500908070323025,0.19672607718945034,7,Medido robustamente
166.97125723955273,-2.6947308844494584,-2.496704858384611,0.1980260260648472,7,Medido robustamente
167.2531546630224,-2.69182762138644,-2.4925016464461955,0.1993259749402445,7,Medido robustamente
167.5355280136585,-2.688924358323423,-2.488298434507781,0.20062592381564182,7,Medido robustamente
167.8183780949686,-2.6860210952604064,-2.484095222569368,0.20192587269103823,7,Medido robustamente
168.10170571181663,-2.6831178321973894,-2.479892010630954,0.20322582156643554,7,Medido robustamente
168.38551167042547,-2.680214569134372,-2.47568879869254,0.20452577044183196,7,Medido robustamente
168.66979677837904,-2.677311306071357,-2.4714855867541283,0.20582571931722882,7,Medido robustamente
168.95456184462475,-2.67440804300834,-2.4672823748157144,0.20712566819262568,7,Medido robustamente
169.23980767947577,-2.671504779945323,-2.463079162877301,0.2084256170680221,7,Medido robustamente
169.5255350946133,-2.668601516882306,-2.4588759509388867,0.2097255659434194,7,Medido robustamente
169.8117449030889,-2.665698253819289,-2.454672739000473,0.21102551481881626,7,Medido robustamente
170.0984379193268,-2.6627949907562725,-2.45046952706206,0.21232546369421268,7,Medido robustamente
170.3856149591263,-2.6598917276932554,-2.446266315123645,0.21362541256961043,7,Medido robustamente
170.67327683966383,-2.65698846463024,-2.442063103185234,0.2149253614450064,7,Medido robustamente
170.9614243794956,-2.6540852015672227,-2.43785989124682,0.21622531032040282,7,Medido robustamente
171.25005839855984,-2.651181938504206,-2.433656679308406,0.21752525919580012,7,Medido robustamente
171.53917971817893,-2.648278675441189,-2.429453467369993,0.2188252080711961,7,Medido robustamente
171.828789161062,-2.645375412378172,-2.4252502554315787,0.2201251569465934,7,Medido robustamente
172.11888755130707,-2.6424721493151555,-2.421047043493165,0.2214251058219907,7,Medido robustamente
172.40947571440356,-2.63956888625214,-2.416843831554753,0.22272505469738668,4,Medido con incertidumbre
172.70055447723453,-2.6366656231891232,-2.4126406196163392,0.224025003572784,4,Medido con incertidumbre
172.99212466807907,-2.6337623601261058,-2.4084374076779254,0.2253249524481804,4,Medido con incertidumbre
173.28418711661465,-2.630859097063089,-2.404234195739512,0.22662490132357727,4,Medido con incertidumbre
173.5767426539195,-2.627955834000072,-2.400030983801098,0.22792485019897413,4,Medido con incertidumbre
173.86979211247493,-2.625052570937057,-2.3958277718626864,0.22922479907437054,4,Medido con incertidumbre
174.16333632616775,-2.62214930787404,-2.391624559924273,0.23052474794976696,5,Medido robustamente
174.45737613029263,-2.619246044811023,-2.3874213479858586,0.23182469682516427,7,Medido robustamente
174.75191236155442,-2.616342781748006,-2.383218136047445,0.23312464570056068,7,Medido robustamente
175.04694585807064,-2.613439518684989,-2.3790149241090317,0.2344245945759571,7,Medido robustamente
175.34247745937375,-2.610536255621972,-2.3748117121706174,0.2357245434513544,7,Medido robustamente
175.63850800641362,-2.607632992558957,-2.3706085002322057,0.23702449232675127,6,Medido robustamente
175.93503834155987,-2.60472972949594,-2.366405288293792,0.23832444120214813,6,Medido robustamente
176.23206930860437,-2.5998868095127228,-2.360586947221003,0.23929986229171973,6,Medido robustamente
176.52960175276343,-2.593823138718467,-2.353752101538463,0.2400710371800039,6,Medido robustamente
176.82763652068044,-2.5877594679242115,-2.346917255855923,0.24084221206828849,6,Medido robustamente
177.1261744604282,-2.581695797129956,-2.340082410173383,0.24161338695657308,6,Medido robustamente
177.42521642151118,-2.5756321263357003,-2.333247564490843,0.24238456184485724,6,Medido robustamente
177.72476325486818,-2.5695684555414475,-2.3264127188083066,0.24315573673314095,5,Medido robustamente
178.0248158128746,-2.563504784747192,-2.3195778731257666,0.24392691162142555,5,Medido robustamente
178.32537494934493,-2.5574411139529363,-2.312743027443226,0.24469808650971014,5,Medido robustamente
178.62644151953512,-2.551377443158681,-2.305908181760686,0.24546926139799474,5,Medido robustamente
178.92801638014507,-2.545313772364425,-2.299073336078146,0.2462404362862789,5,Medido robustamente
179.23010038932102,-2.5392501015701727,-2.2922384903956097,0.24701161117456305,5,Medido robustamente
179.53269440665807,-2.533186430775917,-2.2854036447130697,0.2477827860628472,5,Medido robustamente
179.83579929320248,-2.527122759981661,-2.2785687990305297,0.24855396095113136,5,Medido robustamente
180.13941591145436,-2.5210590891874056,-2.2717339533479897,0.24932513583941596,5,Medido robustamente
180.44354512536984,-2.51499541839315,-2.2648991076654497,0.25009631072770055,5,Medido robustamente
180.7481878003637,-2.5089317475988944,-2.258064261982909,0.25086748561598515,5,Medido robustamente
181.05334480331183,-2.502868076804642,-2.2512294163003728,0.2516386605042693,5,Medido robustamente
181.3590170025537,-2.4968044060103862,-2.2443945706178328,0.25240983539255346,5,Medido robustamente
181.66520526789472,-2.490740735216131,-2.2375597249352928,0.25318101028083806,5,Medido robustamente
181.9719104706088,-2.4846770644218754,-2.2307248792527528,0.25395218516912266,5,Medido robustamente
182.27913348344083,-2.47861339362762,-2.2238900335702123,0.2547233600574077,5,Medido robustamente
182.5868751806092,-2.472549722833364,-2.2170551878876723,0.25549453494569185,5,Medido robustamente
182.89513643780825,-2.4664860520391114,-2.210220342205136,0.25626570983397556,5,Medido robustamente
183.2039181322106,-2.460422381244856,-2.203385496522596,0.25703688472226016,5,Medido robustamente
183.51322114247,-2.4543587104506,-2.196550650840056,0.2578080596105443,5,Medido robustamente
183.82304634872352,-2.4482950396563443,-2.1897158051575154,0.2585792344988289,5,Medido robustamente
184.1333946325942,-2.442231368862089,-2.182880959474976,0.25935040938711307,5,Medido robustamente
184.44426687719348,-2.436167698067833,-2.176046113792436,0.2601215842753972,5,Medido robustamente
184.7556639671238,-2.4301040272735808,-2.1692112681098994,0.2608927591636814,5,Medido robustamente
185.0675867884811,-2.424040356479325,-2.162376422427359,0.261663934051966,6,Medido robustamente
185.3800362288572,-2.417976685685069,-2.1555415767448194,0.2624351089402497,6,Medido robustamente
185.69301317734252,-2.4119130148908137,-2.148706731062279,0.2632062838285347,6,Medido robustamente
186.00651852452864,-2.4058493440965583,-2.141871885379739,0.2639774587168193,6,Medido robustamente
186.3205531625105,-2.3997856733023024,-2.135037039697199,0.2647486336051035,6,Medido robustamente
186.6351179848893,-2.39372200250805,-2.128202194014662,0.2655198084933881,6,Medido robustamente
186.9502138867749,-2.3876583317137943,-2.1213673483321225,0.2662909833816718,6,Medido robustamente
187.2658417647884,-2.381594660919539,-2.1145325026495825,0.2670621582699564,6,Medido robustamente
187.58200251706447,-2.375530990125283,-2.107697656967042,0.267833333158241,6,Medido robustamente
187.8986970432544,-2.369467319331028,-2.100862811284502,0.268604508046526,6,Medido robustamente
188.2159262445281,-2.363403648536772,-2.094027965601962,0.2693756829348102,6,Medido robustamente
188.53369102357712,-2.3573399777425195,-2.0871931199194256,0.2701468578230939,6,Medido robustamente
188.85199228461687,-2.351276306948264,-2.0803582742368856,0.2709180327113785,6,Medido robustamente
189.17083093338945,-2.345212636154008,-2.0735234285543456,0.27168920759966264,6,Medido robustamente
189.49020787716609,-2.3391489653597524,-2.066688582871805,0.27246038248794724,6,Medido robustamente
189.8101240247497,-2.3330852945654965,-2.059853737189265,0.2732315573762314,6,Medido robustamente
190.1305802864777,-2.3249406216814528,-2.0508434680097825,0.2740971536716703,6,Medido robustamente
190.45157757422425,-2.315788738612554,-2.0407802884496498,0.2750084501629044,6,Medido robustamente
190.77311680140303,-2.306636855543652,-2.030717108889512,0.2759197466541399,6,Medido robustamente
191.09519888297,-2.297484972474749,-2.020653929329374,0.2768310431453749,6,Medido robustamente
191.41782473542565,-2.2883330894058465,-2.010590749769236,0.2777423396366103,6,Medido robustamente
191.7409952768179,-2.279181206336944,-2.0005275702090985,0.27865363612784533,6,Medido robustamente
192.06471142674465,-2.270029323268041,-1.9904643906489607,0.2795649326190801,6,Medido robustamente
192.38897410635624,-2.2608774401991427,-1.980401211088828,0.28047622911031467,6,Medido robustamente
192.7137842383583,-2.25172555713024,-1.9703380315286905,0.28138752560154967,6,Medido robustamente
193.03914274701413,-2.242573674061337,-1.960274851968553,0.28229882209278423,6,Medido robustamente
193.36505055814763,-2.2334217909924345,-1.9502116724084149,0.2832101185840197,6,Medido robustamente
193.6915085991456,-2.2242699079235315,-1.9401484928482768,0.2841214150752547,6,Medido robustamente
194.0185177989607,-2.215118024854629,-1.9300853132881397,0.28503271156648924,7,Medido robustamente
194.34607908811375,-2.205966141785731,-1.9200221337280068,0.285944008057724,7,Medido robustamente
194.67419339869684,-2.196814258716828,-1.9099589541678688,0.286855304548959,7,Medido robustamente
195.00286166437544,-2.1876623756479256,-1.8998957746077312,0.28776660104019447,7,Medido robustamente
195.3320848203915,-2.178510492579022,-1.8898325950475932,0.28867789753142903,7,Medido robustamente
195.6618638035658,-2.16935860951012,-1.879769415487456,0.28958919402266403,5,Medido robustamente
195.9921995523009,-2.160206726441217,-1.869706235927318,0.29050049051389903,5,Medido robustamente
196.3230930065836,-2.15105484337232,-1.8596430563671853,0.2914117870051345,5,Medido robustamente
196.6545451079876,-2.1419029603034163,-1.849579876807048,0.2923230834963684,5,Medido robustamente
196.9865567996764,-2.1327510772345137,-1.83951669724691,0.2932343799876038,4,Medido con incertidumbre
197.3191290264058,-2.1235991941656107,-1.829453517686772,0.2941456764788388,4,Medido con incertidumbre
197.6522627345265,-2.114447311096708,-1.8193903381266343,0.2950569729700738,4,Medido con incertidumbre
197.98595887198715,-2.105295428027805,-1.8093271585664965,0.2959682694613086,4,Medido con incertidumbre
198.3202183883366,-2.096143544958907,-1.799263979006364,0.29687956595254295,6,Medido robustamente
198.65504223472695,-2.0869916618900044,-1.7892007994462262,0.29779086244377817,6,Medido robustamente
198.99043136391617,-2.077839778821102,-1.7791376198860889,0.29870215893501295,6,Medido robustamente
199.32638673027063,-2.068687895752199,-1.7690744403259506,0.2996134554262482,6,Medido robustamente
199.662909289768,-2.059536012683296,-1.759011260765813,0.30052475191748274,6,Medido robustamente
200.00000000000003,-2.050384129614393,-1.7489480812056752,0.30143604840871796,6,Medido robustamente
200.33765982017505,-2.041232246545495,-1.7388849016455423,0.30234734489995274,6,Medido robustamente
200.67588971112085,-2.0320803634765925,-1.7288217220854047,0.30325864139118774,6,Medido robustamente
201.01469063528745,-2.02292848040769,-1.7187585425252672,0.30416993788242275,6,Medido robustamente
201.35406355674968,-2.013776597338787,-1.7086953629651294,0.30508123437365753,6,Medido robustamente
201.69400944121008,-2.0046247142698843,-1.6986321834049916,0.30599253086489275,6,Medido robustamente
202.0345292560016,-1.9954728312009813,-1.6885690038448538,0.30690382735612753,6,Medido robustamente
202.3756239700902,-1.9863209481320836,-1.6785058242847213,0.3078151238473623,7,Medido robustamente
202.71729455407797,-1.9771690650631808,-1.6684426447245837,0.3087264203385971,7,Medido robustamente
203.0595419802054,-1.968017181994278,-1.658379465164446,0.3096377168298321,7,Medido robustamente
203.40236722235468,-1.958865298925375,-1.648316285604308,0.3105490133210669,7,Medido robustamente
203.74577125605205,-1.9497134158564724,-1.6382531060441703,0.3114603098123021,7,Medido robustamente
204.0897550584708,-1.9405615327875696,-1.6281899264840325,0.3123716063035371,7,Medido robustamente
204.43431960843375,-1.931409649718672,-1.6181267469239,0.3132829027947719,7,Medido robustamente
204.7794658864167,-1.9222577666497689,-1.6080635673637622,0.31419419928600667,7,Medido robustamente
205.12519487455043,-1.9122573845559576,-1.5972952322409528,0.3149621523150048,7,Medido robustamente
205.47150755662395,-1.901949461560167,-1.5862713114646378,0.31567815009552924,7,Medido robustamente
205.81840491808725,-1.8916415385643768,-1.5752473906883229,0.3163941478760539,7,Medido robustamente
206.165887946054,-1.881333615568586,-1.564223469912008,0.31711014565657814,7,Medido robustamente
206.51395762930443,-1.8710256925728008,-1.553199549135699,0.3178261434371019,7,Medido robustamente
206.86261495828813,-1.86071776957701,-1.542175628359384,0.31854214121762614,7,Medido robustamente
207.21186092512687,-1.8504098465812195,-1.531151707583069,0.3192581389981506,7,Medido robustamente
207.56169652361743,-1.840101923585429,-1.520127786806754,0.31997413677867503,7,Medido robustamente
207.9121227492344,-1.8297940005896385,-1.509103866030439,0.3206901345591995,6,Medido robustamente
208.2631405991329,-1.819486077593853,-1.4980799452541298,0.32140613233972326,6,Medido robustamente
208.61475107215185,-1.8091781545980623,-1.487056024477815,0.32212213012024726,6,Medido robustamente
208.96695516881624,-1.7988702316022718,-1.4760321037014998,0.32283812790077193,6,Medido robustamente
209.31975389134035,-1.7885623086064817,-1.465008182925185,0.3235541256812966,6,Medido robustamente
209.6731482436305,-1.7782543856106907,-1.45398426214887,0.3242701234618206,6,Medido robustamente
210.02713923128783,-1.7679464626149,-1.4429603413725551,0.3249861212423448,6,Medido robustamente
210.3817278616114,-1.7576385396191094,-1.4319364205962402,0.3257021190228693,6,Medido robustamente
210.7369151436007,-1.7473306166233242,-1.420912499819931,0.3264181168033933,6,Medido robustamente
211.09270208795883,-1.7370226936275337,-1.4098885790436162,0.3271341145839175,6,Medido robustamente
211.44908970709525,-1.7267147706317432,-1.3988646582673012,0.32785011236444195,6,Medido robustamente
211.80607901512855,-1.7164068476359522,-1.387840737490986,0.3285661101449662,6,Medido robustamente
212.16367102788968,-1.7060989246401617,-1.3768168167146713,0.3292821079254904,6,Medido robustamente
212.5218667629244,-1.695791001644371,-1.365792895938356,0.32999810570601484,6,Medido robustamente
212.88066723949652,-1.685483078648586,-1.354768975162047,0.33071410348653885,6,Medido robustamente
213.2400734785907,-1.6751751556527952,-1.343745054385732,0.33143010126706307,6,Medido robustamente
213.60008650291516,-1.6648672326570044,-1.3327211336094171,0.3321460990475873,6,Medido robustamente
213.9607073369048,-1.654559309661214,-1.3216972128331022,0.33286209682811174,6,Medido robustamente
214.3219370067243,-1.6442513866654234,-1.3106732920567872,0.3335780946086362,6,Medido robustamente
214.68377654027057,-1.6339434636696382,-1.299649371280478,0.3342940923891602,6,Medido robustamente
215.046226967176,-1.6236355406738476,-1.288625450504163,0.33501009016968464,6,Medido robustamente
215.40928931881123,-1.6133276176780569,-1.277601529727848,0.33572608795020886,6,Medido robustamente
215.77296462828832,-1.603019694682266,-1.2665776089515333,0.33644208573073264,6,Medido robustamente
216.13725393046343,-1.5927117716864756,-1.2555536881752185,0.3371580835112571,6,Medido robustamente
216.50215826193983,-1.582403848690685,-1.2445297673989033,0.33787408129178176,6,Medido robustamente
216.86767866107095,-1.5720959256948943,-1.2335058466225883,0.338590079072306,6,Medido robustamente
217.2338161679633,-1.5617880026991091,-1.2224819258462791,0.33930607685283,6,Medido robustamente
217.60057182447932,-1.5514800797033184,-1.2114580050699644,0.340022074633354,6,Medido robustamente
217.9679466742405,-1.5411721567075278,-1.2004340842936494,0.34073807241387843,6,Medido robustamente
218.33594176263023,-1.5308642337117373,-1.1894101635173344,0.3414540701944029,6,Medido robustamente
218.7045581367968,-1.5205563107159463,-1.1783862427410194,0.3421700679749269,6,Medido robustamente
219.07379684565643,-1.510248387720156,-1.1673623219647045,0.34288606575545155,6,Medido robustamente
219.44365893989624,-1.4999404647243708,-1.1563384011883953,0.34360206353597555,6,Medido robustamente
219.8141454719772,-1.4896325417285805,-1.1453144804120805,0.3443180613165,6,Medido robustamente
220.18525749613715,-1.4793246187327895,-1.1342905596357655,0.345034059097024,6,Medido robustamente
220.55699606839383,-1.4690166957369988,-1.1232666388594506,0.34575005687754823,6,Medido robustamente
220.9293622465478,-1.4587087727412085,-1.1122427180831354,0.3464660546580731,6,Medido robustamente
221.30235709018555,-1.4490557855970394,-1.1023352208984882,0.34672056469855117,6,Medido robustamente
221.67598166068245,-1.4395726280790315,-1.0927172204649258,0.3468554076141057,6,Medido robustamente
222.0502370212058,-1.4300894705610243,-1.0830992200313634,0.3469902505296609,6,Medido robustamente
222.42512423671775,-1.4206063130430169,-1.073481219597801,0.3471250934452159,5,Medido robustamente
222.80064437397863,-1.411123155525009,-1.0638632191642383,0.3472599363607707,5,Medido robustamente
223.17679850154963,-1.4016399980070018,-1.054245218730676,0.3473947792763259,5,Medido robustamente
223.553587689796,-1.392156840488994,-1.0446272182971137,0.3475296221918802,5,Medido robustamente
223.93101301089007,-1.3826736829709916,-1.0350092178635564,0.3476644651074352,5,Medido robustamente
224.3090755388144,-1.373190525452984,-1.025391217429994,0.34779930802299,5,Medido robustamente
224.6877763493647,-1.3637073679349765,-1.0157732169964315,0.34793415093854496,5,Medido robustamente
225.06711652015292,-1.3542242104169688,-1.006155216562869,0.34806899385409973,8,Medido robustamente
225.44709713061044,-1.3447410528989612,-0.9965372161293068,0.3482038367696544,8,Medido robustamente
225.82771926199092,-1.3352578953809586,-0.9869192156957493,0.3483386796852094,8,Medido robustamente
226.20898399737365,-1.3257747378629512,-0.9773012152621868,0.34847352260076436,8,Medido robustamente
226.59089242166627,-1.3162915803449438,-0.9676832148286244,0.34860836551631935,8,Medido robustamente
226.97344562160825,-1.306808422826936,-0.958065214395062,0.3487432084318741,8,Medido robustamente
227.35664468577372,-1.2973252653089284,-0.9484472139614996,0.3488780513474289,8,Medido robustamente
227.7404907045747,-1.287842107790921,-0.9388292135279374,0.34901289426298365,8,Medido robustamente
228.1249847702641,-1.2783589502729134,-0.9292112130943748,0.34914773717853853,8,Medido robustamente
228.5101279769389,-1.2688757927549108,-0.9195932126608176,0.3492825800940932,8,Medido robustamente
228.8959214205432,-1.2593926352369031,-0.9099752122272552,0.34941742300964795,8,Medido robustamente
229.28236619887144,-1.2499094777188955,-0.9003572117936928,0.3495522659252027,8,Medido robustamente
229.6694634115715,-1.2404263202008885,-0.8907392113601303,0.34968710884075815,8,Medido robustamente
230.0572141601477,-1.2309431626828806,-0.881121210926568,0.3498219517563126,8,Medido robustamente
230.44561954796413,-1.2214600051648778,-0.8715032104930105,0.34995679467186736,8,Medido robustamente
230.8346806802476,-1.2119768476468704,-0.8618852100594481,0.35009163758742234,8,Medido robustamente
231.2243986640908,-1.202493690128863,-0.8522672096258856,0.35022648050297733,7,Medido robustamente
231.61477460845575,-1.193010532610855,-0.8426492091923233,0.35036132341853177,7,Medido robustamente
232.0058096241766,-1.1835273750928477,-0.8330312087587609,0.35049616633408676,9,Medido robustamente
232.3975048239629,-1.1740442175748402,-0.8234132083251985,0.35063100924964175,9,Medido robustamente
232.7898613224028,-1.1645610600568377,-0.8137952078916412,0.3507658521651965,9,Medido robustamente
233.18288023596625,-1.1550779025388302,-0.8041772074580786,0.3509006950807516,9,Medido robustamente
233.5765626830081,-1.1455947450208226,-0.7945592070245163,0.35103553799630627,8,Medido robustamente
233.9709097837713,-1.136111587502815,-0.7849412065909538,0.35117038091186115,8,Medido robustamente
234.36592266039017,-1.1266284299848075,-0.7753232061573915,0.351305223827416,8,Medido robustamente
234.76160243689347,-1.1171452724667998,-0.765705205723829,0.3514400667429708,8,Medido robustamente
235.15795023920765,-1.1076621149487973,-0.7560872052902717,0.35157490965852556,8,Medido robustamente
235.55496719516012,-1.09817895743079,-0.7464692048567092,0.3517097525740809,8,Medido robustamente
235.9526544344824,-1.0886957999127822,-0.7368512044231468,0.3518445954896354,8,Medido robustamente
236.3510130888132,-1.0792126423947743,-0.7272332039895844,0.35197943840518997,8,Medido robustamente
236.75004429170195,-1.0697294848767671,-0.7176152035560222,0.35211428132074496,8,Medido robustamente
237.14974917861176,-1.0602463273587597,-0.7079972031224596,0.35224912423630006,8,Medido robustamente
237.5501288869228,-1.050763169840757,-0.6983792026889023,0.3523839671518546,8,Medido robustamente
237.95118455593533,-1.0412800123227497,-0.6887612022553399,0.3525188100674098,8,Medido robustamente
238.35291732687327,-1.0317968548047418,-0.6791432018217775,0.35265365298296436,8,Medido robustamente
238.7553283428872,-1.024098580160301,-0.6716556553731284,0.35244292478717265,8,Medido robustamente
239.1584187490576,-1.0167049493095104,-0.664531734792469,0.3521732145170414,8,Medido robustamente
239.56218969239836,-1.0093113184587197,-0.6574078142118096,0.3519035042469101,8,Medido robustamente
239.9666423218597,-1.0019176876079283,-0.6502838936311501,0.3516337939767782,8,Medido robustamente
240.37177778833168,-0.9945240567571416,-0.6431599730504945,0.35136408370664707,8,Medido robustamente
240.77759724464747,-0.9871304259063508,-0.6360360524698352,0.3510943734365156,8,Medido robustamente
241.18410184558647,-0.97973679505556,-0.6289121318891756,0.3508246631663844,8,Medido robustamente
241.59129274787773,-0.9723431642047692,-0.6217882113085164,0.3505549528962528,8,Medido robustamente
241.99917111020324,-0.9649495333539784,-0.6146642907278568,0.3502852426261216,8,Medido robustamente
242.4077380932011,-0.9575559025031912,-0.6075403701472012,0.35001553235599003,8,Medido robustamente
242.81699485946905,-0.9501622716524004,-0.6004164495665418,0.3497458220858586,8,Medido robustamente
243.22694257356744,-0.9427686408016096,-0.5932925289858824,0.34947611181572724,8,Medido robustamente
243.63758240202296,-0.9353750099508188,-0.586168608405223,0.3492064015455958,8,Medido robustamente
244.0489155133317,-0.927981379100028,-0.5790446878245635,0.34893669127546445,8,Medido robustamente
244.4609430779624,-0.9205877482492372,-0.5719207672439042,0.348666981005333,8,Medido robustamente
244.87366626836,-0.9131941173984502,-0.5647968466632486,0.34839727073520166,8,Medido robustamente
245.28708625894885,-0.9058004865476592,-0.557672926082589,0.3481275604650702,8,Medido robustamente
245.7012042261361,-0.8984068556968685,-0.5505490055019298,0.34785785019493876,8,Medido robustamente
246.116021348315,-0.8910132248460776,-0.5434250849212703,0.3475881399248073,8,Medido robustamente
246.5315388058683,-0.8836195939952867,-0.5363011643406108,0.34731842965467585,8,Medido robustamente
246.9477577811716,-0.8762259631444959,-0.5291772437599515,0.3470487193845444,9,Medido robustamente
247.36467945859667,-0.8688323322937088,-0.5220533231792958,0.34677900911441306,9,Medido robustamente
247.78230502451487,-0.8614387014429181,-0.5149294025986364,0.3465092988442817,9,Medido robustamente
248.2006356673005,-0.8540450705921272,-0.5078054820179769,0.34623958857415027,9,Medido robustamente
248.61967257733448,-0.8466514397413325,-0.5006815614373138,0.3459698783040187,9,Medido robustamente
249.03941694700663,-0.8392578088905416,-0.4935576408566544,0.3457001680338872,9,Medido robustamente
249.45986997072075,-0.8318641780397509,-0.486433720275995,0.34543045776375586,9,Medido robustamente
249.88103284489677,-0.82447054718896,-0.4793097996953356,0.34516074749362435,9,Medido robustamente
250.3029067679745,-0.817076916338173,-0.4721858791146799,0.3448910372234931,9,Medido robustamente
250.7254929404173,-0.8096832854873821,-0.4650619585340205,0.3446213269533616,9,Medido robustamente
251.14879256471505,-0.8022896546365913,-0.4579380379533611,0.3443516166832302,9,Medido robustamente
251.57280684538796,-0.7948960237858005,-0.4508141173727017,0.34408190641309877,9,Medido robustamente
251.9975369889896,-0.7875023929350097,-0.4436901967920423,0.3438121961429674,9,Medido robustamente
252.4229842041109,-0.7801087620842189,-0.4365662762113829,0.343542485872836,9,Medido robustamente
252.84914970138288,-0.7727151312334318,-0.4294423556307272,0.34327277560270464,6,Medido robustamente
253.27603469348077,-0.765321500382641,-0.4223184350500678,0.34300306533257324,6,Medido robustamente
253.7036403951269,-0.7579278695318501,-0.4151945144694084,0.3427333550624417,6,Medido robustamente
254.1319680230948,-0.7505342386810593,-0.408070593888749,0.3424636447923103,6,Medido robustamente
254.56101879621173,-0.7431406078302685,-0.4009466733080896,0.3421939345221789,6,Medido robustamente
254.99079393536329,-0.7357469769794777,-0.3938227527274301,0.34192422425204755,6,Medido robustamente
255.42129466349576,-0.7283533461286906,-0.3866988321467745,0.34165451398191615,6,Medido robustamente
255.8525222056205,-0.7209597152778998,-0.3795749115661151,0.3413848037117847,8,Medido robustamente
256.28447778881684,-0.713566084427109,-0.3724509909854557,0.3411150934416533,8,Medido robustamente
256.717162642236,-0.7061724535763181,-0.3653270704047963,0.3408453831715218,8,Medido robustamente
257.15057799710405,-0.6987788227255273,-0.3582031498241368,0.34057567290139046,8,Medido robustamente
257.58472508672605,-0.694087379207619,-0.3541606621184085,0.33992671708921046,8,Medido robustamente
258.01960514648914,-0.6896491503103601,-0.3504069271009144,0.3392422232094457,8,Medido robustamente
258.4552194138661,-0.6852109214131037,-0.3466531920834222,0.3385577293296815,8,Medido robustamente
258.8915691284189,-0.6807726925158448,-0.3428994570659282,0.3378732354499166,8,Medido robustamente
259.3286555318026,-0.676334463618586,-0.3391457220484341,0.3371887415701519,8,Medido robustamente
259.7664798677681,-0.6718962347213271,-0.33539198703094,0.3365042476903871,8,Medido robustamente
260.2050433821663,-0.6674580058240706,-0.3316382520134479,0.3358197538106227,8,Medido robustamente
260.6443473229516,-0.6630197769268118,-0.3278845169959538,0.335135259930858,8,Medido robustamente
261.0843929401851,-0.6585815480295529,-0.3241307819784597,0.33445076605109325,8,Medido robustamente
261.52518148603855,-0.6541433191322941,-0.3203770469609656,0.3337662721713285,8,Medido robustamente
261.9667142147976,-0.6497050902350352,-0.3166233119434715,0.3330817782915637,8,Medido robustamente
262.4089923828657,-0.6452668613377763,-0.3128695769259774,0.33239728441179894,8,Medido robustamente
262.8520172487672,-0.6408286324405176,-0.3091158419084833,0.3317127905320343,8,Medido robustamente
263.29579007315147,-0.636390403543261,-0.3053621068909912,0.33102829665226985,8,Medido robustamente
263.74031211879617,-0.6319521746460022,-0.3016083718734971,0.3303438027725051,8,Medido robustamente
264.18558465061085,-0.6275139457487433,-0.297854636856003,0.3296593088927403,8,Medido robustamente
264.6316089356406,-0.6230757168514846,-0.2941009018385089,0.32897481501297565,8,Medido robustamente
265.07838624306976,-0.6186374879542257,-0.2903471668210148,0.3282903211332109,8,Medido robustamente
265.5259178442254,-0.6141992590569668,-0.2865934318035207,0.3276058272534461,8,Medido robustamente
265.9742050125808,-0.6097610301597103,-0.2828396967860286,0.3269213333736817,8,Medido robustamente
266.4232490237595,-0.6053228012624515,-0.2790859617685345,0.326236839493917,8,Medido robustamente
266.8730511555385,-0.6008845723651927,-0.2753322267510404,0.32555234561415225,7,Medido robustamente
267.32361268785223,-0.5964463434679338,-0.2715784917335463,0.3248678517343875,7,Medido robustamente
267.7749349027958,-0.592008114570675,-0.2678247567160522,0.3241833578546228,7,Medido robustamente
268.2270190846291,-0.5875698856734162,-0.2640710216985582,0.323498863974858,7,Medido robustamente
268.67986651978003,-0.5831316567761595,-0.260317286681066,0.3228143700950935,7,Medido robustamente
269.1334784968486,-0.5786934278789008,-0.256563551663572,0.3221298762153288,7,Medido robustamente
269.58785630661026,-0.574255198981642,-0.2528098166460779,0.32144538233556413,7,Medido robustamente
270.0430012420196,-0.5698169700843831,-0.2490560816285837,0.3207608884557994,8,Medido robustamente
270.498914598214,-0.5653787411871243,-0.2453023466110896,0.32007639457603465,8,Medido robustamente
270.9555976725179,-0.5609405122898654,-0.2415486115935955,0.3193919006962699,8,Medido robustamente
271.41305176444547,-0.5565022833926089,-0.2377948765761034,0.31870740681650545,8,Medido robustamente
271.8712781757052,-0.55206405449535,-0.2340411415586094,0.3180229129367406,8,Medido robustamente
272.33027821020295,-0.5476258255980913,-0.2302874065411153,0.31733841905697596,8,Medido robustamente
272.7900531740463,-0.5431875967008324,-0.2265336715236212,0.3166539251772112,8,Medido robustamente
273.2506043755477,-0.5387493678035735,-0.2227799365061271,0.3159694312974464,8,Medido robustamente
273.7119331252285,-0.5343111389063147,-0.219026201488633,0.31528493741768165,8,Medido robustamente
274.1740407358226,-0.5298729100090581,-0.2152724664711408,0.31460044353791733,8,Medido robustamente
274.6369285222802,-0.5254346811117994,-0.2115187314536467,0.31391594965815267,8,Medido robustamente
275.1005978017714,-0.5209964522145405,-0.2077649964361527,0.3132314557783878,8,Medido robustamente
275.56504989369034,-0.5165582233172816,-0.2040112614186586,0.312546961898623,8,Medido robustamente
276.03028611965846,-0.5121199944200228,-0.2002575264011645,0.31186246801885825,8,Medido robustamente
276.49630780352857,-0.5076817655227639,-0.1965037913836704,0.3111779741390935,8,Medido robustamente
276.96311627138857,-0.5032435366255074,-0.1927500563661782,0.31049348025932916,10,Medido robustamente
277.4307128515651,-0.4988053077282486,-0.1889963213486842,0.30980898637956444,10,Medido robustamente
277.8990988746275,-0.4966664072570997,-0.1874918072984408,0.3091745999586589,10,Medido robustamente
278.3682756733916,-0.4945878229480274,-0.1860462949875167,0.3085415279605107,10,Medido robustamente
278.8382445829231,-0.4925092386389551,-0.1846007826765927,0.30790845596236244,10,Medido robustamente
279.309006940542,-0.4904306543298827,-0.1831552703656685,0.30727538396421417,10,Medido robustamente
279.78056408582603,-0.4883520700208115,-0.1817097580547452,0.3066423119660663,10,Medido robustamente
280.25291736061445,-0.4862734857117392,-0.180264245743821,0.3060092399679182,10,Medido robustamente
280.726068109012,-0.4841949014026668,-0.1788187334328969,0.3053761679697699,10,Medido robustamente
281.2000176773926,-0.4821163170935945,-0.1773732211219728,0.3047430959716217,10,Medido robustamente
281.67476741440345,-0.4800377327845222,-0.1759277088110487,0.30411002397347353,10,Medido robustamente
282.1503186709684,-0.4779591484754499,-0.1744821965001246,0.3034769519753253,10,Medido robustamente
282.62667280029217,-0.4758805641663786,-0.1730366841892012,0.3028438799771774,10,Medido robustamente
283.10383115786425,-0.4738019798573063,-0.1715911718782771,0.3022108079790292,10,Medido robustamente
283.5817951014623,-0.4717233955482339,-0.170145659567353,0.3015777359808809,10,Medido robustamente
284.0605659911567,-0.4696448112391616,-0.1687001472564288,0.3009446639827328,10,Medido robustamente
284.5401451893136,-0.4675662269300893,-0.1672546349455047,0.3003115919845846,10,Medido robustamente
285.0205340605996,-0.465487642621018,-0.1658091226345814,0.2996785199864366,10,Medido robustamente
285.50173397198506,-0.4634090583119447,-0.1643636103236565,0.29904544798828814,10,Medido robustamente
285.9837462927482,-0.4613304740028734,-0.1629180980127331,0.2984123759901403,10,Medido robustamente
286.4665723944792,-0.459251889693801,-0.161472585701809,0.297779303991992,10,Medido robustamente
286.9502136510838,-0.4571733053847276,-0.1600270733908841,0.2971462319938435,6,Medido robustamente
287.43467143878684,-0.4550947210756553,-0.15858156107996,0.2965131599956953,6,Medido robustamente
287.91994713613724,-0.4530161367665829,-0.1571360487690359,0.29588008799754706,6,Medido robustamente
288.4060421240112,-0.4509375524575106,-0.1556905364581118,0.29524701599939884,6,Medido robustamente
288.8929577856161,-0.4488589681484394,-0.1542450241471885,0.2946139440012509,6,Medido robustamente
289.3806955064947,-0.4467803838393671,-0.1527995118362643,0.29398087200310274,6,Medido robustamente
289.8692566745289,-0.4447017995302947,-0.1513539995253402,0.29334780000495453,6,Medido robustamente
290.35864267994384,-0.4426232152212224,-0.1499084872144161,0.2927147280068063,8,Medido robustamente
290.84885491531173,-0.44054463091215,-0.148462974903492,0.292081656008658,8,Medido robustamente
291.33989477555576,-0.4384660466030777,-0.1470174625925678,0.2914485840105099,8,Medido robustamente
291.83176365795435,-0.4363874622940065,-0.1455719502816445,0.290815512012362,8,Medido robustamente
292.3244629621449,-0.4343088779849342,-0.1441264379707204,0.29018244001421384,7,Medido robustamente
292.8179940901277,-0.4322302936758618,-0.1426809256597963,0.2895493680160655,7,Medido robustamente
293.3123584462701,-0.4301517093667895,-0.1412354133488721,0.28891629601791735,7,Medido robustamente
293.80755743731044,-0.4280731250577171,-0.139789901037948,0.28828322401976914,7,Medido robustamente
294.3035924723622,-0.4259945407486448,-0.1383443887270239,0.2876501520216209,7,Medido robustamente
294.80046496291754,-0.4239159564395736,-0.1368988764161006,0.287017080023473,7,Medido robustamente
295.298176322852,-0.4218373721305012,-0.1354533641051764,0.2863840080253248,7,Medido robustamente
295.79672796842794,-0.4197587878214289,-0.1340078517942523,0.2857509360271766,7,Medido robustamente
296.2961213182988,-0.4176802035123566,-0.1325623394833282,0.2851178640290284,7,Medido robustamente
296.79635779351327,-0.4156016192032842,-0.1311168271724041,0.28448479203088006,7,Medido robustamente
297.29743881751904,-0.413523034894213,-0.1296713148614807,0.2838517200327323,6,Medido robustamente
297.79936581616715,-0.4114444505851407,-0.1282258025505566,0.2832186480345841,6,Medido robustamente
298.30214021771576,-0.4093658662760683,-0.1267802902396325,0.2825855760364358,6,Medido robustamente
298.8057634528344,-0.407287281966996,-0.1253347779287084,0.2819525040382876,6,Medido robustamente
299.3102369546081,-0.405267091302922,-0.1239164432832467,0.2813506480196753,6,Medido robustamente
299.8155621585413,-0.4048783588433142,-0.1232574245753023,0.2816209342680119,6,Medido robustamente
300.3217405025619,-0.4044896263837065,-0.1225984058673582,0.2818912205163483,6,Medido robustamente
300.8287734270256,-0.4041008939240987,-0.1219393871594137,0.282161506764685,6,Medido robustamente
301.3366623747198,-0.4037121614644908,-0.1212803684514693,0.28243179301302146,6,Medido robustamente
301.84540879086774,-0.403323429004883,-0.1206213497435249,0.2827020792613581,6,Medido robustamente
302.35501412313266,-0.4029346965452752,-0.1199623310355805,0.2829723655096947,6,Medido robustamente
302.8654798216218,-0.4025459640856673,-0.119303312327636,0.2832426517580313,6,Medido robustamente
303.3768073388907,-0.4021572316260597,-0.1186442936196919,0.2835129380063678,6,Medido robustamente
303.88899812994737,-0.4017684991664518,-0.1179852749117475,0.2837832242547043,6,Medido robustamente
304.402053652256,-0.401379766706844,-0.1173262562038031,0.2840535105030409,6,Medido robustamente
304.9159753657416,-0.4009910342472362,-0.1166672374958586,0.2843237967513776,6,Medido robustamente
305.43076473279405,-0.4006023017876283,-0.1160082187879142,0.2845940829997141,6,Medido robustamente
305.946423218272,-0.4002135693280205,-0.1153492000799698,0.2848643692480507,6,Medido robustamente
306.4629522895073,-0.3998248368684128,-0.1146901813720257,0.2851346554963871,6,Medido robustamente
306.98035341630924,-0.399436104408805,-0.1140311626640813,0.2854049417447237,6,Medido robustamente
307.4986280709683,-0.3990473719491972,-0.1133721439561368,0.2856752279930604,6,Medido robustamente
308.01777772826085,-0.3986586394895893,-0.1127131252481924,0.2859455142413969,6,Medido robustamente
308.537803865453,-0.3982699070299815,-0.112054106540248,0.2862158004897335,6,Medido robustamente
309.058707962305,-0.3978811745703736,-0.1113950878323035,0.2864860867380701,6,Medido robustamente
309.58049150107536,-0.397492442110766,-0.1107360691243594,0.2867563729864066,6,Medido robustamente
310.1031559665251,-0.3971037096511581,-0.110077050416415,0.28702665923474313,6,Medido robustamente
310.6267028459219,-0.3967149771915503,-0.1094180317084706,0.2872969454830797,5,Medido robustamente
311.15113362904447,-0.3963262447319424,-0.1087590130005261,0.2875672317314163,5,Medido robustamente
311.67644980818665,-0.3959375122723346,-0.1080999942925817,0.2878375179797529,6,Medido robustamente
312.20265287816176,-0.3955487798127268,-0.1074409755846373,0.28810780422808946,5,Medido robustamente
312.72974433630674,-0.3951600473531191,-0.1067819568766932,0.28837809047642593,5,Medido robustamente
313.25772568248664,-0.3947713148935113,-0.1061229381687488,0.2886483767247625,5,Medido robustamente
313.78659841909854,-0.3943825824339034,-0.1054639194608043,0.2889186629730991,5,Medido robustamente
314.31636405107616,-0.3939938499742956,-0.1048049007528599,0.2891889492214357,5,Medido robustamente
314.8470240858939,-0.3936051175146877,-0.1041458820449155,0.2894592354697722,5,Medido robustamente
315.3785800335713,-0.3932163850550799,-0.103486863336971,0.2897295217181089,5,Medido robustamente
315.91103340667723,-0.3928276525954723,-0.102827844629027,0.2899998079664453,5,Medido robustamente
316.44438572033425,-0.3924389201358644,-0.1021688259210825,0.2902700942147819,5,Medido robustamente
316.97863849222284,-0.3920501876762566,-0.1015098072131381,0.2905403804631185,5,Medido robustamente
317.5137932425859,-0.3916614552166488,-0.1008507885051937,0.2908106667114551,5,Medido robustamente
318.0498514942328,-0.3912727227570409,-0.1001917697972492,0.2910809529597917,5,Medido robustamente
318.586814772544,-0.3908839902974331,-0.0995327510893048,0.2913512392081283,5,Medido robustamente
319.12468460547507,-0.3904952578378254,-0.0988737323813607,0.2916215254564647,5,Medido robustamente
319.6634625235616,-0.3901065253782176,-0.0982147136734163,0.2918918117048013,5,Medido robustamente
320.2031500599227,-0.3897177929186097,-0.0975556949654719,0.2921620979531378,5,Medido robustamente
320.7437487502662,-0.3893290604590019,-0.0968966762575274,0.2924323842014745,5,Medido robustamente
321.2852601328926,-0.3889403279993941,-0.096237657549583,0.29270267044981113,5,Medido robustamente
321.82768574869937,-0.3885515955397862,-0.0955786388416386,0.2929729566981476,5,Medido robustamente
322.3710271411856,-0.3881628630801786,-0.0949196201336945,0.29324324294648413,5,Medido robustamente
322.91528585645625,-0.3879612426631174,-0.0943689272961326,0.29359231536698477,5,Medido robustamente
323.4604634432265,-0.389548923887808,-0.094854125334869,0.294694798552939,5,Medido robustamente
324.0065614528264,-0.3911366051124985,-0.0953393233736054,0.2957972817388931,5,Medido robustamente
324.5535814392048,-0.392724286337189,-0.0958245214123419,0.29689976492484704,5,Medido robustamente
325.1015249589344,-0.3943119675618796,-0.0963097194510783,0.2980022481108013,5,Medido robustamente
325.65039357121566,-0.3958996487865692,-0.0967949174898145,0.2991047312967547,5,Medido robustamente
326.2001888378816,-0.3974873300112597,-0.0972801155285509,0.3002072144827088,3,Medido con incertidumbre
326.75091232340185,-0.3990750112359503,-0.0977653135672873,0.301309697668663,3,Medido con incertidumbre
327.30256559488754,-0.4006626924606408,-0.0982505116060237,0.3024121808546171,2,Medido con incertidumbre
327.8551502220955,-0.4022503736853314,-0.0987357096447602,0.3035146640405712,2,Medido con incertidumbre
328.4086677774327,-0.4038380549100219,-0.0992209076834966,0.3046171472265253,2,Medido con incertidumbre
328.9631198359609,-0.4054257361347116,-0.0997061057222328,0.3057196304124788,2,Medido con incertidumbre
329.51850797540106,-0.4070134173594021,-0.1001913037609692,0.3068221135984329,2,Medido con incertidumbre
330.0748337761376,-0.4086010985840926,-0.1006765017997056,0.307924596784387,3,Medido con incertidumbre
330.63209882122334,-0.4101887798087832,-0.101161699838442,0.3090270799703412,3,Medido con incertidumbre
331.1903046963837,-0.4117764610334737,-0.1016468978771785,0.3101295631562952,3,Medido con incertidumbre
331.7494529900211,-0.4133641422581642,-0.1021320959159149,0.3112320463422493,3,Medido con incertidumbre
332.30954529322,-0.4149518234828539,-0.1026172939546511,0.31233452952820284,3,Medido con incertidumbre
332.8705831997507,-0.4165395047075445,-0.1031024919933875,0.31343701271415697,3,Medido con incertidumbre
333.4325683060746,-0.4181271859322349,-0.1035876900321239,0.314539495900111,3,Medido con incertidumbre
333.99550221134825,-0.4197148671569255,-0.1040728880708604,0.3156419790860651,3,Medido con incertidumbre
334.559386517428,-0.421302548381616,-0.1045580861095968,0.31674446227201924,3,Medido con incertidumbre
335.1242228288747,-0.4228902296063066,-0.1050432841483332,0.31784694545797343,3,Medido con incertidumbre
335.6900127529581,-0.4244779108309971,-0.1055284821870696,0.3189494286439275,3,Medido con incertidumbre
336.25675789966164,-0.4260655920556868,-0.1060136802258058,0.32005191182988096,3,Medido con incertidumbre
336.82445988168683,-0.4276532732803773,-0.1064988782645423,0.321154395015835,3,Medido con incertidumbre
337.3931203144578,-0.4292409545050679,-0.1069840763032787,0.32225687820178917,3,Medido con incertidumbre
337.96274081612614,-0.4308286357297584,-0.1074692743420151,0.3233593613877433,3,Medido con incertidumbre
338.5333230075753,-0.4324163169544489,-0.1079544723807515,0.32446184457369737,3,Medido con incertidumbre
339.10486851242524,-0.4340039981791395,-0.1084396704194879,0.3255643277596516,3,Medido con incertidumbre
339.6773789570371,-0.4355916794038291,-0.1089248684582241,0.326666810945605,3,Medido con incertidumbre
340.2508559705179,-0.4371793606285197,-0.1094100664969605,0.3277692941315592,3,Medido con incertidumbre
340.8253011847249,-0.4387670418532102,-0.109895264535697,0.3288717773175132,3,Medido con incertidumbre
341.40071623427053,-0.4403547230779007,-0.1103804625744334,0.3299742605034673,3,Medido con incertidumbre
341.97710275652696,-0.4419424043025912,-0.1108656606131698,0.3310767436894214,3,Medido con incertidumbre
342.55446239163064,-0.4435300855272809,-0.111350858651906,0.33217922687537493,3,Medido con incertidumbre
343.1327967824872,-0.4451177667519715,-0.1118360566906424,0.3332817100613291,3,Medido con incertidumbre
343.7121075747758,-0.446705447976662,-0.1123212547293789,0.3343841932472831,3,Medido con incertidumbre
344.2923964169542,-0.4482931292013525,-0.1128064527681153,0.3354866764332372,3,Medido con incertidumbre
344.87366496026306,-0.449880810426043,-0.1132916508068517,0.3365891596191913,3,Medido con incertidumbre
345.455914858731,-0.4514684916507336,-0.1137768488455882,0.3376916428051454,3,Medido con incertidumbre
346.0391477691789,-0.4530561728754233,-0.1142620468843243,0.33879412599109904,3,Medido con incertidumbre
346.6233653512252,-0.4546438541001138,-0.1147472449230607,0.3398966091770531,3,Medido con incertidumbre
347.20856926729,-0.4562315353248043,-0.1152324429617972,0.34099909236300713,3,Medido con incertidumbre
347.79476118260004,-0.4578192165494948,-0.1157176410005336,0.3421015755489612,3,Medido con incertidumbre
348.3819427651937,-0.4597803957838006,-0.1165003847423795,0.3432800110414211,3,Medido con incertidumbre
348.9701156859253,-0.4637810179504662,-0.1189078425807908,0.34487317536967543,3,Medido con incertidumbre
349.5592816184701,-0.4677816401171297,-0.1213153004192007,0.346466339697929,4,Medido con incertidumbre
350.1494422393291,-0.4717822622837954,-0.1237227582576119,0.34805950402618346,4,Medido con incertidumbre
350.7405992278337,-0.475782884450461,-0.1261302160960231,0.3496526683544379,4,Medido con incertidumbre
351.3327542661504,-0.4797835066171266,-0.1285376739344343,0.35124583268269227,4,Medido con incertidumbre
351.9259090392859,-0.4837841287837923,-0.1309451317728455,0.3528389970109468,4,Medido con incertidumbre
352.5200652350916,-0.487784750950458,-0.1333525896112567,0.3544321613392013,4,Medido con incertidumbre
353.1152245442684,-0.4917853731171215,-0.1357600474496667,0.3560253256674548,4,Medido con incertidumbre
353.71138866037177,-0.4957859952837872,-0.1381675052880779,0.35761848999570933,4,Medido con incertidumbre
354.3085592798164,-0.4997866174504528,-0.1405749631264891,0.3592116543239637,4,Medido con incertidumbre
354.9067381018808,-0.5037872396171185,-0.1429824209649003,0.36080481865221814,4,Medido con incertidumbre
355.50592682871275,-0.5077878617837841,-0.1453898788033115,0.3623979829804726,4,Medido con incertidumbre
356.1061271653334,-0.5117884839504496,-0.1477973366417227,0.36399114730872695,4,Medido con incertidumbre
356.70734081964275,-0.5157891061171133,-0.1502047944801326,0.3655843116369807,4,Medido con incertidumbre
357.3095695024241,-0.5197897282837789,-0.1526122523185438,0.3671774759652351,4,Medido con incertidumbre
357.9128149273491,-0.5237903504504445,-0.155019710156955,0.3687706402934895,4,Medido con incertidumbre
358.5170788109826,-0.5277909726171102,-0.1574271679953662,0.37036380462174395,4,Medido con incertidumbre
359.1223628727876,-0.5317915947837758,-0.1598346258337774,0.3719569689499984,4,Medido con incertidumbre
359.7286688351298,-0.5357922169504414,-0.1622420836721886,0.3735501332782528,4,Medido con incertidumbre
360.3359984232831,-0.539792839117105,-0.1646495415105986,0.37514329760650633,4,Medido con incertidumbre
360.9443533654341,-0.5437934612837706,-0.1670569993490097,0.3767364619347609,4,Medido con incertidumbre
361.55373539268686,-0.5477940834504363,-0.169464457187421,0.37832962626301536,4,Medido con incertidumbre
362.1641462390684,-0.551794705617102,-0.1718719150258322,0.37992279059126977,4,Medido con incertidumbre
362.775587641533,-0.5557953277837676,-0.1742793728642434,0.3815159549195242,4,Medido con incertidumbre
363.3880613399676,-0.5597959499504332,-0.1766868307026546,0.3831091192477787,4,Medido con incertidumbre
364.0015690771966,-0.5637965721170968,-0.1790942885410645,0.3847022835760323,4,Medido con incertidumbre
364.6161125989868,-0.5677971942837624,-0.1815017463794757,0.3862954479042867,4,Medido con incertidumbre
365.2316936540522,-0.571797816450428,-0.1839092042178869,0.3878886122325411,4,Medido con incertidumbre
365.8483139940594,-0.5757984386170937,-0.1863166620562981,0.3894817765607956,4,Medido con incertidumbre
366.46597537363226,-0.5797990607837593,-0.1887241198947093,0.39107494088905004,4,Medido con incertidumbre
367.0846795503568,-0.583799682950425,-0.1911315777331205,0.39266810521730444,4,Medido con incertidumbre
367.70442828478673,-0.5878003051170885,-0.1935390355715305,0.39426126954555796,4,Medido con incertidumbre
368.3252233404477,-0.5918009272837541,-0.1959464934099417,0.3958544338738124,4,Medido con incertidumbre
368.947066483843,-0.5958015494504197,-0.1983539512483529,0.3974475982020669,4,Medido con incertidumbre
369.5699594844582,-0.5998021716170854,-0.2007614090867641,0.3990407625303213,4,Medido con incertidumbre
370.1939041147662,-0.603802793783751,-0.2031688669251753,0.4006339268585757,3,Medido con incertidumbre
370.8189021502327,-0.6078034159504168,-0.2055763247635865,0.40222709118683025,3,Medido con incertidumbre
371.4449553693203,-0.6118040381170802,-0.2079837826019964,0.40382025551508377,3,Medido con incertidumbre
372.07206555349495,-0.6158046602837458,-0.2103912404404076,0.40541341984333823,3,Medido con incertidumbre
372.7002344872296,-0.6198052824504116,-0.2127986982788188,0.40700658417159274,3,Medido con incertidumbre
373.3294639580104,-0.6238059046170772,-0.21520615611723,0.40859974849984715,3,Medido con incertidumbre
373.9597557563408,-0.6278065267837428,-0.2176136139556412,0.41019291282810166,3,Medido con incertidumbre
374.59111167574775,-0.6318071489504083,-0.2200210717940524,0.41178607715635596,4,Medido con incertidumbre
375.2235335127857,-0.635807771117072,-0.2224285296324624,0.4133792414846096,4,Medido con incertidumbre
375.8570230670425,-0.6402307461500775,-0.2251859380086397,0.41504480814143774,4,Medido con incertidumbre
376.4915821411442,-0.6461966543431731,-0.2292217804434992,0.4169748738996739,4,Medido con incertidumbre
377.1272125407601,-0.6521625625362688,-0.2332576228783586,0.4189049396579102,4,Medido con incertidumbre
377.7639160746082,-0.6581284707293645,-0.2372934653132181,0.42083500541614643,4,Medido con incertidumbre
378.40169455446,-0.6640943789224603,-0.2413293077480776,0.42276507117438267,4,Medido con incertidumbre
379.04054979514586,-0.6700602871155529,-0.2453651501829349,0.42469513693261796,4,Medido con incertidumbre
379.6804836145602,-0.6760261953086485,-0.2494009926177944,0.42662520269085413,4,Medido con incertidumbre
380.3214978336665,-0.6819921035017442,-0.2534368350526539,0.4285552684490903,4,Medido con incertidumbre
380.9635942765025,-0.6879580116948399,-0.2574726774875133,0.43048533420732665,4,Medido con incertidumbre
381.6067747701857,-0.6939239198879357,-0.2615085199223728,0.4324153999655629,4,Medido con incertidumbre
382.251041144918,-0.6998898280810314,-0.2655443623572323,0.4343454657237991,4,Medido con incertidumbre
382.89639523399154,-0.7058557362741239,-0.2695802047920896,0.4362755314820343,4,Medido con incertidumbre
383.5428388737934,-0.7118216444672196,-0.2736160472269491,0.43820559724027053,4,Medido con incertidumbre
384.1903739038111,-0.7177875526603154,-0.2776518896618086,0.44013566299850676,4,Medido con incertidumbre
384.8390021666378,-0.7237534608534111,-0.2816877320966681,0.442065728756743,4,Medido con incertidumbre
385.4887255079774,-0.7297193690465068,-0.2857235745315275,0.4439957945149793,4,Medido con incertidumbre
386.13954577665,-0.7356852772396025,-0.2897594169663869,0.4459258602732156,4,Medido con incertidumbre
386.79146482459697,-0.741651185432695,-0.2937952594012443,0.44785592603145075,4,Medido con incertidumbre
387.4444845068865,-0.7476170936257909,-0.2978311018361038,0.4497859917896871,4,Medido con incertidumbre
388.0986066817185,-0.7535830018188865,-0.3018669442709633,0.4517160575479232,4,Medido con incertidumbre
388.7538332104301,-0.7595489100119822,-0.3059027867058227,0.4536461233061595,4,Medido con incertidumbre
389.410165957501,-0.7655148182050779,-0.3099386291406822,0.45557618906439573,4,Medido con incertidumbre
390.0676067905586,-0.7714807263981738,-0.3139744715755417,0.4575062548226321,4,Medido con incertidumbre
390.7261575803837,-0.7774466345912663,-0.318010314010399,0.4594363205808673,4,Medido con incertidumbre
391.385820200915,-0.7834125427843619,-0.3220461564452584,0.4613663863391035,4,Medido con incertidumbre
392.04659652925545,-0.7893784509774577,-0.3260819988801179,0.46329645209733983,4,Medido con incertidumbre
392.70848844567695,-0.7953443591705533,-0.3301178413149774,0.46522651785557595,3,Medido con incertidumbre
393.37149783362577,-0.8013102673636491,-0.3341536837498369,0.4671565836138122,3,Medido con incertidumbre
394.03562657972816,-0.8072761755567448,-0.3381895261846963,0.4690866493720485,3,Medido con incertidumbre
394.7008765737955,-0.8132420837498374,-0.3422253686195537,0.4710167151302837,3,Medido con incertidumbre
395.3672497088296,-0.819207991942933,-0.3462612110544132,0.4729467808885198,3,Medido con incertidumbre
396.03474788102847,-0.8251739001360288,-0.3502970534892726,0.47487684664675617,3,Medido con incertidumbre
396.7033729897913,-0.8311398083291246,-0.3543328959241321,0.4768069124049925,3,Medido con incertidumbre
397.37312693772407,-0.8371057165222203,-0.3583687383589916,0.47873697816322874,3,Medido con incertidumbre
398.04401163064495,-0.843071624715316,-0.362404580793851,0.48066704392146503,3,Medido con incertidumbre
398.7160289775897,-0.8490375329084086,-0.3664404232287084,0.48259710967970015,3,Medido con incertidumbre
399.389180890817,-0.8550034411015043,-0.3704762656635678,0.4845271754379365,3,Medido con incertidumbre
400.0634692858142,-0.8609693492946,-0.3745121080984274,0.4864572411961726,3,Medido con incertidumbre
400.7388960813024,-0.8669352574876957,-0.3785479505332867,0.488387306954409,3,Medido con incertidumbre
401.4154631992421,-0.8729011656807913,-0.3825837929681463,0.490317372712645,3,Medido con incertidumbre
402.0931725648388,-0.878867073873884,-0.3866196354030036,0.49224743847088037,3,Medido con incertidumbre
402.772026106548,-0.8848329820669797,-0.3906554778378631,0.4941775042291166,3,Medido con incertidumbre
403.45202575608135,-0.8907988902600753,-0.3946913202727226,0.4961075699873527,3,Medido con incertidumbre
404.1331734484115,-0.896764798453171,-0.398727162707582,0.498037635745589,3,Medido con incertidumbre
404.8154711217783,-0.9027307066462668,-0.4027630051424415,0.49996770150382525,3,Medido con incertidumbre
405.4989207176935,-0.9090564891286436,-0.4071586927367234,0.5018977963919202,3,Medido con incertidumbre
406.183524180947,-0.9163309188499144,-0.4125029507820862,0.5038279680678281,3,Medido con incertidumbre
406.869283459612,-0.9236053485711816,-0.4178472088274462,0.5057581397437354,3,Medido con incertidumbre
407.5562005050505,-0.9308797782924524,-0.423191466872809,0.5076883114196433,4,Medido con incertidumbre
408.24427727191926,-0.9381542080137236,-0.4285357249181719,0.5096184830955517,4,Medido con incertidumbre
408.9335157181748,-0.9454286377349944,-0.4338799829635347,0.5115486547714597,4,Medido con incertidumbre
409.6239178050795,-0.9527030674562654,-0.4392242410088975,0.513478826447368,4,Medido con incertidumbre
410.31548549720674,-0.9599774971775364,-0.4445684990542603,0.5154089981232761,4,Medido con incertidumbre
411.0082207624468,-0.9672519268988036,-0.4499127570996203,0.5173391697991833,4,Medido con incertidumbre
411.7021255720123,-0.9745263566200746,-0.4552570151449832,0.5192693414750914,4,Medido con incertidumbre
412.3972019004439,-0.9818007863413456,-0.460601273190346,0.5211995131509997,4,Medido con incertidumbre
413.0934517256158,-0.9890752160626164,-0.4659455312357088,0.5231296848269076,4,Medido con incertidumbre
413.79087702874153,-0.9963496457838876,-0.4712897892810716,0.525059856502816,4,Medido con incertidumbre
414.48947979437946,-1.0036240755051584,-0.4766340473264344,0.5269900281787241,4,Medido con incertidumbre
415.1892620104385,-1.0108985052264257,-0.4819783053717944,0.5289201998546312,4,Medido con incertidumbre
415.8902256681837,-1.0181729349476965,-0.4873225634171573,0.5308503715305392,6,Medido robustamente
416.592372762242,-1.0254473646689677,-0.49266682146252,0.5327805432064476,6,Medido robustamente
417.295705290608,-1.0327217943902385,-0.4980110795078829,0.5347107148823556,6,Medido robustamente
418.0002252546491,-1.0399962241115095,-0.5033553375532458,0.5366408865582637,6,Medido robustamente
418.7059346591121,-1.0472706538327765,-0.5086995955986058,0.5385710582341707,6,Medido robustamente
419.41283551212814,-1.0545450835540475,-0.5140438536439685,0.540501229910079,6,Medido robustamente
420.1209298252187,-1.0618195132753183,-0.5193881116893313,0.542431401585987,6,Medido robustamente
420.83021961330144,-1.0690939429965896,-0.5247323697346942,0.5443615732618954,5,Medido robustamente
421.5407068946956,-1.0763683727178606,-0.530076627780057,0.5462917449378035,5,Medido robustamente
422.2523936911282,-1.0836428024391314,-0.5354208858254198,0.5482219166137116,5,Medido robustamente
422.9652820277393,-1.0909172321603986,-0.5407651438707799,0.5501520882896187,5,Medido robustamente
423.6793739330881,-1.0981916618816696,-0.5461094019161427,0.552082259965527,5,Medido robustamente
424.3946714391586,-1.1054660916029406,-0.5514536599615054,0.5540124316414352,5,Medido robustamente
425.1111765813656,-1.1127405213242114,-0.5567979180068683,0.5559426033173431,5,Medido robustamente
425.8288913985598,-1.1200149510454824,-0.5621421760522312,0.5578727749932513,5,Medido robustamente
426.5478179330346,-1.1272893807667534,-0.567486434097594,0.5598029466691594,5,Medido robustamente
427.2679582305312,-1.1345638104880245,-0.5728306921429568,0.5617331183450677,5,Medido robustamente
427.9893143402445,-1.1418382402092917,-0.5781749501883168,0.5636632900209749,5,Medido robustamente
428.71188831482925,-1.1491126699305625,-0.5835192082336795,0.565593461696883,5,Medido robustamente
429.4356822104057,-1.1563870996518335,-0.5888634662790424,0.5675236333727911,5,Medido robustamente
430.1606980865652,-1.1636615293731043,-0.5942077243244052,0.5694538050486991,5,Medido robustamente
430.8869380063765,-1.1709359590943755,-0.599551982369768,0.5713839767246075,5,Medido robustamente
431.6144040363915,-1.1782103888156463,-0.6048962404151308,0.5733141484005155,5,Medido robustamente
432.34309824665087,-1.1854848185369136,-0.6102404984604909,0.5752443200764227,5,Medido robustamente
433.0730227106902,-1.1927592482581846,-0.6155847565058538,0.5771744917523308,5,Medido robustamente
433.8041795055459,-1.2000336779794556,-0.6209290145512165,0.5791046634282391,5,Medido robustamente
434.536570711761,-1.2073081077007266,-0.6262732725965794,0.5810348351041472,5,Medido robustamente
435.270198413391,-1.2145825374219974,-0.6316175306419421,0.5829650067800553,5,Medido robustamente
436.00506469801,-1.2218569671432646,-0.6369617886873021,0.5848951784559625,5,Medido robustamente
436.7411716567167,-1.2291313968645357,-0.6423060467326649,0.5868253501318708,5,Medido robustamente
437.4785213841398,-1.2362348328531096,-0.6475269719304086,0.588707860922701,5,Medido robustamente
438.2171159784448,-1.2429990476869022,-0.652503226692973,0.5904958209939292,4,Medido con incertidumbre
438.9569575413393,-1.2497632625206945,-0.6574794814555374,0.5922837810651571,4,Medido con incertidumbre
439.6980481780792,-1.2565274773544872,-0.6624557362181018,0.5940717411363854,4,Medido con incertidumbre
440.4403899974748,-1.2632916921882795,-0.6674319909806663,0.5958597012076132,4,Medido con incertidumbre
441.18398511189656,-1.2700559070220687,-0.6724082457432282,0.5976476612788405,4,Medido con incertidumbre
441.9288356372819,-1.2768201218558646,-0.6773845005057952,0.5994356213500693,4,Medido con incertidumbre
442.6749436931392,-1.283584336689657,-0.6823607552683597,0.6012235814212974,4,Medido con incertidumbre
443.42231140255615,-1.2903485515234498,-0.6873370100309242,0.6030115414925257,4,Medido con incertidumbre
444.17094089220507,-1.2971127663572424,-0.6923132647934886,0.6047995015637537,4,Medido con incertidumbre
444.92083429234816,-1.303876981191035,-0.697289519556053,0.6065874616349819,4,Medido con incertidumbre
445.67199373684457,-1.3106411960248272,-0.7022657743186174,0.6083754217062098,4,Medido con incertidumbre
446.42442136315566,-1.3174054108586164,-0.7072420290811793,0.6101633817774371,4,Medido con incertidumbre
447.1781193123518,-1.324169625692409,-0.7122182838437437,0.6119513418486652,4,Medido con incertidumbre
447.9330897291178,-1.3309338405262017,-0.7171945386063081,0.6137393019198936,4,Medido con incertidumbre
448.68933476175965,-1.337698055359994,-0.7221707933688726,0.6155272619911214,4,Medido con incertidumbre
449.4468565622102,-1.3444622701937865,-0.727147048131437,0.6173152220623495,4,Medido con incertidumbre
450.20565728603526,-1.3512264850275757,-0.7321233028939989,0.6191031821335768,4,Medido con incertidumbre
450.9657390924402,-1.357990699861368,-0.7370995576565633,0.6208911422048047,4,Medido con incertidumbre
451.7271041442754,-1.3647549146951603,-0.7420758124191278,0.6226791022760325,4,Medido con incertidumbre
452.4897546080431,-1.371519129528953,-0.7470520671816923,0.6244670623472608,4,Medido con incertidumbre
453.25369265390304,-1.3782833443627454,-0.7520283219442566,0.6262550224184887,4,Medido con incertidumbre
454.0189204556789,-1.385047559196538,-0.7570045767068211,0.628042982489717,4,Medido con incertidumbre
454.7854401908645,-1.391811774030327,-0.7619808314693829,0.6298309425609442,4,Medido con incertidumbre
455.5532540406298,-1.3985759888641196,-0.7669570862319472,0.6316189026321724,4,Medido con incertidumbre
456.32236418982734,-1.405340203697912,-0.7719333409945117,0.6334068627034002,4,Medido con incertidumbre
457.0927728269982,-1.4121044185317049,-0.7769095957570762,0.6351948227746287,4,Medido con incertidumbre
457.8644821443785,-1.418868633365497,-0.7818858505196407,0.6369827828458563,3,Medido con incertidumbre
458.6374943379055,-1.4256328481992897,-0.7868621052822051,0.6387707429170846,3,Medido con incertidumbre
459.4118116072238,-1.4323970630330822,-0.7918383600447696,0.6405587029883126,3,Medido con incertidumbre
460.18743615569167,-1.4391612778668712,-0.7968146148073314,0.6423466630595398,3,Medido con incertidumbre
460.9643701903873,-1.4459254927006635,-0.8017908695698959,0.6441346231307676,3,Medido con incertidumbre
461.7426159221152,-1.452689707534456,-0.8067671243324603,0.6459225832019957,3,Medido con incertidumbre
462.52217556541217,-1.4594539223682488,-0.8117433790950247,0.6477105432732241,3,Medido con incertidumbre
463.3030513385541,-1.466218137202041,-0.8167196338575892,0.6494985033444519,3,Medido con incertidumbre
464.0852454635616,-1.4729823520358305,-0.8216958886201509,0.6512864634156796,3,Medido con incertidumbre
464.8687601662072,-1.4797465668696226,-0.8266721433827154,0.6530744234869071,3,Medido con incertidumbre
465.65359767602064,-1.486510781703415,-0.8316483981452799,0.6548623835581352,4,Medido con incertidumbre
466.4397602262963,-1.4932749965372076,-0.8366246529078444,0.6566503436293633,4,Medido con incertidumbre
467.2272500540988,-1.5000392113710002,-0.8416009076704087,0.6584383037005914,5,Medido robustamente
468.01606940026943,-1.506803426204793,-0.8465771624329732,0.6602262637718197,5,Medido robustamente
468.806220509433,-1.5135676410385817,-0.851553417195535,0.6620142238430466,5,Medido robustamente
469.5977056300037,-1.5203318558723742,-0.8565296719580995,0.6638021839142747,5,Medido robustamente
470.39052701419183,-1.5270960707061667,-0.861505926720664,0.6655901439855028,5,Medido robustamente
471.1846869180101,-1.5338602855399592,-0.8664821814832283,0.6673781040567309,5,Medido robustamente
471.9801876012799,-1.5396152545027395,-0.8705479718515958,0.6690672826511437,5,Medido robustamente
472.7770313276379,-1.54382608198717,-0.8732207559407,0.67060532604647,5,Medido robustamente
473.5752203645428,-1.5480369094715982,-0.8758935400298027,0.6721433694417955,5,Medido robustamente
474.3747569832809,-1.5522477369560288,-0.878566324118907,0.6736814128371218,5,Medido robustamente
475.1756434589736,-1.5564585644404592,-0.8812391082080111,0.6752194562324481,5,Medido robustamente
475.9778820705831,-1.5606693919248895,-0.8839118922971153,0.6767574996277742,5,Medido robustamente
476.78147510091935,-1.56488021940932,-0.8865846763862195,0.6782955430231006,5,Medido robustamente
477.5864248366461,-1.5690910468937502,-0.8892574604753237,0.6798335864184265,3,Medido con incertidumbre
478.392733568288,-1.5733018743781786,-0.8919302445644264,0.6813716298137522,3,Medido con incertidumbre
479.2004035902365,-1.5775127018626087,-0.8946030286535306,0.6829096732090781,3,Medido con incertidumbre
480.0094372007569,-1.5817235293470393,-0.8972758127426349,0.6844477166044044,3,Medido con incertidumbre
480.8198367019944,-1.58593435683147,-0.8999485968317391,0.685985759999731,3,Medido con incertidumbre
481.6316043999813,-1.5901451843159,-0.9026213809208432,0.6875238033950568,3,Medido con incertidumbre
482.4447426046428,-1.5943560118003304,-0.9052941650099472,0.6890618467903832,3,Medido con incertidumbre
483.25925362980416,-1.5985668392847607,-0.9079669490990516,0.6905998901857091,3,Medido con incertidumbre
484.0751397931969,-1.602777666769189,-0.9106397331881544,0.6921379335810347,5,Medido robustamente
484.8924034164657,-1.6069884942536197,-0.9133125172772584,0.6936759769763613,5,Medido robustamente
485.7110468251749,-1.61119932173805,-0.9159853013663628,0.6952140203716872,5,Medido robustamente
486.5310723488149,-1.6154101492224802,-0.9186580854554668,0.6967520637670134,5,Medido robustamente
487.3524823208092,-1.6196209767069107,-0.9213308695445712,0.6982901071623395,5,Medido robustamente
488.1752790785207,-1.6238318041913389,-0.924003653633674,0.6998281505576649,5,Medido robustamente
488.9994649632584,-1.6280426316757692,-0.926676437722778,0.7013661939529913,5,Medido robustamente
489.8250423202842,-1.6322534591601996,-0.9293492218118822,0.7029042373483174,5,Medido robustamente
490.65201349881966,-1.63646428664463,-0.9320220059009864,0.7044422807436436,5,Medido robustamente
491.4803808520522,-1.6406751141290603,-0.9346947899900906,0.7059803241389697,5,Medido robustamente
492.3101467371425,-1.6448859416134909,-0.9373675740791948,0.7075183675342961,5,Medido robustamente
493.14131351523054,-1.6490967690979217,-0.940040358168299,0.7090564109296227,5,Medido robustamente
493.9738835514426,-1.6533075965823496,-0.9427131422574018,0.7105944543249478,5,Medido robustamente
494.8078592148983,-1.65751842406678,-0.945385926346506,0.712132497720274,5,Medido robustamente
495.6432428787168,-1.6617292515512103,-0.9480587104356102,0.7136705411156001,5,Medido robustamente
496.4800369200237,-1.665940079035641,-0.9507314945247144,0.7152085845109265,5,Medido robustamente
497.31824371995816,-1.670150906520071,-0.9534042786138184,0.7167466279062527,5,Medido robustamente
498.1578656636793,-1.6743617340044994,-0.9560770627029213,0.7182846713015781,5,Medido robustamente
498.9989051403732,-1.6785725614889295,-0.9587498467920256,0.719822714696904,5,Medido robustamente
499.8413645432593,-1.68278338897336,-0.9614226308811296,0.7213607580922305,5,Medido robustamente
500.6852462695979,-1.686994216457791,-0.964095414970234,0.7228988014875569,5,Medido robustamente
501.5305527206963,-1.691205043942221,-0.966768199059338,0.7244368448828831,5,Medido robustamente
502.377286301916,-1.6954158714266514,-0.9694409831484422,0.7259748882782092,5,Medido robustamente
503.2254494226796,-1.6996266989110795,-0.972113767237545,0.7275129316735346,5,Medido robustamente
504.07504449647735,-1.70383752639551,-0.9747865513266492,0.7290509750688607,5,Medido robustamente
504.9260739408743,-1.7080483538799405,-0.9774593354157534,0.7305890184641871,5,Medido robustamente
505.7785401775171,-1.7122591813643706,-0.9801321195048576,0.732127061859513,5,Medido robustamente
506.6324456321407,-1.716470008848801,-0.9828049035939616,0.7336651052548394,5,Medido robustamente
507.4877927345755,-1.7206808363332315,-0.985477687683066,0.7352031486501656,5,Medido robustamente
508.3445839187544,-1.7248916638176597,-0.9881504717721687,0.7367411920454909,5,Medido robustamente
509.2028216227192,-1.7269375691405495,-0.9889753251219252,0.7379622440186243,5,Medido robustamente
510.06250828862784,-1.7263942407778627,-0.9875900645914084,0.7388041761864543,5,Medido robustamente
510.92364636276216,-1.7258509124151753,-0.9862048040608908,0.7396461083542845,5,Medido robustamente
511.7862382955322,-1.7253075840524883,-0.9848195435303742,0.7404880405221141,5,Medido robustamente
512.6502865414868,-1.7247642556898015,-0.9834342829998572,0.7413299726899443,5,Medido robustamente
513.5157935593181,-1.724220927327115,-0.9820490224693406,0.7421719048577744,5,Medido robustamente
514.3827618118695,-1.7236775989644275,-0.980663761938824,0.7430138370256035,5,Medido robustamente
515.2511937661421,-1.7231342706017414,-0.979278501408308,0.7438557691934334,5,Medido robustamente
516.1210918933023,-1.7225909422390544,-0.977893240877791,0.7446977013612635,5,Medido robustamente
516.9924586686884,-1.7220476138763676,-0.9765079803472744,0.7455396335290932,5,Medido robustamente
517.8652965718179,-1.7215042855136806,-0.9751227198167574,0.7463815656969233,5,Medido robustamente
518.7396080863946,-1.7209609571509938,-0.9737374592862408,0.7472234978647531,5,Medido robustamente
519.615395700315,-1.720417628788307,-0.9723521987557248,0.7480654300325823,6,Medido robustamente
520.4926619056768,-1.71987430042562,-0.970966938225208,0.7489073622004121,6,Medido robustamente
521.3714091987842,-1.7193309720629335,-0.9695816776946912,0.7497492943682423,6,Medido robustamente
522.2516400801564,-1.7187876437002465,-0.9681964171641744,0.7505912265360721,6,Medido robustamente
523.1333570545344,-1.7182443153375595,-0.9668111566336576,0.7514331587039019,6,Medido robustamente
524.0165626308873,-1.7177009869748727,-0.9654258961031408,0.7522750908717319,6,Medido robustamente
524.9012593224206,-1.717157658612186,-0.9640406355726248,0.7531170230395612,6,Medido robustamente
525.7874496465829,-1.7166143302494992,-0.9626553750421082,0.753958955207391,6,Medido robustamente
526.6751361250726,-1.7160710018868122,-0.9612701145115914,0.7548008873752208,6,Medido robustamente
527.5643212838459,-1.7155276735241254,-0.9598848539810744,0.755642819543051,6,Medido robustamente
528.4550076531231,-1.7149843451614386,-0.9584995934505578,0.7564847517108808,6,Medido robustamente
529.3471977673968,-1.7144410167987516,-0.9571143329200412,0.7573266838787104,6,Medido robustamente
530.2408941654382,-1.713897688436065,-0.9557290723895252,0.7581686160465398,6,Medido robustamente
531.1360993903049,-1.713354360073378,-0.9543438118590082,0.7590105482143699,6,Medido robustamente
532.0328159893479,-1.7128110317106913,-0.9529585513284916,0.7598524803821997,6,Medido robustamente
532.9310465142187,-1.7122677033480045,-0.9515732907979748,0.7606944125500297,6,Medido robustamente
533.8307935208771,-1.7117243749853177,-0.950188030267458,0.7615363447178597,6,Medido robustamente
534.7320595695978,-1.7111810466226307,-0.9488027697369412,0.7623782768856895,6,Medido robustamente
535.6348472249782,-1.710637718259944,-0.9474175092064252,0.7632202090535187,6,Medido robustamente
536.5391590559456,-1.7100943898972571,-0.9460322486759084,0.7640621412213487,6,Medido robustamente
537.4449976357639,-1.70955106153457,-0.9446469881453916,0.7649040733891783,6,Medido robustamente
538.3523655420422,-1.7090077331718834,-0.9432617276148748,0.7657460055570086,6,Medido robustamente
539.2612653567409,-1.7084644048091966,-0.9418764670843582,0.7665879377248384,6,Medido robustamente
540.1716996661794,-1.7079210764465098,-0.9404912065538414,0.7674298698926684,6,Medido robustamente
541.0836710610439,-1.707377748083823,-0.9391059460233254,0.7682718020604976,6,Medido robustamente
541.9971821363945,-1.706834419721136,-0.9377206854928088,0.7691137342283272,6,Medido robustamente
542.9122354916722,-1.7062910913584493,-0.936335424962292,0.7699556663961572,5,Medido robustamente
543.8288337307068,-1.7057477629957625,-0.9349501644317753,0.7707975985639872,5,Medido robustamente
544.7469794617243,-1.7052044346330757,-0.9335649039012583,0.7716395307318173,6,Medido robustamente
545.666675297354,-1.7046611062703887,-0.9321796433707416,0.7724814628996471,6,Medido robustamente
546.587923854636,-1.704117777907702,-0.9307943828402256,0.7733233950674763,6,Medido robustamente
547.5107277550289,-1.7035744495450151,-0.9294091223097088,0.7741653272353063,6,Medido robustamente
548.4350896244172,-1.703031121182328,-0.928023861779192,0.7750072594031359,6,Medido robustamente
549.3610120931185,-1.7005931640408742,-0.9254263579073324,0.7751668061335418,8,Medido robustamente
550.2884977958911,-1.6963744539405643,-0.9216894720408872,0.774684981899677,8,Medido robustamente
551.2175493719418,-1.6921557438402544,-0.917952586174442,0.7742031576658124,8,Medido robustamente
552.148169464933,-1.6879370337399466,-0.9142157003079988,0.7737213334319478,8,Medido robustamente
553.0803607229905,-1.683718323639637,-0.9104788144415538,0.7732395091980832,8,Medido robustamente
554.0141257987108,-1.6794996135393268,-0.9067419285751086,0.7727576849642182,8,Medido robustamente
554.9494673491688,-1.6752809034390168,-0.9030050427086634,0.7722758607303534,8,Medido robustamente
555.8863880359255,-1.6710621933387069,-0.8992681568422183,0.7717940364964886,8,Medido robustamente
556.8248905250352,-1.666843483238397,-0.8955312709757731,0.7713122122626238,8,Medido robustamente
557.7649774870536,-1.662624773138089,-0.89179438510933,0.770830388028759,8,Medido robustamente
558.7066515970445,-1.6584060630377793,-0.8880574992428849,0.7703485637948944,8,Medido robustamente
559.6499155345887,-1.654187352937469,-0.8843206133764397,0.7698667395610294,8,Medido robustamente
560.5947719837906,-1.6499686428371592,-0.8805837275099945,0.7693849153271647,8,Medido robustamente
561.5412236332861,-1.6457499327368492,-0.8768468416435494,0.7689030910932998,8,Medido robustamente
562.4892731762504,-1.6415312226365395,-0.8731099557771043,0.7684212668594352,8,Medido robustamente
563.4389233104058,-1.6373125125362311,-0.8693730699106611,0.76793944262557,8,Medido robustamente
564.3901767380288,-1.6330938024359214,-0.8656361840442159,0.7674576183917055,8,Medido robustamente
565.3430361659583,-1.6288750923356117,-0.8618992981777709,0.7669757941578408,8,Medido robustamente
566.2975043056033,-1.6246563822353015,-0.8581624123113257,0.7664939699239758,8,Medido robustamente
567.2535838729502,-1.6204376721349916,-0.8544255264448806,0.766012145690111,8,Medido robustamente
568.2112775885711,-1.6162189620346816,-0.8506886405784353,0.7655303214562463,8,Medido robustamente
569.170588177631,-1.612000251934374,-0.8469517547119922,0.7650484972223817,8,Medido robustamente
570.1315183698957,-1.607781541834064,-0.8432148688455472,0.7645666729885168,8,Medido robustamente
571.0940708997402,-1.603562831733754,-0.8394779829791019,0.7640848487546521,8,Medido robustamente
572.0582485061553,-1.599344121633444,-0.8357410971126569,0.7636030245207872,8,Medido robustamente
573.0240539327565,-1.595125411533134,-0.8320042112462116,0.7631212002869223,8,Medido robustamente
573.9914899277909,-1.590906701432824,-0.8282673253797666,0.7626393760530574,8,Medido robustamente
574.9605592441459,-1.5866879913325165,-0.8245304395133234,0.7621575518191931,8,Medido robustamente
575.9312646393564,-1.5824692812322063,-0.8207935536468782,0.7616757275853281,8,Medido robustamente
576.9036088756129,-1.5782505711318962,-0.8170566677804331,0.7611939033514631,8,Medido robustamente
577.8775947197691,-1.5740318610315862,-0.8133197819139879,0.7607120791175983,8,Medido robustamente
578.8532249433505,-1.5698131509312765,-0.8095828960475429,0.7602302548837336,8,Medido robustamente
579.830502322561,-1.5655944408309663,-0.8058460101810976,0.7597484306498687,8,Medido robustamente
580.809429638292,-1.5613757307306586,-0.8021091243146544,0.7592666064160042,8,Medido robustamente
581.7900096761301,-1.5571570206303489,-0.7983722384482094,0.7587847821821395,8,Medido robustamente
582.7722452263645,-1.5529383105300387,-0.7946353525817642,0.7583029579482745,8,Medido robustamente
583.7561390839951,-1.5487196004297288,-0.790898466715319,0.7578211337144097,8,Medido robustamente
584.7416940487409,-1.5445008903294186,-0.787161580848874,0.7573393094805446,8,Medido robustamente
585.7289129250476,-1.540282180229109,-0.7834246949824287,0.7568574852466802,8,Medido robustamente
586.7177985220954,-1.536063470128801,-0.7796878091159856,0.7563756610128154,8,Medido robustamente
587.7083536538076,-1.531844760028491,-0.7759509232495405,0.7558938367789505,8,Medido robustamente
588.7005811388582,-1.5276260499281809,-0.7722140373830952,0.7554120125450856,8,Medido robustamente
589.6944838006796,-1.5234073398278711,-0.7684771515166502,0.7549301883112209,8,Medido robustamente
590.6900644674712,-1.519188629727561,-0.7647402656502051,0.7544483640773558,8,Medido robustamente
591.6873259722075,-1.514969919627251,-0.7610033797837599,0.7539665398434912,8,Medido robustamente
592.6862711526455,-1.5097211050241437,-0.7565655408136385,0.7531555642105052,8,Medido robustamente
593.6869028513336,-1.5037128033927667,-0.7516108952591146,0.7521019081336521,8,Medido robustamente
594.6892239156188,-1.4977045017613897,-0.7466562497045908,0.7510482520567989,8,Medido robustamente
595.6932371976555,-1.4916962001300127,-0.7417016041500669,0.7499945959799458,8,Medido robustamente
596.6989455544137,-1.4856878984986357,-0.7367469585955431,0.7489409399030926,8,Medido robustamente
597.7063518476864,-1.4796795968672587,-0.7317923130410191,0.7478872838262396,8,Medido robustamente
598.7154589440981,-1.473671295235885,-0.7268376674864979,0.7468336277493871,8,Medido robustamente
599.7262697151135,-1.4676629936045076,-0.7218830219319741,0.7457799716725335,8,Medido robustamente
600.7387870370446,-1.4616546919731308,-0.7169283763774502,0.7447263155956806,8,Medido robustamente
601.7530137910601,-1.4556463903417538,-0.7119737308229264,0.7436726595188274,8,Medido robustamente
602.7689528631925,-1.4496380887103766,-0.7070190852684024,0.7426190034419742,8,Medido robustamente
603.7866071443467,-1.443629787079003,-0.7020644397138812,0.7415653473651217,8,Medido robustamente
604.805979530309,-1.437621485447626,-0.6971097941593574,0.7405116912882685,8,Medido robustamente
605.8270729217538,-1.431613183816249,-0.6921551486048336,0.7394580352114153,8,Medido robustamente
606.8498902242534,-1.425604882184872,-0.6872005030503096,0.7384043791345624,8,Medido robustamente
607.8744343482851,-1.4195965805534947,-0.6822458574957857,0.737350723057709,8,Medido robustamente
608.9007082092403,-1.4135882789221177,-0.6772912119412619,0.7362970669808558,8,Medido robustamente
609.9287147274322,-1.407579977290741,-0.672336566386738,0.7352434109040029,8,Medido robustamente
610.9584568281044,-1.401571675659367,-0.6673819208322168,0.7341897548271502,8,Medido robustamente
611.9899374414393,-1.39556337402799,-0.6624272752776929,0.7331360987502972,8,Medido robustamente
613.0231595025663,-1.3895550723966128,-0.657472629723169,0.7320824426734438,7,Medido robustamente
614.0581259515701,-1.383546770765236,-0.6525179841686451,0.7310287865965909,7,Medido robustamente
615.0948397334992,-1.3775384691338588,-0.6475633386141213,0.7299751305197375,7,Medido robustamente
616.1333037983741,-1.371530167502482,-0.6426086930595974,0.7289214744428846,7,Medido robustamente
617.173521101196,-1.365521865871108,-0.6376540475050763,0.7278678183660316,4,Medido con incertidumbre
618.2154946019551,-1.3595135642397311,-0.6326994019505523,0.7268141622891788,4,Medido con incertidumbre
619.2592272656386,-1.353505262608354,-0.6277447563960283,0.7257605062123256,4,Medido con incertidumbre
620.3047220622398,-1.3474969609769771,-0.6227901108415046,0.7247068501354725,4,Medido con incertidumbre
621.3519819667661,-1.3414886593456,-0.6178354652869806,0.7236531940586193,4,Medido con incertidumbre
622.4010099592475,-1.3354803577142231,-0.6128808197324569,0.7225995379817662,4,Medido con incertidumbre
623.4518090247454,-1.329472056082849,-0.6079261741779356,0.7215458819049134,4,Medido con incertidumbre
624.5043821533608,-1.323463754451472,-0.6029715286234116,0.7204922258280604,4,Medido con incertidumbre
625.5587323402428,-1.317455452820095,-0.5980168830688879,0.7194385697512071,3,Medido con incertidumbre
626.6148625855975,-1.311447151188718,-0.5930622375143639,0.7183849136743541,3,Medido con incertidumbre
627.6727758946957,-1.305438849557341,-0.5881075919598401,0.7173312575975009,3,Medido con incertidumbre
628.7324752778825,-1.299430547925964,-0.5831529464053162,0.7162776015206478,3,Medido con incertidumbre
629.793963750585,-1.29342224629459,-0.5781983008507949,0.715223945443795,3,Medido con incertidumbre
630.8572443333218,-1.2874139446632131,-0.5732436552962712,0.7141702893669419,3,Medido con incertidumbre
631.9223200517102,-1.281405643031836,-0.5682890097417472,0.7131166332900887,3,Medido con incertidumbre
632.9891939364765,-1.2753973414004591,-0.5633343641872234,0.7120629772132357,3,Medido con incertidumbre
634.057869023463,-1.2693890397690824,-0.5583797186326995,0.7110093211363828,3,Medido con incertidumbre
635.1283483536381,-1.2633807381377051,-0.5534250730781757,0.7099556650595295,3,Medido con incertidumbre
636.2006349731038,-1.2573724365063312,-0.5484704275236544,0.7089020089826769,3,Medido con incertidumbre
637.274731933105,-1.2513641348749542,-0.5435157819691305,0.7078483529058237,3,Medido con incertidumbre
638.3506422900381,-1.2453558332435772,-0.5385611364146067,0.7067946968289706,3,Medido con incertidumbre
639.4283691054594,-1.238520534476587,-0.5328875405218423,0.7056329939547448,3,Medido con incertidumbre
640.5079154460941,-1.2312113619424565,-0.5268019822527924,0.7044093796896641,3,Medido con incertidumbre
641.5892843838452,-1.2239021894083264,-0.5207164239837424,0.703185765424584,3,Medido con incertidumbre
642.6724789958015,-1.2165930168742,-0.5146308657146957,0.7019621511595043,3,Medido con incertidumbre
643.7575023642472,-1.2092838443400695,-0.5085453074456457,0.7007385368944238,3,Medido con incertidumbre
644.8443575766704,-1.2019746718059392,-0.5024597491765957,0.6995149226293434,3,Medido con incertidumbre
645.9330477257714,-1.1946654992718089,-0.4963741909075457,0.6982913083642632,3,Medido con incertidumbre
647.0235759094724,-1.1873563267376783,-0.4902886326384958,0.6970676940991825,3,Medido con incertidumbre
648.1159452309253,-1.1800471542035522,-0.4842030743694491,0.6958440798341031,3,Medido con incertidumbre
649.2101587985214,-1.1727379816694217,-0.4781175161003991,0.6946204655690226,3,Medido con incertidumbre
650.3062197259,-1.1654288091352911,-0.4720319578313491,0.693396851303942,3,Medido con incertidumbre
651.4041311319567,-1.158119636601161,-0.4659463995622992,0.6921732370388618,3,Medido con incertidumbre
652.503896140853,-1.1508104640670307,-0.4598608412932492,0.6909496227737815,3,Medido con incertidumbre
653.6055178820252,-1.1435012915329004,-0.4537752830241993,0.6897260085087011,3,Medido con incertidumbre
654.7089994901924,-1.1361921189987738,-0.4476897247551524,0.6885023942436215,2,Medido con incertidumbre
655.8143441053664,-1.1288829464646437,-0.4416041664861025,0.6872787799785411,2,Medido con incertidumbre
656.9215548728605,-1.1215737739305132,-0.4355186082170525,0.6860551657134606,2,Medido con incertidumbre
658.0306349432979,-1.1142646013963828,-0.4294330499480026,0.6848315514483803,2,Medido con incertidumbre
659.1415874726208,-1.1069554288622525,-0.4233474916789527,0.6836079371832998,2,Medido con incertidumbre
660.2544156221003,-1.0996462563281222,-0.4172619334099026,0.6823843229182196,2,Medido con incertidumbre
661.3691225583439,-1.092337083793992,-0.4111763751408527,0.6811607086531394,2,Medido con incertidumbre
662.4857114533056,-1.0850279112598653,-0.405090816871806,0.6799370943880594,2,Medido con incertidumbre
663.6041854842948,-1.0777187387257352,-0.399005258602756,0.6787134801229793,2,Medido con incertidumbre
664.7245478339848,-1.0704095661916049,-0.3929197003337061,0.6774898658578987,2,Medido con incertidumbre
665.8468016904226,-1.0631003936574746,-0.3868341420646561,0.6762662515928184,2,Medido con incertidumbre
666.9709502470371,-1.055791221123344,-0.3807485837956061,0.6750426373277378,2,Medido con incertidumbre
668.096996702649,-1.048482048589214,-0.3746630255265561,0.6738190230626577,2,Medido con incertidumbre
669.2249442614793,-1.0411728760550871,-0.3685774672575094,0.6725954087975777,2,Medido con incertidumbre
670.3547961331592,-1.0338637035209568,-0.3624919089884595,0.6713717945324973,2,Medido con incertidumbre
671.4865555327381,-1.0265545309868265,-0.3564063507194095,0.670148180267417,2,Medido con incertidumbre
672.6202256806937,-1.019245358452696,-0.3503207924503595,0.6689245660023364,2,Medido con incertidumbre
673.7558098029408,-1.0119361859185658,-0.3442352341813096,0.6677009517372563,2,Medido con incertidumbre
674.8933111308405,-1.0046270133844355,-0.3381496759122596,0.666477337472176,2,Medido con incertidumbre
676.0327329012093,-0.9973178408503092,-0.3320641176432128,0.6652537232070963,2,Medido con incertidumbre
677.1740783563286,-0.9900086683161788,-0.3259785593741628,0.664030108942016,2,Medido con incertidumbre
678.3173507439534,-0.9826994957820484,-0.319893001105113,0.6628064946769354,2,Medido con incertidumbre
679.4625533173224,-0.975390323247918,-0.313807442836063,0.661582880411855,2,Medido con incertidumbre
680.6096893351663,-0.9680811507137878,-0.307721884567013,0.6603592661467748,2,Medido con incertidumbre
681.7587620617178,-0.9607719781796574,-0.3016363262979631,0.6591356518816943,2,Medido con incertidumbre
682.9097747667203,-0.9534628056455308,-0.2955507680289163,0.6579120376166145,2,Medido con incertidumbre
684.0627307254376,-0.9461536331114008,-0.2894652097598663,0.6566884233515344,2,Medido con incertidumbre
685.2176332186635,-0.9388444605772702,-0.2833796514908164,0.6554648090864539,2,Medido con incertidumbre
686.3744855327304,-0.93153528804314,-0.2772940932217664,0.6542411948213736,2,Medido con incertidumbre
687.5332909595189,-0.9242261155090096,-0.2712085349527164,0.6530175805562932,2,Medido con incertidumbre
688.6940527964675,-0.916916942974883,-0.2651229766836697,0.6517939662912133,2,Medido con incertidumbre
689.8567743465818,-0.9089000136532764,-0.2582785921901558,0.6506214214631206,2,Medido con incertidumbre
691.0214589184437,-0.9005737194265746,-0.2511025200221911,0.6494711994043836,2,Medido con incertidumbre
692.1881098262211,-0.8922474251998728,-0.2439264478542263,0.6483209773456464,2,Medido con incertidumbre
693.3567303896772,-0.8839211309731709,-0.2367503756862615,0.6471707552869095,3,Medido con incertidumbre
694.5273239341797,-0.8755948367464691,-0.2295743035182967,0.6460205332281724,3,Medido con incertidumbre
695.6998937907109,-0.8672685425197716,-0.2223982313503357,0.6448703111694358,4,Medido con incertidumbre
696.8744432958767,-0.8589422482930698,-0.2152221591823709,0.6437200891106989,4,Medido con incertidumbre
698.0509757919159,-0.8506159540663679,-0.2080460870144062,0.6425698670519617,4,Medido con incertidumbre
699.2294946267104,-0.8422896598396661,-0.2008700148464414,0.6414196449932247,4,Medido con incertidumbre
700.410003153794,-0.8339633656129642,-0.1936939426784766,0.6402694229344876,4,Medido con incertidumbre
701.5925047323625,-0.8256370713862624,-0.1865178705105118,0.6391192008757506,3,Medido con incertidumbre
702.7770027272828,-0.817310777159565,-0.1793417983425508,0.6379689788170142,3,Medido con incertidumbre
703.9635005091029,-0.8089844829328632,-0.172165726174586,0.6368187567582771,3,Medido con incertidumbre
705.1520014540613,-0.8006581887061615,-0.1649896540066213,0.6356685346995401,3,Medido con incertidumbre
706.3425089440965,-0.7923318944794596,-0.1578135818386564,0.6345183126408032,3,Medido con incertidumbre
707.5350263668566,-0.7840056002527578,-0.1506375096706917,0.6333680905820661,3,Medido con incertidumbre
708.7295571157094,-0.775679306026056,-0.1434614375027269,0.6322178685233291,5,Medido robustamente
709.9261045897515,-0.7673530117993586,-0.1362853653347659,0.6310676464645927,5,Medido robustamente
711.1246721938181,-0.7590267175726567,-0.1291092931668011,0.6299174244058556,5,Medido robustamente
712.325263338493,-0.7507004233459549,-0.1219332209988363,0.6287672023471186,5,Medido robustamente
713.527881440118,-0.742374129119253,-0.1147571488308715,0.6276169802883815,5,Medido robustamente
714.7325299208027,-0.7340478348925512,-0.1075810766629067,0.6264667582296445,5,Medido robustamente
715.9392122084341,-0.7257215406658493,-0.1004050044949419,0.6253165361709073,5,Medido robustamente
717.1479317366868,-0.717395246439152,-0.093228932326981,0.6241663141121709,5,Medido robustamente
718.3586919450323,-0.70906895221245,-0.0860528601590162,0.6230160920534338,5,Medido robustamente
719.5714962787489,-0.7007426579857483,-0.0788767879910514,0.621865869994697,5,Medido robustamente
720.7863481889316,-0.6924163637590465,-0.0717007158230866,0.6207156479359599,5,Medido robustamente
722.003251132502,-0.6840900695323446,-0.0645246436551218,0.6195654258772229,5,Medido robustamente
723.2222085722179,-0.6757637753056428,-0.057348571487157,0.6184152038184858,5,Medido robustamente
724.4432239766833,-0.667437481078941,-0.0501724993191922,0.6172649817597488,6,Medido robustamente
725.6663008203581,-0.6591111868522436,-0.0429964271512312,0.6161147597010124,6,Medido robustamente
726.8914425835685,-0.6507848926255417,-0.0358203549832664,0.6149645376422753,6,Medido robustamente
728.1186527525161,-0.6424585983988399,-0.0286442828153017,0.6138143155835382,6,Medido robustamente
729.3479348192885,-0.6341323041721381,-0.0214682106473369,0.6126640935248011,6,Medido robustamente
730.579292281869,-0.6258060099454362,-0.0142921384793721,0.6115138714660642,6,Medido robustamente
731.8127286441464,-0.6174797157187388,-0.0071160663114111,0.6103636494073277,6,Medido robustamente
733.0482474159253,-0.609153421492037,6.000585655361462e-05,0.6092134273485906,6,Medido robustamente
734.2858521129357,-0.6008271272653352,0.0072360780245184,0.6080632052898536,6,Medido robustamente
735.5255462568432,-0.5925008330386333,0.0144121501924831,0.6069129832311164,6,Medido robustamente
736.7673333752592,-0.5841745388119315,0.0215882223604479,0.6057627611723794,6,Medido robustamente
738.0112170017509,-0.5758482445852297,0.0287642945284127,0.6046125391136423,6,Medido robustamente
739.2572006758506,-0.5675219503585323,0.0359403666963737,0.6034623170549059,6,Medido robustamente
740.5052879430671,-0.5591956561318303,0.0431164388643385,0.6023120949961688,6,Medido robustamente
741.7554823548946,-0.5508693619051285,0.0502925110323033,0.6011618729374317,6,Medido robustamente
743.0077874688235,-0.5425430676784267,0.0574685832002681,0.6000116508786948,6,Medido robustamente
744.2622068483504,-0.5334782230304074,0.065534358977606,0.5990125820080133,6,Medido robustamente
745.5187440629877,-0.5241749583179762,0.07388735034068,0.5980623086586563,6,Medido robustamente
746.7774026882747,-0.5148716936055497,0.0822403417037495,0.5971120353092992,6,Medido robustamente
748.0381863057872,-0.5055684288931185,0.0905933330668234,0.5961617619599419,6,Medido robustamente
749.3010985031475,-0.4962651641806873,0.0989463244298973,0.5952114886105846,6,Medido robustamente
750.566142874035,-0.486961899468256,0.1072993157929713,0.5942612152612273,6,Medido robustamente
751.8333230181966,-0.4776586347558247,0.1156523071560452,0.59331094191187,6,Medido robustamente
753.1026425414561,-0.4683553700433935,0.1240052985191191,0.5923606685625126,6,Medido robustamente
754.3741050557254,-0.4590521053309672,0.1323582898821886,0.5914103952131557,6,Medido robustamente
755.6477141790144,-0.449748840618536,0.1407112812452626,0.5904601218637986,6,Medido robustamente
756.9234735354412,-0.4404455759061047,0.1490642726083365,0.5895098485144412,6,Medido robustamente
758.2013867552423,-0.4311423111936734,0.1574172639714104,0.5885595751650838,6,Medido robustamente
759.4814574747835,-0.4218390464812422,0.1657702553344843,0.5876093018157265,6,Medido robustamente
760.7636893365694,-0.412535781768811,0.1741232466975583,0.5866590284663693,6,Medido robustamente
762.0480859892548,-0.4032325170563797,0.1824762380606322,0.5857087551170119,6,Medido robustamente
763.3346510876539,-0.3939292523439534,0.1908292294237017,0.5847584817676551,6,Medido robustamente
764.623388292752,-0.3846259876315221,0.1991822207867756,0.5838082084182977,6,Medido robustamente
765.9143012717147,-0.3753227229190909,0.2075352121498495,0.5828579350689405,6,Medido robustamente
767.2073936978992,-0.3660194582066596,0.2158882035129234,0.581907661719583,6,Medido robustamente
768.502669250864,-0.3567161934942284,0.2242411948759974,0.5809573883702258,6,Medido robustamente
769.8001316163803,-0.347412928781802,0.2325941862390669,0.580007115020869,6,Medido robustamente
771.0997844864418,-0.3381096640693708,0.2409471776021408,0.5790568416715116,6,Medido robustamente
772.4016315592752,-0.3288063993569395,0.2493001689652147,0.5781065683221542,6,Medido robustamente
773.7056765393512,-0.3195031346445083,0.2576531603282887,0.5771562949727971,6,Medido robustamente
775.0119231373945,-0.310199869932077,0.2660061516913626,0.5762060216234396,6,Medido robustamente
776.3203750703948,-0.3008966052196458,0.2743591430544366,0.5752557482740823,7,Medido robustamente
777.6310360616171,-0.2915933405072194,0.2827121344175061,0.5743054749247255,7,Medido robustamente
778.9439098406126,-0.2822900757947882,0.29106512578058,0.5733552015753682,7,Medido robustamente
780.2590001432286,-0.272986811082357,0.2994181171436539,0.5724049282260109,7,Medido robustamente
781.5763107116201,-0.2636835463699257,0.3077711085067279,0.5714546548766536,7,Medido robustamente
782.8958452942597,-0.2543802816574944,0.3161240998698018,0.5705043815272961,7,Medido robustamente
784.2176076459489,-0.2450770169450632,0.3244770912328757,0.569554108177939,7,Medido robustamente
785.5416015278288,-0.2357737522326271,0.332830082595954,0.5686038348285811,7,Medido robustamente
786.8678307073882,-0.2264704875202007,0.3411830739590235,0.5676535614792242,7,Medido robustamente
788.1962989584789,-0.2171672228077694,0.3495360653220974,0.5667032881298668,7,Medido robustamente
789.5270100613236,-0.2078639580953382,0.3578890566851714,0.5657530147805097,7,Medido robustamente
790.8599678025267,-0.198560693382907,0.3662420480482453,0.5648027414311523,7,Medido robustamente
792.1951759750858,-0.1892574286704757,0.3745950394113193,0.563852468081795,7,Medido robustamente
793.5326383784021,-0.1799541639580444,0.3829480307743932,0.5629021947324376,7,Medido robustamente
794.8723588182914,-0.1706508992456181,0.3913010221374626,0.5619519213830807,7,Medido robustamente
796.2143411069948,-0.1613476345331869,0.3996540135005366,0.5610016480337234,6,Medido robustamente
797.5585890631895,-0.1520443698207556,0.4080070048636105,0.560051374684366,6,Medido robustamente
798.9051065120001,-0.1427411051083243,0.4163599962266844,0.5591011013350087,6,Medido robustamente
800.2538972850089,-0.1334378403958931,0.4247129875897584,0.5581508279856515,6,Medido robustamente
801.6049652202669,-0.1241345756834619,0.4330659789528323,0.5572005546362941,6,Medido robustamente
802.9583141623052,-0.1139310971635087,0.442386516922009,0.5563176140855177,6,Medido robustamente
804.3139479621457,-0.1035247331249978,0.4519251155266335,0.5554498486516313,6,Medido robustamente
805.6718704773114,-0.0931183690864869,0.461463714131258,0.5545820832177448,7,Medido robustamente
807.0320855718386,-0.082712005047976,0.4710023127358824,0.5537143177838584,7,Medido robustamente
808.3945971162868,-0.0723056410094652,0.4805409113405068,0.552846552349972,7,Medido robustamente
809.7594089877506,-0.0618992769709543,0.4900795099451313,0.5519787869160856,7,Medido robustamente
811.1265250698697,-0.0514929129324488,0.4996181085497507,0.5511110214821995,7,Medido robustamente
812.4959492528411,-0.041086548893938,0.5091567071543751,0.5502432560483131,7,Medido robustamente
813.8676854334293,-0.0306801848554271,0.5186953057589996,0.5493754906144267,7,Medido robustamente
815.2417375149778,-0.0202738208169162,0.528233904363624,0.5485077251805403,7,Medido robustamente
816.6181094074202,-0.0098674567784053,0.5377725029682485,0.5476399597466538,7,Medido robustamente
817.9968050272911,0.0005389072601055,0.5473111015728729,0.5467721943127674,6,Medido robustamente
819.3778282977373,0.0109452712986109,0.5568497001774924,0.5459044288788815,6,Medido robustamente
820.7611831485293,0.0213516353371218,0.5663882987821167,0.5450366634449949,6,Medido robustamente
822.1468735160722,0.0317579993756327,0.5759268973867412,0.5441688980111085,6,Medido robustamente
823.5349033434167,0.0421643634141436,0.5854654959913657,0.543301132577222,6,Medido robustamente
824.9252765802705,0.0525707274526545,0.5950040945959901,0.5424333671433357,6,Medido robustamente
826.3179971830101,0.0629770914911654,0.6045426932006146,0.5415656017094492,6,Medido robustamente
827.713069114691,0.0733834555296708,0.614081291805234,0.5406978362755632,6,Medido robustamente
829.11049634506,0.0837898195681817,0.6236198904098584,0.5398300708416768,6,Medido robustamente
830.5102828505654,0.0941961836066926,0.6331584890144829,0.5389623054077903,6,Medido robustamente
831.9124326143695,0.1046025476452035,0.6426970876191073,0.5380945399739038,6,Medido robustamente
833.3169496263591,0.1150089116837144,0.6522356862237317,0.5372267745400173,5,Medido robustamente
834.7238378831573,0.1254152757222253,0.6617742848283562,0.5363590091061309,5,Medido robustamente
836.1331013881344,0.1358216397607307,0.6713128834329757,0.535491243672245,5,Medido robustamente
837.5447441514199,0.1462280037992416,0.6808514820376,0.5346234782383584,5,Medido robustamente
838.9587701899134,0.1566343678377524,0.6903900806422244,0.533755712804472,5,Medido robustamente
840.3751835272963,0.1670407318762634,0.699928679246849,0.5328879473705856,5,Medido robustamente
841.7939881940431,0.1774470959147742,0.7094672778514735,0.5320201819366992,5,Medido robustamente
843.2151882274331,0.1878534599532796,0.7190058764560927,0.5311524165028131,5,Medido robustamente
844.6387876715618,0.1982598239917906,0.7285444750607172,0.5302846510689265,5,Medido robustamente
846.0647905773519,0.2086661880303014,0.7380830736653416,0.5294168856350403,5,Medido robustamente
847.4932010025657,0.2190725520688124,0.7476216722699662,0.5285491202011539,5,Medido robustamente
848.9240230118161,0.2294789161073232,0.7571602708745906,0.5276813547672674,5,Medido robustamente
850.3572606765781,0.2398852801458341,0.7666988694792151,0.526813589333381,5,Medido robustamente
851.792918075201,0.250291644184345,0.7762374680838394,0.5259458238994944,5,Medido robustamente
853.2309992929191,0.2606980082228505,0.7857760666884589,0.5250780584656084,5,Medido robustamente
854.6715084218641,0.2711043722613614,0.7953146652930834,0.524210293031722,5,Medido robustamente
856.1144495610763,0.2815107362998723,0.8048532638977077,0.5233425275978354,5,Medido robustamente
857.5598268165164,0.2919171003383831,0.8143918625023322,0.5224747621639492,5,Medido robustamente
859.0076443010773,0.302323464376894,0.8239304611069567,0.5216069967300627,5,Medido robustamente
860.4579061345956,0.3127298284154049,0.8334690597115811,0.5207392312961763,5,Medido robustamente
861.9106164438635,0.3231361924539103,0.8430076583162005,0.5198714658622903,5,Medido robustamente
863.3657793626403,0.3335425564924212,0.852546256920825,0.5190037004284038,5,Medido robustamente
864.8233990316646,0.3439489205309321,0.8620848555254494,0.5181359349945174,5,Medido robustamente
866.2834795986655,0.3550097132207838,0.8718251932860543,0.5168154800652706,5,Medido robustamente
867.7460252183748,0.3661629766374029,0.8815940367765548,0.5154310601391519,5,Medido robustamente
869.2110400525389,0.3773162400540219,0.891362880267055,0.514046640213033,5,Medido robustamente
870.6785282699303,0.388469503470635,0.9011317237575504,0.5126622202869153,5,Medido robustamente
872.1484940463597,0.3996227668872541,0.9109005672480508,0.5112778003607967,5,Medido robustamente
873.6209415646877,0.4107760303038731,0.9206694107385512,0.5098933804346781,5,Medido robustamente
875.095875014837,0.4219292937204921,0.9304382542290516,0.5085089605085595,4,Medido con incertidumbre
876.573298593804,0.4330825571371111,0.9402070977195518,0.5071245405824407,4,Medido con incertidumbre
878.053216505671,0.4442358205537243,0.9499759412100472,0.505740120656323,4,Medido con incertidumbre
879.535632961618,0.4553890839703434,0.9597447847005476,0.5043557007302042,4,Medido con incertidumbre
881.0205521799347,0.4665423473869624,0.969513628191048,0.5029712808040856,4,Medido con incertidumbre
882.5079783860326,0.4776956108035814,0.9792824716815482,0.5015868608779668,4,Medido con incertidumbre
883.9979158124568,0.4888488742202004,0.9890513151720486,0.5002024409518482,4,Medido con incertidumbre
885.4903686988984,0.5000021376368196,0.9988201586625493,0.4988180210257297,4,Medido con incertidumbre
886.9853412922063,0.5111554010534385,1.0085890021530497,0.4974336010996112,4,Medido con incertidumbre
888.4828378463993,0.5223086644700516,1.0183578456435447,0.49604918117349306,4,Medido con incertidumbre
889.9828626226783,0.5334619278866707,1.028126689134045,0.49466476124737435,4,Medido con incertidumbre
891.4854198894384,0.5446151913032897,1.0378955326245454,0.49328034132125564,4,Medido con incertidumbre
892.9905139222809,0.5557684547199088,1.047664376115046,0.49189592139513716,4,Medido con incertidumbre
894.4981490040259,0.5669217181365278,1.0574332196055465,0.4905115014690187,4,Medido con incertidumbre
896.0083294247238,0.578074981553141,1.0672020630960417,0.48912708154290074,4,Medido con incertidumbre
897.5210594816682,0.58922824496976,1.0769709065865416,0.4877426616167816,4,Medido con incertidumbre
899.0363434794075,0.600381508386379,1.0867397500770424,0.48635824169066333,4,Medido con incertidumbre
900.5541857297578,0.6115347718029981,1.0965085935675425,0.4849738217645444,4,Medido con incertidumbre
902.0745905518146,0.6226880352196171,1.106277437058043,0.4835894018384259,4,Medido con incertidumbre
903.5975622719656,0.6338412986362362,1.1160462805485434,0.4822049819123072,3,Medido con incertidumbre
905.123105223902,0.6449945620528493,1.1258151240390386,0.4808205619861893,3,Medido con incertidumbre
906.651223748633,0.6561478254694684,1.135583967529539,0.47943614206007057,3,Medido con incertidumbre
908.181922194496,0.6673010888860933,1.1453528110200444,0.4780517221339511,3,Medido con incertidumbre
909.715204917168,0.6784543523027122,1.155121654510545,0.4766673022078327,3,Medido con incertidumbre
911.251076279682,0.6896076157193313,1.1648904980010453,0.475282882281714,3,Medido con incertidumbre
912.7895406524364,0.7007608791359503,1.1746593414915456,0.4738984623555953,3,Medido con incertidumbre
914.330602413208,0.7119141425525694,1.1844281849820462,0.4725140424294768,4,Medido con incertidumbre
915.8742659471648,0.7230674059691826,1.1941970284725412,0.47112962250335855,4,Medido con incertidumbre
917.420535646878,0.7342206693858015,1.2039658719630415,0.46974520257723995,4,Medido con incertidumbre
918.9694159123352,0.7453739328024207,1.213734715453542,0.46836078265112135,4,Medido con incertidumbre
920.5209111509516,0.7565271962190396,1.2235035589440424,0.46697636272500276,4,Medido con incertidumbre
922.0750257775844,0.7676804596356588,1.2332724024345427,0.46559194279888394,4,Medido con incertidumbre
923.631764214544,0.7788337230522777,1.243041245925043,0.46420752287276534,4,Medido con incertidumbre
925.1911308916071,0.7899869864688968,1.2528100894155434,0.46282310294664664,4,Medido con incertidumbre
926.7531302460292,0.8011402498855098,1.2625789329060386,0.4614386830205288,4,Medido con incertidumbre
928.3177667225564,0.812293513302129,1.2723477763965392,0.4600542630944102,4,Medido con incertidumbre
929.8850447734404,0.8234467767187479,1.2821166198870395,0.4586698431682916,4,Medido con incertidumbre
931.4549688584488,0.8346000401353669,1.2918854633775398,0.4572854232421729,5,Medido robustamente
933.027543444878,0.845753303551986,1.3016543068680404,0.45590100331605443,5,Medido robustamente
934.6027730075676,0.8574364015847727,1.3108619952835974,0.4534255936988246,5,Medido robustamente
936.1806620289118,0.8691555396715853,1.320031513185952,0.4508759735143666,4,Medido con incertidumbre
937.761214998872,0.880874677758398,1.329201031088307,0.4483263533299089,4,Medido con incertidumbre
939.34443641499,0.8925938158452107,1.338370548990662,0.4457767331454514,4,Medido con incertidumbre
940.9303307824014,0.9043129539320232,1.3475400668930166,0.4432271129609935,4,Medido con incertidumbre
942.5189026138472,0.9160320920188358,1.3567095847953714,0.44067749277653556,4,Medido con incertidumbre
944.110156429688,0.9277512301056484,1.3658791026977264,0.43812787259207797,4,Medido con incertidumbre
945.7040967579154,0.9394703681924548,1.3750486206000765,0.4355782524076217,4,Medido con incertidumbre
947.3007281341656,0.9511895062792676,1.384218138502431,0.43302863222316346,4,Medido con incertidumbre
948.9000551017328,0.96290864436608,1.3933876564047858,0.43047901203870576,4,Medido con incertidumbre
950.5020822115814,0.9746277824528928,1.4025571743071406,0.4279293918542477,4,Medido con incertidumbre
952.1068140223592,0.9863469205397052,1.4117266922094955,0.42537977166979035,4,Medido con incertidumbre
953.71425510041,0.998066058626512,1.4208962101118456,0.42283015148533365,4,Medido con incertidumbre
955.3244100197878,1.0097851967133242,1.4300657280142002,0.42028053130087595,4,Medido con incertidumbre
956.9372833622682,1.0215043348001371,1.4392352459165552,0.417730911116418,4,Medido con incertidumbre
958.5528797173628,1.0332234728869496,1.44840476381891,0.4151812909319603,4,Medido con incertidumbre
960.1712036823308,1.0449426109737625,1.457574281721265,0.4126316707475024,4,Medido con incertidumbre
961.7922598621936,1.056661749060575,1.4667437996236194,0.4100820505630445,4,Medido con incertidumbre
963.4160528697475,1.0683808871473874,1.4759133175259742,0.4075324303785868,4,Medido con incertidumbre
965.0425873255762,1.080100025234194,1.4850828354283243,0.4049828101941304,4,Medido con incertidumbre
966.6718678580642,1.0918191633210066,1.494252353330679,0.4024331900096725,4,Medido con incertidumbre
968.30389910341,1.103538301407819,1.5034218712330338,0.3998835698252148,5,Medido robustamente
969.9386857056402,1.1152574394946315,1.5125913891353886,0.3973339496407571,5,Medido robustamente
971.576232316621,1.1269765775814444,1.5217609070377436,0.39478432945629915,5,Medido robustamente
973.2165435960728,1.138695715668251,1.5309304249400937,0.3922347092718428,5,Medido robustamente
974.8596242115829,1.1504148537550634,1.5400999428424482,0.38968508908738486,5,Medido robustamente
976.5054788386186,1.162133991841876,1.549269460744803,0.38713546890292694,5,Medido robustamente
978.1541121605414,1.1738531299286887,1.5584389786471575,0.3845858487184688,5,Medido robustamente
979.8055288686191,1.1855722680155014,1.5676084965495125,0.3820362285340111,4,Medido con incertidumbre
981.4597336620408,1.197291406102314,1.5767780144518675,0.3794866083495534,4,Medido con incertidumbre
983.1167312479272,1.2090105441891204,1.5859475323542176,0.37693698816509724,4,Medido con incertidumbre
984.7765263413484,1.220729682275933,1.5951170502565724,0.3743873679806393,4,Medido con incertidumbre
986.4391236653336,1.2324488203627455,1.6042865681589271,0.3718377477961816,5,Medido robustamente
988.1045279508857,1.2441679584495582,1.613456086061282,0.3692881276117239,5,Medido robustamente
989.7727439369957,1.2558870965363709,1.6226256039636366,0.36673850742726577,5,Medido robustamente
991.4437763706552,1.2676062346231836,1.6317951218659916,0.36418888724280807,5,Medido robustamente
993.11763000687,1.2793253727099898,1.6409646397683415,0.3616392670583517,5,Medido robustamente
994.7943096086736,1.2910445107968025,1.6501341576706965,0.359089646873894,5,Medido robustamente
996.4738199471416,1.302763648883615,1.6593036755730513,0.3565400266894363,5,Medido robustamente
998.156165801404,1.314482786970428,1.668473193475406,0.35399040650497793,5,Medido robustamente
999.8413519586594,1.3262019250572403,1.6776427113777608,0.35144078632052045,5,Medido robustamente
1001.5293832141888,1.337921063144053,1.6868122292801155,0.3488911661360625,5,Medido robustamente
1003.2202643713694,1.3496402012308593,1.6959817471824656,0.3463415459516064,5,Medido robustamente
1004.9140002416872,1.361359339317672,1.7051512650848204,0.34379192576714845,5,Medido robustamente
1006.610595644752,1.3730784774044846,1.7143207829871752,0.34124230558269053,5,Medido robustamente
1008.3100554083104,1.3850142199820763,1.7222545735785468,0.33724035359647053,5,Medido robustamente
1010.0123843682596,1.3969507390625355,1.7301839342257508,0.33323319516321526,5,Medido robustamente
1011.7175873686612,1.4088872581429948,1.7381132948729547,0.32922603672996,5,Medido robustamente
1013.4256692617552,1.4208237772234475,1.7460426555201545,0.3252188782967069,5,Medido robustamente
1015.1366349079736,1.4327602963039068,1.7539720161673584,0.32121171986345165,5,Medido robustamente
1016.850489175954,1.444696815384366,1.7619013768145626,0.3172045614301966,5,Medido robustamente
1018.567236942554,1.4566333344648252,1.7698307374617666,0.3131974029969413,5,Medido robustamente
1020.2868830928652,1.4685698535452845,1.7777600981089705,0.30919024456368605,5,Medido robustamente
1022.0094325202252,1.4805063726257437,1.785689458756175,0.3051830861304312,5,Medido robustamente
1023.7348901262352,1.4924428917061965,1.7936188194033742,0.3011759276971777,5,Medido robustamente
1025.4632608207696,1.5043794107866555,1.8015481800505784,0.2971687692639229,5,Medido robustamente
1027.1945495219938,1.516315929867115,1.8094775406977823,0.2931616108306674,5,Medido robustamente
1028.9287611563757,1.5282524489475742,1.8174069013449865,0.28915445239741233,5,Medido robustamente
1030.6659006587004,1.5401889680280334,1.8253362619921905,0.28514729396415706,5,Medido robustamente
1032.405972972085,1.5521254871084926,1.8332656226393944,0.2811401355309018,5,Medido robustamente
1034.1489830479918,1.5640620061889456,1.841194983286594,0.2771329770976483,5,Medido robustamente
1035.8949358462426,1.5759985252694046,1.849124343933798,0.27312581866439345,5,Medido robustamente
1037.6438363350328,1.5879350443498637,1.857053704581002,0.2691186602311384,5,Medido robustamente
1039.395689490946,1.599871563430323,1.864983065228206,0.2651115017978829,6,Medido robustamente
1041.1505002989668,1.6118080825107823,1.87291242587541,0.2611043433646276,6,Medido robustamente
1042.9082737524973,1.6237446015912416,1.880841786522614,0.25709718493137235,5,Medido robustamente
1044.6690148533687,1.6356811206716944,1.8887711471698136,0.2530900264981193,5,Medido robustamente
1046.4327286118578,1.6476176397521536,1.8967005078170176,0.24908286806486402,4,Medido con incertidumbre
1048.1994200466995,1.6595541588326128,1.9046298684642216,0.24507570963160874,4,Medido con incertidumbre
1049.969094185102,1.6714906779130725,1.9125592291114255,0.24106855119835302,4,Medido con incertidumbre
1051.7417560627614,1.6834271969935313,1.9204885897586297,0.2370613927650984,4,Medido con incertidumbre
1053.517410723875,1.6953637160739905,1.9284179504058336,0.23305423433184314,4,Medido con incertidumbre
1055.296063221156,1.7073002351544433,1.9363473110530331,0.22904707589858986,4,Medido con incertidumbre
1057.0777186158496,1.7192367542349023,1.944276671700237,0.2250399174653348,4,Medido con incertidumbre
1058.8623819777438,1.7311732733153615,1.9522060323474413,0.22103275903207975,4,Medido con incertidumbre
1060.650058385187,1.743109792395821,1.9601353929946452,0.21702560059882425,4,Medido con incertidumbre
1062.440752925102,1.7550463114762802,1.9680647536418492,0.21301844216556898,4,Medido con incertidumbre
1064.2344706929985,1.7669828305567394,1.9759941142890531,0.2090112837323137,4,Medido con incertidumbre
1066.0312167929897,1.7789193496371924,1.983923474936253,0.20500412529906065,4,Medido con incertidumbre
1067.830996337806,1.7908558687176517,1.9918528355834573,0.2009969668658056,4,Medido con incertidumbre
1069.6338144488095,1.802792387798111,1.999782196230661,0.1969898084325501,4,Medido con incertidumbre
1071.4396762560093,1.81472890687857,2.007711556877865,0.19298264999929526,4,Medido con incertidumbre
1073.248586898074,1.8266654259590287,2.015640917525069,0.18897549156604043,4,Medido con incertidumbre
1075.0605515223497,1.8386019450394884,2.023570278172273,0.1849683331327847,4,Medido con incertidumbre
1076.875575284871,1.8505384641199412,2.031499638819473,0.18096117469953188,4,Medido con incertidumbre
1078.6936633503788,1.8624749832004008,2.039428999466677,0.17695401626627616,4,Medido con incertidumbre
1080.5148208923329,1.87441150228086,2.047358360113881,0.17294685783302088,4,Medido con incertidumbre
1082.3390530929275,1.886348021361319,2.055287720761085,0.16893969939976583,4,Medido con incertidumbre
1084.1663651431063,1.8982845404417783,2.063217081408289,0.16493254096651055,4,Medido con incertidumbre
1085.9967622425766,1.9101900190433796,2.0711373932040207,0.1609473741606411,4,Medido con incertidumbre
1087.830249599824,1.9215775857979556,2.078906724488112,0.15732913869015652,4,Medido con incertidumbre
1089.666832432128,1.9329651525525369,2.0866760557722066,0.15371090321966974,4,Medido con incertidumbre
1091.5065159655765,1.9443527193071184,2.0944453870563016,0.15009266774918317,3,Medido con incertidumbre
1093.3493054350804,1.9557402860617,2.1022147183403965,0.1464744322786966,3,Medido con incertidumbre
1095.195206084389,1.9671278528162817,2.1099840496244915,0.14285619680820982,3,Medido con incertidumbre
1097.0442231661038,1.978515419570863,2.1177533809085864,0.13923796133772348,3,Medido con incertidumbre
1098.8963619416954,1.9899029863254385,2.1255227121926774,0.13561972586723892,3,Medido con incertidumbre
1100.7516276815163,2.00129055308002,2.1332920434767724,0.13200149039675235,3,Medido con incertidumbre
1102.6100256648178,2.012678119834602,2.1410613747608678,0.1283832549262658,3,Medido con incertidumbre
1104.4715611797635,2.0240656865891835,2.1488307060449623,0.12476501945577878,3,Medido con incertidumbre
1106.3362395234456,2.035453253343765,2.1566000373290573,0.12114678398529222,3,Medido con incertidumbre
1108.2040660018986,2.0468408200983466,2.164369368613152,0.11752854851480565,4,Medido con incertidumbre
1110.0750459301155,2.058228386852928,2.172138699897247,0.11391031304431909,5,Medido robustamente
1111.9491846320632,2.069615953607504,2.1799080311813386,0.11029207757383475,5,Medido robustamente
1113.8264874406964,2.0810035203620854,2.187677362465433,0.10667384210334774,5,Medido robustamente
1115.7069596979734,2.092391087116667,2.195446693749528,0.10305560663286117,5,Medido robustamente
1117.5906067548715,2.1037786538712484,2.2032160250336235,0.09943737116237505,5,Medido robustamente
1119.4774339714022,2.11516622062583,2.2109853563177184,0.09581913569188849,5,Medido robustamente
1121.367446716626,2.1265537873804057,2.2187546876018094,0.0922009002214037,5,Medido robustamente
1123.2606503686682,2.1379413541349868,2.2265240188859043,0.08858266475091758,5,Medido robustamente
1125.157050314734,2.1493289208895687,2.234293350169999,0.08496442928043013,5,Medido robustamente
1127.0566519511235,2.1607164876441503,2.2420626814540943,0.08134619380994401,5,Medido robustamente
1128.959460683248,2.172104054398732,2.249832012738189,0.07772795833945656,5,Medido robustamente
1130.865481925644,2.1834916211533137,2.257601344022284,0.07410972286897044,5,Medido robustamente
1132.7747211019896,2.1948791879078886,2.265370675306375,0.07049148739848654,5,Medido robustamente
1134.68718364512,2.2062667546624706,2.27314000659047,0.06687325192799953,5,Medido robustamente
1136.6028749970426,2.217654321417052,2.280909337874565,0.06325501645751297,5,Medido robustamente
1138.5218006089522,2.2290418881716336,2.28867866915866,0.059636780987026405,5,Medido robustamente
1140.443965941247,2.240429454926216,2.296448000442755,0.05601854551653895,5,Medido robustamente
1142.369376463544,2.2518170216807967,2.30421733172685,0.05240031004605328,5,Medido robustamente
1144.2980376546946,2.2632045884353724,2.311986663010941,0.04878207457556849,5,Medido robustamente
1146.2299550028,2.274592155189954,2.319755994295036,0.04516383910508193,5,Medido robustamente
1148.1651340052274,2.2859797219445355,2.3275253255791317,0.04154560363459625,5,Medido robustamente
1150.1035801686246,2.297367288699117,2.335294656863226,0.0379273681641088,5,Medido robustamente
1152.0452990089366,2.308754855453699,2.343063988147321,0.034309132693622235,5,Medido robustamente
1153.9902960514205,2.3201424222082743,2.350833319431412,0.030690897223137892,5,Medido robustamente
1155.938576830663,2.331529988962856,2.3586026507155067,0.027072661752650884,5,Medido robustamente
1157.8901468905929,2.3429175557174373,2.3663719819996016,0.02345442628216432,5,Medido robustamente
1159.8450117845002,2.3543051224720197,2.374141313283697,0.019836190811677312,5,Medido robustamente
1161.8031770750506,2.365692689226601,2.381910644567792,0.016217955341191193,5,Medido robustamente
1163.7646483343,2.377080255981182,2.389679975851887,0.012599719870705073,5,Medido robustamente
1165.729431143713,2.3884678227357634,2.397449307135981,0.00898148440021762,3,Medido con incertidumbre
1167.6975310941766,2.39985538949034,2.405218638420073,0.005363248929732833,3,Medido con incertidumbre
1169.668953786017,2.411242956244921,2.4129879697041674,0.0017450134592462696,3,Medido con incertidumbre
1171.6437048290154,2.422574931280105,2.4207847460260634,-0.0017901852540416208,3,Medido con incertidumbre
1173.6217898424245,2.433485978406836,2.428789329958231,-0.0046966484486050675,3,Medido con incertidumbre
1175.6032144549824,2.4443970255335667,2.4367939138903982,-0.007603111643168514,3,Medido con incertidumbre
1177.587984304933,2.4553080726602974,2.4447984978225663,-0.010509574837731073,3,Medido con incertidumbre
1179.576105040036,2.4662191197870227,2.452803081754729,-0.013416038032293631,3,Medido con incertidumbre
1181.5675823175889,2.4771301669137538,2.460807665686897,-0.016322501226856634,4,Medido con incertidumbre
1183.5624218044388,2.4880412140404844,2.4688122496190643,-0.01922896442142008,4,Medido con incertidumbre
1185.5606291770007,2.4989522611672155,2.476816833551232,-0.022135427615983527,4,Medido con incertidumbre
1187.5622101212732,2.509863308293946,2.484821417483399,-0.025041890810546974,4,Medido con incertidumbre
1189.5671703328542,2.520774355420677,2.492826001415567,-0.027948354005109977,4,Medido con incertidumbre
1191.5755155169577,2.5316854025474025,2.50083058534773,-0.030854817199672535,4,Medido con incertidumbre
1193.5872513884296,2.542596449674133,2.5088351692798976,-0.03376128039423554,4,Medido con incertidumbre
1195.6023836717643,2.553507496800864,2.516839753212065,-0.036667743588798984,4,Medido con incertidumbre
1197.6209181011218,2.5644185439275957,2.524844337144233,-0.039574206783362875,4,Medido con incertidumbre
1199.642860420341,2.575329591054326,2.5328489210764,-0.04248066997792588,4,Medido con incertidumbre
1201.6682163829598,2.586240638181051,2.540853505008564,-0.045387133172487104,4,Medido con incertidumbre
1203.6969917522297,2.597151685307782,2.548858088940731,-0.048293596367050995,4,Medido con incertidumbre
1205.7291923011308,2.608062732434513,2.5568626728728985,-0.05120005956161444,4,Medido con incertidumbre
1207.7648238123916,2.618973779561244,2.5648672568050666,-0.054106522756177444,4,Medido con incertidumbre
1209.8038920785025,2.629884826687974,2.5728718407372337,-0.05701298595074045,4,Medido con incertidumbre
1211.846402901734,2.6407958738147057,2.580876424669401,-0.05991944914530478,4,Medido con incertidumbre
1213.8923620941516,2.651706920941437,2.588881008601569,-0.06282591233986778,4,Medido con incertidumbre
1215.9417754776343,2.6626179680681616,2.596885592533732,-0.06573237553442945,4,Medido con incertidumbre
1217.9946488838896,2.6735290151948927,2.6048901764659,-0.0686388387289929,4,Medido con incertidumbre
1220.0509881544708,2.684440062321624,2.612894760398067,-0.07154530192355679,4,Medido con incertidumbre
1222.110799140794,2.695351109448354,2.620899344330234,-0.0744517651181198,4,Medido con incertidumbre
1224.174087704153,2.706262156575085,2.6289039282624023,-0.0773582283126828,4,Medido con incertidumbre
1226.2408597157385,2.717173203701816,2.636908512194569,-0.08026469150724713,4,Medido con incertidumbre
1228.3111210566528,2.728084250828541,2.644913096126733,-0.08317115470180791,4,Medido con incertidumbre
1230.3848776179275,2.738995297955272,2.6529176800589003,-0.0860776178963718,4,Medido con incertidumbre
1232.4621353005402,2.7499063450820027,2.660922263991068,-0.08898408109093481,4,Medido con incertidumbre
1234.5429000154306,2.760817392208734,2.668926847923235,-0.0918905442854987,4,Medido con incertidumbre
1236.6271776835183,2.771728439335465,2.6769314318554027,-0.09479700748006215,4,Medido con incertidumbre
1238.7149742357192,2.7826394864621955,2.6849360157875704,-0.09770347067462515,4,Medido con incertidumbre
1240.8062956129618,2.7935505335889204,2.692940599719733,-0.10060993386918726,4,Medido con incertidumbre
1242.9011477662054,2.8044615807156514,2.700945183651901,-0.10351639706375027,4,Medido con incertidumbre
1244.9995366564556,2.8153726278423825,2.708949767584069,-0.10642286025831371,4,Medido con incertidumbre
1247.1014682547825,2.8262836749691136,2.716954351516236,-0.1093293234528776,4,Medido con incertidumbre
1249.2069485423372,2.837194722095844,2.724958935448404,-0.11223578664743972,4,Medido con incertidumbre
1251.315983510368,2.8481057692225757,2.7329635193805712,-0.1151422498420045,4,Medido con incertidumbre
1253.4285791602392,2.8590168163493,2.7409681033127344,-0.11804871303656572,4,Medido con incertidumbre
1255.5447415034466,2.8699278634760312,2.7489726872449016,-0.12095517623112961,4,Medido con incertidumbre
1257.6644765616352,2.880838910602762,2.7569772711770693,-0.12386163942569262,4,Medido con incertidumbre
1259.7877903666167,2.891749957729493,2.764981855109237,-0.12676810262025606,4,Medido con incertidumbre
1261.9146889603862,2.902661004856224,2.7729864390414045,-0.1296745658148195,4,Medido con incertidumbre
1264.045178395139,2.9134707896345584,2.7809476589960527,-0.13252313063850574,4,Medido con incertidumbre
1266.179264733289,2.923809017880425,2.7887069424244806,-0.13510207545594444,4,Medido con incertidumbre
1268.3169540474848,2.934147246126293,2.796466225852909,-0.13768102027338402,4,Medido con incertidumbre
1270.4582524206278,2.94448547437216,2.804225509281337,-0.14025996509082317,4,Medido con incertidumbre
1272.6031659458888,2.9548237026180275,2.8119847927097648,-0.14283890990826276,4,Medido con incertidumbre
1274.751700726726,2.9651619308638946,2.819744076138193,-0.14541785472570146,4,Medido con incertidumbre
1276.903862876902,2.9755001591097567,2.827503359566617,-0.1479967995431397,4,Medido con incertidumbre
1279.059658520501,2.985838387355624,2.8352626429950454,-0.1505757443605784,4,Medido con incertidumbre
1281.2190937919468,2.996176615601492,2.8430219264234733,-0.1531546891780189,4,Medido con incertidumbre
1283.3821748360197,3.006514843847359,2.8507812098519016,-0.15573363399545714,4,Medido con incertidumbre
1285.5489078078745,3.016853072093226,2.8585404932803296,-0.1583125788128963,4,Medido con incertidumbre
1287.7192988730574,3.0271913003390933,2.866299776708758,-0.16089152363033543,4,Medido con incertidumbre
1289.8933542075242,3.037529528584961,2.874059060137186,-0.16347046844777502,4,Medido con incertidumbre
1292.0710799976575,3.047867756830823,2.88181834356561,-0.16604941326521283,5,Medido robustamente
1294.2524824402842,3.0582059850766896,2.889577626994038,-0.16862835808265153,5,Medido robustamente
1296.4375677426935,3.068544213322557,2.897336910422466,-0.17120730290009112,5,Medido robustamente
1298.6263421226545,3.0788824415684246,2.9050961938508943,-0.17378624771753026,5,Medido robustamente
1300.8188118084324,3.089220669814292,2.9128554772793227,-0.1763651925349694,5,Medido robustamente
1303.01498303881,3.099558898060154,2.9206147607077466,-0.17894413735240722,5,Medido robustamente
1305.2148620631012,3.109897126306021,2.9283740441361745,-0.18152308216984636,5,Medido robustamente
1307.418455141171,3.1202353545518884,2.936133327564603,-0.1841020269872855,5,Medido robustamente
1309.6257685434534,3.130573582797756,2.9438926109930312,-0.18668097180472465,5,Medido robustamente
1311.8368085509685,3.1409118110436234,2.9516518944214587,-0.18925991662216468,5,Medido robustamente
1314.0515814553396,3.1512500392894904,2.959411177849887,-0.19183886143960338,5,Medido robustamente
1316.270093558814,3.161588267535352,2.967170461278311,-0.1944178062570412,5,Medido robustamente
1318.4923511742782,3.17192649578122,2.9749297447067398,-0.19699675107448034,5,Medido robustamente
1320.7183606252763,3.182264724027087,2.9826890281351672,-0.19957569589191992,5,Medido robustamente
1322.9481282460292,3.1926029522729547,2.990448311563596,-0.20215464070935862,5,Medido robustamente
1325.1816603814514,3.2029411805188213,2.9982075949920235,-0.20473358552679777,5,Medido robustamente
1327.4189633871697,3.2132794087646888,3.005966878420452,-0.2073125303442369,5,Medido robustamente
1329.6600436295407,3.2236176370105563,3.01372616184888,-0.20989147516167606,5,Medido robustamente
1331.90490748567,3.233955865256418,3.021485445277304,-0.21247041997911387,5,Medido robustamente
1334.1535613434291,3.244294093502286,3.029244728705732,-0.2150493647965539,5,Medido robustamente
1336.4060116014746,3.2546323217481525,3.0370040121341604,-0.21762830961399215,5,Medido robustamente
1338.6622646692654,3.2649705499940205,3.0447632955625883,-0.2202072544314322,5,Medido robustamente
1340.9223269670815,3.2753087782398875,3.0525225789910166,-0.2227861992488709,5,Medido robustamente
1343.1862049260435,3.285647006485755,3.060281862419445,-0.22536514406631003,5,Medido robustamente
1345.453904988128,3.295985234731617,3.068041145847869,-0.22794408888374829,5,Medido robustamente
1347.7254336061883,3.306323462977484,3.075800429276297,-0.23052303370118699,5,Medido robustamente
1350.000797243972,3.3166616912233517,3.0835597127047247,-0.23310197851862702,5,Medido robustamente
1352.2800023761397,3.326999919469219,3.091318996133153,-0.23568092333606572,5,Medido robustamente
1354.5630554882828,3.3373381477150863,3.099078279561581,-0.2382598681535053,5,Medido robustamente
1356.8499630769422,3.347676375960948,3.1068375629900054,-0.24083881297094267,5,Medido robustamente
1359.1407316496277,3.358014604206815,3.1145968464184333,-0.24341775778838182,5,Medido robustamente
1361.435367724834,3.368352832452682,3.122356129846861,-0.24599670260582096,5,Medido robustamente
1363.7338778320636,3.378363628541933,3.1297375194264614,-0.24862610911547156,5,Medido robustamente
1366.0362685118405,3.3873196801350827,3.135901614219624,-0.25141806591545857,5,Medido robustamente
1368.3425463157316,3.3962757317282324,3.142065709012787,-0.25421002271544557,5,Medido robustamente
1370.6527178063654,3.405231783321377,3.148229803805945,-0.25700197951543213,5,Medido robustamente
1372.96678955745,3.414187834914527,3.154393898599108,-0.25979393631541914,5,Medido robustamente
1375.2847681537912,3.4231438865076766,3.160557993392271,-0.2625858931154057,5,Medido robustamente
1377.6066601913124,3.432099938100827,3.1667220881854337,-0.26537784991539315,5,Medido robustamente
1379.932472277073,3.441055989693976,3.1728861829785955,-0.2681698067153806,5,Medido robustamente
1382.2622110292866,3.4500120412871262,3.179050277771758,-0.27096176351536805,5,Medido robustamente
1384.5958830773409,3.458968092880271,3.185214372564918,-0.2737537203153533,5,Medido robustamente
1386.9334950618156,3.467924144473421,3.1913784673580805,-0.2765456771153403,5,Medido robustamente
1389.275053634502,3.476880196066571,3.1975425621512428,-0.2793376339153282,5,Medido robustamente
1391.6205654584214,3.48583624765972,3.203706656944405,-0.2821295907153152,4,Medido con incertidumbre
1393.970037207844,3.4947922992528704,3.209870751737568,-0.2849215475153022,4,Medido con incertidumbre
1396.3234755683088,3.50374835084602,3.2160348465307305,-0.28771350431528964,4,Medido con incertidumbre
1398.680887236643,3.5127044024391747,3.2221989413238963,-0.2905054611152784,4,Medido con incertidumbre
1401.0422789209758,3.5216604540323195,3.2283630361170554,-0.2932974179152641,4,Medido con incertidumbre
1403.407657340766,3.530616505625469,3.234527130910218,-0.29608937471525065,4,Medido con incertidumbre
1405.7770292268158,3.5395725572186194,3.240691225703381,-0.29888133151523855,4,Medido con incertidumbre
1408.1504013212902,3.548528608811768,3.246855320496543,-0.30167328831522466,4,Medido con incertidumbre
1410.5277803777378,3.557484660404919,3.253019415289706,-0.304465245115213,4,Medido con incertidumbre
1412.9091731611088,3.566440711998068,3.259183510082868,-0.3072572019152,4,Medido con incertidumbre
1415.294586447775,3.575396763591218,3.265347604876031,-0.310049158715187,4,Medido con incertidumbre
1417.684027025548,3.5843528151843627,3.2715116996691904,-0.31284111551517224,4,Medido con incertidumbre
1420.0775016937002,3.5933088667775124,3.2776757944623527,-0.3156330723151597,4,Medido con incertidumbre
1422.4750172629826,3.602264918370662,3.283839889255515,-0.31842502911514714,4,Medido con incertidumbre
1424.876580555645,3.611220969963812,3.2900039840486777,-0.32121698591513415,4,Medido con incertidumbre
1427.282198405455,3.620177021556962,3.2961680788418404,-0.3240089427151216,4,Medido con incertidumbre
1429.691877657718,3.629133073150107,3.3023321736349995,-0.32680089951510727,4,Medido con incertidumbre
1432.1056251692958,3.638089124743257,3.3084962684281622,-0.3295928563150947,4,Medido con incertidumbre
1434.5234478086272,3.647045176336407,3.314660363221325,-0.33238481311508217,4,Medido con incertidumbre
1436.9453524557468,3.656001227929557,3.320824458014487,-0.33517676991507006,4,Medido con incertidumbre
1439.3713460023043,3.664957279522706,3.32698855280765,-0.3379687267150562,4,Medido con incertidumbre
1441.8014353515855,3.673913331115856,3.333152647600812,-0.3407606835150436,4,Medido con incertidumbre
1444.23562741853,3.6828693827090007,3.339316742393972,-0.34355264031502886,4,Medido con incertidumbre
1446.6739291297524,3.6918254343021504,3.345480837187134,-0.3463445971150163,4,Medido con incertidumbre
1449.1163474235616,3.7007814858953,3.351644931980297,-0.3491365539150033,4,Medido con incertidumbre
1451.56288924998,3.70973753748845,3.357809026773459,-0.35192851071499076,4,Medido con incertidumbre
1454.0135615707643,3.7186935890816,3.3639731215666218,-0.3547204675149782,4,Medido con incertidumbre
1456.4683713594245,3.7276496406747497,3.370137216359784,-0.35751242431496566,4,Medido con incertidumbre
1458.9273256012436,3.7366056922678954,3.376301311152944,-0.36030438111495133,4,Medido con incertidumbre
1461.3904312932984,3.7455617438610447,3.382465405946106,-0.3630963379149388,4,Medido con incertidumbre
1463.8576954444782,3.7545177954541935,3.3886295007392686,-0.3658882947149249,4,Medido con incertidumbre
1466.3291250755062,3.763473847047344,3.3947935955324318,-0.36868025151491235,4,Medido con incertidumbre
1468.804727218958,3.772429898640493,3.400957690325594,-0.3714722083148989,4,Medido con incertidumbre
1471.2845089192829,3.7805330188896704,3.4059637266380007,-0.3745692922516697,4,Medido con incertidumbre
1473.7684772328228,3.7866173739900617,3.4082288059932986,-0.3783885679967631,4,Medido con incertidumbre
1476.256639227833,3.792701729090457,3.4104938853485973,-0.3822078437418597,4,Medido con incertidumbre
1478.7490019845022,3.798786084190852,3.412758964703896,-0.3860271194869558,4,Medido con incertidumbre
1481.2455725949726,3.804870439291247,3.415024044059195,-0.38984639523205233,5,Medido robustamente
1483.74635816336,3.810954794391642,3.417289123414494,-0.393665670977148,5,Medido robustamente
1486.2513658057735,3.817039149492037,3.4195542027697927,-0.3974849467222441,6,Medido robustamente
1488.760602650338,3.82312350459243,3.4218192821250906,-0.4013042224673393,6,Medido robustamente
1491.2740758372106,3.829207859692825,3.4240843614803893,-0.4051234982124359,6,Medido robustamente
1493.791792518605,3.83529221479322,3.426349440835688,-0.408942773957532,6,Medido robustamente
1496.313759858809,3.8413765698936153,3.428614520190987,-0.41276204970262853,6,Medido robustamente
1498.8399850342053,3.84746092499401,3.430879599546286,-0.4165813254477242,6,Medido robustamente
1501.3704752332942,3.853545280094405,3.4331446789015847,-0.4204006011928203,6,Medido robustamente
1503.9052376567108,3.859629635194797,3.4354097582568826,-0.42421987693791463,6,Medido robustamente
1506.444279517248,3.865713990295192,3.437674837612181,-0.4280391526830112,6,Medido robustamente
1508.987608039875,3.871798345395588,3.4399399169674805,-0.43185842842810773,6,Medido robustamente
1511.5352304617609,3.877882700495983,3.442204996322779,-0.43567770417320384,6,Medido robustamente
1514.0871540322903,3.8839670555963774,3.444470075678078,-0.4394969799182995,6,Medido robustamente
1516.6433860130896,3.890051410696773,3.4467351550333767,-0.4433162556633965,6,Medido robustamente
1519.2039336780435,3.896135765797165,3.4490002343886745,-0.4471355314084904,6,Medido robustamente
1521.768804313318,3.90222012089756,3.4512653137439733,-0.45095480715358693,5,Medido robustamente
1524.33800521738,3.908304475997955,3.453530393099272,-0.45477408289868304,5,Medido robustamente
1526.9115437010182,3.9143888310983503,3.455795472454571,-0.45859335864377915,5,Medido robustamente
1529.4894270873644,3.9204731861987456,3.45806055180987,-0.4624126343888757,5,Medido robustamente
1532.071662711914,3.926557541299141,3.4603256311651687,-0.46623191013397225,5,Medido robustamente
1534.658257922547,3.9326418963995327,3.462590710520466,-0.4700511858790666,5,Medido robustamente
1537.2492200795475,3.938726251499928,3.4648557898757657,-0.47387046162416224,5,Medido robustamente
1539.844556555629,3.9448106066003232,3.4671208692310644,-0.4776897373692588,5,Medido robustamente
1542.4442747359492,3.950894961700718,3.469385948586363,-0.4815090131143549,5,Medido robustamente
1545.048382018136,3.956979316801113,3.471651027941662,-0.485328288859451,5,Medido robustamente
1547.6568858123055,3.9630636719015087,3.473916107296961,-0.48914756460454756,5,Medido robustamente
1550.2697935410856,3.969148027001901,3.4761811866522585,-0.49296684034964233,5,Medido robustamente
1552.8871126396348,3.975232382102296,3.478446266007557,-0.4967861160947393,5,Medido robustamente
1555.5088505556648,3.9813167372026905,3.4807113453628564,-0.5006053918398341,5,Medido robustamente
1558.135014749461,3.987401092303086,3.482976424718155,-0.5044246675849307,5,Medido robustamente
1560.7656126939046,3.993485447403481,3.4852415040734543,-0.5082439433300268,5,Medido robustamente
1563.4006518744925,3.999569802503876,3.4875065834287526,-0.5120632190751233,5,Medido robustamente
1566.0401397893595,4.005654157604268,3.4897716627840505,-0.5158824948202176,5,Medido robustamente
1568.6840839493002,4.011738512704663,3.4920367421393497,-0.5197017705653133,5,Medido robustamente
1571.332491877789,4.017822867805059,3.494301821494648,-0.5235210463104107,5,Medido robustamente
1573.985371111002,4.0239072229054536,3.496566900849947,-0.5273403220555064,5,Medido robustamente
1576.6427291978391,4.029991578005848,3.4988319802052463,-0.5311595978006021,5,Medido robustamente
1579.3045736999452,4.036075933106244,3.5010970595605446,-0.5349788735456995,5,Medido robustamente
1581.9709121917306,4.042160288206636,3.5033621389158425,-0.5387981492907938,5,Medido robustamente
1584.6417522603945,4.048244643307031,3.5056272182711417,-0.5426174250358895,5,Medido robustamente
1587.3171015059447,4.052699958591808,3.5055584581992885,-0.5471415003925197,5,Medido robustamente
1589.996967541221,4.054222839026027,3.501288553375678,-0.5529342856503487,5,Medido robustamente
1592.6813579919149,4.055745719460245,3.497018648552068,-0.5587270709081773,5,Medido robustamente
1595.370280496593,4.057268599894464,3.492748743728457,-0.5645198561660076,5,Medido robustamente
1598.0637427067184,4.058791480328681,3.488478838904849,-0.5703126414238322,5,Medido robustamente
1600.761752286671,4.0603143607629,3.484208934081238,-0.5761054266816625,5,Medido robustamente
1603.464316913772,4.061837241197118,3.4799390292576278,-0.5818982119394902,5,Medido robustamente
1606.1714442783027,4.063360121631336,3.4756691244340168,-0.5876909971973197,5,Medido robustamente
1608.883142083529,4.064883002065555,3.471399219610406,-0.5934837824551487,5,Medido robustamente
1611.5994180457217,4.066405882499774,3.467129314786796,-0.5992765677129781,5,Medido robustamente
1614.3202798941809,4.0679287629339935,3.462859409963184,-0.6050693529708093,5,Medido robustamente
1617.0457353712504,4.069451643368211,3.4585895051395754,-0.6108621382286357,5,Medido robustamente
1619.7757922323517,4.0709745238024295,3.454319600315965,-0.6166549234864647,5,Medido robustamente
1622.5104582459967,4.072497404236648,3.4500496954923543,-0.6224477087442937,5,Medido robustamente
1625.249741193814,4.074020284670866,3.445779790668744,-0.6282404940021222,5,Medido robustamente
1627.993648870569,4.075543165105085,3.441509885845133,-0.6340332792599517,5,Medido robustamente
1630.7421890841872,4.077066045539303,3.437239981021523,-0.6398260645177802,5,Medido robustamente
1633.495369655777,4.078588925973521,3.4329700761979147,-0.6456188497756061,5,Medido robustamente
1636.2531984196503,4.080111806407739,3.428700171374304,-0.6514116350334351,5,Medido robustamente
1639.0156832233463,4.081634686841959,3.4244302665506936,-0.657204420291265,5,Medido robustamente
1641.7828319276523,4.083157567276176,3.420160361727083,-0.6629972055490931,5,Medido robustamente
1644.554652406628,4.084680447710395,3.4158904569034725,-0.6687899908069221,5,Medido robustamente
1647.331152547626,4.086203328144613,3.4116205520798646,-0.6745827760647485,5,Medido robustamente
1650.1123402513158,4.087726208578831,3.407350647256254,-0.6803755613225766,5,Medido robustamente
1652.898223431705,4.08924908901305,3.4030807424326435,-0.6861683465804065,5,Medido robustamente
1655.6888100161627,4.090771969447268,3.398810837609033,-0.6919611318382355,5,Medido robustamente
1658.484107945442,4.092294849881487,3.3945409327854223,-0.6977539170960645,5,Medido robustamente
1661.2841251737018,4.093817730315705,3.390271027961812,-0.7035467023538935,5,Medido robustamente
1664.0888696685306,4.095340610749924,3.3860011231382017,-0.709339487611722,5,Medido robustamente
1666.8983494109682,4.096863491184141,3.3817312183145933,-0.715132272869548,5,Medido robustamente
1669.712572395529,4.098386371618361,3.3774613134909828,-0.7209250581273778,5,Medido robustamente
1672.531546630224,4.099909252052578,3.373191408667372,-0.726717843385206,5,Medido robustamente
1675.355280136585,4.101432132486797,3.3689215038437617,-0.732510628643035,5,Medido robustamente
1678.183780949686,4.102955012921015,3.3646515990201515,-0.7383034139008635,5,Medido robustamente
1681.0170571181663,4.1044778933552335,3.360381694196543,-0.7440961991586903,5,Medido robustamente
1683.855116704255,4.106000773789451,3.3561117893729326,-0.7498889844165184,5,Medido robustamente
1686.6979677837903,4.1075236542236695,3.351841884549322,-0.7556817696743474,5,Medido robustamente
1689.5456184462475,4.109046534657889,3.347571979725712,-0.7614745549321769,5,Medido robustamente
1692.3980767947578,4.110569415092107,3.3433020749021014,-0.7672673401900059,5,Medido robustamente
1695.2553509461331,4.112092295526326,3.339032170078491,-0.7730601254478349,5,Medido robustamente
1698.117449030889,4.113615175960543,3.3347622652548825,-0.7788529107056608,5,Medido robustamente
1700.9843791932683,4.115138056394762,3.3304923604312724,-0.7846456959634893,5,Medido robustamente
1703.8561495912627,4.11666093682898,3.326222455607662,-0.7904384812213183,5,Medido robustamente
1706.7327683966382,4.118183817263199,3.3219525507840517,-0.7962312664791469,5,Medido robustamente
1709.614243794956,4.119706697697417,3.3176826459604407,-0.8020240517369763,3,Medido con incertidumbre
1712.5005839855985,4.120077679566832,3.3117131329626264,-0.808364546604206,3,Medido con incertidumbre
1715.3917971817891,4.118839849278425,3.303369842986747,-0.8154700062916778,3,Medido con incertidumbre
1718.28789161062,4.117602018990018,3.295026553010873,-0.8225754659791451,3,Medido con incertidumbre
1721.1888755130706,4.116364188701611,3.286683263034994,-0.8296809256666169,3,Medido con incertidumbre
1724.0947571440354,4.115126358413203,3.2783399730591145,-0.8367863853540887,3,Medido con incertidumbre
1727.0055447723453,4.113888528124796,3.269996683083236,-0.8438918450415596,3,Medido con incertidumbre
1729.9212466807903,4.112650697836388,3.261653393107357,-0.8509973047290313,4,Medido con incertidumbre
1732.8418711661466,4.111412867547981,3.253310103131477,-0.8581027644165036,4,Medido con incertidumbre
1735.767426539195,4.110175037259573,3.244966813155603,-0.86520822410397,4,Medido con incertidumbre
1738.6979211247494,4.108937206971167,3.236623523179724,-0.8723136837914436,4,Medido con incertidumbre
1741.6333632616777,4.107699376682758,3.2282802332038445,-0.8794191434789136,4,Medido con incertidumbre
1744.5737613029264,4.106461546394352,3.2199369432279656,-0.8865246031663867,4,Medido con incertidumbre
1747.5191236155442,4.105223716105943,3.211593653252087,-0.8936300628538563,4,Medido con incertidumbre
1750.4694585807065,4.103985885817536,3.2032503632762075,-0.9007355225413289,4,Medido con incertidumbre
1753.4247745937375,4.102748055529129,3.194907073300333,-0.9078409822287958,4,Medido con incertidumbre
1756.3850800641362,4.101510225240721,3.186563783324454,-0.9149464419162676,4,Medido con incertidumbre
1759.3503834155988,4.100272394952313,3.1782204933485745,-0.9220519016037385,4,Medido con incertidumbre
1762.3206930860435,4.099034564663906,3.169877203372696,-0.9291573612912103,4,Medido con incertidumbre
1765.2960175276344,4.097796734375498,3.1615339133968163,-0.9362628209786816,4,Medido con incertidumbre
1768.2763652068045,4.096558904087091,3.153190623420942,-0.9433682806661494,4,Medido con incertidumbre
1771.2617446042818,4.095321073798683,3.1448473334450626,-0.9504737403536203,4,Medido con incertidumbre
1774.2521642151116,4.094083243510276,3.136504043469184,-0.9575792000410921,4,Medido con incertidumbre
1777.2476325486816,4.092845413221869,3.1281607534933045,-0.9646846597285643,4,Medido con incertidumbre
1780.248158128746,4.091607582933461,3.1198174635174256,-0.9717901194160357,4,Medido con incertidumbre
1783.2537494934493,4.090369752645054,3.1114741735415468,-0.978895579103507,4,Medido con incertidumbre
1786.2644151953511,4.089131922356646,3.103130883565667,-0.9860010387909792,4,Medido con incertidumbre
1789.2801638014505,4.08789409206824,3.0947875935897926,-0.993106498478447,4,Medido con incertidumbre
1792.3010038932102,4.086656261779831,3.0864443036139138,-1.0002119581659175,4,Medido con incertidumbre
1795.3269440665806,4.085418431491424,3.0781010136380345,-1.0073174178533892,4,Medido con incertidumbre
1798.357992932025,4.084180601203016,3.069757723662156,-1.0144228775408601,4,Medido con incertidumbre
1801.3941591145435,4.082942770914609,3.0614144336862763,-1.0215283372283324,4,Medido con incertidumbre
1804.4354512536984,4.081704940626201,3.053071143710397,-1.0286337969158041,4,Medido con incertidumbre
1807.481878003637,4.0804671103377945,3.044727853734523,-1.0357392566032715,4,Medido con incertidumbre
1810.5334480331185,4.079229280049386,3.036384563758644,-1.042844716290742,4,Medido con incertidumbre
1813.5901700255367,4.077991449760979,3.0280412737827644,-1.0499501759782142,4,Medido con incertidumbre
1816.652052678947,4.076753619472571,3.0196979838068856,-1.0570556356656855,4,Medido con incertidumbre
1819.719104706088,4.0755157891841645,3.0113546938310067,-1.0641610953531577,4,Medido con incertidumbre
1822.7913348344084,4.074277958895756,3.0030114038551274,-1.0712665550406286,4,Medido con incertidumbre
1825.868751806092,4.073040128607349,2.9946681138792526,-1.0783720147280969,4,Medido con incertidumbre
1828.9513643780824,4.071802298318942,2.9863248239033737,-1.0854774744155682,4,Medido con incertidumbre
1832.039181322106,4.070564468030534,2.9779815339274944,-1.09258293410304,4,Medido con incertidumbre
1835.1322114247,4.069326637742127,2.969638243951615,-1.0996883937905118,4,Medido con incertidumbre
1838.2304634872355,4.068088807453719,2.9612949539757367,-1.1067938534779826,4,Medido con incertidumbre
1841.333946325942,4.066850977165311,2.952951663999857,-1.113899313165454,4,Medido con incertidumbre
1844.442668771935,4.065613146876904,2.9446083740239826,-1.1210047728529218,4,Medido con incertidumbre
1847.556639671238,4.063697729367613,2.935386177217251,-1.128311552150362,4,Medido con incertidumbre
1850.6758678848107,4.061040464373041,2.925201720789665,-1.1358387435833759,4,Medido con incertidumbre
1853.800362288572,4.0583831993784685,2.915017264362078,-1.1433659350163903,4,Medido con incertidumbre
1856.9301317734253,4.055725934383896,2.904832807934493,-1.1508931264494033,4,Medido con incertidumbre
1860.0651852452863,4.053068669389326,2.894648351506912,-1.1584203178824137,4,Medido con incertidumbre
1863.205531625105,4.050411404394753,2.884463895079326,-1.1659475093154268,4,Medido con incertidumbre
1866.3511798488933,4.0477541394001815,2.8742794386517403,-1.1734747007484412,4,Medido con incertidumbre
1869.5021388677487,4.045096874405609,2.864094982224154,-1.1810018921814551,4,Medido con incertidumbre
1872.658417647884,4.042439609411037,2.853910525796568,-1.188529083614469,4,Medido con incertidumbre
1875.8200251706448,4.039782344416465,2.843726069368981,-1.196056275047484,4,Medido con incertidumbre
1878.986970432544,4.037125079421893,2.833541612941396,-1.2035834664804965,4,Medido con incertidumbre
1882.159262445281,4.034467814427321,2.823357156513815,-1.2111106579135065,4,Medido con incertidumbre
1885.336910235771,4.03181054943275,2.8131727000862288,-1.2186378493465213,4,Medido con incertidumbre
1888.5199228461688,4.029153284438178,2.802988243658642,-1.2261650407795357,4,Medido con incertidumbre
1891.7083093338945,4.026496019443606,2.7928037872310565,-1.2336922322125492,4,Medido con incertidumbre
1894.9020787716609,4.0238387544490335,2.7826193308034703,-1.2412194236455631,4,Medido con incertidumbre
1898.1012402474971,4.021181489454463,2.77243487437589,-1.248746615078573,4,Medido con incertidumbre
1901.305802864777,4.018524224459891,2.762250417948304,-1.256273806511587,4,Medido con incertidumbre
1904.5157757422423,4.015866959465319,2.7520659615207173,-1.2638009979446014,4,Medido con incertidumbre
1907.7311680140303,4.013209694470746,2.741881505093131,-1.2713281893776145,4,Medido con incertidumbre
1910.9519888297,4.010552429476174,2.7316970486655454,-1.2788553808106289,4,Medido con incertidumbre
1914.178247354256,4.007895164481602,2.72151259223796,-1.286382572243642,4,Medido con incertidumbre
1917.4099527681792,4.00523789948703,2.7113281358103736,-1.2939097636766563,4,Medido con incertidumbre
1920.6471142674463,4.002580634492459,2.7011436793827928,-1.3014369551096658,4,Medido con incertidumbre
1923.8897410635625,3.999923369497887,2.6909592229552066,-1.3089641465426802,4,Medido con incertidumbre
1927.137842383583,3.997266104503315,2.6807747665276205,-1.3164913379756946,4,Medido con incertidumbre
1930.3914274701413,3.994608839508743,2.6705903101000343,-1.3240185294087086,4,Medido con incertidumbre
1933.650505581476,3.9919515745141703,2.660405853672448,-1.331545720841722,4,Medido con incertidumbre
1936.915085991456,3.9892943095195994,2.650221397244862,-1.3390729122747373,4,Medido con incertidumbre
1940.185177989607,3.986637044525028,2.640036940817281,-1.3466001037077473,4,Medido con incertidumbre
1943.4607908811377,3.983979779530456,2.6298524843896955,-1.3541272951407604,4,Medido con incertidumbre
1946.7419339869684,3.981322514535884,2.6196680279621094,-1.3616544865737747,3,Medido con incertidumbre
1950.0286166437545,3.978665249541312,2.6094835715345237,-1.3691816780067882,3,Medido con incertidumbre
1953.3208482039147,3.9760079845467393,2.599299115106937,-1.3767088694398022,3,Medido con incertidumbre
1956.618638035658,3.973350719552167,2.589114658679351,-1.3842360608728161,3,Medido con incertidumbre
1959.921995523009,3.970693454557596,2.5789302022517706,-1.3917632523058252,3,Medido con incertidumbre
1963.230930065836,3.968036189563025,2.5687457458241845,-1.3992904437388405,3,Medido con incertidumbre
1966.545451079876,3.965378924568452,2.558561289396598,-1.406817635171854,5,Medido robustamente
1969.865567996764,3.96272165957388,2.548376832969012,-1.414344826604868,5,Medido robustamente
1973.191290264058,3.960064394579308,2.538192376541426,-1.4218720180378819,5,Medido robustamente
1976.5226273452647,3.957407129584737,2.528007920113845,-1.4293992094708923,5,Medido robustamente
1979.8595887198717,3.954749864590165,2.5178234636862595,-1.4369264009039053,5,Medido robustamente
1983.2021838833664,3.9520925995955927,2.507639007258673,-1.4444535923369197,5,Medido robustamente
1986.55042234727,3.949435334601021,2.497454550831087,-1.4519807837699341,5,Medido robustamente
1989.9043136391615,3.9467780696064487,2.487270094403501,-1.4595079752029476,5,Medido robustamente
1993.263867302706,3.9436506806993967,2.4767669530211047,-1.466883727678292,5,Medido robustamente
1996.62909289768,3.940118735910609,2.465989573571967,-1.474129162338642,5,Medido robustamente
2000.0,3.93658679112182,2.455212194122824,-1.4813745969989962,5,Medido robustamente
2003.3765982017503,3.933054846333031,2.444434814673681,-1.4886200316593499,5,Medido robustamente
2006.7588971112089,3.929522901544242,2.4336574352245384,-1.4958654663197035,5,Medido robustamente
2010.1469063528743,3.9259909567554527,2.422880055775395,-1.5031109009800576,5,Medido robustamente
2013.5406355674968,3.922459011966664,2.4121026763262523,-1.5103563356404117,5,Medido robustamente
2016.940094412101,3.918927067177875,2.401325296877109,-1.5176017703007658,5,Medido robustamente
2020.345292560016,3.915395122389088,2.3905479174279725,-1.5248472049611155,5,Medido robustamente
2023.756239700902,3.9118631776002974,2.379770537978829,-1.5320926396214682,5,Medido robustamente
2027.1729455407792,3.9083312328115087,2.3689931585296864,-1.5393380742818223,5,Medido robustamente
2030.595419802054,3.90479928802272,2.358215779080544,-1.546583508942176,5,Medido robustamente
2034.023672223547,3.901267343233931,2.3474383996314008,-1.55382894360253,5,Medido robustamente
2037.4577125605208,3.897735398445144,2.3366610201822637,-1.5610743782628802,5,Medido robustamente
2040.8975505847077,3.8942034536563535,2.3258836407331205,-1.568319812923233,5,Medido robustamente
2044.3431960843377,3.890671508867565,2.3151062612839777,-1.5755652475835875,5,Medido robustamente
2047.794658864167,3.887139564078776,2.3043288818348344,-1.5828106822439416,5,Medido robustamente
2051.2519487455043,3.883607619289987,2.293551502385692,-1.5900561169042948,5,Medido robustamente
2054.71507556624,3.8800756745011977,2.282774122936549,-1.597301551564649,5,Medido robustamente
2058.1840491808725,3.876543729712409,2.271996743487405,-1.604546986225004,5,Medido robustamente
2061.65887946054,3.873011784923621,2.2612193640382685,-1.6117924208853527,5,Medido robustamente
2065.139576293044,3.869479840134832,2.2504419845891253,-1.6190378555457068,5,Medido robustamente
2068.626149582881,3.865947895346043,2.239664605139983,-1.62628329020606,5,Medido robustamente
2072.118609251269,3.8624159505572537,2.22888722569084,-1.6335287248664137,5,Medido robustamente
2075.616965236174,3.858884005768465,2.2181098462416964,-1.6407741595267686,5,Medido robustamente
2079.121227492343,3.8553520609796776,2.20733246679256,-1.6480195941871179,5,Medido robustamente
2082.631405991329,3.851820116190889,2.1965550873434165,-1.6552650288474724,5,Medido robustamente
2086.1475107215183,3.848288171402099,2.1857777078942737,-1.6625104635078252,5,Medido robustamente
2089.6695516881623,3.8447562266133097,2.1750003284451305,-1.6697558981681793,5,Medido robustamente
2093.197538913404,3.841224281824521,2.164222948995988,-1.677001332828533,5,Medido robustamente
2096.7314824363048,3.837692337035732,2.153445569546845,-1.684246767488887,5,Medido robustamente
2100.2713923128786,3.834160392246945,2.142668190097708,-1.6914922021492371,5,Medido robustamente
2103.817278616114,3.8306284474581553,2.131890810648565,-1.6987376368095903,5,Medido robustamente
2107.369151436007,3.827096502669367,2.1211134311994213,-1.7059830714699458,5,Medido robustamente
2110.9270208795883,3.823564557880577,2.1103360517502785,-1.7132285061302985,5,Medido robustamente
2114.490897070952,3.820032613091788,2.099558672301136,-1.7204739407906517,5,Medido robustamente
2118.060790151286,3.816500668302999,2.088781292851993,-1.7277193754510063,5,Medido robustamente
2121.6367102788968,3.8129687235142113,2.078003913402856,-1.7349648101113555,5,Medido robustamente
2125.218667629244,3.809436778725422,2.0672265339537126,-1.7422102447717096,5,Medido robustamente
2128.806672394965,3.8059048339366335,2.0564491545045698,-1.7494556794320637,5,Medido robustamente
2132.400734785907,3.802372889147844,2.0456717750554265,-1.7567011140924174,5,Medido robustamente
2136.000865029151,3.798840944359055,2.034894395606284,-1.763946548752771,5,Medido robustamente
2139.6070733690485,3.7953089995702656,2.024117016157141,-1.7711919834131247,5,Medido robustamente
2143.2193700672437,3.791777054781479,2.0133396367080034,-1.7784374180734757,5,Medido robustamente
2146.837765402706,3.7882451099926895,2.0025622572588606,-1.7856828527338289,5,Medido robustamente
2150.46226967176,3.7843269328402287,1.9920160826673836,-1.792310850172845,5,Medido robustamente
2154.0928931881126,3.7801486802640087,1.9816255933757103,-1.7985230868882984,5,Medido robustamente
2157.729646282883,3.775970427687788,1.9712351040840368,-1.804735323603751,5,Medido robustamente
2161.3725393046343,3.771792175111568,1.9608446147923644,-1.8109475603192036,5,Medido robustamente
2165.0215826193985,3.767613922535348,1.9504541255006915,-1.8171597970346565,5,Medido robustamente
2168.6767866107098,3.76343566995913,1.940063636209024,-1.8233720337501058,5,Medido robustamente
2172.338161679633,3.759257417382909,1.929673146917351,-1.829584270465558,5,Medido robustamente
2176.0057182447936,3.7550791648066895,1.919282657625678,-1.8357965071810114,5,Medido robustamente
2179.679466742405,3.75090091223047,1.9088921683340048,-1.8420087438964652,5,Medido robustamente
2183.3594176263023,3.7467226596542496,1.898501679042332,-1.8482209806119176,5,Medido robustamente
2187.045581367968,3.742544407078032,1.8881111897506648,-1.854433217327367,5,Medido robustamente
2190.7379684565644,3.738366154501811,1.877720700458992,-1.860645454042819,5,Medido robustamente
2194.4365893989625,3.734187901925592,1.867330211167319,-1.866857690758273,5,Medido robustamente
2198.141454719772,3.730009649349372,1.8569397218756456,-1.8730699274737264,5,Medido robustamente
2201.852574961372,3.725831396773151,1.846549232583973,-1.8792821641891782,5,Medido robustamente
2205.5699606839385,3.721653144196932,1.8361587432923,-1.885494400904632,5,Medido robustamente
2209.293622465478,3.717474891620713,1.8257682540006324,-1.8917066376200806,5,Medido robustamente
2213.023570901856,3.713296639044493,1.8153777647089595,-1.8979188743355335,5,Medido robustamente
2216.7598166068246,3.7091183864682735,1.8049872754172864,-1.904131111050987,5,Medido robustamente
2220.502370212058,3.704940133892053,1.7945967861256136,-1.9103433477664395,5,Medido robustamente
2224.251242367178,3.7007618813158327,1.7842062968339407,-1.916555584481892,5,Medido robustamente
2228.0064437397864,3.696583628739615,1.7738158075422732,-1.9227678211973418,5,Medido robustamente
2231.7679850154964,3.692405376163395,1.7634253182506,-1.9289800579127951,5,Medido robustamente
2235.53587689796,3.688227123587175,1.7530348289589273,-1.9351922946282478,4,Medido con incertidumbre
2239.3101301089005,3.6840488710109542,1.7426443396672542,-1.9414045313437,4,Medido con incertidumbre
2243.090755388144,3.679870618434735,1.732253850375581,-1.947616768059154,4,Medido con incertidumbre
2246.877763493647,3.6756923658585143,1.7218633610839085,-1.9538290047746059,4,Medido con incertidumbre
2250.671165201529,3.6715141132822944,1.7114728717922354,-1.960041241490059,4,Medido con incertidumbre
2254.4709713061047,3.6673358607060766,1.701082382500568,-1.9662534782055086,4,Medido con incertidumbre
2258.27719261991,3.6631576081298567,1.690691893208895,-1.9724657149209617,4,Medido con incertidumbre
2262.0898399737366,3.658979355553636,1.680301403917222,-1.978677951636414,4,Medido con incertidumbre
2265.908924216663,3.654801102977416,1.6699109146255489,-1.984890188351867,4,Medido con incertidumbre
2269.7344562160824,3.650622850401196,1.6595204253338758,-1.9911024250673202,4,Medido con incertidumbre
2273.566446857737,3.646444597824976,1.6491299360422031,-1.9973146617827728,4,Medido con incertidumbre
2277.404907045747,3.642266345248756,1.63873944675053,-2.003526898498226,4,Medido con incertidumbre
2281.2498477026406,3.638088092672538,1.6283489574588628,-2.009739135213675,4,Medido con incertidumbre
2285.101279769389,3.633909840096318,1.6179584681671897,-2.015951371929128,4,Medido con incertidumbre
2288.959214205432,3.629731587520098,1.6075679788755168,-2.022163608644581,4,Medido con incertidumbre
2292.8236619887143,3.6255533349438775,1.5971774895838438,-2.028375845360034,4,Medido con incertidumbre
2296.694634115715,3.6213750823676576,1.586787000292171,-2.0345880820754867,4,Medido con incertidumbre
2300.572141601477,3.61719682979144,1.5763965110005034,-2.0408003187909367,4,Medido con incertidumbre
2304.4561954796413,3.61301857721522,1.5660060217088303,-2.04701255550639,4,Medido con incertidumbre
2308.3468068024754,3.608840324638999,1.5556155324171574,-2.0532247922218416,4,Medido con incertidumbre
2312.243986640908,3.604662072062779,1.5452250431254846,-2.0594370289372943,4,Medido con incertidumbre
2316.14774608456,3.600483819486557,1.534834553833806,-2.065649265652751,4,Medido con incertidumbre
2320.0580962417685,3.596064634378666,1.525602537812582,-2.070462096566084,4,Medido con incertidumbre
2323.975048239631,3.5915200643971,1.5169734085151545,-2.074546655881946,4,Medido con incertidumbre
2327.8986132240307,3.5869754944155288,1.5083442792177175,-2.0786312151978112,4,Medido con incertidumbre
2331.8288023596647,3.582430924433963,1.4997151499202896,-2.0827157745136735,4,Medido con incertidumbre
2335.7656268300834,3.5778863544523944,1.4910860206228571,-2.0868003338295376,4,Medido con incertidumbre
2339.7090978377155,3.573341784470826,1.482456891325425,-2.090884893145401,4,Medido con incertidumbre
2343.659226603904,3.568797214489258,1.4738277620279927,-2.094969452461265,4,Medido con incertidumbre
2347.616024368937,3.5642526445076896,1.4651986327305602,-2.0990540117771292,4,Medido con incertidumbre
2351.579502392079,3.559708074526123,1.4565695034331323,-2.103138571092991,4,Medido con incertidumbre
2355.549671951604,3.555163504544555,1.4479403741357,-2.1072231304088547,4,Medido con incertidumbre
2359.526544344826,3.5506189345629866,1.4393112448382674,-2.111307689724719,4,Medido con incertidumbre
2363.5101308881344,3.546074364581418,1.4306821155408354,-2.1153922490405828,4,Medido con incertidumbre
2367.500442917022,3.5415297945998496,1.4220529862434028,-2.119476808356447,4,Medido con incertidumbre
2371.49749178612,3.536985224618283,1.413423856945975,-2.123561367672308,4,Medido con incertidumbre
2375.5012888692304,3.532440654636715,1.4047947276485426,-2.1276459269881722,4,Medido con incertidumbre
2379.511845559356,3.527896084655147,1.3961655983511103,-2.1317304863040367,4,Medido con incertidumbre
2383.529173268735,3.5233515146735783,1.387536469053678,-2.1358150456199003,4,Medido con incertidumbre
2387.5532834288742,3.5188069446920096,1.3789073397562457,-2.139899604935764,4,Medido con incertidumbre
2391.584187490578,3.5142623747104413,1.3702782104588132,-2.143984164251628,4,Medido con incertidumbre
2395.621896923986,3.509717804728876,1.3616490811613853,-2.1480687235674907,4,Medido con incertidumbre
2399.6664232185994,3.505173234747307,1.3530199518639532,-2.152153282883354,4,Medido con incertidumbre
2403.7177778833197,3.5006286647657383,1.3443908225665206,-2.156237842199218,4,Medido con incertidumbre
2407.775972446477,3.4960840947841705,1.335761693269088,-2.1603224015150824,4,Medido con incertidumbre
2411.841018455867,3.4915395248026018,1.3271325639716558,-2.164406960830946,4,Medido con incertidumbre
2415.91292747878,3.486994954821033,1.3185034346742237,-2.1684915201468096,4,Medido con incertidumbre
2419.9917111020345,3.482450384839467,1.3098743053767956,-2.1725760794626714,4,Medido con incertidumbre
2424.077380932013,3.477905814857899,1.3012451760793633,-2.176660638778536,4,Medido con incertidumbre
2428.1699485946924,3.4733612448763305,1.292616046781931,-2.1807451980943995,4,Medido con incertidumbre
2432.269425735677,3.468816674894762,1.283986917484499,-2.184829757410263,4,Medido con incertidumbre
2436.3758240202324,3.464272104913193,1.275357788187066,-2.188914316726127,4,Medido con incertidumbre
2440.4891551333194,3.459727534931625,1.2667286588896338,-2.192998876041991,4,Medido con incertidumbre
2444.6094307796266,3.4551829649500565,1.2580995295922015,-2.1970834353578548,4,Medido con incertidumbre
2448.7366626836024,3.450638394968491,1.2494704002947736,-2.2011679946737175,4,Medido con incertidumbre
2452.870862589491,3.446093824986922,1.240841270997341,-2.205252553989581,4,Medido con incertidumbre
2457.012042261364,3.441549255005354,1.2322121416999088,-2.209337113305445,4,Medido con incertidumbre
2461.1602134831523,3.4370046850237856,1.2235830124024765,-2.213421672621309,4,Medido con incertidumbre
2465.3153880586856,3.4324601150422174,1.2149538831050442,-2.2175062319371732,4,Medido con incertidumbre
2469.4775778117187,3.4279155450606487,1.2063247538076118,-2.221590791253037,4,Medido con incertidumbre
2473.646794585969,3.4233709750790826,1.197695624510184,-2.2256753505688986,4,Medido con incertidumbre
2477.823050245151,3.4188264050975143,1.1890664952127517,-2.2297599098847627,4,Medido con incertidumbre
2482.006356673008,3.4142818351159456,1.1804373659153191,-2.2338444692006263,4,Medido con incertidumbre
2486.196725773345,3.4097372651343774,1.1718082366178868,-2.237929028516491,4,Medido con incertidumbre
2490.3941694700666,3.405192695152809,1.1631791073204545,-2.2420135878323544,4,Medido con incertidumbre
2494.5986997072077,3.400648125171243,1.1545499780230266,-2.246098147148216,4,Medido con incertidumbre
2498.810328448967,3.3961035551896743,1.1459208487255943,-2.25018270646408,4,Medido con incertidumbre
2503.029067679745,3.38769130635445,1.1357117410563355,-2.2519795652981145,4,Medido con incertidumbre
2507.254929404173,3.3777587381518943,1.124881570519776,-2.252877167632118,4,Medido con incertidumbre
2511.4879256471504,3.367826169949339,1.1140513999832165,-2.253774769966123,4,Medido con incertidumbre
2515.728068453879,3.3578936017467838,1.1032212294466568,-2.254672372300127,4,Medido con incertidumbre
2519.975369889896,3.347961033544228,1.0923910589100974,-2.2555699746341307,4,Medido con incertidumbre
2524.2298420411084,3.338028465341678,1.0815608883735437,-2.2564675769681344,4,Medido con incertidumbre
2528.4914970138284,3.3280958971391223,1.0707307178369838,-2.2573651793021385,4,Medido con incertidumbre
2532.760346934808,3.318163328936567,1.0599005473004242,-2.2582627816361427,4,Medido con incertidumbre
2537.036403951269,3.308230760734012,1.0490703767638645,-2.2591603839701473,5,Medido robustamente
2541.319680230948,3.298298192531456,1.038240206227305,-2.260057986304151,5,Medido robustamente
2545.610187962118,3.288365624328901,1.0274100356907456,-2.260955588638155,5,Medido robustamente
2549.9079393536326,3.2784330561263504,1.0165798651541915,-2.261853190972159,5,Medido robustamente
2554.212946634957,3.268500487923795,1.005749694617632,-2.262750793306163,5,Medido robustamente
2558.5252220562047,3.25856791972124,0.9949195240810724,-2.2636483956401676,5,Medido robustamente
2562.844777888168,3.2486353515186845,0.9840893535445128,-2.2645459979741718,5,Medido robustamente
2567.171626422359,3.238702783316129,0.9732591830079532,-2.2654436003081755,5,Medido robustamente
2571.5057799710403,3.228770215113573,0.9624290124713936,-2.2663412026421796,5,Medido robustamente
2575.8472508672603,3.218837646911023,0.9515988419348398,-2.2672388049761834,5,Medido robustamente
2580.1960514648918,3.208905078708468,0.94076867139828,-2.268136407310188,5,Medido robustamente
2584.5521941386605,3.1989725105059126,0.9299385008617206,-2.269034009644192,5,Medido robustamente
2588.915691284189,3.189039942303357,0.919108330325161,-2.269931611978196,5,Medido robustamente
2593.2865553180263,3.179107374100801,0.9082781597886014,-2.2708292143122,5,Medido robustamente
2597.664798677681,3.1691748058982463,0.8974479892520418,-2.2717268166462046,5,Medido robustamente
2602.050433821664,3.161030751126727,0.8893596682068939,-2.2716710829198328,5,Medido robustamente
2606.4434732295163,3.1549253200792244,0.884396623899337,-2.2705286961798876,5,Medido robustamente
2610.8439294018517,3.1488198890317225,0.8794335795917804,-2.269386309439942,5,Medido robustamente
2615.2518148603854,3.142714457984221,0.8744705352842236,-2.2682439226999973,5,Medido robustamente
2619.667142147976,3.136609026936718,0.8695074909766667,-2.2671015359600517,5,Medido robustamente
2624.0899238286565,3.130503595889216,0.8645444466691099,-2.265959149220106,5,Medido robustamente
2628.520172487672,3.1243981648417174,0.8595814023615558,-2.2648167624801614,5,Medido robustamente
2632.9579007315147,3.118292733794215,0.8546183580539989,-2.2636743757402162,5,Medido robustamente
2637.403121187961,3.112187302746713,0.8496553137464421,-2.262531989000271,5,Medido robustamente
2641.8558465061083,3.106081871699211,0.8446922694388853,-2.261389602260326,5,Medido robustamente
2646.3160893564063,3.0999764406517087,0.8397292251313285,-2.2602472155203803,5,Medido robustamente
2650.783862430698,3.09387100960421,0.8347661808237743,-2.2591048287804356,5,Medido robustamente
2655.259178442254,3.087765578556708,0.8298031365162176,-2.2579624420404905,5,Medido robustamente
2659.742050125808,3.081660147509206,0.8248400922086608,-2.2568200553005453,5,Medido robustamente
2664.232490237596,3.075554716461704,0.819877047901104,-2.2556776685606,5,Medido robustamente
2668.7305115553854,3.0694492854142013,0.8149140035935472,-2.254535281820654,5,Medido robustamente
2673.236126878522,3.0633438543667,0.8099509592859904,-2.25339289508071,5,Medido robustamente
2677.749349027958,3.0572384233191974,0.8049879149784336,-2.252250508340764,5,Medido robustamente
2682.270190846291,3.0511329922716985,0.8000248706708794,-2.251108121600819,5,Medido robustamente
2686.7986651978003,3.045027561224196,0.7950618263633226,-2.2499657348608735,5,Medido robustamente
2691.3347849684865,3.0389221301766947,0.7900987820557659,-2.2488233481209288,5,Medido robustamente
2695.8785630661023,3.0328166991291923,0.7851357377482091,-2.247680961380983,5,Medido robustamente
2700.4300124201955,3.0267112680816903,0.7801726934406523,-2.246538574641038,5,Medido robustamente
2704.9891459821406,3.0206058370341884,0.7752096491330955,-2.245396187901093,5,Medido robustamente
2709.555976725179,3.0145004059866896,0.7702466048255412,-2.2442538011611486,5,Medido robustamente
2714.130517644455,3.008394974939187,0.7652835605179844,-2.243111414421203,5,Medido robustamente
2718.7127817570517,3.002289543891685,0.7603205162104276,-2.2419690276812574,5,Medido robustamente
2723.3027821020296,2.996184112844183,0.7553574719028708,-2.240826640941312,5,Medido robustamente
2727.900531740463,2.990078681796681,0.750394427595314,-2.239684254201367,5,Medido robustamente
2732.506043755477,2.983973250749179,0.7454313832877573,-2.2385418674614215,5,Medido robustamente
2737.119331252285,2.97786781970168,0.7404683389802031,-2.2373994807214768,5,Medido robustamente
2741.740407358226,2.9717623886541777,0.7355052946726464,-2.236257093981531,5,Medido robustamente
2746.369285222802,2.965656957606676,0.7305422503650895,-2.2351147072415865,5,Medido robustamente
2751.0059780177144,2.9595515265591734,0.7255792060575327,-2.233972320501641,5,Medido robustamente
2755.650498936904,2.953446095511672,0.720616161749976,-2.232829933761696,5,Medido robustamente
2760.3028611965847,2.9473406644641726,0.7156531174424218,-2.231687547021751,5,Medido robustamente
2764.963078035286,2.9412352334166707,0.710690073134865,-2.230545160281806,5,Medido robustamente
2769.6311627138857,2.9351298023691683,0.7057270288273081,-2.2294027735418602,5,Medido robustamente
2774.307128515651,2.9290243713216664,0.7007639845197513,-2.228260386801915,5,Medido robustamente
2778.990988746275,2.9229189402741644,0.6958009402121946,-2.22711800006197,5,Medido robustamente
2783.6827567339155,2.916813509226662,0.6908378959046378,-2.2259756133220243,5,Medido robustamente
2788.3824458292306,2.910708078179164,0.6858748515970836,-2.2248332265820805,5,Medido robustamente
2793.0900694054203,2.9038643390685963,0.6819357980363763,-2.22192854103222,5,Medido robustamente
2797.8056408582606,2.896789432753699,0.6783173600696897,-2.2184720726840093,5,Medido robustamente
2802.5291736061445,2.889714526438801,0.6746989221030029,-2.2150156043357985,5,Medido robustamente
2807.26068109012,2.882639620123904,0.6710804841363162,-2.2115591359875877,5,Medido robustamente
2812.0001767739263,2.8755647138090064,0.6674620461696295,-2.208102667639377,5,Medido robustamente
2816.747674144034,2.8684898074941128,0.6638436082029446,-2.204646199291168,5,Medido robustamente
2821.503186709684,2.861414901179215,0.6602251702362579,-2.201189730942957,5,Medido robustamente
2826.266728002922,2.8543399948643176,0.6566067322695712,-2.1977332625947463,5,Medido robustamente
2831.038311578642,2.8472650885494195,0.6529882943028845,-2.194276794246535,5,Medido robustamente
2835.8179510146238,2.8401901822345224,0.6493698563361978,-2.1908203258983248,5,Medido robustamente
2840.605659911567,2.8331152759196248,0.645751418369511,-2.187363857550114,5,Medido robustamente
2845.4014518931363,2.826040369604727,0.6421329804028244,-2.1839073892019027,4,Medido con incertidumbre
2850.205340605996,2.8189654632898336,0.6385145424361396,-2.180450920853694,4,Medido con incertidumbre
2855.0173397198505,2.811890556974936,0.6348961044694529,-2.176994452505483,4,Medido con incertidumbre
2859.837462927482,2.8048156506600384,0.6312776665027662,-2.173537984157272,4,Medido con incertidumbre
2864.665723944792,2.7977407443451408,0.6276592285360795,-2.1700815158090614,4,Medido con incertidumbre
2869.502136510835,2.790665838030243,0.6240407905693928,-2.16662504746085,4,Medido con incertidumbre
2874.346714387865,2.783590931715349,0.620422352602708,-2.163168579112641,4,Medido con incertidumbre
2879.199471361369,2.776516025400452,0.6168039146360212,-2.159712110764431,4,Medido con incertidumbre
2884.060421240109,2.7694411190855543,0.6131854766693345,-2.1562556424162196,4,Medido con incertidumbre
2888.929577856158,2.762366212770657,0.609567038702648,-2.1527991740680092,4,Medido con incertidumbre
2893.806955064944,2.755291306455759,0.6059486007359611,-2.149342705719798,4,Medido con incertidumbre
2898.692566745286,2.748216400140862,0.6023301627692743,-2.1458862373715877,4,Medido con incertidumbre
2903.586426799436,2.7411414938259644,0.5987117248025877,-2.1424297690233765,4,Medido con incertidumbre
2908.488549153114,2.7340665875110703,0.5950932868359029,-2.1389733006751674,4,Medido con incertidumbre
2913.3989477555547,2.7269916811961727,0.5914748488692162,-2.1355168323269567,4,Medido con incertidumbre
2918.3176365795407,2.719916774881275,0.5878564109025295,-2.132060363978746,4,Medido con incertidumbre
2923.244629621446,2.712841868566378,0.5842379729358428,-2.128603895630535,4,Medido con incertidumbre
2928.1799409012738,2.7057669622514804,0.5806195349691561,-2.1251474272823243,4,Medido con incertidumbre
2933.1235844626976,2.6986920559365863,0.5770010970024713,-2.1216909589341153,4,Medido con incertidumbre
2938.075574373101,2.691617149621689,0.5733826590357846,-2.1182344905859045,4,Medido con incertidumbre
2943.035924723619,2.684542243306791,0.5697642210690979,-2.1147780222376933,4,Medido con incertidumbre
2948.0046496291725,2.677467336991894,0.5661457831024111,-2.111321553889483,4,Medido con incertidumbre
2952.981763228517,2.6703924306769964,0.5625273451357244,-2.107865085541272,4,Medido con incertidumbre
2957.9672796842765,2.663317524362099,0.5589089071690377,-2.104408617193061,4,Medido con incertidumbre
2962.9612131829854,2.656242618047201,0.555290469202351,-2.10095214884485,4,Medido con incertidumbre
2967.9635779351297,2.649167711732308,0.5516720312356662,-2.0974956804966416,4,Medido con incertidumbre
2972.9743881751874,2.64209280541741,0.5480535932689795,-2.0940392121484304,5,Medido robustamente
2977.9936581616685,2.635017899102512,0.5444351553022928,-2.090582743800219,5,Medido robustamente
2983.0214021771544,2.627942992787615,0.540816717335606,-2.087126275452009,5,Medido robustamente
2988.057634528341,2.620868086472717,0.5371982793689193,-2.083669807103798,5,Medido robustamente
2993.102369546078,2.613712050419639,0.5336711429543626,-2.0800409074652766,5,Medido robustamente
2998.15562158541,2.605182802368803,0.5316893879204269,-2.073493414448376,5,Medido robustamente
3003.217405025616,2.5966535543179665,0.529707632886491,-2.0669459214314756,5,Medido robustamente
3008.287734270253,2.588124306267139,0.5277258778525573,-2.0603984284145813,5,Medido robustamente
3013.3666237471957,2.5795950582163023,0.5257441228186215,-2.053850935397681,5,Medido robustamente
3018.4540879086744,2.5710658101654658,0.5237623677846857,-2.0473034423807803,5,Medido robustamente
3023.550141231324,2.5625365621146297,0.5217806127507499,-2.04075594936388,5,Medido robustamente
3028.654798216215,2.554007314063793,0.5197988577168141,-2.034208456346979,5,Medido robustamente
3033.768073388904,2.545478066012957,0.5178171026828783,-2.027660963330079,5,Medido robustamente
3038.8899812994705,2.5369488179621205,0.5158353476489425,-2.021113470313178,5,Medido robustamente
3044.0205365225565,2.528419569911284,0.5138535926150066,-2.0145659772962774,5,Medido robustamente
3049.1597536574127,2.519890321860448,0.5118718375810709,-2.008018484279377,5,Medido robustamente
3054.307647327937,2.511361073809611,0.5098900825471351,-2.001470991262476,5,Medido robustamente
3059.464232182717,2.5028318257587747,0.5079083275131993,-1.9949234982455755,5,Medido robustamente
3064.6295228950703,2.494302577707938,0.5059265724792634,-1.9883760052286747,5,Medido robustamente
3069.8035341630894,2.4857733296571016,0.5039448174453277,-1.981828512211774,5,Medido robustamente
3074.98628070968,2.4772440816062744,0.501963062411394,-1.9752810191948804,5,Medido robustamente
3080.1777772826053,2.468714833555438,0.4999813073774581,-1.9687335261779797,5,Medido robustamente
3085.37803865453,2.4601855855045924,0.4979995523435202,-1.962186033161072,5,Medido robustamente
3090.58707962305,2.4516563374537563,0.4960177973095845,-1.9556385401441718,5,Medido robustamente
3095.8049150107536,2.44312708940292,0.4940360422756487,-1.949091047127271,5,Medido robustamente
3101.0315596652517,2.4345978413520832,0.4920542872417128,-1.9425435541103704,5,Medido robustamente
3106.267028459219,2.426068593301256,0.4900725322077791,-1.935996061093477,5,Medido robustamente
3111.511336290445,2.417539345250419,0.4880907771738433,-1.9294485680765758,5,Medido robustamente
3116.7644980818663,2.409010097199583,0.4861090221399075,-1.9229010750596753,5,Medido robustamente
3122.0265287816173,2.400480849148747,0.4841272671059717,-1.916353582042775,5,Medido robustamente
3127.2974433630675,2.3919516010979103,0.4821455120720359,-1.9098060890258743,5,Medido robustamente
3132.5772568248663,2.3834223530470737,0.4801637570381001,-1.9032585960089736,5,Medido robustamente
3137.8659841909853,2.374893104996237,0.4781820020041643,-1.896711102992073,5,Medido robustamente
3143.163640510761,2.3663638569454006,0.4762002469702285,-1.8901636099751722,5,Medido robustamente
3148.470240858939,2.3578346088945645,0.4742184919362927,-1.883616116958272,5,Medido robustamente
3153.785800335713,2.349305360843728,0.4722367369023569,-1.877068623941371,5,Medido robustamente
3159.1103340667723,2.3407761127928914,0.4702549818684211,-1.8705211309244705,5,Medido robustamente
3164.4438572033428,2.332246864742056,0.4682732268344853,-1.8639736379075704,5,Medido robustamente
3169.7863849222285,2.323717616691228,0.4662914718005516,-1.8574261448906766,5,Medido robustamente
3175.1379324258587,2.315188368640391,0.4643097167666158,-1.8508786518737752,5,Medido robustamente
3180.498514942328,2.306659120589555,0.46232796173268,-1.8443311588568752,5,Medido robustamente
3185.8681477254395,2.298129872538718,0.4603462066987441,-1.837783665839974,5,Medido robustamente
3191.2468460547507,2.289600624487882,0.4583644516648084,-1.8312361728230735,5,Medido robustamente
3196.634625235616,2.2810713764370454,0.4563826966308726,-1.8246886798061728,5,Medido robustamente
3202.031500599227,2.272542128386209,0.4544009415969368,-1.818141186789272,5,Medido robustamente
3207.4374875026624,2.2640128803353727,0.452419186563001,-1.8115936937723718,5,Medido robustamente
3212.852601328926,2.2549383532569385,0.4509648710379124,-1.803973482219026,5,Medido robustamente
3218.276857486994,2.244851230608693,0.4504900226901238,-1.7943612079185693,5,Medido robustamente
3223.710271411856,2.2347641079604483,0.450015174342335,-1.7847489336181133,5,Medido robustamente
3229.1528585645624,2.224676985312203,0.4495403259945464,-1.7751366593176567,5,Medido robustamente
3234.6046344322654,2.214589862663969,0.4490654776467582,-1.7655243850172107,5,Medido robustamente
3240.065614528264,2.2045027400157235,0.4485906292989696,-1.755912110716754,5,Medido robustamente
3245.535814392048,2.1944156173674787,0.4481157809511809,-1.7462998364162978,5,Medido robustamente
3251.015249589344,2.1843284947192334,0.4476409326033922,-1.7366875621158413,5,Medido robustamente
3256.503935712157,2.174241372070989,0.4471660842556036,-1.7270752878153854,5,Medido robustamente
3262.001888378816,2.1641542494227437,0.4466912359078149,-1.7174630135149287,5,Medido robustamente
3267.5091232340183,2.1540671267744984,0.4462163875600263,-1.7078507392144722,5,Medido robustamente
3273.0256559488757,2.143980004126253,0.4457415392122377,-1.6982384649140154,5,Medido robustamente
3278.5515022209547,2.1338928814780083,0.445266690864449,-1.6886261906135593,4,Medido con incertidumbre
3284.086677774327,2.123805758829763,0.4447918425166603,-1.6790139163131026,4,Medido con incertidumbre
3289.631198359609,2.113718636181518,0.4443169941688717,-1.6694016420126463,4,Medido con incertidumbre
3295.1850797540105,2.103631513533273,0.4438421458210829,-1.65978936771219,4,Medido con incertidumbre
3300.748337761376,2.093544390885038,0.4433672974732949,-1.6501770934117432,4,Medido con incertidumbre
3306.3209882122337,2.0834572682367933,0.4428924491255062,-1.6405648191112872,4,Medido con incertidumbre
3311.9030469638365,2.0733701455885485,0.4424176007777175,-1.6309525448108309,4,Medido con incertidumbre
3317.494529900211,2.063283022940303,0.4419427524299288,-1.6213402705103743,4,Medido con incertidumbre
3323.0954529322,2.0531959002920583,0.4414679040821402,-1.6117279962099182,5,Medido robustamente
3328.705831997507,2.043108777643813,0.4409930557343516,-1.6021157219094615,5,Medido robustamente
3334.325683060746,2.033021654995568,0.4405182073865629,-1.5925034476090052,5,Medido robustamente
3339.9550221134823,2.022934532347323,0.4400433590387742,-1.5828911733085487,5,Medido robustamente
3345.5938651742795,2.012847409699078,0.4395685106909855,-1.5732788990080926,5,Medido robustamente
3351.2422282887464,2.0027602870508328,0.4390936623431969,-1.5636666247076358,5,Medido robustamente
3356.900127529581,1.992673164402588,0.4386188139954083,-1.5540543504071795,5,Medido robustamente
3362.5675789966167,1.9825860417543424,0.4381439656476196,-1.5444420761067228,5,Medido robustamente
3368.2445988168683,1.972498919106108,0.4376691172998315,-1.5348298018062765,4,Medido con incertidumbre
3373.931203144578,1.9624117964578631,0.4371942689520428,-1.5252175275058204,4,Medido con incertidumbre
3379.627408161261,1.9523246738096185,0.4367194206042541,-1.5156052532053643,4,Medido con incertidumbre
3385.333230075753,1.942237551161373,0.4362445722564655,-1.5059929789049074,4,Medido con incertidumbre
3391.048685124252,1.932150428513128,0.4357697239086768,-1.496380704604451,4,Medido con incertidumbre
3396.7737895703717,1.9220633058648828,0.4352948755608882,-1.4867684303039947,4,Medido con incertidumbre
3402.508559705179,1.9119761832166375,0.4348200272130995,-1.477156156003538,4,Medido con incertidumbre
3408.2530118472487,1.901889060568393,0.4343451788653109,-1.4675438817030821,4,Medido con incertidumbre
3414.007162342705,1.8918019379201476,0.4338703305175222,-1.4579316074026254,4,Medido con incertidumbre
3419.7710275652694,1.8817148152719023,0.4333954821697335,-1.4483193331021689,4,Medido con incertidumbre
3425.5446239163066,1.8716276926236568,0.4329206338219449,-1.438707058801712,4,Medido con incertidumbre
3431.327967824872,1.8615405699754124,0.4324457854741563,-1.429094784501256,4,Medido con incertidumbre
3437.121075747758,1.8514534473271775,0.4319709371263681,-1.4194825102008095,4,Medido con incertidumbre
3442.9239641695417,1.841366324678933,0.4314960887785794,-1.4098702359003534,4,Medido con incertidumbre
3448.7366496026307,1.8309364379610171,0.4313541645066842,-1.399582273454333,4,Medido con incertidumbre
3454.5591485873097,1.8203172753047008,0.4313960824821455,-1.3889211928225553,4,Medido con incertidumbre
3460.391477691789,1.809698112648384,0.4314380004576068,-1.3782601121907772,4,Medido con incertidumbre
3466.233653512252,1.7990789499920672,0.4314799184330681,-1.3675990315589992,4,Medido con incertidumbre
3472.0856926729,1.7884597873357502,0.4315218364085294,-1.3569379509272208,4,Medido con incertidumbre
3477.9476118260004,1.7778406246794336,0.4315637543839908,-1.3462768702954429,4,Medido con incertidumbre
3483.819427651937,1.7672214620231166,0.431605672359452,-1.3356157896636645,4,Medido con incertidumbre
3489.701156859253,1.7566022993668002,0.4316475903349134,-1.324954709031887,5,Medido robustamente
3495.592816184701,1.7459831367104832,0.4316895083103746,-1.3142936284001085,5,Medido robustamente
3501.494422393291,1.7353639740541664,0.431731426285836,-1.3036325477683304,5,Medido robustamente
3507.4059922783367,1.7247448113978607,0.4317733442612972,-1.2929714671365635,5,Medido robustamente
3513.327542661504,1.714125648741544,0.4318152622367585,-1.2823103865047853,5,Medido robustamente
3519.259090392859,1.7035064860852271,0.4318571802122198,-1.2716493058730074,5,Medido robustamente
3525.200652350916,1.6928873234289104,0.4318990981876811,-1.2609882252412292,5,Medido robustamente
3531.152245442684,1.6822681607725936,0.4319410161631424,-1.250327144609451,5,Medido robustamente
3537.113886603718,1.671648998116277,0.4319829341386038,-1.239666063977673,5,Medido robustamente
3543.085592798164,1.66102983545996,0.432024852114065,-1.229004983345895,5,Medido robustamente
3549.067381018808,1.6504106728036432,0.4320667700895264,-1.2183439027141167,5,Medido robustamente
3555.0592682871275,1.6397915101473264,0.4321086880649877,-1.2076828220823388,5,Medido robustamente
3561.061271653334,1.6291723474910096,0.4321506060404489,-1.1970217414505606,5,Medido robustamente
3567.0734081964274,1.6185531848346928,0.4321925240159103,-1.1863606608187824,5,Medido robustamente
3573.0956950242407,1.607934022178387,0.4322344419913715,-1.1756995801870156,5,Medido robustamente
3579.128149273491,1.5973148595220703,0.4322763599668329,-1.1650384995552374,5,Medido robustamente
3585.170788109826,1.5866956968657535,0.4323182779422941,-1.1543774189234595,5,Medido robustamente
3591.223628727876,1.5760765342094367,0.4323601959177555,-1.1437163382916813,5,Medido robustamente
3597.286688351298,1.56545737155312,0.4324021138932168,-1.1330552576599031,5,Medido robustamente
3603.3599842328313,1.5548382088968031,0.4324440318686781,-1.122394177028125,5,Medido robustamente
3609.443533654341,1.5442190462404866,0.4324859498441394,-1.1117330963963472,5,Medido robustamente
3615.537353926869,1.5335998835841695,0.4325278678196007,-1.1010720157645688,5,Medido robustamente
3621.641462390684,1.522980720927853,0.432569785795062,-1.090410935132791,5,Medido robustamente
3627.75587641533,1.512361558271536,0.4326117037705232,-1.0797498545010127,5,Medido robustamente
3633.880613399676,1.5017423956152192,0.4326536217459845,-1.0690887738692347,5,Medido robustamente
3640.015690771966,1.4911232329589024,0.4326955397214458,-1.0584276932374566,5,Medido robustamente
3646.161125989868,1.4805040703025858,0.4327374576969072,-1.0477666126056786,5,Medido robustamente
3652.316936540522,1.46988490764628,0.4327793756723684,-1.0371055319739118,5,Medido robustamente
3658.4831399405934,1.4592657449899633,0.4328212936478298,-1.0264444513421336,5,Medido robustamente
3664.659753736322,1.4486465823336463,0.4328632116232911,-1.0157833707103552,5,Medido robustamente
3670.846795503569,1.4380274196773295,0.4329051295987524,-1.0051222900785772,5,Medido robustamente
3677.044282847867,1.4274082570210127,0.4329470475742137,-0.994461209446799,5,Medido robustamente
3683.2522334044775,1.416789094364696,0.432988965549675,-0.9838001288150209,5,Medido robustamente
3689.4706648384304,1.4061699317083791,0.4330308835251363,-0.9731390481832428,5,Medido robustamente
3695.699594844582,1.3955507690520623,0.4330728015005976,-0.9624779675514648,5,Medido robustamente
3701.9390411476634,1.3853367230593694,0.432702130383032,-0.9526345926763373,5,Medido robustamente
3708.1890215023263,1.37514923584736,0.4323044106046286,-0.9428448252427315,5,Medido robustamente
3714.449553693204,1.3649617486353507,0.431906690826225,-0.9330550578091257,5,Medido robustamente
3720.720655534949,1.354774261423352,0.4315089710478219,-0.9232652903755301,5,Medido robustamente
3727.002344872296,1.3445867742113429,0.4311112512694184,-0.9134755229419245,5,Medido robustamente
3733.294639580104,1.334399286999333,0.4307135314910149,-0.9036857555083182,5,Medido robustamente
3739.597557563408,1.3242117997873235,0.4303158117126113,-0.8938959880747122,5,Medido robustamente
3745.911116757477,1.3140243125753144,0.4299180919342079,-0.8841062206411066,5,Medido robustamente
3752.235335127857,1.303836825363305,0.4295203721558043,-0.8743164532075007,4,Medido con incertidumbre
3758.570230670425,1.2936493381512957,0.4291226523774009,-0.8645266857738948,4,Medido con incertidumbre
3764.915821411442,1.2834618509392863,0.4287249325989973,-0.8547369183402891,4,Medido con incertidumbre
3771.272125407601,1.273274363727277,0.4283272128205938,-0.8449471509066833,4,Medido con incertidumbre
3777.639160746082,1.2630868765152674,0.4279294930421903,-0.8351573834730771,4,Medido con incertidumbre
3784.0169455446,1.252899389303258,0.4275317732637868,-0.8253676160394713,4,Medido con incertidumbre
3790.405497951459,1.2427119020912487,0.4271340534853832,-0.8155778486058656,4,Medido con incertidumbre
3796.804836145602,1.23252441487925,0.4267363337069801,-0.80578808117227,4,Medido con incertidumbre
3803.214978336665,1.222336927667241,0.4263386139285766,-0.7959983137386644,4,Medido con incertidumbre
3809.6359427650254,1.212149440455231,0.4259408941501731,-0.786208546305058,4,Medido con incertidumbre
3816.067747701857,1.201961953243222,0.4255431743717696,-0.7764187788714524,4,Medido con incertidumbre
3822.510411449181,1.1917744660312126,0.425145454593366,-0.7666290114378467,4,Medido con incertidumbre
3828.963952339916,1.1815869788192033,0.4247477348149626,-0.7568392440042406,4,Medido con incertidumbre
3835.4283887379343,1.1713994916071937,0.4243500150365591,-0.7470494765706346,4,Medido con incertidumbre
3841.9037390381113,1.1612120043951846,0.4239522952581556,-0.737259709137029,4,Medido con incertidumbre
3848.390021666378,1.151024517183175,0.423554575479752,-0.7274699417034229,4,Medido con incertidumbre
3854.8872550797737,1.1408370299711657,0.4231568557013485,-0.7176801742698171,4,Medido con incertidumbre
3861.3954577665,1.1306495427591563,0.422759135922945,-0.7078904068362113,4,Medido con incertidumbre
3867.91464824597,1.120462055547147,0.4223614161445415,-0.6981006394026055,4,Medido con incertidumbre
3874.444845068865,1.1102745683351485,0.4219636963661384,-0.6883108719690101,4,Medido con incertidumbre
3880.986066817185,1.100087081123139,0.4215659765877348,-0.678521104535404,4,Medido con incertidumbre
3887.538332104301,1.0898995939111296,0.4211682568093313,-0.6687313371017982,4,Medido con incertidumbre
3894.10165957501,1.0797121066991202,0.4207705370309278,-0.6589415696681924,4,Medido con incertidumbre
3900.676067905587,1.0695246194871109,0.4203728172525243,-0.6491518022345866,4,Medido con incertidumbre
3907.261575803837,1.0593371322751015,0.4199750974741207,-0.6393620348009807,4,Medido con incertidumbre
3913.85820200915,1.049149645063092,0.4195773776957173,-0.6295722673673747,3,Medido con incertidumbre
3920.4659652925543,1.0389621578510826,0.4191796579173137,-0.6197824999337689,3,Medido con incertidumbre
3927.0848844567695,1.0287746706390732,0.4187819381389103,-0.609992732500163,3,Medido con incertidumbre
3933.714978336258,1.018587183427064,0.4183842183605067,-0.6002029650665572,3,Medido con incertidumbre
3940.3562657972816,1.0083996962150543,0.4179864985821032,-0.5904131976329512,3,Medido con incertidumbre
3947.008765737955,0.9982122090030452,0.4175887788036997,-0.5806234301993455,3,Medido con incertidumbre
3953.672497088296,0.9880247217910464,0.4171910590252966,-0.5708336627657498,3,Medido con incertidumbre
3960.347478810285,0.977837234579037,0.4167933392468931,-0.5610438953321439,3,Medido con incertidumbre
3967.033729897913,0.967918475230264,0.4161710608805472,-0.5517474143497167,3,Medido con incertidumbre
3973.731269377241,0.9588857869776012,0.4148083499004678,-0.5440774370771334,3,Medido con incertidumbre
3980.4401163064495,0.9498530987249384,0.4134456389203885,-0.5364074598045498,3,Medido con incertidumbre
3987.1602897758967,0.9408204104722752,0.4120829279403091,-0.5287374825319661,3,Medido con incertidumbre
3993.8918089081694,0.9317877222196124,0.4107202169602297,-0.5210675052593827,3,Medido con incertidumbre
4000.6346928581424,0.9227550339669496,0.4093575059801503,-0.5133975279867993,3,Medido con incertidumbre
4007.388960813024,0.9137223457142868,0.4079947950000709,-0.5057275507142158,3,Medido con incertidumbre
4014.154631992422,0.9046896574616238,0.4066320840199915,-0.49805757344163226,3,Medido con incertidumbre
4020.931725648388,0.895656969208961,0.4052693730399122,-0.4903875961690488,3,Medido con incertidumbre
4027.72026106548,0.8866242809562981,0.4039066620598328,-0.4827176188964653,3,Medido con incertidumbre
4034.520257560813,0.8775915927036446,0.4025439510797548,-0.4750476416238898,3,Medido con incertidumbre
4041.331734484116,0.8685589044509818,0.4011812400996755,-0.46737766435130634,3,Medido con incertidumbre
4048.154711217783,0.8595262161983189,0.3998185291195961,-0.45970768707872284,3,Medido con incertidumbre
4054.989207176935,0.8504935279456561,0.3984558181395167,-0.45203770980613944,3,Medido con incertidumbre
4061.83524180947,0.8414608396929932,0.3970931071594373,-0.44436773253355594,3,Medido con incertidumbre
4068.69283459612,0.8324281514403302,0.395730396179358,-0.4366977552609722,3,Medido con incertidumbre
4075.562005050505,0.8233954631876674,0.3943676851992785,-0.4290277779883889,3,Medido con incertidumbre
4082.442772719192,0.8143627749350045,0.3930049742191992,-0.4213578007158053,3,Medido con incertidumbre
4089.335157181749,0.8053300866823416,0.3916422632391197,-0.4136878234432219,3,Medido con incertidumbre
4096.239178050795,0.7962973984296788,0.3902795522590404,-0.40601784617063846,3,Medido con incertidumbre
4103.154854972067,0.787264710177016,0.3889168412789611,-0.39834786889805496,3,Medido con incertidumbre
4110.082207624468,0.778232021924353,0.3875541302988816,-0.39067789162547145,3,Medido con incertidumbre
4117.021255720128,0.7691993336716902,0.3861914193188023,-0.38300791435288795,3,Medido con incertidumbre
4123.972019004443,0.7601666454190273,0.3848287083387229,-0.37533793708030444,3,Medido con incertidumbre
4130.9345172561625,0.7511339571663644,0.3834659973586435,-0.36766795980772093,3,Medido con incertidumbre
4137.908770287419,0.7421012689137015,0.3821032863785641,-0.35999798253513743,3,Medido con incertidumbre
4144.894797943799,0.7330685806610386,0.3807405753984847,-0.3523280052625539,3,Medido con incertidumbre
4151.89262010439,0.7240358924083758,0.3793778644184054,-0.3446580279899705,3,Medido con incertidumbre
4158.902256681841,0.715003204155713,0.378015153438326,-0.33698805071738697,3,Medido con incertidumbre
4165.923727622425,0.70597051590305,0.3766524424582466,-0.32931807344480346,3,Medido con incertidumbre
4172.957052906084,0.6969378276503967,0.3752897314781687,-0.321648096172228,3,Medido con incertidumbre
4180.002252546496,0.6879051393977338,0.3739270204980893,-0.3139781188996445,3,Medido con incertidumbre
4187.059346591125,0.678872451145071,0.3725643095180099,-0.3063081416270611,3,Medido con incertidumbre
4194.1283551212855,0.6698397628924081,0.3712015985379305,-0.2986381643544776,3,Medido con incertidumbre
4201.209298252192,0.6608070746397452,0.3698388875578512,-0.290968187081894,3,Medido con incertidumbre
4208.302196133019,0.6517743863870823,0.3684761765777718,-0.2832982098093105,3,Medido con incertidumbre
4215.407068946961,0.6427416981344194,0.3671134655976924,-0.27562823253672697,2,Medido con incertidumbre
4222.523936911286,0.6337090098817566,0.365750754617613,-0.2679582552641436,2,Medido con incertidumbre
4229.652820277397,0.6246763216290937,0.3643880436375337,-0.26028827799156,2,Medido con incertidumbre
4236.793739330885,0.6156436333764309,0.3630253326574543,-0.2526183007189766,2,Medido con incertidumbre
4243.946714391591,0.6066109451237679,0.3616626216773749,-0.244948323446393,2,Medido con incertidumbre
4251.11176581366,0.597578256871105,0.3602999106972955,-0.2372783461738095,2,Medido con incertidumbre
4258.288913985602,0.5895134766643905,0.358317212951818,-0.23119626371257246,2,Medido con incertidumbre
4265.47817933035,0.5823176507980603,0.3557779125486369,-0.22653973824942342,2,Medido con incertidumbre
4272.679582305316,0.5751218249317301,0.3532386121454559,-0.22188321278627426,2,Medido con incertidumbre
4279.89314340245,0.5679259990654,0.3506993117422749,-0.21722668732312506,2,Medido con incertidumbre
4287.118883148297,0.5607301731990698,0.3481600113390938,-0.21257016185997601,2,Medido con incertidumbre
4294.356822104061,0.5535343473327395,0.3456207109359128,-0.20791363639682675,2,Medido con incertidumbre
4301.606980865656,0.5463385214664094,0.3430814105327318,-0.2032571109336776,2,Medido con incertidumbre
4308.869380063769,0.5391426956000792,0.3405421101295507,-0.1986005854705285,2,Medido con incertidumbre
4316.144040363919,0.531946869733749,0.3380028097263697,-0.19394406000737935,2,Medido con incertidumbre
4323.430982466513,0.5247510438674188,0.3354635093231886,-0.1892875345442302,2,Medido con incertidumbre
4330.730227106907,0.5175552180010885,0.3329242089200076,-0.18463100908108088,2,Medido con incertidumbre
4338.041795055464,0.510359392134766,0.3303849085168292,-0.17997448361793678,2,Medido con incertidumbre
4345.365707117614,0.5031635662684358,0.3278456081136482,-0.17531795815478762,2,Medido con incertidumbre
4352.701984133914,0.4959677404021056,0.3253063077104672,-0.17066143269163842,2,Medido con incertidumbre
4360.050646980105,0.4887719145357754,0.3227670073072861,-0.16600490722848932,2,Medido con incertidumbre
4367.411716567171,0.4815760886694452,0.3202277069041051,-0.16134838176534005,2,Medido con incertidumbre
4374.785213841403,0.474380262803115,0.317688406500924,-0.156691856302191,2,Medido con incertidumbre
4382.171159784452,0.4671844369367849,0.315149106097743,-0.15203533083904192,2,Medido con incertidumbre
4389.569575413398,0.4599886110704546,0.312609805694562,-0.1473788053758926,2,Medido con incertidumbre
4396.980481780796,0.4527927852041246,0.3100705052913809,-0.14272227991274367,2,Medido con incertidumbre
4404.403899974753,0.4455969593377943,0.3075312048881999,-0.1380657544495944,2,Medido con incertidumbre
4411.83985111897,0.4384011334714641,0.3049919044850189,-0.1334092289864452,2,Medido con incertidumbre
4419.288356372819,0.431205307605134,0.3024526040818378,-0.1287527035232962,2,Medido con incertidumbre
4426.749436931391,0.4240094817388113,0.2999133036786595,-0.12409617806015183,2,Medido con incertidumbre
4434.223114025562,0.4168136558724811,0.2973740032754784,-0.11943965259700268,2,Medido con incertidumbre
4441.70940892205,0.4096178300061509,0.2948347028722974,-0.11478312713385347,2,Medido con incertidumbre
4449.208342923482,0.4024220041398207,0.2922954024691163,-0.11012660167070443,1,Inferido localmente
4456.719937368445,0.3952261782734906,0.2897561020659353,-0.10547007620755533,1,Inferido localmente
4464.244213631557,0.3880303524071604,0.2872168016627543,-0.10081355074440607,1,Inferido localmente
4471.781193123517,0.3808345265408302,0.2846775012595732,-0.09615702528125702,1,Inferido localmente
4479.330897291178,0.3736387006745,0.2821382008563922,-0.09150049981810782,1,Inferido localmente
4486.893347617597,0.3664428748081698,0.2795989004532112,-0.08684397435495861,1,Inferido localmente
4494.468565622102,0.3592470489418397,0.2770596000500301,-0.08218744889180957,1,Inferido localmente
4502.056572860353,0.3520512230755094,0.2745202996468491,-0.0775309234286603,1,Inferido localmente
4509.657390924402,0.3448553972091792,0.2719809992436681,-0.0728743979655111,1,Inferido localmente
4517.271041442754,0.3376595713428566,0.2694416988404897,-0.06821787250236694,1,Inferido localmente
4524.89754608043,0.3304637454765264,0.2669023984373087,-0.06356134703921773,1,Inferido localmente
4532.53692653903,0.3232679196101963,0.2643630980341276,-0.05890482157606869,1,Inferido localmente
4540.189204556789,0.3160720937438661,0.2618237976309466,-0.05424829611291948,1,Inferido localmente
4547.854401908645,0.3088762678775359,0.2592844972277656,-0.04959177064977033,1,Inferido localmente
4555.532540406298,0.3016804420112057,0.2567451968245845,-0.044935245186621176,1,Inferido localmente
4563.223641898273,0.2944846161448756,0.2542058964214035,-0.04027871972347208,1,Inferido localmente
4570.927728269982,0.2893387298382425,0.2517866918330282,-0.03755203800521428,1,Inferido localmente
4578.644821443785,0.2846392813641005,0.2493936418280892,-0.035245639536011286,1,Inferido localmente
4586.374943379055,0.2799398328899584,0.2470005918231501,-0.03293924106680829,1,Inferido localmente
4594.118116072238,0.2752403844158163,0.244607541818211,-0.030632842597605264,1,Inferido localmente
4601.8743615569165,0.2705409359416743,0.242214491813272,-0.028326444128402267,1,Inferido localmente
4609.643701903873,0.2658414874675371,0.2398214418083354,-0.026020045659201713,1,Inferido localmente
4617.426159221152,0.261142038993395,0.2374283918033963,-0.023713647189998688,1,Inferido localmente
4625.221755654122,0.256442590519253,0.2350353417984573,-0.02140724872079569,1,Inferido localmente
4633.030513385541,0.2517431420451109,0.2326422917935182,-0.019100850251592694,1,Inferido localmente
4640.852454635617,0.2470436935709688,0.2302492417885791,-0.016794451782389697,1,Inferido localmente
4648.687601662072,0.2423442450968267,0.2278561917836401,-0.014488053313186589,1,Inferido localmente
4656.535976760207,0.2376447966226846,0.225463141778701,-0.012181654843983591,1,Inferido localmente
4664.397602262963,0.2329453481485426,0.223070091773762,-0.009875256374780594,1,Inferido localmente
4672.272500540988,0.2282458996744005,0.2206770417688228,-0.007568857905577708,1,Inferido localmente
4680.160694002694,0.2235464512002584,0.2182839917638838,-0.0052624594363746,1,Inferido localmente
4688.06220509433,0.2188470027261163,0.2158909417589447,-0.002956060967171603,1,Inferido localmente
4695.9770563000375,0.2141475542519743,0.2134978917540057,-0.0006496624979686061,1,Inferido localmente
4703.905270141919,0.2094481057778371,0.2111048417490691,0.001656735971232004,1,Inferido localmente
4711.846869180101,0.2047486573036951,0.20871179174413,0.00396313444043489,1,Inferido localmente
4719.801876012798,0.200049208829553,0.206318741739191,0.006269532909637998,1,Inferido localmente
4727.770313276379,0.1953497603554109,0.2039256917342519,0.008575931378840995,1,Inferido localmente
4735.752203645428,0.1906503118812688,0.2015326417293128,0.010882329848043992,1,Inferido localmente
4743.747569832809,0.1859508634071268,0.1991395917243738,0.01318872831724699,1,Inferido localmente
4751.756434589736,0.1812514149329847,0.1967465417194347,0.015495126786450014,1,Inferido localmente
4759.778820705831,0.1765519664588426,0.1943534917144956,0.017801525255652983,1,Inferido localmente
4767.814751009193,0.1718525179847005,0.1919604417095566,0.02010792372485609,1,Inferido localmente
4775.864248366461,0.1671530695105585,0.1895673917046175,0.022414322194059005,1,Inferido localmente
4783.92733568288,0.1624536210364164,0.1871743416996784,0.024720720663262002,1,Inferido localmente
4792.004035902365,0.1577541725622743,0.1847812916947394,0.027027119132465083,1,Inferido localmente
4800.094372007568,0.1530547240881372,0.1823882416898028,0.02933351760166561,1,Inferido localmente
4808.198367019944,0.1483552756139951,0.1799951916848637,0.03163991607086858,1,Inferido localmente
4816.316043999813,0.143655827139853,0.1776021416799247,0.03394631454007169,1,Inferido localmente
4824.447426046428,0.138956378665711,0.1752090916749856,0.0362527130092746,1,Inferido localmente
4832.5925362980415,0.1342569301915689,0.1728160416700465,0.0385591114784776,1,Inferido localmente
4840.751397931969,0.1295574817174268,0.1704229916651075,0.040865509947680706,1,Inferido localmente
4848.924034164657,0.1248580332432847,0.1680299416601684,0.0431719084168837,1,Inferido localmente
4857.110468251749,0.1201585847691427,0.1656368916552293,0.04547830688608659,1,Inferido localmente
4865.310723488149,0.1154591362950006,0.1632438416502903,0.0477847053552897,1,Inferido localmente
4873.524823208092,0.1107596878208585,0.1608507916453512,0.05009110382449271,1,Inferido localmente
4881.752790785206,0.1060602393467164,0.1584577416404121,0.05239750229369569,1,Inferido localmente
4889.994649632584,0.1013607908725744,0.1560646916354731,0.0547039007628987,1,Inferido localmente
4898.250423202842,0.096912087895487,0.1537430259604983,0.0568309380650113,1,Inferido localmente
4906.520134988196,0.0943855539518124,0.151968579478441,0.0575830255266286,1,Inferido localmente
4914.803808520523,0.0918590200081378,0.1501941329963838,0.05833511298824599,1,Inferido localmente
4923.101467371425,0.0893324860644631,0.1484196865143265,0.05908720044986339,1,Inferido localmente
4931.413135152306,0.0868059521207885,0.1466452400322692,0.0598392879114807,1,Inferido localmente
4939.738835514427,0.0842794181771138,0.1448707935502119,0.0605913753730981,1,Inferido localmente
4948.078592148983,0.0817528842334392,0.1430963470681547,0.06134346283471549,1,Inferido localmente
4956.432428787168,0.0792263502897646,0.1413219005860974,0.06209555029633279,1,Inferido localmente
4964.800369200237,0.0766998163460899,0.1395474541040401,0.0628476377579502,1,Inferido localmente
4973.182437199582,0.0741732824024153,0.1377730076219828,0.0635997252195675,1,Inferido localmente
4981.578656636793,0.0716467484587407,0.1359985611399255,0.06435181268118481,1,Inferido localmente
4989.989051403732,0.0691202145150687,0.1342241146578701,0.0651039001428014,1,Inferido localmente
4998.4136454325935,0.066593680571394,0.1324496681758128,0.0658559876044188,2,Medido con incertidumbre
5006.852462695979,0.0640671466277194,0.1306752216937556,0.0666080750660362,2,Medido con incertidumbre
5015.305527206962,0.0615406126840448,0.1289007752116983,0.06736016252765349,3,Medido con incertidumbre
5023.77286301916,0.0590140787403701,0.127126328729641,0.0681122499892709,3,Medido con incertidumbre
5032.254494226796,0.0564875447966955,0.1253518822475837,0.0688643374508882,3,Medido con incertidumbre
5040.750444964773,0.0539610108530208,0.1235774357655264,0.06961642491250561,3,Medido con incertidumbre
5049.260739408743,0.0514344769093462,0.1218029892834691,0.0703685123741229,3,Medido con incertidumbre
5057.785401775171,0.0489079429656716,0.1200285428014119,0.07112059983574029,3,Medido con incertidumbre
5066.324456321407,0.0463814090219969,0.1182540963193546,0.0718726872973577,3,Medido con incertidumbre
5074.877927345756,0.0438548750783223,0.1164796498372973,0.072624774758975,3,Medido con incertidumbre
5083.445839187544,0.0413283411346476,0.11470520335524,0.07337686222059239,3,Medido con incertidumbre
5092.028216227192,0.038801807190973,0.1129307568731827,0.0741289496822097,3,Medido con incertidumbre
5100.625082886279,0.036275273247301,0.1111563103911273,0.0748810371438263,3,Medido con incertidumbre
5109.236463627616,0.0337487393036264,0.10938186390907,0.0756331246054436,3,Medido con incertidumbre
5117.862382955317,0.0312222053599517,0.1076074174270128,0.0763852120670611,3,Medido con incertidumbre
5126.502865414863,0.0286956714162771,0.1058329709449555,0.0771372995286784,3,Medido con incertidumbre
5135.157935593176,0.0261691374726025,0.1040585244628982,0.07788938699029571,3,Medido con incertidumbre
5143.827618118689,0.0236426035289278,0.1022840779808409,0.0786414744519131,3,Medido con incertidumbre
5152.511937661416,0.0211160695852532,0.1005096314987836,0.07939356191353039,3,Medido con incertidumbre
5161.210918933018,0.0185895356415786,0.0987351850167263,0.0801456493751477,3,Medido con incertidumbre
5169.924586686879,0.0160630016979039,0.0969607385346691,0.08089773683676521,3,Medido con incertidumbre
5178.652965718174,0.0135364677542293,0.0951862920526118,0.0816498242983825,3,Medido con incertidumbre
5187.39608086394,0.0110099338105546,0.0934118455705545,0.0824019117599999,3,Medido con incertidumbre
5196.1539570031455,0.00848339986688,0.0916373990884972,0.0831539992216172,3,Medido con incertidumbre
5204.926619056762,0.005956865923208,0.0898629526064418,0.0839060866832338,3,Medido con incertidumbre
5213.714091987837,0.0034303319795334,0.0880885061243845,0.0846581741448511,3,Medido con incertidumbre
5222.516400801559,0.0009037980358587,0.0863140596423272,0.0854102616064685,3,Medido con incertidumbre
5231.333570545338,-0.0016227359078158,0.0845396131602699,0.08616234906808569,3,Medido con incertidumbre
5240.165626308867,-0.0041492698514904,0.0827651666782127,0.0869144365297031,3,Medido con incertidumbre
5249.012593224201,-0.0066758037951651,0.0809907201961554,0.0876665239913205,3,Medido con incertidumbre
5257.874496465824,-0.0085781179098876,0.0794517802907432,0.08802989820063081,3,Medido con incertidumbre
5266.751361250721,-0.0095807748954331,0.0782522643523691,0.0878330392478022,3,Medido con incertidumbre
5275.643212838453,-0.0105834318809787,0.0770527484139951,0.0876361802949738,3,Medido con incertidumbre
5284.550076531225,-0.0115860888665243,0.075853232475621,0.0874393213421453,3,Medido con incertidumbre
5293.471977673962,-0.0125887458520698,0.0746537165372469,0.0872424623893167,3,Medido con incertidumbre
5302.408941654377,-0.0135914028376143,0.0734542005988742,0.0870456034364885,3,Medido con incertidumbre
5311.360993903044,-0.0145940598231599,0.0722546846605001,0.08684874448366,3,Medido con incertidumbre
5320.328159893474,-0.0155967168087055,0.071055168722126,0.0866518855308315,3,Medido con incertidumbre
5329.310465142182,-0.016599373794251,0.069855652783752,0.086455026578003,3,Medido con incertidumbre
5338.307935208765,-0.0176020307797966,0.0686561368453779,0.08625816762517449,3,Medido con incertidumbre
5347.320595695973,-0.0186046877653422,0.0674566209070039,0.0860613086723461,3,Medido con incertidumbre
5356.348472249777,-0.0196073447508877,0.0662571049686298,0.0858644497195175,3,Medido con incertidumbre
5365.3915905594495,-0.0206100017364333,0.0650575890302557,0.085667590766689,3,Medido con incertidumbre
5374.449976357634,-0.0216126587219789,0.0638580730918817,0.0854707318138606,3,Medido con incertidumbre
5383.523655420417,-0.0226153157075244,0.0626585571535076,0.085273872861032,3,Medido con incertidumbre
5392.612653567403,-0.02361797269307,0.0614590412151336,0.0850770139082036,3,Medido con incertidumbre
5401.716996661788,-0.0246206296786156,0.0602595252767595,0.0848801549553751,3,Medido con incertidumbre
5410.836710610433,-0.0256232866641601,0.0590600093383867,0.0846832960025468,3,Medido con incertidumbre
5419.971821363939,-0.0266259436497056,0.0578604934000126,0.0844864370497182,3,Medido con incertidumbre
5429.122354916716,-0.0276286006352512,0.0566609774616386,0.08428957809688979,3,Medido con incertidumbre
5438.288337307063,-0.0286312576207968,0.0554614615232645,0.0840927191440613,3,Medido con incertidumbre
5447.469794617237,-0.0296339146063423,0.0542619455848905,0.0838958601912328,3,Medido con incertidumbre
5456.666752973534,-0.0306365715918879,0.0530624296465164,0.08369900123840429,3,Medido con incertidumbre
5465.879238546354,-0.0316392285774335,0.0518629137081423,0.0835021422855758,3,Medido con incertidumbre
5475.107277550284,-0.032641885562979,0.0506633977697683,0.0833052833327473,3,Medido con incertidumbre
5484.350896244172,-0.0336445425485246,0.0494638818313942,0.0831084243799188,3,Medido con incertidumbre
5493.610120931185,-0.0346471995340702,0.0482643658930202,0.08291156542709041,3,Medido con incertidumbre
5502.884977958911,-0.0356498565196157,0.0470648499546461,0.0827147064742618,3,Medido con incertidumbre
5512.175493719417,-0.0366525135051613,0.045865334016272,0.08251784752143329,3,Medido con incertidumbre
5521.48169464933,-0.0376551704907069,0.044665818077898,0.0823209885686049,3,Medido con incertidumbre
5530.803607229905,-0.0386578274762524,0.0434663021395239,0.0821241296157763,3,Medido con incertidumbre
5540.141257987108,-0.039660484461798,0.0422667862011499,0.0819272706629479,3,Medido con incertidumbre
5549.494673491688,-0.0406631414473435,0.0410672702627758,0.0817304117101193,3,Medido con incertidumbre
5558.863880359255,-0.0416657984328891,0.0398677543244018,0.0815335527572909,3,Medido con incertidumbre
5568.248905250352,-0.0426684554184347,0.0386682383860277,0.0813366938044624,3,Medido con incertidumbre
5577.649774870535,-0.0436711124039802,0.0374687224476536,0.0811398348516338,3,Medido con incertidumbre
5587.066515970445,-0.0446737693895247,0.0362692065092808,0.0809429758988055,3,Medido con incertidumbre
5596.499155345888,-0.0456764263750703,0.0350696905709068,0.08074611694597711,3,Medido con incertidumbre
5605.947719837905,-0.0466790833606159,0.0338701746325327,0.0805492579931486,2,Medido con incertidumbre
5615.412236332861,-0.0476817403461614,0.0326706586941587,0.0803523990403201,2,Medido con incertidumbre
5624.892731762505,-0.048684397331707,0.0314711427557846,0.0801555400874916,1,Inferido localmente
5634.389233104058,-0.0496870543172526,0.0302716268174105,0.0799586811346631,1,Inferido localmente
5643.901767380287,-0.0500735620122829,0.0294438209498052,0.0795173829620881,1,Inferido localmente
5653.430361659583,-0.0502008283013526,0.0287724100384858,0.0789732383398384,1,Inferido localmente
5662.9750430560325,-0.0503280945904223,0.0281009991271665,0.0784290937175888,1,Inferido localmente
5672.535838729502,-0.0504553608794919,0.0274295882158472,0.0778849490953391,1,Inferido localmente
5682.112775885711,-0.0505826271685616,0.0267581773045278,0.0773408044730894,1,Inferido localmente
5691.705881776309,-0.0507098934576313,0.0260867663932085,0.0767966598508398,1,Inferido localmente
5701.315183698957,-0.0508371597467009,0.0254153554818898,0.0762525152285907,1,Inferido localmente
5710.940708997402,-0.0509644260357705,0.0247439445705705,0.075708370606341,1,Inferido localmente
5720.582485061554,-0.0510916923248402,0.0240725336592512,0.07516422598409139,1,Inferido localmente
5730.240539327564,-0.0512189586139099,0.0234011227479318,0.0746200813618417,1,Inferido localmente
5739.914899277909,-0.0513462249029796,0.0227297118366125,0.07407593673959209,1,Inferido localmente
5749.60559244146,-0.0514734911920493,0.0220583009252931,0.0735317921173424,1,Inferido localmente
5759.312646393564,-0.051600757481119,0.0213868900139738,0.0729876474950928,1,Inferido localmente
5769.036088756129,-0.0517280237701887,0.0207154791026544,0.0724435028728431,1,Inferido localmente
5778.775947197692,-0.0518552900592584,0.0200440681913351,0.0718993582505935,1,Inferido localmente
5788.532249433504,-0.051982556348328,0.0193726572800158,0.0713552136283438,1,Inferido localmente
5798.305023225609,-0.0521098226373977,0.0187012463686964,0.0708110690060941,1,Inferido localmente
5808.09429638292,-0.0522370889264674,0.0180298354573771,0.07026692438384449,1,Inferido localmente
5817.900096761301,-0.052364355215537,0.0173584245460584,0.0697227797615954,1,Inferido localmente
5827.722452263644,-0.0524916215046066,0.0166870136347391,0.0691786351393457,1,Inferido localmente
5837.561390839951,-0.0526188877936763,0.0160156027234198,0.06863449051709611,1,Inferido localmente
5847.416940487409,-0.052746154082746,0.0153441918121004,0.0680903458948464,1,Inferido localmente
5857.289129250476,-0.0528734203718157,0.0146727809007811,0.0675462012725968,1,Inferido localmente
5867.177985220955,-0.0530006866608854,0.0140013699894617,0.0670020566503471,1,Inferido localmente
5877.083536538077,-0.0531279529499551,0.0133299590781424,0.0664579120280975,1,Inferido localmente
5887.005811388582,-0.0532552192390248,0.012658548166823,0.0659137674058478,1,Inferido localmente
5896.944838006795,-0.0533824855280945,0.0119871372555037,0.0653696227835982,1,Inferido localmente
5906.900644674713,-0.0535097518171641,0.0113157263441844,0.0648254781613485,1,Inferido localmente
5916.873259722075,-0.0536370181062338,0.010644315432865,0.0642813335390988,1,Inferido localmente
5926.862711526455,-0.0537642843953035,0.0099729045215457,0.06373718891684921,1,Inferido localmente
5936.869028513335,-0.0538915506843731,0.009301493610227,0.0631930442946001,1,Inferido localmente
5946.892239156187,-0.0540188169734427,0.0086300826989077,0.0626488996723504,1,Inferido localmente
5956.932371976556,-0.0541460832625124,0.0079586717875884,0.062104755050100796,1,Inferido localmente
5966.989455544138,-0.0542733495515821,0.007287260876269,0.0615606104278511,1,Inferido localmente
5977.063518476864,-0.0544006158406518,0.0066158499649497,0.061016465805601494,1,Inferido localmente
5987.154589440982,-0.0545278821297215,0.0059444390536303,0.060472321183351795,1,Inferido localmente
5997.262697151135,-0.0546551484187912,0.005273028142311,0.0599281765611022,1,Inferido localmente
6007.387870370447,-0.0547824147078609,0.0046016172309916,0.0593840319388525,1,Inferido localmente
6017.530137910601,-0.0549096809969306,0.0039302063196723,0.058839887316602904,1,Inferido localmente
6027.689528631924,-0.0550369472860002,0.003258795408353,0.0582957426943532,1,Inferido localmente
6037.866071443467,-0.0551642135750699,0.0025873844970336,0.0577515980721035,1,Inferido localmente
6048.059795303089,-0.0552914798641396,0.0019159735857143,0.057207453449853896,1,Inferido localmente
6058.270729217538,-0.0550246351966471,0.0016248756981281,0.0566495108947752,1,Inferido localmente
6068.498902242534,-0.0547570349686838,0.0013345069186325,0.056091541887316305,1,Inferido localmente
6078.744343482852,-0.0544894347407206,0.0010441381391369,0.055533572879857496,1,Inferido localmente
6089.007082092403,-0.0542218345127573,0.0007537693596413,0.054975603872398596,1,Inferido localmente
6099.287147274322,-0.053954234284794,0.0004634005801457,0.054417634864939696,1,Inferido localmente
6109.584568281044,-0.0536866340568307,0.0001730318006502,0.0538596658574809,1,Inferido localmente
6119.899374414393,-0.0534190338288674,-0.0001173369788453,0.053301696850022104,1,Inferido localmente
6130.231595025663,-0.0531514336009041,-0.0004077057583409,0.052743727842563204,1,Inferido localmente
6140.5812595157,-0.0528838333729408,-0.0006980745378365,0.052185758835104304,1,Inferido localmente
6150.948397334991,-0.0526162331449775,-0.000988443317332,0.0516277898276455,1,Inferido localmente
6161.333037983741,-0.0523486329170142,-0.0012788120968276,0.0510698208201866,1,Inferido localmente
6171.735211011961,-0.0520810326890509,-0.0015691808763232,0.0505118518127277,1,Inferido localmente
6182.154946019551,-0.0518134324610879,-0.0018595496558185,0.0499538828052694,1,Inferido localmente
6192.592272656387,-0.0515458322331246,-0.002149918435314,0.0493959137978106,1,Inferido localmente
6203.047220622398,-0.0512782320051614,-0.0024402872148096,0.0488379447903518,1,Inferido localmente
6213.51981966766,-0.0510106317771981,-0.0027306559943052,0.0482799757828929,1,Inferido localmente
6224.010099592475,-0.0507430315492348,-0.0030210247738008,0.047722006775434,1,Inferido localmente
6234.518090247454,-0.0504754313212715,-0.0033113935532964,0.0471640377679751,1,Inferido localmente
6245.043821533608,-0.0502078310933082,-0.0036017623327919,0.0466060687605163,1,Inferido localmente
6255.587323402428,-0.0499402308653449,-0.0038921311122875,0.0460480997530574,1,Inferido localmente
6266.148625855974,-0.0496726306373816,-0.0041824998917831,0.0454901307455985,1,Inferido localmente
6276.727758946957,-0.0494050304094183,-0.0044728686712787,0.0449321617381396,1,Inferido localmente
6287.324752778824,-0.049137430181455,-0.0047632374507742,0.0443741927306808,1,Inferido localmente
6297.93963750585,-0.0488698299534917,-0.0050536062302698,0.0438162237232219,1,Inferido localmente
6308.572443333217,-0.0486022297255287,-0.0053439750097651,0.043258254715763604,1,Inferido localmente
6319.223200517102,-0.0483346294975654,-0.0056343437892607,0.042700285708304704,1,Inferido localmente
6329.891939364764,-0.0480670292696021,-0.0059247125687562,0.0421423167008459,1,Inferido localmente
6340.57869023463,-0.0477994290416389,-0.0062150813482518,0.0415843476933871,1,Inferido localmente
6351.283483536381,-0.0475318288136756,-0.0065054501277474,0.0410263786859282,1,Inferido localmente
6362.0063497310375,-0.0472642285857123,-0.006795818907243,0.040468409678469305,1,Inferido localmente
6372.747319331051,-0.046996628357749,-0.0070861876867386,0.039910440671010405,1,Inferido localmente
6383.506422900381,-0.0467290281297857,-0.0073765564662341,0.0393524716635516,1,Inferido localmente
6394.283691054594,-0.0464614279018224,-0.0076669252457297,0.0387945026560927,1,Inferido localmente
6405.079154460941,-0.0461938276738591,-0.0079572940252253,0.0382365336486338,1,Inferido localmente
6415.892843838452,-0.0459262274458958,-0.0082476628047209,0.0376785646411749,1,Inferido localmente
6426.724789958015,-0.0456586272179325,-0.0085380315842164,0.0371205956337161,1,Inferido localmente
6437.575023642473,-0.0453910269899695,-0.0088284003637117,0.0365626266262578,1,Inferido localmente
6448.443575766704,-0.0451234267620062,-0.0091187691432073,0.0360046576187989,1,Inferido localmente
6459.330477257715,-0.0448558265340429,-0.0094091379227029,0.03544668861134,1,Inferido localmente
6470.235759094724,-0.0445882263060796,-0.0096995067021984,0.0348887196038812,1,Inferido localmente
6481.159452309253,-0.0443206260781164,-0.009989875481694,0.0343307505964224,1,Inferido localmente
6492.101587985215,-0.0440237466323252,-0.0102136603333081,0.033810086299017106,1,Inferido localmente
6503.062197259,-0.0436559837613333,-0.0102762490457598,0.0333797347155735,1,Inferido localmente
6514.041311319566,-0.0432882208903415,-0.0103388377582115,0.03294938313213,1,Inferido localmente
6525.038961408531,-0.0429204580193497,-0.0104014264706632,0.032519031548686496,1,Inferido localmente
6536.055178820251,-0.0425526951483579,-0.0104640151831149,0.032088679965243,1,Inferido localmente
6547.089994901923,-0.0421849322773661,-0.0105266038955666,0.031658328381799494,1,Inferido localmente
6558.143441053665,-0.0418171694063743,-0.0105891926080183,0.031227976798355997,1,Inferido localmente
6569.215548728605,-0.0414494065353829,-0.01065178132047,0.0307976252149129,1,Inferido localmente
6580.306349432978,-0.0410816436643911,-0.0107143700329217,0.030367273631469398,1,Inferido localmente
6591.415874726209,-0.0407138807933993,-0.0107769587453734,0.0299369220480259,1,Inferido localmente
6602.544156221003,-0.0403461179224075,-0.0108395474578251,0.029506570464582396,1,Inferido localmente
6613.691225583439,-0.0399783550514157,-0.0109021361702768,0.0290762188811389,1,Inferido localmente
6624.857114533056,-0.0396105921804239,-0.0109647248827285,0.028645867297695398,1,Inferido localmente
6636.041854842948,-0.0392428293094321,-0.0110273135951802,0.028215515714251897,1,Inferido localmente
6647.245478339849,-0.0388750664384403,-0.011089902307632,0.027785164130808296,1,Inferido localmente
6658.468016904226,-0.0385073035674485,-0.0111524910200837,0.0273548125473648,1,Inferido localmente
6669.709502470371,-0.0381395406964567,-0.0112150797325354,0.026924460963921298,1,Inferido localmente
6680.96996702649,-0.0377717778254649,-0.0112776684449871,0.026494109380477797,1,Inferido localmente
6692.249442614794,-0.0374040149544731,-0.0113402571574388,0.0260637577970343,1,Inferido localmente
6703.547961331592,-0.0370362520834817,-0.0114028458698904,0.025633406213591302,1,Inferido localmente
6714.865555327381,-0.0366684892124899,-0.0114654345823422,0.0252030546301477,1,Inferido localmente
6726.202256806937,-0.0363007263414981,-0.0115280232947939,0.0247727030467042,1,Inferido localmente
6737.558098029408,-0.0359329634705063,-0.0115906120072456,0.0243423514632607,1,Inferido localmente
6748.9331113084045,-0.0355652005995145,-0.0116532007196973,0.023911999879817198,1,Inferido localmente
6760.327329012093,-0.0351974377285227,-0.011715789432149,0.023481648296373697,1,Inferido localmente
6771.740783563285,-0.0348296748575309,-0.0117783781446007,0.0230512967129302,1,Inferido localmente
6783.173507439535,-0.0344619119865391,-0.0118409668570524,0.0226209451294867,1,Inferido localmente
6794.625533173224,-0.0340941491155473,-0.0119035555695041,0.0221905935460432,1,Inferido localmente
6806.096893351663,-0.0337263862445555,-0.0119661442819558,0.021760241962599697,1,Inferido localmente
6817.587620617177,-0.0333586233735637,-0.0120287329944075,0.021329890379156197,1,Inferido localmente
6829.097747667202,-0.0329908605025719,-0.0120913217068593,0.020899538795712595,1,Inferido localmente
6840.627307254376,-0.0326230976315804,-0.0121539104193109,0.0204691872122695,1,Inferido localmente
6852.176332186636,-0.0322553347605886,-0.0122164991317626,0.020038835628826003,1,Inferido localmente
6863.744855327304,-0.0318875718895968,-0.0122790878442143,0.019608484045382502,1,Inferido localmente
6875.332909595189,-0.031519809018605,-0.012341676556666,0.019178132461939,1,Inferido localmente
6886.940527964675,-0.0311520461476132,-0.0124042652691177,0.018747780878495497,1,Inferido localmente
6898.567743465818,-0.0307842832766214,-0.0124668539815695,0.0183174292950519,1,Inferido localmente
6910.2145891844375,-0.0304165204056296,-0.0125294426940212,0.0178870777116084,1,Inferido localmente
6921.881098262212,-0.0300487575346378,-0.0125920314064729,0.0174567261281649,1,Inferido localmente
6933.567303896772,-0.029680994663646,-0.0126546201189246,0.017026374544721404,1,Inferido localmente
6945.273239341797,-0.0293132317926542,-0.0127172088313763,0.0165960229612779,1,Inferido localmente
6956.998937907109,-0.0289454689216624,-0.012779797543828,0.016165671377834402,1,Inferido localmente
6968.744432958767,-0.0286048654343578,-0.0127785461723665,0.015826319261991302,1,Inferido localmente
6980.50975791916,-0.0282834064163471,-0.0127322943494867,0.0155511120668604,1,Inferido localmente
6992.294946267104,-0.0279619473983359,-0.0126860425266068,0.0152759048717291,1,Inferido localmente
7004.10003153794,-0.0276404883803248,-0.012639790703727,0.0150006976765978,1,Inferido localmente
7015.925047323624,-0.0273190293623137,-0.0125935388808472,0.014725490481466501,1,Inferido localmente
7027.770027272828,-0.0269975703443026,-0.0125472870579673,0.014450283286335299,1,Inferido localmente
7039.63500509103,-0.0266761113262914,-0.0125010352350875,0.014175076091203899,1,Inferido localmente
7051.520014540613,-0.0263546523082803,-0.0124547834122076,0.0138998688960727,1,Inferido localmente
7063.425089440965,-0.0260331932902692,-0.0124085315893278,0.0136246617009414,1,Inferido localmente
7075.350263668566,-0.025711734272258,-0.012362279766448,0.013349454505810002,1,Inferido localmente
7087.295571157095,-0.0253902752542469,-0.0123160279435681,0.013074247310678801,1,Inferido localmente
7099.261045897515,-0.0250688162362358,-0.0122697761206883,0.0127990401155475,1,Inferido localmente
7111.246721938181,-0.024747357218225,-0.0122235242978085,0.012523832920416502,1,Inferido localmente
7123.25263338493,-0.0244258982002139,-0.0121772724749286,0.0122486257252853,1,Inferido localmente
7135.27881440118,-0.0241044391822028,-0.0121310206520488,0.011973418530154,1,Inferido localmente
7147.325299208026,-0.0237829801641916,-0.012084768829169,0.0116982113350226,1,Inferido localmente
7159.392122084341,-0.0234615211461805,-0.0120385170062891,0.011423004139891401,1,Inferido localmente
7171.479317366868,-0.0231400621281694,-0.0119922651834093,0.011147796944760101,1,Inferido localmente
7183.586919450323,-0.0228186031101583,-0.0119460133605294,0.010872589749628899,1,Inferido localmente
7195.714962787489,-0.0224971440921471,-0.0118997615376496,0.010597382554497499,1,Inferido localmente
7207.863481889316,-0.022175685074136,-0.0118535097147698,0.0103221753593662,1,Inferido localmente
7220.03251132502,-0.0218542260561249,-0.0118072578918899,0.010046968164235,1,Inferido localmente
7232.222085722179,-0.0215327670381137,-0.0117610060690101,0.0097717609691036,1,Inferido localmente
7244.432239766832,-0.0212113080201026,-0.0117147542461302,0.009496553773972398,1,Inferido localmente
7256.663008203581,-0.0208898490020915,-0.0116685024232504,0.009221346578841098,0,No identificado
7268.914425835685,-0.0205683899840807,-0.0116222506003706,0.008946139383710099,0,No identificado
7281.186527525161,-0.0202469309660696,-0.0115759987774908,0.0086709321885788,0,No identificado
7293.479348192885,-0.0199254719480585,-0.0115297469546109,0.0083957249934476,0,No identificado
7305.79292281869,-0.0196040129300473,-0.0114834951317311,0.0081205177983162,0,No identificado
7318.127286441472,-0.0192825539120359,-0.0114372433088512,0.0078453106031847,0,No identificado
7330.48247415926,-0.0189610948940247,-0.0113909914859714,0.007570103408053299,0,No identificado
7342.858521129364,-0.0186396358760136,-0.0113447396630915,0.0072948962129221005,0,No identificado
7355.25546256844,-0.0183181768580028,-0.0112984878402117,0.007019689017791099,0,No identificado
7367.6733337526,-0.0179967178399917,-0.0112522360173319,0.0067444818226598,0,No identificado
7380.112170017516,-0.0176752588219806,-0.011205984194452,0.006469274627528601,0,No identificado
7392.572006758513,-0.0173537998039694,-0.0111597323715722,0.006194067432397201,0,No identificado
7405.052879430678,-0.0170323407859583,-0.0111134805486924,0.005918860237265898,0,No identificado
7417.554823548954,-0.0167108817679472,-0.0110672287258125,0.005643653042134699,0,No identificado
7430.077874688243,-0.0163894227499361,-0.0110209769029327,0.005368445847003399,0,No identificado
7442.622068483511,-0.0160679637319249,-0.0109747250800528,0.0050932386518721,1,Inferido localmente
7455.187440629885,-0.0157465047139138,-0.010928473257173,0.004818031456740802,1,Inferido localmente
7467.774026882755,-0.0154250456959027,-0.0108822214342932,0.0045428242616095005,1,Inferido localmente
7480.38186305788,-0.0151880282383506,-0.0108067888356168,0.0043812394027338015,1,Inferido localmente
7493.010985031482,-0.0149624408721413,-0.0107274062988888,0.004235034573252501,1,Inferido localmente
7505.661428740358,-0.0147368535059318,-0.0106480237621607,0.004088829743771099,1,Inferido localmente
7518.333230181973,-0.0145112661397223,-0.0105686412254326,0.0039426249142897,1,Inferido localmente
7531.026425414569,-0.0142856787735127,-0.0104892586887045,0.0037964200848082004,1,Inferido localmente
7543.7410505572625,-0.0140600914073032,-0.0104098761519764,0.0036502152553267997,1,Inferido localmente
7556.477141790153,-0.0138345040410937,-0.0103304936152484,0.0035040104258453,1,Inferido localmente
7569.23473535442,-0.0136089166748842,-0.0102511110785203,0.0033578055963638994,1,Inferido localmente
7582.013867552431,-0.0133833293086747,-0.0101717285417922,0.0032116007668825004,1,Inferido localmente
7594.814574747842,-0.0131577419424651,-0.0100923460050641,0.003065395937400999,1,Inferido localmente
7607.636893365702,-0.0129321545762556,-0.010012963468336,0.0029191911079196,1,Inferido localmente
7620.480859892556,-0.0127065672100461,-0.009933580931608,0.0027729862784381006,1,Inferido localmente
7633.346510876548,-0.0124809798438366,-0.0098541983948799,0.0026267814489567,1,Inferido localmente
7646.233882927529,-0.012255392477627,-0.0097748158581518,0.0024805766194752003,1,Inferido localmente
7659.143012717155,-0.0120298051114178,-0.0096954333214238,0.002334371789993999,1,Inferido localmente
7672.073936978999,-0.0118042177452082,-0.0096160507846957,0.0021881669605124995,1,Inferido localmente
7685.026692508648,-0.0115786303789987,-0.0095366682479676,0.0020419621310311005,1,Inferido localmente
7698.001316163812,-0.0113530430127892,-0.0094572857112395,0.0018957573015496998,1,Inferido localmente
7710.997844864426,-0.0111274556465797,-0.0093779031745115,0.0017495524720681985,1,Inferido localmente
7724.01631559276,-0.0109018682803702,-0.0092985206377834,0.0016033476425867995,1,Inferido localmente
7737.056765393519,-0.0106762809141606,-0.0092191381010553,0.0014571428131053,1,Inferido localmente
7750.119231373953,-0.0104506935479511,-0.0091397555643272,0.0013109379836238992,1,Inferido localmente
7763.203750703956,-0.0102251061817416,-0.0090603730275991,0.0011647331541425002,1,Inferido localmente
7776.310360616179,-0.0099995188155321,-0.0089809904908711,0.0010185283246610007,1,Inferido localmente
7789.439098406134,-0.0097739314493225,-0.008901607954143,0.0008723234951795011,1,Inferido localmente
7802.590001432293,-0.0095483440831133,-0.008822225417415,0.0007261186656982999,1,Inferido localmente
7815.763107116209,-0.0093227567169037,-0.0087428428806869,0.0005799138362167985,1,Inferido localmente
7828.958452942606,-0.0090971693506942,-0.0086634603439588,0.00043370900673539957,1,Inferido localmente
7842.176076459496,-0.0088715819844847,-0.0085840778072307,0.0002875041772540006,1,Inferido localmente
7855.416015278287,-0.0086459946182752,-0.0085046952705026,0.0001412993477725999,1,Inferido localmente
7868.678307073881,-0.0084204072520656,-0.0084253127337746,-4.905481708998571e-06,1,Inferido localmente
7881.962989584789,-0.0081948198858561,-0.0083459301970465,-0.000151110311190401,1,Inferido localmente
7895.270100613236,-0.0079692325196466,-0.0082665476603184,-0.0002973151406718,1,Inferido localmente
7908.599678025267,-0.0077436451534371,-0.0081871651235903,-0.00044351997015319895,1,Inferido localmente
7921.951759750858,-0.0075180577872276,-0.0081077825868622,-0.0005897247996346005,1,Inferido localmente
7935.326383784021,-0.007292470421018,-0.0080284000501342,-0.0007359296291162007,1,Inferido localmente
7948.723588182914,-0.0070668830548085,-0.0079490175134061,-0.0008821344585975997,1,Inferido localmente
7962.143411069947,-0.0068412956885992,-0.0078696349766781,-0.0010283392880788998,1,Inferido localmente
7975.585890631895,-0.0066157083223897,-0.00779025243995,-0.0011745441175603005,1,Inferido localmente
7989.051065120001,-0.0063901209561802,-0.0077108699032219,-0.0013207489470416995,1,Inferido localmente
8002.538972850089,-0.0061645335899707,-0.0076314873664938,-0.0014669537765231002,1,Inferido localmente
8016.049652202669,-0.0059553593742428,-0.0075531658098338,-0.0015978064355910001,1,Inferido localmente
8029.583141623052,-0.0058235574973143,-0.0074798457615298,-0.0016562882642154999,1,Inferido localmente
8043.139479621456,-0.0056917556203857,-0.0074065257132259,-0.0017147700928402,1,Inferido localmente
8056.718704773114,-0.0055599537434572,-0.0073332056649219,-0.0017732519214647005,1,Inferido localmente
8070.320855718386,-0.0054281518665286,-0.007259885616618,-0.0018317337500894006,1,Inferido localmente
8083.945971162869,-0.0052963499896001,-0.007186565568314,-0.0018902155787138995,1,Inferido localmente
8097.594089877505,-0.0051645481126715,-0.0071132455200101,-0.0019486974073385996,1,Inferido localmente
8111.265250698697,-0.005032746235743,-0.0070399254717061,-0.0020071792359631,1,Inferido localmente
8124.959492528411,-0.0049009443588145,-0.0069666054234023,-0.0020656610645878003,1,Inferido localmente
8138.676854334293,-0.004769142481886,-0.0068932853750983,-0.0021241428932123,1,Inferido localmente
8152.417375149778,-0.0046373406049574,-0.0068199653267944,-0.0021826247218369992,1,Inferido localmente
8166.181094074202,-0.0045055387280289,-0.0067466452784904,-0.0022411065504615,1,Inferido localmente
8179.968050272911,-0.0043737368511003,-0.0066733252301864,-0.0022995883790861,1,Inferido localmente
8193.778282977373,-0.0042419349741718,-0.0066000051818825,-0.0023580702077107005,1,Inferido localmente
8207.611831485294,-0.0041101330972432,-0.0065266851335785,-0.0024165520363353,1,Inferido localmente
8221.46873516072,-0.0039783312203147,-0.0064533650852746,-0.0024750338649598995,1,Inferido localmente
8235.349033434166,-0.0038465293433861,-0.0063800450369706,-0.0025335156935845002,1,Inferido localmente
8249.252765802705,-0.0037147274664576,-0.0063067249886667,-0.0025919975222091,1,Inferido localmente
8263.1799718301,-0.003582925589529,-0.0062334049403627,-0.0026504793508336996,1,Inferido localmente
8277.130691146911,-0.0034511237126005,-0.0061600848920588,-0.0027089611794583,1,Inferido localmente
8291.1049634506,-0.003319321835672,-0.0060867648437549,-0.0027674430080829,1,Inferido localmente
8305.102828505655,-0.0031875199587435,-0.006013444795451,-0.0028259248367075,1,Inferido localmente
8319.124326143696,-0.0030557180818149,-0.005940124747147,-0.0028844066653321,1,Inferido localmente
8333.169496263592,-0.0029239162048864,-0.0058668046988431,-0.0029428884939567005,1,Inferido localmente
8347.238378831573,-0.0027921143279578,-0.0057934846505391,-0.0030013703225813,1,Inferido localmente
8361.331013881345,-0.0026603124510293,-0.0057201646022352,-0.0030598521512059,1,Inferido localmente
8375.4474415142,-0.0025285105741007,-0.0056468445539312,-0.0031183339798305,1,Inferido localmente
8389.587701899134,-0.0023967086971722,-0.0055735245056272,-0.0031768158084549995,1,Inferido localmente
8403.751835272962,-0.0022649068202436,-0.0055002044573233,-0.0032352976370796996,1,Inferido localmente
8417.939881940432,-0.0021331049433151,-0.0054268844090193,-0.0032937794657042,1,Inferido localmente
8432.151882274331,-0.0020013030663865,-0.0053535643607154,-0.0033522612943289003,1,Inferido localmente
8446.387876715618,-0.0018695011894579,-0.0052802443124114,-0.0034107431229534997,1,Inferido localmente
8460.64790577352,-0.0017376993125294,-0.0052069242641075,-0.0034692249515780997,1,Inferido localmente
8474.932010025657,-0.001605897435601,-0.0051336042158036,-0.0035277067802026,1,Inferido localmente
8489.240230118161,-0.0014740955586724,-0.0050602841674997,-0.0035861886088273,1,Inferido localmente
8503.572606765782,-0.0013422936817439,-0.0049869641191957,-0.0036446704374518,1,Inferido localmente
8517.92918075201,-0.0012104918048153,-0.0049136440708918,-0.0037031522660765,1,Inferido localmente
8532.309992929191,-0.0010786899278868,-0.0048403240225878,-0.0037616340947009995,1,Inferido localmente
8546.71508421864,-0.0009468880509582,-0.0047670039742839,-0.0038201159233256995,1,Inferido localmente
8561.144495610763,-0.0008150861740297,-0.0046936839259799,-0.0038785977519502,1,Inferido localmente
8575.598268165164,-0.0006832842971011,-0.004620363877676,-0.0039370795805749,1,Inferido localmente
8590.076443010774,-0.0005514824201726,-0.004547043829372,-0.0039955614091994,1,Inferido localmente
8604.579061345956,-0.0004533292496467,-0.0044830732362288,-0.0040297439865821,1,Inferido localmente
8619.106164438635,-0.0003932366929756,-0.0044296779679843,-0.0040364412750087,1,Inferido localmente
8633.657793626404,-0.0003331441363045,-0.0043762826997397,-0.0040431385634351995,1,Inferido localmente
8648.233990316647,-0.0002730515796335,-0.0043228874314952,-0.0040498358518617,1,Inferido localmente
8662.834795986655,-0.0002129590229624,-0.0042694921632507,-0.0040565331402883,1,Inferido localmente
8677.460252183748,-0.0001528664662913,-0.0042160968950061,-0.004063230428714801,1,Inferido localmente
8692.11040052539,-9.277390962021784e-05,-0.0041627016267616,-0.004069927717141382,1,Inferido localmente
8706.785282699304,-3.26813529491223e-05,-0.004109306358517,-0.004076625005567878,1,Inferido localmente
8721.484940463597,2.741120372197324e-05,-0.0040559110902725,-0.004083322293994473,1,Inferido localmente
8736.209415646877,8.750376039306877e-05,-0.0040025158220279,-0.0040900195824209685,1,Inferido localmente
8750.95875014837,0.0001475963170641,-0.0039491205537834,-0.004096716870847499,1,Inferido localmente
8765.73298593804,0.0002076888737352,-0.0038957252855388,-0.004103414159274,1,Inferido localmente
8780.532165056711,0.0002677814304063,-0.0038423300172943,-0.0041101114477006,1,Inferido localmente
8795.356329616181,0.0003278739870774,-0.0037889347490497,-0.0041168087361271,1,Inferido localmente
8810.205521799347,0.0003879665437484,-0.0037355394808052,-0.0041235060245535995,1,Inferido localmente
8825.079783860325,0.0004480591004195,-0.0036821442125607,-0.0041302033129802,1,Inferido localmente
8839.979158124568,0.0005081516570906,-0.0036287489443161,-0.0041369006014067,1,Inferido localmente
8854.903686988984,0.0005682442137617,-0.0035753536760716,-0.0041435978898333,1,Inferido localmente
8869.853412922062,0.0006283367704328,-0.003521958407827,-0.0041502951782598,1,Inferido localmente
8884.828378463993,0.0006884293271039,-0.0034685631395825,-0.0041569924666864004,1,Inferido localmente
8899.828626226783,0.000748521883775,-0.0034151678713379,-0.0041636897551129,1,Inferido localmente
8914.854198894383,0.0008086144404461,-0.0033617726030933,-0.0041703870435394,1,Inferido localmente
8929.90513922281,0.0008687069971172,-0.0033083773348488,-0.004177084331966,1,Inferido localmente
8944.98149004026,0.0009287995537883,-0.0032549820666042,-0.0041837816203925,1,Inferido localmente
8960.083294247239,0.0009888921104594,-0.0032015867983597,-0.0041904789088191,1,Inferido localmente
8975.21059481668,0.0010489846671305,-0.0031481915301151,-0.0041971761972456004,1,Inferido localmente
8990.363434794075,0.0011090772238015,-0.0030947962618706,-0.0042038734856721,1,Inferido localmente
9005.541857297578,0.0011691697804726,-0.0030414009936261,-0.0042105707740987,1,Inferido localmente
9020.745905518146,0.0012292623371437,-0.0029880057253815,-0.0042172680625252,1,Inferido localmente
9035.975622719656,0.0012893548938148,-0.002934610457137,-0.0042239653509518,2,Medido con incertidumbre
9051.231052239022,0.0013494474504859,-0.0028812151888924,-0.0042306626393783,2,Medido con incertidumbre
9066.51223748633,0.001409540007157,-0.0028278199206479,-0.0042373599278049,2,Medido con incertidumbre
9081.81922194495,0.0014696325638281,-0.0027744246524033,-0.0042440572162314,2,Medido con incertidumbre
9097.152049171673,0.0015297251204992,-0.0027210293841588,-0.004250754504658,2,Medido con incertidumbre
9112.51076279681,0.0015898176771703,-0.0026676341159142,-0.0042574517930845,2,Medido con incertidumbre
9127.895406524354,0.0016499102338414,-0.0026142388476697,-0.0042641490815111,2,Medido con incertidumbre
9143.30602413207,0.0017100027905125,-0.0025608435794251,-0.0042708463699376,2,Medido con incertidumbre
9158.74265947164,0.0017700953471836,-0.0025074483111806,-0.0042775436583642,2,Medido con incertidumbre
9174.205356468772,0.0018301879038547,-0.002454053042936,-0.0042842409467907,2,Medido con incertidumbre
9189.69415912334,0.0018902804605257,-0.0024006577746915,-0.0042909382352172,2,Medido con incertidumbre
9205.209111509506,0.0019503730171968,-0.002347262506447,-0.0042976355236437995,2,Medido con incertidumbre
9220.750257775837,0.0020104655738679,-0.0022938672382024,-0.0043043328120703,2,Medido con incertidumbre
9236.31764214543,0.002034041335363,-0.0022545609996442,-0.0042886023350072,2,Medido con incertidumbre
9251.911308916062,0.0020463037190143,-0.0022196197256324,-0.0042659234446467,2,Medido con incertidumbre
9267.53130246028,0.0020585661026656,-0.0021846784516206,-0.0042432445542862005,2,Medido con incertidumbre
9283.177667225556,0.002070828486317,-0.0021497371776088,-0.0042205656639258005,2,Medido con incertidumbre
9298.850447734396,0.0020830908699683,-0.0021147959035971,-0.004197886773565401,2,Medido con incertidumbre
9314.54968858448,0.0020953532536196,-0.0020798546295853,-0.0041752078832049,2,Medido con incertidumbre
9330.275434448771,0.0021076156372709,-0.0020449133555735,-0.0041525289928443995,2,Medido con incertidumbre
9346.027730075668,0.0021198780209222,-0.0020099720815617,-0.004129850102483901,2,Medido con incertidumbre
9361.806620289108,0.0021321404045735,-0.00197503080755,-0.0041071712121235,2,Medido con incertidumbre
9377.612149988709,0.0021444027882249,-0.0019400895335382,-0.0040844923217631,2,Medido con incertidumbre
9393.44436414989,0.0021566651718762,-0.0019051482595265,-0.0040618134314027,2,Medido con incertidumbre
9409.303307824004,0.0021689275555275,-0.0018702069855147,-0.0040391345410422,2,Medido con incertidumbre
9425.189026138463,0.0021811899391788,-0.0018352657115029,-0.0040164556506817,2,Medido con incertidumbre
9441.10156429687,0.0021934523228301,-0.0018003244374911,-0.0039937767603212,2,Medido con incertidumbre
9457.040967579143,0.0022057147064814,-0.0017653831634794,-0.0039710978699608,2,Medido con incertidumbre
9473.007281341646,0.0022179770901328,-0.0017304418894676,-0.0039484189796003995,2,Medido con incertidumbre
9489.000551017318,0.0022302394737841,-0.0016955006154558,-0.0039257400892399,2,Medido con incertidumbre
9505.020822115805,0.0022425018574354,-0.001660559341444,-0.0039030611988794,2,Medido con incertidumbre
9521.06814022358,0.0022547642410867,-0.0016256180674322,-0.0038803823085188996,2,Medido con incertidumbre
9537.142551004092,0.002267026624738,-0.0015906767934205,-0.0038577034181585,2,Medido con incertidumbre
9553.244100197868,0.0022792890083893,-0.0015557355194087,-0.003835024527798,2,Medido con incertidumbre
9569.372833622672,0.0022915513920407,-0.001520794245397,-0.0038123456374377,2,Medido con incertidumbre
9585.528797173616,0.002303813775692,-0.0014858529713852,-0.0037896667470772,2,Medido con incertidumbre
9601.712036823295,0.0023160761593433,-0.0014509116973734,-0.0037669878567167,2,Medido con incertidumbre
9617.922598621926,0.0023283385429946,-0.0014159704233616,-0.0037443089663562,2,Medido con incertidumbre
9634.160528697466,0.0023406009266459,-0.0013810291493499,-0.0037216300759958,2,Medido con incertidumbre
9650.425873255752,0.0023528633102972,-0.0013460878753381,-0.0036989511856353,2,Medido con incertidumbre
9666.718678580632,0.0023651256939486,-0.0013111466013263,-0.0036762722952749,2,Medido con incertidumbre
9683.038991034093,0.0023773880775999,-0.0012762053273145,-0.0036535934049144,2,Medido con incertidumbre
9699.386857056392,0.0023896504612512,-0.0012412640533027,-0.0036309145145539,2,Medido con incertidumbre
9715.7623231662,0.0024019128449025,-0.001206322779291,-0.0036082356241935,1,Inferido localmente
9732.165435960718,0.0024141752285538,-0.0011713815052792,-0.003585556733833,1,Inferido localmente
9748.596242115818,0.0024264376122051,-0.0011364402312675,-0.0035628778434726,1,Inferido localmente
9765.054788386184,0.0024386999958565,-0.0011014989572556,-0.0035401989531121,1,Inferido localmente
9781.541121605414,0.0024509623795078,-0.0010665576832439,-0.0035175200627516998,1,Inferido localmente
9798.055288686191,0.0024632247631591,-0.0010316164092321,-0.0034948411723912,1,Inferido localmente
9814.597336620409,0.0024754871468104,-0.0009966751352203,-0.0034721622820307,1,Inferido localmente
9831.167312479274,0.0024877495304617,-0.0009617338612085,-0.0034494833916702003,1,Inferido localmente
9847.765263413485,0.002500011914113,-0.0009267925871968,-0.0034268045013098,1,Inferido localmente
9864.391236653337,0.0025122742977644,-0.000891851313185,-0.0034041256109494,1,Inferido localmente
9881.045279508857,0.0025245366814157,-0.0008569100391733,-0.0033814467205889997,1,Inferido localmente
9897.727439369955,0.0025354285394582,-0.0008229265864572,-0.0033583551259154,1,Inferido localmente
9914.437763706552,0.002523937475532,-0.0008045859201178,-0.0033285233956498,1,Inferido localmente
9931.1763000687,0.0025124464116058,-0.0007862452537785,-0.0032986916653843,1,Inferido localmente
9947.943096086738,0.0025009553476796,-0.0007679045874391,-0.0032688599351187,1,Inferido localmente
9964.738199471416,0.0024894642837534,-0.0007495639210998,-0.0032390282048532,1,Inferido localmente
9981.56165801404,0.0024779732198272,-0.0007312232547604,-0.0032091964745876,1,Inferido localmente
9998.413519586597,0.002466482155901,-0.000712882588421,-0.003179364744322,1,Inferido localmente
10015.29383214189,0.0024549910919748,-0.0006945419220817,-0.0031495330140565,1,Inferido localmente
10032.202643713694,0.0024435000280486,-0.0006762012557423,-0.0031197012837909,1,Inferido localmente
10049.140002416872,0.0024320089641225,-0.000657860589403,-0.0030898695535255,1,Inferido localmente
10066.10595644752,0.0024205179001963,-0.0006395199230636,-0.0030600378232599,1,Inferido localmente
10083.100554083105,0.0024090268362701,-0.0006211792567243,-0.0030302060929944,1,Inferido localmente
10100.123843682595,0.0023975357723439,-0.0006028385903849,-0.0030003743627288,1,Inferido localmente
10117.175873686612,0.0023860447084177,-0.0005844979240455,-0.0029705426324632,1,Inferido localmente
10134.256692617551,0.0023745536444915,-0.0005661572577062,-0.0029407109021977,1,Inferido localmente
10151.366349079735,0.0023630625805653,-0.0005478165913668,-0.0029108791719321,1,Inferido localmente
10168.50489175954,0.0023515715166391,-0.0005294759250275,-0.0028810474416666003,1,Inferido localmente
10185.672369425542,0.0023400804527129,-0.0005111352586881,-0.0028512157114010004,1,Inferido localmente
10202.86883092865,0.0023285893887867,-0.0004927945923487,-0.0028213839811354,1,Inferido localmente
10220.094325202252,0.0023170983248606,-0.0004744539260094,-0.0027915522508699998,1,Inferido localmente
10237.34890126235,0.0023056072609344,-0.00045611325967,-0.0027617205206044,1,Inferido localmente
10254.632608207698,0.0022941161970082,-0.0004377725933306,-0.0027318887903387996,1,Inferido localmente
10271.945495219938,0.002282625133082,-0.0004194319269913,-0.0027020570600733004,1,Inferido localmente
10289.287611563755,0.0022711340691558,-0.0004010912606519,-0.0026722253298077,1,Inferido localmente
10306.659006587004,0.0022596430052296,-0.0003827505943126,-0.0026423935995422,1,Inferido localmente
10324.05972972085,0.0022481519413034,-0.0003644099279732,-0.0026125618692766,1,Inferido localmente
10341.48983047992,0.0022366608773772,-0.0003460692616339,-0.0025827301390111,1,Inferido localmente
10358.949358462429,0.002225169813451,-0.0003277285952945,-0.0025528984087455,1,Inferido localmente
10376.43836335033,0.0022136787495248,-0.0003093879289551,-0.0025230666784799,1,Inferido localmente
10393.95689490946,0.0022021876855987,-0.0002910472626158,-0.0024932349482145004,1,Inferido localmente
10411.505002989668,0.0021906966216725,-0.0002727065962764,-0.0024634032179489,1,Inferido localmente
10429.082737524972,0.0021792055577463,-0.0002543659299371,-0.0024335714876834,1,Inferido localmente
10446.690148533688,0.0021677144938201,-0.0002360252635977,-0.0024037397574178,1,Inferido localmente
10464.327286118578,0.0021562234298939,-0.0002176845972583,-0.0023739080271522,1,Inferido localmente
10481.994200466994,0.0021447323659677,-0.000199343930919,-0.0023440762968867,1,Inferido localmente
10499.69094185102,0.0021332413020415,-0.0001810032645796,-0.0023142445666211,1,Inferido localmente
10517.417560627611,0.0021217502381153,-0.0001626625982403,-0.0022844128363555998,1,Inferido localmente
10535.174107238749,0.0021102591741891,-0.0001443219319009,-0.00225458110609,1,Inferido localmente
10552.960632211563,0.0020987681102629,-0.0001259812655615,-0.0022247493758244,1,Inferido localmente
10570.777186158495,0.0020872770463368,-0.0001076405992222,-0.002194917645559,1,Inferido localmente
10588.623819777438,0.0020757859824106,-8.929993288287089e-05,-0.002165085915293471,1,Inferido localmente
10606.500583851872,0.0020642949184844,-7.09592665435097e-05,-0.0021352541850279097,1,Inferido localmente
10624.40752925102,0.0020499477927373,-5.680578255912485e-05,-0.002106753575296425,1,Inferido localmente
10642.344706929984,0.0020303412607417,-5.036294856143195e-05,-0.002080704209303132,1,Inferido localmente
10660.312167929897,0.0020107347287462,-4.392011456373905e-05,-0.0020546548433099387,1,Inferido localmente
10678.30996337806,0.0019911281967507,-3.747728056605294e-05,-0.0020286054773167527,2,Medido con incertidumbre
10696.338144488098,0.0019715216647551,-3.103444656836004e-05,-0.00200255611132346,2,Medido con incertidumbre
10714.396762560093,0.0019519151327596,-2.4591612570667143e-05,-0.001976506745330267,2,Medido con incertidumbre
10732.485868980742,0.0019323086007641,-1.814877857297425e-05,-0.0019504573793370742,2,Medido con incertidumbre
10750.605515223497,0.0019127020687685,-1.1705944575281352e-05,-0.0019244080133437814,2,Medido con incertidumbre
10768.75575284871,0.001893095536773,-5.263110577588454e-06,-0.0018983586473505884,2,Medido con incertidumbre
10786.936633503788,0.0018734890047774,1.1797234201044431e-06,-0.0018723092813572955,2,Medido con incertidumbre
10805.148208923329,0.0018538824727819,7.622557417797347e-06,-0.0018462599153641027,2,Medido con incertidumbre
10823.390530929277,0.0018342759407863,1.4065391415490252e-05,-0.0018202105493708098,2,Medido con incertidumbre
10841.663651431065,0.0018146694087908,2.0508225413183132e-05,-0.0017941611833776168,2,Medido con incertidumbre
10859.967622425766,0.0017950628767953,2.695105941087602e-05,-0.001768111817384424,2,Medido con incertidumbre
10878.30249599824,0.0017754563447997,3.339389340856892e-05,-0.001742062451391131,2,Medido con incertidumbre
10896.66832432128,0.0017558498128042,3.983672740625504e-05,-0.001716013085397945,2,Medido con incertidumbre
10915.065159655764,0.0017362432808087,4.6279561403947935e-05,-0.0016899637194047522,2,Medido con incertidumbre
10933.493054350804,0.0017166367488131,5.272239540164083e-05,-0.0016639143534114592,2,Medido con incertidumbre
10951.952060843889,0.0016970302168176,5.916522939933374e-05,-0.0016378649874182665,2,Medido con incertidumbre
10970.442231661038,0.001677423684822,6.560806339702664e-05,-0.0016118156214249735,2,Medido con incertidumbre
10988.963619416954,0.0016578171528265,7.205089739471953e-05,-0.0015857662554317805,2,Medido con incertidumbre
11007.516276815164,0.0016382106208309,7.849373139241242e-05,-0.0015597168894384875,2,Medido con incertidumbre
11026.10025664818,0.0016186040888354,8.493656539010534e-05,-0.0015336675234452948,2,Medido con incertidumbre
11044.715611797636,0.0015989975568399,9.137939938779822e-05,-0.0015076181574521018,2,Medido con incertidumbre
11063.362395234455,0.0015793910248443,9.782223338549114e-05,-0.001481568791458809,2,Medido con incertidumbre
11082.040660018984,0.0015597844928488,0.0001042650673831,-0.0014555194254657,2,Medido con incertidumbre
11100.750459301156,0.0015401779608532,0.0001107079013808,-0.0014294700594724,3,Medido con incertidumbre
11119.491846320632,0.0015205714288577,0.0001171507353785,-0.0014034206934792001,3,Medido con incertidumbre
11138.264874406965,0.0015009648968622,0.0001235935693762,-0.001377371327486,3,Medido con incertidumbre
11157.069596979734,0.0014813583648666,0.0001300364033739,-0.0013513219614926999,3,Medido con incertidumbre
11175.906067548714,0.0014617518328711,0.0001364792373716,-0.0013252725954995001,3,Medido con incertidumbre
11194.774339714022,0.0014421453008755,0.0001429220713693,-0.0012992232295062,3,Medido con incertidumbre
11213.67446716626,0.00142253876888,0.000149364905367,-0.0012731738635129999,3,Medido con incertidumbre
11232.606503686682,0.0014029322368845,0.0001558077393647,-0.0012471244975198002,3,Medido con incertidumbre
11251.57050314734,0.0013833257048889,0.0001622505733624,-0.0012210751315265,3,Medido con incertidumbre
11270.566519511236,0.0013637191728934,0.0001686934073601,-0.0011950257655333,3,Medido con incertidumbre
11289.59460683248,0.0013441126408978,0.0001751362413577,-0.0011689763995401002,3,Medido con incertidumbre
11308.65481925644,0.0013245061089023,0.0001815790753554,-0.0011429270335469,3,Medido con incertidumbre
11327.747211019896,0.0013048995769068,0.0001880219093531,-0.0011168776675537,3,Medido con incertidumbre
11346.871836451202,0.0012852930449112,0.0001944647433508,-0.0010908283015604,3,Medido con incertidumbre
11366.028749970426,0.0012656865129157,0.0002009075773485,-0.0010647789355672,3,Medido con incertidumbre
11385.218006089524,0.0012460799809201,0.0002073504113462,-0.0010387295695739,3,Medido con incertidumbre
11404.43965941247,0.0012269001632958,0.0002093052560474,-0.0010175949072484,3,Medido con incertidumbre
11423.69376463544,0.0012079540179627,0.0002088024409816,-0.0009991515769810998,3,Medido con incertidumbre
11442.980376546946,0.0011890078726296,0.0002082996259158,-0.0009807082467138,3,Medido con incertidumbre
11462.299550028,0.0011700617272965,0.00020779681085,-0.0009622649164465,3,Medido con incertidumbre
11481.651340052274,0.0011511155819635,0.0002072939957842,-0.0009438215861793,3,Medido con incertidumbre
11501.035801686246,0.0011321694366304,0.0002067911807184,-0.000925378255912,3,Medido con incertidumbre
11520.452990089365,0.0011132232912973,0.0002062883656525,-0.0009069349256448,3,Medido con incertidumbre
11539.902960514206,0.0010942771459642,0.0002057855505867,-0.0008884915953775,3,Medido con incertidumbre
11559.385768306627,0.0010753310006311,0.0002052827355209,-0.0008700482651102001,3,Medido con incertidumbre
11578.901468905928,0.001056384855298,0.0002047799204551,-0.0008516049348429,3,Medido con incertidumbre
11598.450117845005,0.001037438709965,0.0002042771053893,-0.0008331616045757001,3,Medido con incertidumbre
11618.031770750506,0.0010184925646319,0.0002037742903235,-0.0008147182743084,3,Medido con incertidumbre
11637.646483343002,0.0009995464192988,0.0002032714752577,-0.0007962749440410999,3,Medido con incertidumbre
11657.294311437132,0.0009806002739657,0.0002027686601918,-0.0007778316137739001,3,Medido con incertidumbre
11676.975310941769,0.0009616541286326,0.000202265845126,-0.0007593882835066,3,Medido con incertidumbre
11696.68953786017,0.0009427079832995,0.0002017630300602,-0.0007409449532393,3,Medido con incertidumbre
11716.437048290154,0.0009237618379664,0.0002012602149944,-0.000722501622972,3,Medido con incertidumbre
11736.217898424242,0.0009048156926333,0.0002007573999286,-0.0007040582927047,3,Medido con incertidumbre
11756.032144549825,0.0008858695473003,0.0002002545848628,-0.0006856149624375,3,Medido con incertidumbre
11775.879843049328,0.0008669234019672,0.000199751769797,-0.0006671716321702,3,Medido con incertidumbre
11795.76105040036,0.0008479772566341,0.0001992489547311,-0.000648728301903,3,Medido con incertidumbre
11815.675823175889,0.000829031111301,0.0001987461396653,-0.0006302849716357,3,Medido con incertidumbre
11835.624218044388,0.0008100849659679,0.0001982433245995,-0.0006118416413684,3,Medido con incertidumbre
11855.606291770007,0.0007911388206349,0.0001977405095337,-0.0005933983111012,3,Medido con incertidumbre
11875.622101212732,0.0007721926753018,0.0001972376944679,-0.0005749549808339,3,Medido con incertidumbre
11895.67170332854,0.0007532465299687,0.0001967348794021,-0.0005565116505665999,3,Medido con incertidumbre
11915.755155169576,0.0007343003846356,0.0001962320643363,-0.0005380683202992999,3,Medido con incertidumbre
11935.872513884296,0.0007153542393025,0.0001957292492705,-0.000519624990032,3,Medido con incertidumbre
11956.023836717646,0.0006964080939694,0.0001952264342046,-0.0005011816597647999,3,Medido con incertidumbre
11976.209181011218,0.0006774619486363,0.0001947236191388,-0.00048273832949750006,3,Medido con incertidumbre
11996.428604203413,0.0006585158033032,0.000194220804073,-0.00046429499923020007,3,Medido con incertidumbre
12016.6821638296,0.0006395696579702,0.0001937179890072,-0.00044585166896300005,3,Medido con incertidumbre
12036.969917522294,0.0006206235126371,0.0001932151739414,-0.00042740833869570006,3,Medido con incertidumbre
12057.291923011308,0.000601677367304,0.0001927123588756,-0.0004089650084284001,3,Medido con incertidumbre
12077.648238123917,0.0005827312219709,0.0001922095438098,-0.0003905216781611,3,Medido con incertidumbre
12098.038920785026,0.0005637850766378,0.0001917067287439,-0.00037207834789389996,3,Medido con incertidumbre
12118.46402901734,0.0005448389313048,0.0001912039136781,-0.00035363501762669994,3,Medido con incertidumbre
12138.923620941516,0.0005258927859717,0.0001907010986123,-0.00033519168735939996,3,Medido con incertidumbre
12159.417754776345,0.0005069466406386,0.0001901982835465,-0.0003167483570921,3,Medido con incertidumbre
12179.946488838896,0.0004880004953055,0.0001896954684807,-0.0002983050268248,3,Medido con incertidumbre
12200.509881544707,0.0004690543499724,0.0001891926534149,-0.0002798616965575,3,Medido con incertidumbre
12221.107991407938,0.0004501082046393,0.0001886898383491,-0.0002614183662902,3,Medido con incertidumbre
12241.74087704153,0.0004403835426887,0.0001867453233908,-0.0002536382192979,3,Medido con incertidumbre
12262.408597157384,0.0004312434324527,0.000184709418782,-0.0002465340136707,3,Medido con incertidumbre
12283.111210566529,0.0004221033222166,0.0001826735141733,-0.00023942980804329998,3,Medido con incertidumbre
12303.848776179277,0.0004129632119806,0.0001806376095645,-0.0002323256024161,3,Medido con incertidumbre
12324.621353005405,0.0004038231017445,0.0001786017049557,-0.0002252213967888,3,Medido con incertidumbre
12345.429000154309,0.0003946829915084,0.0001765658003469,-0.0002181171911615,3,Medido con incertidumbre
12366.271776835183,0.0003855428812724,0.0001745298957381,-0.0002110129855343,3,Medido con incertidumbre
12387.149742357193,0.0003764027710363,0.0001724939911293,-0.000203908779907,3,Medido con incertidumbre
12408.06295612962,0.0003672626608003,0.0001704580865205,-0.00019680457427979998,3,Medido con incertidumbre
12429.011477662054,0.0003581225505642,0.0001684221819118,-0.00018970036865240003,3,Medido con incertidumbre
12449.995366564555,0.0003489824403281,0.000166386277303,-0.0001825961630251,3,Medido con incertidumbre
12471.014682547826,0.0003398423300921,0.0001643503726942,-0.0001754919573979,3,Medido con incertidumbre
12492.069485423372,0.000330702219856,0.0001623144680854,-0.0001683877517706,3,Medido con incertidumbre
12513.15983510368,0.0003215621096199,0.0001602785634766,-0.00016128354614330004,3,Medido con incertidumbre
12534.285791602391,0.0003124219993839,0.0001582426588678,-0.00015417934051610002,3,Medido con incertidumbre
12555.447415034463,0.0003032818891478,0.0001562067542591,-0.00014707513488870002,3,Medido con incertidumbre
12576.644765616353,0.0002941417789118,0.0001541708496503,-0.0001399709292615,3,Medido con incertidumbre
12597.877903666167,0.0002850016686757,0.0001521349450415,-0.0001328667236342,3,Medido con incertidumbre
12619.146889603862,0.0002758615584396,0.0001500990404327,-0.00012576251800689998,3,Medido con incertidumbre
12640.45178395139,0.0002667214482036,0.0001480631358239,-0.00011865831237969999,3,Medido con incertidumbre
12661.79264733289,0.0002575813379675,0.0001460272312151,-0.0001115541067524,3,Medido con incertidumbre
12683.169540474848,0.0002484412277315,0.0001439913266063,-0.00010444990112520001,3,Medido con incertidumbre
12704.582524206278,0.0002393011174954,0.0001419554219976,-9.734569549779999e-05,3,Medido con incertidumbre
12726.03165945889,0.0002301610072593,0.0001399195173888,-9.02414898705e-05,3,Medido con incertidumbre
12747.51700726726,0.0002210208970233,0.00013788361278,-8.313728424330001e-05,3,Medido con incertidumbre
12769.03862876902,0.0002118807867872,0.0001358477081712,-7.6033078616e-05,3,Medido con incertidumbre
12790.59658520501,0.0002027406765511,0.0001338118035624,-6.89288729887e-05,3,Medido con incertidumbre
12812.190937919468,0.0001936005663151,0.0001317758989536,-6.18246673615e-05,3,Medido con incertidumbre
12833.821748360197,0.000184460456079,0.0001297399943448,-5.472046173420002e-05,3,Medido con incertidumbre
12855.489078078745,0.000175320345843,0.0001277040897361,-4.761625610690001e-05,3,Medido con incertidumbre
12877.192988730574,0.0001661802356069,0.0001256681851273,-4.05120504796e-05,3,Medido con incertidumbre
12898.933542075243,0.0001570401253708,0.0001236322805185,-3.340784485230002e-05,3,Medido con incertidumbre
12920.710799976576,0.0001479000151348,0.0001215963759097,-2.6303639225100012e-05,3,Medido con incertidumbre
12942.524824402844,0.0001387599048987,0.0001195604713009,-1.919943359779999e-05,3,Medido con incertidumbre
12964.375677426937,0.0001296197946627,0.0001175245666921,-1.2095227970599983e-05,3,Medido con incertidumbre
12986.263421226542,0.0001204796844266,0.0001154886620833,-4.991022343300001e-06,3,Medido con incertidumbre
13008.188118084325,0.0001113395741905,0.0001134527574746,2.1131832840999993e-06,3,Medido con incertidumbre
13030.149830388127,0.0001021994639545,0.0001114168528658,9.217388911300005e-06,3,Medido con incertidumbre
13052.14862063104,9.305935371844623e-05,0.000109380948257,1.632159453855376e-05,3,Medido con incertidumbre
13074.184551411738,8.391924348238391e-05,0.0001073450436482,2.3425800165816093e-05,3,Medido con incertidumbre
13096.257685434564,7.477913324632158e-05,0.0001053091390394,3.053000579307843e-05,3,Medido con incertidumbre
13118.368085509708,6.713506013487306e-05,0.0001033394301015,3.6204369966626936e-05,3,Medido con incertidumbre
13140.515814553424,6.437140930865865e-05,0.0001015856668927,3.721425758404135e-05,3,Medido con incertidumbre
13162.70093558817,6.160775848244425e-05,9.983190368388108e-05,3.822414520143683e-05,3,Medido con incertidumbre
13184.923511742809,5.884410765622984e-05,9.807814047502314e-05,3.92340328187933e-05,3,Medido con incertidumbre
13207.183606252793,5.6080456830015424e-05,9.63243772661652e-05,4.024392043614978e-05,3,Medido con incertidumbre
13229.48128246032,5.331680600380101e-05,9.457061405730728e-05,4.125380805350627e-05,3,Medido con incertidumbre
13251.81660381454,5.05531551775866e-05,9.281685084844934e-05,4.226369567086274e-05,3,Medido con incertidumbre
13274.189633871723,4.778950435137219e-05,9.106308763959142e-05,4.327358328821923e-05,3,Medido con incertidumbre
13296.600436295434,4.502585352515778e-05,8.930932443073348e-05,4.42834709055757e-05,3,Medido con incertidumbre
13319.049074856726,4.226220269894337e-05,8.755556122187554e-05,4.5293358522932176e-05,3,Medido con incertidumbre
13341.535613434318,3.949855187272896e-05,8.580179801301762e-05,4.630324614028866e-05,2,Medido con incertidumbre
13364.060116014773,3.673490104651456e-05,8.404803480415968e-05,4.731313375764512e-05,2,Medido con incertidumbre
13386.62264669268,3.397125022030306e-05,8.229427159530359e-05,4.832302137500053e-05,2,Medido con incertidumbre
13409.223269670843,3.1207599394088645e-05,8.054050838644566e-05,4.933290899235702e-05,2,Medido con incertidumbre
13431.862049260464,2.8443948567874237e-05,7.878674517758773e-05,5.034279660971349e-05,2,Medido con incertidumbre
13454.539049881309,2.5680297741659827e-05,7.703298196872979e-05,5.135268422706996e-05,2,Medido con incertidumbre
13477.254336061913,2.2916646915445416e-05,7.527921875987185e-05,5.236257184442644e-05,2,Medido con incertidumbre
13500.00797243975,2.015299608923101e-05,7.352545555101392e-05,5.337245946178291e-05,2,Medido con incertidumbre
13522.800023761423,1.7389345263016594e-05,7.177169234215598e-05,5.4382347079139384e-05,2,Medido con incertidumbre
13545.630554882857,1.4625694436802189e-05,7.001792913329805e-05,5.539223469649587e-05,2,Medido con incertidumbre
13568.499630769453,1.1862043610587773e-05,6.826416592444012e-05,5.6402122313852345e-05,2,Medido con incertidumbre
13591.407316496305,9.098392784373364e-06,6.651040271558218e-05,5.7412009931208815e-05,2,Medido con incertidumbre
13614.35367724837,6.334741958158951e-06,6.475663950672424e-05,5.842189754856529e-05,2,Medido con incertidumbre
13637.338778320664,3.5710911319445405e-06,6.300287629786632e-05,5.9431785165921775e-05,2,Medido con incertidumbre
13660.36268511843,8.074403057330402e-07,6.124911308901023e-05,6.044167278327718e-05,2,Medido con incertidumbre
13683.425463157344,-1.9562105204813706e-06,5.949534988015229e-05,6.145156040063366e-05,2,Medido con incertidumbre
13706.527178063683,-4.719861346695781e-06,5.774158667129435e-05,6.246144801799014e-05,2,Medido con incertidumbre
13729.667895574528,-7.483512172910178e-06,5.598782346243643e-05,6.34713356353466e-05,2,Medido con incertidumbre
13752.84768153794,-1.024716299912459e-05,5.423406025357849e-05,6.448122325270308e-05,2,Medido con incertidumbre
13776.066601913151,-1.3010813825339e-05,5.248029704472056e-05,6.549111087005957e-05,2,Medido con incertidumbre
13799.324722770756,-1.577446465155341e-05,5.072653383586263e-05,6.650099848741604e-05,2,Medido con incertidumbre
13822.622110292894,-1.853811547776782e-05,4.897277062700469e-05,6.751088610477252e-05,2,Medido con incertidumbre
13845.958830773438,-2.1301766303982232e-05,4.721900741814676e-05,6.8520773722129e-05,2,Medido con incertidumbre
13869.334950618186,-2.4065417130196643e-05,4.546524420928882e-05,6.953066133948546e-05,2,Medido con incertidumbre
13892.75053634505,-2.682906795641105e-05,4.371148100043089e-05,7.054054895684194e-05,2,Medido con incertidumbre
13916.205654584242,-2.9592718782625465e-05,4.195771779157296e-05,7.155043657419843e-05,2,Medido con incertidumbre
13939.70037207847,-3.235636960883697e-05,4.020395458271686e-05,7.256032419155383e-05,2,Medido con incertidumbre
13963.234755683116,-3.512002043505138e-05,3.8450191373858925e-05,7.35702118089103e-05,2,Medido con incertidumbre
13986.808872366444,-3.7883671261265786e-05,3.6696428165001e-05,7.458009942626679e-05,2,Medido con incertidumbre
14010.422789209772,-4.06473220874802e-05,3.494266495614306e-05,7.558998704362325e-05,2,Medido con incertidumbre
14034.076573407676,-4.341097291369461e-05,3.318890174728513e-05,7.659987466097974e-05,2,Medido con incertidumbre
14057.770292268173,-4.617462373990902e-05,3.143513853842719e-05,7.76097622783362e-05,2,Medido con incertidumbre
14081.504013212916,-4.748020714726042e-05,3.019296237728668e-05,7.76731695245471e-05,2,Medido con incertidumbre
14105.277803777391,-4.748679978514168e-05,2.9406558592764792e-05,7.689335837790648e-05,2,Medido con incertidumbre
14129.091731611104,-4.749339242302295e-05,2.8620154808242916e-05,7.611354723126587e-05,2,Medido con incertidumbre
14152.945864477762,-4.749998506090422e-05,2.7833751023721036e-05,7.533373608462525e-05,2,Medido con incertidumbre
14176.840270255494,-4.750657769878549e-05,2.704734723919916e-05,7.455392493798464e-05,2,Medido con incertidumbre
14200.775016937016,-4.7513170336666746e-05,2.6260943454678103e-05,7.377411379134485e-05,2,Medido con incertidumbre
14224.75017262984,-4.751976297454802e-05,2.547453967015622e-05,7.299430264470425e-05,2,Medido con incertidumbre
14248.765805556464,-4.7526355612429286e-05,2.468813588563434e-05,7.221449149806363e-05,2,Medido con incertidumbre
14272.821984054564,-4.753294825031055e-05,2.390173210111246e-05,7.1434680351423e-05,2,Medido con incertidumbre
14296.918776577191,-4.753954088819182e-05,2.311532831659058e-05,7.06548692047824e-05,2,Medido con incertidumbre
14321.056251692971,-4.754613352607309e-05,2.23289245320687e-05,6.98750580581418e-05,2,Medido con incertidumbre
14345.234478086288,-4.755272616395436e-05,2.154252074754682e-05,6.909524691150118e-05,2,Medido con incertidumbre
14369.453524557484,-4.755931880183562e-05,2.075611696302493e-05,6.831543576486056e-05,2,Medido con incertidumbre
14393.713460023058,-4.7565911439716895e-05,1.9969713178503058e-05,6.753562461821995e-05,2,Medido con incertidumbre
14418.01435351587,-4.757250407759817e-05,1.918330939398118e-05,6.675581347157934e-05,2,Medido con incertidumbre
14442.356274185317,-4.757909671547943e-05,1.8396905609459295e-05,6.597600232493872e-05,2,Medido con incertidumbre
14466.73929129754,-4.75856893533607e-05,1.7610501824937418e-05,6.519619117829812e-05,2,Medido con incertidumbre
14491.163474235633,-4.759228199124196e-05,1.6824098040415535e-05,6.44163800316575e-05,2,Medido con incertidumbre
14515.628892499815,-4.759887462912323e-05,1.603769425589449e-05,6.363656888501772e-05,2,Medido con incertidumbre
14540.13561570766,-4.76054672670045e-05,1.5251290471372604e-05,6.28567577383771e-05,2,Medido con incertidumbre
14564.68371359426,-4.761205990488576e-05,1.4464886686850724e-05,6.207694659173648e-05,2,Medido con incertidumbre
14589.273256012451,-4.761865254276703e-05,1.3678482902328844e-05,6.129713544509587e-05,2,Medido con incertidumbre
14613.904312932998,-4.762524518064831e-05,1.2892079117806966e-05,6.051732429845528e-05,2,Medido con incertidumbre
14638.576954444798,-4.7631837818529565e-05,1.2105675333285084e-05,5.973751315181465e-05,2,Medido con incertidumbre
14663.291250755075,-4.763843045641084e-05,1.1319271548763205e-05,5.895770200517404e-05,2,Medido con incertidumbre
14688.047272189597,-4.7645023094292106e-05,1.053286776424132e-05,5.817789085853342e-05,2,Medido con incertidumbre
14712.845089192844,-4.765161573217337e-05,9.74646397971944e-06,5.7398079711892816e-05,2,Medido con incertidumbre
14737.684772328244,-4.7658208370054647e-05,8.960060195197562e-06,5.661826856525221e-05,2,Medido con incertidumbre
14762.566392278344,-4.766480100793592e-05,8.173656410675682e-06,5.5838457418611604e-05,2,Medido con incertidumbre
14787.490019845038,-4.767139364581718e-05,7.387252626153803e-06,5.5058646271970984e-05,2,Medido con incertidumbre
14812.45572594974,-4.767798628369844e-05,6.60084884163275e-06,5.427883512533119e-05,2,Medido con incertidumbre
14837.463581633614,-4.768457892157971e-05,5.814445057110868e-06,5.349902397869058e-05,2,Medido con incertidumbre
14862.513658057753,-4.7691171559460975e-05,5.028041272588989e-06,5.2719212832049966e-05,2,Medido con incertidumbre
14887.606026503394,-4.769776419734225e-05,4.241637488067108e-06,5.193940168540936e-05,2,Medido con incertidumbre
14912.74075837212,-4.770435683522352e-05,3.4552337035452283e-06,5.1159590538768753e-05,2,Medido con incertidumbre
14937.917925186064,-4.771094947310478e-05,2.668829919023345e-06,5.037977939212813e-05,2,Medido con incertidumbre
14963.137598588102,-4.7717542110986056e-05,1.882426134501467e-06,4.959996824548752e-05,2,Medido con incertidumbre
14988.399850342068,-4.772413474886732e-05,1.0960223499795884e-06,4.882015709884691e-05,2,Medido con incertidumbre
15013.704752332957,-4.773072738674858e-05,3.09618565457706e-07,4.804034595220628e-05,2,Medido con incertidumbre
15039.052376567124,-4.773732002462985e-05,-4.767852190641728e-07,4.7260534805565676e-05,2,Medido con incertidumbre
15064.442795172496,-4.774391266251112e-05,-1.2631890035860554e-06,4.648072365892506e-05,2,Medido con incertidumbre
15089.87608039877,-4.775050530039239e-05,-2.049592788107934e-06,4.570091251228446e-05,2,Medido con incertidumbre
15115.352304617623,-4.725496054576616e-05,-2.2977708605068743e-06,4.495718968525929e-05,2,Medido con incertidumbre
15140.87154032292,-4.665148139368649e-05,-2.430257353672233e-06,4.422122404001425e-05,2,Medido con incertidumbre
15166.433860130912,-4.604800224160683e-05,-2.562743846837592e-06,4.348525839476924e-05,2,Medido con incertidumbre
15192.039336780452,-4.544452308952717e-05,-2.695230340002951e-06,4.274929274952422e-05,2,Medido con incertidumbre
15217.688043133196,-4.484104393744752e-05,-2.82771683316831e-06,4.201332710427921e-05,2,Medido con incertidumbre
15243.380052173816,-4.423756478536787e-05,-2.9602033263336696e-06,4.1277361459034204e-05,2,Medido con incertidumbre
15269.115437010198,-4.36340856332882e-05,-3.0926898194990283e-06,4.054139581378918e-05,2,Medido con incertidumbre
15294.89427087366,-4.303060648120856e-05,-3.2251763126643878e-06,3.980543016854417e-05,2,Medido con incertidumbre
15320.716627119156,-4.2427127329128895e-05,-3.3576628058297464e-06,3.906946452329915e-05,2,Medido con incertidumbre
15346.582579225482,-4.1823648177049234e-05,-3.490149298995105e-06,3.833349887805413e-05,2,Medido con incertidumbre
15372.492200795494,-4.122016902496958e-05,-3.622635792160464e-06,3.759753323280912e-05,2,Medido con incertidumbre
15398.445565556303,-4.061668987289056e-05,-3.755122285325683e-06,3.686156758756488e-05,2,Medido con incertidumbre
15424.442747359508,-4.00132107208109e-05,-3.887608778491043e-06,3.612560194231986e-05,2,Medido con incertidumbre
15450.483820181376,-3.940973156873124e-05,-4.020095271656402e-06,3.538963629707484e-05,2,Medido con incertidumbre
15476.568858123072,-3.880625241665158e-05,-4.152581764821761e-06,3.465367065182982e-05,2,Medido con incertidumbre
15502.697935410872,-3.8202773264571926e-05,-4.28506825798712e-06,3.39177050065848e-05,2,Medido con incertidumbre
15528.871126396363,-3.759929411249227e-05,-4.417554751152479e-06,3.318173936133979e-05,2,Medido con incertidumbre
15555.088505556663,-3.699581496041261e-05,-4.550041244317838e-06,3.244577371609477e-05,2,Medido con incertidumbre
15581.350147494626,-3.639233580833295e-05,-4.682527737483197e-06,3.1709808070849753e-05,2,Medido con incertidumbre
15607.656126939062,-3.5788856656253296e-05,-4.815014230648556e-06,3.097384242560474e-05,2,Medido con incertidumbre
15634.00651874494,-3.518537750417364e-05,-4.947500723813915e-06,3.0237876780359726e-05,2,Medido con incertidumbre
15660.401397893613,-3.458189835209398e-05,-5.079987216979275e-06,2.9501911135114704e-05,2,Medido con incertidumbre
15686.84083949302,-3.397841920001432e-05,-5.212473710144634e-06,2.8765945489869685e-05,2,Medido con incertidumbre
15713.324918777906,-3.3374940047934666e-05,-5.344960203309992e-06,2.8029979844624674e-05,2,Medido con incertidumbre
15739.853711110036,-3.277146089585565e-05,-5.477446696475211e-06,2.7294014199380437e-05,2,Medido con incertidumbre
15766.427291978409,-3.216798174377599e-05,-5.60993318964057e-06,2.655804855413542e-05,1,Inferido localmente
15793.045736999467,-3.156450259169633e-05,-5.742419682805929e-06,2.5822082908890397e-05,1,Inferido localmente
15819.709121917324,-3.096102343961667e-05,-5.874906175971289e-06,2.5086117263645385e-05,1,Inferido localmente
15846.41752260396,-3.0357544287537012e-05,-6.007392669136648e-06,2.4350151618400363e-05,1,Inferido localmente
15873.171015059464,-2.975406513545736e-05,-6.139879162302007e-06,2.3614185973155354e-05,1,Inferido localmente
15899.969675412223,-2.9150585983377704e-05,-6.2723656554673656e-06,2.287822032791034e-05,1,Inferido localmente
15926.813579919164,-2.8547106831298043e-05,-6.404852148632725e-06,2.2142254682665317e-05,1,Inferido localmente
15953.702804965948,-2.7943627679218385e-05,-6.537338641798084e-06,2.14062890374203e-05,1,Inferido localmente
15980.6374270672,-2.7340148527138728e-05,-6.669825134963442e-06,2.0670323392175286e-05,1,Inferido localmente
16007.617522866729,-2.6736669375059077e-05,-6.802311628128802e-06,1.9934357746930274e-05,1,Inferido localmente
16034.643169137737,-2.613319022298005e-05,-6.934798121294022e-06,1.9198392101686028e-05,1,Inferido localmente
16061.714442783044,-2.552971107090039e-05,-7.067284614459381e-06,1.846242645644101e-05,0,No identificado
16088.831420835306,-2.492623191882073e-05,-7.19977110762474e-06,1.772646081119599e-05,0,No identificado
16115.994180457234,-2.432275276674108e-05,-7.332257600790098e-06,1.6990495165950982e-05,0,No identificado
16143.202798941807,-2.371927361466142e-05,-7.464744093955458e-06,1.625452952070596e-05,0,No identificado
16170.457353712503,-2.311579446258176e-05,-7.597230587120816e-06,1.551856387546094e-05,0,No identificado
16197.757922323515,-2.2535471948888377e-05,-7.706068475866162e-06,1.4829403473022214e-05,0,No identificado
16225.104582459966,-2.2129390792232133e-05,-7.636963225480393e-06,1.449242756675174e-05,0,No identificado
16252.497411938137,-2.172330963557589e-05,-7.567857975094623e-06,1.4155451660481265e-05,0,No identificado
16279.936488705687,-2.1317228478919645e-05,-7.498752724708852e-06,1.3818475754210792e-05,0,No identificado
16307.421890841872,-2.09111473222634e-05,-7.429647474323083e-06,1.3481499847940318e-05,0,No identificado
16334.953696557772,-2.050506616560716e-05,-7.3605422239373136e-06,1.3144523941669847e-05,0,No identificado
16362.531984196508,-2.009898500895091e-05,-7.291436973551543e-06,1.2807548035399367e-05,0,No identificado
16390.156832233464,-1.9692903852295096e-05,-7.222331723165848e-06,1.2470572129129248e-05,0,No identificado
16417.828319276527,-1.928682269563885e-05,-7.153226472780078e-06,1.213359622285877e-05,0,No identificado
16445.54652406628,-1.8880741538982605e-05,-7.084121222394307e-06,1.1796620316588298e-05,0,No identificado
16473.311525476263,-1.8474660382326364e-05,-7.015015972008538e-06,1.1459644410317827e-05,0,No identificado
16501.12340251316,-1.806857922567012e-05,-6.945910721622768e-06,1.1122668504047352e-05,0,No identificado
16528.98223431705,-1.7662498069013876e-05,-6.876805471236999e-06,1.0785692597776878e-05,0,No identificado
16556.88810016163,-1.7256416912357633e-05,-6.807700220851229e-06,1.0448716691506403e-05,0,No identificado
16584.841079454418,-1.685033575570139e-05,-6.738594970465459e-06,1.011174078523593e-05,0,No identificado
16612.84125173702,-1.644425459904514e-05,-6.669489720079689e-06,9.774764878965452e-06,0,No identificado
16640.888696685306,-1.60381734423889e-05,-6.60038446969392e-06,9.437788972694981e-06,0,No identificado
16668.98349410968,-1.5632092285732654e-05,-6.53127921930815e-06,9.100813066424503e-06,0,No identificado
16697.125723955287,-1.522601112907684e-05,-6.462173968922454e-06,8.763837160154386e-06,0,No identificado
16725.31546630224,-1.4819929972420593e-05,-6.393068718536683e-06,8.42686125388391e-06,0,No identificado
16753.55280136585,-1.4413848815764352e-05,-6.323963468150914e-06,8.089885347613439e-06,0,No identificado
16781.83780949686,-1.4007767659108108e-05,-6.254858217765144e-06,7.752909441342964e-06,0,No identificado
16810.170571181665,-1.3601686502451864e-05,-6.185752967379375e-06,7.415933535072489e-06,0,No identificado
16838.551167042548,-1.319560534579562e-05,-6.116647716993605e-06,7.078957628802015e-06,0,No identificado
16866.979677837902,-1.2789524189139376e-05,-6.047542466607835e-06,6.7419817225315415e-06,0,No identificado
16895.456184462477,-1.238344303248313e-05,-5.978437216222065e-06,6.405005816261066e-06,0,No identificado
16923.980767947578,-1.1977361875826889e-05,-5.909331965836295e-06,6.068029909990593e-06,0,No identificado
16952.55350946133,-1.157128071917064e-05,-5.840226715450526e-06,5.731054003720114e-06,0,No identificado
16981.17449030889,-1.11651995625144e-05,-5.7711214650647565e-06,5.394078097449644e-06,0,No identificado
17009.843791932683,-1.0759118405858152e-05,-5.702016214678986e-06,5.0571021911791655e-06,0,No identificado
17038.56149591263,-1.035303724920191e-05,-5.632910964293217e-06,4.720126284908693e-06,0,No identificado
17067.32768396638,-9.946956092546092e-06,-5.56380571390752e-06,4.383150378638572e-06,0,No identificado
17096.142437949562,-9.540874935889849e-06,-5.49470046352175e-06,4.0461744723680985e-06,0,No identificado
17125.005839855985,-9.134793779233605e-06,-5.425595213135981e-06,3.709198566097624e-06,0,No identificado
17153.917971817893,-8.72871262257736e-06,-5.35648996275021e-06,3.3722226598271503e-06,0,No identificado
17182.878916106198,-8.322631465921117e-06,-5.287384712364441e-06,3.035246753556676e-06,0,No identificado
17211.888755130705,-7.916550309264873e-06,-5.218279461978671e-06,2.698270847286202e-06,0,No identificado
17240.947571440356,-7.510469152608629e-06,-5.149174211592901e-06,2.3612949410157276e-06,0,No identificado
17270.05544772345,-7.104387995952384e-06,-5.080068961207132e-06,2.0243190347452523e-06,0,No identificado
17299.212466807905,-6.69830683929614e-06,-5.010963710821362e-06,1.6873431284747786e-06,0,No identificado
17328.418711661463,-6.292225682639896e-06,-4.941858460435592e-06,1.350367222204304e-06,0,No identificado
17357.67426539195,-5.886144525983652e-06,-4.872753210049823e-06,1.0133913159338287e-06,0,No identificado
17386.979211247493,-5.581658242389091e-06,-4.800223668468797e-06,7.814345739202935e-07,0,No identificado
17416.333632616777,-5.422442453595233e-06,-4.72279773338575e-06,6.996447202094827e-07,0,No identificado
17445.73761302926,-5.263226664801375e-06,-4.645371798302702e-06,6.178548664986737e-07,0,No identificado
17475.191236155442,-5.104010876007516e-06,-4.567945863219655e-06,5.360650127878613e-07,0,No identificado
17504.694585807065,-4.944795087213658e-06,-4.490519928136607e-06,4.5427515907705144e-07,0,No identificado
17534.247745937377,-4.785579298419801e-06,-4.41309399305356e-06,3.724853053662407e-07,0,No identificado
17563.85080064136,-4.626363509625942e-06,-4.335668057970512e-06,2.9069545165543e-07,0,No identificado
17593.50383415599,-4.467147720832084e-06,-4.258242122887465e-06,2.089055979446193e-07,0,No identificado
17623.206930860437,-4.307931932038227e-06,-4.180816187804417e-06,1.2711574423380943e-07,0,No identificado
17652.960175276345,-4.1487161432443686e-06,-4.10339025272137e-06,4.532589052299871e-08,0,No identificado
17682.763652068046,-3.98950035445051e-06,-4.025964317638322e-06,-3.6463963187812006e-08,0,No identificado
17712.61744604282,-3.830284565656652e-06,-3.948538382555274e-06,-1.1825381689862187e-07,0,No identificado
17742.521642151118,-3.671068776862794e-06,-3.871112447472227e-06,-2.0004367060943301e-07,0,No identificado
17772.476325486816,-3.511852988069104e-06,-3.793686512389261e-06,-2.8183352432015733e-07,0,No identificado
17802.48158128746,-3.3526371992752457e-06,-3.716260577306213e-06,-3.636233780309672e-07,0,No identificado
17832.53749493449,-3.1934214104813885e-06,-3.638834642223166e-06,-4.454132317417775e-07,0,No identificado
17862.64415195351,-3.034205621687529e-06,-3.5614087071401177e-06,-5.272030854525886e-07,0,No identificado
17892.801638014505,-2.874989832893672e-06,-3.4839827720570707e-06,-6.089929391633989e-07,0,No identificado
17923.0100389321,-2.7157740440998137e-06,-3.406556836974023e-06,-6.907827928742092e-07,0,No identificado
17953.269440665805,-2.556558255305956e-06,-3.3291309018909755e-06,-7.725726465850195e-07,0,No identificado
17983.57992932025,-2.397342466512097e-06,-3.251704966807928e-06,-8.543625002958311e-07,0,No identificado
18013.941591145438,-2.23812667771824e-06,-3.1742790317248807e-06,-9.361523540066409e-07,0,No identificado
18044.354512536986,-2.078910888924382e-06,-3.096853096641833e-06,-1.0179422077174508e-06,0,No identificado
18074.81878003637,-1.9196951001305244e-06,-3.019427161558785e-06,-1.0997320614282607e-06,0,No identificado
18105.334480331185,-1.7604793113368332e-06,-2.942001226475819e-06,-1.1815219151389858e-06,0,No identificado
18135.90170025537,-1.6012635225429753e-06,-2.864575291392772e-06,-1.2633117688497968e-06,0,No identificado
18166.52052678947,-1.4420477337491174e-06,-2.787149356309724e-06,-1.3451016225606064e-06,0,No identificado
18197.19104706088,-1.2828319449552588e-06,-2.7097234212266764e-06,-1.4268914762714176e-06,0,No identificado
18227.91334834408,-1.1236161561614012e-06,-2.6322974861436286e-06,-1.5086813299822274e-06,0,No identificado
18258.68751806092,-9.64400367367543e-07,-2.554871551060581e-06,-1.5904711836930382e-06,0,No identificado
18289.51364378082,-8.05184578573685e-07,-2.477445615977534e-06,-1.6722610374038489e-06,0,No identificado
18320.39181322106,-6.459687897798269e-07,-2.4000196808944864e-06,-1.7540508911146596e-06,0,No identificado
18351.322114247,-4.86753000985969e-07,-2.322593745811439e-06,-1.8358407448254699e-06,0,No identificado
18382.30463487235,-3.275372121921109e-07,-2.245167810728391e-06,-1.91763059853628e-06,0,No identificado
18413.339463259417,-1.683214233982528e-07,-2.167741875645344e-06,-1.999420452247091e-06,0,No identificado
18444.426687719348,-9.105634604394905e-09,-2.090315940562296e-06,-2.081210305957901e-06,0,No identificado
18475.56639671238,1.501101541892951e-07,-2.0128900054793303e-06,-2.1630001596686255e-06,0,No identificado
18506.758678848106,3.093259429831532e-07,-1.9354640703962825e-06,-2.2447900133794358e-06,0,No identificado
18538.00362288572,4.685417317770112e-07,-1.8580381353132355e-06,-2.326579867090247e-06,0,No identificado
18569.30131773425,6.277575205708692e-07,-1.7806122002301875e-06,-2.408369720801057e-06,0,No identificado
18600.651852452866,7.869733093647272e-07,-1.70318626514714e-06,-2.4901595745118675e-06,0,No identificado
18632.05531625105,9.461890981585852e-07,-1.6257603300640925e-06,-2.571949428222678e-06,0,No identificado
18663.511798488933,1.030053138475151e-06,-1.5643867479604287e-06,-2.5944398864355796e-06,0,No identificado
18695.02138867749,1.082503592678098e-06,-1.5097052729788183e-06,-2.592208865656916e-06,0,No identificado
18726.584176478835,1.1349540468810452e-06,-1.4550237979972075e-06,-2.5899778448782528e-06,0,No identificado
18758.200251706447,1.1874045010839928e-06,-1.4003423230155975e-06,-2.58774682409959e-06,0,No identificado
18789.86970432544,1.2398549552869402e-06,-1.345660848033987e-06,-2.585515803320927e-06,0,No identificado
18821.59262445281,1.2923054094898876e-06,-1.2909793730523767e-06,-2.583284782542264e-06,0,No identificado
18853.369102357712,1.3447558636928352e-06,-1.236297898070766e-06,-2.581053761763601e-06,0,No identificado
18885.199228461686,1.3972063178957273e-06,-1.1816164230892131e-06,-2.5788227409849406e-06,0,No identificado
18917.083093338944,1.4496567720986749e-06,-1.126934948107603e-06,-2.5765917202062776e-06,0,No identificado
18949.020787716607,1.5021072263016222e-06,-1.0722534731259927e-06,-2.574360699427615e-06,0,No identificado
18981.01240247497,1.5545576805045696e-06,-1.017571998144382e-06,-2.5721296786489515e-06,0,No identificado
19013.05802864777,1.607008134707517e-06,-9.628905231627715e-07,-2.5698986578702885e-06,0,No identificado
19045.15775742242,1.6594585889104644e-06,-9.082090481811612e-07,-2.5676676370916255e-06,0,No identificado
19077.3116801403,1.7119090431134115e-06,-8.535275731995509e-07,-2.5654366163129625e-06,0,No identificado
19109.519888297,1.7643594973163595e-06,-7.988460982179403e-07,-2.5632055955343e-06,0,No identificado
19141.782473542564,1.816809951519307e-06,-7.441646232363299e-07,-2.560974574755637e-06,0,No identificado
19174.099527681792,1.8692604057222545e-06,-6.894831482547193e-07,-2.558743553976974e-06,0,No identificado
19206.471142674465,1.9217108599252017e-06,-6.348016732731091e-07,-2.5565125331983108e-06,0,No identificado
19238.897410635625,1.974161314128094e-06,-5.801201982915562e-07,-2.5542815124196503e-06,0,No identificado
19271.37842383583,2.0266117683310414e-06,-5.254387233099457e-07,-2.552050491640987e-06,0,No identificado
19303.914274701416,2.0790622225339887e-06,-4.707572483283354e-07,-2.5498194708623243e-06,0,No identificado
19336.505055814763,2.131512676736936e-06,-4.1607577334672507e-07,-2.5475884500836612e-06,0,No identificado
19369.15085991456,2.1839631309398835e-06,-3.613942983651144e-07,-2.5453574293049978e-06,0,No identificado
19401.851779896067,2.236413585142831e-06,-3.0671282338350417e-07,-2.543126408526335e-06,0,No identificado
19434.60790881138,2.2888640393457782e-06,-2.520313484018938e-07,-2.540895387747672e-06,0,No identificado
19467.419339869684,2.341314493548726e-06,-1.973498734202833e-07,-2.538664366969009e-06,0,No identificado
19500.286166437545,2.3937649477516734e-06,-1.4266839843867294e-07,-2.5364333461903465e-06,0,No identificado
19533.208482039143,2.4462154019546208e-06,-8.798692345706237e-08,-2.534202325411683e-06,0,No identificado
19566.18638035658,2.498665856157568e-06,-3.3305448475452123e-08,-2.5319713046330205e-06,0,No identificado
19599.219955230088,2.5511163103604605e-06,2.1376026506100737e-08,-2.5297402838543596e-06,0,No identificado
19632.30930065836,2.603566764563408e-06,7.605750148771136e-08,-2.5275092630756966e-06,0,No identificado
19665.45451079876,2.6560172187663552e-06,1.307389764693216e-07,-2.5252782422970335e-06,0,No identificado
19698.65567996764,2.7084676729693026e-06,1.8542045145093225e-07,-2.5230472215183705e-06,0,No identificado
19731.91290264058,2.76091812717225e-06,2.401019264325425e-07,-2.5208162007397075e-06,0,No identificado
19765.22627345265,2.8133685813751978e-06,2.9478340141415284e-07,-2.518585179961045e-06,0,No identificado
19798.595887198717,2.8658190355781447e-06,3.494648763957634e-07,-2.5163541591823814e-06,0,No identificado
19832.02183883366,2.9182694897810925e-06,4.041463513773738e-07,-2.514123138403719e-06,0,No identificado
19865.504223472697,2.97071994398404e-06,4.588278263589843e-07,-2.511892117625056e-06,0,No identificado
19899.043136391618,3.0231703981869877e-06,5.135093013405946e-07,-2.5096610968463932e-06,0,No identificado
19932.63867302706,3.075620852389935e-06,5.681907763222051e-07,-2.5074300760677298e-06,0,No identificado
19966.2909289768,3.1280713065928825e-06,6.228722513038155e-07,-2.5051990552890667e-06,0,No identificado
20000.0,3.1805217607957744e-06,6.775537262853683e-07,-2.5029680345104063e-06,0,No identificado
