frequency_hz,target_db,uncertainty_db,mooer_db,error_db
20.0,-13.509621847663665,0.558375242142901,-10.286651398279359,3.222970449384306
20.07233331950925,-13.506497764732687,0.5583776950902599,-10.30069016948792,3.2058075952447673
20.14492824447408,-13.502969907884212,0.5583574076127295,-10.31468719825743,3.188282709626783
20.21778572103401,-13.49903223892572,0.558318407863529,-10.32864238091469,3.1703898580110295
20.29090669875047,-13.494686656740857,0.5582888193977315,-10.342555613072548,3.1521310436683088
20.36429213061913,-13.48994288891361,0.558243055148131,-10.356426789626493,3.1335160992871174
20.437942973082333,-13.484817935931696,0.5581866869627856,-10.370255804751453,3.114562131180243
20.51186018604153,-13.479335114673646,0.5581222599404336,-10.384042551898908,3.0952925627747376
20.58604473286984,-13.47352278180297,0.55805008129663,-10.397786923794127,3.0757358580088425
20.66049758042457,-13.46741284205913,0.5579809286792141,-10.41148881243375,3.0559240296253787
20.735219699059822,-13.46103915899248,0.5579104252226121,-10.425148109083514,3.0358910499089653
20.81021206263916,-13.454435985930122,0.5578801499697844,-10.438764704276288,3.015671281653834
20.88547564854828,-13.447636523886096,0.5578745190918737,-10.452338487810279,2.995298036075818
20.96101143770774,-13.440671693067907,0.5578687253888372,-10.465869348747546,2.974802344320361
21.03682041458579,-13.433569178654583,0.5578658197879243,-10.479357175412709,2.9542120032418744
21.11290356721114,-13.426352782984825,0.5578542534566915,-10.49280185539188,2.933550927592945
21.189261887185907,-13.41904208837811,0.5578501335513495,-10.506203275531881,2.9128388128462284
21.265896369698464,-13.41165241022441,0.5578375913951487,-10.519561321939683,2.892091088284726
21.342808013536477,-13.404195000709135,0.5578266268092332,-10.532875879982074,2.871319120727062
21.41999782109987,-13.39667745071778,0.5578140875516189,-10.546146834285583,2.850530616432197
21.497466798413928,-13.389104231409494,0.5577966736004598,-10.559374068736616,2.8297301626728775
21.5752159551424,-13.381477317140764,0.5577791529978168,-10.572557466481884,2.8089198506588797
21.653246304600625,-13.37379683672596,0.55775663126191,-10.585696909929025,2.788099926796935
21.73155886376879,-13.366061708910777,0.5577308186783688,-10.598792280747498,2.7672694281632797
21.810154653305155,-13.358270228797233,0.557704041775036,-10.611843459869661,2.746426768927572
21.889034697559342,-13.350420583212735,0.5576753788108311,-10.624850327492199,2.7255702557205357
21.96820002458573,-13.342511283391802,0.5576438036913416,-10.637812763077669,2.7046985203141336
22.047651666156817,-13.33457604217429,0.5576125269730114,-10.650730645356369,2.6838453968179206
22.127390657776665,-13.326603532249422,0.5575788351943658,-10.6636038523284,2.662999679921022
22.207418038694424,-13.318571941841958,0.5575399934620863,-10.676432261266017,2.6421396805759407
22.287734851917847,-13.310483747295422,0.5574962455201934,-10.689215748716137,2.6212679985792846
22.36834214422692,-13.302342725947076,0.557448731178973,-10.701954190503185,2.6003885354438907
22.44924096618746,-13.294153953268527,0.5573903615154345,-10.714647461732104,2.5795064915364225
22.53043237216484,-13.285923745431543,0.5573114164890008,-10.727295436791605,2.5586283086399373
22.611917420337715,-13.277659548062848,0.557190842017396,-10.739897989357724,2.5377615587051245
22.693697172711826,-13.269369772462388,0.557177885412052,-10.752454992397503,2.5169147800648854
22.77577269513383,-13.261063583332787,0.5571143314451805,-10.764966318173014,2.496097265159772
22.8581450573052,-13.25275064690259,0.5570984721961374,-10.777431838245537,2.475318808657054
22.94081533279616,-13.244440854313211,0.5570933182068786,-10.789851423480004,2.4545894308332077
23.023784599059653,-13.236144040832526,0.5571252811691101,-10.802224944049671,2.433919096782855
23.107053937445457,-13.2278697251829,0.5571442805408884,-10.814552269441032,2.4133174557418684
23.190624433214207,-13.21962689360757,0.557153703230761,-10.82683326845893,2.3927936251486397
23.27449717555155,-13.2114238493611,0.5571220840239549,-10.839067809231908,2.3723560401291923
23.35867325758237,-13.203268140098151,0.5570577632935636,-10.851255759217812,2.352012380880339
23.44315377638503,-13.195166564063706,0.5569481917814985,-10.86339698520958,2.331769578854127
23.527939833005625,-13.187125242815284,0.5568830007772252,-10.875491353341278,2.311633889474006
23.6130325324724,-13.179149735742136,0.5567865809293312,-10.887538729094352,2.291611006647784
23.698432983810086,-13.171245162421812,0.5567083909164637,-10.899538977304084,2.2717061851177274
23.78414230005442,-13.163416295216251,0.5567003042880386,-10.911491962166304,2.2519243330499474
23.870161598266595,-13.155667588040137,0.556729956933559,-10.923397547244274,2.2322700407958624
23.95649199954785,-13.14800311837529,0.5567867388079948,-10.935255595475823,2.212747522899466
24.043134629054062,-13.140426437153348,0.5567459573675398,-10.94706596918067,2.1933604679726777
24.130090616010435,-13.132940342336743,0.5567513057833511,-10.95882853006796,2.1741118122687837
24.2173610937262,-13.125546612834217,0.5567020412064019,-10.970543139244045,2.155003473590172
24.30494719960938,-13.118245755382356,0.5566348926710566,-10.982209657220412,2.1360360981619433
24.392850075181627,-13.111036824216031,0.5565753973115083,-10.993827943921875,2.1172088802941555
24.481070866093106,-13.103917369189158,0.5565583140661124,-11.005397858694915,2.098519510494244
24.5696107221374,-13.096883552021362,0.5566472407372862,-11.016919260316277,2.0799642917050853
24.65847079726652,-13.089930444351637,0.5566231652515066,-11.028392007001717,2.0615384373499204
24.74765224960594,-13.083052489280277,0.5564861757464885,-11.039815956414978,2.043236532865299
24.83715624146968,-13.076244075567818,0.5564783460339432,-11.051190965676945,2.025053109890873
24.92698393937546,-13.069500146796704,0.5566907694710829,-11.062516891375,2.006983255421705
25.01713651405991,-13.06283611940327,0.5567594184488687,-11.073793589572539,1.9890425298307317
25.10761514049382,-13.056291245494336,0.5568071006761821,-11.085020915818738,1.9712703296755976
25.198420997897465,-13.049807126747515,0.5568564452966812,-11.096198725158425,1.95360840158909
25.28955526975595,-13.043381095852187,0.5568685668337121,-11.107326872142208,1.936054223709979
25.381019143834664,-13.03701508737202,0.5568744124978539,-11.118405210836727,1.9186098765352924
25.472813812194744,-13.030711538874748,0.5567660958893151,-11.129433594835096,1.9012779440396521
25.56494047120861,-13.024472564107883,0.5566058419163895,-11.140411877267562,1.8840606868403214
25.657400321575565,-13.0182990594356,0.5563226874204589,-11.151339910812261,1.866959148623339
25.75019456833744,-13.012189865789372,0.5558646526359511,-11.162217547706222,1.8499723180831502
25.84332442089429,-13.006141104708863,0.5556906827244434,-11.17304463975646,1.833096464952403
25.936791093020197,-13.000145785401077,0.5560686387226096,-11.1838210383513,1.8163247470497765
26.03059580287901,-12.99419374356743,0.5564898605096101,-11.194546594471822,1.799647149095609
26.12473977304031,-12.98827192792453,0.5566664874049847,-11.205221158703473,1.783050769221056
26.21922423049529,-12.98236500407828,0.5567607141125597,-11.215844581247833,1.7665204228304479
26.314050406672752,-12.9764562049907,0.5568898793522694,-11.226416711934556,1.7500394930561445
26.409219537455183,-12.970528328660839,0.5569430202741351,-11.2369374002334,1.7335909284274393
26.504732863194825,-12.964564770496263,0.5569608371128333,-11.24740649526648,1.7171582752297834
26.600591628729877,-12.958550480998401,0.5569764415285332,-11.25782384582061,1.7007266351777908
26.69679708340069,-12.952472756974577,0.5570320489401797,-11.268189300359806,1.6842834566147715
26.793350481066057,-12.946321802441497,0.5570347800797402,-11.278502707037916,1.6678190954035816
26.890253080119585,-12.940091028469539,0.5569855393675855,-11.288763913711396,1.6513271147581428
26.98750614350604,-12.933777093959325,0.5567800128726771,-11.2989727679522,1.6348043260071243
27.08511093873785,-12.927379717098741,0.5565179824184875,-11.309129117060836,1.6182506000379053
27.183068737911626,-12.920901306920555,0.5566188300944879,-11.319232808079482,1.6016684988410734
27.281380817724703,-12.914346474585646,0.5568621295432642,-11.329283687805276,1.5850627867803695
27.38004845949181,-12.907721485212637,0.5570270390221,-11.339281602803723,1.5684398824089136
27.479072949161782,-12.901033704774159,0.5570931374689144,-11.349226399422186,1.5518073053519732
27.57845557733428,-12.894291085200026,0.5571426826846865,-11.3591179238035,1.535173161396525
27.67819763927664,-12.887501716934839,0.5571467237321927,-11.368956021899724,1.5185456950351153
27.778300434940743,-12.880673464182621,0.5571578402505077,-11.378740539485952,1.5019329246966695
27.87876526897999,-12.873813685896454,0.5571662209609749,-11.388471322174254,1.4853423637222
27.979593450766224,-12.866931755224822,0.5571636331615579,-11.39814821542771,1.468783539797112
28.08078629440689,-12.86029173047472,0.5571513602875225,-11.407771064574556,1.452520665900165
28.18234511876212,-12.853707690189013,0.5571244601889472,-11.41733971482238,1.4363679753666343
28.284271247461906,-12.847113457335114,0.5571319651108064,-11.426854011272448,1.4202594460626656
28.38656600892336,-12.840512026363891,0.5571468641761012,-11.436313798934094,1.4041982274297968
28.489230736368064,-12.833905439338732,0.5571565171005562,-11.445718922739205,1.3881865165995269
28.5922667678394,-12.827294804315574,0.5571596446211056,-11.455069227556788,1.3722255767587868
28.695675446220005,-12.820680319832762,0.5571521827863921,-11.464364558207565,1.356315761625197
28.799458119249277,-12.814061304025088,0.5571381097797973,-11.47360475947873,1.3404565445463579
28.903616139540933,-12.807436229610275,0.5571384524302393,-11.482789676138685,1.3246465534715899
29.00815086460065,-12.800802768292032,0.557146803004946,-11.491919152951894,1.3088836153401378
29.113063656843742,-12.794157849642302,0.5571381959448664,-11.500993034693796,1.293164814948506
29.21835588361294,-12.787497739942943,0.5571383787702023,-11.510011166165736,1.2774865737772068
29.32402891719617,-12.78081814571031,0.5571296992132277,-11.518973392210029,1.2618447535002808
29.430084134844485,-12.774114344843095,0.5571127617328245,-11.527879557724976,1.2462347871181194
29.536522918789988,-12.767381345863187,0.5570849270095163,-11.536729507680025,1.230651838183162
29.64334665626385,-12.76061407293238,0.5570886624465625,-11.54552308713091,1.2150909858014707
29.750556739514412,-12.753807571692455,0.5570887179401749,-11.554260141234868,1.1995474304575868
29.85815456582529,-12.74695722882365,0.5570797133577176,-11.56294051526589,1.1840167135577602
29.96614153753363,-12.740058996887123,0.5570931745152157,-11.571564054629977,1.168494942257146
30.07451906204833,-12.733109615596911,0.5570922636026326,-11.580130604880479,1.1529790107164324
30.183288551868458,-12.726106821083038,0.5570967644274627,-11.588640011733439,1.1374668093495988
30.29245142460158,-12.719049535710791,0.5570890561440389,-11.597092121082934,1.1219574146278575
30.402009102982294,-12.711938032069625,0.5570861838402547,-11.60548677901649,1.1064512530531356
30.511963014890764,-12.704774065448802,0.5570586648521617,-11.613823831830492,1.09095023361831
30.622314593371303,-12.697560968973946,0.5570073687398402,-11.62210312604558,1.0754578429283654
30.73306527665107,-12.690303704604608,0.5569008311379146,-11.630324508422142,1.059979196182466
30.844216508158816,-12.683008861546268,0.5569437230105561,-11.638487825975707,1.0445210355705612
30.955769736543687,-12.676001154793527,0.5570044152887708,-11.646592925992447,1.0294082288010795
31.067726415694107,-12.669068933158162,0.5570234599443719,-11.654639656044596,1.0144292771135657
31.18008800475674,-12.66212764086137,0.5570006675163732,-11.662627864005929,0.9994997768554406
31.29285596815549,-12.655188945264142,0.5569909804732787,-11.670557398067226,0.9846315471969156
31.40603177561057,-12.648264995498016,0.556949788367078,-11.678428106751706,0.9698368887463094
31.51961690215773,-12.641367931196752,0.5568923267014468,-11.686239838930467,0.9551280922662855
31.63361282816739,-12.634509325188578,0.5569243368562823,-11.693992443837928,0.9405168813506499
31.748021039363987,-12.627699590386824,0.5569828193185139,-11.701685771087226,0.9260138192995981
31.862843026845336,-12.620947391570171,0.5570101738002027,-11.709319670685618,0.9116277208845531
31.97808028710205,-12.614259110366007,0.5570123875809676,-11.716893993049855,0.8973651173161521
32.09373432203703,-12.607638415056883,0.5570345749736691,-11.724408589021527,0.8832298260353557
32.209806638985086,-12.601085984683213,0.5570616986629549,-11.731863309882389,0.8692226748008238
32.32629875073255,-12.594599428796498,0.5570805317336961,-11.739258007369642,0.8553414214268553
32.443212175536964,-12.588173430289853,0.5571092272418467,-11.746592533691201,0.8415808965986518
32.56054843714696,-12.581800119941885,0.5571271609037148,-11.75386674154091,0.8279333784009744
32.678309064821995,-12.575469669422654,0.5571283580507249,-11.761080484113725,0.8143891853089293
32.7964955933524,-12.569171066830823,0.5571434870112275,-11.768233615120849,0.8009374517099737
32.9151095630793,-12.562893017943466,0.5571551463876808,-11.775325988804854,0.7875670291386125
33.03415251991472,-12.556624899680436,0.5571571275551599,-11.782357459954687,0.7742674397257492
33.153626015361745,-12.550357681904725,0.5571490762828875,-11.789327883920704,0.7610297979840208
33.273531606534725,-12.544084731064022,0.5571394373399344,-11.796237116629605,0.7478476144344164
33.393870856179575,-12.537802415188972,0.5571292134458896,-11.803085014599306,0.7347174005896662
33.51464533269412,-12.531510444331438,0.557115201177457,-11.809871434953793,0.721639009377645
33.63585661014858,-12.525211902756471,0.5571017048539649,-11.816596235437883,0.7086156673185879
33.75750626830606,-12.518912957269858,0.5570796854663959,-11.82325927443194,0.6956536828379178
33.87959589264312,-12.512622257342443,0.5570489534295533,-11.829860410966496,0.6827618463759464
34.00212707437047,-12.506350074026932,0.557029516564318,-11.836399504736836,0.669950569290096
34.12510141045371,-12.500107252662136,0.556963607910419,-11.842876416117505,0.6572308365446311
34.24852050363412,-12.493904075699726,0.556935008500853,-11.849291006176731,0.644613069522995
34.37238596244956,-12.487749144036718,0.5569169935422134,-11.855643136690759,0.6321060073459588
34.49669940125543,-12.481648386034994,0.5569455964962897,-11.861932670158152,0.6197157158768416
34.62146244024572,-12.475604292385796,0.556864977779712,-11.86815946981396,0.6074448225718356
34.74667670547412,-12.46961545284032,0.5567567323064573,-11.874323399643842,0.5952920531964772
34.87234382887522,-12.463676439746887,0.5567487981655066,-11.880424324398087,0.5832521153488006
34.99846544828576,-12.457813356645412,0.5568284422223453,-11.886462109605546,0.5713512470398658
35.12504320746599,-12.452317019176187,0.5568631396292377,-11.892436621587471,0.5598803975887154
35.2520787561211,-12.44687441014157,0.5566945154808947,-11.898347727471284,0.5485266826702855
35.3795737499227,-12.44142898264747,0.5567895025617734,-11.904195295204225,0.5372336874432442
35.507529850530425,-12.435964189069848,0.5569004595105083,-11.90997919356691,0.5259849955029381
35.635948725613574,-12.430464142854321,0.5569678425806763,-11.915699292186801,0.51476485066752
35.76483204887283,-12.424914464770618,0.5569751277750629,-11.921355461551572,0.5035590032190456
35.894181500062146,-12.41930289076998,0.5569489468583828,-11.926947573022357,0.49235531774762364
36.02399876501051,-12.413619589813042,0.5568553000567835,-11.932475498846912,0.4811440909661293
36.15428553564404,-12.407857176659522,0.5568264832598969,-11.937939112172662,0.46991806448686013
36.28504351000797,-12.402010442640314,0.5568207022987881,-11.943338287059639,0.4586721555806754
36.41627439228881,-12.396075862215298,0.5568068666580969,-11.948672898493308,0.4474029637219896
36.54797989283652,-12.39005096030472,0.55663830045032,-11.953942822397284,0.43610813790743563
36.680161728186846,-12.383933641656288,0.5565736216866956,-11.95914793564594,0.4247857060103488
36.812821621083664,-12.377721586644224,0.5564850819028718,-11.964288116076883,0.41343347056734103
36.945961300501416,-12.371411807307489,0.5565178337232558,-11.969363242503318,0.4020485648041703
37.07958250166771,-12.36500043430063,0.5566927432733411,-11.974373194726304,0.3906272395743251
37.21368696608587,-12.358482772629065,0.5569165424836503,-11.979317853546894,0.37916491908217154
37.34827644155763,-12.351853625894789,0.5570689143754456,-11.984197100778099,0.3676565251166899
37.483352682206,-12.345107850425215,0.5571202234483088,-11.989010819256801,0.35609703116841374
37.61891744849801,-12.33824106750152,0.5571459618909026,-11.993758892855496,0.34448217464602493
37.75497250726774,-12.331250438580389,0.5571519726015359,-11.998441206493906,0.3328092320864826
37.891519631739314,-12.324135398314077,0.5571545824696421,-12.003057646150488,0.321077752163589
38.028560601550005,-12.316898244872204,0.5571577769595608,-12.00760809887379,0.3092901459984141
38.16609720277346,-12.30954450582088,0.5571440329073729,-12.012092452793706,0.2974520530271736
38.30413122794295,-12.302083028107559,0.5571332598539948,-12.016510597132525,0.2855724309750336
38.44266447607471,-12.294525778068838,0.5571043229195375,-12.020862422215936,0.2736633558529018
38.581698752691466,-12.286887376428522,0.5570811736679446,-12.025147819483845,0.26173955694467743
38.72123586984589,-12.279184428141201,0.5570130479667997,-12.02936668150106,0.2498177466401419
38.86127764614423,-12.271434732321431,0.556938769627839,-12.033518901967838,0.2379158303535931
39.00182590677006,-12.263656469345205,0.5568864882420305,-12.037604375730293,0.2260520936149124
39.142882483508,-12.255867458608392,0.556865077216185,-12.04162299879067,0.21424445981772244
39.284449214767655,-12.248084562056041,0.556615081509945,-12.04557466831747,0.2025098937385721
39.4265279456075,-12.24032327858327,0.5564544784357855,-12.049459282655425,0.1908639959278453
39.56912052775902,-12.232597537897966,0.556793951551388,-12.053276741335333,0.17932079656263333
39.712228819650754,-12.224919665613958,0.5569184300656408,-12.057026945083761,0.16789272053019744
39.855854686432586,-12.217300460454114,0.5569618039847085,-12.060709795832564,0.15659066462155025
40.0,-12.20974930475449,0.5569310649665928,-12.064325196728298,0.14542410802619266
40.14466663901851,-12.202274224581945,0.5569217191070622,-12.067873052141447,0.13440117244049787
40.28985648894816,-12.194881826752685,0.5568295500887939,-12.071353267675557,0.12352855907712801
40.43557144206802,-12.187577065414217,0.5568399014156021,-12.074765750176109,0.11281131523810828
40.58181339750094,-12.180362826693933,0.5567531505336851,-12.078110407739375,0.10225241895455817
40.72858426123827,-12.173239360369312,0.556598363576405,-12.081387149721037,0.09185221064827509
40.875885946164665,-12.166203626028839,0.556503858360089,-12.084595886744635,0.08160773928420362
41.02372037208306,-12.159248651288314,0.5565137786401683,-12.087736530709956,0.07151212057835821
41.17208946573968,-12.152369329613297,0.5564165293321859,-12.090808994801149,0.06156033481214784
41.32099516084914,-12.14624152464532,0.5560815638032238,-12.09381319349479,0.05242833115053003
41.470439398119645,-12.140316713237457,0.5556754606030246,-12.096749042567698,0.043567670669759195
41.620424125278326,-12.134399267567995,0.55587867928407,-12.099616459104665,0.03478280846332993
41.77095129709655,-12.1284608262089,0.5557831217506556,-12.102415361506004,0.02604546470289648
41.92202287541548,-12.122470936718955,0.5566952494186481,-12.105145669494895,0.01732526722405936
42.07364082917158,-12.116398608262898,0.5568777366299887,-12.107807304124657,0.00859130413824083
42.22580713442228,-12.110214048432677,0.5569782483877623,-12.110400187785768,-0.0001861393530901978
42.3785237743718,-12.103890441379079,0.5570430475132182,-12.112924244212795,-0.009033802833716464
42.53179273939693,-12.097405616020671,0.55707755018996,-12.115379398491116,-0.017973782470445343
42.68561602707295,-12.090743461794492,0.5570984445301758,-12.117765577063516,-0.027022115269023317
42.83999564219974,-12.083894973279069,0.5571186717506836,-12.120082707736575,-0.03618773445750634
42.994933596827856,-12.076858840337207,0.5571276027783767,-12.122330719686953,-0.04547187934974595
43.1504319102848,-12.069641542390269,0.5571371999003877,-12.124509543467445,-0.05486800107717649
43.30649260920125,-12.062256948900796,0.5571439915790072,-12.126619111012928,-0.06436216211213264
43.46311772753759,-12.054725468447991,0.5571487030965591,-12.128659355646098,-0.07393388719810723
43.62030930661031,-12.04707282213167,0.5571607205711644,-12.130630212083084,-0.08355738995141415
43.77806939511869,-12.03932854108609,0.5571545934058547,-12.132531616438866,-0.0932030753527755
43.93640004917147,-12.03152430150062,0.5571571856408621,-12.134363506232528,-0.1028392047319091
44.095303332313634,-12.02369221404991,0.557143009558339,-12.136125820392367,-0.11243360634245647
44.25478131555333,-12.015863179075092,0.5571345180437031,-12.137818499260812,-0.12195532018571953
44.41483607738885,-12.008065405901961,0.557142804951486,-12.139441484599192,-0.13137607869723134
44.575469703835694,-12.000323176185967,0.5571412510504494,-12.14099471959233,-0.1406715434063628
44.73668428845384,-11.99265590890671,0.5571161774737019,-12.142478148852959,-0.1498222399462481
44.89848193237492,-11.985077560312162,0.5570914899269628,-12.143891718426,-0.15881415811383803
45.06086474432968,-11.977596367313192,0.5570837237109494,-12.145235375792632,-0.16763900847944058
45.22383484067543,-11.970214918990775,0.5570927130701712,-12.146509069874227,-0.1762941508834519
45.38739434542365,-11.962930519426365,0.557112110253647,-12.147712751036108,-0.18478223160974316
45.55154539026766,-11.955735787367338,0.5571178195823038,-12.148846371091121,-0.19311058372378298
45.7162901146104,-11.948619425602763,0.5571248335842002,-12.149909883303073,-0.20129045770030984
45.88163066559231,-11.941567086396727,0.5571270285729406,-12.150903242389937,-0.20933615599320987
46.047569198119305,-11.934562259587905,0.557134108422342,-12.151826404527,-0.21726414493909552
46.214107874890914,-11.927587117030056,0.5571318282481995,-12.15267932734971,-0.22509221031965332
46.381248866428415,-11.920623260264291,0.5571390567276844,-12.153461969956451,-0.23283870969216025
46.5489943511031,-11.913652336307063,0.5571463301907065,-12.15417429291109,-0.2405219566040273
46.71734651516474,-11.906656507007892,0.5571437405766985,-12.154816258245413,-0.24815975123752132
46.88630755277006,-11.899618778157377,0.5571370428727577,-12.155387829461334,-0.25576905130395744
47.05587966601125,-11.892523212683773,0.557139284832618,-12.155888971532944,-0.26336575884917046
47.22606506494479,-11.885355065465859,0.5571452799227644,-12.156319650908456,-0.27096458544259683
47.39686596762017,-11.878100883722052,0.5571299654404791,-12.156679835511877,-0.27857895178982517
47.56828460010884,-11.870748615730196,0.5571104919260779,-12.156969494744589,-0.2862208790143921
47.74032319653319,-11.863287761946262,0.5570825420151391,-12.157188599486737,-0.293900837540475
47.9129839990957,-11.855709587687654,0.5570410728874272,-12.157337122098442,-0.3016275344107875
48.086269258108125,-11.848749179003233,0.5570137873239822,-12.157415036420835,-0.30866585741760133
48.26018123202087,-11.84240996898647,0.5569679126330996,-12.157422317776959,-0.3150123487904892
48.4347221874524,-11.83594074042392,0.5568887234385306,-12.157358942972474,-0.32141820254855347
48.60989439921876,-11.829342779526637,0.5568003826785394,-12.157224890296188,-0.32788211076955065
48.78570015036325,-11.822620490447708,0.55675696697697,-12.157020139520423,-0.334399649072715
48.96214173218621,-11.815781404007636,0.5567680764523801,-12.156744671901247,-0.34096326789361164
49.1392214442748,-11.808835982750377,0.5567498111914436,-12.156398470178495,-0.34756248742811735
49.31694159453304,-11.801797197557047,0.5567896650159322,-12.155981518575622,-0.35418432101857533
49.49530449921188,-11.794679876148894,0.5568049159474403,-12.155493802799425,-0.3608139266505308
49.67431248293936,-11.78749985195605,0.5568987211109283,-12.154935310039567,-0.3674354580835182
49.85396787875092,-11.780272969370749,0.5568958737828478,-12.154306028967946,-0.37403305959719724
50.03427302811982,-11.773014024540165,0.5569153807669248,-12.153605949737875,-0.38059192519770946
50.21523028098764,-11.765735736200451,0.5569425223958673,-12.152835063983138,-0.3870993277826873
50.39684199579493,-11.75844784606009,0.556937160036094,-12.151993364816837,-0.39354551875674737
50.5791105395119,-11.751156441705369,0.5568621409145118,-12.151080846830085,-0.3999244051247164
50.76203828766933,-11.74386357722178,0.5567887317333529,-12.15009750609056,-0.4062339288687795
50.94562762438948,-11.736567239557443,0.5568129826890663,-12.149043340140846,-0.4124761005834028
51.12988094241722,-11.729261675273893,0.5568767981959921,-12.147918347996644,-0.41865667272275076
51.31480064315113,-11.721938056832547,0.5571651393389803,-12.146722530144816,-0.4247844733122683
51.50038913667488,-11.714585434310296,0.5573889717882916,-12.145455888541237,-0.4308704542309414
51.6866488417886,-11.707191891521937,0.5574901340113956,-12.144118426608498,-0.43692653508656143
51.87358218604039,-11.699745807935354,0.5575301094976467,-12.142710149233489,-0.44296434129813456
52.06119160575802,-11.692237121111368,0.5574753608214097,-12.141231062764717,-0.4489939416533488
52.24947954608062,-11.68465848848808,0.5573278543654043,-12.139681175009573,-0.4550226865214917
52.43844846099058,-11.677006260502258,0.5570558406536632,-12.138060495231365,-0.4610542347291062
52.6281008133455,-11.669281196430543,0.5569916207918593,-12.136369034146183,-0.4670878377156402
52.818439074910366,-11.661488876501203,0.55695299670004,-12.134606803919683,-0.47311792741848
53.00946572638965,-11.653639785767865,0.5568913600575862,-12.132773818163601,-0.47913403239573604
53.20118325745975,-11.645749064615325,0.5568718589082711,-12.130870091932199,-0.48512102731687357
53.39359416680138,-11.637835936659686,0.5568560610011194,-12.128895641718486,-0.4910597050588006
53.58670096213211,-11.62992283752725,0.5568422785414131,-12.126850485450314,-0.496927647923064
53.78050616023916,-11.622034278932055,0.5568483986672855,-12.124734642486317,-0.5027003635542613
53.975012287012085,-11.61419549343695,0.5568911137504537,-12.122548133611664,-0.5083526401747136
54.1702218774757,-11.606430917911712,0.5569704575284307,-12.120290981033671,-0.5138600631219585
54.36613747582325,-11.59876258862697,0.557029816650304,-12.117963208377272,-0.5192006197503023
54.562761635449405,-11.591208537378957,0.5570516741610884,-12.115564840680298,-0.5243563033013405
54.76009691898362,-11.583781293669789,0.5570770852986942,-12.113095904388633,-0.5293146107188438
54.958145898323565,-11.57655179377693,0.5571007233321416,-12.110556427351193,-0.5340046335742628
55.15691115466856,-11.570811458846736,0.5570993654451556,-12.107946438814745,-0.537134979968009
55.35639527855328,-11.565654618795085,0.5570662407855841,-12.10526596941861,-0.5396113506235256
55.55660086988149,-11.560599902569692,0.5570369891948188,-12.102515051189178,-0.541915148619486
55.75753053795998,-11.555621468021593,0.5572814224151207,-12.09969371753427,-0.5440722495126771
55.95918690153245,-11.550687140786685,0.5576156589045481,-12.09680200323736,-0.5461148624506755
56.16157258881378,-11.545760124088764,0.5578589211169483,-12.093839944451657,-0.5480798203628936
56.36469023752424,-11.540801108928424,0.5579912632039449,-12.090807578694017,-0.5500064697655933
56.56854249492381,-11.535770627781602,0.557995131442513,-12.087704944838695,-0.5519343170570927
56.77313201784671,-11.530631466325339,0.5578891433848603,-12.084532083110993,-0.5539006167856542
56.97846147273613,-11.525350938640223,0.5577078098254953,-12.081289035080724,-0.5559380964405012
57.1845335356788,-11.519902843024214,0.557500901779131,-12.077975843655532,-0.5580730006313175
57.39135089244001,-11.514268946128045,0.5573018546220743,-12.07459255307406,-0.5603236069460156
57.59891623849855,-11.508439888110642,0.5571949056081092,-12.071139208899028,-0.5626993207883864
57.807232279081866,-11.502415454688451,0.5571841573679631,-12.067615858010077,-0.5652004033216258
58.0163017292013,-11.496204216657913,0.5571340447654555,-12.064022548596537,-0.5678183319386232
58.2261273136875,-11.48982258752396,0.5570804753856267,-12.060359330150042,-0.5705367426260821
58.43671176722588,-11.48329339065397,0.5570473188543164,-12.056626253456978,-0.5733328628030083
58.64805783439233,-11.476644056352168,0.5570014954467675,-12.052823370590813,-0.5761793142386455
58.86016826968897,-11.469904585793772,0.5570143745502588,-12.048950734904285,-0.5790461491105123
59.073045837579976,-11.463105424222375,0.5570344436729106,-12.045008401021448,-0.5819029767990731
59.2866933125277,-11.456275382334255,0.557010950492552,-12.040996424829585,-0.58472104249533
59.50111347902884,-11.449439734690005,0.5569287384163332,-12.03691486347098,-0.5874751287809747
59.71630913165059,-11.442618609024688,0.5567367754321448,-12.032763775334535,-0.5901451663098474
59.93228307506725,-11.435825761307916,0.5563027993547999,-12.028543220047338,-0.5927174587394219
60.14903812409667,-11.429067808441442,0.556085852886381,-12.024253258465965,-0.5951854500245233
60.36657710373692,-11.422343963451182,0.5560635009999341,-12.019893952667767,-0.597549989216585
60.58490284920315,-11.415646287080254,0.555988908573615,-12.015465365941976,-0.5998190788617226
60.8040182059646,-11.408960435720374,0.556555306886609,-12.010967562780671,-0.6020071270602969
61.02392602978153,-11.402266850590415,0.5568366296482655,-12.006400608869663,-0.6041337582792483
61.24462918674261,-11.395542299784825,0.5570670746101488,-12.001764571079198,-0.6062222712943726
61.46613055330214,-11.38876165667125,0.5572383331885499,-11.997059517454584,-0.6082978607833347
61.68843301631763,-11.38189977846281,0.5573399050506529,-11.99228551720666,-0.6103857387438509
61.91153947308737,-11.375125639495677,0.55749580108143,-11.987442640702165,-0.6123170012064882
62.13545283138821,-11.368284995162563,0.557604553551052,-11.982530959453976,-0.6142459642914133
62.36017600951348,-11.361304883840893,0.5576279272291095,-11.977550546111217,-0.616245662270325
62.58571193631096,-11.354175999858727,0.5575493053299961,-11.972501474449295,-0.6183254745905682
62.81206355122115,-11.346895251455013,0.5569578231318473,-11.967383819359739,-0.6204885679047258
63.03923380431546,-11.339465742692724,0.5566525294451182,-11.962197656840019,-0.6227319141472947
63.26722565633477,-11.33189628362506,0.5568446579854102,-11.956943063983154,-0.6250467803580939
63.49604207872798,-11.32420047971477,0.5575241786627061,-11.951620118967336,-0.6274196392525653
63.72568605369067,-11.316395479712266,0.558155220268242,-11.946228901045268,-0.6298334213330019
63.95616057420408,-11.308500481479717,0.558180094839326,-11.940769490533581,-0.6322690090538643
64.18746864407406,-11.300535107259096,0.5580888686463493,-11.935241968802005,-0.6347068615429095
64.41961327797017,-11.292517764127485,0.5578472491009312,-11.929646418262495,-0.6371286541350099
64.65259750146508,-11.284464102553725,0.5571377422777142,-11.923982922358256,-0.6395188198045307
64.88642435107393,-11.276385677147497,0.5570067961288595,-11.918251565552655,-0.6418658884051585
65.12109687429391,-11.268288899715737,0.557276372033773,-11.912452433318007,-0.6441635336022706
65.35661812964399,-11.260174356658226,0.5573197595144203,-11.90658561212433,-0.6464112554661039
65.5929911867048,-11.252036541425202,0.5577580881194162,-11.900651189427906,-0.6486146480027042
65.8302191261586,-11.243864029131995,0.5583099559409794,-11.894649253659873,-0.650785224527878
66.06830503982944,-11.235640095159873,0.5586773703040095,-11.888579894214587,-0.6529397990547139
66.3072520307235,-11.227343753311091,0.5589723320639206,-11.882443201438013,-0.6550994481269221
66.54706321306945,-11.218951162610534,0.5589472673937739,-11.87623926661593,-0.6572881040053957
66.78774171235914,-11.210437326281248,0.5587470279435124,-11.869968181962136,-0.6595308556808881
67.02929066538825,-11.201777983287252,0.5586840405071687,-11.86363004060649,-0.661852057319237
67.27171322029716,-11.192951573787884,0.5586971920244909,-11.857224936582934,-0.6642733627950506
67.5150125366121,-11.183941146436482,0.5586570460867883,-11.850752964817378,-0.6668118183808964
67.75919178528623,-11.174736069053026,0.5585843459323565,-11.844214221115562,-0.6694781520625366
68.00425414874094,-11.165333406052977,0.5585016210845685,-11.837608802150795,-0.6722753960978185
68.25020282090742,-11.155738837243312,0.5584199615675925,-11.830936805451646,-0.6751979682083338
68.49704100726824,-11.145967014119826,0.5583480605458441,-11.824198329389553,-0.678231315269727
68.74477192489911,-11.136041281906678,0.5582740188171146,-11.817393473166339,-0.681352191259661
68.99339880251085,-11.125992737749804,0.5582041009223089,-11.810522336801723,-0.6845295990519187
69.24292488049144,-11.115858645586632,0.5581203168447932,-11.803585021120686,-0.6877263755340532
69.49335341094825,-11.10568028293816,0.5580170195668375,-11.796581627740837,-0.6909013448026773
69.74468765775045,-11.09550034945795,0.557913003006247,-11.789512259059668,-0.6940119096017181
69.99693089657153,-11.08540127775018,0.5578148950723746,-11.782377018241789,-0.6969757404916095
70.25008641493199,-11.075696437225654,0.5577241526261832,-11.775176009206081,-0.6994795719804277
70.50415751224219,-11.066144237406512,0.5576106164224943,-11.7679093366128,-0.7017650992062876
70.7591474998454,-11.056719205451264,0.5574519984556849,-11.76057710585063,-0.703857900399365
71.01505970106085,-11.047430988058325,0.5572931555609755,-11.75317942302368,-0.7057484349653542
71.27189745122715,-11.038277418131692,0.5571924583985206,-11.745716394938455,-0.7074389768067633
71.52966409774568,-11.02924454977303,0.5568810866677883,-11.73818812909074,-0.7089435793177117
71.78836300012429,-11.020307601167563,0.5565403928906045,-11.730594733652485,-0.7102871324849218
72.04799753002101,-11.011432741917641,0.5560016856474469,-11.722936317458613,-0.7115035755409718
72.30857107128809,-11.002579584673665,0.5553482845739564,-11.715212989993821,-0.7126334053201564
72.57008702001595,-10.993704177454502,0.5554898589426543,-11.707424861379303,-0.7137206839248016
72.83254878457763,-10.984762249639637,0.5556428539493937,-11.699572042359499,-0.714809792719862
73.09595978567305,-10.975712445451418,0.5561269686926995,-11.691654644288754,-0.715942198837336
73.36032345637369,-10.966519285191934,0.5564653085403005,-11.683672779117995,-0.7171534939260606
73.62564324216731,-10.957155624996526,0.5567396963091203,-11.675626559381335,-0.7184709343848095
73.89192260100285,-10.947604436332343,0.5567197404315574,-11.667516098182695,-0.719911661850352
74.15916500333542,-10.937859790950753,0.5566138623486336,-11.659341509182404,-0.7214817182316509
74.42737393217172,-10.927927008394422,0.5565496019077948,-11.65110290658375,-0.7231758981893286
74.69655288311527,-10.917821994157709,0.5564424266653445,-11.642800405119518,-0.7249784109618087
74.966705364412,-10.907569860551341,0.5564103368550011,-11.63443412003856,-0.7268642594872183
75.23783489699602,-10.897202973838644,0.5566222534988648,-11.626004167092304,-0.7288011932536609
75.50994501453548,-10.886758606638478,0.5568216545914678,-11.617510662521292,-0.7307520558828138
75.78303926347863,-10.876276392242756,0.5569090359204377,-11.608953723041662,-0.7326773307989054
76.05712120310001,-10.865795777401528,0.5569407893363849,-11.600333465831705,-0.7345376884301764
76.33219440554694,-10.855353654040979,0.5569798997091747,-11.591650008518357,-0.7362963544773784
76.60826245588589,-10.844982321264514,0.5570301308048499,-11.582903469163705,-0.7379211478991916
76.88532895214942,-10.834707890734457,0.557058018363576,-11.574093966251523,-0.739386075517066
77.16339750538295,-10.824549205338805,0.5570566831586986,-11.565221618673812,-0.7406724133350071
77.44247173969177,-10.814517297207043,0.5570509114693806,-11.556286545717333,-0.7417692485102894
77.72255529228846,-10.804615370226077,0.5570409014102531,-11.547288867050149,-0.7426734968240716
78.00365181354013,-10.794839257098609,0.5570091944078264,-11.538228702708206,-0.7433894456095977
78.28576496701601,-10.785178273607823,0.5569701253719518,-11.529106173081955,-0.7439278994741318
78.5688984295353,-10.775616374045,0.556925206748978,-11.519921398902913,-0.744305024857912
78.853055891215,-10.76613350184518,0.5568521066285326,-11.510674501230339,-0.7445409993851584
79.13824105551804,-10.756707027740857,0.556740708677827,-11.501365601437891,-0.7446585736970341
79.42445763930151,-10.74731317311207,0.5565770533409298,-11.49199482120031,-0.744681648088239
79.71170937286517,-10.737928327271966,0.5564976899003852,-11.482562282480172,-0.7446339552082062
80.0,-10.728644916779603,0.5566689215802457,-11.473068107514633,-0.7444231907350307
80.28933327803705,-10.72070638993998,0.5566811192321739,-11.463512418802246,-0.7428060288622653
80.57971297789629,-10.712831907645459,0.5566951067250174,-11.453895339089796,-0.7410634314443367
80.87114288413603,-10.70489261219252,0.5567674088169959,-11.44421699135919,-0.7393243791666695
81.1636267950019,-10.69687760148591,0.5568499774952314,-11.434477498814408,-0.7375998973284972
81.45716852247654,-10.68877901536301,0.5569068684197418,-11.424676984868467,-0.7358979695054568
81.75177189232933,-10.680591665726384,0.5569181945040316,-11.414815573130475,-0.7342239074040915
82.04744074416612,-10.672312541327782,0.5569317637439994,-11.404893387392715,-0.7325808460649323
82.34417893147935,-10.663940257905749,0.5569482387965975,-11.394910551617796,-0.7309702937120477
82.64199032169827,-10.655474522626832,0.556978064515595,-11.38486718992587,-0.7293926672990381
82.9408787962393,-10.646915672237505,0.5569739217150845,-11.3747634265819,-0.7278477543443955
83.24084825055664,-10.638264327898204,0.5570074008780739,-11.364599385982999,-0.7263350580847945
83.5419025941931,-10.629521188406905,0.5570245367000609,-11.354375192645852,-0.7248540042389475
83.84404575083097,-10.620686960248682,0.5570317768145485,-11.344090971194172,-0.7234040109454902
84.14728165834313,-10.611762401041,0.5570402098823535,-11.333746846346282,-0.7219844453052815
84.45161426884457,-10.602748435896743,0.5570482888210272,-11.323342942902716,-0.7205945070059734
84.75704754874363,-10.593646296568206,0.5570178966146476,-11.312879385733961,-0.7192330891657548
85.06358547879385,-10.584457632346796,0.5569704096349013,-11.302356299768217,-0.7178986674214212
85.37123205414589,-10.575184549448833,0.5569513829449286,-11.291773809979292,-0.7165892605304585
85.67999128439948,-10.565829550271525,0.5569644487442498,-11.281132041374565,-0.7153024911030403
85.9898671936557,-10.556395362865818,0.5569798711027181,-11.270431118983028,-0.7140357561172106
86.30086382056959,-10.546884671109357,0.5570002950713251,-11.259671167843429,-0.712786496734072
86.6129852184025,-10.537299774156025,0.5570378665843098,-11.248852312992549,-0.7115525388365231
86.92623545507516,-10.527642217138396,0.5570432497131065,-11.237974679453478,-0.7103324623150815
87.24061861322062,-10.517912441898167,0.5570281648194902,-11.227038392224095,-0.7091259503259284
87.5561387902374,-10.508109505870793,0.5570516686284905,-11.216043576265598,-0.7079340703948045
87.87280009834294,-10.498230909628548,0.557037546046078,-11.20499035649114,-0.7067594468625913
88.19060666462727,-10.48827256066713,0.5570434661145631,-11.193878857754589,-0.7056062970874581
88.50956263110668,-10.478228885445818,0.5570162544898419,-11.182709204839364,-0.7044803193935465
88.82967215477768,-10.468093086272892,0.5570426765398004,-11.171481522447458,-0.7033884361745653
89.15093940767139,-10.457857526848219,0.5570135675100341,-11.160195935188463,-0.7023384083402444
89.4733685769077,-10.447514221551366,0.5570336199605125,-11.148852567568815,-0.7013383460174492
89.79696386474983,-10.437055399081265,0.5570580253171789,-11.137451543981086,-0.7003961448998215
90.12172948865935,-10.427343018714755,0.5570478906637462,-11.125992988693469,-0.6986499699787139
90.44766968135086,-10.418954561571928,0.5570160794386991,-11.114477025839284,-0.6955224642673556
90.7747886908473,-10.410434673749386,0.5569855640782413,-11.102903779406725,-0.6924691056573398
91.10309078053533,-10.401782506254737,0.5569614293054039,-11.09127337322863,-0.6894908669738928
91.43258022922082,-10.393000299212842,0.5568966263084533,-11.079585930972478,-0.6865856317596357
91.7632613311846,-10.384093745495703,0.5568535988054394,-11.06784157613043,-0.6837478306347275
92.0951383962386,-10.37507219539315,0.5568982366646965,-11.056040432009555,-0.6809682366164047
92.42821574978186,-10.3659486582516,0.5569016524013436,-11.04418262172217,-0.6782339634705696
92.7624977328568,-10.356739560107746,0.5569301093691216,-11.032268268176374,-0.6755287080686276
93.0979887022062,-10.347464227029535,0.556944880617744,-11.020297494066591,-0.6728332670370563
93.4346930303295,-10.338144083479955,0.556926443843893,-11.008270421864426,-0.6701263383844704
93.7726151055401,-10.3288015831105,0.5568655309253776,-10.996187173809506,-0.6673855906990056
94.1117593320225,-10.319458923405437,0.5567601036356125,-10.984047871900593,-0.6645889484951564
94.45213012988958,-10.310136630946669,0.5565585150077893,-10.971852637886748,-0.6617160069400789
94.79373193524032,-10.300852134855075,0.5562298742991761,-10.959601593258707,-0.6587494584036317
95.13656920021768,-10.291618466021214,0.5559409245669683,-10.947294859240369,-0.6556763932191547
95.4806463930664,-10.282443223859225,0.5558917437559453,-10.93493255678046,-0.6524893329212347
95.82596799819136,-10.273327937635369,0.5558415682363935,-10.922514806544358,-0.6491868689089895
96.17253851621624,-10.264267916046817,0.5560105998511571,-10.910041728906021,-0.6457738128592041
96.52036246404175,-10.255252630138946,0.5561296695614255,-10.897513443940129,-0.6422608138011832
96.8694443749048,-10.246266616938092,0.5562721223227884,-10.884930071414384,-0.6386634544762924
97.21978879843752,-10.237290832271148,0.556306190192335,-10.872291730781908,-0.6350008985107607
97.57140030072652,-10.22830432937075,0.5563095617267484,-10.859598541173865,-0.6312942118031142
97.9242834643724,-10.219286102244848,0.5561269908447811,-10.846850621392228,-0.6275645191473807
98.2784428885496,-10.210216914693724,0.5558242256905604,-10.834048089902687,-0.6238311752089629
98.6338831890661,-10.201080939448335,0.5556064755689787,-10.821191064827769,-0.6201101253794334
98.99060899842377,-10.191867056227526,0.5556094227878668,-10.80827966394005,-0.6164126077125243
99.34862496587871,-10.182569698477426,0.5560787658317318,-10.79531400465563,-0.6127443061782039
99.70793575750186,-10.173189189914064,0.5563779902274117,-10.782294204027686,-0.6091050141136218
100.06854605623964,-10.164138341134308,0.5565648466763027,-10.769220378740236,-0.6050820376059285
100.43046056197528,-10.156493364385058,0.5566606910162075,-10.756092645102099,-0.5995992807170403
100.79368399158986,-10.148839698808029,0.5567342361319103,-10.74291111904096,-0.5940714202329307
101.15822107902378,-10.141153036321317,0.5567889059814836,-10.729675916097664,-0.5885228797763471
101.52407657533864,-10.133452559987523,0.556852252317166,-10.716387151420664,-0.5829345914331405
101.89125524877898,-10.125757306898311,0.5568851640796891,-10.703044939760623,-0.577287632862312
102.25976188483445,-10.11808481759382,0.5568758754011237,-10.689649395465228,-0.571564577871408
102.62960128630226,-10.11044997778537,0.5568318559531702,-10.676200632474146,-0.5657506546887756
103.00077827334977,-10.102864118819882,0.5567949670255203,-10.662698764314163,-0.5598346454942806
103.37329768357718,-10.095334415499275,0.5567513380294151,-10.649143904094512,-0.5538094885952365
103.74716437208076,-10.087863593086523,0.5567008407481109,-10.635536164502371,-0.5476725714158484
104.12238321151604,-10.08044993162022,0.5565071488999651,-10.621875657798519,-0.5414257261782982
104.49895909216124,-10.073087536266087,0.5563350856538639,-10.608162495813202,-0.5350749595471154
104.87689692198116,-10.065766827821394,0.5560070573002655,-10.594396789942142,-0.528629962120748
105.256201626691,-10.058475197878128,0.5556778617038275,-10.580578651142755,-0.5221034532646271
105.63687814982072,-10.051197768540368,0.5555377323221051,-10.56670818993053,-0.5155104213901627
106.0189314527793,-10.043918196946267,0.5555576746348262,-10.552785516375584,-0.5088673194293172
106.40236651491952,-10.036619470042936,0.555913589046628,-10.538810740099384,-0.5021912700564481
106.78718833360271,-10.029284644611652,0.5562217633324006,-10.524783970271704,-0.4954993256600524
107.17340192426424,-10.021897500532523,0.556509065219552,-10.510705315607664,-0.48880781507514115
107.56101232047834,-10.014443090471357,0.5566264509023149,-10.496574884365046,-0.4821317938936893
107.95002457402416,-10.006908184866106,0.5566900926211787,-10.482392784341705,-0.4754845994755996
108.3404437549514,-9.99928162549659,0.5567136164137859,-10.468159122873242,-0.46887749737665274
108.7322749516465,-9.991554612118767,0.5567270041532653,-10.453874006830745,-0.4623193947119777
109.12552327089878,-9.9837209526949,0.5566930946926806,-10.439537542618819,-0.45581658992391816
109.52019383796724,-9.975777307349713,0.5567244582883868,-10.425149836173716,-0.4493725288240036
109.91629179664712,-9.967756459853781,0.5567197110618689,-10.410710992961691,-0.4429545331079101
110.3138223093371,-9.96052012988901,0.5565852370149614,-10.396221117977465,-0.43570098808845437
110.71279055710656,-9.953472517839552,0.5565198594152984,-10.381680315742958,-0.428207797903406
111.113201739763,-9.94633556775746,0.5560585475260139,-10.367088690306126,-0.4207531225486658
111.51506107591992,-9.93912430327323,0.5560968598755313,-10.352446345239972,-0.41332204196674205
111.9183738030649,-9.931857999358256,0.555896972497069,-10.337753383641779,-0.40589538428352334
112.32314517762758,-9.924560036046458,0.5561066472534965,-10.323009908132477,-0.3984498720860188
112.72938047504849,-9.91725746774944,0.5563154636633459,-10.308216020856188,-0.39095855310674743
113.1370849898476,-9.909980255385967,0.5565757109160117,-10.293371823479944,-0.3833915680939768
113.54626403569344,-9.902760137355294,0.5566720331929692,-10.27847741719356,-0.3757172798382662
113.95692294547224,-9.895629153105768,0.5568001848206454,-10.263532902709747,-0.367903749603979
114.3690670713576,-9.888617875415996,0.5568237100316655,-10.248538380264248,-0.3599205048482528
114.78270178488005,-9.881753449302657,0.5568469277102848,-10.233493949616323,-0.35174050031366555
115.19783247699708,-9.875057571232396,0.5568582539698056,-10.21839971004923,-0.3433421388168334
115.61446455816372,-9.86854456714438,0.5568462722739516,-10.20325576037099,-0.33471119322661025
116.03260345840262,-9.86221973801541,0.5567809242885855,-10.188062198915247,-0.32584246089983715
116.45225462737498,-9.856078135391872,0.556640095825478,-10.172819123542352,-0.3167409881504799
116.87342353445176,-9.850103906436068,0.556373057437253,-10.157526631640511,-0.307422725204443
117.29611566878468,-9.844270310334457,0.556180656938596,-10.1421848201272,-0.2979145097927436
117.72033653937793,-9.838540458704855,0.5559219597658188,-10.126793785450682,-0.28825332674582604
118.14609167515997,-9.832868776459069,0.5556810475437304,-10.111353623591658,-0.2784848471325887
118.57338662505542,-9.827203121483315,0.555575178579633,-10.095864430065125,-0.2686613085818106
119.00222695805763,-9.821487446610206,0.5558555740191838,-10.08032629992238,-0.2588388533121737
119.43261826330118,-9.815664840246216,0.5561989518484286,-10.064739327753115,-0.2490744875068991
119.86456615013454,-9.809680746153932,0.5563843017632868,-10.049103607687751,-0.23942286153381964
120.29807624819333,-9.804222937289193,0.5565876270989443,-10.033419233399854,-0.22919629611066128
120.73315420747385,-9.798849409836397,0.5567194081672795,-10.017686298108728,-0.21883688827233172
121.16980569840632,-9.7931950663205,0.5568168959940115,-10.001904894582124,-0.20870982826162354
121.60803641192916,-9.78724279033247,0.5568468968448442,-9.986075115139151,-0.19883232480668056
122.04785205956306,-9.780988994903696,0.5568707629798629,-9.970197051653269,-0.18920805674957286
122.48925837348524,-9.774443639551578,0.5568871144371723,-9.95427079555543,-0.1798271560038529
122.93226110660429,-9.767629323080948,0.55694068979415,-9.938296437837398,-0.17066711475644958
123.37686603263526,-9.760579508093528,0.5569433157705979,-9.922274069055149,-0.16169456096162094
123.82307894617476,-9.75333600488197,0.5569279575768593,-9.906203779332458,-0.15286777445048827
124.2709056627764,-9.74594590556127,0.556914730066955,-9.890085658364569,-0.14413975280329971
124.72035201902696,-9.738458207962136,0.5569085441134825,-9.87391979542202,-0.13546158745988457
125.17142387262194,-9.730920397440205,0.5568624892358345,-9.857706279354606,-0.126785881914401
125.62412710244227,-9.723375259737143,0.5567154047214582,-9.84144519859544,-0.11806993885829797
126.07846760863092,-9.715858177712484,0.5564507377265584,-9.825136641165154,-0.10927846345266978
126.53445131266956,-9.708395120248019,0.5560547863179348,-9.808780694676212,-0.10038557442819318
126.99208415745596,-9.701001466874978,0.5560824569270756,-9.792377446337365,-0.09137597946238785
127.45137210738136,-9.693681733263297,0.5563053218440789,-9.77592698295818,-0.08224524969488378
127.91232114840818,-9.686430179139125,0.5561074106842937,-9.759429390953732,-0.07299921181460789
128.3749372881481,-9.679232200657408,0.5557258243046502,-9.742884756349362,-0.06365255569195405
128.83922655594034,-9.67206634246224,0.5562273770851928,-9.726293164785586,-0.0542268223233453
129.3051950029302,-9.664906717606575,0.5566749890545174,-9.709654701523082,-0.044747983916506584
129.77284870214783,-9.65772560063429,0.5568126470493167,-9.692969451447794,-0.03524385081350445
130.24219374858782,-9.648906861791716,0.5568922424399578,-9.676237499076132,-0.027330637284416426
130.713236259288,-9.638522440763225,0.5568965141744229,-9.659458928560294,-0.020936487797069248
131.1859823734096,-9.628046173734894,0.5568481018598735,-9.642633823693659,-0.014587649958764715
131.6604382523172,-9.6174649168147,0.5567522917814965,-9.625762267916269,-0.00829735110156804
132.1366100796589,-9.60677236933877,0.5567229787034262,-9.608844344320456,-0.0020719749816855426
132.61450406144698,-9.595969231202691,0.5567063328600713,-9.591880135656499,0.0040890955461918566
133.0941264261389,-9.585062845143312,0.5565764456459604,-9.574869724338406,0.010193120804906641
133.5754834247183,-9.574066413591375,0.5564212229977539,-9.557813192449753,0.01625322114162131
134.05858133077646,-9.562997898953416,0.556260774810856,-9.540710621749666,0.022287277203750122
134.54342644059432,-9.55187872166755,0.5562765564364267,-9.523562093678782,0.028316627988766996
135.03002507322424,-9.540732364789767,0.556135515573029,-9.506367689365403,0.03436467542436361
135.51838357057244,-9.529582980881639,0.5557504866139094,-9.489127489631636,0.04045549125000214
136.00850829748188,-9.518454080440163,0.5557493738261047,-9.47184157499966,0.04661250544050333
136.5004056418149,-9.507367363921608,0.5561241028577089,-9.45451002569802,0.05285733822358729
136.99408201453647,-9.496341743630525,0.5563422704645203,-9.437132921668068,0.05920882196245714
137.48954384979822,-9.485392587818021,0.5566446494172437,-9.41971034257033,0.06568224524769128
137.98679760502174,-9.474531206959076,0.5567070178618551,-9.402242367791104,0.0722888391679728
138.4858497609829,-9.46376459037139,0.5568338844705718,-9.384729076448998,0.07903551392239194
138.9867068218965,-9.45309538930234,0.5569001863291008,-9.367170547401559,0.08592484190078231
139.4893753155009,-9.442522129999363,0.5569308696395855,-9.349566859251984,0.0929552707473782
139.99386179314303,-9.432039627576819,0.5569261409333366,-9.33191809035585,0.10012153722096784
140.50017282986397,-9.419011328087752,0.5568738203574513,-9.314224318827907,0.10478700925984441
141.0083150244844,-9.403598854673342,0.5568417745496195,-9.296485622548934,0.1071132321244086
141.5182949996908,-9.3882455555724,0.5567960611969935,-9.278702079172596,0.10954347639980355
142.0301194021217,-9.372937978033482,0.556689530745416,-9.260873766132425,0.11206421190105686
142.5437949024543,-9.357662401951826,0.5566001663619278,-9.243000760648743,0.11466164130308343
143.05932819549133,-9.342405456084437,0.556658965226071,-9.225083139735695,0.11732231634874246
143.57672600024858,-9.327154625103862,0.5567531131823182,-9.207120980208286,0.12003364489557633
144.09599506004207,-9.311898634787354,0.5566950990595226,-9.189114358689466,0.12278427609788878
144.61714214257614,-9.29662771435602,0.5566304158955184,-9.171063351617244,0.12556436273877658
145.1401740400319,-9.281333743395425,0.5564503062564602,-9.152968035251815,0.12836570814361004
145.66509756915525,-9.266010295021484,0.5560903918933023,-9.134828485682716,0.13118180933876822
146.1919195713461,-9.250652587436653,0.5559803946168458,-9.116644778836045,0.13400780860060735
146.72064691274738,-9.235257354166556,0.5561390716263932,-9.098416990481642,0.13684036368491448
147.25128648433466,-9.219822640893879,0.556089176929659,-9.08014519624032,0.13967744465355914
147.78384520200566,-9.204347535743365,0.5560831811885611,-9.061829471591123,0.14251806415224166
148.31833000667083,-9.188831841394137,0.5559329424527473,-9.04346989187857,0.1453619495155678
148.85474786434347,-9.173275702079007,0.5559036204404895,-9.025066532319942,0.14820916975906506
149.39310576623052,-9.157679206190961,0.5559532278250724,-9.006619468012554,0.15105973817840734
149.933410728824,-9.14204199459993,0.5560657845918201,-8.988128773941034,0.15391322065889668
150.47566979399204,-9.126362913801428,0.5561798258826698,-8.969594524984629,0.15676838881679878
151.01989002907095,-9.11063975892137,0.5562061612004835,-8.95101679592451,0.15962296299685974
151.56607852695726,-9.091971138801966,0.5561111139402561,-8.932395661451043,0.15957547735092348
152.11424240620005,-9.070557578473613,0.5560924747219763,-8.913731196171124,0.1568263823024889
152.66438881109383,-9.049086689105525,0.5563992914785294,-8.895023474615435,0.15406321449009042
153.21652491177178,-9.027552660250608,0.5565774840177132,-8.876272571245751,0.15128008900485668
153.77065790429887,-9.00594985984562,0.5565762330240793,-8.857478560462228,0.14847129938339165
154.32679501076586,-8.984273565965907,0.5565355696729914,-8.838641516610666,0.14563204935524077
154.88494347938354,-8.962520744846088,0.5564859503993717,-8.819761513989777,0.1427592308563117
155.44511058457695,-8.9406907874209,0.5564256609483412,-8.800838626858415,0.1398521605624854
156.00730362708023,-8.918786111982396,0.556231052974567,-8.781872929442835,0.1369131825395602
156.571529934032,-8.896812547095887,0.5561798442658382,-8.762864495943893,0.13394805115199482
157.13779685907062,-8.874779426676188,0.556079036265075,-8.743813400544246,0.13096602613194186
157.70611178243,-8.852699356263075,0.5558976855076282,-8.724719717415542,0.12797963884753294
158.27648211103607,-8.830587642914011,0.5557524259073923,-8.705583520725552,0.12500412218845902
158.84891527860304,-8.808461416858389,0.5563728337431941,-8.686404884645308,0.12205653221308133
159.42341874573032,-8.786338506927951,0.5567315624089225,-8.667183883356238,0.11915462357171336
160.0,-8.76423615986397,0.5569009884806112,-8.64792059105719,0.11631556880677962
160.5786665560741,-8.742169712952897,0.5570048909624131,-8.628615081971533,0.11355463098136376
161.1594259557926,-8.720151338144742,0.5570631322638309,-8.609267430354153,0.11088390779058876
161.74228576827207,-8.698188973285925,0.5570727203368074,-8.589877710498424,0.1083112627875007
162.3272535900038,-8.67628554291267,0.5570621316763107,-8.570445996743198,0.10583954616947189
162.91433704495307,-8.654438548567516,0.5570344945753878,-8.550972363479692,0.10346618508782335
163.50354378465866,-8.629194135452062,0.5569877983570694,-8.531456885158395,0.09773725029366709
164.09488148833225,-8.600800874747648,0.5569793857905583,-8.511899636295892,0.08890123845175602
164.6883578629587,-8.57242627206799,0.5569530653494472,-8.492300691481686,0.08012558058630326
165.28398064339655,-8.544050444335829,0.5568330881816337,-8.472660125384953,0.07139031895087555
165.8817575924786,-8.515652089169853,0.5566515697099081,-8.452978012761278,0.06267407640857492
166.48169650111328,-8.48721010550581,0.5564905555084043,-8.433254428459334,0.05395567704647597
167.0838051883862,-8.458705225147284,0.5563967083305337,-8.4134894474275,0.045215777719784356
167.68809150166194,-8.430121518807528,0.5562510115799436,-8.393683144720493,0.03643837408703554
168.29456331668626,-8.401447651014994,0.5557080456608763,-8.373835595505899,0.027612055509095512
168.90322853768913,-8.372677781947637,0.5557992735204635,-8.353946875070651,0.018730906876985642
169.51409509748726,-8.343812048444727,0.5561883409179613,-8.334017058827527,0.009794989617200045
170.1271709575877,-8.314856597333785,0.5563603957420398,-8.314046222321522,0.0008103750122625542
170.74246410829178,-8.285823187080126,0.5566012791926802,-8.294034441236208,-0.008211254156082148
171.35998256879896,-8.25672841352903,0.5566637788167424,-8.273981791400065,-0.017253377871034203
171.9797343873114,-8.227592647594953,0.5567322999903556,-8.253888348792701,-0.026295701197748045
172.60172764113918,-8.198438793680998,0.5567956865706637,-8.233754189551084,-0.03531539587008581
173.225970436805,-8.169290985446375,0.5568882304116444,-8.213579389975678,-0.04428840452930238
173.85247091015032,-8.14017333024616,0.556971035047447,-8.193364026536543,-0.05319069629038253
174.48123722644124,-8.111108796459702,0.5570158938041381,-8.173108175879367,-0.0619993794196656
175.1122775804748,-8.082118312228117,0.5569759670063985,-8.152811914831503,-0.0706936026033862
175.74560019668587,-8.053220113848813,0.5569088458924363,-8.132475320407833,-0.07925520655902041
176.38121332925454,-8.020904811280742,0.5567853120975901,-8.112098469816718,-0.0911936585359765
177.01912526221335,-7.985469692864893,0.5566830200453575,-8.091681440465777,-0.10621174760088437
177.65934430955537,-7.950162624377986,0.5564956362118906,-8.071224309967688,-0.12106168558970154
178.30187881534275,-7.914989296776719,0.5564271713769109,-8.050727156145877,-0.13573785936915783
178.9467371538154,-7.879952657102218,0.5560933364063576,-8.030190057040182,-0.15023739993796337
179.59392772949963,-7.845053208522458,0.5556235282398825,-8.009613090912474,-0.16455988239001584
180.2434589773187,-7.810289289216217,0.5551283970945521,-7.9889963362521845,-0.1787070470359673
180.8953393627017,-7.775657292047831,0.5549452498724649,-7.968339871781794,-0.19268257973396263
181.5495773816946,-7.741151801115729,0.5552255158065056,-7.94764377646227,-0.20649197534654107
182.20618156107065,-7.706765636152187,0.5557448549988379,-7.926908129498437,-0.22014249334625013
182.86516045844164,-7.672489809939654,0.5561903643959574,-7.906133010344306,-0.2336432004046527
183.5265226623692,-7.638313416246461,0.5564111767661157,-7.885318498708333,-0.2470050824618717
184.1902767924772,-7.604223475593054,0.5564155667639661,-7.8644646745586035,-0.26024119896554954
184.8564314995637,-7.570204772998672,0.5564000338316416,-7.843571618128006,-0.27336684512933473
185.52499546571363,-7.536239725636599,0.5562877716406645,-7.822639409919344,-0.2863996842827454
186.1959774044124,-7.502308319058762,0.5562629966048968,-7.801668130710314,-0.2993598116515521
186.869386060659,-7.468388148782792,0.5562350352130173,-7.780657861558548,-0.31226971277575544
187.5452302110802,-7.434454600155925,0.5563927125155503,-7.759608683806511,-0.3251540836505864
188.223518664045,-7.4004811942005375,0.5563831189777128,-7.738520679086369,-0.33803948488583124
188.9042602597792,-7.366440120887416,0.5564311014418565,-7.717393929324842,-0.35095380843742596
189.58746387048063,-7.332302973741853,0.5565953617399513,-7.696228516747925,-0.36392554300607216
190.27313840043536,-7.294588538900344,0.5566997975206427,-7.6750245238856225,-0.38043598498527853
190.9612927861328,-7.25356734607708,0.5567871421445673,-7.65378203357661,-0.4002146874995294
191.65193599638275,-7.212371646565749,0.5568350380044724,-7.632501128972845,-0.4201294824070967
192.3450770324325,-7.170981881996645,0.5568548995509229,-7.611181893544092,-0.44020001154744737
193.04072492808356,-7.129384223151888,0.5568412145904619,-7.589824411082456,-0.4604401879305682
193.7388887498096,-7.08757203520101,0.5567864348556979,-7.568428765706838,-0.48085673050582844
194.43957759687504,-7.045547193339543,0.5566845305160124,-7.5469950418673335,-0.5014478485277909
195.14280060145305,-7.0033211147006975,0.5566538222324208,-7.525523324349566,-0.5222022096488681
195.8485669287448,-6.96091536483205,0.5566270126009961,-7.504013698279038,-0.5430983334469879
196.5568857770992,-6.918361704176764,0.5565621522990595,-7.482466249125359,-0.5641045449485951
197.2677663781322,-6.875701465238543,0.5565177451347261,-7.46088106270649,-0.5851795974679472
197.9812179968475,-6.83298419564328,0.5564689217940613,-7.4392582251928925,-0.6062740295496125
198.69724993175743,-6.790265564453421,0.5564372024815752,-7.417597823111661,-0.6273322586582406
199.4158715150037,-6.7476046037467485,0.5564467444318376,-7.395899943350612,-0.6482953396038633
200.13709211247928,-6.705060436741835,0.55647074089814,-7.37416467316233,-0.6691042364204947
200.86092112395056,-6.6626887173989005,0.556494848061501,-7.3523921001681565,-0.689703382769256
201.5873679831797,-6.620538063354398,0.5565508145207984,-7.330582312362164,-0.7100442490077663
202.31644215804755,-6.578646794197561,0.5567250923357566,-7.308735398115072,-0.730088603917511
203.0481531506773,-6.537040283104888,0.5569002925712991,-7.286851446178135,-0.7498111630732467
203.78251049755795,-6.495729189089444,0.5570072594076808,-7.264930545686989,-0.7692013565975442
204.5195237696689,-6.454708762111201,0.557142516702426,-7.242972786165467,-0.788264024054266
205.2592025726045,-6.412663245277119,0.5572208234759584,-7.220978257529389,-0.8083150122522698
206.00155654669956,-6.369677667982214,0.5570935707436057,-7.1989470500902835,-0.8292693821080697
206.7465953671544,-6.3268862975330595,0.5575022662889371,-7.176879254559141,-0.8499929570260818
207.49432874416155,-6.284238025923698,0.5577948700847072,-7.154774962050063,-0.8705369361263653
208.2447664230321,-6.241678193918642,0.5575795927873095,-7.132634264083937,-0.890956070165295
208.9979181843225,-6.199152493853129,0.5571344009186027,-7.1104572525920835,-0.9113047587389547
209.7537938439623,-6.156610618683197,0.5564197650770807,-7.088244019919821,-0.9316334012366241
210.512403253382,-6.114009350503622,0.5558924857886595,-7.06599465883008,-0.9519853083264582
211.27375629964143,-6.071314852730094,0.5557540680756792,-7.043709262506939,-0.9723944097768449
212.0378629055586,-6.028504020737887,0.5557396448401345,-7.021387924559179,-0.9928839038212924
212.80473302983904,-5.985564843880755,0.5558204645486802,-6.9990307390237785,-1.0134658951430238
213.57437666720543,-5.942495825681617,0.556098767701822,-6.976637800369422,-1.0341419746878042
214.34680384852845,-5.899304589167862,0.5562621217485237,-6.954209203499972,-1.0549046143321101
215.12202464095668,-5.856005854361671,0.5564488892454216,-6.931745043757939,-1.075739189396268
215.9000491480483,-5.8126190118850465,0.556573380780458,-6.9092454169279245,-1.096626405042878
216.6808875099028,-5.769165530722481,0.5567378053670021,-6.8867104192400665,-1.1175448885175854
217.464549903293,-5.725666431754516,0.5568174693737085,-6.864140147373449,-1.1384737156189333
218.2510465417976,-5.68214003538244,0.5565888383575193,-6.841534698459536,-1.1593946630770962
219.04038767593448,-5.638600155163106,0.556001419672545,-6.8188941700855645,-1.1802940149224588
219.83258359329423,-5.59505486340097,0.5554689511563643,-6.796218660297966,-1.2011637968969966
220.6276446186742,-5.551505902084967,0.5551221497826403,-6.773508267605728,-1.222002365520761
221.42558111421312,-5.508875859401812,0.5551513710656004,-6.750763090983828,-1.241887231582016
222.22640347952603,-5.467065562777467,0.5549458559666074,-6.7279832298766085,-1.2609176670991413
223.03012215183983,-5.425222593650779,0.5548827427880929,-6.705168784201163,-1.2799461905503842
223.8367476061298,-5.383329816941033,0.5550213524580164,-6.682319854350727,-1.2989900374096939
224.6462903552552,-5.341369202329911,0.5550077509578819,-6.659436541198104,-1.3180673388681923
225.45876095009697,-5.299323676040516,0.5550453625804629,-6.63651894609904,-1.3371952700585235
226.2741699796952,-5.257178810691316,0.5550000428980594,-6.613567170895636,-1.3563883602043196
227.09252807138688,-5.214924193648962,0.5547939822209849,-6.590581317919773,-1.3756571242708118
227.9138458909445,-5.172554360308373,0.5547320393026548,-6.567561489996546,-1.3950071296881728
228.7381341427152,-5.130069239033904,0.5548813270503625,-6.544507790447679,-1.4144385514137747
229.5654035697601,-5.087474120987087,0.5549564954649404,-6.521420323095005,-1.4339462021079177
230.39566495399416,-5.044779231060761,0.5549037153257317,-6.498299192263911,-1.45351996120315
231.22892911632744,-5.0019990260477725,0.5548190651816068,-6.475144502786824,-1.4731454767390515
232.06520691680524,-4.959151374624967,0.5548549164837613,-6.451956360006725,-1.492804985381758
232.90450925475,-4.916256775766305,0.554966669409789,-6.42873486978067,-1.512478094014365
233.74684706890352,-4.87333774675404,0.5549499494474642,-6.405480138483303,-1.5321423917292627
234.59223133756936,-4.830418462937438,0.5551142480224102,-6.382192273010454,-1.5517738100730165
235.44067307875585,-4.787524667027092,0.5551824618756468,-6.358871380782717,-1.5713467137556254
236.2921833503199,-4.744683797271841,0.5551116691993843,-6.3355175697490544,-1.5908337724772137
237.14677325011084,-4.701925223878088,0.5547380923761343,-6.312130948390461,-1.6102057245123733
238.0044539161153,-4.659280442847887,0.5547584889447468,-6.288711625723618,-1.6294311828757309
238.8652365266024,-4.619138035151343,0.5552901152458011,-6.265259711304609,-1.6461216761532667
239.72913230026907,-4.581295291884934,0.5557047271505761,-6.241775315232638,-1.660480023347704
240.59615249638665,-4.543671626969614,0.555863499897324,-6.218258548153814,-1.6745869211842006
241.4663084149477,-4.50630303149702,0.5558562408409286,-6.194709521264959,-1.6884064897679387
242.33961139681264,-4.469223499104146,0.555820365593852,-6.171128346317427,-1.7019048472132807
243.21607282385835,-4.432463085489237,0.555862564683574,-6.147515135621005,-1.715052050131768
244.0957041191261,-4.396045909191069,0.5558169305628236,-6.123870002047819,-1.7278240928567499
244.97851674697048,-4.359988335436943,0.5558082131979908,-6.100193059036309,-1.7402047235993665
245.86452221320852,-4.324297585021395,0.5559401362537363,-6.076484420595207,-1.752186835573812
246.75373206527053,-4.288970972391402,0.5559948726357546,-6.0527442013076165,-1.7637732289162145
247.64615789234952,-4.253995905573633,0.555947665140516,-6.0289725163350765,-1.7749766107614438
248.54181132555283,-4.219350685146559,0.5558175668261416,-6.005169481421726,-1.7858187962751666
249.44070403805392,-4.185006034129088,0.5558580681863361,-5.9813352128984585,-1.796329178769371
250.3428477452439,-4.150927191373434,0.5557256627978704,-5.957469827687206,-1.8065426363137718
251.24825420488455,-4.117076323132909,0.5556235536585368,-5.93357344330518,-1.8164971201722713
252.15693521726183,-4.083414963115046,0.5556807102156223,-5.909646177869233,-1.8262312147541868
253.06890262533915,-4.049906187857127,0.5559181986595403,-5.885688150100265,-1.8357819622431375
253.9841683149119,-4.016516272862206,0.5560125633972455,-5.861699479327656,-1.8451832064654496
254.9027442147627,-3.9832156504207257,0.5561694482244497,-5.837680285493754,-1.854464635073028
255.8246422968164,-3.949979091682178,0.5561805504540113,-5.813630689158469,-1.8636515974762906
256.7498745762962,-3.916785148460826,0.5563144152947773,-5.789550811503881,-1.8727656630430554
257.6784531118807,-3.8869545730883415,0.5563350808423185,-5.765440774338899,-1.8784862012505572
258.6103900058604,-3.8601154530329085,0.5562332369255131,-5.741300700104026,-1.8811852470711177
259.5456974042957,-3.8332641738849347,0.5562311767568892,-5.717130711876147,-1.8838665379912127
260.48438749717565,-3.8063805915802176,0.5563337501550012,-5.692930933373384,-1.8865503417931668
261.426472518576,-3.7794417085129375,0.5564269120954035,-5.668701488960039,-1.8892597804471016
262.3719647468192,-3.7524213896998297,0.5565133310385987,-5.644442503651576,-1.8920211139517464
263.3208765046344,-3.7252908284204986,0.556617844119483,-5.620154103119667,-1.8948632746991683
264.2732201593178,-3.6980197450356185,0.5566911483196455,-5.595836413697326,-1.897816668661708
265.229008122894,-3.6705781954115393,0.5566330309271854,-5.5714895623841,-1.9009113669725606
266.1882528522778,-3.6429387756556135,0.5566005800174099,-5.54711367685132,-1.9041749011957068
267.1509668494366,-3.615078949941081,0.5566407690598679,-5.522708885447417,-1.9076299355063364
268.1171626615529,-3.586983205866283,0.5566752845483288,-5.498275317203344,-1.911292111337061
269.08685288118863,-3.558644759512731,0.5566352011983244,-5.4738131018380125,-1.9151683423252814
270.0600501464485,-3.5300665869740593,0.5564804025569212,-5.449322369763842,-1.919255782789783
271.0367671411449,-3.501261642456387,0.5562965782242909,-5.424803252092384,-1.923541609635997
272.01701659496376,-3.47225222311254,0.5564040298619235,-5.400255880639969,-1.9280036575274293
273.00081128362973,-3.443068543631152,0.5562751168588631,-5.375680387933479,-1.9326118443023272
273.98816402907295,-3.4137466752636128,0.5564333437601511,-5.351076907216186,-1.937330231952573
274.97908769959645,-3.3843260727764264,0.5563411425391214,-5.326445572453618,-1.942119499677192
275.97359521004347,-3.354846950888321,0.5563320229635546,-5.3017865183395685,-1.9469395674512473
276.9716995219658,-3.3253477758629293,0.5562013178353407,-5.277099880302138,-1.9517521044392083
277.973413643793,-3.298536457014836,0.5561480913026906,-5.252385794509827,-1.953849337494991
278.9787506310018,-3.274145295462616,0.5558478942655058,-5.227644397877803,-1.9534991024151873
279.98772358628605,-3.2498202181417275,0.5559913547322455,-5.2028758280740925,-1.953055609932365
281.00034565972794,-3.2255769646680923,0.5562217390081098,-5.178080223526009,-1.9525032588579165
282.0166300489688,-3.2014248074628346,0.5561522561753942,-5.1532577234265355,-1.951832915963701
283.0365899993816,-3.177367402951597,0.556086210139497,-5.128408467740855,-1.9510410647892584
284.0602388042434,-3.153404008647537,0.5559321780990778,-5.103532597212906,-1.9501285885653692
285.0875898049086,-3.129530890564558,0.5558310709936376,-5.078630253372072,-1.9490993628075142
286.11865639098266,-3.105742747180262,0.5556618829102341,-5.053701578539896,-1.9479588313596343
287.1534520004972,-3.082033997887282,0.5556573355257488,-5.028746715836896,-1.9467127179496142
288.19199012008414,-3.0583998200218616,0.555775102194962,-5.0037658091894714,-1.9453659891676098
289.2342842851523,-3.034836862363381,0.5561466260980384,-4.978759003336845,-1.9439221409734637
290.2803480800638,-3.011343607609186,0.5563801411121311,-4.953726443838115,-1.942382836228929
291.3301951383105,-2.987920395968086,0.5564737895188759,-4.928668277079386,-1.9407478811113004
292.3838391426922,-2.9645691527915634,0.5565044370875358,-4.903584650280946,-1.9390154974893825
293.4412938254948,-2.941292883385737,0.5565091063943836,-4.878475711504558,-1.9371828281188215
294.5025729686693,-2.918095008093914,0.5565582065564856,-4.853341609660789,-1.9352466015668748
295.56769040401133,-2.8949786125957164,0.5566605310862257,-4.8281824945164455,-1.9332038819207291
296.63666001334167,-2.871945685058513,0.556682972202219,-4.802998516702067,-1.9310528316435533
297.70949572868693,-2.8489964062822555,0.5566930204964005,-4.7777898277195066,-1.928793421437251
298.78621153246104,-2.826128553448468,0.5566805046005178,-4.752556579949563,-1.9264280265010951
299.866821457648,-2.8052565750522795,0.5566168490686417,-4.727298926659721,-1.9220423516074412
300.9513395879841,-2.7861498867283174,0.5565597492912742,-4.702017022011924,-1.915867135283607
302.0397800581419,-2.767100402993467,0.5564810582798113,-4.676711021070476,-1.909610618077009
303.1321570539145,-2.7480944080348326,0.5563336332089037,-4.651381079809929,-1.9032866717750965
304.2284848124001,-2.7291161915809212,0.5561361290076203,-4.62602735512315,-1.8969111635422289
305.32877762218766,-2.7101489779062433,0.5559918280206295,-4.600650004829356,-1.890501026923113
306.4330498235436,-2.6911760902499005,0.5558769767156567,-4.575249187682287,-1.8840730974323865
307.54131580859774,-2.672182269087436,0.5556861318898255,-4.549825063378429,-1.8776427942909928
308.6535900215317,-2.653155032865323,0.5554138519665764,-4.524377792565287,-1.8712227596999638
309.7698869587671,-2.6340859491640884,0.5552245435681833,-4.498907536849755,-1.8648215876856664
310.8902211691539,-2.614971677948745,0.5553659694520277,-4.473414458806525,-1.8584427808577804
312.01460725416047,-2.5958146602376875,0.5555288726171601,-4.447898721986585,-1.8520840617488972
313.14305986806403,-2.5766233559279037,0.5557454690763134,-4.4223604909257554,-1.8457371349978517
314.27559371814124,-2.557411981230901,0.5557036031936359,-4.3967999311533195,-1.8393879499224184
315.41222356486,-2.5381997532232727,0.555768587235919,-4.371217209200699,-1.8330174559774264
316.5529642220721,-2.5190097080937495,0.5558335261971911,-4.345612492610166,-1.8266027845164166
317.6978305572061,-2.4998672116138927,0.5559043452924725,-4.319985949943671,-1.8201187383297786
318.84683749146063,-2.4807983170077925,0.5558619567267785,-4.294337750791684,-1.813539433783891
320.0,-2.461828141248013,0.5559712339946515,-4.2686680657821,-1.8068399245340867
321.157333112148,-2.4429794237402085,0.5559103060977056,-4.242977066589227,-1.7999976428490188
322.31885191158534,-2.424271403007989,0.5559153189714634,-4.217264925942783,-1.7929935229347942
323.48457153654414,-2.4079699491195186,0.5557086104125725,-4.191531817637008,-1.7835618685174897
324.6545071800075,-2.393813698253613,0.5555513581323381,-4.165777916539737,-1.771964218286124
325.82867408990626,-2.37982991410591,0.5552641724206949,-4.140003398601625,-1.7601734844957146
327.0070875693173,-2.3660209905153575,0.5553256210145174,-4.114208440865361,-1.7481874503500032
328.18976297666444,-2.352386273249305,0.5555010847671127,-4.088393221474918,-1.7360069482256133
329.3767157259175,-2.338922956428579,0.5557833611966627,-4.062557919684894,-1.7236349632563153
330.5679612867931,-2.325626981801669,0.556001724818109,-4.036702715869871,-1.711075734068202
331.7635151849571,-2.312493827432025,0.5561176992780513,-4.010827791533798,-1.6983339641017734
332.9633930022266,-2.2995190976195072,0.5561351809972143,-3.9849333293194547,-1.6854142316999474
334.1676103767724,-2.286698858876454,0.5561339257809225,-3.9590195130179286,-1.6723206541414748
335.3761830033238,-2.27402970250826,0.5559979560882302,-3.9330865275781224,-1.6590568250698623
336.5891266333727,-2.2615085482659563,0.5557449845386728,-3.9071345591163067,-1.6456260108503504
337.80645707537826,-2.2491322319116023,0.5557841234053436,-3.881163794925728,-1.6320315630141256
339.0281901949744,-2.2368969403846695,0.5555943370646897,-3.8551744234861878,-1.6182774831015183
340.2543419151755,-2.224797570960746,0.5554936157584953,-3.8291666344736948,-1.6043690635129488
341.4849282165836,-2.212827095977241,0.5555090850964496,-3.803140618770175,-1.590313522792934
342.7199651375978,-2.2009760133452403,0.5555227739784332,-3.777096568473105,-1.5761205551278645
343.9594687746229,-2.1892319559598086,0.5552773275400683,-3.7510346769052654,-1.5618027209454568
345.2034552822784,-2.1775795209305038,0.5552958364907495,-3.724955138624475,-1.5473756176939713
346.45194087360994,-2.166000362582537,0.5551444904826057,-3.6988581494333514,-1.5328577868508146
347.7049418203007,-2.154473572118313,0.5552807391319975,-3.6727439063890466,-1.5182703342707335
348.9624744528825,-2.145731459768969,0.5554022355034794,-3.646612607813083,-1.500881148044114
350.2245551609494,-2.1394040268806336,0.5555920767549779,-3.620464453301119,-1.4810604264204854
351.49120039337186,-2.1330587357363076,0.5557564987791699,-3.5942996437327364,-1.4612409079964288
352.76242665850907,-2.1266733473531243,0.5558857657114945,-3.5681183812813155,-1.4414450339281912
354.03825052442653,-2.1202282928717757,0.5559389620589449,-3.541920869423777,-1.4216925765520014
355.31868861911084,-2.1137078627382255,0.5560035409391377,-3.515707312950438,-1.4019994502122124
356.60375763068555,-2.107101200649801,0.5561051813240719,-3.489477917974843,-1.3823767173250423
357.89347430763064,-2.100403003110145,0.5561197589744274,-3.4632328919435382,-1.3628298888333932
359.1878554589994,-2.093613849785008,0.556166402786907,-3.4369724436459026,-1.3433585938608945
360.4869179546374,-2.086740124986674,0.5560445647969922,-3.410696783223962,-1.3239566582372877
361.7906787254034,-2.0797935325684325,0.5558762254778141,-3.3844061221821455,-1.304612589613713
363.09915476338927,-2.0727902498063795,0.5555865312398123,-3.3581006733970677,-1.2853104235906883
364.4123631221413,-2.065749804406945,0.5552802374846065,-3.3317806511273305,-1.2660308467203856
365.7303209168831,-2.0586937871152546,0.5550879009208097,-3.3054462710231958,-1.2467524839079411
367.05304532473855,-2.0516445264975385,0.5554198563373532,-3.279097750136363,-1.2274532236388245
368.3805535849544,-2.044623850370794,0.5553801644608112,-3.252735306929636,-1.208111456558842
369.71286299912725,-2.037652040742719,0.5553936103768888,-3.2263591612865845,-1.1887071205438655
371.0499909314274,-2.030747058989812,0.5555044937364365,-3.199969534521209,-1.169222475531397
372.3919548088248,-2.0239240801593663,0.5558446533458608,-3.173566649387541,-1.1496425692281749
373.73877212131794,-2.017195335612037,0.5561277870122152,-3.147150730089179,-1.1299553944771419
375.09046042216056,-2.0105702273979436,0.5563131382004838,-3.1207220022888635,-1.11015177489092
376.44703732809,-2.006305438324995,0.5563401231397082,-3.0942806931179585,-1.0879752547929633
377.8085205195583,-2.004112209088575,0.5562627730751829,-3.067827031185885,-1.0637148220973098
379.1749277409615,-2.0020376272712284,0.5561194778743468,-3.0413612465895192,-1.0393236193182909
380.5462768008707,-2.000083872281863,0.5558862158031824,-3.014883570922584,-1.0147996986407213
381.9225855722655,-1.9982523932849343,0.5557657818336886,-2.9883942372848806,-0.9901418439999463
383.30387199276566,-1.9965441369409813,0.5557153091909893,-2.961893480291598,-0.9653493433506166
384.690154064865,-1.994959610046383,0.5555810675238696,-2.935381536082447,-0.940421926036064
386.0814498561669,-1.9934987717062906,0.5553146626155595,-2.9088586423308,-0.9153598706245094
387.47777749961926,-1.9921607683297644,0.5550855138169699,-2.88232503825275,-0.8901642699229857
388.8791551937501,-1.990943541761057,0.5550222175829798,-2.85578096461611,-0.8648374228550528
390.2856012029059,-1.9898433555658634,0.554708766948132,-2.8292266637492998,-0.8393833081834363
391.6971338574898,-1.9888542961875189,0.5549554764747876,-2.8026623795502013,-0.8138080833626824
393.1137715541984,-1.9879678135424133,0.5546907399536102,-2.7760883574949657,-0.7881205439525525
394.5355327562643,-1.9871723687654939,0.5547212866426624,-2.749504844646628,-0.7623324758811343
395.9624359936952,-1.9864532544231466,0.5552005209546003,-2.7229120896637498,-0.7364588352406032
397.39449986351485,-1.9857926435508055,0.5556989133711258,-2.6963103428089528,-0.7105176992581472
398.83174303000726,-1.985169907885446,0.555974394931689,-2.6696998559573024,-0.6845299480718565
400.2741842249586,-1.984562223087126,0.5561530241104294,-2.643080882604666,-0.6585186595175401
401.7218422479011,-1.9839454510332466,0.5562395252889285,-2.616453677875953,-0.6325082268427065
403.1747359663593,-1.9832952589990551,0.5563637565347604,-2.589818498533233,-0.606523239534178
404.63288431609527,-1.9825884059660748,0.5563238797028892,-2.563175602983781,-0.5805871970177061
406.0963063013546,-1.9833059150118189,0.5563452708572509,-2.536525251288022,-0.5532193362762032
407.5650209951158,-1.9852275486109132,0.5563617173944233,-2.509867705167318,-0.524640156556405
409.0390475393378,-1.9870426137128447,0.5562237436643873,-2.4832032280116967,-0.49616061429885194
410.518405145209,-1.9887448356064326,0.5559882146505982,-2.4565320848874546,-0.467787249281022
412.00311309339895,-1.9903342924744098,0.5556812774357018,-2.429854542544601,-0.43952025007019113
413.4931907343088,-1.9918175370085027,0.555588093017127,-2.4031708694242204,-0.4113533324157177
414.9886574883231,-1.9932072953202198,0.5557018600631055,-2.3764813356657277,-0.38327404034550794
416.4895328460641,-1.9945217794545638,0.5557369177364767,-2.349786213113911,-0.3552644336593471
417.995836368645,-1.9957836947413892,0.5559425554167126,-2.323085775325943,-0.3273020805845537
419.5075876879246,-1.9970190597340096,0.5560098323533004,-2.2963802975781995,-0.2993612378441899
421.0248065067639,-1.9982559792592642,0.5561759030419879,-2.269670056872944,-0.27141407761367997
422.547512599283,-1.9995235160683187,0.5561334529137727,-2.242955331944872,-0.24343181587655316
424.0757258111172,-2.0008507917974274,0.5560053364573406,-2.2162364032675543,-0.21538561147012691
425.6094660596779,-2.0022664141535937,0.5560120491995733,-2.189513553059648,-0.18724713890605438
427.1487533344111,-2.0037982780235897,0.5560860981993855,-2.1627870652910253,-0.1589887872674356
428.6936076970569,-2.005473729678817,0.556027572259593,-2.1360572256887522,-0.13058349600993502
430.2440492819133,-2.0073200235477078,0.5560275037580205,-2.109324321742817,-0.10200429819510903
431.80009829609673,-2.0093649485631087,0.5560698926780586,-2.0825886427118374,-0.07322369414872876
433.3617750198056,-2.0116374638864087,0.5560591885388947,-2.0558504796284844,-0.0442130157420757
434.929099806586,-2.014168167740502,0.5561115294460983,-2.0291101253047854,-0.014941957564283292
436.5020930835953,-2.0169894314297405,0.5561993028115181,-2.0023678743372826,0.014621557092457937
438.08077535186897,-2.01954797304429,0.5562175398237929,-1.9756240231119673,0.043923949932322515
439.66516718658846,-2.021960403558966,0.556235979908282,-1.9488788698090636,0.07308153374990223
441.25528923734856,-2.024765021374632,0.5562509501180981,-1.92213271440763,0.10263230696700232
442.85116222842623,-2.027992440247232,0.5563238735260899,-1.8953858586899799,0.1326065815572519
444.4528069590519,-2.0316681203474953,0.5563563763410789,-1.868638606245916,0.1630295141015794
446.0602443036799,-2.035809900396334,0.5563645314622321,-1.8418912624767496,0.1939186379195843
447.6734952122596,-2.0404256098626465,0.5562786386266454,-1.8151441345991723,0.2252814752634742
449.2925807105103,-2.0455110171607327,0.5560421165564526,-1.7883975316488891,0.25711348551184354
450.917521900194,-2.051048356609538,0.5556492797350946,-1.7616517644840783,0.28939659212545976
452.5483399593904,-2.057005635769265,0.5553202799514216,-1.7349071457886502,0.32209848998061474
454.1850561427737,-2.063336859490155,0.5553730775964608,-1.7081639900752554,0.3551728694148997
455.82769178188914,-2.0699832239920486,0.5554076440085957,-1.6814226136881794,0.38856061030386924
457.4762682854304,-2.076875242259577,0.5553349950269009,-1.6546833348059218,0.4221919074536553
459.13080713952,-2.083935670891842,0.5554551079027282,-1.627946473443619,0.45598919744822286
460.7913299079885,-2.0910830286164064,0.555750663690743,-1.601212351455237,0.4898706771611694
462.4578582326549,-2.0982354374711853,0.5558437217120205,-1.5744812925355587,0.5237541449356267
464.1304138336103,-2.105314486440026,0.5559059125995005,-1.5477536222219122,0.5575608642181138
465.8090185095001,-2.112248818116784,0.55615269365166,-1.5210296678956952,0.5912191502210891
467.49369413780704,-2.1189771713229426,0.5561927028180346,-1.4943097587836989,0.6246674125392437
469.18446267513855,-2.1254506721390864,0.5563461304863418,-1.4675942259591364,0.6578564461799501
470.8813461575118,-2.1316342444401535,0.5563106002470213,-1.440883402342486,0.6907508420976676
472.5843667006398,-2.134561440873135,0.556343791112153,-1.414177622702078,0.7203838181710571
474.2935465002216,-2.1346520928895583,0.5563591807037022,-1.3874772236544528,0.7471748692351055
476.0089078322308,-2.134431001423934,0.5562938361059014,-1.3607825436644472,0.7736484577594869
477.7304730532047,-2.1339150638759374,0.5562922512800137,-1.3340939230450892,0.7998211408308482
479.458264600538,-2.1331301189042353,0.5563334829370822,-1.3074117039571775,0.8257184149470578
481.1923049927734,-2.1321087059442636,0.5563177217476133,-1.2807362304086465,0.8513724755356171
482.9326168298953,-2.130887880165302,0.556309633746177,-1.254067848253709,0.8768200319115929
484.6792227936251,-2.1295072538260396,0.5561706392527455,-1.2274069051916698,0.9021003486343697
486.4321456477168,-2.128007387796865,0.5560040470117763,-1.2007537507655224,0.9272536370313427
488.1914082382522,-2.1264286028863104,0.5560974302948948,-1.1741087363603024,0.952319866526008
489.9570334939408,-2.1248102259355868,0.5562002275140628,-1.147472215201137,0.9773380107344498
491.7290444264172,-2.1231902361403616,0.5561372521057292,-1.1208445423510374,1.0023456937893243
493.50746413054105,-2.1216052370853653,0.5558412961522359,-1.0942260747084673,1.027379162376898
495.29231578469887,-2.1200906523072494,0.5556338439627215,-1.0676171710045643,1.052473481302685
497.08362265110577,-2.1186810279677033,0.555305910396786,-1.041018191800134,1.0776628361675693
498.8814080761079,-2.1174103251169853,0.5551744595407334,-1.0144294994823961,1.1029808256345892
500.6856954904876,-2.116312094751594,0.555175730890495,-0.9878514582613834,1.1284606364902103
502.49650840976926,-2.115419449494171,0.5555708802858987,-0.9612844341660841,1.154135015328087
504.31387043452366,-2.1147647737585356,0.5559495404168864,-0.9347287950403828,1.180035978718153
506.13780525067807,-2.1143791470061934,0.5561124722635798,-0.9081849105385541,1.2061942364676392
507.968336629824,-2.1142914889321016,0.5562188677285326,-0.8816531521206327,1.232638336811469
509.8054884295254,-2.1090288958943653,0.5562543740943041,-0.8551338930474088,1.2538950028469564
511.6492845936326,-2.0994351329209966,0.5561844653259722,-0.8286275083751319,1.2708076245458648
513.4997491525926,-2.0902014710038745,0.5560172394230064,-0.8021343749499561,1.2880670960539184
515.3569062237614,-2.081336049486181,0.5558776257748257,-0.7756548714020853,1.3056811780840953
517.2207800117205,-2.0728386475993013,0.5556710031777882,-0.7491893781395902,1.323649269459711
519.0913948085916,-2.0646997162982625,0.5554859887211074,-0.7227382773419626,1.3419614389563
520.9687749943513,-2.0568997231010826,0.5554541634635896,-0.6963019529533645,1.360597770147718
522.8529450371518,-2.0494088838529123,0.5554739398472643,-0.6698807906755597,1.3795280931773526
524.7439294936386,-2.042187337380737,0.555499140411384,-0.6434751779605432,1.3987121594201937
526.6417530092688,-2.035185798712954,0.5555978801680972,-0.6170855040029142,1.4181002947100396
528.5464403186354,-2.028346703898018,0.5552265440611792,-0.5907121597318556,1.4376345441661624
530.458016245788,-2.0216058343625978,0.5548877995697783,-0.564355537802887,1.4572502965597107
532.3765057045556,-2.014894381005515,0.5549041650706016,-0.5380160325892763,1.4768783484162387
534.3019336988731,-2.0081413783290536,0.5549003905023285,-0.5116940401731308,1.4964473381559227
536.2343253231061,-2.0012764083895416,0.5548365630935488,-0.485389958336191,1.5158864500533507
538.1737057623773,-1.9942324456329974,0.5548224726020593,-0.4591041865503337,1.5351282590826636
540.1201002928967,-1.986948690530168,0.5552357197044963,-0.43283712596769747,1.5541115645624706
542.0735342822899,-1.97937322596721,0.5555787287769838,-0.4065891794105627,1.5727840465566474
544.0340331899275,-1.9714653289576756,0.5559252107972944,-0.38036075136089986,1.5911045775967758
546.0016225672592,-1.9631972832845985,0.5561486994803989,-0.3541522479495496,1.609045035335049
547.976328058146,-1.9545555662698018,0.5563365999437518,-0.3279640769451484,1.6265914893246534
549.9581753991929,-1.9412795826276898,0.5565036298799527,-0.3017966477427251,1.6394829348849647
551.9471904200867,-1.9240425378079387,0.5565283408054006,-0.2756503713519379,1.6483921664560008
553.9433990439317,-1.9064774271955454,0.5565667433421024,-0.24952566038503365,1.6569517668105118
555.946827287586,-1.888624884615524,0.5565611359826338,-0.22342292904448363,1.6652019555710404
557.9575012620035,-1.8705350317432643,0.5565027618435598,-0.1973425931102626,1.6731924386330017
559.9754471725723,-1.8522648511994202,0.5564542515915292,-0.1712850699268379,1.6809797812725824
562.0006913194559,-1.8338753227456621,0.5563504211614887,-0.14525077838985612,1.6886245443558061
564.0332600979375,-1.8154284927370394,0.5561490311743476,-0.11924013893243629,1.6961883538046032
566.0731799987633,-1.7969846377092775,0.5560860213074283,-0.09325357351121821,1.7037310641980592
568.1204776084868,-1.7785996645617814,0.5559464522887989,-0.06729150559204417,1.7113081589697372
570.1751796098171,-1.760322867036633,0.5557693738756196,-0.04135436013532623,1.718968506901307
572.2373127819656,-1.7421951349126648,0.5558890516705555,-0.015442563581089419,1.7267525713315752
574.3069040009943,-1.724247690760496,0.5560102210666458,0.010443456166284837,1.7346911469267807
576.3839802401681,-1.7065014091329633,0.5560381164174639,0.036303269753698075,1.7428046788866614
578.4685685703048,-1.6889667529373718,0.555971763251003,0.06213644639523275,1.7511031993326045
580.5606961601276,-1.6716443384568755,0.5558970662659501,0.08794255388837613,1.7595868923452516
582.6603902766209,-1.6545261113315632,0.555665964941657,0.1137211586306539,1.7682472699622171
584.7676782853845,-1.6375970789041556,0.5554492242985755,0.1394718256364565,1.777068904540612
586.8825876509895,-1.6208375001857256,0.5552704393994539,0.16519411855429633,1.7860316187400218
589.0051459373385,-1.6042253864077853,0.5553900358626418,0.19088759968431646,1.7951129860921018
591.1353808080228,-1.5877391188238832,0.5556999400035421,0.21655182999615824,1.8042909488200414
593.2733200266833,-1.569279569229293,0.5558027634933717,0.24218636914713942,1.8114659383764322
595.4189914573736,-1.5491638182554492,0.555804122484623,0.26779077550074093,1.8169545937561902
597.5724230649222,-1.52913429809605,0.5555768821565833,0.2933646061454336,1.8224989042414836
599.733642915296,-1.5091911841072214,0.5554201904667752,0.318907416913802,1.8280986010210234
601.9026791759679,-1.4893418119775532,0.555014174852663,0.3444187624019931,1.8337605743795464
604.0795601162839,-1.4695995623423261,0.554766307980015,0.36989819598949303,1.8394977583318193
606.264314107829,-1.4499818778946558,0.5548636280126399,0.3953452698592007,1.8453271477538564
608.4569696248,-1.4305076067841895,0.5548438533342891,0.4207595350178138,1.8512671418020035
610.6575552443755,-1.4111939610083954,0.5550312480857407,0.4461405413165641,1.8573345023249597
612.8660996470871,-1.392053441717433,0.5552700011361507,0.4714878374721946,1.8635412791896275
615.0826316171953,-1.3730911039860025,0.5552425729096754,0.4968009710883379,1.8698920750743404
617.3071800430636,-1.3543025070157153,0.5554238643912628,0.5220794886771193,1.8763819956928347
619.5397739175341,-1.335672624463749,0.5556308600531658,0.5473229356811077,1.8829955601448565
621.7804423383076,-1.3171758829012141,0.5557834713287487,0.5725308564955821,1.8897067393967961
624.029214508321,-1.2987773686064052,0.5560383816007425,0.5977027944910706,1.896480163097476
626.2861197361281,-1.2804351109899947,0.5562707726971952,0.6228382920362048,1.9032734030261995
628.5511874362824,-1.2621032318968801,0.5562955053015014,0.6479368905208949,1.910040122417775
630.8244471297202,-1.2437356580010626,0.5563127830027732,0.672998130379769,1.9167337883808315
633.1059284441443,-1.2252900378598461,0.5563574690203835,0.6980215511159236,1.9233115889757697
635.395661114412,-1.2067314898357946,0.5562676856083625,0.7230066913249962,1.9297381811607908
637.6936749829215,-1.188035830144539,0.5562012840844754,0.7479530887194646,1.9359889188640036
640.0,-1.1676758908940847,0.5563398703588557,0.7728602801532994,1.940536171047384
642.314666224296,-1.1459032427328601,0.5563868415139611,0.7977278016468937,1.943631044379754
644.6377038231707,-1.1240039719525576,0.5564782969287285,0.8225551884122378,1.9465591603647954
646.9691430730883,-1.1020099916836852,0.5564394789893252,0.8473419748784004,1.9493519665620855
649.309014360015,-1.0799649258871522,0.5563528248946595,0.8720876947173336,1.9520526206044857
651.6573481798125,-1.0579210907851806,0.5561223682202441,0.8967918808698807,1.9547129716550613
654.0141751386346,-1.035935739585554,0.5560153627461373,0.9214540655721108,1.9573898051576648
656.3795259533289,-1.0140668435075035,0.5560681026544839,0.9460737803819036,1.9601406238894072
658.753431451835,-0.9923687145867035,0.5562313992430841,0.9706505562058291,1.9630192707925325
661.1359225735862,-0.9708877881663227,0.5562630084212514,0.995183923326241,1.9660717114925637
663.5270303699142,-0.9496588749950217,0.556209058383993,1.0196734114287063,1.969332286423728
665.9267860044532,-0.9287021647987217,0.5562425066227433,1.0441185496296512,1.972820714428373
668.3352207535448,-0.9080212159526617,0.556231461627211,1.0685188665042484,1.9765400824569102
670.7523660066475,-0.8876021014415834,0.5562315598286984,1.0928738901146111,1.9804759915561945
673.1782532667454,-0.8674138028001099,0.5562718175659828,1.117183148038214,1.9845969508383239
675.6129141507565,-0.8474098557803735,0.5561677525340467,1.1414461673965268,1.9888560231769004
678.0563803899488,-0.8275311600150257,0.5560688176429737,1.1656624748839608,1.9931936348989865
680.508683830351,-0.8077097768111337,0.5559037125050512,1.1898315967970219,1.9975413736081555
682.9698564331671,-0.7878734615815493,0.5561635785361283,1.21395305906367,2.0018265206452193
685.4399302751956,-0.7679506168174868,0.5564270017749783,1.2380263872729786,2.0059770040904654
687.9189375492458,-0.7478753130473628,0.5566718590050022,1.2620511067049829,2.009926419752346
690.4069105645567,-0.726403606297902,0.5570320662738765,1.2860267423607503,2.0124303486586523
692.9038817472199,-0.7036944570799921,0.557180298149464,1.3099528189927017,2.013647276072694
695.4098836406014,-0.6807127406118916,0.5572790022093246,1.3338288611351423,2.014541601747034
697.924948905765,-0.6574544376455922,0.5575947029399622,1.3576543931349916,2.0151088307805836
700.4491103218988,-0.6339355328087688,0.5576679430351739,1.38142893918274,2.015364471991509
702.9824007867437,-0.6101911005490699,0.5574950665246792,1.405152023343641,2.015343123892711
705.5248533170181,-0.5862729917130967,0.5572814144240636,1.4288231695890206,2.015096161302117
708.0765010488531,-0.5622462679391269,0.5568659218966261,1.452441901827891,2.014688169767018
710.6373772382217,-0.5381846283880414,0.5564028439846852,1.4760077439387072,2.0141923723267485
713.2075152613711,-0.5141651540435674,0.5564146565545309,1.4995202198012834,2.013685373844851
715.7869486152613,-0.4902627521301195,0.5564564411385269,1.5229788533289796,2.013241605459099
718.3757109179988,-0.4665447118933379,0.5564907559373339,1.5463831685009923,2.0129278803943302
720.9738359092748,-0.44306577962971794,0.556519250908604,1.5697326893948516,2.0127984690245695
723.5813574508068,-0.4198641244041674,0.5564776192082008,1.5930269402191168,2.0128910646232843
726.1983095267785,-0.39695849764687274,0.5564383589368357,1.61626544534621,2.0132239429930827
728.8247262442826,-0.3743467943585248,0.5563946980107846,1.6394477293454015,2.0137945237039263
731.4606418337662,-0.35200610841819113,0.5562969470338615,1.662573317016006,2.014579425434197
734.1060906494771,-0.32989424950431,0.5561000991422068,1.6856417334206797,2.0155359829249897
736.7611071699089,-0.3079525664266676,0.5559764817789601,1.7086525039189002,2.016605070345568
739.4257259982545,-0.28610981362611554,0.5558277288235971,1.7316051542005928,2.0177149678267083
742.0999818628547,-0.2642867160463105,0.5558483715084817,1.7544992103198735,2.018785926366184
744.7839096176496,-0.24125646207492402,0.555900566033378,1.7773341987289304,2.0185906608038544
747.4775442426359,-0.2171361590254861,0.5556918977697501,1.8001096463120883,2.0172458053375744
750.1809208443211,-0.1927974413066984,0.5558646648511855,1.8228250804199122,2.015622521726611
752.89407465618,-0.16817505255820642,0.5560581244254668,1.8454800289035034,2.01365508146171
755.6170410391165,-0.14321600827166847,0.5562500552307945,1.86807402014888,2.0112900284205484
758.349855481923,-0.11788129755183796,0.5563781667434284,1.8906065831114658,2.0084878806633037
761.0925536017414,-0.09214662419415198,0.5566016130436855,1.9130772473506892,2.005223871544841
763.8451711445309,-0.06600230631447346,0.5568211439495842,1.9354855430647118,2.0014878493791852
766.6077439855313,-0.03945251267162675,0.5569926272407247,1.957831001125191,1.9972835137968177
769.38030812973,-0.012514037841432568,0.5571379641344578,1.9801131531121734,1.992627190953606
772.1628997123338,0.014785191825653854,0.5572172726162903,2.0023315313490864,1.9875463395234325
774.9555549992385,0.04240772767293066,0.5571579206125234,2.0244856689377677,1.982077941264837
777.7583103875002,0.07030822499160116,0.5570411129522829,2.0465750997935808,1.9762668748019796
780.5712024058118,0.09843504661248303,0.5567571665278848,2.068599358680631,1.9701643120681478
783.3942677149796,0.12673185488768013,0.5564444933982335,2.090557981247014,1.9638261263593337
786.2275431083968,0.15513923505121596,0.5562373652055612,2.1124505040600976,1.9573112690088816
789.0710655125285,0.18359640100402785,0.556180782535353,2.134276464641925,1.9506800636378974
791.9248719873904,0.2120430186944393,0.5563545560261112,2.156035401504614,1.9439923828101748
794.7889997270297,0.24042114738955078,0.5564357090714357,2.177726854185776,1.9373057067962254
797.6634860600145,0.26867725370867923,0.5564953503546314,2.1993503632840463,1.930673109575367
800.5483684499172,0.2967642071361354,0.5565088916719916,2.2209054704945848,1.9241412633584494
803.4436844958022,0.3259385091352325,0.556439496436547,2.242391718644596,1.9164532095093634
806.3494719327186,0.3559411032032518,0.5562578070253732,2.2638086517289047,1.9078675485256529
809.2657686321905,0.3856884179575193,0.556132299529203,2.2851558149455373,1.899467396988018
812.1926126027092,0.415173714610404,0.5560140444819581,2.306432754731267,1.8912590401208629
815.1300419902316,0.4444015432648829,0.5558037556808029,2.327639018797237,1.8832374755323542
818.0780950786757,0.47338689597231287,0.5557508001066245,2.3487741561644992,1.8753872601921864
821.0368102904181,0.5021536827888156,0.5557608377072275,2.369837717199591,1.8676840344107752
824.0062261867979,0.5307326219500919,0.5558931516278929,2.390829253650088,1.8600966316999963
826.9863814686177,0.5591586932414252,0.5559367988445805,2.4117483186801563,1.852589625438731
829.9773149766462,0.5874683493032187,0.5560121865064488,2.4325944669059973,1.8451261176027787
832.9790656921282,0.6156967080200157,0.5560803728062403,2.453367254431364,1.8376705464113483
835.9916727372901,0.6438749570617652,0.5560974912035828,2.4740662388829877,1.8301912818212225
839.0151753758493,0.6720281875928915,0.5561583890760333,2.4946909794459478,1.8226627918530562
842.0496130135278,0.7001738387119509,0.556113437806185,2.5152410368990052,1.8150671981870543
845.095025198566,0.7283208798909442,0.5561277684314823,2.535715973649916,1.8073950937589718
848.1514516222344,0.7564697902492572,0.5561022672476903,2.5561153537706103,1.799645563521353
851.2189321193558,0.7846133173755856,0.5561852304776492,2.57643874303238,1.7918254256567945
854.2975066688222,0.8127379223718005,0.5561581112609275,2.5966857089409334,1.7839477865691329
857.3872153941138,0.840825750053483,0.5561193704441835,2.6168558207714008,1.7760300707179177
860.4880985638265,0.8688569114482512,0.5561610208349427,2.636948649603272,1.7680917381550207
863.6001965921935,0.8968118359221133,0.5561974516406946,2.6569637683552036,1.7601519324330903
866.7235500396113,0.9255527444791021,0.5562467544333541,2.6769007518197476,1.7513480073406456
869.8581996131719,0.9549066952291341,0.5561711631991619,2.696759176697994,1.74185248146886
873.0041861671906,0.9841471703663043,0.5560262242603651,2.7165386216341028,1.7323914512677985
876.1615507037379,1.0132727813773954,0.5558953671330715,2.736238667249685,1.7229658858722896
879.3303343731769,1.042287877400934,0.555687237497922,2.7558588961781245,1.7135710187771904
882.5105784746971,1.0712016416887842,0.5554253231372278,2.775398893098732,1.7041972514099477
885.7023244568525,1.1000266322454788,0.5552936776452634,2.794858244770791,1.694831612525312
888.9056139181038,1.1287769527038805,0.5551786870619061,2.814236540067448,1.6854595873635674
892.1204886073598,1.1574662816256325,0.5549800948295084,2.8335333700095076,1.676067088383875
895.3469904245192,1.186106005035196,0.5549669210674364,2.8527483277990093,1.6666423227638134
898.5851614210205,1.2147036857434959,0.5553835042961827,2.871881008852734,1.657177323109238
901.835043800388,1.2432620647416002,0.5555689592880952,2.8909310108354846,1.6476689460938845
905.0966799187808,1.2717787287349296,0.5556560639222707,2.9098979336932382,1.6381192049583087
908.3701122855472,1.3002465007138966,0.5555604913213318,2.9287813796861446,1.628534878972248
911.6553835637784,1.3286545264549527,0.5554926158654304,2.947580953421311,1.6189264269663584
914.9525365708608,1.3569899489489394,0.5552226658886534,2.9662962618854176,1.6093063129364782
918.26161427904,1.38523999451761,0.5554043383866725,2.9849269144772013,1.5996869199595913
921.582659815977,1.4133942466822909,0.5559101241762517,3.0034725230396795,1.5900782763573886
924.91571646531,1.4414468619429819,0.5562049337798501,3.021932701892206,1.5804858399492243
928.2608276672206,1.469398487496063,0.556363665398828,3.04030706786234,1.570908580366277
931.618037019,1.497257672938808,0.5564322557715387,3.058595240317512,1.561337567378704
934.987388275614,1.5257094774652362,0.5564531193839064,3.076796841196446,1.55108736373121
938.3689253502772,1.5546550949758196,0.5564198347134756,3.094911495040403,1.5402564000645835
941.7626923150236,1.5835850839662609,0.5564198358573235,3.112938829024176,1.5293537450579153
945.1687334012796,1.6125396106953698,0.5563826367083478,3.1308784729868924,1.5183388622915226
948.5870930004432,1.6415631778967903,0.556326289085859,3.1487300594625482,1.507166881565758
952.0178156644616,1.670702097295015,0.5562490800155635,3.1664932237103427,1.4957911264153276
955.4609461064094,1.7000016978392498,0.5560659027556557,3.1841676037447395,1.4841659059054897
958.916529201076,1.7295034676878238,0.5557851306481829,3.2017528403653133,1.4722493726774895
962.3846099855468,1.7592423288598837,0.5557537255771718,3.219248577186336,1.4600062483264522
965.8652336597906,1.7892442330409324,0.5558912260042562,3.2366544606660814,1.447410227625149
969.3584455872502,1.8195242468103956,0.5560023947990229,3.2539701401359173,1.4344458933255217
972.8642912954336,1.8500852657486568,0.555981558250633,3.271195267829108,1.421110002080451
976.3828164765044,1.8809174600856284,0.5558847345705419,3.288329498909344,1.4074120388237157
979.9140669878816,1.9119985101951222,0.5557352885179202,3.3053724914990115,1.3933739813038892
983.4580888528344,1.9432946392593529,0.555641425928315,3.3223239067071884,1.3790292674478355
987.014928261082,1.9747623947329274,0.5556245316707779,3.3391834086573207,1.3644210139243933
990.5846315693976,2.0063510730010847,0.5555695290400254,3.3559506645146797,1.349599591513595
994.1672453022117,2.0380056276514367,0.5556146246602854,3.372625344513466,1.3346197168620293
997.7628161522156,2.0696698569152154,0.5557156093705071,3.3892071219836493,1.3195372650684338
1001.3713909809752,2.1012896361222726,0.5557329691384245,3.4056956733774983,1.3044060372552257
1004.9930168195384,2.132815951483897,0.5556702721574264,3.422090678295835,1.289274726811938
1008.6277408690472,2.164464704568619,0.5557172275723662,3.4383918195139227,1.2739271149453035
1012.275610501356,2.196155120813655,0.555787636542448,3.4545987830071203,1.2584436621934652
1015.936673259648,2.2276584937174544,0.5556442703887895,3.4707112579761485,1.2430527642586942
1019.6109768590508,2.2589654506909334,0.5556304972200529,3.4867289368720797,1.2277634861811464
1023.2985691872652,2.290077491416998,0.5557215640495239,3.5026515154210123,1.2125740240040144
1026.9994983051852,2.3210058002699583,0.5558483958566433,3.518478692648376,1.1974728923784177
1030.7138124475227,2.351769444176707,0.5560646807333821,3.53421017090294,1.1824407267262331
1034.441560023441,2.382393138017168,0.5563362357365113,3.549845655880493,1.167452517863325
1038.1827896171833,2.4129047865380517,0.5567009594301146,3.5653848566471553,1.1524800701091036
1041.9375499887026,2.4433330189801357,0.5570281082893174,3.580827485662376,1.1374944666822402
1045.7058900743036,2.47370492114713,0.5573287347878101,3.596173258801567,1.1224683376544373
1049.4878589872771,2.504044141958923,0.5575776578396443,3.6114218953784283,1.107377753419505
1053.2835060185375,2.53436951107569,0.5577605550512393,3.626573118166839,1.092203607091149
1057.0928806372708,2.5646942547400595,0.5577351637011947,3.6416266534225104,1.0769323986824508
1060.916032491576,2.5950258424315713,0.557782983195468,3.656582230904186,1.061556388472615
1064.7530114091112,2.6253664410782456,0.5579486898524215,3.6714395838945038,1.0460731428162582
1068.6038673977462,2.655713900078828,0.5585186965852477,3.6861984492205484,1.0304845491417205
1072.4686506462122,2.686063143229866,0.5590442995610306,3.700858567273949,1.0147954240440828
1076.3474115247543,2.7164078069253517,0.5592935245181555,3.715419682030679,0.9990118751053272
1080.2402005857934,2.7467419417079793,0.5593834615604086,3.7298815410704713,0.9831395993624921
1084.1470685645795,2.7770615898931084,0.5593957250664213,3.7442438955958117,0.9671823057027034
1088.068066379855,2.8067149391815462,0.5590313088551215,3.758506500450622,0.9517915612690757
1092.0032451345185,2.83583285196554,0.5579175901117518,3.7726691141385027,0.9368362621729629
1095.952656116292,2.864946922646215,0.5573299011953737,3.7867314988406573,0.9217845761944421
1099.9163507983858,2.8940692801205063,0.5570915272210909,3.8006934204333556,0.9066241403128492
1103.8943808401734,2.923215574951426,0.5573589094224403,3.814554648505091,0.8913390735536653
1107.886798087863,2.9524038593146855,0.5575631045405885,3.8283149563732755,0.8759110970585899
1111.893654575172,2.981653210042971,0.557945115121778,3.8419741211005873,0.8603209110576162
1115.915002524007,3.010982267845085,0.5579238802624324,3.8555319235109216,0.8445496556658365
1119.950894345145,3.0404078690273497,0.5576529575556792,3.8689881482049264,0.8285802791775767
1124.0013826389118,3.069943925314238,0.5572280731326162,3.8823425835751517,0.8123986582609137
1128.066520195875,3.0996006659976754,0.5568751990679639,3.8955950218208066,0.7959943558231313
1132.1463599975266,3.1293843010074465,0.5570972254505773,3.908745258962101,0.7793609579546543
1136.2409552169736,3.159297102117238,0.5579289372954569,3.921793094854187,0.762495992736949
1140.350359219634,3.1893378416753038,0.55872310288271,3.9347383332007047,0.7454004915254009
1144.474625563931,3.219502482326682,0.5594215493045488,3.94758078156692,0.7280782992402379
1148.613808001989,3.2497849838498425,0.5601928370137627,3.960320251392423,0.7105352675425807
1152.767960480336,3.2801780881759175,0.5605899015076187,3.97295655800348,0.6927784698275623
1156.9371371406096,3.31067396134649,0.5609465004081831,3.9854895206249283,0.6748155592784384
1161.1213923202552,3.3412646084688244,0.5607418784242642,3.9979189623916325,0.656654353922808
1165.3207805532418,3.3719420281720343,0.5603489197527092,4.010244710359624,0.6383026821875895
1169.535356570769,3.402698127645655,0.5598740877239707,4.02246659551672,0.6197684678710651
1173.765175301979,3.4329578463529824,0.5591646337703818,4.034584452792789,0.6016266064398064
1178.010291874677,3.462825504891889,0.5581931704652481,4.046598121069584,0.5837726161776953
1182.2707616160455,3.4927442523497767,0.5578842757294444,4.058507443190159,0.5657631908403822
1186.546640053367,3.522702984316952,0.5574973880546146,4.070312265967857,0.5476092816509048
1190.8379829147473,3.552689642949968,0.5575204151379682,4.082012440194895,0.5293227972449275
1195.1448461298444,3.5826915711555536,0.5580043802543857,4.093607820650526,0.5109162494949722
1199.467285830592,3.6126960878238297,0.5584665417378246,4.105098266108763,0.4924021782849337
1203.805358351936,3.6426912092942825,0.5592154917471772,4.116483639345708,0.47379243005142513
1208.1591202325678,3.672666410454484,0.5598942399258956,4.127763807146432,0.45509739669194804
1212.528628215658,3.7026133085885995,0.5608803869536222,4.13893864031148,0.43632533172288035
1216.9139392496,3.7325261666172285,0.5611196181362764,4.15000801366287,0.4174818470456412
1221.315110488751,3.7624021463815875,0.5620785487458179,4.160971806049776,0.3985696596681887
1225.7321992941745,3.792241289250903,0.5625939673189436,4.171829900353692,0.37958861110278885
1230.1652632343903,3.8220462497849184,0.5629628886123628,4.182582183493238,0.36053593370832004
1234.6143600861271,3.8518218472487593,0.5626591849994033,4.193228546428514,0.3414066991797551
1239.0795478350683,3.881574520459951,0.5625013084183937,4.203768884165022,0.32219436370507104
1243.5608846766152,3.911311769121671,0.5617246028865138,4.214203095757212,0.3028913266355415
1248.058429016642,3.941041640402007,0.5606478045129281,4.224531084311542,0.28348944390953434
1252.572239472256,3.9707722794041187,0.5594213336159283,4.23475275698916,0.26398047758504095
1257.1023748725647,4.000511517013475,0.5592153956153137,4.244868025008157,0.24435650799468167
1261.6488942594403,4.0302664309871155,0.5596645581583723,4.254876803645379,0.22461037265826356
1266.2118568882886,4.059359975985353,0.5593453246156086,4.264779012237838,0.20541903625248548
1270.791322228824,4.087935631118246,0.5590336002122851,4.274574574183707,0.1866389430654607
1275.387349965843,4.116537250303461,0.5588369825580071,4.284263416942854,0.167726166639393
1280.0,4.145161484495357,0.5585922282574004,4.293845472037004,0.1486839875416477
1284.629332448592,4.173799649620413,0.5591878597190252,4.303320675049477,0.12952102542906374
1289.2754076463414,4.202436601640759,0.5610421425343636,4.312688965624469,0.11025236398370986
1293.9382861461766,4.231049940157563,0.5628789834520876,4.321950287465936,0.09090034730837271
1298.61802872003,4.259609794652478,0.563835694841381,4.331104588336106,0.07149479368362766
1303.314696359625,4.288079424127991,0.5642903053630037,4.340151820053499,0.052072395925508275
1308.0283502772693,4.316416791096318,0.5643851748072415,4.34909193849058,0.03267514739426236
1312.7590519066578,4.344577159972614,0.5646652519831276,4.357924903570997,0.01334774359838331
1317.50686290367,4.372516630791861,0.5649628946466382,4.366650679266395,-0.00586595152546554
1322.2718451471724,4.4001963704253075,0.5655994165669254,4.37526923359281,-0.024927136832497254
1327.0540607398284,4.427587167268147,0.5655896391448223,4.3837805386066835,-0.04380662866146334
1331.8535720089064,4.454673833926979,0.565989910454135,4.392184570400443,-0.06248926352653594
1336.6704415070897,4.48145893497021,0.5666939357788995,4.400481309097675,-0.08097762587253499
1341.504732013295,4.507965335523936,0.5662168779242096,4.408670738847922,-0.09929459667601392
1346.3565065334908,4.534237154846437,0.5659178672574937,4.416752847821038,-0.11748430702539903
1351.225828301513,4.560338859697804,0.5648886729801021,4.424727628201161,-0.13561123149664311
1356.1127607798976,4.586352428462021,0.5638813905121515,4.432595076180281,-0.15375735228174037
1361.017367660702,4.612372734155397,0.562500607743214,4.440355191951421,-0.17201754220397536
1365.9397128663345,4.636849812844586,0.5607792468570002,4.448007979701395,-0.18884183314319092
1370.8798605503912,4.660230650450437,0.5593036862317835,4.455553447603204,-0.20467720284723256
1375.8378750984916,4.683915989749561,0.5592932954093942,4.462991607807993,-0.22092438194156827
1380.8138211291134,4.7079862136073345,0.5605967870196245,4.4703224764366585,-0.23766373717067601
1385.8077634944398,4.732502024233547,0.5608025429577779,4.477546073571068,-0.2549559506624792
1390.8197672812028,4.757500361704504,0.5596606795788778,4.484662423244831,-0.27283793845967264
1395.84989781153,4.7829922609722075,0.559418997585939,4.491671553433775,-0.2913207075384321
1400.8982206437977,4.8089627849170125,0.5590495648732208,4.498573496045949,-0.31038928887106376
1405.9648015734874,4.835372957907616,0.5575329727746291,4.505368286911332,-0.33000467099628406
1411.0497066340365,4.862163433201291,0.5573311190745777,4.512055965771064,-0.35010746743022647
1416.153002097706,4.889259480750722,0.5580336144173501,4.518636576266411,-0.37062290448431057
1421.2747544764434,4.916576794428586,0.5589780875045988,4.525110165927252,-0.39146662850133396
1426.4150305227422,4.94402759444027,0.5594960960378662,4.531476786160264,-0.412550808280006
1431.5738972305226,4.971526537569637,0.5594140976996271,4.53773649223671,-0.43379004533292687
1436.7514218359977,4.998996031256872,0.558807037703114,4.54388934327987,-0.4551066879770014
1441.9476718185497,5.026370659277152,0.5584246978690593,4.5499354022520775,-0.4764352570250745
1447.1627149016135,5.053600546474344,0.5581069485829464,4.555874735941437,-0.49772581053290743
1452.396619053557,5.080653599831162,0.557455186428175,4.56170741494817,-0.5189461848829922
1457.6494524885652,5.107516649683525,0.557478017956966,4.567433513670573,-0.5400831360129521
1462.9212836675324,5.13419557139399,0.5586592110945685,4.5730531102906635,-0.5611424611033264
1468.2121812989542,5.160714493412985,0.5594086289406713,4.5785662867594334,-0.5821482066535513
1473.5222143398178,5.183674056367417,0.5589514518945585,4.583973128781809,-0.5997009275856087
1478.851451996509,5.203863843781021,0.5588884479513838,4.589273725801204,-0.6145901179798168
1484.1999637257095,5.224056025743657,0.5590977077746655,4.594468170983779,-0.6295878547598779
1489.567819235299,5.24432491634437,0.5593872188837082,4.599556561202311,-0.6447683551420589
1494.9550884852715,5.264748568725338,0.5594596479124975,4.604538997019803,-0.6602095717055345
1500.3618416886422,5.285404246874599,0.5591838853284982,4.609415582672655,-0.6759886642019435
1505.78814931236,5.306363576736938,0.5594893411272268,4.6141864260536,-0.6921771506833387
1511.234082078233,5.327687557679592,0.5604572337119574,4.618851638694271,-0.7088359189853213
1516.699710963846,5.349421675099947,0.5609220206239912,4.62341133574742,-0.726010339352527
1522.1851072034829,5.371591407511627,0.561255169341906,4.627865635968858,-0.7437257715427688
1527.6903422890618,5.394198456458216,0.5623746200869313,4.632214661699068,-0.7619837947591481
1533.2154879710629,5.417218035923854,0.5620673044647322,4.6364585388444794,-0.7807594970793748
1538.76061625946,5.440597533558559,0.561383608460943,4.640597396858443,-0.8000001367001159
1544.3257994246676,5.464256795668443,0.5601709554055497,4.644631368721914,-0.8196254269465291
1549.911109998477,5.488090192947553,0.5594946792185557,4.6485605909238,-0.8395296020237524
1555.5166207750003,5.511970499775722,0.5593731072424323,4.652385203441031,-0.859585296334691
1561.1424048116237,5.535754476952281,0.559152101545246,4.656105349718322,-0.879649127233959
1566.7885354299592,5.559289899784428,0.558996495478411,4.659721176647647,-0.899568723136781
1572.4550862167937,5.5824236359008,0.559857411522876,4.663232834547382,-0.9191908013534178
1578.142131025057,5.605010265039627,0.5606854478837331,4.666640477141247,-0.9383697878983801
1583.8497439747807,5.626920659109142,0.5600890045723371,4.669944261536868,-0.9569763975722738
1589.5779994540594,5.642572029933621,0.5603958164888092,4.673144348204107,-0.9694276817295142
1595.326972120029,5.653083998381686,0.5608275918543285,4.676240900953124,-0.9768430974285627
1601.0967368998345,5.662702778189524,0.5613794210243033,4.679234086912134,-0.9834686912773902
1606.8873689916045,5.671429072007313,0.5617531326725663,4.682124076504904,-0.9893049955024091
1612.6989438654373,5.679302930633316,0.5618965865584657,4.684911043428001,-0.9943918872053148
1618.531537264381,5.686402005732689,0.5621317606052303,4.687595164627757,-0.9988068411049325
1624.3852252054185,5.692837655296625,0.5608606272045571,4.690176620276974,-1.002661035019651
1630.2600839804632,5.698749239587046,0.5600442020370346,4.692655593751405,-1.0060936458356409
1636.1561901573514,5.704297071202017,0.5588679722060155,4.695032271605932,-1.0092647995960853
1642.0736205808362,5.709654555116612,0.558443196137257,4.697306843550539,-1.0123477115660728
1648.0124523735958,5.715000067186262,0.5585996760553499,4.699479502426023,-1.015520564760239
1653.9727629372353,5.720509074254628,0.5598785114097898,4.701550444179485,-1.0189586300751428
1659.9546299532924,5.726346905928044,0.5625407855366871,4.703519867839534,-1.0228270380885105
1665.9581313842564,5.732662464191235,0.5634591348726172,4.705387975491316,-1.027274488699919
1671.98334547458,5.739583023355755,0.5634784428793639,4.707154972251301,-1.0324280511044543
1678.0303507516985,5.747210151758321,0.5634951020567961,4.708821066241798,-1.0383890855165232
1684.0992260270557,5.755616696962612,0.5647214961784399,4.710386468565336,-1.0452302283972763
1690.190050397132,5.764844730753034,0.565213586020933,4.711851393278747,-1.0529933374742875
1696.3029032444688,5.7749043518077015,0.5658378803558678,4.7132160573670845,-1.061688294440617
1702.4378642387117,5.785773285947848,0.5663880058395339,4.714480680717303,-1.0712926052305454
1708.5950133376443,5.797397290434344,0.5662812953298101,4.715645486091775,-1.0817518043425691
1714.7744307882276,5.806367938860347,0.5664459836529987,4.716710699101551,-1.0896572397587958
1720.976197127653,5.813310622290626,0.5662512729959559,4.717676548179496,-1.0956340741111292
1727.200393184387,5.820671874186241,0.5657856707231977,4.718543264553139,-1.1021286096331018
1733.4471000792223,5.828293188891943,0.5648686630397053,4.719311082217424,-1.1089821066745191
1739.7163992263438,5.8360017859760065,0.5637514436506493,4.719980237907244,-1.1160215480687627
1746.0083723343812,5.843617736823529,0.562844386549759,4.720550971069752,-1.1230667657537774
1752.323101407476,5.850961976975257,0.5623450997550226,4.721023523836585,-1.1299384531386716
1758.6606687463538,5.857864780200067,0.562524756609202,4.721398140995832,-1.1364666392042357
1765.0211569493945,5.864174145554793,0.5628507571547722,4.721675069963892,-1.1424990755909015
1771.404648913705,5.869763477635594,0.563377928416431,4.721854560757139,-1.147908916878455
1777.8112278362075,5.874537940557905,0.5628268912646317,4.7219368659634275,-1.152601074594477
1784.2409772147196,5.878438944129791,0.563495943880997,4.721922240713456,-1.1565167034163357
1790.6939808490383,5.881446370405933,0.5647020792817,4.721810942651993,-1.1596354277539396
1797.170322842041,5.883578351654785,0.5621708534523765,4.7216032319089205,-1.1619751197458648
1803.670087600776,5.884888639427964,0.5616700692120706,4.721299371070168,-1.1635892683577964
1810.1933598375615,5.885461827258707,0.5602061984183612,4.720899625148478,-1.164562202110229
1816.7402245710944,5.885406875906126,0.5617905776675753,4.720404261554076,-1.1650026143520495
1823.3107671275568,5.884849516812206,0.5613163522102625,4.719813550065182,-1.1650359667470243
1829.9050731417217,5.8839241638739646,0.5622414279768331,4.719127762798401,-1.1647964010755638
1836.52322855808,5.8827659454379715,0.5644881007266416,4.7183471741790095,-1.164418771258962
1843.165319631954,5.8815033887579595,0.5625902949264515,4.71747206091111,-1.1640313278468497
1849.83143293062,5.8785391766031445,0.5610067658993843,4.716502701947682,-1.1620364746554621
1856.5216553344408,5.87435940158907,0.5620587379044398,4.715439378460503,-1.1589200231285668
1863.236074038,5.8703655063419875,0.5618738361366331,4.714282373810008,-1.1560831325319798
1869.974776551228,5.866610897774047,0.562634650585292,4.7130319735150215,-1.1535789242590253
1876.7378507005544,5.86312512807278,0.5618852645065513,4.711688465222392,-1.1514366628503883
1883.5253846300477,5.85991454328291,0.562138269418524,4.710252138676534,-1.1496624046063761
1890.3374668025592,5.856964043783992,0.5631675241728996,4.708723285688944,-1.1482407580950484
1897.1741860008865,5.854239811938374,0.5657886308222861,4.707102200107511,-1.1471376118308632
1904.035631328923,5.851692873729305,0.5680811634057533,4.705389177785876,-1.1463036959434287
1910.9218922128189,5.849263368261382,0.5676777465064775,4.703584516552662,-1.1456788517087197
1917.833058402152,5.846885392422973,0.5686087589475036,4.701688516180614,-1.145196876242359
1924.7692199710937,5.84449226378137,0.5716271249813936,4.699701478355721,-1.1447907854256485
1931.7304673195813,5.842022004827151,0.5686228010221188,4.697623706646259,-1.1443982981808922
1938.7168911745005,5.839422802993642,0.5658944231091139,4.695455506471751,-1.1439672965218914
1945.7285825908675,5.836658152495225,0.5657836606801105,4.693197185071927,-1.143460967423298
1952.765632953009,5.833711348141186,0.5695100864617525,4.690849051475613,-1.142862296665573
1959.8281339757632,5.830588987748651,0.5709913478612662,4.688411416469538,-1.1421775712791131
1966.9161777056688,5.827323158686582,0.5680891307526937,4.6858845925671995,-1.1414385661193824
1974.029856522164,5.823972039994056,0.5669607903511594,4.683268893977575,-1.1407031460164818
1981.1692631387957,5.820618745156528,0.5669934904101124,4.680564636573905,-1.140054108582623
1988.334490604423,5.817368356413541,0.5660432898095831,4.677772137862384,-1.1395962185511577
1995.5256323044316,5.813285091375338,0.5647527954778979,4.674891716950883,-1.1383933744244548
2002.7427819619504,5.808746870605312,0.5648828745246357,4.671923694517608,-1.1368231760877032
2009.986033639077,5.8047049814818,0.5654277802263356,4.6688683927797605,-1.1358365887020394
2017.2554817380949,5.801293186204415,0.5638264830988481,4.6657261354622195,-1.1355670507421953
2024.5512210027125,5.7986338272097075,0.5654031679025174,4.662497247766174,-1.1361365794435336
2031.873346519296,5.796830821926295,0.5699255896616289,4.6591820563377855,-1.1376487655885095
2039.2219537181013,5.795963880006306,0.567745038951555,4.655780889236857,-1.140182990769449
2046.5971383745305,5.79608438258729,0.564463076475407,4.65229407590547,-1.1437903066818205
2053.9989966103703,5.797213186831816,0.5627720789270582,4.648721947136702,-1.1484912396951144
2061.427624895045,5.799340404334996,0.5616140357014698,4.645064835043302,-1.154275569291694
2068.883120046882,5.802426977399824,0.5624898025847406,4.641323073026403,-1.1611039043734213
2076.3655792343666,5.806407675091084,0.5624910178356181,4.63749699574429,-1.1689106793467934
2083.875099977405,5.811194983608045,0.5621692587059826,4.633586939081173,-1.1776080445268722
2091.4117801486072,5.81668329901271,0.5644670142321091,4.629593240115952,-1.1870900588967581
2098.9757179745543,5.822752859878843,0.564116450494531,4.625516237091132,-1.1972366227877114
2106.567012037075,5.829272982688076,0.5641286424134894,4.621356269381655,-1.207916713306421
2114.1857612745416,5.836104366570307,0.5658669032713499,4.617113677463867,-1.2189906891064402
2121.832064983152,5.843100483091436,0.5640949083666158,4.6127888028844914,-1.2303116802069445
2129.5060228182224,5.850108317127601,0.5639652115663494,4.608381988229663,-1.241726328897938
2137.2077347954923,5.856968928817279,0.5639577647396323,4.6038935770940554,-1.2530753517232238
2144.9373012924243,5.863518421841738,0.5655602163456591,4.59932391405,-1.2641945077917383
2152.694823049509,5.8688061106782,0.5688235545804471,4.594673344616757,-1.2741327660614434
2160.480401171587,5.87284990209324,0.571264399734376,4.5899422152297875,-1.2829076868634521
2168.2941371291595,5.8760881746904445,0.5740307889459969,4.585130873210129,-1.290957301480316
2176.13613275971,5.878372015055311,0.5736683730755641,4.580239666733865,-1.2981323483214462
2184.006490269037,5.879572368909749,0.5714886350443518,4.575268944801648,-1.3043034241081015
2191.905312232584,5.879588179992812,0.5712407912158067,4.57021905720832,-1.3093691227844921
2199.832701596772,5.8783539592871445,0.5712447407787042,4.565090354512628,-1.3132636047745168
2207.788761680347,5.875845760120716,0.5726070546032274,4.559883188007034,-1.3159625721136816
2215.7735961757267,5.872084622569825,0.5731743515701841,4.554597909687619,-1.3174867128822063
2223.787309150344,5.867136792897609,0.5743010605261363,4.549234872224087,-1.3179019206735223
2231.830005048014,5.86111038807808,0.5748732258776785,4.543794428929875,-1.317315959148205
2239.9017886902893,5.854148608028014,0.5731992482561008,4.538276933732387,-1.315871674295627
2248.0027652778235,5.846420033140982,0.5751429893738387,4.532682741143318,-1.313737291997664
2256.13304039175,5.838106915575294,0.5587211937481525,4.52701220622913,-1.3110947093461638
2264.292719995053,5.829392623784571,0.5582262664789893,4.5212656845815795,-1.3081269392029915
2272.481910433947,5.8204494952490595,0.5605805152849259,4.5154435322884705,-1.305005962960589
2280.7007184392683,5.811428281737792,0.5594698525571205,4.509546105904457,-1.3018821758333345
2288.949251127862,5.802450150335909,0.5585065552003408,4.5035737624219845,-1.298876387913925
2297.2276160039773,5.793601870129994,0.5600208794281766,4.497526859242405,-1.2960750108875887
2305.535920960672,5.784934421855979,0.5610960236060638,4.491405754147218,-1.2935286677087614
2313.874274281219,5.776464874862409,0.5601816047104998,4.485210805269423,-1.291254069592986
2322.2427846405103,5.767735713605605,0.5588176474699009,4.478942371065054,-1.2887933425405507
2330.641561106484,5.758818844877512,0.5574314852759465,4.472600810284842,-1.28621803459267
2339.070713141538,5.7500034191324385,0.5594603261720358,4.466186481946048,-1.2838169371863906
2347.530350603958,5.741233369263889,0.5611975150039676,4.4596997453044285,-1.2815336239594606
2356.020583749354,5.732453736066433,0.5610420625642865,4.453140959826399,-1.279312776240034
2364.541523232091,5.723617274697837,0.561491767189626,4.446510485161298,-1.277106789536539
2373.0932801067333,5.714689597359646,0.5606249804629623,4.439808681113884,-1.2748809162457624
2381.6759658294945,5.705652672186355,0.5614978345598478,4.433035907616967,-1.2726167645693884
2390.2896922596888,5.696506679412412,0.5673702152964257,4.426192524704204,-1.270314154708208
2398.934571661184,5.687270356604317,0.5665927523294971,4.419278892483104,-1.2679914641212129
2407.610716703872,5.677980038712777,0.5616184611582592,4.412295371108174,-1.265684667604603
2416.318240465136,5.668687620249696,0.5592660715869717,4.4052423207542635,-1.2634452994954328
2425.057256431316,5.659457650710658,0.5620077965931779,4.398120101590116,-1.261337549120542
2433.8278784992,5.65036374005623,0.5642497869050729,4.3909290737520665,-1.2594346663041636
2442.630220977502,5.641484417830952,0.5616829434038473,4.38366959731795,-1.2578148205130022
2451.464398588349,5.632898572676559,0.5606372696562354,4.376342032281211,-1.2565565403953478
2460.330526468781,5.624680606382558,0.5613555009506301,4.368946738525208,-1.2557338678573498
2469.2287201722543,5.616895467834793,0.5598717279664579,4.361484075797696,-1.2554113920370966
2478.1590956701366,5.609593779901385,0.5601372684684459,4.353954403685534,-1.2556393762158509
2487.1217693532303,5.602807323846093,0.5610946135924764,4.3463580815895995,-1.256449242256494
2496.116858033284,5.59654518646513,0.5644312433922591,4.338695468699884,-1.2578497177652466
2505.144478944512,5.584224914324079,0.5650322848676048,4.330966923970829,-1.2532579903532506
2514.204749745129,5.567403791662732,0.5667136214634118,4.323172806096844,-1.2442309855658884
2523.2977885188807,5.550976055378402,0.5682170525375477,4.315313473488095,-1.235662581890307
2532.423713776577,5.534845279050733,0.5643841271323193,4.307389284246419,-1.2274559948043144
2541.582644457648,5.518892734017558,0.564214471800553,4.299400596141565,-1.219492137875993
2550.774699931686,5.502982237634058,0.5630028724824097,4.291347766587564,-1.2116344710464935
2560.0,5.486966288903579,0.56373577547074,4.283231152619402,-1.2037351362841768
2569.258664897184,5.47069310623419,0.5633580041945205,4.275051110869855,-1.1956419953643351
2578.5508152926827,5.454014100617998,0.5620933991711542,4.266807997546597,-1.187206103071401
2587.876572292353,5.43679128155439,0.5619498163179122,4.258502168409518,-1.1782891131448716
2597.23605744006,5.418904105407357,0.5627451570403181,4.2501339787483,-1.1687701266590569
2606.62939271925,5.406032810857699,0.5641454537352187,4.241703783360181,-1.1643290274975175
2616.0567005545386,5.394743623922267,0.5655227932707373,4.2332119365280185,-1.1615316873942483
2625.5181038133155,5.382584826367653,0.5686602000954956,4.224658791998555,-1.1579260343690976
2635.01372580734,5.3695499378412865,0.566092884646117,4.216044702960915,-1.1535052348803712
2644.5436902943447,5.355664301767441,0.5651571549629206,4.207370022025396,-1.1482942797420455
2654.108121479657,5.340983292640654,0.5643553565085067,4.198635101202443,-1.1423481914382112
2663.707144017813,5.3255892460005505,0.5653522972330298,4.189840291881926,-1.1357489541186245
2673.34088301418,5.3095873774366895,0.5651098504065736,4.180985944812613,-1.1286014326240768
2683.00946402659,5.293100981743889,0.5636273746455872,4.172072410081958,-1.121028571661931
2692.7130130669816,5.2762662040545045,0.561811420107509,4.163100037096069,-1.1131661669584352
2702.451656603026,5.259226657550418,0.5613840233584896,4.154069174560011,-1.105157482990407
2712.225521559795,5.242128133749511,0.5624529169150997,4.144980170458254,-1.097147963291257
2722.034735321404,5.22511361708146,0.5630412896442943,4.135833372035528,-1.0892802450459325
2731.879425732669,5.2083187799373265,0.5653011684108098,4.126629125777776,-1.0816896541595504
2741.7597211007824,5.191868099565353,0.5684640094913823,4.1173677773935005,-1.0745003221718523
2751.6757501969832,5.17587170447194,0.568828612074983,4.108049671795266,-1.0678220326766743
2761.627642258227,5.160423023995721,0.5711619629311422,4.098675153081559,-1.0617478709141617
2771.6155269888795,5.145597279400115,0.5747727845157761,4.089244564518824,-1.0563527148812915
2781.639534562405,5.131450817347956,0.5705076897278176,4.079758248523808,-1.0516925688241479
2791.69979562306,5.117500850255016,0.5775817002112091,4.070216546646208,-1.0472843036088086
2801.796441287596,5.1028013333889115,0.5689230632323297,4.060619799551481,-1.0421815338374305
2811.929603146975,5.088773572021072,0.5772489646820738,4.05096834700402,-1.0378052250170517
2822.099413268073,5.075474719805891,0.5797180634326538,4.041262527850565,-1.0342121919553264
2832.306004195412,5.062881553926142,0.5767724485449613,4.0315026800038485,-1.0313788739222938
2842.5495089528868,5.050961136428787,0.5827727699897487,4.021689140426562,-1.0292719960022252
2852.8300610454844,5.039673240596498,0.573689083034241,4.011822245115571,-1.027850995480927
2863.147794461045,5.028972628075268,0.5702255708844469,4.001902329086396,-1.027070298988872
2873.5028436719954,5.018811059096675,0.5746708805946101,3.9919297263579745,-1.0268813327387
2883.8953436371,5.009138948786985,0.5721018379621754,3.9819047699376817,-1.0272341788493033
2894.325429803227,4.999906614731813,0.5711961822947638,3.9718277918066347,-1.0280788229251785
2904.793238107114,4.991065093778772,0.5651322866744327,3.9616991229052747,-1.0293659708734975
2915.2989049771304,4.9825665385158295,0.5645746118318143,3.9515190931192103,-1.0310474453966192
2925.842567335065,4.974364236334365,0.565081318953745,3.941288031265331,-1.033076205069034
2936.4243625979084,4.966412325066246,0.5670789767935651,3.9310062650782003,-1.0354060599880457
2947.0444286796355,4.958665306687092,0.5657854713181723,3.920674121196744,-1.0379911854903474
2957.702903993018,4.951077480102958,0.563633109533052,3.9102919251511583,-1.0407855549517997
2968.399927451419,4.943602420670851,0.5620047681016048,3.899860001350155,-1.0437424193206963
2979.135638470598,4.936192625015293,0.5621747346499656,3.889378673068414,-1.0468139519468789
2989.9101769705435,4.928769603840693,0.5626533801166053,3.8788482624343885,-1.0499213414063044
3000.7236833772845,4.91909950161341,0.5654768591626653,3.8682690904182966,-1.050830411195113
3011.57629862472,4.908477535985119,0.5717423189603708,3.8576414768204463,-1.0508360591646726
3022.468164156466,4.8977224956566126,0.5685340196935423,3.8469657402598276,-1.050756755396785
3033.399421927692,4.886785557016745,0.5663508670088502,3.8362421981629335,-1.0505433588538118
3044.3702144069657,4.875619678462076,0.5635950297023361,3.8254711667528998,-1.0501485117091764
3055.380684578124,4.864180062947888,0.563013093917736,3.8146529610389095,-1.0495271019089785
3066.4309759421253,4.852424204971724,0.5665757242073612,3.803787894805831,-1.048636310165893
3077.52123251892,4.840311440033094,0.5682035657570473,3.792876280604193,-1.0474351594289013
3088.651598849335,4.827802016581403,0.5628892880831614,3.781918429740328,-1.0458835868410752
3099.822219996954,4.814855828033249,0.5631554436954448,3.7709146522669066,-1.0439411757663422
3111.0332415500006,4.801431054497982,0.5671965501634664,3.759865256973642,-1.0415657975243402
3122.2848096232474,4.78748304752696,0.5695067017694291,3.748770551378306,-1.038712496148654
3133.5770708599184,4.772963827061316,0.5703872150821389,3.7376308417180013,-1.0353329853433149
3144.9101724335874,4.757822534300896,0.5703807999226558,3.7264464329407057,-1.0313761013601903
3156.284262050114,4.742007093265981,0.5711406155994966,3.715217628697064,-1.0267894645689166
3167.699487949561,4.725467183478804,0.5755924492125828,3.7039447313324647,-1.021522452146339
3179.155998908119,4.708158433122428,0.5772108941964146,3.692628041879358,-1.01553039124307
3190.653944240058,4.690047532189679,0.5793059397284852,3.681267860049841,-1.0087796721398377
3202.193473799669,4.671117769633968,0.589061973884828,3.6698644842285244,-1.0012532854054434
3213.774737983209,4.650564044015425,0.5955139155250517,3.658418211465614,-0.9921458325498111
3225.3978877308746,4.626704411377725,0.5950414499475863,3.646929337470281,-0.9797750739074438
3237.063074528762,4.602123183538538,0.5844036704712691,3.6353981566042783,-0.9667250269342595
3248.770450410837,4.576910522161766,0.5870859705663004,3.62382496187581,-0.953085560285956
3260.5201679609263,4.55118418524742,0.5919416640667959,3.612210044933664,-0.9389741403137561
3272.3123803147028,4.525084873829885,0.5968718117758839,3.600553696061569,-0.9245311777683156
3284.1472411616724,4.4987691616338115,0.5995981007126172,3.5888562041728287,-0.9099129574609828
3296.024904747192,4.472400539091124,0.6022837741832775,3.577117856805181,-0.8952826822859432
3307.9455258744706,4.446139358976756,0.6054972506386228,3.565338940115929,-0.8808004188608276
3319.909259906585,4.42013264302984,0.5978921074348506,3.5535197388772843,-0.8666129041525554
3331.9162627685128,4.394504769661417,0.5922574345867868,3.54166053647197,-0.8528442331894466
3343.96669094916,4.369350000135638,0.5875985163876157,3.529761614889064,-0.8395883852465742
3356.060701503397,4.34472761721517,0.5854433724448399,3.5178232547200894,-0.8269043624950809
3368.1984520541114,4.320660166523147,0.5837551729711752,3.505845735155308,-0.8148144313678394
3380.380100794264,4.297134939934756,0.5836832896699128,3.4938293339802797,-0.8033056059544759
3392.6058064889376,4.27410846635655,0.5833320099888236,3.4817743275726576,-0.7923341387838923
3404.8757284774238,4.251513425215437,0.5853259775008517,3.4696809908991604,-0.7818324343162768
3417.1900266752887,4.229267117482381,0.5880588008767244,3.4575495975128625,-0.7717175199695188
3429.5488615764552,4.2072804544875915,0.5855404157068598,3.4453804195506086,-0.7619000349369829
3441.952394255306,4.1854663795683855,0.5858394844040199,3.4331737277307424,-0.7522926518376432
3454.400786368774,4.1628863823364615,0.58197774788,3.4209297913509813,-0.7419565909854802
3466.894200158445,4.140057760167155,0.5835550515698256,3.4086488782865674,-0.7314088818805873
3479.432798452688,4.117209167665436,0.5804901064269684,3.3963312549886,-0.7208779126768361
3492.0167446687624,4.094304893054062,0.580913262608394,3.3839771864825927,-0.7103277065714693
3504.646202814952,4.071319352457845,0.5792355369126048,3.3715869363672466,-0.6997324160905984
3517.321337492708,4.04823133880193,0.5784669694813672,3.3591607668134245,-0.6890705719885055
3530.0423138987885,4.0250172485503555,0.5792367988906881,3.3466989385633346,-0.6783183099870209
3542.80929782741,4.001644380942382,0.5795588510843812,3.334201710929926,-0.6674426700124565
3555.622455672415,3.9780654285171906,0.57603150826334,3.321669341796457,-0.6563960867207337
3568.481954429439,3.95421515377879,0.5733294342921648,3.3091020876163055,-0.6451130661624846
3581.3879616980767,3.9300099856164348,0.5727821390472375,3.2965002034129487,-0.6335097822034861
3594.340645684082,3.905350899528358,0.5731777387667102,3.2838639427801253,-0.6214869567482326
3607.340175201552,3.8801295132205347,0.575748685310665,3.271193557882226,-0.6089359553383087
3620.386719675124,3.854236888297576,0.5777686186078966,3.25848929945482,-0.5957475888427561
3633.480449142189,3.82757413861834,0.5831870291777488,3.245751416805426,-0.5818227218129142
3646.621534255113,3.8000636607582763,0.5869146701110296,3.232980157814419,-0.5670835029438575
3659.8101462834434,3.771659664339051,0.5862611516706294,3.2201757689361203,-0.5514838954029306
3673.04645711616,3.7423567131163864,0.5801270893069229,3.207338495200114,-0.5350182179162726
3686.330639263908,3.7121951908772512,0.5764679825931424,3.194468580212657,-0.5177266106645941
3699.66286586124,3.6815203614000467,0.5752348481757273,3.1815662661583417,-0.499954095241705
3713.0433106688815,3.650864441733731,0.5734227329879715,3.1686317938018433,-0.48223264793188747
3726.472148076,3.6197518675791738,0.5715810763887755,3.1556654024899142,-0.46408646508925955
3739.949553102456,3.5883734084888097,0.5585478112268827,3.142667330153504,-0.44570607833530573
3753.475701401109,3.55694645864504,0.5622299176891474,3.1296378133100067,-0.42730864533503343
3767.0507692600954,3.525692216749553,0.5621470131008893,3.1165770870657052,-0.40911512968384756
3780.6749336051184,3.4948226726177616,0.5601051364590727,3.103485385118396,-0.3913372874993657
3794.348372001773,3.4645288732457047,0.560713252550334,3.0903629397600607,-0.374165933485644
3808.071262657846,3.434971399546235,0.5630418900382537,3.0772099818798075,-0.35776141766642766
3821.8437844256378,3.4062736731952086,0.5666286534995287,3.0640267409668844,-0.34224693222832414
3835.666116804304,3.378518366039158,0.5627295107314129,3.050813445113816,-0.327704920925342
3849.5384399421873,3.351746852750706,0.5599286407389945,3.0375703210197704,-0.3141765317309355
3863.4609346391626,3.325961372376394,0.5606056801272113,3.024297593993963,-0.30166377838243097
3877.433782349001,3.301129373129436,0.5585472173991054,3.0109954879592316,-0.29013388517020466
3891.457165181735,3.2771894163123925,0.5579554146464405,2.997664225455753,-0.2795251908566394
3905.531265906018,3.254058003694251,0.5581152189499025,2.9843040276448827,-0.2697539760493681
3919.6562679515264,3.2316367480093415,0.5575307604311901,2.970915114313078,-0.26072163369626367
3933.8323554113376,3.2098194033020473,0.5568498426220428,2.957497703876001,-0.2523216994260462
3948.059713044328,3.1884983826693016,0.5570435682709433,2.944052013382689,-0.24444636928661279
3962.338526277591,3.1676505636434147,0.5581919060903457,2.9305782585198585,-0.23707230512355615
3976.668981208846,3.1488711404439336,0.5576256950025131,2.9170766536163457,-0.23179448682758785
3991.051264608863,3.1309316573800814,0.5568732118084233,2.903547411647585,-0.22738424573249638
4005.485563923901,3.113144107493074,0.5568809228567477,2.8899907442402704,-0.22315336325280377
4019.972067278154,3.0954589795080754,0.5575700516545747,2.876406861677059,-0.21905211783101652
4034.510963476189,3.07784304230152,0.5592803596168237,2.862795972901413,-0.2150470694001072
4049.102442005425,3.060277866601936,0.5604980635389851,2.849158285522523,-0.2111195810794131
4063.746693038592,3.0427571043733117,0.5609758599476544,2.835494005820296,-0.20726309855301572
4078.443907436203,3.0252827026238798,0.5620025368869459,2.821803338750507,-0.20347936387337295
4093.194276749061,3.007860341368037,0.563836894102875,2.8080864879499376,-0.19977385341809928
4107.997993220741,2.9904944974000554,0.566581135117262,2.7943436557416694,-0.19615084165838592
4122.855249790091,2.9731836258026547,0.568973099767028,2.780575043140468,-0.19260858266218683
4137.766240093764,2.955915997922631,0.5688448279621425,2.766780849858158,-0.18913514806447296
4152.731158468733,2.938666720253332,0.5684213010411053,2.7529612743091807,-0.1857054459441514
4167.75019995481,2.921396373014643,0.5707515220325552,2.7391165136161577,-0.18227985939848512
4182.823560297215,2.9040515523086405,0.5735485422950485,2.7252467636155018,-0.17880478869313876
4197.951435949109,2.8865673892499313,0.576134726244553,2.711352218863201,-0.17521517038673018
4213.13402407415,2.868871879011607,0.5751854693888728,2.697433072640546,-0.1714388063710608
4228.371522549083,2.8508916146774954,0.5756829451405585,2.683489516959976,-0.16740209771751946
4243.664129966304,2.832558319840162,0.580683970774945,2.669521742570984,-0.1630365772691782
4259.012045636445,2.814968250112333,0.5788215758872394,2.655529938966067,-0.15943831114626583
4274.415469590985,2.7997079632155923,0.574256603607844,2.6415142943867362,-0.1581936688288561
4289.874602584849,2.7839822009315487,0.5696498815075871,2.6274749958295507,-0.156507205101998
4305.389646099018,2.7677984733381678,0.5667626925607697,2.6134122290522415,-0.1543862442859263
4320.960802343174,2.7511888015671833,0.567240605863772,2.5993261785798367,-0.15186262298734654
4336.588274258319,2.734207364362941,0.5677103374512122,2.5852170277108684,-0.14899033665207284
4352.27226551942,2.716925929784132,0.5687540676250116,2.5710849585235884,-0.14584097126054374
4368.012980538074,2.699427522328321,0.5676512592794931,2.556930151882236,-0.14249737044608501
4383.810624465168,2.681798957876266,0.5649016812531733,2.5427527874433284,-0.13904617043293754
4399.665403193543,2.6641229784618563,0.5658310123309929,2.528553043662013,-0.13556993479984314
4415.577523360694,2.6464707295054524,0.5684931039993765,2.514331097798401,-0.13213963170705156
4431.547192351453,2.628895248794878,0.5692435461547812,2.500087125923967,-0.12880812287091103
4447.574618300688,2.611426496463288,0.572240558721395,2.4858213029279668,-0.1256051935353213
4463.660010096028,2.5940682722681387,0.576206212102284,2.4715338025238696,-0.12253446974426918
4479.803577380579,2.576797167499711,0.5782314890708907,2.4572247972557966,-0.11957237024391443
4496.005530555647,2.5595635087696884,0.5760867027575934,2.4428944585050267,-0.11666905026466168
4512.2660807835,2.542294090101416,0.5780888950031744,2.428542956496476,-0.11375113360494016
4528.585439990106,2.524896372376668,0.5785113321050518,2.414170460305172,-0.11072591207149607
4544.963820867894,2.5072637619430527,0.5754129483235867,2.3997771378628174,-0.10748662408023524
4561.4014368785365,2.4892815623324758,0.5714633844222974,2.3853631559642796,-0.10391840636819616
4577.898502255724,2.475138293196853,0.5702889929626317,2.3709286802741447,-0.10420961292270814
4594.455232007955,2.461454172304137,0.5687450769156359,2.356473875333254,-0.10498029697088285
4611.0718419213445,2.447089715090737,0.5691232466918511,2.3419989045652407,-0.10509081052549618
4627.748548562438,2.4319585641467203,0.574115870006859,2.3275039302830915,-0.10445463386362874
4644.485569281021,2.4159946802310586,0.5780516423648723,2.312989113695693,-0.10300556653536574
4661.283122212967,2.399156217400522,0.5800133501037109,2.298454614914352,-0.10070160248617022
4678.141426283076,2.3814284330914663,0.5799600342294394,2.2839005929593803,-0.09752784013208604
4695.060701207916,2.362825484635181,0.5756256642730034,2.2693272057666096,-0.0934982788685712
4712.041167498708,2.3433909570522466,0.5729103009544311,2.254734610193932,-0.0886563468583148
4729.083046464182,2.323196975110072,0.5729950389314964,2.240122962027824,-0.08307401308224804
4746.186560213467,2.302341787679495,0.5745780750631725,2.2254924159898763,-0.0768493716896188
4763.351931658989,2.2809457819209253,0.575662207520725,2.2108431257432866,-0.07010265617763878
4780.5793845193775,2.2591459895776946,0.5717086996265779,2.196175243899365,-0.06297074567832972
4797.869143322368,2.2370892799942332,0.570326843688229,2.1814889220240232,-0.05560035797021001
4815.221433407744,2.214924578979792,0.5726105306445141,2.16678431064423,-0.04814026833556184
4832.636480930271,2.19279458766259,0.5705706152867408,2.15206155925447,-0.040733028408119765
4850.114512862632,2.1708275779550235,0.5701251779662264,2.1373208163232036,-0.03350676163181987
4867.6557569984,2.1491298902694,0.5705869045620549,2.122562229299259,-0.02656766097014085
4885.260441955004,2.127779741305808,0.5727234360191599,2.1077859446182377,-0.01999379668757051
4902.928797176697,2.108303327440188,0.5771729807261888,2.0929921077089357,-0.015311219731252379
4920.661052937562,2.092401132685147,0.58115257062587,2.0781808629996537,-0.014220269685493392
4938.4574403445085,2.076879950699114,0.5876722868537196,2.063352353924577,-0.013527596774537187
4956.318191340273,2.0616845907301133,0.581957619549935,2.048506722930073,-0.013177867800040488
4974.243538706461,2.046732717828668,0.5801935216362877,2.033644111481017,-0.013088606347650966
4992.233716066568,2.031921296471719,0.5777316068848826,2.018764660067035,-0.013156636404684008
5010.2889578890245,2.0171342614067918,0.5700260663135448,2.0038685082087895,-0.013265753198002272
5028.409499490259,2.0022508374153105,0.5682249662242875,1.9889557944641698,-0.013295042951140701
5046.595577037761,1.987153912262448,0.5653119614474511,1.9740266564345212,-0.013127255827926732
5064.847427553154,1.9717378914534862,0.5633272624868143,1.959081230770808,-0.012656660682678122
5083.165288915296,1.955915519026341,0.5641464283504327,1.94411965317979,-0.011795865846551123
5101.549399863372,1.9396232248988223,0.5656551888825321,1.929142058430097,-0.010481166468725434
5120.0,1.9228246504149809,0.5671205019736918,1.9141485803583898,-0.0086760700565911
5138.517329794372,1.9055121072954044,0.5662647705308257,1.8991393518753892,-0.0063727554200152525
5157.101630585362,1.887705842840953,0.5671764835673617,1.8841145049719508,-0.0035913378690022313
5175.753144584706,1.8694511184013987,0.5674028000375583,1.869074170725046,-0.0003769476763526569
5194.472114880123,1.8508132587072943,0.5696223357371032,1.8540184793038144,0.003205220596520064
5213.2587854384965,1.8318709909769222,0.5714102997010829,1.838947559975482,0.007076568998559907
5232.113401109077,1.8127085528707951,0.5690410769947724,1.8238615411113113,0.011152988240516137
5251.036207626635,1.793549822232233,0.5699231332314051,1.80876055019254,0.015210727960306869
5270.027451614677,1.7767466031704497,0.5737835148551284,1.793644713816251,0.016898110645801268
5289.0873805886895,1.7606193311213332,0.5744211838013307,1.778514157701224,0.017894826579890832
5308.216242959316,1.7444999687698477,0.570341498748414,1.7633690066937895,0.01886903792394179
5327.414288035624,1.728385895184413,0.5727614589054258,1.7482093847736468,0.019823489589233745
5346.681766028359,1.7122445990531574,0.5762595804730088,1.7330354150596214,0.02079081600646404
5366.018928053183,1.6960151844849989,0.5814376826598997,1.717847219815468,0.02183203533046907
5385.42602613396,1.6796124941808337,0.5832239581750489,1.7026449204555671,0.023032426274733453
5404.903313206052,1.6629334835086027,0.5756693513773766,1.6874286375506777,0.02449515404207503
5424.451043119594,1.645865257253595,0.5761539144359955,1.6721984908335976,0.026333233580002613
5444.069470642804,1.6282940179326335,0.5756608582840115,1.6569545992048784,0.02866058127224491
5463.758851465337,1.6101140881680163,0.5748646451614187,1.6416970807384121,0.031582992570395874
5483.519442201568,1.5912361682464518,0.5755055066898338,1.626426052687119,0.035189884440667285
5503.351500393964,1.5715940732959552,0.5725211431161169,1.6111416314885396,0.039547558192584376
5523.255284516454,1.5511493531785057,0.5682427482343141,1.5958439327703964,0.044694579591890715
5543.231053977762,1.5298934158058302,0.5649993768205247,1.580533071356209,0.05063965555037875
5563.279069124808,1.5078470287547852,0.5670033248629163,1.565209161270845,0.057362132516059816
5583.39959124612,1.4850573401841416,0.565783332139206,1.5498723157460148,0.06481497556187321
5603.592882575194,1.4615928123402728,0.5653099778693573,1.5345226472258542,0.07292983488558136
5623.859206293946,1.4375366750505911,0.565106480788413,1.519160267372417,0.08162359232182581
5644.198826536145,1.4136231231140055,0.5656822669730084,1.5037852870711497,0.09016216395714416
5664.612008390828,1.3905297759002124,0.567733294851376,1.4883978164364127,0.09786804053620024
5685.09901790577,1.3671118879631425,0.5700405495652889,1.4729979648169493,0.1058860768538068
5705.660122090969,1.3434443244599592,0.5705312753488114,1.4575858408013342,0.11414151634137504
5726.295588922094,1.3195892163934086,0.5744356460491592,1.4421615522234585,0.1225723358300499
5747.005687343988,1.295596053213293,0.5761501172731536,1.4267252061679834,0.1311291529546903
5767.790687274199,1.2715041805355831,0.5763658411902765,1.4112769089757595,0.1397727284401764
5788.650859606458,1.2473473649887907,0.5791563836809713,1.3958167662493182,0.14846940126052743
5809.5864762142255,1.22315983405554,0.5767181963491368,1.380344882858278,0.15718504880273798
5830.597809954261,1.1989830237953996,0.5745867980580995,1.3648613629448008,0.1658783391494012
5851.685134670133,1.1748721944320177,0.5726008035337592,1.3493663099290512,0.17449411549703342
5872.848725195813,1.1509021089750089,0.5720178294737767,1.3338598265146135,0.18295771753960466
5894.088857359271,1.1271711033575755,0.5681869589671379,1.318342014693954,0.19117091133637842
5915.40580798604,1.1038030818163058,0.5629470229070334,1.302812975753886,0.19900989393758017
5936.799854902834,1.0809472157374316,0.5605424352318938,1.2872728102810314,0.20632559454359978
5958.271276941196,1.0587753699666091,0.5617160897119774,1.2717216181672661,0.212946248200657
5979.820353941091,1.0374774950399939,0.5650256616361833,1.2561594986152382,0.21868200357524437
6001.447366754564,1.0172553830785986,0.5684130414268471,1.2405865501438509,0.22333116706525225
6023.15259724944,0.9983152779075208,0.5696184267992285,1.2250028705937304,0.22668759268620953
6044.936328312935,0.9808598602011624,0.5704726154495913,1.2094085571328215,0.22854869693165902
6066.79884385538,0.9658035010323669,0.5736032768770108,1.193803706261873,0.22800020522950604
6088.740428813931,0.9527159554798672,0.5769225191081515,1.1781884138200063,0.22547245834013907
6110.761369156251,0.9416204234448671,0.5764136847259234,1.1625627749903114,0.22094235154544428
6132.861951884247,0.9326291559144462,0.573266737054164,1.146926884305449,0.2142977283910028
6155.04246503784,0.9258170778786017,0.5762946123937983,1.1312808356532553,0.20546375777465364
6177.303197698674,0.9212186357868575,0.5758761082345103,1.1156247222824174,0.1944060864955599
6199.644439993904,0.9188263492244619,0.5779784075447604,1.099958636808159,0.18113228758369715
6222.066483100001,0.9185911461124014,0.5810863503414534,1.084282671217922,0.16569152510552065
6244.569619246499,0.9204244669588562,0.5769069747845482,1.0685969168771443,0.14817244991828815
6267.154141719831,0.9242020135917954,0.5750962331328846,1.0529014645350276,0.1286994509432322
6289.820344867175,0.9297688983542383,0.5731499585164158,1.0371964043303272,0.10742750597608897
6312.568524100233,0.9369458345928532,0.5671077372557954,1.0214818257972418,0.0845359912043886
6335.398975899119,0.9455359142716748,0.5652715856417455,1.0057578178712738,0.060221903599599
6358.311997816238,0.9553314620672815,0.5684245612757649,0.9900244688951645,0.03469300682788301
6381.30788848012,0.966120451559993,0.5690003538484876,0.9742818666248869,0.008161415064893873
6404.386947599334,0.9776920263807085,0.5687488439642909,0.9585300982356415,-0.01916192814506701
6427.549475966418,0.9898407856771403,0.5716677298836511,0.9427692503279292,-0.04707153534921105
6450.795775461753,1.002369655841811,0.5729780165794693,0.9269994089336855,-0.07537024690812544
6474.12614905752,1.0150913564418431,0.5750705657340744,0.9112206595224208,-0.1038706969194223
6497.540900821674,1.027907655794083,0.577514848190375,0.8954330870074418,-0.1324745687866411
6521.040335921857,1.0407070716084288,0.5777504202954452,0.879636775752143,-0.16107029585628574
6544.624760629402,1.0531947437332505,0.5792746682726881,0.8638318095763218,-0.18936293415692873
6568.294482323345,1.06521841014062,0.5799395621086982,0.8480182717625571,-0.21720013837806285
6592.049809494387,1.0766323926435692,0.5775116715697065,0.8321962450626703,-0.24443614758089893
6615.891051748937,1.0872976747383198,0.5755852225183059,0.8163658117042427,-0.2709318630340771
6639.81851981317,1.0970828895498652,0.5749036354005198,0.8005270533971487,-0.2965558361527165
6663.832525537028,1.1058662200275862,0.5721059289154276,0.7846800513402492,-0.32118616868733696
6687.933381898316,1.1135380394431014,0.5687143980341315,0.7688248862280478,-0.3447131532150536
6712.121403006794,1.1200039658942114,0.5683123108917727,0.7529616382574851,-0.3670423276367263
6736.396904108227,1.125187891300003,0.557346133167675,0.7370903871347849,-0.38809750416521815
6760.760201588523,1.1290344912588548,0.5613125274388688,0.7212112120823768,-0.407823279176478
6785.211612977875,1.1315107387112882,0.5643624362264159,0.7053241918458557,-0.42618654686543245
6809.751456954851,1.1326060332262795,0.5623705433815196,0.6894294047010856,-0.4431766285251939
6834.380053350574,1.1323307117735375,0.5618011719771793,0.6735269284613317,-0.45880378331220584
6859.097723152911,1.1307129073585465,0.5631721737611994,0.6576168404844651,-0.47309606687408134
6883.9047885106165,1.1277939432391015,0.5606826836315368,0.6416992176802943,-0.4860947255588073
6908.801572737543,1.1236226623181,0.5620218906468802,0.6257741365179292,-0.4978485258001708
6933.78840031689,1.118249263804481,0.5631579600276195,0.609841673033257,-0.508407590771224
6958.865596905379,1.1117150074357216,0.5635684429352992,0.5939019028365031,-0.5178131045992185
6984.03348933752,1.103981409270542,0.5737745482400842,0.5779549011198757,-0.5260265081506663
7009.292405629903,1.0951336596345023,0.5722769416232748,0.5620007426652638,-0.5331329169692385
7034.642674985418,1.0851956646568048,0.5643605848432108,0.5460395018521016,-0.5391561628047032
7060.0846277975725,1.074161144846986,0.5631435288512144,0.53007125266525,-0.5440898921817361
7085.61859565482,1.0620127027618196,0.5614348823522456,0.5140960687029938,-0.5479166340588257
7111.244911344835,1.0487267394796866,0.5640526657044219,0.49811402318515796,-0.5506127162945287
7136.963908858874,1.0342797722715424,0.56716725575707,0.48212518896129986,-0.5521545833102426
7162.775923396153,1.0186554270503905,0.561176946370963,0.4661296385189537,-0.5525257885314367
7188.681291368167,1.0018512953698977,0.5670596060467978,0.4501274439920735,-0.5517238513778242
7214.6803504031,0.9838848694018676,0.569605637576626,0.4341186771694847,-0.5497661922323829
7240.773439350247,0.9647978932197354,0.5646695382862978,0.41810340950345193,-0.5466944837162835
7266.960898284383,0.9446586751701282,0.5641764574632917,0.40208171211838817,-0.5425769630517401
7293.243068510221,0.9235621620125087,0.564152088620456,0.38605365581963014,-0.5375085061928786
7319.620292566887,0.9016278424397051,0.5641305599160441,0.37001931110232356,-0.5316085313373815
7346.092914232324,0.8789957883470336,0.5636094037969863,0.35397874816040265,-0.525017040186631
7372.661278527811,0.855821322766392,0.561556387734145,0.33793203689571705,-0.517889285870675
7399.325731722479,0.8322689036790933,0.5740794344161985,0.32187924692717296,-0.5103896567519204
7426.08662133777,0.8085058262953257,0.5812910474755422,0.30582044760011406,-0.5026853786952117
7452.944296151996,0.7846962811439724,0.5641609792212899,0.2897557079956634,-0.49494057314830897
7479.899106204913,0.7609149714515642,0.5701067548535665,0.27368509694029086,-0.4872298745112733
7506.951402802222,0.7372630748729154,0.5815927102342667,0.25760868301541784,-0.4796543918574976
7534.101538520184,0.7139917574301311,0.5687763133117469,0.24152653456716777,-0.47246522286296333
7561.349867210237,0.6912122007576986,0.5672203161259343,0.22543871971618223,-0.4657734810415164
7588.69674400355,0.6690168815472664,0.5660428041793218,0.20934530636762005,-0.4596715751796463
7616.142525315687,0.6474798441376706,0.5618788439423286,0.1932463622211973,-0.4542334819164733
7643.6875688512755,0.6266571016656659,0.5621127513234645,0.17714195478134442,-0.4495151468843215
7671.332233608613,0.6065874141574135,0.5640032956947164,0.16103215136753946,-0.445555262789874
7699.07687988437,0.5872932956681005,0.5719231556056371,0.1449170191246676,-0.4423762765434329
7726.921869278325,0.5687821527115027,0.567119519981987,0.12879662503354083,-0.43998552767796184
7754.867564698006,0.5510475026348356,0.564180027213802,0.11267103592152061,-0.438376466713315
7782.914330363465,0.5340702550773511,0.5644702151667068,0.09654031847325761,-0.43752993660409345
7811.062531812036,0.5178200579844319,0.5593573320925147,0.08040453924150093,-0.43741551874293094
7839.312535903056,0.5022567105408822,0.5622757792233596,0.0642637646581008,-0.43799294588278137
7867.664710822672,0.48733163197633367,0.5631894343971865,0.048118061045045124,-0.43921357093128854
7896.119426088657,0.47298935141741616,0.5678656835208329,0.031967494625636306,-0.44102185679177985
7924.677052555187,0.4591689561129364,0.5638998589880495,0.015812131535788865,-0.44335682457714753
7953.337962417689,0.44580540965668547,0.5676118965591608,-0.00034796216455568185,-0.44615337182124115
7982.102529217725,0.4328306347167761,0.5720820872049164,-0.016512720479965992,-0.44934335519674207
8010.971127847806,0.42016400504604157,0.5646438339617871,-0.032682077467859116,-0.4528460825139007
8039.944134556303,0.4075819896443562,0.5624689273166434,-0.048855967226757,-0.4564379568711132
8069.021926952379,0.39514234895002787,0.5628120734180303,-0.06503432388451102,-0.4601766728345389
8098.204884010855,0.3827967074945331,0.5672044655411556,-0.08121708158628493,-0.46401378908081803
8127.493386077178,0.3704636488247157,0.5642155365961512,-0.09740417448254313,-0.46786782330725885
8156.887814872406,0.35805642735278376,0.5664054649199226,-0.11359553671685418,-0.47165196406963794
8186.388553498127,0.34548159499495235,0.571626476109074,-0.12979110241365,-0.47527269740860234
8215.995986441476,0.3326379136592408,0.5626938449164315,-0.14599080566581435,-0.47862871932505513
8245.710499580182,0.31941588531816123,0.5688718789421019,-0.16219458052224844,-0.4816104658404097
8275.532480187534,0.30569821516126083,0.5676274049951093,-0.17840236097523032,-0.48410057613649116
8305.46231693746,0.2913614549712147,0.5631546276304963,-0.19461408094774058,-0.48597553591895526
8335.50039990962,0.2762789560541794,0.5656186741514976,-0.21082967428070454,-0.48710863033488394
8365.647120594434,0.26032510466935577,0.5629099946163144,-0.2270490747200551,-0.48737417938941086
8395.902871898212,0.24338063802280274,0.5610473095366616,-0.2432722159037386,-0.48665285392654134
8426.2680481483,0.22533866851359363,0.5625699765595561,-0.2594990313486605,-0.4848376998622541
8456.743045098172,0.20611090652620767,0.5694007911891538,-0.2757294544374478,-0.48184036096365546
8487.328259932603,0.1856334888746609,0.5691479339810469,-0.29196341840518336,-0.4775969072798443
8518.02409127289,0.1638718080837318,0.5678306101626912,-0.3082008563260352,-0.47207266440976703
8548.830939181973,0.14082380286587792,0.5666348638874724,-0.3244417010997349,-0.46526550396561284
8579.74920516969,0.11652130656921145,0.5656277133355827,-0.340685885438047,-0.45720719200725846
8610.779292198036,0.09096497308447304,0.5687190155717873,-0.3569333418511107,-0.44789831493558374
8641.921604686355,0.0642249408668416,0.5698943357936755,-0.3731840026336375,-0.4374089435004791
8673.176548516634,0.03651077024986371,0.5775013344476171,-0.3894377998511409,-0.4259485701010046
8704.54453103884,0.007961800818559794,0.5776189399195031,-0.4056946653259743,-0.4136564661445341
8736.025961076153,-0.021270852171589638,0.581266471621305,-0.42195453062332433,-0.4006836784517347
8767.621248930333,-0.05103172209316398,0.5805755274396331,-0.43821732703711547,-0.3871856049439515
8799.330806387086,-0.08116797078818294,0.5792195726090225,-0.45448298557587385,-0.3733150147876909
8831.155046721393,-0.11153532407416122,0.5773709826767387,-0.47075143694842403,-0.3592161128742628
8863.094384702901,-0.1420024905618984,0.5834097032267154,-0.4870226115495946,-0.3450201209876962
8895.149236601375,-0.17245376256322054,0.5830514685207491,-0.503296439445819,-0.3308426768825985
8927.32002019206,-0.2027896923765784,0.5788472753762687,-0.5195728503606389,-0.31678315798406054
8959.60715476115,-0.23292593579355803,0.5770990986364829,-0.5358517736601733,-0.3029258378666153
8992.011061111294,-0.2627905377904174,0.5774159232670921,-0.55213313833851,-0.2893426005480926
9024.532161567004,-0.2923200874071359,0.5793342817541699,-0.5684168730029917,-0.2760967855958558
9057.170879980207,-0.32145527670268237,0.5751573842950494,-0.5847029058595243,-0.26324762915684197
9089.927641735789,-0.3501364518479022,0.5792450715240793,-0.6009911646977173,-0.2508547128498151
9122.802873757078,-0.37829973807289186,0.580337036366018,-0.6172815768760529,-0.23898183880316104
9155.797004511443,-0.40587425263490573,0.5773968315036231,-0.6335740693069347,-0.227699816672029
9188.91046401591,-0.43278079867878994,0.5768295508572185,-0.6498685684417538,-0.21708776976296384
9222.143683842694,-0.4589355395694614,0.5785717160282745,-0.6661650002557966,-0.2072294606863352
9255.49709712487,-0.4843311293655752,0.5776136798680068,-0.6824632902332031,-0.19813216086762786
9288.97113856204,-0.508794195609811,0.5800312485257593,-0.6987633633518566,-0.18996916774204564
9322.56624442594,-0.5322225506419969,0.581875133183056,-0.7150651440681486,-0.18284259342615172
9356.282852566146,-0.5545330911832824,0.585727133116446,-0.7313685563018275,-0.1768354651185451
9390.121402415833,-0.5756575105783561,0.5863288247532552,-0.7476735234207155,-0.17201601284235934
9424.082334997422,-0.595547940864801,0.5853961419911061,-0.7639799682254083,-0.16843202736060725
9458.16609292836,-0.6141816784139795,0.5796512069920834,-0.7802878129339739,-0.16610613451999434
9492.373120426932,-0.6315645566584305,0.5848759448250659,-0.7965969791665835,-0.16503242250815298
9526.703863317984,-0.6477326909993799,0.5771806720031271,-0.8129073879301405,-0.1651746969307606
9561.15876903875,-0.6627525105335863,0.579207755861517,-0.8292189596028319,-0.16646644906924557
9595.738286644735,-0.6767191812908067,0.5791448805114877,-0.8455316139187534,-0.16881243262794676
9630.442866815494,-0.6897536875818382,0.5761162846121847,-0.861845269952406,-0.17209158237056776
9665.272961860535,-0.7019989498610588,0.5725390108653259,-0.8781598461032551,-0.17616089624219633
9700.229025725264,-0.7136154054139681,0.5803301260025487,-0.8944752600802541,-0.18085985466628607
9735.311513996809,-0.7247764597065416,0.5729603615548772,-0.9107914288863093,-0.18601496917976768
9770.520883910003,-0.7356641394536858,0.5812165493681806,-0.9271082688028169,-0.19144412934913113
9805.857594353394,-0.7464651601834635,0.5808303960016016,-0.9434256953741738,-0.19696053519071022
9841.322105875131,-0.7573674851081496,0.5805944709430987,-0.9597436233921943,-0.20237613828404477
9876.914880689012,-0.7685573245000583,0.578200635554867,-0.9760619668806729,-0.2075046423806146
9912.636382680546,-0.7802389937794825,0.5750527598514205,-0.9923806390798724,-0.21214164530038992
9948.487077412929,-0.7925928790091294,0.5730998550951273,-1.0086995524309916,-0.21610667342186218
9984.467432133131,-0.8057556221706363,0.5766542998069344,-1.025018618560713,-0.21926299639007674
10020.577915778047,-0.8198794446301427,0.5793866704410057,-1.0413377482657413,-0.2214583036355986
10056.818998980523,-0.8351006924291084,0.5816526764374971,-1.0576568514973186,-0.22255615906821014
10093.191154075515,-0.8515364599315216,0.581398646557747,-1.073975837345813,-0.22243937741429143
10129.694855106309,-0.8692811942640422,0.5796313754832919,-1.0902946140253142,-0.2210134197612721
10166.330577830597,-0.888403529388814,0.5792338590785016,-1.1066130888582393,-0.21820955946942533
10203.098799726738,-0.9089436315772801,0.5806496272972209,-1.1229311682599814,-0.21398753668270132
10240.0,-0.9309113223126015,0.5776199555226921,-1.1392487577236086,-0.20833743541100702
10277.034659588744,-0.9542851819098175,0.572466776548374,-1.1555657618045636,-0.20128057989474613
10314.203261170724,-0.9790127409668141,0.5696063432307459,-1.1718820841054338,-0.1928693431386197
10351.506289169412,-1.0050117542763282,0.5677287208399502,-1.1881976272607524,-0.18318587298442424
10388.944229760244,-1.0321724437402242,0.5653368135471052,-1.204512292921848,-0.1723398491816237
10426.517570876991,-1.060360510674423,0.5682951061910635,-1.2208259817417328,-0.1604654710673099
10464.226802218154,-1.0894206654069407,0.5732740100290828,-1.2371385933600827,-0.14771792795314198
10502.07241525327,-1.119180407126855,0.5759114481072276,-1.2534500263882187,-0.13426961926136372
10540.054903229357,-1.14945380589886,0.574645309284111,-1.2697601783941739,-0.12030637249531395
10578.17476117738,-1.180045081945721,0.5731296656808369,-1.286068945887875,-0.1060238639421538
10616.432485918633,-1.2107534180598396,0.573274491759477,-1.3023762243062738,-0.09162280624643415
10654.828576071248,-1.2413844330049741,0.5698434756941386,-1.3186819079986591,-0.077297474993685
10693.363532056715,-1.271719254910204,0.5727686035397868,-1.3349858902120086,-0.06326663530180454
10732.037856106366,-1.3015480748780597,0.5788276689124568,-1.3512880630763675,-0.04973998819830783
10770.85205226792,-1.3306651505414457,0.5856605333084139,-1.3675883175903856,-0.03692316704893983
10809.806626412104,-1.3588675807071517,0.589399040420803,-1.383886543606895,-0.025018962899743258
10848.902086239188,-1.3859562794650007,0.5900310913517138,-1.4001826298185698,-0.014226350353569117
10888.138941285608,-1.4117370366544808,0.5893965990353947,-1.4164764637436775,-0.004739427089196724
10927.517702930674,-1.436021954040216,0.5879423015944407,-1.4327679317119753,0.00325402232824068
10967.038884403137,-1.4586315911959016,0.5929566092131264,-1.4490569188506282,0.009574672345273427
11006.703000787928,-1.4793981648076446,0.5977971338111238,-1.4653433090702404,0.014054855737404282
11046.510569032907,-1.4981701016925104,0.5966789128783434,-1.481626985051081,0.01654311664142938
11086.462107955524,-1.514818136529204,0.5868832228477229,-1.4979078282292715,0.016910308299932453
11126.558138249617,-1.5292429657283293,0.5893487203702633,-1.5141857187831835,0.015057246945145764
11166.79918249224,-1.541384228811733,0.5923838767357725,-1.5304605356199623,0.010923693191770667
11207.185765150389,-1.5512303109011292,0.6020185384997802,-1.5467321563620544,0.004498154539074761
11247.718412587892,-1.5588281834552067,0.6047789702441111,-1.5630004573339846,-0.004172273878777943
11288.39765307229,-1.564292270801035,0.6051831955398992,-1.5792653135491896,-0.014973042748154697
11329.224016781656,-1.5678111957148264,0.6068799171899423,-1.5955265986969813,-0.027715402982154913
11370.19803581154,-1.5696512571836738,0.6026116282537878,-1.6117841851296184,-0.04213292794594459
11411.320244181938,-1.5701549858344865,0.5969061804891143,-1.6280379438496055,-0.057882958015119
11452.591177844188,-1.5697366551978362,0.5923137413748077,-1.6442877444969994,-0.07455108929916321
11494.011374687976,-1.56887161595599,0.5875034886919195,-1.66053345533693,-0.09166183938094008
11535.581374548396,-1.5680788186720385,0.5809382709280712,-1.6767749432472758,-0.10869612457523736
11577.301719212915,-1.5679014632456987,0.5705969071349819,-1.6930120737064183,-0.12511061046071958
11619.172952428453,-1.5688838797849733,0.5658896753439336,-1.7092447107812045,-0.1403608309962312
11661.195619908522,-1.5715469172931886,0.565246798880484,-1.7254727171150392,-0.15392579982185062
11703.370269340268,-1.57636354427129,0.5637392308119685,-1.7416959539161105,-0.16533240964482054
11745.697450391626,-1.5837363742741548,0.5652882987814893,-1.7579142809458155,-0.17417790667166066
11788.177714718542,-1.5939786769760556,0.5688602469432309,-1.7741275565073131,-0.18014887953125758
11830.81161597208,-1.6073001491717491,0.5707106391804219,-1.7903356374342447,-0.1830354882624956
11873.599709805669,-1.623798343706909,0.5741166664897901,-1.8065383790796155,-0.18274003537270644
11916.542553882393,-1.64345623567832,0.5765580961341091,-1.822735635304893,-0.1792793996265729
11959.64070788218,-1.6661459891304862,0.5771067896496913,-1.838927258469182,-0.17278126933869586
12002.894733509129,-1.6916386075900913,0.5793084072070019,-1.8551130994186575,-0.16347449182856622
12046.30519449888,-1.7196188258095546,0.5778800432811291,-1.8712930074761651,-0.1516741816666105
12089.87265662587,-1.74970433389276,0.5779338614027174,-1.887466830430938,-0.13776249653817807
12133.59768771076,-1.7814682136838158,0.5744547109860123,-1.9036344145285593,-0.1221662008447435
12177.480857627865,-1.8144633048156997,0.5697488067993475,-1.919795604461111,-0.10533229964541135
12221.522738312502,-1.8482469144814075,0.5687178696759694,-1.935950243357448,-0.08770332887604049
12265.723903768494,-1.8823850988199027,0.5667357649020994,-1.952098172773729,-0.06971307395382631
12310.08493007568,-1.9165337412542165,0.5653697678746809,-1.9682392326841196,-0.051705491429903105
12354.606395397348,-1.9503974409831937,0.564422045777039,-1.9843732614716583,-0.03397582048846459
12399.288879987807,-1.9837605624853598,0.5634888239244391,-2.000500095919378,-0.016739533434018128
12444.132966200004,-2.0164942118120166,0.5625835079836781,-2.0166195712015664,-0.0001253593895498284
12489.139238493,-2.0485558755589057,0.5615425411095486,-2.0327315208752896,0.015824354683616093
12534.308283439665,-2.07998214896171,0.5643348464949256,-2.0488357768720586,0.03114637208965121
12579.64068973435,-2.110874957307301,0.5669847674925698,-2.0649321694897758,0.045942787817525144
12625.137048200466,-2.141382243530426,0.5683840335027583,-2.0810205273847977,0.06036171614562846
12670.79795179824,-2.1716746212221683,0.5694456766121174,-2.0971006775642973,0.07457394365787096
12716.623995632475,-2.2019199130734357,0.5703724940957166,-2.11317244537881,0.08874746769462583
12762.61577696024,-2.2322577544885327,0.571336584857766,-2.129235654514959,0.10302209997357359
12808.773895198668,-2.2627765019216817,0.5718124129872905,-2.1452901269884546,0.11748637493322711
12855.098951932836,-2.2934945302404195,0.5716924069565475,-2.1613356831372776,0.13215884710314185
12901.591550923506,-2.324347645109089,0.5739491083138936,-2.177372141615118,0.14697550349397126
12948.25229811504,-2.355183812024352,0.5777155962603008,-2.1933993193849695,0.16178449263938255
12995.081801643348,-2.385765770072558,0.5761445224113634,-2.209417031713061,0.17634873835949705
13042.080671843714,-2.415781422807191,0.5729287040654832,-2.2254250921629097,0.19035633064428126
13089.249521258804,-2.4448612492020736,0.5709126726359658,-2.2414233125896423,0.20343793661243126
13136.58896464669,-2.4725946730815718,0.5714206225138316,-2.2574115031346036,0.21518316994696818
13184.099618988774,-2.49857045406692,0.573570784145849,-2.273389472220103,0.22518098184681712
13231.782103497872,-2.5224061781425817,0.5765850985034594,-2.289357026544444,0.23304915159813788
13279.63703962634,-2.5437631260592095,0.5783676333650851,-2.305313971077222,0.23844915498198738
13327.665051074056,-2.5623797926384206,0.5780974744927583,-2.321260109054805,0.2411196835836158
13375.866763796632,-2.578094425714056,0.5741456860694917,-2.337195241976069,0.24089918373798724
13424.242806013588,-2.5908619359538445,0.5755821437294006,-2.35311916959842,0.23774276635542435
13472.793808216456,-2.600764006930315,0.5745552147168338,-2.369031689934001,0.2317323169963137
13521.520403177046,-2.608011671407091,0.5745405474426123,-2.3849325992461434,0.2230790721609477
13570.42322595575,-2.6129400924500272,0.5755096739998947,-2.400821692046163,0.2121184004038641
13619.502913909702,-2.615995779765824,0.5927740858757785,-2.4166987610902506,0.1992970186755736
13668.760106701147,-2.617716964629892,0.5981037485438784,-2.432563597376724,0.185153367253168
13718.19544630582,-2.618708328260742,0.5959360112333809,-2.4484159901435216,0.17029233811722033
13767.809577021231,-2.6196116991216885,0.5912321139577275,-2.4642557268658916,0.1553559722557969
13817.603145475086,-2.6210746674249528,0.5919020510167257,-2.4800825932543713,0.14099207417058146
13867.57680063378,-2.6237192707544956,0.5882985418709064,-2.4958963732530375,0.12782289750145814
13917.731193810758,-2.628112945773463,0.583406063126433,-2.5116968490379588,0.11641609673550413
13968.06697867504,-2.6347437912252207,0.5845311253058845,-2.52748380101597,0.10725999020925059
14018.584811259809,-2.6440018403586096,0.5816378559113328,-2.5432570078236623,0.10074483253494737
14069.285349970836,-2.6561668070521804,0.5833052069169767,-2.559016246326605,0.09715056072557537
14120.169255595143,-2.671401832161198,0.5792305892943634,-2.574761291618916,0.09664054054228188
14171.23719130964,-2.6897678931570903,0.5794124056548373,-2.590491917023016,0.09927597613407446
14222.48982268967,-2.711223135270968,0.5792935438207631,-2.6062078940896534,0.10501524118131478
14273.927817717748,-2.7356406247135983,0.5775237576844237,-2.6219089925982058,0.1137316321153925
14325.551846792308,-2.762827359661138,0.5782400082220431,-2.637594980557285,0.12523237910385276
14377.362582736334,-2.7925436068726475,0.5772519457328033,-2.653265624205492,0.13927798266715552
14429.3607008062,-2.8245211998811675,0.5797470716733962,-2.66892068801258,0.15560051186858725
14481.546878700494,-2.858479091366716,0.577041364522273,-2.6845599346807596,0.17391915668595637
14533.921796568766,-2.894134969082854,0.5798445780105992,-2.7001831251463404,0.19395184393651377
14586.486137020442,-2.931212373427045,0.5845122283828195,-2.715790018581602,0.21542235484544303
14639.240585133772,-2.9694434003827483,0.5894928276869045,-2.7313803723969876,0.23806302798576073
14692.185828464648,-3.008567642603804,0.588997644250745,-2.7469539422434686,0.2616137003603356
14745.322557055622,-3.0483284332330793,0.5885270984973975,-2.7625104820152586,0.2858179512178207
14798.651463444958,-3.0884676584515978,0.5827972638199949,-2.7780497438527902,0.3104179145988075
14852.17324267554,-3.1287203749144368,0.5822300906603052,-2.7935714781459,0.335148896768537
14905.888592303992,-3.168810222146699,0.5792680577589305,-2.8090754335373376,0.35973478860936137
14959.798212409823,-3.208446203881956,0.5776222947715544,-2.8245613569265267,0.38388484695542946
15013.902805604444,-3.247320895099997,0.5755735393687438,-2.8400289934735987,0.4072919016263983
15068.203077040367,-3.2851095926351963,0.5750038854497411,-2.8554780866036698,0.42963150603152656
15122.699734420474,-3.32146876785884,0.5761002081588827,-2.8709083780114444,0.45056038984739555
15177.3934880071,-3.3560352625102645,0.5736202559288439,-2.886319607666005,0.4697156548442596
15232.285050631372,-3.3884210838458886,0.5706228692966904,-2.901711513815945,0.48670957002994353
15287.375137702553,-3.418202814536637,0.5676150287713269,-2.9170838329947664,0.5011189815418708
15342.664467217226,-3.4449072601317905,0.5687831394432911,-2.932436300026467,0.5124709601053237
15398.15375976874,-3.4679900146256024,0.5733582558673602,-2.9477686480314933,0.5202213665941091
15453.84373855665,-3.486807270716792,0.5781620418525428,-2.963080608432918,0.5237266622838739
15509.735129396013,-3.5002728963332217,0.7224838992777339,-2.9783719109628883,0.5219009853703334
15565.82866072693,-3.506681734606256,0.7618202889684818,-2.9936422836693204,0.5130394509369358
15622.125063624071,-3.506965809608219,0.8028538446405463,-3.0088914529229474,0.49807435668527145
15678.625071806113,-3.5002866747978443,0.8320697919367533,-3.0241191434245103,0.476167531373334
15735.329421645343,-3.4856638106398146,0.8594749151300731,-3.0393250782123094,0.4463387324275052
15792.238852177314,-3.4619780668352282,0.885762342275464,-3.0545089786700093,0.407469088165219
15849.354105110377,-3.4279888132846663,0.9054505011042221,-3.0696705645346842,0.3583182487499821
15906.675924835376,-3.3823668029146896,0.9207396989378385,-3.084809553905121,0.2975572490095688
15964.205058435453,-3.323743969644119,0.9343515447321109,-3.099925663250474,0.2238183063936452
16021.942255695612,-3.250780417335765,0.953129696143874,-3.115018607419044,0.13576180991672082
16079.888269112604,-3.1622477275228835,0.9668466830822466,-3.1300880996474447,0.0321596278754388
16138.043853904755,-3.0571264582814175,0.9748207492644307,-3.145133851570005,-0.08800739328858764
16196.409768021713,-2.9347143868857044,0.9740298529012803,-3.160155573228389,-0.2254411863426844
16254.986772154356,-2.7947409346119123,0.9709757316040997,-3.1751529730814987,-0.3804120384695864
16313.775629744812,-2.6374798680322042,0.9724326575893237,-3.1901257580157107,-0.5526458899835065
16372.777106996256,-2.4638515992681445,0.9526389303191909,-3.2050736333552514,-0.741222034087107
16431.99197288295,-2.275520634276509,0.9247329834762142,-3.219996302872932,-0.9444756685964233
16491.420999160364,-2.074957278700099,0.9135316279935567,-3.234893468801113,-1.1599361901010141
16551.064960375068,-1.8654693003522933,0.9193328103785123,-3.24976483184291,-1.3842955314906167
16610.92463387492,-1.6511925304168305,0.9624649412590522,-3.264610091183666,-1.6134175607668357
16671.00079981924,-1.4370344197648457,0.999785356998716,-3.2794289445027243,-1.8423945247378786
16731.29424118887,-1.228567123269043,1.075168254666718,-3.2942210879853917,-2.0656539647163488
16791.805743796423,-1.031870028761107,1.1494440331129552,-3.308986216335194,-2.2771161875740873
16852.5360962966,-0.8533256056228478,1.2501249525905553,-3.3237240227864167,-2.470398417163569
16913.486090196344,-0.6993767335260834,1.362638374209544,-3.338434199116808,-2.6390574655907244
16974.656519865206,-0.576257893335061,1.463720000108336,-3.353116435660631,-2.77685854232557
17036.04818254578,-0.48971629335285094,1.5799842127538923,-3.367770421321943,-2.878054127969092
17097.661878363946,-0.4447416718089876,1.6960181189505854,-3.3823958435880748,-2.937654171779087
17159.49841033938,-0.44532470431883553,1.837281727217399,-3.396992388543408,-2.9516676842245726
17221.558584396073,-0.4942633054394623,2.020643256379422,-3.4115597408834297,-2.9172964354439674
17283.84320937271,-0.5930334779853652,2.223529670719444,-3.426097583928936,-2.8330641059435706
17346.35309703327,-0.7417367990858814,2.408602572742944,-3.440605599640575,-2.6988688005546937
17409.08906207768,-0.9391307554004982,2.6465230826931396,-3.4550834686336263,-2.515952713233128
17472.051922152306,-1.182739475044432,2.8957690798873705,-3.4695308701929424,-2.2867913951485104
17535.242497860665,-1.469037859628024,3.1031842200106783,-3.4839474822882313,-2.0149096226602072
17598.661612774173,-1.7936932203892368,3.3401518853895813,-3.498332981589531,-1.7046397612002941
17662.310093442786,-2.151842780051357,3.6078098655153874,-3.5126870434829343,-1.3608442634315772
17726.188769405802,-2.538384269125107,4.166889120023462,-3.5270093420865187,-0.9886250729614119
17790.29847320275,-2.948255311437906,4.689174915220226,-3.5412995502666185,-0.5930442388287123
17854.64004038412,-3.376679851533197,5.738517071058726,-3.5555573396541824,-0.17887748812098536
17919.2143095223,-3.8193645502349707,6.617525229546081,-3.569782380661467,0.24958216957350388
17984.02212222259,-4.272634424707812,6.698790970467223,-3.5839743424989656,0.6886600822088464
