frequency_hz,target_db,uncertainty_db,mooer_db,error_db
20.0,-11.940749720224714,0.23716019909468064,-9.121619086831672,2.8191306333930424
20.07233331950925,-11.937746749983177,0.23715774671291612,-9.130336668666988,2.8074100813161884
20.14492824447408,-11.934355282084653,0.23716061391605464,-9.139001560170282,2.7953537219143705
20.21778572103401,-11.93057523484244,0.23715270947928005,-9.147613749433988,2.7829614854084515
20.29090669875047,-11.92641472669774,0.23721344417720258,-9.156173224636001,2.7702415020617384
20.36429213061913,-11.921889722252796,0.23722250947830484,-9.164679974030433,2.7572097482223636
20.437942973082333,-11.917023226551176,0.2372603985304046,-9.17313398593847,2.743889240612706
20.51186018604153,-11.911844094076319,0.2372397456239779,-9.181535248739387,2.730308845336932
20.58604473286984,-11.906385549984671,0.23722508019224905,-9.18988375086162,2.7165017991230513
20.66049758042457,-11.90068354064418,0.23722484845962363,-9.198179480773986,2.7025040598701953
20.735219699059822,-11.894775037274062,0.23722070610478505,-9.206422426976964,2.6883526102970983
20.81021206263916,-11.888696410895289,0.23724775213610225,-9.214612577994137,2.674083832901152
20.88547564854828,-11.882481980848661,0.2372692157861782,-9.222749922363713,2.6597320584849484
20.96101143770774,-11.876162815812084,0.2372771123267949,-9.230834448630194,2.6453283671818895
21.03682041458579,-11.869765838993526,0.23729377851097122,-9.238866145336116,2.63089969365741
21.11290356721114,-11.863313261342018,0.23731314792414676,-9.246845001013943,2.616468260328075
21.189261887185907,-11.85682234099642,0.23732356349050965,-9.254771004178055,2.6020513368183646
21.265896369698464,-11.850305445771617,0.23733348804351337,-9.262644143316884,2.587661302454734
21.342808013536477,-11.843770379288262,0.23734951238355823,-9.270464406885136,2.5733059724031264
21.41999782109987,-11.83722092056575,0.2373623762560393,-9.27823178329616,2.55898913726959
21.497466798413928,-11.830657521099125,0.23738888324826696,-9.285946260914427,2.544711260184698
21.5752159551424,-11.82407810186213,0.23740355326613394,-9.293607828048136,2.530470273813993
21.653246304600625,-11.81747889452236,0.23741402618371438,-9.30121647294196,2.5162624215804
21.73155886376879,-11.810855275596957,0.2374224972950628,-9.308772183769886,2.502083091827071
21.810154653305155,-11.804202548700601,0.23742805743437712,-9.316274948628205,2.487927600072396
21.889034697559342,-11.79751663776851,0.23742485883776812,-9.323724755528636,2.4737918822398743
21.96820002458573,-11.79079466263363,0.23741712220534805,-9.331121592391552,2.4596730702420775
22.047651666156817,-11.784035377120825,0.23740270391833304,-9.33846544703937,2.4455699300814544
22.127390657776665,-11.777239458461409,0.23738719052026688,-9.345756307190028,2.4314831512713813
22.207418038694424,-11.770409682827816,0.23737476252362885,-9.352994160450658,2.4174155223771585
22.287734851917847,-11.763550831782535,0.23734174161450314,-9.360178994311292,2.4033718374712425
22.36834214422692,-11.756669594615966,0.2372883988562321,-9.367310796138824,2.389358798477142
22.44924096618746,-11.749774297758881,0.237192446038953,-9.374389553171003,2.375384744587878
22.53043237216484,-11.742874531746445,0.2370530856790135,-9.381415252510607,2.361459279235838
22.611917420337715,-11.735980696214778,0.2369119491152512,-9.388387881119744,2.347592815095034
22.693697172711826,-11.729103485240469,0.23680400708514768,-9.395307425814298,2.33379605942617
22.77577269513383,-11.722253337112662,0.2367767286700921,-9.402173873258485,2.320079463854176
22.8581450573052,-11.71543987473539,0.23684630661484424,-9.408987209959571,2.3064526647758186
22.94081533279616,-11.708671365231586,0.23681352514022605,-9.415747422262719,2.2929239429688675
23.023784599059653,-11.701954229590836,0.23691619251600018,-9.422454496345944,2.279499733244892
23.107053937445457,-11.69529263462984,0.23700307389587963,-9.429108418215288,2.266184216414553
23.190624433214207,-11.688688199249642,0.23701009284466587,-9.435709173700031,2.2529790255496103
23.27449717555155,-11.682139844110207,0.23695375758445833,-9.442256748448088,2.239883095662119
23.35867325758237,-11.675643807752216,0.23677188745558522,-9.44875112792158,2.2268926798306357
23.44315377638503,-11.669193842591074,0.23674349234377526,-9.455192297392463,2.2140015451986113
23.527939833005625,-11.662781591389802,0.23658455917023413,-9.461580241938385,2.2012013494514164
23.6130325324724,-11.65639712968186,0.23672033186223168,-9.467914946438604,2.1884821832432557
23.698432983810086,-11.650029643855532,0.23659510853989457,-9.474196395570083,2.17583324828545
23.78414230005442,-11.643668200415036,0.2365516844863854,-9.480424573803738,2.1632436266112975
23.870161598266595,-11.637302551632999,0.23659625146407143,-9.486599465400802,2.1507030862321965
23.95649199954785,-11.630923918327431,0.23661091492763353,-9.49272105440933,2.138202863918101
24.043134629054062,-11.624525692774178,0.23664424172159573,-9.498789324660859,2.1257363681133192
24.130090616010435,-11.618104013599963,0.2365646667646161,-9.504804259767171,2.1132997538327913
24.2173610937262,-11.611658178383147,0.23651034017239178,-9.51076584311727,2.1008923352658773
24.30494719960938,-11.605190876313712,0.23648424995170117,-9.5166740578744,2.0885168184393113
24.392850075181627,-11.598708239774316,0.23629027958473994,-9.522528886973296,2.07617935280102
24.481070866093106,-11.592219727444006,0.236169925122551,-9.528330313117502,2.0638894143265034
24.5696107221374,-11.585737860477108,0.2361891250988309,-9.534078318776873,2.0516595417002357
24.65847079726652,-11.579277836537333,0.23609248302233754,-9.539772886185194,2.039504950352139
24.74765224960594,-11.572857044366302,0.2357681734096685,-9.54541399733796,2.027443047028342
24.83715624146968,-11.56649449572425,0.23579697980565745,-9.551001633990257,2.0154928617339927
24.92698393937546,-11.560210184534249,0.23602135577081063,-9.556535777654828,2.003674406879421
25.01713651405991,-11.554021505696358,0.23630177305550598,-9.562016409600217,1.9920050960961415
25.10761514049382,-11.547942041362901,0.23664611068792615,-9.567443510849138,1.9804985305137635
25.198420997897465,-11.541998770070432,0.23670836496981512,-9.572817062176876,1.969181707893556
25.28955526975595,-11.536208474321846,0.2365977149187531,-9.57813704410992,1.9580714302119269
25.381019143834664,-11.530584277667536,0.2365732348187136,-9.58340343692467,1.9471808407428668
25.472813812194744,-11.525135434004923,0.2363569934616438,-9.588616220646296,1.9365192133586273
25.56494047120861,-11.519866547435079,0.23588892045842638,-9.593775375047763,1.9260911723873164
25.657400321575565,-11.514776991712466,0.23521760335357608,-9.59888087964892,1.915896112063546
25.75019456833744,-11.50986066371899,0.23437479368354133,-9.603932713715837,1.9059279500031536
25.84332442089429,-11.505105836087722,0.2347462491293872,-9.608930856260137,1.8961749798275847
25.936791093020197,-11.500495572663114,0.23557924682741602,-9.613875286038565,1.8866202866245487
26.03059580287901,-11.496008232847988,0.23600684426250856,-9.618765981552672,1.877242251295316
26.12473977304031,-11.49161844627607,0.23616226891450565,-9.623602921048588,1.8680155252274808
26.21922423049529,-11.48729826073988,0.2365472405773593,-9.628386082516963,1.8589121782229174
26.314050406672752,-11.48301837665483,0.23671905133889706,-9.63311544369304,1.8499029329617898
26.409219537455183,-11.478749622859937,0.23673468463073236,-9.637790982056835,1.8409586408031018
26.504732863194825,-11.474464142576672,0.23673491747491232,-9.64241267483347,1.8320514677432023
26.600591628729877,-11.470136706374051,0.23674068725947675,-9.64698049899362,1.8231562073804302
26.69679708340069,-11.46574562056562,0.23689627601077096,-9.651494431254097,1.8142511893115234
26.793350481066057,-11.461273481897107,0.2369978526961447,-9.655954448078552,1.8053190338185559
26.890253080119585,-11.456707687121074,0.23695526120465002,-9.660360525678314,1.7963471614427604
26.98750614350604,-11.452040502107316,0.23665856530788498,-9.66471264001334,1.787327862093976
27.08511093873785,-11.447269136076724,0.23634289508019973,-9.669010766793319,1.7782583692834049
27.183068737911626,-11.442395297626526,0.23649242050954858,-9.673254881478853,1.769140416147673
27.281380817724703,-11.437424824641209,0.23671094727348305,-9.67744495928281,1.7599798653583996
27.38004845949181,-11.432367023574404,0.23704437261191594,-9.681580975171766,1.750786048402638
27.479072949161782,-11.427233937786147,0.23718506913052984,-9.685662903867595,1.741571033918552
27.57845557733428,-11.422039672770904,0.23726232205648506,-9.689690719849139,1.7323489529217646
27.67819763927664,-11.416799502204626,0.23730445457410235,-9.693664397354047,1.723135104850579
27.778300434940743,-11.411529253281977,0.23732690014589342,-9.697583910380708,1.713945342901269
27.87876526897999,-11.4062444988839,0.23734570997105986,-9.701449232690283,1.7047952661936172
27.979593450766224,-11.400960001250276,0.23734307169666316,-9.705260337808891,1.6956996634413848
28.08078629440689,-11.395689197313407,0.23728936900975434,-9.709017199029892,1.686671998283515
28.18234511876212,-11.390443726869849,0.23720350308515695,-9.712719789416287,1.6777239374535622
28.284271247461906,-11.38523326829632,0.23723753909988002,-9.716368081803218,1.6688651864931021
28.38656600892336,-11.380065265165864,0.23728917202262378,-9.719962048800607,1.6601032163652576
28.489230736368064,-11.374945014773212,0.23731348164728874,-9.7235016627959,1.6514433519773117
28.5922667678394,-11.369875683948628,0.23732994189630133,-9.726986895956909,1.6428887879917191
28.695675446220005,-11.354864582771395,0.23734036774725595,-9.730417720234737,1.624446862536658
28.799458119249277,-11.292094803011768,0.23734201405428834,-9.733794107366931,1.5583006956448369
28.903616139540933,-11.23152860211568,0.23733327644088764,-9.737116028880557,1.4944125732351239
29.00815086460065,-11.212762547631158,0.2373292701798124,-9.740383456095554,1.472379091535604
29.113063656843742,-11.207937311491099,0.23732955264974198,-9.743596360128096,1.4643409513630026
29.21835588361294,-11.203151238541949,0.23730672166422345,-9.74675471189407,1.4563965266478789
29.32402891719617,-11.198399880595943,0.23729093764160736,-9.749858482112705,1.448541398483238
29.430084134844485,-11.193678652679665,0.2372523242437195,-9.752907641310236,1.4407710113694296
29.536522918789988,-11.188983057829349,0.23722170913592333,-9.75590215982373,1.4330808980056187
29.64334665626385,-11.184308640829409,0.23721340920241837,-9.758842007804962,1.4254666330244472
29.750556739514412,-11.179651151975218,0.23723418470134358,-9.76172715522443,1.4179239967507886
29.85815456582529,-11.175006435236766,0.23721481183780524,-9.764557571875455,1.4104488633613101
29.96614153753363,-11.170370490947118,0.23720739525747217,-9.767333227378348,1.4030372635687698
30.07451906204833,-11.165739486793349,0.2372294593486546,-9.77005409118473,1.39568539560862
30.183288551868458,-11.161109713515236,0.2372013747467338,-9.77272013258189,1.388389580933346
30.29245142460158,-11.156477744356298,0.2371909228373041,-9.775331320697289,1.3811464236590094
30.402009102982294,-11.151840340750798,0.23717271705698986,-9.777887624503085,1.3739527162477128
30.511963014890764,-11.147194707829811,0.2370879847370914,-9.780389012820851,1.36680569500896
30.622314593371303,-11.142538521212803,0.23695111875668287,-9.782835454326264,1.3597030668865386
30.73306527665107,-11.137870062163142,0.23677565219531635,-9.785226917553997,1.3526431446091447
30.844216508158816,-11.133188365464989,0.23674663479704408,-9.78756337090261,1.3456249945623782
30.955769736543687,-11.128493202548796,0.23698434249289388,-9.789844782639587,1.3386484199092088
31.067726415694107,-11.123785226987756,0.237031892302404,-9.79207112090641,1.3317141060813462
31.18008800475674,-11.119065817675555,0.23701653386790889,-9.794242353723748,1.324823463951807
31.29285596815549,-11.11433707311097,0.2370090396090956,-9.796358448996749,1.3179786241142217
31.40603177561057,-11.109601611773869,0.23692405737952246,-9.79841937452036,1.311182237253508
31.51961690215773,-11.104862323778583,0.23693875475901705,-9.800425097984752,1.3044372257938317
31.63361282816739,-11.100122183239366,0.23692499271118145,-9.80237558698084,1.2977465962585253
31.748021039363987,-11.09538385573794,0.23697094373437994,-9.80427080900588,1.2911130467320593
31.862843026845336,-11.090649512618961,0.23705729547392537,-9.806110731469103,1.284538781149859
31.97808028710205,-11.085920501081633,0.23713555513918896,-9.807895321697474,1.2780251793841586
32.09373432203703,-11.081197114343418,0.2371584055357259,-9.809624546941508,1.2715725674019094
32.209806638985086,-11.076478472654644,0.23718228194846883,-9.811298374381153,1.2651800982734915
32.32629875073255,-11.07176262619447,0.23726829133949937,-9.812916771131743,1.2588458550627273
32.443212175536964,-11.067046402423568,0.23730201114624225,-9.814479704250038,1.2525666981735295
32.56054843714696,-11.062325446487943,0.23730637923165995,-9.815987140740331,1.2463383057476118
32.678309064821995,-11.057594683258397,0.23733821257560989,-9.817439047560605,1.2401556356977927
32.7964955933524,-11.052848472672679,0.23736411981445704,-9.818835391628786,1.2340130810438925
32.9151095630793,-11.048081008387602,0.23736787519215813,-9.82017613982905,1.2279048685585519
33.03415251991472,-11.043286855704487,0.23735770772668677,-9.82146125901817,1.2218255966863172
33.153626015361745,-11.038461275869905,0.23735079993870517,-9.822690716031984,1.215770559837921
33.273531606534725,-11.033600739919912,0.23733986231522147,-9.823864477691881,1.2097362622280308
33.393870856179575,-11.028703231641522,0.23731471968064533,-9.824982510811354,1.2037207208301677
33.51464533269412,-11.02376856867312,0.23728377020743466,-9.82604478220263,1.1977237864704904
33.63585661014858,-11.018798577049296,0.23724283397763904,-9.827051258683353,1.1917473183659428
33.75750626830606,-11.01379713435984,0.2371916376722518,-9.828001907083328,1.1857952272765129
33.87959589264312,-11.008770080876673,0.23713271843442388,-9.828896694251316,1.1798733866253563
34.00212707437047,-11.003724943513859,0.23700330430539437,-9.829735587061869,1.1739893564519903
34.12510141045371,-10.9986705993455,0.23691608521820862,-9.830518552422282,1.1681520469232183
34.24852050363412,-10.993616788980287,0.23689156254214527,-9.831245557279525,1.162371231700762
34.37238596244956,-10.988573546630976,0.23680444482391458,-9.831916568627257,1.1566569780037188
34.49669940125543,-10.983550597707922,0.23684900776741824,-9.832531553512915,1.1510190441950066
34.62146244024572,-10.978556775809713,0.23660079240308637,-9.833090479044822,1.1454662967648908
34.74667670547412,-10.97359941804201,0.23596324380047995,-9.833593312399362,1.140006105642648
34.87234382887522,-10.968683951973157,0.23595476157790948,-9.83404002082818,1.1346439311449767
34.99846544828576,-10.963813452792872,0.23637005700648328,-9.83443057166547,1.1293828811274018
35.12504320746599,-10.958988465726485,0.23660735385432738,-9.834764932335267,1.124223533391218
35.2520787561211,-10.954206898857404,0.23637110970044484,-9.835043070358799,1.1191638284986052
35.3795737499227,-10.949463994183372,0.2359449342814732,-9.835264953361921,1.1141990408214504
35.507529850530425,-10.944752653990575,0.23664848053037157,-9.835430549082503,1.1093221049080721
35.635948725613574,-10.940063473961377,0.23687645334106822,-9.835539825377952,1.1045236485834256
35.76483204887283,-10.935385292374535,0.23693558703937506,-9.835592750232735,1.0997925421418007
35.894181500062146,-10.930705363070686,0.2369558661283683,-9.835589291765908,1.095116071304778
36.02399876501051,-10.92600977476193,0.23698748425087005,-9.835529418238767,1.0904803565231624
36.15428553564404,-10.921283880658383,0.2369993571522342,-9.835413098062435,1.085870782595947
36.28504351000797,-10.916512261954784,0.2369250243967484,-9.835240299805568,1.0812719621492164
36.41627439228881,-10.911679551605873,0.2366610916396495,-9.835010992202058,1.0766685594038155
36.54797989283652,-10.90677006255134,0.2364022108308085,-9.834725144158778,1.072044918392562
36.680161728186846,-10.901768566103584,0.23611354999518364,-9.83438272476333,1.0673858413402542
36.812821621083664,-10.896660334306704,0.23627930749519166,-9.8339837032919,1.0626766310148046
36.945961300501416,-10.891431473220877,0.2364768900091394,-9.83352804921703,1.0579034240038467
37.07958250166771,-10.886069828732815,0.23639076205447787,-9.833015732215552,1.053054096517263
37.21368696608587,-10.880564719724429,0.23658881374226887,-9.832446722176437,1.0481179975479922
37.34827644155763,-10.874908695735998,0.23690301938258407,-9.831820989208719,1.0430877065272792
37.483352682206,-10.869097103032267,0.2371082430306523,-9.831138503649457,1.0379585993828098
37.61891744849801,-10.863129406703106,0.23719773170432623,-9.830399236071697,1.0327301706314085
37.75497250726774,-10.857009583205098,0.2372506475351408,-9.829603157292459,1.0274064259126394
37.891519631739314,-10.85074591425221,0.23727793094674102,-9.828750238380763,1.0219956758714464
38.028560601550005,-10.844352217587216,0.23723873913918306,-9.827840450665668,1.016511766921548
38.16609720277346,-10.837845951076451,0.23718674390716946,-9.826873765744327,1.0109721853321236
38.30413122794295,-10.831249534798783,0.23713861285210236,-9.825850155490047,1.0053993793087361
38.44266447607471,-10.824588021469317,0.2370563703014926,-9.82476959206041,0.9998184294089079
38.581698752691466,-10.817888587406955,0.23697621159826263,-9.82363204790537,0.9942565395015848
38.72123586984589,-10.811180006197919,0.23693161262844428,-9.82243749577538,0.9887425104225382
38.86127764614423,-10.804489535621926,0.23682883159550155,-9.82118590872954,0.9833036268923863
39.00182590677006,-10.797844572498688,0.23666069771365542,-9.819877260143738,0.9779673123549504
39.142882483508,-10.791268486143693,0.23657577385195044,-9.818511523718827,0.9727569624248655
39.284449214767655,-10.784782748749265,0.2358837834913475,-9.817088673488803,0.9676940752604626
39.4265279456075,-10.778405006333168,0.23587380740015904,-9.815608683828982,0.962796322504186
39.56912052775902,-10.772148409702487,0.23662444540852068,-9.814071529464211,0.9580768802382753
39.712228819650754,-10.766024978062074,0.23679123984990458,-9.812477185477057,0.9535477925850167
39.855854686432586,-10.760040779672156,0.23683975966937865,-9.810825627316026,0.9492151523561301
40.0,-10.754202883272663,0.2368699038073024,-9.809116830803772,0.9450860524688913
40.14466663901851,-10.748513948676834,0.23677268243410848,-9.807350772145314,0.9411631765315196
40.28985648894816,-10.742976452964145,0.23661530806736567,-9.805527427936285,0.9374490250278598
40.43557144206802,-10.73759263813845,0.2364599023498695,-9.803646775171105,0.9339458629673452
40.58181339750094,-10.732360208062502,0.23623722432190386,-9.80170879125125,0.9306514168112514
40.72858426123827,-10.727281012985474,0.2361023192765114,-9.799713453993462,0.9275675589920116
40.875885946164665,-10.722348674821685,0.23584542468476763,-9.797660741637959,0.9246879331837263
41.02372037208306,-10.71756004801426,0.2356167496331491,-9.795550632856678,0.9220094151575822
41.17208946573968,-10.712905542601902,0.23532809119844142,-9.793383106761452,0.9195224358404506
41.32099516084914,-10.70837160516574,0.23480284635131451,-9.791158142912273,0.917213462253466
41.470439398119645,-10.703944962821913,0.2338655462751505,-9.788875721325443,0.9150692414964698
41.620424125278326,-10.699600594363996,0.2336870024918809,-9.786535822481795,0.9130647718822011
41.77095129709655,-10.695319964369098,0.2342947809701979,-9.784138427334891,0.9111815370342065
41.92202287541548,-10.691071832387987,0.23593762054422324,-9.78168351731917,0.9093883150688171
42.07364082917158,-10.6868303788925,0.23659893907429483,-9.779171074358125,0.9076593045343753
42.22580713442228,-10.682567661841254,0.23691179909509208,-9.776601080872464,0.9059665809687907
42.3785237743718,-10.678250648064502,0.23706390456084805,-9.773973519788246,0.9042771282762558
42.53179273939693,-10.673861163338575,0.2371496553974205,-9.771288374544993,0.9025727887935826
42.68561602707295,-10.669360286306182,0.23721218754156748,-9.768545629103809,0.900814657202373
42.83999564219974,-10.664745525753746,0.23723763132637957,-9.765745267955467,0.8990002577982796
42.994933596827856,-10.634656910380656,0.23727379998386336,-9.76288727612849,0.8717696342521659
43.1504319102848,-10.578905658262368,0.23729968203135865,-9.759971639197174,0.8189340190651944
43.30649260920125,-10.516935091731963,0.2373130755023054,-9.756998343289663,0.7599367484422999
43.46311772753759,-10.412743203778685,0.23730778859525894,-9.753967375095918,0.6587758286827672
43.62030930661031,-10.308722267842551,0.2373139773240335,-9.75087872187573,0.5578435459668221
43.77806939511869,-10.218612026309177,0.23732977913631564,-9.747732371466663,0.4708796548425145
43.93640004917147,-10.133966911925318,0.23733242885433084,-9.74452831229199,0.38943859963332805
44.095303332313634,-10.055127099184867,0.23732098397727514,-9.741266533368607,0.31386056581625965
44.25478131555333,-9.986243580690473,0.23730717234790624,-9.737947024314916,0.24829655637555703
44.41483607738885,-9.917382571178617,0.23728374737577132,-9.734569775358658,0.18281279581995946
44.575469703835694,-9.86081692125184,0.2372536907086914,-9.73113477734474,0.1296821439071003
44.73668428845384,-9.804356447539345,0.23722205153968678,-9.727642021743023,0.0767144257963217
44.89848193237492,-9.754006681687558,0.2372392028815593,-9.724091500656064,0.029915181031494598
45.06086474432968,-9.70740581319522,0.2372100113525592,-9.720483206826847,-0.013077393631627743
45.22383484067543,-9.663847057044286,0.23720682161221207,-9.716817133646446,-0.052970076602159466
45.38739434542365,-9.628562900254376,0.2372136464986923,-9.713093275161684,-0.08453037490730786
45.55154539026766,-9.593466999202892,0.2372410534438239,-9.709311626082734,-0.11584462687984143
45.7162901146104,-9.570249764804494,0.23727786145777582,-9.705472181790666,-0.13522241698617243
45.88163066559231,-9.548790729463398,0.23729780717085633,-9.701574938344995,-0.15278420888159694
46.047569198119305,-9.527586438356462,0.2373075169267301,-9.69761989249116,-0.17003345413469795
46.214107874890914,-9.506652591537945,0.23731193864594316,-9.693607041667924,-0.18695445012997958
46.381248866428415,-9.485619432191898,0.23730989643357975,-9.68953638401483,-0.20391695182293113
46.5489943511031,-9.46447821336306,0.23728169545553082,-9.68540791837947,-0.22092970501640963
46.71734651516474,-9.443259144710304,0.23729573733933584,-9.681221644324852,-0.2379624996145484
46.88630755277006,-9.421401993236481,0.23729339192546187,-9.67697756213661,-0.2555755689001291
47.05587966601125,-9.39929549288211,0.237307887550779,-9.672675672830184,-0.27338017994807373
47.22606506494479,-9.357821173338843,0.23731292455066805,-9.668315978158033,-0.31049480481918934
47.39686596762017,-9.282191030903466,0.23730971283218322,-9.663898480616663,-0.3817074497131969
47.56828460010884,-9.208196908101623,0.23728125038206,-9.659423183453688,-0.45122627535206483
47.74032319653319,-9.147018746156728,0.23724393537012858,-9.654890090674813,-0.5078713445180849
47.9129839990957,-9.08775915129324,0.2371486257918662,-9.65029920705078,-0.5625400557575411
48.086269258108125,-9.03964810639265,0.23699645702302363,-9.645650538124205,-0.6060024317315538
48.26018123202087,-8.998734104422857,0.2368051157155426,-9.640944090216394,-0.6422099857935368
48.4347221874524,-8.961245347544164,0.23656051575112577,-9.636179870434109,-0.674934522889945
48.60989439921876,-8.934725010206455,0.23635617963184677,-9.631357886676243,-0.6966328764697884
48.78570015036325,-8.90446049072519,0.23626615605863152,-9.626478147640432,-0.7220176569152414
48.96214173218621,-8.738706999175355,0.23636597826719657,-9.621540662829625,-0.8828336636542709
49.1392214442748,-8.545354809167279,0.23635591068089223,-9.616545442558587,-1.0711906333913088
49.31694159453304,-8.44443938782085,0.23643246827390768,-9.61149249796029,-1.16705311013944
49.49530449921188,-8.443132541039382,0.23655432868560708,-9.606381840992308,-1.1632492999529251
49.67431248293936,-8.44189420084441,0.2367037883606357,-9.601213484443068,-1.1593192835986592
49.85396787875092,-8.440177369611792,0.2367966810452427,-9.595987441938105,-1.1558100723263127
50.03427302811982,-8.438604542401064,0.2368744184359426,-9.590703727946162,-1.1520991855450973
50.21523028098764,-8.436776177377592,0.23681972491230882,-9.585362357785298,-1.1485861804077064
50.39684199579493,-8.434950470933124,0.2368498072598255,-9.579963347628851,-1.145012876695727
50.5791105395119,-8.433140254244234,0.23672559138318078,-9.57450671451138,-1.141366460267145
50.76203828766933,-8.43122506294552,0.2365048234466296,-9.568992476334495,-1.1377674133889748
50.94562762438948,-8.4294296691232,0.23627216334622644,-9.563420651872619,-1.1339909827494186
51.12988094241722,-8.42760039149612,0.23635386309980982,-9.557791260778684,-1.130190869282563
51.31480064315113,-8.42586162804038,0.236420629652542,-9.552104323589708,-1.1262426955493279
51.50038913667488,-8.424223095218075,0.23653217468371385,-9.546359861732347,-1.1221367665142719
51.6866488417886,-8.422661990460835,0.2366731200926915,-9.54055789752829,-1.1178959070674548
51.87358218604039,-8.421211782788383,0.23675387509780985,-9.534698454199658,-1.113486671411275
52.06119160575802,-8.41999284606306,0.23687314028005055,-9.528781555874229,-1.1087887098111686
52.24947954608062,-8.418798524232603,0.23697612113387767,-9.522807227590636,-1.1040087033580335
52.43844846099058,-8.418038214320482,0.23697621285339096,-9.516775495303472,-1.0987372809829896
52.6281008133455,-8.41733742038669,0.23743903782910028,-9.510686385888242,-1.0933489655015514
52.818439074910366,-8.417090961137216,0.23796599982292746,-9.504539927146324,-1.0874489660091076
53.00946572638965,-8.417338371286597,0.23819212038500867,-9.49833614780977,-1.0809977765231729
53.20118325745975,-8.417653496065691,0.23870953740049036,-9.492075077546012,-1.0744215814803209
53.39359416680138,-8.419561260020384,0.2391063962312016,-9.485756746962538,-1.0661954869421546
53.58670096213211,-8.421381777893044,0.23937339087907855,-9.479381187611382,-1.057999409718338
53.78050616023916,-8.425241031494217,0.23946932498914825,-9.472948431993597,-1.0477074004993803
53.975012287012085,-8.42989342255094,0.2395118956840405,-9.466458513563586,-1.0365650910126458
54.1702218774757,-8.436164836367325,0.23942890832366012,-9.45991146673334,-1.0237466303660145
54.36613747582325,-8.445659884222003,0.23921605503512255,-9.453307326876615,-1.007647442654612
54.562761635449405,-8.455016454954315,0.23818283539019602,-9.446646130332933,-0.9916296753786185
54.76009691898362,-8.472154685474845,0.2372432544533856,-9.439927914411575,-0.9677732289367302
54.958145898323565,-8.489418021720734,0.23726775838455935,-9.433152717395387,-0.9437346956746531
55.15691115466856,-8.550702100348992,0.23727910905423844,-9.426320578544523,-0.8756184781955305
55.35639527855328,-8.64220670448011,0.23727432604831242,-9.419431538100106,-0.7772248336199965
55.55660086988149,-8.757862454289935,0.237261772014241,-9.41248563728773,-0.6546231829977955
55.75753053795998,-8.944139934910432,0.23725962350850122,-9.405482918320917,-0.46134298341048563
55.95918690153245,-9.133288458204813,0.23728517227585044,-9.398423424404378,-0.26513496619956456
56.16157258881378,-9.345520872153191,0.2373018651310183,-9.391307199737284,-0.045786327584092845
56.36469023752424,-9.561956758794437,0.23732209595950696,-9.384134289516334,0.1778224692781034
56.56854249492381,-9.81067696240856,0.23735286813930284,-9.376904739938743,0.43377222246981795
56.77313201784671,-10.096661394943613,0.23736783132406003,-9.369618598205141,0.7270427967384716
56.97846147273613,-10.372107664371391,0.23737269120803844,-9.362275912522334,1.0098317518490578
57.1845335356788,-10.599665473956003,0.23736737518385329,-9.354876732105962,1.2447887418500407
57.39135089244001,-10.82224171697943,0.23735381076145756,-9.347421107183031,1.4748206097963994
57.59891623849855,-10.972850772550357,0.23733798021341884,-9.339909088994382,1.6329416835559751
57.807232279081866,-11.094291136008538,0.23731241356118904,-9.332340729796966,1.7619504062115716
58.0163017292013,-11.184612654669813,0.23727771844695908,-9.324716082866075,1.8598965718037377
58.2261273136875,-11.213672300197604,0.23722588099274752,-9.317035202497419,1.8966370977001858
58.43671176722588,-11.241320134784175,0.2371463654827112,-9.309298144009095,1.9320219907750804
58.64805783439233,-11.256648785512208,0.23709104057529995,-9.301504963743469,1.9551438217687398
58.86016826968897,-11.270005478598314,0.23703025834933578,-9.29365571906886,1.9763497595294535
59.073045837579976,-11.365540222692387,0.2370774990949916,-9.285750468381233,2.079789754311154
59.2866933125277,-11.519607335020005,0.2370314170746039,-9.27778927110563,2.2418180639143745
59.50111347902884,-11.665326207138289,0.23687625140719412,-9.26977218769761,2.395554019440679
59.71630913165059,-11.779192479571048,0.2366051221651173,-9.26169927964447,2.5174931999265784
59.93228307506725,-11.891483782517586,0.2360171339460393,-9.25357060946643,2.6379131730511567
60.14903812409667,-11.885549063158752,0.2350867257213146,-9.245386240717623,2.6401628224411287
60.36657710373692,-11.853499007663185,0.23421325074364266,-9.237146237987027,2.6163527696761584
60.58490284920315,-11.7992954493967,0.23481818783294836,-9.22885066689924,2.570444782497461
60.8040182059646,-11.718644819922638,0.2352967270521433,-9.220499594115127,2.4981452258075105
61.02392602978153,-11.64329594590783,0.23546734509726733,-9.212093087332397,2.4312028585754337
61.24462918674261,-11.603946886298358,0.23623184243228007,-9.20363121528598,2.400315671012377
61.46613055330214,-11.566460089850022,0.2364892135264182,-9.195114047748373,2.3713460421016492
61.68843301631763,-11.54120948903534,0.23666651064823271,-9.186541655529775,2.354667833505566
61.91153947308737,-11.521136960987292,0.23666441539438224,-9.177914110478174,2.343222850509118
62.13545283138821,-11.517063208747036,0.23651307115415354,-9.169231485479258,2.3478317232677774
62.36017600951348,-11.54576235646725,0.2361848396520521,-9.160493854456236,2.385268502011014
62.58571193631096,-11.574629137195313,0.23563363392300773,-9.151701292369527,2.422927844825786
62.81206355122115,-11.604354293309848,0.23498673152111157,-9.142853875216321,2.461500418093527
63.03923380431546,-11.634324848013481,0.23414205050732054,-9.133951680030028,2.5003731679834527
63.26722565633477,-11.656744163286962,0.23578566258724365,-9.124994784879584,2.531749378407378
63.49604207872798,-11.67363740503231,0.23705558048884975,-9.115983268868685,2.557654136163624
63.72568605369067,-11.671067141150424,0.23804517334141206,-9.106917212134828,2.5641499290155956
63.95616057420408,-11.592511842782166,0.23814235371946757,-9.097796695848276,2.49471514693389
64.18746864407406,-11.51894117098669,0.23762973328951426,-9.088621802210907,2.4303193687757823
64.41961327797017,-11.533352118315353,0.23701744557250518,-9.079392614454912,2.4539595038604407
64.65259750146508,-11.574215055573749,0.23555425681768702,-9.070109216841384,2.5041058387323645
64.88642435107393,-11.63251146442211,0.23516555320593502,-9.060771694658806,2.5717397697633047
65.12109687429391,-11.712292785710474,0.23537881801529545,-9.051380134221363,2.6609126514891113
65.35661812964399,-11.784713259483055,0.23542923582333022,-9.041934622867224,2.7427786366158315
65.5929911867048,-11.77916300960578,0.23623328938389726,-9.0324352489566,2.746727760649179
65.8302191261586,-11.772360913944588,0.23672574479679406,-9.022882101869772,2.749478812074816
66.06830503982944,-11.765407179961176,0.2371521102184815,-9.01327527200494,2.7521319079562367
66.3072520307235,-11.758300959181165,0.23752909850489773,-9.003614850775978,2.7546861084051866
66.54706321306945,-11.751025605563054,0.23767992237326427,-8.993900930610069,2.757124674952985
66.78774171235914,-11.74354686067176,0.23749096623433338,-8.98413360494524,2.7594132557265194
67.02929066538825,-11.735893478316308,0.2372951301794464,-8.974312968227734,2.7615805100885744
67.27171322029716,-11.728017137675812,0.23732648528390082,-8.964439115909311,2.7635780217665005
67.5150125366121,-11.719959264950504,0.2373456817347144,-8.954512144444406,2.7654471205060975
67.75919178528623,-11.711705450746198,0.23736176777840365,-8.944532151287206,2.7671732994589924
68.00425414874094,-11.703269253187331,0.23736818370582025,-8.934499234888557,2.768770018298774
68.25020282090742,-11.694672200260564,0.2373591613893992,-8.92441349469282,2.770258705567745
68.49704100726824,-11.68591459186106,0.23734555301127774,-8.914275031134576,2.7716395607264843
68.74477192489911,-11.67703656387938,0.23732250641175914,-8.904083945635211,2.772952618244169
68.99339880251085,-11.668041488588743,0.23729016965792968,-8.893840340599441,2.7742011479893023
69.24292488049144,-11.658969229690342,0.23726597980888406,-8.883544319411676,2.775424910278666
69.49335341094825,-11.649842539202488,0.23723341754132649,-8.873195986432288,2.7766465527702007
69.74468765775045,-11.640687598879621,0.23717039335947132,-8.862795446993799,2.7778921518858226
69.99693089657153,-11.631542560712738,0.23709256126554146,-8.852342807396928,2.77919975331581
70.25008641493199,-11.622427161552547,0.2369452483629456,-8.841838174906536,2.780588986646011
70.50415751224219,-11.61338004452232,0.23690430090006864,-8.831281657747496,2.7820983867748232
70.7591474998454,-11.604419333264632,0.23671496982571277,-8.82067336510043,2.7837459681642027
71.01505970106085,-11.59557084104135,0.23653425886891316,-8.81001340709735,2.7855574339440015
71.27189745122715,-11.586850962522494,0.23602510442271396,-8.799301894817205,2.7875490677052888
71.52966409774568,-11.578264687516398,0.23570362027259895,-8.788538940281331,2.7897257472350674
71.78836300012429,-11.56981921525605,0.23505485097831244,-8.777724656448783,2.7920945588072676
72.04799753002101,-11.561501463577553,0.23392700053934984,-8.766859157211602,2.794642306365951
72.30857107128809,-11.553300835588232,0.2319688166552344,-8.755942557389949,2.797358278198283
72.57008702001595,-11.545191349462026,0.23239012611883564,-8.744974972727166,2.800216376734861
72.83254878457763,-11.537143560263587,0.23298948061542157,-8.733956519884746,2.803187040378841
73.09595978567305,-11.529124193014617,0.23469762596648405,-8.722887316437218,2.8062368765773993
73.36032345637369,-11.521092085296482,0.23558629868283631,-8.711767480866897,2.8093246044295856
73.62564324216731,-11.513012886155668,0.23597070437799889,-8.70059713255862,2.8124157535970475
73.89192260100285,-11.50484686787358,0.23597378391159599,-8.689376391794305,2.815470476079275
74.15916500333542,-11.496564227034337,0.23563288643289318,-8.678105379747523,2.8184588472868146
74.42737393217172,-11.488138282495814,0.23532112610684155,-8.666784218477895,2.8213540640179193
74.69655288311527,-11.47955013039536,0.2346010211272427,-8.655413030925466,2.824137099469894
74.966705364412,-11.470791276211331,0.2349941230535102,-8.643991940904977,2.8267993353063545
75.23783489699602,-11.461858401020464,0.23587976513567774,-8.63252107310005,2.829337327920415
75.50994501453548,-11.45276008786271,0.2364038830186385,-8.62100055305732,2.831759534805391
75.78303926347863,-11.443508628033138,0.23659068729770466,-8.609430507180452,2.834078120852686
76.05712120310001,-11.434123793429752,0.23678619326439349,-8.597811062724142,2.8363127307056093
76.33219440554694,-11.424628438249169,0.2368695675461939,-8.586142347787982,2.8384860904611866
76.60826245588589,-11.415046408682754,0.23695889047228302,-8.574424491310298,2.840621917372456
76.88532895214942,-11.405403346117836,0.23700223373626514,-8.562657623061883,2.8427457230559536
77.16339750538295,-11.39572121477826,0.23704390144705295,-8.550841873639715,2.844879341138544
77.44247173969177,-11.386021212033446,0.23706399145038948,-8.538977374460575,2.847043837572871
77.72255529228846,-11.37631945325981,0.23700233943322466,-8.527064257754565,2.849255195505245
78.00365181354013,-11.36662864578219,0.23691378717169906,-8.515102656558671,2.8515259892235196
78.28576496701601,-11.356957589213831,0.23676645869224514,-8.503092704710133,2.8538648845036985
78.5688984295353,-11.347310007904687,0.2366897308481162,-8.491034536839875,2.856275471064812
78.853055891215,-11.335211844612179,0.23642070642093127,-8.478928288365807,2.856283556246371
79.13824105551804,-11.274948237101594,0.23599421824496256,-8.466774095486096,2.8081741416154973
79.42445763930151,-11.198789873061841,0.23557157955352015,-8.454572095172377,2.744217777889464
79.71170937286517,-11.150749320442518,0.2358593746873392,-8.44232242516294,2.708426895279578
80.0,-11.141194387259198,0.2363165513829894,-8.430025223955834,2.7111691633033637
80.28933327803705,-11.131644913362823,0.23606119484274998,-8.417680630801943,2.7139642825608803
80.57971297789629,-11.12209240013544,0.23603476122000377,-8.405288785698025,2.7168036144374152
80.87114288413603,-11.112537618187872,0.23632026052152455,-8.392849829379674,2.719687788808198
81.1636267950019,-11.102973628218278,0.23656848270826272,-8.380363903314294,2.7226097249039842
81.45716852247654,-11.093401263587063,0.23675258321636655,-8.367831149694016,2.7255701138930473
81.75177189232933,-11.083819045562132,0.23675919485899144,-8.35525171142852,2.7285673341336114
82.04744074416612,-11.074222475540816,0.23680855573666942,-8.342625732137938,2.7315967434028785
82.34417893147935,-11.064619025161406,0.23679586487596757,-8.32995335614561,2.7346656690157953
82.64199032169827,-11.054992497657754,0.23682045485150566,-8.317234728470904,2.7377577691868495
82.9408787962393,-11.045355959003192,0.23690353795279556,-8.30446999482193,2.7408859641812615
83.24084825055664,-11.035693355351174,0.23697827933813834,-8.291659301588288,2.7440340537628867
83.5419025941931,-11.026003040092696,0.23701082990704483,-8.278802795833757,2.7472002442589396
83.84404575083097,-11.016282513948086,0.23705333094116596,-8.265900625288975,2.7503818886591116
84.14728165834313,-11.006501016288002,0.23706315713003914,-8.25295293834411,2.7535480779438917
84.45161426884457,-10.996681153198786,0.23705368513519995,-8.239959884041488,2.756721269157298
84.75704754874363,-10.986756968054841,0.23691053858122924,-8.226921612068216,2.7598353559866258
85.06358547879385,-10.976761215755925,0.23677342046274025,-8.213838272748827,2.762922943007098
85.37123205414589,-10.96664813258026,0.23655468438694946,-8.20071001703784,2.7659381155424203
85.67999128439948,-10.956386496062557,0.2366959338895321,-8.187536996512385,2.7688494995501713
85.9898671936557,-10.946011901980924,0.23688849012446195,-8.174319363364775,2.771692538616149
86.30086382056959,-10.935384744357819,0.23699605338976681,-8.16105727039509,2.774327473962728
86.6129852184025,-10.92463912306037,0.23710283398960594,-8.14775087100376,2.77688825205661
86.92623545507516,-10.913557731203326,0.2371544334561563,-8.134400319184131,2.7791574120191953
87.24061861322062,-10.902253300390246,0.23713695805716387,-8.121005769515056,2.7812475308751896
87.5561387902374,-10.89067265782647,0.23711398592149113,-8.107567377153467,2.783105280673002
87.87280009834294,-10.878557923453563,0.23704209122567788,-8.094085297826986,2.7844726256265773
88.19060666462727,-10.845250458377828,0.23688282341057285,-8.080559687826467,2.7646907705513613
88.50956263110668,-10.526638425579932,0.23689261902647685,-8.066990703998652,2.4596477215812804
88.82967215477768,-10.154233631721647,0.23690826938584023,-8.053378503738768,2.1008551279828787
89.15093940767139,-9.972448356719667,0.23691819225701619,-8.039723244983138,1.932725111736529
89.4733685769077,-9.957438885725447,0.23702390886743624,-8.026025086201845,1.931413799523602
89.79696386474983,-9.94054611907192,0.2370711628506322,-8.012284186391383,1.9282619326805364
90.12172948865935,-9.913824350065797,0.23708408794614969,-7.998500705067337,1.9153236449984599
90.44766968135086,-9.887051354969913,0.2370079109262018,-7.984674802257068,1.9023765527128447
90.7747886908473,-9.869760042812842,0.23696287973867503,-7.970806638492459,1.898953404320383
91.10309078053533,-9.85508493530093,0.23683772598078467,-7.9568963748026516,1.8981885604982782
91.43258022922082,-9.841169977189033,0.236665036972549,-7.942944172706801,1.898225804482232
91.7632613311846,-9.828390570878032,0.2364778578686999,-7.928950194206902,1.89944037667113
92.0951383962386,-9.81551694926174,0.23645443831268426,-7.914914601780614,1.9006023474811258
92.42821574978186,-9.802366460509415,0.23644656648598683,-7.90083755837409,1.9015289021353246
92.7624977328568,-9.789116329741159,0.23648041976147582,-7.886719227394938,1.902397102346221
93.0979887022062,-9.775571801310136,0.23659388603716783,-7.872559772705094,1.9030120286050414
93.4346930303295,-9.761830121283193,0.23659117327859897,-7.858359358613804,1.9034707626693894
93.7726151055401,-9.742927317106425,0.23639065572632545,-7.844118149870644,1.8988091672357807
94.1117593320225,-9.711026973924612,0.2360529360540493,-7.829836311658567,1.8811906622660457
94.45213012988958,-9.678200278955286,0.23571379989405322,-7.815514009586972,1.8626862693683135
94.79373193524032,-9.635811167866482,0.23517614956523333,-7.80115140968485,1.8346597581816315
95.13656920021768,-9.591374649577862,0.23495184768017013,-7.786748678393956,1.8046259711839054
95.4806463930664,-9.559050352001002,0.23473648256529359,-7.772305982562031,1.7867443694389706
95.82596799819136,-9.53769913288545,0.23472902163144685,-7.757823489436087,1.7798756434493628
96.17253851621624,-9.515586047088464,0.23451269781476924,-7.743301366655703,1.7722846804327608
96.52036246404175,-9.489601506853969,0.23451454288557505,-7.728739782246414,1.7608617246075546
96.8694443749048,-9.463796796975224,0.2347951866715244,-7.7141389046131374,1.7496578923620865
97.21978879843752,-9.443321218259781,0.23505454700547446,-7.699498902533634,1.7438223157261472
97.57140030072652,-9.42478597716889,0.23534222706028604,-7.684819945152056,1.7399660320168335
97.9242834643724,-9.397146457519195,0.2349793616466762,-7.670102201972533,1.7270442555466623
98.2784428885496,-9.355655565009064,0.23454529085557507,-7.655345842852804,1.70030972215626
98.6338831890661,-9.314643030410092,0.2343443586715638,-7.640551037997939,1.6740919924121531
98.99060899842377,-9.283093736024071,0.2345830611880632,-7.625717957954099,1.657375778069972
99.34862496587871,-9.251807361158356,0.23482235559436265,-7.610846773602363,1.640960587555993
99.70793575750186,-9.217094704737763,0.2351391329418265,-7.5959376561526115,1.6211570485851512
100.06854605623964,-9.180490934241906,0.23551771212797895,-7.580990777137482,1.5995001571044236
100.43046056197528,-9.137618836923085,0.23574340576716973,-7.566006308406388,1.571612528516697
100.79368399158986,-9.078785779987554,0.23589817616622052,-7.550984422119583,1.5278013578679701
101.15822107902378,-9.019777291019771,0.23608607618070854,-7.535925290742342,1.4838520002774294
101.52407657533864,-8.84662517382073,0.23619145749981332,-7.520829087039136,1.3257960867815939
101.89125524877898,-8.659811981727891,0.2363095665067013,-7.505695984067945,1.1541159976599467
102.25976188483445,-8.53879155818958,0.2363238897890451,-7.4905261551745985,1.0482654030149812
102.62960128630226,-8.479384119381198,0.23624324343125644,-7.475319773987196,1.004064345394002
103.00077827334977,-8.447630670182335,0.23608608164404535,-7.460077014410602,0.987553655771733
103.37329768357718,-8.52021789389023,0.23602290665571302,-7.44479805062101,1.07541984326922
103.74716437208076,-8.600820853577298,0.2358633217371952,-7.429483057060569,1.1713377965167293
104.12238321151604,-8.610949239015273,0.23565003907009843,-7.414132208432099,1.1968170305831745
104.49895909216124,-8.599367070852363,0.23520878354334207,-7.398745679693878,1.200621391158485
104.87689692198116,-8.58776892872212,0.23482170687295925,-7.3833236460544835,1.2044452826676366
105.256201626691,-8.576110134360722,0.2343890391534701,-7.36786628296772,1.2082438513930018
105.63687814982072,-8.564395551668337,0.2344639455712334,-7.352373766127639,1.2120217855406983
106.0189314527793,-8.552540590235006,0.23368720608115845,-7.3368462714636005,1.2156943187714058
106.40236651491952,-8.540579479215943,0.23460500146698499,-7.321283975135425,1.2192955040805176
106.78718833360271,-8.52843211236867,0.2355969011826138,-7.305687053528644,1.222745058840026
107.17340192426424,-8.516112451940343,0.2359704273668224,-7.2900556832497765,1.2260567686905661
107.56101232047834,-8.418065977728387,0.23614392099998763,-7.274390041121733,1.1436759366066545
107.95002457402416,-8.07641214003591,0.23623893091534556,-7.258690304179259,0.8177218358566503
108.3404437549514,-7.741520354052946,0.23616720156302318,-7.242956649664477,0.4985637043884683
108.7322749516465,-7.525653980355894,0.23603261473527956,-7.227189255022491,0.2984647253334032
109.12552327089878,-7.334003358254791,0.23598371070666063,-7.21138829789709,0.12261506035770164
109.52019383796724,-7.227804872471131,0.23611720426311344,-7.195553956126479,0.03225091634465205
109.91629179664712,-7.204378086678968,0.23604839312817774,-7.179686407739164,0.024691678939804618
110.3138223093371,-7.181101500513539,0.2357457199745663,-7.163785830949829,0.017315669563710223
110.71279055710656,-7.159439405070208,0.23506903904776397,-7.147852404155351,0.011587000914857093
111.113201739763,-7.137693284740043,0.23496047257437283,-7.131886305930886,0.005806978809157037
111.51506107591992,-7.117926972811166,0.23510776641774125,-7.1158877150259805,0.0020392577851851
111.9183738030649,-7.098769458793781,0.23537312098378385,-7.099856810360808,-0.0010873515670271061
112.32314517762758,-7.081501336316486,0.23537039953623098,-7.083793771022491,-0.002292434706005153
112.72938047504849,-7.067337777443835,0.2353954427580204,-7.0676987762614365,-0.0003609988176016543
113.1370849898476,-7.052030164672154,0.2357541978265684,-7.051572005487817,0.0004581591843377808
113.54626403569344,-7.026438401082909,0.23630068795386888,-7.035413638268067,-0.008975237185158136
113.95692294547224,-6.999788354699929,0.23655413725572305,-7.019223854321517,-0.019435499621588193
114.3690670713576,-6.979586994661866,0.236682056569682,-7.0030028335170185,-0.023415838855152415
114.78270178488005,-6.963259197585913,0.2367163340202327,-6.986750755869723,-0.02349155828381022
115.19783247699708,-6.890137086831264,0.23668568158611467,-6.9704678015378905,-0.08033071470662634
115.61446455816372,-6.655441323005251,0.23664622173437494,-6.954154150819775,-0.2987128278145246
116.03260345840262,-6.430807910454809,0.23654812903376543,-6.937809984150582,-0.507002073695773
116.45225462737498,-6.362312152382736,0.2363846797638106,-6.921435482099515,-0.5591233297167788
116.87342353445176,-6.330809167902417,0.23601458198566364,-6.905030825366844,-0.5742216574644274
117.29611566878468,-6.308649858889909,0.23577001086204685,-6.888596194781115,-0.579946335891206
117.72033653937793,-6.295835656221917,0.23499029820587747,-6.872131771296367,-0.5762961150744497
118.14609167515997,-6.2831978965126485,0.23478764677006456,-6.8556377359894265,-0.572439839476778
118.57338662505542,-6.271238407498679,0.23486156264248567,-6.839114270057308,-0.5678758625586298
119.00222695805763,-6.265789865781939,0.23520833240267605,-6.822561554814634,-0.5567716890326944
119.43261826330118,-6.443634017673056,0.23592145685787333,-6.805979771691131,-0.362345754018075
119.86456615013454,-6.6942469152158735,0.2362974545652362,-6.789369102229222,-0.09512218701334874
120.29807624819333,-6.847199552441654,0.23656238972181315,-6.772729728081625,0.0744698243600288
120.73315420747385,-6.834840685779248,0.23667745267277465,-6.756061831009068,0.07877885477018065
121.16980569840632,-6.822219701181246,0.2367806486392053,-6.739365592878027,0.08285410830321904
121.60803641192916,-6.803133708733291,0.23683772318570784,-6.722641195658542,0.08049251307474847
122.04785205956306,-6.783729748226889,0.23680185045878302,-6.705888821422089,0.07784092680479926
122.48925837348524,-6.730038375462553,0.23690095755549576,-6.68910865233949,0.04092972312306298
122.93226110660429,-6.655218338740562,0.23695947510439222,-6.672300870678933,-0.01708253193837095
123.37686603263526,-6.594841326563443,0.2369899797925478,-6.655465658803965,-0.060624332240521994
123.82307894617476,-6.57434072820861,0.23692903545576352,-6.638603199171612,-0.0642624709630022
124.2709056627764,-6.5547756825756,0.23692169177184322,-6.621713674330518,-0.06693799175491844
124.72035201902696,-6.518537475148873,0.23691310251813966,-6.604797266919129,-0.08625979177025567
125.17142387262194,-6.47967804673827,0.2368269876963889,-6.5878541596639435,-0.10817611292567353
125.62412710244227,-6.435589732570026,0.23668501292575123,-6.570884535377813,-0.1352948028077865
126.07846760863092,-6.386102883243115,0.23626205549296703,-6.553888576958258,-0.16778569371514251
126.53445131266956,-6.336427874140109,0.23571250347683917,-6.536866467385879,-0.20043859324576996
126.99208415745596,-6.2860772461608425,0.2358339608863049,-6.519818389722768,-0.2337411435619252
127.45137210738136,-6.235677790554216,0.23579210659478758,-6.50274452711099,-0.2670667365567745
127.91232114840818,-6.200215457567687,0.23538177669711938,-6.485645062771087,-0.2854296052034
128.3749372881481,-6.170058047182217,0.2344764391398383,-6.468520180000621,-0.29846213281840406
128.83922655594034,-6.097501510776962,0.23524163193738115,-6.451370062172799,-0.35386855139583684
129.3051950029302,-5.950478108196164,0.23594382860272362,-6.434194892735054,-0.4837167845388892
129.77284870214783,-5.815401462994986,0.23626833401287037,-6.416994855207747,-0.6015933922127612
130.24219374858782,-5.768149456358974,0.2365377581332241,-6.399770133182829,-0.6316206768238555
130.713236259288,-5.734308125071127,0.23641522614004315,-6.382520910322593,-0.6482127852514656
131.1859823734096,-5.6890784074751775,0.23633753363845036,-6.365247370358427,-0.6761689628832492
131.6604382523172,-5.63657002700681,0.23618039929804804,-6.347949697089578,-0.7113796700827679
132.1366100796589,-5.583956025249061,0.23632122014228787,-6.330628074381997,-0.7466720491329362
132.61450406144698,-5.531075999861628,0.2363209574442689,-6.313282686167166,-0.7822066863055381
133.0941264261389,-5.477825932392404,0.23626659297804825,-6.295913716440949,-0.8180877840485445
133.5754834247183,-5.417881991638595,0.23618571197557997,-6.27852134926249,-0.8606393576238949
134.05858133077646,-5.356357807015027,0.23596912606983347,-6.261105768753122,-0.9047479617380949
134.54342644059432,-5.2970190173506815,0.23568108602656454,-6.243667159095287,-0.9466481417446051
135.03002507322424,-5.240026885149705,0.23503449194768997,-6.226205704531469,-0.986178819381764
135.51838357057244,-5.18495779041442,0.23491748118590605,-6.208721589363179,-1.0237637989487594
136.00850829748188,-5.144431307193379,0.2351500367772619,-6.191214997949888,-1.0467836907565085
136.5004056418149,-5.104028720753737,0.23551021578213194,-6.173686114708048,-1.0696573939543113
136.99408201453647,-5.072335146432116,0.23556286399019277,-6.156135124110076,-1.0837999776779599
137.48954384979822,-5.043795297453845,0.23588482571164346,-6.138562210683347,-1.0947669132295017
137.98679760502174,-5.0103883085189755,0.23616307226571356,-6.120967559009212,-1.110579250490236
138.4858497609829,-4.968346441300642,0.23641156382139522,-6.103351353722033,-1.1350049124213912
138.9867068218965,-4.927206922211202,0.23645948340296627,-6.085713779508179,-1.1585068572969774
139.4893753155009,-4.895753351090186,0.2365343225181627,-6.068055021105068,-1.1723016700148818
139.99386179314303,-4.865533547908094,0.2365573017064938,-6.050375263300186,-1.1848417153920918
140.50017282986397,-4.84228274268674,0.23653337909461367,-6.032674690930105,-1.1903919482433656
141.0083150244844,-4.823649456459093,0.23652424822535717,-6.014953488879529,-1.1913040324204358
141.5182949996908,-4.805137683989849,0.23619944004564472,-5.9972118420802705,-1.1920741580904215
142.0301194021217,-4.786954588781627,0.23602260861299354,-5.979449935510315,-1.1924953467286885
142.5437949024543,-4.768708972830574,0.23590297527527343,-5.961667954192781,-1.1929589813622075
143.05932819549133,-4.748650718040285,0.23612986715141385,-5.943866083194951,-1.1952153651546666
143.57672600024858,-4.728167682414516,0.23643022705682806,-5.926044507627214,-1.1978768252126981
144.09599506004207,-4.708344049458113,0.23650798164194517,-5.90820341264209,-1.1998593631839771
144.61714214257614,-4.6892455909889454,0.2363342758872191,-5.890342983433163,-1.2010973924442174
145.1401740400319,-4.669915064198236,0.23582743858141694,-5.872463405234026,-1.20254834103579
145.66509756915525,-4.648467206168129,0.2350526942514137,-5.854564863317209,-1.2060976571490798
146.1919195713461,-4.626896376154188,0.23510579241127497,-5.836647542993106,-1.2097511668389176
146.72064691274738,-4.6006029062116225,0.23531064328232493,-5.8187116296088455,-1.218108723397223
147.25128648433466,-4.572283012458534,0.23512949277279985,-5.800757308547175,-1.228474296088641
147.78384520200566,-4.440440275603713,0.2350958404718459,-5.7827847652252995,-1.3423444896215866
148.31833000667083,-4.112861984623012,0.2347167063469902,-5.764794185093712,-1.6519322004707
148.85474786434347,-3.788054876762117,0.23443313562269702,-5.746785753634986,-1.9587308768728686
149.39310576623052,-3.7621010249341467,0.23437653901971606,-5.728759656362555,-1.966658631428408
149.933410728824,-3.748333663861759,0.23467335207048504,-5.71071607881944,-1.9623824149576814
150.47566979399204,-3.734557755989477,0.23518650165083207,-5.692655206576985,-1.9580974505875082
151.01989002907095,-3.7207669341219,0.2352811971693265,-5.674577225233528,-1.953810291111628
151.56607852695726,-3.7069560639639354,0.23490270268031282,-5.6564823204130406,-1.9495262564491052
152.11424240620005,-3.693122720811041,0.23422091435577214,-5.6383706777637865,-1.9452479569527457
152.66438881109383,-3.679269339408843,0.2350611467132531,-5.62024248295686,-1.9409731435480166
153.21652491177178,-3.665393924464597,0.23600039949576493,-5.602097921684743,-1.936703997220146
153.77065790429887,-3.65150468812641,0.23628098734313285,-5.583937179659859,-1.932432491533449
154.32679501076586,-3.6376048299223616,0.23630262523938605,-5.565760442612988,-1.9281556126906265
154.88494347938354,-3.623699898644878,0.23617096809796106,-5.5475678962917305,-1.9238679976468527
155.44511058457695,-3.6097994711740116,0.2359469945325027,-5.5293597264589005,-1.919560255284889
156.00730362708023,-3.5959089657665153,0.2357832982352434,-5.511136118890876,-1.915227153124361
156.571529934032,-3.582034204159463,0.23537506068688935,-5.492897259375907,-1.9108630552164438
157.13779685907062,-3.5681955383069255,0.23537163683314483,-5.474643333712392,-1.9064477954054668
157.70611178243,-3.5543863357407774,0.23530780776514798,-5.456374527707086,-1.9019881919663089
158.27648211103607,-3.6322757334920768,0.2347672766477225,-5.438091027173293,-1.8058152936812162
158.84891527860304,-3.890118323592847,0.2356462544240183,-5.41979301792898,-1.5296746943361335
159.42341874573032,-4.125760128348361,0.23638886963955125,-5.401480685794906,-1.2757205574465447
160.0,-4.1729566164922325,0.23682985274807558,-5.3831542165925965,-1.210197600100364
160.5786665560741,-4.188608459536379,0.23700359039407637,-5.364813796142381,-1.1762053366060021
161.1594259557926,-4.195212876697885,0.23712421753256957,-5.34645961026133,-1.151246733563445
161.74228576827207,-4.195400589316947,0.23716614725428206,-5.328091844761113,-1.1326912554441666
162.3272535900038,-4.195652131074055,0.23712707631532406,-5.309710685445874,-1.1140585543718196
162.91433704495307,-4.196185884079076,0.2371114845131968,-5.291316318110023,-1.0951304340309473
163.50354378465866,-4.1965226839450995,0.23703088508456627,-5.2729089285359265,-1.076386244590827
164.09488148833225,-4.191304270056722,0.23702530164526553,-5.254488702491659,-1.0631844324349373
164.6883578629587,-4.184705976628821,0.23690739348675252,-5.236055825728579,-1.0513498490997586
165.28398064339655,-4.218821037781021,0.2366868603145956,-5.217610483978951,-0.9987894461979296
165.8817575924786,-4.301270718336463,0.23645433656854373,-5.19915286295346,-0.8978821446169967
166.48169650111328,-4.3812864056914025,0.23593069205467168,-5.180683148338662,-0.7993967426472599
167.0838051883862,-4.442943670250935,0.23571124395713322,-5.162201525794439,-0.7192578555435034
167.68809150166194,-4.503899831918469,0.2354124397745895,-5.143708180951336,-0.639808349032867
168.29456331668626,-4.514173415043995,0.2355009093441733,-5.125203299407889,-0.6110298843638935
168.90322853768913,-4.503226068570603,0.23576288601157228,-5.106687066727864,-0.603460998157261
169.51409509748726,-4.492559925157787,0.2361201137507324,-5.088159668437474,-0.5955997432796876
170.1271709575877,-4.4825043121071,0.2362547970892369,-5.069621290022513,-0.5871169779154135
170.74246410829178,-4.47248664886916,0.236277239961055,-5.051072116925438,-0.5785854680562776
171.35998256879896,-4.462981774893198,0.23607483040261376,-5.03251233454243,-0.5695305596492322
171.9797343873114,-4.453567348317158,0.2363270165135236,-5.013942128220347,-0.5603747799031895
172.60172764113918,-4.441988303546959,0.23642650500976567,-4.995361683253668,-0.5533733797067084
173.225970436805,-4.428841643664037,0.23668730555986192,-4.976771184881336,-0.5479295412172993
173.85247091015032,-4.4157200241192225,0.23687618768326765,-4.958170818283606,-0.5424507941643837
174.48123722644124,-4.402568521199997,0.23693764171795317,-4.9395607685787795,-0.536992247378782
175.1122775804748,-4.389490368683521,0.23691331622488745,-4.920941220819918,-0.5314508521363965
175.74560019668587,-4.376444481582774,0.23686454714946834,-4.9023123599915,-0.5258678784087261
176.38121332925454,-4.363492720747129,0.23664965146363395,-4.883674371006008,-0.5201816502588796
177.01912526221335,-4.35248317108712,0.236515364695013,-4.865027438700478,-0.5125442676133583
177.65934430955537,-4.343850633479893,0.23610832047438887,-4.846371747832999,-0.5025211143531054
178.30187881534275,-4.335728222268534,0.23595868724219746,-4.827707483079128,-0.4919792608105942
178.9467371538154,-4.330689960796168,0.23547228279357763,-4.809034829028296,-0.47834486823212785
179.59392772949963,-4.325995359487283,0.2344810040742865,-4.790353970180152,-0.46435861069286855
180.2434589773187,-4.32302438239631,0.2331850071971335,-4.77166509094081,-0.44864070854449967
180.8953393627017,-4.321007511349198,0.23205516315750213,-4.752968375619127,-0.43196086426992863
181.5495773816946,-4.3168354795684705,0.23235120136550497,-4.734264008422855,-0.4174285288543844
182.20618156107065,-4.307809549230375,0.2340837229630403,-4.715552173454793,-0.40774262422441865
182.86516045844164,-4.299017487857812,0.2351391643615746,-4.696833054708868,-0.39781556685105635
183.5265226623692,-4.268158382742811,0.2357650850281025,-4.678106836066181,-0.40994845332336993
184.1902767924772,-4.236167386565156,0.23593912185163982,-4.659373701290995,-0.4232063147258387
184.8564314995637,-4.200859075072755,0.23550377138919432,-4.640633834026675,-0.43977475895392004
185.52499546571363,-4.163014864092455,0.23516309923415382,-4.621887417791624,-0.4588725536991687
186.1959774044124,-4.125721717818127,0.23480539419216967,-4.60313463597511,-0.4774129181569826
186.869386060659,-4.0900894710542515,0.235051630394167,-4.584375671833095,-0.4942862007788431
187.5452302110802,-4.054448941068845,0.2352391216027462,-4.565610708484011,-0.5111617674151665
188.223518664045,-4.044780810886629,0.23542172649199197,-4.546839928904506,-0.5020591180178764
188.9042602597792,-4.0407866721278065,0.23570888304113852,-4.528063515925129,-0.4872768437973223
189.58746387048063,-4.00543967816301,0.23605216415419372,-4.509281652225996,-0.5038419740629863
190.27313840043536,-3.930269489620745,0.2364023291689891,-4.490494520332395,-0.5602250307116501
190.9612927861328,-3.8603781854392683,0.23654674023457453,-4.471702302610403,-0.6113241171711348
191.65193599638275,-3.818397110492252,0.23660638981763016,-4.452905181262417,-0.6345080707701651
192.3450770324325,-3.7792780594520536,0.23670258694649107,-4.434103338322671,-0.654825278870617
193.04072492808356,-3.755730395700388,0.23665875542377696,-4.41529695565274,-0.6595665599523519
193.7388887498096,-3.7390513295898256,0.23655117824310845,-4.396486214936995,-0.6574348853471692
194.43957759687504,-3.719381377927556,0.2364375614711914,-4.377671297678009,-0.6582899197504526
195.14280060145305,-3.693544949059918,0.23634880331369595,-4.358852385191996,-0.6653074361320783
195.8485669287448,-3.6680662626359872,0.23620482178540902,-4.340029658604163,-0.6719633959681754
196.5568857770992,-3.6484725796665067,0.23608791519203398,-4.321203298844065,-0.672730719177558
197.2677663781322,-3.6298398830105114,0.2361125527175857,-4.3023734866409455,-0.6725336036304341
197.9812179968475,-3.610320422940447,0.23604966662583066,-4.283540402519036,-0.6732199795785894
198.69724993175743,-3.590147702942879,0.23609611060186017,-4.264704226792857,-0.6745565238499784
199.4158715150037,-3.5649687149021894,0.236123326226611,-4.245865139562477,-0.680896424660288
200.13709211247928,-3.517533931048531,0.23626775978936182,-4.227023320708787,-0.7094893896602557
200.86092112395056,-3.4701995248080415,0.23633351826359608,-4.208178949888721,-0.7379794250806793
201.5873679831797,-3.4192784692566516,0.23624709445564795,-4.189332206530514,-0.7700537372738623
202.31644215804755,-3.367621943522428,0.23616700810611438,-4.1704832698289005,-0.8028613263064726
203.0481531506773,-3.3147056914719393,0.2359760052520238,-4.151632318740341,-0.8369266272684017
203.78251049755795,-3.260070753415251,0.2356528850322302,-4.132779531978215,-0.8727087785629637
204.5195237696689,-3.2024555298520028,0.23540904029872253,-4.113925088008037,-0.9114695581560346
205.2592025726045,-3.1173822438148147,0.23557841390852044,-4.095069165042645,-0.9776869212278303
206.00155654669956,-3.0311180880750808,0.23558113468069106,-4.076211941037389,-1.0450938529623084
206.7465953671544,-2.910267413185398,0.2357285824780283,-4.057353593685364,-1.147086180499966
207.49432874416155,-2.773220342688795,0.23573812674857222,-4.038494300412561,-1.2652739577237657
208.2447664230321,-2.5993927113322375,0.23553206841408447,-4.019634238373111,-1.420241527040874
208.9979181843225,-2.344688064352095,0.2350931880896079,-4.000773584444495,-1.6560855200924003
209.7537938439623,-2.1054337758846966,0.23468783340078142,-3.981912515222739,-1.8764787393380424
210.512403253382,-2.0623883977211683,0.2343956728181471,-3.9630512070176938,-1.9006628092965254
211.27375629964143,-2.0534438540820616,0.23405916006941996,-3.944189835848238,-1.8907459817661763
212.0378629055586,-2.1243538120021785,0.2338559150931154,-3.9253285774375706,-1.800974765435392
212.80473302983904,-2.2601941076890846,0.23389612905987886,-3.906467607208479,-1.6462734995193946
213.57437666720543,-2.3768854205652197,0.2343662577100495,-3.887607100278645,-1.5107216797134253
214.34680384852845,-2.415588721282921,0.23498419066809237,-3.868747231455965,-1.453158510173044
215.12202464095668,-2.452285130723304,0.2354485193802456,-3.849888175233896,-1.3976030445105918
215.9000491480483,-2.483411784566453,0.2359156565881521,-3.8310301057868377,-1.3476183212203847
216.6808875099028,-2.512813236518298,0.23615697423276635,-3.812173196965519,-1.2993599604472212
217.464549903293,-2.521761900285904,0.2360952550668583,-3.7933176222924416,-1.2715557220065374
218.2510465417976,-2.5028156979438307,0.23560254632771008,-3.77446355495735,-1.2716478570135195
219.04038767593448,-2.488470669148672,0.23477164919270208,-3.7556111678127184,-1.2671404986640464
219.83258359329423,-2.523017541409276,0.2336817695815838,-3.7367606333693066,-1.2137430919600307
220.6276446186742,-2.5593658696879444,0.2331861916782428,-3.7179121237917236,-1.1585462541037792
221.42558111421312,-2.585118532402074,0.23277505298564669,-3.6990658108940475,-1.1139472784919735
222.22640347952603,-2.605377690017443,0.23209636266043737,-3.680221866135519,-1.0748441761180758
223.03012215183983,-2.5848945327950563,0.2320807502608833,-3.661380460616218,-1.0764859278211616
223.8367476061298,-2.467135800736985,0.23265488647141175,-3.6425417650728296,-1.1754059643358445
224.6462903552552,-2.349326253700257,0.23323577918604826,-3.6237059498744904,-1.2743796961742335
225.45876095009697,-2.321789769574689,0.23356102693129094,-3.604873185018608,-1.2830834154439188
226.2741699796952,-2.3021083166312213,0.2332298974843995,-3.586043640126807,-1.283935323495586
227.09252807138688,-2.274531839777259,0.23290994479915264,-3.567217484440911,-1.2926856446636519
227.9138458909445,-2.2402910857121974,0.23241005393787342,-3.5483948868189703,-1.308103801106773
228.7381341427152,-2.2046618490548884,0.23255832425062503,-3.5295760157313705,-1.324914166676482
229.5654035697601,-2.1644322996561733,0.23271545276846903,-3.510761039256998,-1.3463287396008248
230.39566495399416,-2.1238267344884783,0.23234883341661877,-3.4919501250794815,-1.3681233905910033
231.22892911632744,-2.0322899357736155,0.2323712484556319,-3.4731434404834824,-1.440853504709867
232.06520691680524,-1.927228704046593,0.23228680010596017,-3.4543411523510814,-1.5271124483044884
232.90450925475,-1.8557312532795596,0.23199076829498627,-3.435543427158232,-1.5798121738786723
233.74684706890352,-1.8315972966349605,0.23230495179472102,-3.4167504309712684,-1.585153134336308
234.59223133756936,-1.807729001801512,0.23250854803614943,-3.397962329443527,-1.5902333276420149
235.44067307875585,-1.7857068343598463,0.23277669851187865,-3.379179287812025,-1.5934724534521787
236.2921833503199,-1.7638668087274159,0.23248976602815827,-3.3604014708942316,-1.5965346621668157
237.14677325011084,-1.7436089453916388,0.23191509265799634,-3.341629043084911,-1.5980200976932721
238.0044539161153,-1.7241399188284685,0.23182280212618725,-3.3228621683530775,-1.598722249524609
238.8652365266024,-1.7019382582884823,0.23273739078689185,-3.3041010102390223,-1.60216275195054
239.72913230026907,-1.6730018359991536,0.23323164707980387,-3.285345731851414,-1.6123438958522605
240.59615249638665,-1.6452356109256865,0.23345080740654164,-3.266596495864549,-1.6213608849388623
241.4663084149477,-1.6312148015439494,0.23441415099922266,-3.2478534645156305,-1.6166386629716811
242.33961139681264,-1.6199833486275583,0.234332627316845,-3.2291167996022,-1.6091334509746416
243.21607282385835,-1.6110320186845666,0.23445230025641126,-3.210386662479628,-1.5993546437950612
244.0957041191261,-1.6041006405422547,0.2342250674240703,-3.191663214058745,-1.5875625735164904
244.97851674697048,-1.5962539657778763,0.23428319185186927,-3.1729466148035232,-1.576692649025647
245.86452221320852,-1.5830288868145583,0.23429909106173166,-3.1542370247289515,-1.5712081379143932
246.75373206527053,-1.5699716326538766,0.23439851704019027,-3.1355346033989075,-1.565562970745031
247.64615789234952,-1.5579643995301602,0.2342942337930711,-3.1168395099242274,-1.5588751103940672
248.54181132555283,-1.5463897222838963,0.23409727173529116,-3.0981519029608653,-1.551762180676969
249.44070403805392,-1.5324846396424334,0.23355068055084469,-3.0794719407081144,-1.546987301065681
250.3428477452439,-1.5151243265188477,0.23315443551321527,-3.0607997809070495,-1.5456754543882019
251.24825420488455,-1.4986990778879168,0.23288777141015668,-3.0421355808389774,-1.5434365029510606
252.15693521726183,-1.4895257123835428,0.23326664657761775,-3.0234794973240633,-1.5339537849405205
253.06890262533915,-1.4810177900838255,0.2338827465962108,-3.004831686720091,-1.5238138966362653
253.9841683149119,-1.4709405232490198,0.23446362869791298,-2.986192304921303,-1.515251781672283
254.9027442147627,-1.4600800155610916,0.2347949682577393,-2.967561507357387,-1.5074814917962955
255.8246422968164,-1.4492559825306195,0.23485936206955665,-2.948939448992603,-1.4996834664619834
256.7498745762962,-1.4383574696801027,0.23496263613467444,-2.930326284325013,-1.4919688146449102
257.6784531118807,-1.4275319586689932,0.23506706589227416,-2.9117221673858444,-1.4841902087168513
258.6103900058604,-1.4170866022553845,0.23481942337105746,-2.893127251739016,-1.4760406494836316
259.5456974042957,-1.406711660950517,0.23499889300543134,-2.874541690480737,-1.4678300295302198
260.48438749717565,-1.3932140036443617,0.2355214044982947,-2.8559656362392993,-1.4627516325949377
261.426472518576,-1.3768803740153963,0.23575651762230057,-2.837399241174964,-1.4605188671595677
262.3719647468192,-1.3605686854161227,0.23595782666289347,-2.8188426569800367,-1.458273971563914
263.3208765046344,-1.344579766887751,0.23604596795367563,-2.8002960348789863,-1.4557162679912352
264.2732201593178,-1.3312224738456244,0.23594453684226677,-2.781759525628813,-1.4505370517831886
265.229008122894,-1.38388900592809,0.23575309868274097,-2.763233279519485,-1.379344273591395
266.1882528522778,-1.4600427143378472,0.23573442942499412,-2.7447174463745494,-1.2846747320367022
267.1509668494366,-1.6211218263916045,0.23565868357684738,-2.7262121755518574,-1.1050903491602528
268.1171626615529,-1.9106929962451424,0.2356196574507215,-2.7077176159444827,-0.7970246196993402
269.08685288118863,-2.174813957023339,0.2356339587171893,-2.689233915981731,-0.514419958958392
270.0600501464485,-2.0770677452579935,0.235480255430367,-2.6707612236303224,-0.5936934783723289
271.0367671411449,-1.962423444514771,0.23519680646592492,-2.652299686395742,-0.6898762418809712
272.01701659496376,-1.806705879487124,0.23499839883390217,-2.6338494513236816,-0.8271435718365576
273.00081128362973,-1.6277360909385532,0.2352677930376252,-2.615410665001698,-0.9876745740631447
273.98816402907295,-1.45130067207249,0.23546322353726895,-2.596983473560973,-1.145682801488483
274.97908769959645,-1.2816225880875223,0.23563954254070504,-2.578568022678245,-1.2969454345907225
275.97359521004347,-1.111996982431089,0.23580759777204485,-2.560164457577878,-1.4481674751467892
276.9716995219658,-0.8839472680141416,0.23551545956299155,-2.5417729230341197,-1.6578256550199781
277.973413643793,-0.6490165413094875,0.2350344583342842,-2.5233935633734506,-1.874377022063963
278.9787506310018,-0.5059834638904093,0.23404811098511716,-2.5050265224771655,-1.9990430585867562
279.98772358628605,-0.4485737609158331,0.23472522210105773,-2.4866719437840166,-2.0380981828681835
281.00034565972794,-0.39995717159000854,0.2349841743230778,-2.468329970293106,-2.0683727987030975
282.0166300489688,-0.3846250729753429,0.23511986940990623,-2.450000744566864,-2.065375671591521
283.0365899993816,-0.37187055253579615,0.23511165630719413,-2.4316844087342173,-2.059813856198421
284.0602388042434,-0.3591452918364073,0.2349478482420122,-2.413381104493892,-2.0542358126574847
285.0875898049086,-0.3465826762689037,0.23487016992004361,-2.395090973117894,-2.0485082968489903
286.11865639098266,-0.3340958945163184,0.2342737856387969,-2.3768141554551505,-2.042718260938832
287.1534520004972,-0.32160470787025197,0.234079928215881,-2.358550791935242,-2.03694608406499
288.19199012008414,-0.30927070211570573,0.23435852546857502,-2.3403010225724143,-2.0310303204567086
289.2342842851523,-0.29671723552296925,0.2348904263014489,-2.3220649869696057,-2.0253477514466365
290.2803480800638,-0.28430426186207924,0.23529847114492453,-2.3038428243227527,-2.0195385624606734
291.3301951383105,-0.2715631529408835,0.23539499850970005,-2.2856346734251605,-2.014071520484277
292.3838391426922,-0.2586863805277648,0.23557119975297436,-2.267440672672096,-2.008754292144331
293.4412938254948,-0.23054860660740317,0.23574534828375632,-2.249260960065491,-2.018712353458088
294.5025729686693,-0.15903661806758151,0.23601077071174362,-2.231095673218837,-2.0720590551512554
295.56769040401133,-0.08764692917397099,0.2360545372923998,-2.21294494936219,-2.125298020188219
296.63666001334167,-0.017248474476801334,0.2362161352640665,-2.1948089253473952,-2.177560450870594
297.70949572868693,0.05294845230123002,0.23631080670744498,-2.176687737653399,-2.229636189954629
298.78621153246104,0.13434253171588573,0.23619782735358855,-2.1585815223917546,-2.2929240541076403
299.866821457648,0.2265474713595239,0.23606940630021198,-2.1404904153122786,-2.3670378866718025
300.9513395879841,0.31168300316117836,0.2358941805101696,-2.1224145518088404,-2.434097554970019
302.0397800581419,0.35044209871453447,0.2356108920393615,-2.1043540669253415,-2.454796165639876
303.1321570539145,0.38928886139084007,0.23524401420669386,-2.086309095361781,-2.475597956752621
304.2284848124001,0.42507122105025985,0.23507954345269574,-2.0682797714805616,-2.4933509925308215
305.32877762218766,0.4599251835492364,0.2349382188550856,-2.050266229312851,-2.5101914128620875
306.4330498235436,0.514030502193016,0.2345627105515743,-2.032268602565167,-2.546299104758183
307.54131580859774,0.5987199602686832,0.23431137223723378,-2.014287024626065,-2.6130069848947484
308.6535900215317,0.6799915891723707,0.2340064141099121,-1.9963216285730043,-2.676313217745375
309.7698869587671,0.723968065470924,0.23373270708462857,-1.9783725471793199,-2.702340612650244
310.8902211691539,0.764548557724579,0.23399824026507068,-1.9604399129213794,-2.7249884706459584
312.01460725416047,0.8022913424783873,0.23447743498034593,-1.9425238579858612,-2.7448152004642488
313.14305986806403,0.8383411840491277,0.2347000507465556,-1.9246245142771712,-2.762965698326299
314.27559371814124,0.870180406132885,0.234874152003812,-1.906742013425024,-2.776922419557909
315.41222356486,0.8907068796609732,0.2346116110309931,-1.888876486792137,-2.77958336645311
316.5529642220721,0.9104686159859003,0.23461682443626639,-1.871028065482067,-2.781496681467967
317.6978305572061,0.9228063237059878,0.23479332143643783,-1.853196880347187,-2.7760032040531746
318.84683749146063,0.9334069834761678,0.2347129206719191,-1.8353830619968212,-2.768790045472989
320.0,0.9393347352737731,0.23472076369688524,-1.8175867408054498,-2.756921476079223
321.157333112148,0.9406032565789264,0.23437650602846574,-1.7998080469211248,-2.7404113035000512
322.31885191158534,0.9422534388838457,0.23381465534272605,-1.7820471102739392,-2.724300549157785
323.48457153654414,0.9463691758813209,0.23319216795257794,-1.764304060584691,-2.710673236466012
324.6545071800075,0.9498652861900148,0.23282733633078775,-1.7465790273736062,-2.696444313563621
325.82867408990626,0.9350590306018383,0.23240872558663037,-1.7288721399692524,-2.6639311705710904
327.0070875693173,0.9130240699229901,0.23245248574156155,-1.7111835275175176,-2.624207597440508
328.18976297666444,0.8876993911781952,0.23363374773506698,-1.693513318990742,-2.5812127101689373
329.3767157259175,0.8568844686548562,0.23443511495108613,-1.6758616431969475,-2.5327461118518038
330.5679612867931,0.8253463801980345,0.23509976779352815,-1.6582286287892074,-2.483575008987242
331.7635151849571,0.7805139223851345,0.23530929828740438,-1.6406144042750976,-2.421128326660232
332.9633930022266,0.7349162828035318,0.235421976394681,-1.6230190980262653,-2.3579353808297974
334.1676103767724,0.700333574112646,0.23515788165634535,-1.605442838288156,-2.3057764124008022
335.3761830033238,0.6724906629153597,0.23486695914098416,-1.587885753189743,-2.2603764161051028
336.5891266333727,0.6350699540403806,0.23436829148504593,-1.5703479707534738,-2.2054179247938546
337.80645707537826,0.5706228341649808,0.23386938668900567,-1.552829618905239,-2.12345245307022
339.0281901949744,0.5055465524672602,0.23400398293241376,-1.5353308254844644,-2.0408773779517246
340.2543419151755,0.4599045068080798,0.23405352797261342,-1.5178517182543072,-1.977756225062387
341.4849282165836,0.4170489863400011,0.23373451553881752,-1.5003924249119427,-1.9174414112519438
342.7199651375978,0.2801603009728453,0.2340260406257146,-1.4829530730989233,-1.7631133740717686
343.9594687746229,0.04636069796374542,0.23424186701271346,-1.4655337904116328,-1.5118944883753782
345.2034552822784,-0.15153505788896027,0.23368275544042366,-1.4481347044118569,-1.2965996465228966
346.45194087360994,-0.19896698261340795,0.23290416102247982,-1.430755942637383,-1.231788960023975
347.7049418203007,-0.23360952584281414,0.23289728809511842,-1.4133976326127144,-1.1797881067699003
348.9624744528825,-0.23704115111568846,0.23337681146724157,-1.3960599018598523,-1.1590187507441638
350.2245551609494,-0.229474881470626,0.23336951358551547,-1.3787428779091453,-1.1492679964385193
351.49120039337186,-0.2210467945544039,0.23380774318663217,-1.3614466883102088,-1.1403998937558049
352.76242665850907,-0.21114919363149198,0.2337977640310953,-1.3441714606429391,-1.1330222670114471
354.03825052442653,-0.2015379203943155,0.23403106023776624,-1.3269173225285384,-1.125379402134223
355.31868861911084,-0.19478774866141002,0.23457390161222005,-1.309684401640633,-1.114896652979223
356.60375763068555,-0.18835489649523218,0.23453633904776536,-1.292472825716477,-1.1041179292212449
357.89347430763064,-0.1817788214609255,0.23463209347277508,-1.275282722568138,-1.0935039011072125
359.1878554589994,-0.17507125905006582,0.23477357705966628,-1.2581142200937998,-1.083042961043734
360.4869179546374,-0.16825296903239462,0.23464697340644622,-1.24096744628909,-1.0727144772566954
361.7906787254034,-0.1613596445048877,0.2345724536146504,-1.2238425292584283,-1.0624828847535406
363.09915476338927,-0.15440415536493113,0.23403651958859847,-1.2067395972264539,-1.0523354418615227
364.4123631221413,-0.1474358740950379,0.23320504482541712,-1.1896587785494839,-1.042222904454446
365.7303209168831,-0.1404636559888921,0.23310605866428327,-1.1726002017269668,-1.0321365457380747
367.05304532473855,-0.13352632656751418,0.23312414314970248,-1.1555639954130217,-1.0220376688455075
368.3805535849544,-0.1266470965644917,0.23225289372931068,-1.1385502884279735,-1.0119031918634818
369.71286299912725,-0.119829989252775,0.23185014469635437,-1.1215592097698937,-1.0017292205171187
371.0499909314274,-0.11313461419588933,0.2327908624761236,-1.1045908886262366,-0.9914562744303472
372.3919548088248,-0.1065273355928884,0.234258212725388,-1.0876454543853857,-0.9811181187924973
373.73877212131794,-0.10007357057045141,0.2350391807076225,-1.0707230366482974,-0.970649466077846
375.09046042216056,-0.09375261214175978,0.23544005919122657,-1.053823765240122,-0.9600711530983621
376.44703732809,-0.09488725783935159,0.23539837838816635,-1.0369477702218344,-0.9420605123824828
377.8085205195583,-0.10900434879913945,0.2357837723825474,-1.0200951819018562,-0.9110908331027168
379.1749277409615,-0.1255426656675631,0.23582810829608272,-1.0032661308476938,-0.8777234651801307
380.5462768008707,-0.16686594074487715,0.2352602575103502,-0.9864607478975617,-0.8195948071526845
381.9225855722655,-0.2111039776872392,0.23498951210795116,-0.9696791641719964,-0.7585751864847572
383.30387199276566,-0.019321728241255443,0.2348565880989394,-0.9529215110854671,-0.9335997828442116
384.690154064865,0.3273893836698569,0.23445186419927896,-0.9361879203579535,-1.2635773040278104
386.0814498561669,0.6343000231155695,0.2338513612381546,-0.9194785240265207,-1.5537785471420902
387.47777749961926,0.8218536621809829,0.2333462565930008,-0.9027934544568421,-1.724647116637825
388.8791551937501,1.0031345512811338,0.23303984858695667,-0.8861328443547674,-1.8892673956359012
390.2856012029059,1.1262473654769938,0.23226974449474885,-0.8694968267777315,-1.9957441922547252
391.6971338574898,1.2347014321253482,0.2317211236147499,-0.8528855351462477,-2.087586967271596
393.1137715541984,1.3190138053062057,0.23174978442163455,-0.836299103255344,-2.15531290856155
394.5355327562643,1.3767186980107056,0.23196499379308447,-0.8197376652858539,-2.1964563632965595
395.9624359936952,1.4284513889113395,0.23251763056378852,-0.8032013558157978,-2.2316527447271373
397.39449986351485,1.4428206354361812,0.2332797550729743,-0.7866903098316409,-2.229510945267822
398.83174303000726,1.4558706168359024,0.23379377286348496,-0.7702046627394877,-2.22607527957539
400.2741842249586,1.4744649815337993,0.23430668238371669,-0.7537445503762565,-2.228209531910056
401.7218422479011,1.495500269205909,0.23473617656462925,-0.737310109020777,-2.232810378226686
403.1747359663593,1.5186418438211025,0.2349028503372943,-0.7209014754048028,-2.239543319225905
404.63288431609527,1.5456638835693965,0.23495592774892518,-0.7045187867239847,-2.2501826702933814
406.0963063013546,1.572170853849446,0.234443917975188,-0.688162180648764,-2.26033303449821
407.5650209951158,1.5785280802442578,0.23400720239147782,-0.6718317953351596,-2.2503598755794174
409.0390475393378,1.5837210968344575,0.23362367285386276,-0.655527769435517,-2.2392488662699748
410.518405145209,1.5890618195290305,0.23342852536088102,-0.6392502421091444,-2.228312061638175
412.00311309339895,1.5945073413451052,0.23436189707147603,-0.6229993530328684,-2.2175066943779735
413.4931907343088,1.6036498365218765,0.2347872840356481,-0.6067752424115008,-2.2104250789333775
414.9886574883231,1.6241144810309773,0.2351166436785952,-0.5905780509882105,-2.2146925320191877
416.4895328460641,1.6448855047347966,0.2353983285190415,-0.574407920054764,-2.2192934247895604
417.995836368645,1.6545115588938408,0.23570865503491953,-0.5582649914617378,-2.2127765503555787
419.5075876879246,1.6620087875510503,0.23587479814271572,-0.542149407628535,-2.2041581951795854
421.0248065067639,1.6693127263583456,0.23583965321473443,-0.5260613115533604,-2.195374037911706
422.547512599283,1.6763802248152206,0.23552659361019654,-0.510000846823033,-2.1863810716382535
424.0757258111172,1.6832505140003615,0.23535078699918865,-0.49396815762272184,-2.1772186716230832
425.6094660596779,1.689710228446419,0.23522890910155106,-0.4779633887455202,-2.167673617191939
427.1487533344111,1.695957110759931,0.23503715314223464,-0.46198668560192446,-2.1579437963618555
428.6936076970569,1.701867648433181,0.23489141118371965,-0.44603819422918445,-2.1479058426623654
430.2440492819133,1.7075157658610376,0.2344908933423506,-0.43011806130049585,-2.1376338271615336
431.80009829609673,1.7121588016334677,0.23462755610148772,-0.4142264341340875,-2.1263852357675552
433.3617750198056,1.7150475695415253,0.23488119376167838,-0.39836346070213574,-2.113411030243661
434.929099806586,1.7176734090119279,0.23508404145780332,-0.3825292896395824,-2.1002026986515103
436.5020930835953,1.7194915580583192,0.23531455472873272,-0.3667240702527631,-2.0862156283110824
438.08077535186897,1.721062465027945,0.23531485857822143,-0.3509479525279091,-2.072010417555854
439.66516718658846,1.7225401041648265,0.23543234670501204,-0.33520108713949215,-2.0577411913043187
441.25528923734856,1.7239451948770483,0.23543814003309632,-0.3194836254584111,-2.0434288203354596
442.85116222842623,1.7251688910289733,0.23546892249812368,-0.303795719560036,-2.0289646105890093
444.4528069590519,1.7258985746989328,0.23561909209437695,-0.2881375222320498,-2.0140360969309827
446.0602443036799,1.7265912223578415,0.2354678968952725,-0.2725091869821736,-1.999100409340015
447.6734952122596,1.72715016967339,0.23540274062492325,-0.2569108680456941,-1.984061037719084
449.2925807105103,1.7276546598145934,0.23521156175417904,-0.24134272039282045,-1.9689973802074139
450.917521900194,1.7474697041001281,0.23452131893882816,-0.2258048997358758,-1.9732746038360038
452.5483399593904,1.7900842666648806,0.23419060919403611,-0.21029756253631315,-2.000381829201194
454.1850561427737,1.8307143218577373,0.23425404830568985,-0.19482086601153792,-2.0255351878692753
455.82769178188914,1.8535860353772495,0.23402013736487567,-0.17937496814155046,-2.0329610035188
457.4762682854304,1.8761120019677069,0.23378135781974493,-0.1639600276754265,-2.0400720296431336
459.13080713952,1.8973994027052434,0.23404971282583892,-0.14857620413756223,-2.0459756068428057
460.7913299079885,1.918153533453916,0.2343412324159604,-0.1332236578337655,-2.0513771912876813
462.4578582326549,1.9378481430295587,0.23427637884311087,-0.11790254985714738,-2.055750692886706
464.1304138336103,1.9555397866892577,0.23487790717555013,-0.1026130420937928,-2.0581528287830504
465.8090185095001,1.9729500243600704,0.23524126781935192,-0.08735529722825919,-2.06030532158833
467.49369413780704,1.9868841316035262,0.23564241092831711,-0.0721294787488641,-2.05901361035239
469.18446267513855,2.0004201601368283,0.23583734660194464,-0.05693575095275205,-2.0573559110895805
470.8813461575118,2.0111805858996696,0.23593143926484997,-0.04177427895077784,-2.0529548648504474
472.5843667006398,2.019965620644932,0.23586988268433073,-0.02664522867216712,-2.046610849317099
474.2935465002216,2.026719572163614,0.23600926859977153,-0.011548766868963,-2.038268339032577
476.0089078322308,2.0263324555913265,0.23583977209506893,0.0035149388797407477,-2.022817516711586
477.7304730532047,2.0253228883343493,0.23586778949118184,0.01854572016375461,-2.006777168170595
479.458264600538,2.0132663151567094,0.23588540776594052,0.033543407738031106,-1.9797229074186782
481.1923049927734,1.9981929349284417,0.23576901206015477,0.04850783151906013,-1.9496851034093816
482.9326168298953,2.043689159671084,0.23574222008621443,0.06343882058151706,-1.980250339089567
484.6792227936251,2.1631327292063176,0.23529752244932756,0.07833620315513318,-2.0847965260511843
486.4321456477168,2.2901493740153054,0.23498802526494963,0.0931998066217885,-2.196949567393517
488.1914082382522,2.472553659123924,0.2351524084377409,0.10802945751282667,-2.364524201611097
489.9570334939408,2.655712311321196,0.235000267001675,0.12282498150663568,-2.53288732981456
491.7290444264172,2.7512056264784883,0.23434006928810594,0.13758620342640304,-2.6136194230520853
493.50746413054105,2.805165719262752,0.2333487078134926,0.15231294723814903,-2.652852772024603
495.29231578469887,2.8607908491205043,0.23296932458118946,0.1670050360489812,-2.693785813071523
497.08362265110577,2.9200256828832565,0.23282545466045768,0.18166229210559592,-2.7383633907776606
498.8814080761079,2.9789216373273204,0.23321852833239273,0.19628453679300095,-2.7826371005343193
500.6856954904876,-0.6836842363701408,0.30996233142177165,0.21087159063346894,0.8945558270036097
502.49650840976926,-0.6681674203267107,0.310169515264474,0.22542327328579137,0.8935906936125021
504.31387043452366,-0.6536716433808234,0.3104414458128555,0.23993940354468213,0.8936110469255055
506.13780525067807,-0.6400265684059026,0.3107671626633522,0.2544197993405345,0.894446367746437
507.968336629824,-0.6279975557836597,0.31113562226260616,0.2688642777393123,0.896861833522972
509.8054884295254,-0.6206764226903214,0.3113073440967728,0.28327265494275317,0.9039490776330745
511.6492845936326,-0.6138090290681255,0.3112883966869413,0.29764474628882576,0.9114537753569513
513.4997491525926,-0.6055399671255781,0.31127426357263965,0.31198036625240017,0.9175203333779782
515.3569062237614,-0.5971256038343551,0.31118297812202034,0.3262793284461655,0.9234049322805206
517.2207800117205,-0.5920029297078422,0.31089162747322013,0.3405414456218314,0.9325443753296736
519.0913948085916,-0.5909460565493792,0.31061754938832176,0.3547665296715686,0.9457125862209477
520.9687749943513,-0.5900922973415632,0.3102749983809967,0.3689543916296556,0.9590466889712188
522.8529450371518,-0.5898617499244434,0.31043693288238255,0.3831048416744549,0.9729665915988983
524.7439294936386,-0.5896693092878564,0.31030111550507183,0.39721768913058003,0.9868869984184365
526.6417530092688,-0.5895623300286932,0.3101680425295508,0.41129274247132647,1.0008550725000196
528.5464403186354,-0.5893953105863527,0.3096416733341486,0.4253298093213797,1.0147251199077325
530.458016245788,-0.5890464410109271,0.30921828607968566,0.4393286964597609,1.028375137470688
532.3765057045556,-0.5884790302636791,0.30888449645183846,0.45328920982301346,1.0417682400866926
534.3019336988731,-0.5876312235045376,0.3086604465650788,0.46721115450866435,1.054842378013202
536.2343253231061,-0.5862085859305477,0.3084582583090164,0.4810943347789322,1.06730292070948
538.1737057623773,-0.5844564012262286,0.3088626056056362,0.49493855406467124,1.0793949552909
540.1201002928967,-0.5858132135231884,0.3097745354829474,0.508743614969607,1.0945568284927953
542.0735342822899,-0.5895517906180032,0.3104308648454355,0.5225093192747937,1.1120611098927968
544.0340331899275,-0.6201129204807643,0.3110789441428108,0.536235467943324,1.1563483884240884
546.0016225672592,-0.7694319013883728,0.31132884573930103,0.5499218611253188,1.3193537625136917
547.976328058146,-0.9170617522789382,0.31161522160103106,0.563568298163152,1.4806300504420902
549.9581753991929,-1.0089519337389667,0.3117493895678529,0.5771745775969114,1.5861265113358782
551.9471904200867,-1.0853984574019542,0.31182823090470807,0.5907404971701549,1.676138954572109
553.9433990439317,-1.1266983256124838,0.31190111073324905,0.6042658538358737,1.7309641794483577
555.946827287586,-1.1220674700088846,0.3119263447690625,0.6177504437627335,1.739817913771618
557.9575012620035,-1.1173516480152585,0.311882159313575,0.6311940623415588,1.7485457103568174
559.9754471725723,-1.1125357699288099,0.3117573947852218,0.6445965041920633,1.757132274120873
562.0006913194559,-1.1076624403866457,0.31160956608763785,0.6579575631698255,1.7656200035564713
564.0332600979375,-1.1028083406682612,0.3111431495863138,0.6712770323735333,1.7740853730417945
566.0731799987633,-1.0979488939537045,0.3107672292547455,0.6845547041524455,1.7825035981061501
568.1204776084868,-1.093387138106241,0.3105080087008476,0.6977903701141219,1.791177508220363
570.1751796098171,-1.0894998955326098,0.3103125335653921,0.7109838211323961,1.8004837166650058
572.2373127819656,-1.0855955168069205,0.3103298457816584,0.7241348473555705,1.809730364162491
574.3069040009943,-1.0812378513851488,0.31062581738804834,0.7372432382148763,1.818481089600025
576.3839802401681,-1.0768520672570912,0.31066811341922745,0.7503087824331787,1.8271608496902698
578.4685685703048,-1.0726316505471871,0.3107282806888904,0.7633312680339102,1.8359629185810973
580.5606961601276,-1.0685837396794327,0.3106327592823327,0.776310482350223,1.8448942220296556
582.6603902766209,-1.0646783921384166,0.31043533167860116,0.7892462120344255,1.853924604172842
584.7676782853845,-1.0609968651185469,0.30976593427576576,0.8021382430676176,1.8631351081861645
586.8825876509895,-1.0574806936099623,0.3096404830539269,0.8149863607695776,1.8724670543795399
589.0051459373385,-1.0542897767062644,0.30990117359551994,0.8277903498088692,1.8820801265151337
591.1353808080228,-1.0513113467639155,0.31011067812074783,0.8405499942131822,1.8918613409770977
593.2733200266833,-1.0485916585597064,0.31021940246059154,0.8532650773799267,1.9018567359396332
595.4189914573736,-1.046149679009197,0.3101594273418397,0.8659353820870048,1.912085061096202
597.5724230649222,-1.0438406231119828,0.310177467995318,0.878560690503871,1.9224013136158538
599.733642915296,-1.041849295647241,0.30980943968283636,0.8911407842027563,1.9329900798499973
601.9026791759679,-1.0399119240952803,0.30924089100305213,0.9036754441701452,1.9435873682654257
604.0795601162839,-1.0381973496691153,0.30893707757147476,0.916164450818482,1.9543618004875971
606.264314107829,-1.0365635177669343,0.3091053220773322,0.928607583998064,1.9651711017649984
608.4569696248,-1.0348469269789433,0.3093342316772175,0.9410046230091734,1.9758515499881169
610.6575552443755,-1.032999336022682,0.3096988322585788,0.9533553466144199,1.986354682637102
612.8660996470871,-1.0310462787591916,0.3104728055050784,0.9656595330512853,1.996705811810477
615.0826316171953,-1.0315068048151215,0.31045763814506083,0.9779169600448798,2.009423764860001
617.3071800430636,-1.0320718582047856,0.3101516020364712,0.9901274048209155,2.0221992630257013
619.5397739175341,-1.0940255152043932,0.31055786928929424,1.0022906441188733,2.0963161593232664
621.7804423383076,-1.2073393595640773,0.3106891923109557,1.0144064542053672,2.2217458137694446
624.029214508321,-1.3006051937326415,0.31088569051223724,1.0264746108877274,2.327079804620369
626.2861197361281,-1.32163283276126,0.311153351218358,1.0384948895277486,2.3601277222890085
628.5511874362824,-1.3388124124667655,0.3113785936852731,1.0504670650556804,2.3892794775224457
630.8244471297202,-1.335298662246295,0.3115272832710125,1.0623909119843475,2.3976895742306423
633.1059284441443,-1.326366975556633,0.31171268082635234,1.0742662044235254,2.4006331799801583
635.395661114412,-1.3164683660500476,0.3119157234699696,1.0860927160944442,2.4025610821444916
637.6936749829215,-1.3052195639380706,0.3120133251704877,1.0978702203445074,2.403089784282578
640.0,-1.2928838397495426,0.31205349127364174,1.1095984901621994,2.402482329911742
642.314666224296,-1.2743450651263242,0.3119671921899492,1.1212772981921346,2.395622363318459
644.6377038231707,-1.2550592246552963,0.31211217820020226,1.132906416750329,2.3879656414056254
646.9691430730883,-1.1869067296838267,0.3120072317069119,1.1444856178395948,2.3313923475234217
649.309014360015,-1.094073184992693,0.3119878670292875,1.1560146731651484,2.2500878581578414
651.6573481798125,-1.0099930053928148,0.3119870485113394,1.1674933541503534,2.177486359543168
654.0141751386346,-0.9474602522881934,0.3118904971820905,1.1789214319526473,2.1263816842408407
656.3795259533289,-0.8890200477812495,0.3116979182339326,1.1902986774796185,2.079318725260868
658.753431451835,-0.8737402878091203,0.31138237241692407,1.2016248614052452,2.0753651492143654
661.1359225735862,-0.8674936811537162,0.31111525202829815,1.212899754186285,2.0803934353400013
663.5270303699142,-0.8613672152463323,0.3110326897826583,1.2241231260788041,2.085490341325136
665.9267860044532,-0.8553580782693775,0.3109177773966503,1.2352947471549138,2.090652825424291
668.3352207535448,-0.8500285017493638,0.31111714587729616,1.2464143873195463,2.09644288906891
670.7523660066475,-0.8479284667453229,0.3109565414738595,1.2574818163274737,2.1054102830727963
673.1782532667454,-0.8459102015201871,0.3106413713286834,1.2684968038004125,2.1144070053206
675.6129141507565,-0.8444506078370342,0.31024347071847796,1.2794591192442752,2.123909727081309
678.0563803899488,-0.8431918555847631,0.3101632407766808,1.2903685320665612,2.1335603876513245
680.508683830351,-0.8470590751505647,0.3102463171696783,1.3012248115938614,2.148283886744426
682.9698564331671,-0.8582623067879105,0.31043383747274467,1.3120277270894993,2.17029003387741
685.4399302751956,-0.8722254909519389,0.3105326828037825,1.3227770477712992,2.195002538723238
687.9189375492458,-0.916680365577994,0.31066360353582767,1.3334725428294678,2.250152908407462
690.4069105645567,-0.9627131881158029,0.31080332801284494,1.3441139814445724,2.3068271695603753
692.9038817472199,-1.0356224017639715,0.3107311150947448,1.354701132805674,2.3903235345696454
695.4098836406014,-1.1225801377290683,0.3105995032587847,1.3652337661285294,2.4878139038575977
697.924948905765,-1.1901756482467611,0.31076566219399504,1.3757116506739144,2.565887298920676
700.4491103218988,-1.2124875382952265,0.3110351548434843,1.3861345557660625,2.598622094061289
702.9824007867437,-1.2337500443972829,0.3112632934359355,1.3965022508111766,2.6302522952084595
705.5248533170181,-1.2557505677561895,0.3112099017832444,1.4068145053160435,2.662565073072233
708.0765010488531,-1.277786902508046,0.3111700965523045,1.417071088906761,2.694857991414807
710.6373772382217,-1.2956912015498112,0.31133918596471477,1.4272717713475274,2.7229629728973386
713.2075152613711,-1.3099124039357406,0.3114748007166641,1.4374163225595247,2.7473287264952653
715.7869486152613,-1.3224087398989788,0.3114248381433299,1.4475045126399024,2.769913252538881
718.3757109179988,-1.3277226100989985,0.3113125034770131,1.4575361118807928,2.7852587219797913
720.9738359092748,-1.3331299337131313,0.3112956098535488,1.4675108907884469,2.800640824501578
723.5813574508068,-1.3484647208106786,0.311296791797175,1.4774286201024296,2.825893340913108
726.1983095267785,-1.367313965387165,0.31134092987476025,1.4872890708148683,2.8546030362020334
728.8247262442826,-1.3886038553285118,0.31122727401317596,1.4970920141897683,2.88569586951828
731.4606418337662,-1.4135170357065139,0.31114242259627745,1.5068372217824155,2.9203542574889294
734.1060906494771,-1.437370612986097,0.31092999599049603,1.5165244654588048,2.953895078444902
736.7611071699089,-1.4482689334864887,0.31058069103603997,1.5261535174151182,2.974422450901607
739.4257259982545,-1.4585638890295076,0.3099531371283282,1.5357241501973058,2.9942880392268134
742.0999818628547,-1.48256622577094,0.3094343080038856,1.545236136720637,3.027802362491577
744.7839096176496,-1.5143215736555646,0.3098120499017052,1.5546892502893637,3.0690108239449283
747.4775442426359,-1.5491224826951253,0.3098744942284213,1.5640832646163827,3.113205747311508
750.1809208443211,-1.5921648959647428,0.30978752149880684,1.573417953842945,3.165582849807688
752.89407465618,-1.6350515460484427,0.309846082293024,1.5826930925584062,3.217744638606849
755.6170410391165,-1.6616712421154816,0.31026259711800336,1.5919084558199934,3.253579697935475
758.349855481923,-1.6861864490110516,0.3110066704105228,1.6010638191726003,3.287250268183652
761.0925536017414,-1.6957769604413375,0.3115199382102283,1.6101589586686358,3.3059359191099733
763.8451711445309,-1.6915196162274988,0.31162471085317117,1.6191936508878322,3.310713267115331
766.6077439855313,-1.6870065127136673,0.3117018698900139,1.6281676729571293,3.315174185670797
769.38030812973,-1.682185515622491,0.31157832309176203,1.6370808025705297,3.3192663181930206
772.1628997123338,-1.6771843779080733,0.31141848485704005,1.6459328180089816,3.323117195917055
774.9555549992385,-1.673206336078815,0.3111525305867626,1.6547234981602783,3.327929834239093
777.7583103875002,-1.6694966441655854,0.31097654148235265,1.66345262253892,3.3329492667045053
780.5712024058118,-1.665098487590944,0.3109343078909453,1.6721199713060424,3.337218458896986
783.3942677149796,-1.6596970727956162,0.3108797889435957,1.6807253252892662,3.3404223980848826
786.2275431083968,-1.6543626243209477,0.31106539675185485,1.6892684660025719,3.3436310903235196
789.0710655125285,-1.6491112922373574,0.3111612297469462,1.69774917566621,3.3468604679035674
791.9248719873904,-1.6440133535449526,0.3113708797531651,1.7061672372265058,3.3501805907714584
794.7889997270297,-1.6390538634921086,0.31146870612627847,1.7145224343757215,3.3535762978678303
797.6634860600145,-1.6342784864013602,0.31154602069857257,1.7228145515718642,3.3570930379732244
800.5483684499172,-1.6296972553178506,0.31161191944999533,1.7310433740584885,3.3607406293763393
803.4436844958022,-1.6252548128216695,0.3117838442806235,1.7392086878844508,3.3644635007061203
806.3494719327186,-1.6173433257098466,0.3125304021515107,1.747310279923656,3.3646536056335026
809.2657686321905,-1.5627198642423572,0.3127294630263452,1.7553479378947636,3.318067802137121
812.1926126027092,-1.4976527220127114,0.3126551519920862,1.7633214503808319,3.260974172393543
815.1300419902316,-1.4623407064738334,0.3121439265721411,1.7712306068490073,3.233571313322841
818.0780950786757,-1.4555218620961963,0.31087607946104573,1.779075197670041,3.2345970597662372
821.0368102904181,-1.4493084918202648,0.3103230953180173,1.7868550141378796,3.236163505958144
824.0062261867979,-1.446389021494893,0.31036894724877506,1.7945698484891546,3.2409588699840475
826.9863814686177,-1.4434968359473839,0.31080857051393573,1.8022194939226224,3.2457163298700062
829.9773149766462,-1.4388306706674676,0.3109579938622648,1.8098037446185546,3.2486344152860225
832.9790656921282,-1.433554352104478,0.31114967246134917,1.8173223957580793,3.2508767478625575
835.9916727372901,-1.4286606737982552,0.3110842248132212,1.8247752435424538,3.253435917340709
839.0151753758493,-1.4243859478989052,0.3111185907594728,1.8321620852122937,3.2565480331111987
842.0496130135278,-1.4189474490461595,0.31130985413303536,1.839482719066696,3.258430168112856
845.095025198566,-1.4006052266569764,0.31131563909207743,1.846736944482347,3.2473421711393233
848.1514516222344,-1.381150762688124,0.3110699882648146,1.8539245619325175,3.2350753246206416
851.2189321193558,-1.334364857919919,0.3111744132518369,1.8610453730060197,3.1954102309259387
854.2975066688222,-1.271470939457389,0.31114484913050217,1.8680991804260445,3.139570119883434
857.3872153941138,-1.1935770853519045,0.31119349419925035,1.875085788068969,3.0686628734208736
860.4880985638265,-1.0770813056643167,0.3110640408943944,1.8820050009830527,2.9590863066473694
863.6001965921935,-0.9619333007536977,0.31099835718760654,1.8888566254070596,2.850789926160757
866.7235500396113,-0.8925458716741854,0.3110308904698962,1.895640468788784,2.7881863404629694
869.8581996131719,-0.8326352460615869,0.3108237899381768,1.9023563398035017,2.734991585865089
873.0041861671906,-0.7904981222530836,0.31073015112008806,1.9090040483723305,2.699502170625414
876.1615507037379,-0.7660089890840354,0.3107033004611426,1.9155834056804868,2.681592394764522
879.3303343731769,-0.737614562400557,0.31049890984426437,1.9220942241954455,2.6597087865960027
882.5105784746971,-0.6904012080067616,0.31022962765494344,1.9285363176850117,2.6189375256917735
885.7023244568525,-0.6432431933938432,0.3098091032541157,1.9349095012352842,2.5781526946291273
888.9056139181038,-0.6271432605130922,0.30983572450656316,1.9412135912685264,2.5683568517816187
892.1204886073598,-0.6229897675880203,0.3096619234578761,1.947448405560914,2.5704381731489345
895.3469904245192,-0.6154344773124159,0.3097003568935689,1.9536137632601862,2.5690482405726023
898.5851614210205,-0.6021522015787184,0.3099278218636668,1.9597094849031997,2.561861686481918
901.835043800388,-0.5889122151746431,0.3105353300249015,1.9657353924333387,2.554647607607982
905.0966799187808,-0.5758657237123277,0.31090403086108237,1.9716913092178436,2.5475570329301713
908.3701122855472,-0.5628554080042978,0.31074217681262745,1.9775770600649991,2.540432468069297
911.6553835637784,-0.553197436467487,0.31063192677820445,1.9833924712412367,2.5365899077087235
914.9525365708608,-0.5456040563800801,0.3100360611200276,1.9891373704880575,2.5347414268681376
918.26161427904,-0.5367608771170023,0.3098070100815216,1.9948115870389105,2.5315724641559125
921.582659815977,-0.524251191712148,0.3102268778410553,2.0004149516358867,2.5246661433480346
924.91571646531,-0.511657878792942,0.31061394953875776,2.0059472965462994,2.5176051753392414
928.2608276672206,-0.5002552608023052,0.3109793355611336,2.0114084555791685,2.5116637163814737
931.618037019,-0.4889617015172121,0.3112316211854068,2.016798264101526,2.505759965618738
934.987388275614,-0.47407465249587943,0.31123928467329526,2.0221165590546346,2.496191211550514
938.3689253502772,-0.4554989534849838,0.31128949184691135,2.027363178970051,2.482862132455035
941.7626923150236,-0.4371436190690403,0.31133730055502673,2.0325379639855328,2.469681583054573
945.1687334012796,-0.4200434578524881,0.31137596643637566,2.037640755860871,2.457684213713359
948.5870930004432,-0.4029352582666039,0.31133830003155444,2.0426713979935043,2.445606656260108
952.0178156644616,-0.39006769048148193,0.3112211305356078,2.0476297354340813,2.4376974259155633
955.4609461064094,-0.3785824391037895,0.31090642018048725,2.0525156149017794,2.431098054005569
958.916529201076,-0.36750821127702515,0.31038571388003033,2.0573288847995777,2.424837096076603
962.3846099855468,-0.3572486758207507,0.31017329889476997,2.062069395229319,2.41931807105007
965.8652336597906,-0.3469938205631937,0.31027568464214084,2.0667369980066685,2.4137308185698623
969.3584455872502,-0.3377625941130358,0.3108345340957668,2.0713315466758835,2.4090941407889193
972.8642912954336,-0.3285541648604422,0.31097571042084793,2.075852896524455,2.404407061384897
976.3828164765044,-0.3202087601536352,0.3106070032182108,2.080300904597622,2.400509664751257
979.9140669878816,-0.31236914490566825,0.310074204857659,2.0846754297126964,2.3970445746183646
983.4580888528344,-0.33053248777183697,0.309973898397654,2.08897633247323,2.419508820245067
987.014928261082,-0.4325155578421409,0.3100392055881285,2.0932034752830777,2.5257190331252186
990.5846315693976,-0.5297041123014026,0.30977291183110534,2.0973567223602445,2.627060834661647
994.1672453022117,-0.55325728464876,0.3099614137745458,2.1014359397506297,2.6546932243993897
997.7628161522156,-0.5587133652411236,0.3101425487773423,2.1054409953415534,2.664154360582677
1001.3713909809752,-0.5650243469163652,0.3100957886774441,2.109371758875186,2.6743961057915513
1004.9930168195384,-0.5722735158650867,0.31009041402435167,2.1132281019617625,2.685501617826849
1008.6277408690472,-0.5780927099429771,0.3101592239005409,2.117009898092675,2.695102608035652
1012.275610501356,-0.5710769793378834,0.31032620188654736,2.1207170226533814,2.6917940019912647
1015.936673259648,-0.5642503090240059,0.310317226181259,2.1243493529361457,2.6885996619601515
1019.6109768590508,-0.5687387446383987,0.3103546781932386,2.12790676815263,2.6966455127910285
1023.2985691872652,-0.5774399040199611,0.3102500096063019,2.131389149446316,2.7088290534662773
1026.9994983051852,-0.5845120001683295,0.310441864374993,2.1347963799047545,2.719308380073084
1030.7138124475227,-0.5886266019947897,0.3108019666166414,2.138128344571633,2.7267549465664227
1034.441560023441,-0.5920093988892781,0.3112199588393245,2.141384930458703,2.733394329347981
1038.1827896171833,-0.5851662482592133,0.3113925861658111,2.1445660265575346,2.729732274816748
1041.9375499887026,-0.5773013297629053,0.31143261594013766,2.147671523851054,2.7249728536139592
1045.7058900743036,-0.5655674021674653,0.31164672849268377,2.1507013153249845,2.71626871749245
1049.4878589872771,-0.5512432129274245,0.31176963969431404,2.153655295979058,2.7048985089064823
1053.2835060185375,-0.5359452046745581,0.31184757684008046,2.1565333628380565,2.6924785675126146
1057.0928806372708,-0.5181163717631723,0.3117711205891787,2.159335414962719,2.677451786725891
1060.916032491576,-0.5002725434384274,0.31178183274174337,2.162061353460438,2.6623338968988652
1064.7530114091112,-0.48652366394733804,0.31187673384834924,2.16471108149579,2.651234745443128
1068.6038673977462,-0.47368927959383456,0.31206249292348753,2.16728450430089,2.6409737838947245
1072.4686506462122,-0.46110891613608374,0.3124318377110742,2.1697815291855767,2.6308904453216604
1076.3474115247543,-0.4488582907699268,0.3128540423157787,2.1722020655474017,2.6210603563173285
1080.2402005857934,-0.4361944194528036,0.3127717316181309,2.17454602488148,2.6107404443342834
1084.1470685645795,-0.42102776285192434,0.3123665963246483,2.1768133207901057,2.59784108364203
1088.068066379855,-0.40589812700742556,0.3124975594759833,2.179003868992229,2.5849019959996546
1092.0032451345185,-0.3927460282597419,0.31155362576591683,2.1811175873327464,2.5738636155924883
1095.952656116292,-0.380541174811885,0.31103317961467586,2.18315439579161,2.563695570603495
1099.9163507983858,-0.3694507238914646,0.3107114372911736,2.1851142164927366,2.5545649403842012
1103.8943808401734,-0.3602746051119894,0.31147970334005215,2.1869969737127835,2.547271578824773
1107.886798087863,-0.3509084071812243,0.3124415060570398,2.1888025938896636,2.539711001070888
1111.893654575172,-0.3346146668862815,0.313059634598669,2.190531005630979,2.5251456725172603
1115.915002524007,-0.3177646682703408,0.31310851928962524,2.1921821397221852,2.509946807992526
1119.950894345145,-0.2642382350065464,0.3125579028390753,2.193755929134619,2.4579941641411653
1124.0013826389118,-0.18568644243263144,0.31147663546587917,2.195252309033324,2.3809387514659552
1128.066520195875,-0.11864581886250036,0.3112296035376509,2.1966712167847158,2.315317035647216
1132.1463599975266,-0.08879391121012326,0.3117822888555223,2.1980125919640203,2.2868065031741436
1136.2409552169736,-0.05951033723577126,0.31259026473902857,2.199276376362584,2.2587867135983553
1140.350359219634,0.031938603490660356,0.31324522065680066,2.200462513994954,2.1685239105042937
1144.474625563931,0.1349170169535565,0.31400251970904985,2.2015709511057873,2.0666539341522308
1148.613808001989,0.20307419640020186,0.31457881835561785,2.2026016361765843,1.9995274397763825
1152.767960480336,0.2316824169979803,0.31491422299578586,2.203554519932232,1.9718721029342516
1156.9371371406096,0.26143784063088304,0.31513080159723683,2.2044295553473585,1.9429917147164755
1161.1213923202552,0.2962809796011019,0.3152550047487894,2.20522669765249,1.9089457180513882
1165.3207805532418,0.33163515452693737,0.3148608963606009,2.205945904340056,1.8743107498131186
1169.535356570769,0.3692865077225118,0.31414817735031486,2.206587135170169,1.8373006274476573
1173.765175301979,0.4078515011109687,0.31304697944625354,2.2071503521762494,1.7992988510652808
1178.010291874677,0.43640029052632734,0.3116958938424408,2.2076355196704442,1.771235229144117
1182.2707616160455,0.44550891639124224,0.31090707649174065,2.2080426042488615,1.7625336878576192
1186.546640053367,0.4549559042530724,0.310438342036104,2.208371574796638,1.7534156705435655
1190.8379829147473,0.46708818650758843,0.3107100905213653,2.2086224024927787,1.7415342159851903
1195.1448461298444,0.4796723653454773,0.311280012221646,2.208795060814861,1.7291226954693837
1199.467285830592,0.4894333312459125,0.31187676792416197,2.208889525543513,1.7194561942976003
1203.805358351936,0.49719880715089104,0.3120442049601668,2.208905774766715,1.7117069676158239
1208.1591202325678,0.5073656990456339,0.3124051717202489,2.208843788883917,1.7014780898382833
1212.528628215658,0.5265830345223215,0.312841497377468,2.20870355060998,1.6821205160876587
1216.9139392496,0.5458890606604747,0.3135929976599007,2.208485044978907,1.6625959843184321
1221.315110488751,0.5681175514923602,0.3141795524691558,2.208188259347398,1.6400707078550378
1225.7321992941745,0.5910790791541469,0.3154155551995701,2.2078131833982253,1.6167341042440784
1230.1652632343903,0.6125469075047185,0.3164288920490081,2.2073598091434103,1.5948129016386918
1234.6143600861271,0.632286813777025,0.3172628437110576,2.20682813092721,1.5745413171501852
1239.0795478350683,0.6514984853820867,0.31789782890746443,2.2062181454289327,1.554719660046846
1243.5608846766152,0.6651437303356325,0.31732797835936816,2.205529851665566,1.5403861213299335
1248.058429016642,0.6788504388371113,0.31583364124875846,2.204763250994185,1.5259128121570735
1252.572239472256,0.6950381621945976,0.31381723773583814,2.203918347114215,1.5088801849196174
1257.1023748725647,0.7123728193694028,0.3125473469971706,2.2029951460694797,1.4906223267000769
1261.6488942594403,0.7309053311425728,0.3129894972128972,2.2019936562500875,1.4710883251075146
1266.2118568882886,0.7515660669748279,0.31276056473209196,2.2009138883940986,1.4493478214192708
1270.791322228824,0.7729392828132724,0.31182453165018953,2.1997558555890393,1.426816572775767
1275.387349965843,0.800192299887474,0.3117233402412549,2.19851957327319,1.398327273385716
1280.0,0.8284770026179338,0.312833553219656,2.197205059236741,1.3687280566188074
1284.629332448592,0.8676946946360236,0.3144769667571196,2.195812333622702,1.3281176389866785
1289.2754076463414,0.914930770614431,0.31590913289666006,2.19434141892768,1.2794106483132492
1293.9382861461766,0.9451032210803998,0.3180279048516797,2.192792340002427,1.2476891189220272
1298.61802872003,0.9200260162511036,0.31896242447630985,2.1911651240522287,1.2711391078011252
1303.314696359625,0.891971383894294,0.3200242206532235,2.1894598006370987,1.2974884167428047
1308.0283502772693,0.8386408018880047,0.32004314112489063,2.1876764016717916,1.3490355997837868
1312.7590519066578,0.7785350594087479,0.3201716356333744,2.1858149614256197,1.4072799020168718
1317.50686290367,0.6913310627848617,0.32088237256698426,2.1838755165221055,1.4925444537372439
1322.2718451471724,0.5711243816516234,0.3218404967000925,2.181858105938424,1.6107337242868005
1327.0540607398284,0.46350012101901505,0.32187807478928854,2.179762771004672,1.7162626499856568
1331.8535720089064,0.4388880895309555,0.32254488385189567,2.177589555402977,1.7387014658720217
1336.6704415070897,0.41988792628010074,0.3236756434665704,2.175338505166368,1.755450578886267
1341.504732013295,0.4403530411552339,0.32340806453637555,2.173009668677516,1.7326566275222821
1346.3565065334908,0.4790256561724284,0.323955912775688,2.1706030966672545,1.691577440494826
1351.225828301513,0.507349586566674,0.3236349955331269,2.1681188422129485,1.6607692556462745
1356.1127607798976,0.5144402611193257,0.32330486100025224,2.165556960736642,1.651116699617316
1361.017367660702,0.5216030374470204,0.32321789088485087,2.1629175100030613,1.641314472556041
1365.9397128663345,0.5364555320354896,0.32191528629352684,2.1602005501174073,1.6237450180819177
1370.8798605503912,0.5520683560738764,0.3187527024841032,2.1574061435229908,1.6053377874491144
1375.8378750984916,0.5648016396532505,0.3179731737546463,2.154534354998653,1.5897327153454026
1380.8138211291134,0.5755355969515215,0.31942580225331846,2.151585251656039,1.5760496547045175
1385.8077634944398,0.5855887615647664,0.31935448317363757,2.1485589029366814,1.562970141371915
1390.8197672812028,0.5923284421658597,0.3173100882489006,2.145455380608873,1.5531269384430133
1395.84989781153,0.599502378469257,0.316682593294554,2.142274758764414,1.542772380295157
1400.8982206437977,0.608248462538171,0.3171100474936089,2.139017113815128,1.530768651276957
1405.9648015734874,0.6177944566647859,0.3161319907750063,2.1356825244892246,1.5178880678244386
1411.0497066340365,0.6270258799366992,0.3155226757362149,2.1322710718274855,1.5052451918907863
1416.153002097706,0.6356675884835976,0.316557985616373,2.128782839179262,1.4931152506956642
1421.2747544764434,0.6434671112418648,0.3170047729852978,2.125217912198291,1.481750800956426
1426.4150305227422,0.6451165388299138,0.3167464275925298,2.1215763788383457,1.476459840008432
1431.5738972305226,0.6462916010537452,0.31615997007276253,2.117858329348711,1.4715667282949658
1436.7514218359977,0.6551599715888994,0.31604825160677064,2.1140638562694565,1.458903884680557
1441.9476718185497,0.6674181551403287,0.31655160839865104,2.110193054426568,1.4427748992862393
1447.1627149016135,0.679905322560824,0.3172309434161799,2.106246020926873,1.4263406983660492
1452.396619053557,0.6929200487027458,0.31828484326571266,2.102222855152818,1.4093028064500723
1457.6494524885652,0.7056453309142352,0.3194829891722682,2.0981236587570455,1.3924783278428103
1462.9212836675324,0.7181984434987001,0.3222645799318064,2.093948535656821,1.3757500921581207
1468.2121812989542,0.7303491325518365,0.32480732755806097,2.0896975920282674,1.359348459476431
1473.5222143398178,0.7547397661793482,0.32354135865551165,2.0853709363004254,1.3306311701210771
1478.851451996509,0.7885302300523751,0.3227839245515882,2.080968679149181,1.2924384490968057
1484.1999637257095,0.8334725546301573,0.3224575237926815,2.076490933490937,1.2430183788607798
1489.567819235299,0.9286218625036042,0.3217409243524875,2.0719378144762337,1.1433159519726295
1494.9550884852715,1.0219707927467887,0.3205251005174378,2.0673094394830707,1.045338646736282
1500.3618416886422,1.07734502911687,0.3189225973614498,2.062605928110149,0.9852608989932792
1505.78814931236,1.1216054532810062,0.31862237060457443,2.0578274021699197,0.9362219488889134
1511.234082078233,1.1859404877133848,0.3204832869035202,2.052973985681441,0.8670334979680563
1516.699710963846,1.2765256140695218,0.32157312806252286,2.0480458048630967,0.7715201907935749
1522.1851072034829,1.371367119596485,0.32312573183176424,2.043042988125136,0.6716758685286512
1527.6903422890618,1.5186688053665005,0.3258785282942487,2.0379656660620404,0.5192968606955399
1533.2154879710629,1.6670007115230874,0.3265712355273377,2.03281397144474,0.3658132599216528
1538.76061625946,1.719630585883479,0.3260418558174808,2.027588039212655,0.307957453329176
1544.3257994246676,1.7278432635829084,0.3252635753866225,2.0222880064655646,0.2944447428826562
1549.911109998477,1.7355459183071904,0.32409409444784437,2.016914012455332,0.2813680941481418
1555.5166207750003,1.7419069012938326,0.3232577068039313,2.0114661985774527,0.26955929728362005
1561.1424048116237,1.748346217492804,0.3203962717359647,2.0059447083624566,0.2575984908696527
1566.7885354299592,1.7554744169567673,0.31942942162603893,2.0003496874671205,0.24487527051035318
1572.4550862167937,1.7625408246093102,0.3218911171964979,1.9946812836655354,0.23214045905622527
1578.142131025057,1.768484554623413,0.3238618845712228,1.9889396468400529,0.22045509221663995
1583.8497439747807,1.7733261701035303,0.32348018549607205,1.983124928971994,0.20979875886846377
1589.5779994540594,1.7776387328083985,0.32187545306259124,1.9772372841322614,0.19959855132386295
1595.326972120029,1.7814209322408878,0.320364029291147,1.9712768684717883,0.18985593623090047
1601.0967368998345,1.784460498795461,0.3217248257650558,1.965243840211805,0.180783341416344
1606.8873689916045,1.7880256094771738,0.32460943975213796,1.9591383596339775,0.17111275015680372
1612.6989438654373,1.791103641286858,0.32382482178082905,1.9529605890703756,0.16185694778351767
1618.531537264381,1.793420969396605,0.3233433865371402,1.9467106928933027,0.15328972349669767
1624.3852252054185,1.795074068391326,0.3223761764090079,1.9403888375049516,0.14531476911362562
1630.2600839804632,1.7959746954932942,0.3220837304687937,1.9339951913269555,0.13802049583366127
1636.1561901573514,1.796291098705959,0.3192152578971193,1.9275299247897149,0.1312388260837558
1642.0736205808362,1.796154142478981,0.3161481703543058,1.92099321032165,0.12483906784266896
1648.0124523735958,1.795782872499469,0.3153230632083227,1.914385222338284,0.1186023498388149
1653.9727629372353,1.7953881484771639,0.31607644206064445,1.9077061372311404,0.11231798875397647
1659.9546299532924,1.7952065459815731,0.319520104055805,1.9009561333565421,0.10574958737496898
1665.9581313842564,1.795495518589588,0.32163917273389575,1.894135391024272,0.09863987243468397
1671.98334547458,1.7964624718886402,0.3211809278602242,1.887244092486032,0.09078162059739192
1678.0303507516985,1.7983497072791899,0.32207665633255084,1.880282421923828,0.08193271464463825
1684.0992260270557,1.8013331639719805,0.3252706850384045,1.8732505654381786,0.07191740146619807
1690.190050397132,1.8055345647210483,0.32144819502241045,1.8661487110361827,0.0606141463151344
1696.3029032444688,1.8110786419986091,0.3235697429372565,1.8589770486194763,0.047898406620867195
1702.4378642387117,1.8180430668005556,0.33251420976247875,1.8517357699720178,0.033692703171462224
1708.5950133376443,1.8263801000406357,0.33337588973462756,1.8444250687477668,0.018044968707131126
1714.7744307882276,1.836122416222418,0.3346451896728414,1.8370451404582133,0.0009227242357954246
1720.976197127653,1.847207304167295,0.33340286909325567,1.8295961824597855,-0.017611121707509447
1727.200393184387,1.8594443869018509,0.33234920953621894,1.8220783939411147,-0.03736599296073617
1733.4471000792223,1.872738185642019,0.33244970892264253,1.8144919759101779,-0.05824620973184125
1739.7163992263438,1.8868860361030642,0.3243747881963409,1.8068371311813074,-0.08004890492175676
1746.0083723343812,1.901290004078465,0.32307499296922115,1.7991140643620809,-0.10217593971638417
1752.323101407476,1.915007779912779,0.3233078983260025,1.791322981840096,-0.12368479807268296
1758.6606687463538,1.9284352854784075,0.3243238368294988,1.7834640917695719,-0.1449711937088356
1765.0211569493945,1.9407835204778898,0.3247725759723007,1.7755376040578974,-0.16524591641999242
1771.404648913705,1.9521102537527302,0.3306105405514552,1.7675437303520192,-0.184566523400711
1777.8112278362075,1.9602155241729218,0.3289885576495352,1.7594826840247029,-0.2007328401482189
1784.2409772147196,1.9615960874902552,0.3255157786879405,1.7513546801606918,-0.2102414073295633
1790.6939808490383,1.962093912001162,0.321856989891197,1.7431599355427667,-0.2189339764583953
1797.170322842041,1.9641933780835945,0.3154627238019347,1.7348986686376544,-0.2292947094459401
1803.670087600776,1.9657125747139421,0.31723081468500464,1.7265710995818502,-0.23914147513209194
1810.1933598375615,1.9690662793478282,0.3173123952195834,1.71817745016731,-0.25088882918051825
1816.7402245710944,1.9739550030813824,0.3211357889900723,1.7097179438270573,-0.26423705925432506
1823.3107671275568,1.9760245278318518,0.3212207285106883,1.7011928056206589,-0.2748317222111929
1829.9050731417217,1.9672000293587661,0.3218722141405845,1.6926022622196144,-0.27459776713915174
1836.52322855808,1.957912781235276,0.3247371740386059,1.6839465418926096,-0.2739662393426663
1843.165319631954,1.9510559370958465,0.3213121154327754,1.6752258744907182,-0.2758300626051282
1849.83143293062,1.9448603246169398,0.31876458749658393,1.6664404914324473,-0.2784198331844925
1856.5216553344408,1.9339917017556392,0.3204111828958819,1.6575906256887265,-0.27640107606691267
1863.236074038,1.9165229446256937,0.3196899667958087,1.6486765117677789,-0.2678464328579149
1869.974776551228,1.8601582025452021,0.32040436324309973,1.6396983856998881,-0.22045981684531402
1876.7378507005544,1.256950996210339,0.31970794457303503,1.6306564850221141,0.37370548881177523
1883.5253846300477,0.6349535452859989,0.31972907009135054,1.6215510487628486,0.9865975034768497
1890.3374668025592,0.4205688878627072,0.32075493554969275,1.6123823174263614,1.1918134295636542
1897.1741860008865,0.41904114000888804,0.3235816785192832,1.6031505329771791,1.184109392968291
1904.035631328923,0.4187190040205788,0.32666899804628674,1.5938559388244569,1.175136934803878
1910.9218922128189,0.42091189811100627,0.3262414955555622,1.584498779806184,1.1635868816951778
1917.833058402152,0.423276174949061,0.3284558059493359,1.5750793021733784,1.1518031272243174
1924.7692199710937,0.4270227110109879,0.33317945928126885,1.5655977535741519,1.138575042563164
1931.7304673195813,0.4309255419755704,0.3301173168576937,1.5560543830377558,1.1251288410621854
1938.7168911745005,0.4351734264415956,0.3268332608764659,1.546449440958459,1.1112760145168634
1945.7285825908675,0.43968794847178216,0.3282674210215715,1.5367831790794404,1.0970952306076582
1952.765632953009,0.4441452585554799,0.3328206586945239,1.5270558504765752,1.0829105919210953
1959.8281339757632,0.4488500699756077,0.33171656084436224,1.5172677095421299,1.0684176395665221
1966.9161777056688,0.4534732317331489,0.3266482336819871,1.5074190119684339,1.053945780235285
1974.029856522164,0.45821247840944324,0.3234310753248954,1.497510014731454,1.0392975363220107
1981.1692631387957,0.46302980281021533,0.3233897898447445,1.487540976074297,1.0245111732640817
1988.334490604423,0.46806390117492036,0.32179745148950445,1.4775121554906994,1.009448254315779
1995.5256323044316,0.47346509862632224,0.3200573619468079,1.4674238137084172,0.993958715082095
2002.7427819619504,0.47913898852122827,0.32038753497829825,1.4572762126725403,0.978137224151312
2009.986033639077,0.48488381653454127,0.32275297351435905,1.4470696155288056,0.9621857989942644
2017.2554817380949,0.4911105261127009,0.3231688205092776,1.436804286606849,0.945693760494148
2024.5512210027125,0.49797021203999137,0.32573151007850504,1.426480491403344,0.9285102793633526
2031.873346519296,0.5055205010578447,0.3305022111100402,1.416098496565176,0.9105779955073312
2039.2219537181013,0.5137550148209016,0.3305772899693379,1.4056585698725188,0.8919035550516172
2046.5971383745305,0.5226405854726579,0.3247245937008208,1.3951609802218732,0.8725203947492153
2053.9989966103703,0.5323072601392909,0.3220372584861027,1.3846059976091012,0.8522987374698103
2061.427624895045,0.6367094472146473,0.31978168514143185,1.3739938931123508,0.7372844458977035
2068.883120046882,0.7527119939980658,0.3203172574003056,1.3633249388750142,0.6106129448769484
2076.3655792343666,0.8897975243703602,0.3220562363986795,1.3525994080886212,0.46280188371826103
2083.875099977405,1.0462985001872394,0.3230930921248405,1.3418175749756953,0.29551907478845596
2091.4117801486072,1.1927948068723015,0.32494111570500006,1.3309797147725768,0.13818490790027527
2098.9757179745543,1.2966653715856395,0.3229578873973579,1.3200861037122515,0.023420732126612
2106.567012037075,1.3984106832848955,0.3241496425412423,1.3091370190071139,-0.0892736642777816
2114.1857612745416,1.6990937301481228,0.32443482877997887,1.2981327388317183,-0.4009609913164045
2121.832064983152,2.059801537432344,0.3224464887058394,1.2870735423055262,-0.772727995126818
2129.5060228182224,2.288507077194211,0.3225302306606571,1.2759597094756345,-1.0125473677185766
2137.2077347954923,2.3125740630260943,0.3230575967338108,1.2647915212994452,-1.047782541726649
2144.9373012924243,2.3358317288715735,0.32396009783449936,1.253569259627381,-1.0822624692441924
2152.694823049509,2.3552834781300493,0.32970068400459224,1.242293207185556,-1.1129902709444934
2160.480401171587,2.3738298229634776,0.3344184634583324,1.2309636475584353,-1.1428661754050422
2168.2941371291595,2.3901660924184718,0.3369470712955144,1.2195808651714977,-1.1705852272469741
2176.13613275971,2.405008755409556,0.3415541714448446,1.2081451452739138,-1.196863610135642
2184.006490269037,2.4190040302987033,0.3376252851058616,1.1966567739211715,-1.2223472563775317
2191.905312232584,2.4316039702696557,0.3367882531115931,1.1851160379577417,-1.246487932311914
2199.832701596772,2.4436080292312052,0.3394424855010046,1.1735232249997578,-1.2700848042314474
2207.788761680347,2.4543239258599634,0.3419206611407158,1.1618786234176506,-1.2924453024423128
2215.7735961757267,2.464415056908676,0.3450531017664409,1.1501825223188344,-1.3142325345898414
2223.787309150344,2.474084199946983,0.34415216496044987,1.1384352115304033,-1.3356489884165796
2231.830005048014,2.483411121267258,0.349978400600761,1.1266369815817896,-1.3567741396854682
2239.9017886902893,2.4925465277661587,0.3494568375823376,1.1147881236875028,-1.377758404078656
2248.0027652778235,2.5016812725031468,0.35316191093715793,1.1028889297298594,-1.3987923427732873
2256.13304039175,2.5107722996828024,0.34756678175544825,1.0909396922417125,-1.4198326074410899
2264.292719995053,2.5207235293311854,0.3470448576729165,1.078940704389212,-1.4417828249419733
2272.481910433947,2.5310085952421186,0.35290459302478755,1.0668922599546349,-1.4641163352874837
2280.7007184392683,2.5414137042619043,0.35100503249655657,1.0547946533191688,-1.4866190509427355
2288.949251127862,2.5519588021587545,0.34295215062853285,1.0426481794457771,-1.5093106227129773
2297.2276160039773,2.562559287235894,0.3407810147283289,1.030453133862065,-1.532106153373829
2305.535920960672,2.574032873149939,0.3420771052683541,1.018209812643219,-1.5558230605067198
2313.874274281219,2.5853711718642085,0.338952568101673,1.0059185123949197,-1.5794526594692888
2322.2427846405103,2.5970636765984185,0.337106107967345,0.993579530236377,-1.6034841463620415
2330.641561106484,2.6086930640274115,0.33722764688082946,0.9811931637833045,-1.627499900244107
2339.070713141538,2.6202700498877736,0.3384078105930621,0.9687597111310264,-1.6515103387567471
2347.530350603958,2.6324826140254434,0.3427241036464947,0.9562794708375861,-1.6762031431878572
2356.020583749354,2.643921882029373,0.3419954963451231,0.9437527419069189,-1.700169140122454
2364.541523232091,2.655538411301043,0.34505507684465964,0.9311798237720321,-1.7243585875290108
2373.0932801067333,2.666318092008064,0.3462582555952784,0.9185610162783169,-1.747757075729747
2381.6759658294945,2.677073613114038,0.3480609817290473,0.9058966196668292,-1.7711769934472086
2390.2896922596888,2.687770253493321,0.34891837611351945,0.893186934557697,-1.794583318935624
2398.934571661184,2.6899905343910895,0.34792025796444087,0.8804322619335316,-1.8095582724575578
2407.610716703872,2.6580592987608895,0.34762982389632213,0.8676329031229368,-1.7904263956379527
2416.318240465136,2.624294021294366,0.34559166134778274,0.854789159784052,-1.7695048615103142
2425.057256431316,2.6360629342077644,0.3511166786704424,0.8419013338882131,-1.7941616003195513
2433.8278784992,2.6642995364836253,0.3519258274049863,0.8289697277035959,-1.8353298087800294
2442.630220977502,2.679531061330163,0.3571283284536782,0.8159946437790042,-1.8635364175511588
2451.464398588349,2.6736777934272506,0.35997284857214523,0.8029763849277076,-1.870701408499543
2460.330526468781,2.667654889968885,0.36142440831070943,0.7899152542113352,-1.8777396357575498
2469.2287201722543,2.661674929662306,0.3557334726104451,0.7768115549238503,-1.8848633747384556
2478.1590956701366,2.655951737847179,0.35309681805296633,0.7636655905756369,-1.892286147271542
2487.1217693532303,2.6506918012675342,0.3506934627798828,0.7504776648776055,-1.9002141363899288
2496.116858033284,2.6460851886615444,0.3539521502849698,0.7372480817254417,-1.9088371069361028
2505.144478944512,2.6422965717383686,0.35705907225691863,0.7239771451839045,-1.918319426554464
2514.204749745129,2.639457067403768,0.3577532937251998,0.7106651594711968,-1.9287919079325713
2523.2977885188807,2.6376576598498858,0.3573169348062249,0.6973124289434782,-1.9403452309064075
2532.423713776577,2.6369448911744673,0.3583891591855319,0.6839192580794053,-1.953025633095062
2541.582644457648,2.637319330828383,0.3612949532463818,0.6704859514648085,-1.9668333793635746
2550.774699931686,2.6387370675090445,0.3635748967493585,0.657012813777424,-1.9817242537316204
2560.0,2.6411141502969624,0.3655735845629011,0.6435001497717714,-1.997614000525191
2569.258664897184,2.6443335890969273,0.3642749880184484,0.6299482642640672,-2.01438532483286
2578.5508152926827,2.648254258471182,0.3695954253083316,0.6163574621172971,-2.0318967963538848
2587.876572292353,2.652720875099055,0.3744757305936904,0.6027280482263402,-2.049992826872715
2597.23605744006,2.6575741613516577,0.3692444071298147,0.5890603275032245,-2.0685138338484332
2606.62939271925,2.662660368574123,0.36219288655015514,0.5753546048624605,-2.0873057637116625
2616.0567005545386,2.667839496440683,0.35800911771423044,0.5616111852065391,-2.106228311234144
2625.5181038133155,2.6729917749656753,0.35549700343454144,0.5478303734114363,-2.125161401554239
2635.01372580734,2.67802222902783,0.3494267045029965,0.5340124743123349,-2.144009754715495
2644.5436902943447,2.682863375760734,0.3479100671176243,0.5201577926893819,-2.162705583071352
2654.108121479657,2.6874762740412486,0.34778425999264173,0.5062666332535803,-2.181209640787668
2663.707144017813,2.6918502305562857,0.34424098115576945,0.4923393006328167,-2.199510929923469
2673.34088301418,2.6960014635301537,0.3416267323901299,0.4783760993579609,-2.217625364172193
2683.00946402659,2.6999709531936738,0.3375320739583828,0.4643773338491215,-2.2355936193445523
2692.7130130669816,2.703821598953132,0.34289002797580964,0.45034330840197967,-2.2534782905511523
2702.451656603026,2.707634697939902,0.34309080817043686,0.4362743271743117,-2.2713603707655903
2712.225521559795,2.7115056970697857,0.33782036911672675,0.4221706941725154,-2.2893350028972703
2722.034735321404,2.7155391747032898,0.3350273425154,0.40803271323838874,-2.307506461464901
2731.879425732669,2.719843086244623,0.3365011300342969,0.39386068803594565,-2.3259823982086774
2741.7597211007824,2.72452244393385,0.34749001561961357,0.3796549220383767,-2.3448675218954733
2751.6757501969832,2.7296727662349873,0.361376432868868,0.3654157185151412,-2.364257047719846
2761.627642258227,2.7353737805392697,0.3430844776726745,0.3511433805191997,-2.38423040002007
2771.6155269888795,2.7416839556079022,0.3787443617753943,0.33683821087433863,-2.4048457447335636
2781.639534562405,2.7486364435808426,0.38711723468833037,0.3225005121626383,-2.4261359314182043
2791.69979562306,2.7562369123885464,0.38405758591057776,0.3081305867121129,-2.4481063256764335
2801.796441287596,2.7644635565305027,0.3377363999382753,0.29372873658440835,-2.4707348199460943
2811.929603146975,2.773269316588154,0.3388112499610107,0.2792952635626609,-2.493974053025493
2822.099413268073,2.78258605917558,0.36257104148727215,0.264830469139544,-2.517755590036036
2832.306004195412,2.792330219107603,0.37784961297786696,0.25033465450534376,-2.541995564602259
2842.5495089528868,2.8024092282665247,0.3385185456271764,0.23580812053625255,-2.566601107730272
2852.8300610454844,2.812727982056103,0.3495109689314253,0.22125116778277665,-2.591476814273326
2863.147794461045,2.823194635151644,0.33349949274855634,0.206664096458252,-2.616530538693392
2873.5028436719954,2.833725163006946,0.33242622019985524,0.19204720642752804,-2.641677956579418
2883.8953436371,2.844246345288063,0.3293140265325237,0.1774007971957854,-2.6668455480922777
2894.325429803227,2.8546970799021185,0.3263361548186885,0.16272516789747726,-2.6919719120046413
2904.793238107114,2.865028177688046,0.3215218239399406,0.14802061728540217,-2.717007560402644
2915.2989049771304,2.8752009796558404,0.3164995479892322,0.13328744371996137,-2.741913535935879
2925.842567335065,2.8851852565571274,0.3158219503623335,0.11852594515848835,-2.766659311398639
2936.4243625979084,2.8949568838659285,0.31518380721485467,0.10373641914479226,-2.7912204647211363
2947.0444286796355,2.9044957412539354,0.3179514365889209,0.0889191627987751,-2.8155765784551603
2957.702903993018,2.9137841799995314,0.32129617216810824,0.07407447280622748,-2.839709707193304
2968.399927451419,2.9228062584131944,0.3218570642786131,0.05920264540876019,-2.8636036130044342
2979.135638470598,2.931547791248386,0.3205944634386905,0.044303976393871736,-2.8872438148545143
2989.9101769705435,2.939997117671842,0.3210687021961933,0.029378761085157024,-2.910618356586685
3000.7236833772845,2.9481463818007985,0.3249371623631908,0.014427294332659102,-2.9337190874681394
3011.57629862472,2.955993046694404,0.32844554844583773,-0.0005501294966263615,-2.9565431761910306
3022.468164156466,2.9635413315003554,0.3275267186445981,-0.015553216528124914,-2.9790945480284803
3033.399421927692,2.970803263013943,0.32419348426076566,-0.030581673388905273,-3.0013849364028484
3044.3702144069657,2.977799063987682,0.32405022471403144,-0.04563520721673786,-3.0234342712044198
3055.380684578124,2.9845566543327138,0.3233065637721167,-0.0607135256690583,-3.045270180001772
3066.4309759421253,2.9911101161110345,0.3292981971836452,-0.07581633693174439,-3.066926453042779
3077.52123251892,2.997497066664179,0.32890376780723046,-0.09094334972775542,-3.0884404163919346
3088.651598849335,3.0037549949391984,0.32820513055045814,-0.10609427332568178,-3.10984926826488
3099.822219996954,3.0099167395428665,0.32307497811519,-0.12126881754807961,-3.131185557090946
3111.0332415500006,3.0160054149899302,0.3243345787170386,-0.13646669277970513,-3.1524721077696354
3122.2848096232474,3.022029213624318,0.3282221109974733,-0.15168760997558994,-3.173716823599908
3133.5770708599184,3.0279766093626783,0.3277717517212655,-0.16693128066902307,-3.1949078900317014
3144.9101724335874,3.0338125481072264,0.3291841965120235,-0.18219741697930747,-3.216009965086534
3156.284262050114,3.0394762120420786,0.3431292148811473,-0.1974857316194436,-3.2369619436615222
3167.699487949561,3.044880877041006,0.3403100773034415,-0.2127959379036719,-3.257676814944678
3179.155998908119,3.049916237997726,0.33859987129202523,-0.22812774975480998,-3.278043987752536
3190.653944240058,3.054453359098261,0.34297307135969335,-0.24348088171156146,-3.2979342408098224
3202.193473799669,3.05835212966673,0.35622008469839633,-0.25885504893556543,-3.3172071786022954
3213.774737983209,3.0614707989942946,0.3630141942952227,-0.27424996721839,-3.3357207662126847
3225.3978877308746,3.06367686246943,0.3570280113901724,-0.2896653529883766,-3.3533422154578068
3237.063074528762,3.06485832046023,0.3488076257913959,-0.305100923317319,-3.369959243777549
3248.770450410837,3.064934173582598,0.35140002136758564,-0.3205563959270368,-3.385490569509635
3260.5201679609263,3.0638629887323994,0.3468939332390447,-0.3360314891957801,-3.3998944779281794
3272.3123803147028,3.061648487083527,0.36022082487943646,-0.35152592216456213,-3.4131744092480893
3284.1472411616724,3.058341368067559,0.37920619368392056,-0.36703941454327893,-3.425380782610838
3296.024904747192,3.0540369683824604,0.3918633683513276,-0.38257168671675146,-3.436608655099212
3307.9455258744706,3.048868818679461,0.3755826963765873,-0.39812245975062943,-3.4469912784300902
3319.909259906585,3.0429986462296608,0.35892430194352626,-0.413691455397152,-3.456690101626813
3331.9162627685128,3.0366038138396583,0.3576499866228448,-0.4292783961007727,-3.465882209940431
3343.96669094916,3.029863521399953,0.351776551627021,-0.4448830050036916,-3.474746526403645
3356.060701503397,3.022945272053162,0.3461816248483145,-0.46050500595121147,-3.4834502780043737
3368.1984520541114,3.0159930933931545,0.35202996913399337,-0.4761441234970052,-3.4921372168901597
3380.380100794264,3.006620661227956,0.34842186992165525,-0.49180008290825583,-3.4984207441362116
3392.6058064889376,2.9705594304420835,0.3494440065284642,-0.5074726101706313,-3.4780320406127148
3404.8757284774238,2.9346882491548723,0.3534519639111049,-0.5231614319932163,-3.4578496811480885
3417.1900266752887,2.8803791247006494,0.3653019702729568,-0.5388662758132252,-3.4192454005138746
3429.5488615764552,2.8185973873716925,0.38174896213405046,-0.5545868698006755,-3.373184257172368
3441.952394255306,2.745400840437963,0.371268051073173,-0.5703229428629051,-3.315723783300868
3454.400786368774,2.6504326939176117,0.3799694497482018,-0.5860742246489812,-3.236506918566593
3466.894200158445,2.5587576220244372,0.37106307162484853,-0.6018404455539734,-3.1605980675784107
3479.432798452688,2.541167272832956,0.355634007632928,-0.6176213367231602,-3.158788609556116
3492.0167446687624,2.530811890707108,0.36333622121593734,-0.6334166300560753,-3.1642285207631833
3504.646202814952,2.475484925838341,0.38061471769371785,-0.6492260582104477,-3.1247109840487886
3517.321337492708,2.387780340641923,0.3743159370471777,-0.6650493546060723,-3.052829695247995
3530.0423138987885,2.3059755839290776,0.353832862836654,-0.6808862534285147,-2.9868618373575924
3542.80929782741,2.242023203261242,0.3483136564871578,-0.6967364896327561,-2.9387596928939983
3555.622455672415,2.1718479722797337,0.3431517159132025,-0.7125997989467043,-2.884447771226438
3568.481954429439,1.8583875494549709,0.34056986671362627,-0.7284759178746212,-2.586863467329592
3581.3879616980767,1.4847297390849779,0.3339490244441451,-0.7443645837004187,-2.2290943227853965
3594.340645684082,1.227546055881172,0.3344655509131627,-0.7602655344908911,-1.987811590372063
3607.340175201552,1.1110885054923632,0.34078391917458145,-0.776178509098818,-1.8872670145911812
3620.386719675124,0.9901225068683246,0.3539202345673023,-0.7921032471659935,-1.782225754034318
3633.480449142189,0.8387544511061478,0.374426660182511,-0.8080394891261351,-1.6467939402322829
3646.621534255113,0.6873710580646399,0.38046991599939484,-0.8239869762077365,-1.5113580342723765
3659.8101462834434,0.6354067683771927,0.37772562754842387,-0.8399454504367654,-1.475352218813958
3673.04645711616,0.6290766742757299,0.3582591929598491,-0.8559146546393492,-1.4849913289150791
3686.330639263908,0.6139555446547842,0.3542028302943818,-0.8718943324443167,-1.4858498770991009
3699.66286586124,0.5795787890559794,0.34887325039578077,-0.887884228285662,-1.4674630173416414
3713.0433106688815,0.5380118474523723,0.3449688167423181,-0.9038840874049532,-1.4418959348573255
3726.472148076,0.3339454914667428,0.3426058159889076,-0.9198936558536124,-1.2538391473203552
3739.949553102456,0.11284680932438462,0.3352158895726088,-0.9359126804951607,-1.0487594898195454
3753.475701401109,0.020597154312561372,0.33900193573107,-0.9519409090073427,-0.9725380633199041
3767.0507692600954,0.024796260764075484,0.3477737315676202,-0.9679780898842161,-0.9927743506482916
3780.6749336051184,0.02850313305531671,0.3539269145469274,-0.9840239724381137,-1.0125271054934304
3794.348372001773,0.031208635200638213,0.3552008175095457,-1.0000783068016013,-1.0312869420022395
3808.071262657846,0.032973311234792746,0.35522906876931026,-1.0161408439292794,-1.0491141551640721
3821.8437844256378,0.0337002400627302,0.36612546588345535,-1.0322113355995892,-1.0659115756623194
3835.666116804304,0.0330104856759057,0.36660682825561486,-1.0482895344165275,-1.0813000200924332
3849.5384399421873,0.030747249595664883,0.3600622332663623,-1.0643751938112693,-1.0951224434069342
3863.4609346391626,0.026742833902472896,0.35919197651460544,-1.0804680680437446,-1.1072109019462175
3877.433782349001,0.020736167834236596,0.35513476286721246,-1.0965679122041854,-1.117304080038422
3891.457165181735,0.012730167563068662,0.3543144780076689,-1.1126744822145662,-1.1254046497776349
3905.531265906018,0.0025585536132695097,0.34536095606847905,-1.1287875348299918,-1.1313460884432613
3919.6562679515264,-0.009698855118724481,0.3364764951784182,-1.1449068276400656,-1.135207972521341
3933.8323554113376,-0.02401677782562217,0.33507212127807207,-1.1610321190701667,-1.1370153412445445
3948.059713044328,-0.04027288626379999,0.3367833125454155,-1.1771631683826849,-1.1368902821188849
3962.338526277591,-0.05824400102585692,0.33906658100983633,-1.1932997356782247,-1.1350557346523678
3976.668981208846,-0.07773432333123687,0.3445233108986569,-1.2094415818967246,-1.1317072585654877
3991.051264608863,-0.09840628180473665,0.3502473694639334,-1.2255884688185548,-1.1271821870138181
4005.485563923901,-0.11995410927308647,0.35225985076781713,-1.2417401590655865,-1.1217860497925
4019.972067278154,-0.14199142149230504,0.34927294310946977,-1.2578964161021835,-1.1159049946098785
4034.510963476189,-0.16412770574425473,0.3465290679480547,-1.2740570042361528,-1.109929298491898
4049.102442005425,-0.18597220704458373,0.34854832143595904,-1.2902216886197078,-1.104249481575124
4063.746693038592,-0.20711575299460527,0.3476351714393768,-1.3063902352503378,-1.0992744822557325
4078.443907436203,-0.2271980310147299,0.34756541112943345,-1.3225624109716527,-1.0953643799569228
4093.194276749061,-0.2458761096064812,0.3538523434793961,-1.3387379834742408,-1.0928618738677596
4107.997993220741,-0.26285899648241795,0.35447311280325167,-1.3549167212964344,-1.0920577248140164
4122.855249790091,-0.27792069496635285,0.36155245155286025,-1.3710983938250827,-1.0931776988587298
4137.766240093764,-0.29089792269381753,0.3681870560960333,-1.3872827712962916,-1.096384848602474
4152.731158468733,-0.3023951520387982,0.3687300216434148,-1.4034696247961218,-1.1010744727573236
4167.75019995481,-0.3227781564517169,0.3707059761653997,-1.4196587262612956,-1.0968805698095787
4182.823560297215,-0.3410119371818112,0.3698087206263359,-1.4358498484798519,-1.0948379112980406
4197.951435949109,-0.3497030719414198,0.3721490661112346,-1.4520427650917833,-1.1023396931503635
4213.13402407415,-0.3530635474290573,0.36639491862717993,-1.4682372505896764,-1.115173703160619
4228.371522549083,-0.35489165750266594,0.37238140781349954,-1.484433080319321,-1.1295414228166551
4243.664129966304,-0.3555467706809168,0.3719512892851808,-1.5006300304803144,-1.1450832597993976
4259.012045636445,-0.35509401319429656,0.36671712162365694,-1.5168278781266142,-1.1617338649323177
4274.415469590985,-0.3542075502820712,0.35837744806260335,-1.5330264011671364,-1.1788188508850652
4289.874602584849,-0.35274673108011534,0.3457764434209053,-1.5492253783663186,-1.1964786472862032
4305.389646099018,-0.3513091112907123,0.3389213817153522,-1.5654245893446523,-1.21411547805394
4320.960802343174,-0.34999050239885676,0.336942119047453,-1.581623814579256,-1.2316333121803993
4336.588274258319,-0.3488466518083069,0.34301042094640943,-1.597822835404397,-1.2489761835960902
4352.27226551942,-0.3486032152839247,0.3439994171929946,-1.6140214340120291,-1.2654182187281044
4368.012980538074,-0.34851803749392474,0.3406275963128468,-1.630219393452344,-1.2817013559584192
4383.810624465168,-0.34993487825977887,0.3358949713539599,-1.6464164976343065,-1.2964816193745277
4399.665403193543,-0.35185385068079533,0.33594025275234163,-1.6626125313261637,-1.3107586806453684
4415.577523360694,-0.35506595406256736,0.34661152490160163,-1.6788072801560219,-1.3237413260934545
4431.547192351453,-0.3599606266287463,0.35796720213955685,-1.6950005306123712,-1.335039903983625
4447.574618300688,-0.37651008414907494,0.36575036676671974,-1.7111920700446266,-1.3346819858955516
4463.660010096028,-0.471701066724588,0.37980496882637066,-1.7273816866636933,-1.2556806199391053
4479.803577380579,-0.5728650655972842,0.381364279362499,-1.7435691695425346,-1.1707041039452504
4496.005530555647,-0.6051828377855362,0.37691290736653565,-1.7597543086167207,-1.1545714708311845
4512.2660807835,-0.6030847984306575,0.3714062009717311,-1.7759368946850271,-1.1728520962543696
4528.585439990106,-0.601300991741736,0.372382845186801,-1.792116719410041,-1.190815727668305
4544.963820867894,-0.5999565557022226,0.3772316426119636,-1.8082935753187295,-1.2083370196165069
4561.4014368785365,-0.599156002755354,0.36181228960847167,-1.8244672558030839,-1.22531125304773
4577.898502255724,-0.5990943942705673,0.3777138707891492,-1.8406375551207548,-1.2415431608501875
4594.455232007955,-0.5998305300081821,0.3631029768423819,-1.8568042683956847,-1.2569737383875026
4611.0718419213445,-0.6015363564036882,0.3571199509582851,-1.872967191618791,-1.271430835215103
4627.748548562438,-0.604282944535548,0.34747453953256774,-1.889126121648637,-1.284843177113089
4644.485569281021,-0.6081030745682163,0.3420434256428491,-1.9052808562121282,-1.2971777816439118
4661.283122212967,-0.6131352297890249,0.3419294188114315,-1.9214311939052688,-1.308295964116244
4678.141426283076,-0.6192175630578891,0.33950009756850336,-1.9375769341938547,-1.3183593711359656
4695.060701207916,-0.6265160615161118,0.3451897148157365,-1.953717877414265,-1.3272018158981531
4712.041167498708,-0.6347907515918649,0.3558395104463566,-1.9698538247742405,-1.3350630731823756
4729.083046464182,-0.6440324369871444,0.35026557841722195,-1.9859845783536896,-1.3419521413665452
4746.186560213467,-0.654171803244445,0.34504450050682206,-2.0021099411055046,-1.3479381378610595
4763.351931658989,-0.664916946803773,0.3378321333912783,-2.018229716856437,-1.3533127700526641
4780.5793845193775,-0.6764246876222106,0.33224071471186983,-2.0343437103079705,-1.3579190226857598
4797.869143322368,-0.6882125215534636,0.326519149106466,-2.0504517270371894,-1.3622392054837258
4815.221433407744,-0.7005121020490161,0.3270249072794405,-2.066553573497746,-1.36604147144873
4832.636480930271,-0.7129776577803764,0.326058800153584,-2.082649057020804,-1.3696713992404277
4850.114512862632,-0.7293790702526248,0.3271274051377303,-2.0987379858159905,-1.3693589155633656
4867.6557569984,-0.7555183495951479,0.3340447718807929,-2.11482016897242,-1.3593018193772721
4885.260441955004,-0.7806796869590951,0.3449384786727844,-2.1308954164597402,-1.3502157295006452
4902.928797176697,-0.7991966012309124,0.3576962394486896,-2.1469635391291373,-1.3477669378982249
4920.661052937562,-0.8159441023574523,0.36578710123530006,-2.163024348714485,-1.3470802463570326
4938.4574403445085,-0.8314022900915141,0.37797278408740465,-2.179077657833397,-1.347675367741883
4956.318191340273,-0.8456913091989016,0.3755674985836624,-2.1951232799884055,-1.349431970789504
4974.243538706461,-0.8583423590992805,0.38191395186601695,-2.211161029568096,-1.3528186704688157
4992.233716066568,-0.8643686043035501,0.3727274259921849,-2.2271907218483182,-1.3628221175447681
5010.2889578890245,-0.8700017323624571,0.35851377535456747,-2.2432121729933847,-1.3732104406309276
5028.409499490259,-0.8750768927963186,0.3584255684854146,-2.2592252000573474,-1.3841483072610288
5046.595577037761,-0.8797709919213705,0.35509924408102106,-2.275229620985227,-1.3954586290638566
5064.847427553154,-0.9363409455400191,0.3582261514034724,-2.2912252546143463,-1.3548843090743272
5083.165288915296,-0.9503747391804982,0.3601392507828583,-2.3072119206756287,-1.3568371814951306
5101.549399863372,-0.9547553835736213,0.3311706605914734,-2.3231894397949677,-1.3684340562213464
5120.0,-0.9590436386322185,0.350170665494051,-2.339157633494584,-1.3801139948623655
5138.517329794372,-0.9633121354963059,0.3418432148808942,-2.3551163241944417,-1.3918041886981358
5157.101630585362,-0.9676382768965652,0.32693495386964616,-2.3710653352136433,-1.403427058317078
5175.753144584706,-0.9721017488438601,0.315853608281742,-2.3870044907719308,-1.4149027419280706
5194.472114880123,-0.9767814256475251,0.31950717426641895,-2.4029336159910892,-1.426152190343564
5213.2587854384965,-0.981752024234245,0.3271110051415717,-2.4188525368965017,-1.4371005126622567
5232.113401109077,-0.9870809378931931,0.3272584376124135,-2.43476108041863,-1.4476801425254369
5251.036207626635,-0.9928256808556224,0.31694348868757183,-2.4506590743945615,-1.4578333935389391
5270.027451614677,-0.9990323025255385,0.3225527847524667,-2.466546347569568,-1.4675140450440294
5289.0873805886895,-1.0057349957122383,0.3386162921690879,-2.4824227295986896,-1.4766877338864512
5308.216242959316,-1.012956949438859,0.33674808601475725,-2.4982880510483314,-1.4853311016094723
5327.414288035624,-1.020712310397446,0.3229006940986608,-2.5141421433978532,-1.4934298330004072
5346.681766028359,-1.0290089463851064,0.3248588034847471,-2.529984839041255,-1.5009758926561485
5366.018928053183,-1.0378515750090624,0.3315309865748985,-2.5458159712887705,-1.507964396279708
5385.42602613396,-1.0472447527211735,0.3663396774678322,-2.5616353743685636,-1.5143906216473901
5404.903313206052,-1.0571952254033299,0.3208260961166284,-2.5774428834284002,-1.5202476580250703
5424.451043119594,-1.0677132255274433,0.3619563831465652,-2.5932383345373395,-1.5255251090098962
5444.069470642804,-1.0788124544314392,0.3591097285847607,-2.6090215646874224,-1.5302091102559832
5463.758851465337,-1.0905086911986857,0.3229165910452466,-2.6247924117954167,-1.534283720596731
5483.519442201568,-1.1028171907956636,0.3288663905855527,-2.64055071470451,-1.5377335239088463
5503.351500393964,-1.1157492417278618,0.3494169808401841,-2.656296313186046,-1.5405470714581844
5523.255284516454,-1.1293084115177,0.3180284346217626,-2.672029047941283,-1.5427206364235833
5543.231053977762,-1.1434870922848983,0.31622445950397854,-2.687748760603111,-1.5442616683182129
5563.279069124808,-1.1582639527952736,0.31909740623779176,-2.7034552937378065,-1.5451913409425329
5583.39959124612,-1.173602805426933,0.31895209286927767,-2.7191484908467993,-1.5455456854198664
5603.592882575194,-1.1894532172900103,0.3192339329920771,-2.7348281963683965,-1.5453749790783862
5623.859206293946,-1.2057529571479986,0.3171018777102073,-2.7504942556795395,-1.544741298531541
5644.198826536145,-1.2224321057623921,0.31676010691393564,-2.7661465150975815,-1.5437144093351893
5664.612008390828,-1.2394184047001051,0.3187966405094189,-2.7817848218819794,-1.5423664171818743
5685.09901790577,-1.2566432173233562,0.3395292192603385,-2.797409024236071,-1.5407658069127148
5705.660122090969,-1.27404735792045,0.3215670962768414,-2.8130189713088036,-1.5389716133883535
5726.295588922094,-1.2915860332318694,0.32502005510234305,-2.8286145131964293,-1.53702847996456
5747.005687343988,-1.3092322369304146,0.3243717872038484,-2.8441955009442514,-1.5349632640138369
5767.790687274199,-1.3269781282493103,0.3248699740694578,-2.859761786548315,-1.5327836582990049
5788.650859606458,-1.3448341789007419,0.3279945978325736,-2.8753132229570735,-1.5304790440563316
5809.5864762142255,-1.36282614733779,0.3234975764048187,-2.8908496640730803,-1.5280235167352902
5830.597809954261,-1.3809901941626386,0.31856918145963303,-2.906370964754636,-1.5253807705919975
5851.685134670133,-1.3993666521729793,0.31654842928582366,-2.921876980817421,-1.522510328644442
5872.848725195813,-1.417993085839349,0.32410119785474845,-2.937367569036099,-1.5193744831967502
5894.088857359271,-1.4368973088893675,0.3251265345249387,-2.9528425871459136,-1.5159452782565461
5915.40580798604,-1.4560909810331193,0.3214494988386841,-2.9683018938442522,-1.512210912811133
5936.799854902834,-1.475564291290988,0.3201074141942044,-2.9837453487921612,-1.5081810575011732
5958.271276941196,-1.4952820821774182,0.32307933087963303,-2.999172812615889,-1.5038907304384708
5979.820353941091,-1.5151816037213823,0.3245882817203035,-3.0145841469083123,-1.49940254318693
6001.447366754564,-1.5351719359336595,0.3268935317210434,-3.0299792142304085,-1.494807278296749
6023.15259724944,-1.555135000707585,0.3272555884893464,-3.0453578781126547,-1.4902228774050696
6044.936328312935,-1.57492800821168,0.33090121139150497,-3.0607200030563817,-1.4857919948447016
6066.79884385538,-1.5943871453350251,0.33184703623214373,-3.0760654545351045,-1.4816783092000794
6088.740428813931,-1.6133323062482852,0.335681728474546,-3.0913940989958224,-1.4780617927475372
6110.761369156251,-1.631572672160246,0.3364683134388366,-3.106705803860235,-1.4751331316999892
6132.861951884247,-1.6489129551836221,0.32774539616719633,-3.1220004375259336,-1.4730874823423115
6155.04246503784,-1.665160118352194,0.33024950960590177,-3.1372778693675762,-1.4721177510153822
6177.303197698674,-1.680130363372026,0.3297442226429103,-3.152537969737949,-1.4724076063659233
6199.644439993904,-1.6936561415799662,0.3406588455288294,-3.1677806099690162,-1.47412446838905
6222.066483100001,-1.7055929005079715,0.34485027024895726,-3.183005662372917,-1.4774127618649455
6244.569619246499,-1.7158252408189192,0.3398592113880784,-3.1982130002428697,-1.4823877594239505
6267.154141719831,-1.7242721423061091,0.3395200095106397,-3.21340249785405,-1.4891303555479407
6289.820344867175,-1.730890933899385,0.3423902290125471,-3.228574030464408,-1.497683096565023
6312.568524100233,-1.735679735840753,0.3238049356489566,-3.243727474315386,-1.508047738474633
6335.398975899119,-1.7386781907068016,0.3194852270967604,-3.2588627066326,-1.5201845159257985
6358.311997816238,-1.7399664119584894,0.32924060402937944,-3.273979605626467,-1.5340131936679775
6381.30788848012,-1.73966220180443,0.33001824581148553,-3.2890780504927015,-1.5494158486882714
6404.386947599334,-1.7379167070207622,0.3338744451679153,-3.3041579214127896,-1.5662412143920275
6427.549475966418,-1.7349087783219321,0.3381293667666841,-3.3192190995543935,-1.5843103212324614
6450.795775461753,-1.7308383655179291,0.33654032470051615,-3.3342614670716237,-1.6034231015536946
6474.12614905752,-1.7259193112613609,0.3423469316522062,-3.3492849071052913,-1.6233655958439304
6497.540900821674,-1.720371903042894,0.3458698253424685,-3.3642893037830452,-1.6439174007401514
6521.040335921857,-1.7144155118729234,0.34674173394673696,-3.379274542219405,-1.6648590303464816
6544.624760629402,-1.708261597647958,0.3478033754827633,-3.3942405085157716,-1.6859789108678136
6568.294482323345,-1.7021073052737261,0.3302420234559467,-3.4091870897602945,-1.7070797844865684
6592.049809494387,-1.6961298227029893,0.3271375737850976,-3.424114174027636,-1.727984351324647
6615.891051748937,-1.6904816295217344,0.3297306252770065,-3.439021650378706,-1.7485400208569715
6639.81851981317,-1.685286737737286,0.330912373407973,-3.453909408860242,-1.768622671122956
6663.832525537028,-1.6806380172658422,0.32533305589322986,-3.4687773405043014,-1.7881393232384593
6687.933381898316,-1.6765957075402529,0.32107472869918396,-3.483625337327675,-1.8070296297874222
6712.121403006794,-1.6731872358170836,0.32155426810452475,-3.4984532923312024,-1.8252660565141188
6736.396904108227,-1.670408484726492,0.3201167975567817,-3.5132610994989246,-1.8428526147724327
6760.760201588523,-1.6682266596219328,0.33323777795308135,-3.5280486537971854,-1.8598219941752525
6785.211612977875,-1.6665848841197946,0.334888684679631,-3.5428158511736445,-1.87623096705385
6809.751456954851,-1.665408586039769,0.32938585820795074,-3.557562588556081,-1.8921540025163122
6834.380053350574,-1.6646136183077704,0.3291783068709863,-3.5722887638511835,-1.907675145543413
6859.097723152911,-1.664115893891088,0.33385572762050353,-3.5869942759431908,-1.9228783820521027
6883.9047885106165,-1.6638421144184825,0.3291153537699678,-3.601679024692377,-1.9378369102738944
6908.801572737543,-1.663740961856929,0.3350976184133838,-3.6163429109334846,-1.9526019490765556
6933.78840031689,-1.6637939298460775,0.34118432672721033,-3.6309858364739913,-1.9671919066279138
6958.865596905379,-1.6640248281688503,0.34799901746319656,-3.6456077040922468,-1.9815828759233964
6984.03348933752,-1.6645069312742375,0.37462525597714325,-3.660208417535518,-1.9957014862612805
7009.292405629903,-1.6653667882882992,0.3789664416727063,-3.674787881517891,-2.0094210932295917
7034.642674985418,-1.6667838848746008,0.3647034270085565,-3.6893460017180244,-2.0225621168434236
7060.0846277975725,-1.6689856486671655,0.3427584758613477,-3.7038826847768043,-2.034897036109639
7085.61859565482,-1.672237700901169,0.34045283463942727,-3.718397838294851,-2.0461601373936817
7111.244911344835,-1.676829735518977,0.3696326664646232,-3.7328913708298677,-2.0560616353108907
7136.963908858874,-1.6830578948757733,0.38510717170780173,-3.7473631918938963,-2.064305297018123
7162.775923396153,-1.691204941532618,0.3562487847538405,-3.761813211950427,-2.070608270417809
7188.681291368167,-1.7015198374804932,0.40294259760649076,-3.7762413424112964,-2.074721504930803
7214.6803504031,-1.714198487899079,0.4106099682558903,-3.7906474956335607,-2.0764490077344817
7240.773439350247,-1.7293673629411632,0.4180478605493874,-3.8050315849161382,-2.075664221974975
7266.960898284383,-1.7470714769124704,0.4028095420175462,-3.8193935244963315,-2.072322047583861
7293.243068510221,-1.7672678058659663,0.3688868084959713,-3.8337332295462083,-2.066465423680242
7319.620292566887,-1.7898247081061776,0.3590514439759317,-3.848050616168849,-2.0582259080626715
7346.092914232324,-1.8145273409516225,0.3586007811740383,-3.8623456013943844,-2.047818260442762
7372.661278527811,-1.8410885087228746,0.3499960592717635,-3.8766181031759572,-2.0355295944530827
7399.325731722479,-1.86916389624297,0.41268355626833725,-3.8908680403855014,-2.0217041441425314
7426.08662133777,-1.89837028868949,0.41534773536066116,-3.905095332809326,-2.006725044119836
7452.944296151996,-1.9283051855931213,0.3798199785041191,-3.9192999011436207,-1.9909947155504994
7479.899106204913,-1.95856619311939,0.42453347154773613,-3.9334816669897474,-1.9749154738703574
7506.951402802222,-1.988768715748705,0.4049122282233321,-3.9476405528493874,-1.9588718371006824
7534.101538520184,-2.018560740296161,0.3925370304158604,-3.9617764821195474,-1.9432157418233862
7561.349867210237,-2.0476338729171903,0.3873476119283636,-3.975889379087378,-1.9282555061701876
7588.69674400355,-2.0757302084201292,0.3799479482054506,-3.9899791689248536,-1.9142489605047244
7616.142525315687,-2.1026450353932358,0.35828293083215434,-4.004045777683272,-1.9014007422900363
7643.6875688512755,-2.1282257660077395,0.35894893817364465,-4.018089132287624,-1.8898633662798847
7671.332233608613,-2.1523677917482313,0.3749688432566794,-4.032109160530732,-1.8797413687825006
7699.07687988437,-2.175008180925154,0.38338333714515527,-4.046105791067304,-1.87109761014215
7726.921869278325,-2.1961182365487257,0.3855644353759137,-4.060078953407777,-1.8639607168590508
7754.867564698006,-2.215695923043386,0.38205177723994393,-4.074028577911982,-1.8583326548685957
7782.914330363465,-2.233759053632477,0.3796031008276915,-4.087954595782668,-1.8541955421501912
7811.062531812036,-2.2503399250008815,0.34488381970408083,-4.101856939058882,-1.8515170140580004
7839.312535903056,-2.2654818182344805,0.37868643061136836,-4.1157355406091,-1.8502537223746192
7867.664710822672,-2.279237487232894,0.4060181253537794,-4.12959033412425,-1.8503528468913562
7896.119426088657,-2.291669466262533,0.4108335248173508,-4.143421254110585,-1.8517517878480518
7924.677052555187,-2.30285178264503,0.39774053775654744,-4.157228235882322,-1.8543764532372915
7953.337962417689,-2.312872488912225,0.4004620206703899,-4.171011215554122,-1.8581387266418972
7982.102529217725,-2.321836350013637,0.40185270332778256,-4.184770130033483,-1.862933780019846
8010.971127847806,-2.3880596643857945,0.6140805367102232,-4.198504917012843,-1.8104452526270487
8039.944134556303,-2.5454203213020072,0.6005603657380352,-4.212215514961577,-1.6667951936595697
8069.021926952379,-2.6970749901164925,0.602040920533887,-4.225901863117819,-1.5288268730013268
8098.204884010855,-2.843145291522756,0.6215591847356614,-4.2395639014801185,-1.3964186099573626
8127.493386077178,-2.9838949028417936,0.6014318102098026,-4.253201570798866,-1.2693066679570721
8156.887814872406,-3.119613102239949,0.6169286875924682,-4.266814812567649,-1.1472017103276997
8186.388553498127,-3.250599918181811,0.6134502255292446,-4.280403569014332,-1.0298036508325215
8215.995986441476,-3.3772380229816914,0.5805048088330507,-4.2939677830920315,-0.9167297601103401
8245.710499580182,-3.499551536217785,0.6045056848023708,-4.307507398469912,-0.8079558622521272
8275.532480187534,-3.618364933384836,0.5998368533098036,-4.321022359523784,-0.7026574261389484
8305.46231693746,-3.7333200985786057,0.5955769661268775,-4.334512611326531,-0.6011925127479252
8335.50039990962,-3.8452653174336753,0.5920169831381137,-4.347978099638416,-0.5027127822047408
8365.647120594434,-3.9542938881734955,0.5879121259813459,-4.361418770897164,-0.40712488272366887
8395.902871898212,-4.060501122740471,0.5844940970542806,-4.3748345722078845,-0.31433344946741393
8426.2680481483,-4.165505042582469,0.5820335772138886,-4.3882254513328585,-0.2227204087503898
8456.743045098172,-4.267409184031166,0.5822977963349101,-4.401591356681108,-0.13418217264994148
8487.328259932603,-4.370071564653163,0.5802102860672268,-4.414932237297839,-0.04486067264467586
8518.02409127289,-4.4705395642315935,0.5777041033747131,-4.428248042853705,0.04229152137788805
8548.830939181973,-4.570375226816152,0.5752281418203409,-4.441538723633877,0.12883650318227513
8579.74920516969,-4.670092573969889,0.5733271451251176,-4.454804230526993,0.2152883434428956
8610.779292198036,-4.763724088258122,0.573737518263669,-4.468044515013924,0.2956795732441986
8641.921604686355,-4.838151277492399,0.5727984299799036,-4.481259529156343,0.3568917483360554
8673.176548516634,-4.907098873961454,0.573701025290295,-4.4944492255852015,0.4126496483762523
8704.54453103884,-4.971658965318584,0.5753146422164318,-4.507613557488994,0.46404540782959014
8736.025961076153,-5.031703258825322,0.576095801591409,-4.520752478601847,0.5109507802234754
8767.621248930333,-5.086971767970306,0.5777392825823379,-4.533865943191515,0.5531058247787914
8799.330806387086,-5.137503112559788,0.5793416618725623,-4.546953906047165,0.5905492065126232
8831.155046721393,-5.183140650270351,0.5794301904715989,-4.560016322467002,0.6231243278033496
8863.094384702901,-5.223832213079499,0.5804543053263919,-4.573053148245785,0.6507790648337135
8895.149236601375,-5.259347622221275,0.57961153792034,-4.586064339662151,0.6732832825591242
8927.32002019206,-5.289626264340695,0.5773908957259946,-4.599049853465785,0.6905764108749102
8959.60715476115,-5.314467954449832,0.5760304930594462,-4.612009646864469,0.7024583075853625
8992.011061111294,-5.33202596927328,0.5764507861469012,-4.624943677510977,0.707082291762303
9024.532161567004,-5.2865664390886415,0.5755735699890143,-4.637851903489754,0.6487145355988879
9057.170879980207,-5.218601329617169,0.5745193212892017,-4.650734283303587,0.567867046313582
9089.927641735789,-5.150136033436599,0.5750109565185733,-4.663590775859997,0.4865452575766023
9122.802873757078,-5.080793670523324,0.573171106450332,-4.676421340457566,0.40437233006575823
9155.797004511443,-5.023344082872285,0.5739509385095918,-4.689225936772089,0.3341181461001961
9188.91046401591,-4.9781418710697825,0.5757768051636711,-4.702004524842636,0.2761373462271468
9222.143683842694,-4.9349306011067,0.5779624733591419,-4.714757065057398,0.2201735360493018
9255.49709712487,-4.946442421618897,0.5784246984454645,-4.72748351813948,0.21895890347941727
9288.97113856204,-4.947473071138576,0.5807971674947859,-4.740183845132543,0.20728922600603372
9322.56624442594,-4.770325244415886,0.5802541672986933,-4.752858007386248,0.017467237029638483
9356.282852566146,-4.533738752081046,0.5802629455417723,-4.765505966541679,-0.23176721446063286
9390.121402415833,-4.357819775065032,0.5792590983567851,-4.778127684516581,-0.42030790945154894
9424.082334997422,-4.275044569349266,0.593081155017255,-4.7907231234904675,-0.5156785541412017
9458.16609292836,-4.19236217621709,0.5860125020246576,-4.803292245889645,-0.6109300696725555
9492.373120426932,-4.1114510282126755,0.5782462922908979,-4.815835014372089,-0.7043839861594137
9526.703863317984,-4.0297330484874205,0.5701934373550676,-4.828351391812242,-0.7986183433248213
9561.15876903875,-3.9475105314585974,0.5646117128726348,-4.840841341285634,-0.8933308098270363
9595.738286644735,-3.8649416612621454,0.568432031222944,-4.853304826053477,-0.9883631647913314
9630.442866815494,-3.7821346962496563,0.5680190976049605,-4.865741809547089,-1.0836071132974325
9665.272961860535,-3.6994129136220018,0.5772971990332344,-4.878152255352239,-1.1787393417302372
9700.229025725264,-3.6164846797020367,0.5723152728685551,-4.890536127193401,-1.274051447491364
9735.311513996809,-3.5053140374048937,0.5771804868519896,-4.902893388917866,-1.397579351512972
9770.520883910003,-3.39712712965037,0.5797537777424192,-4.915224004479814,-1.5180968748294443
9805.857594353394,-3.276155381080203,0.5791723864089098,-4.927527937924283,-1.6513725568440796
9841.322105875131,-3.15079240410199,0.5803719248043473,-4.9398051533709815,-1.7890127492689913
9876.914880689012,-3.063936864823008,0.5792716198237304,-4.9520556149981125,-1.8881187501751047
9912.636382680546,-3.034730264566548,0.5761547594070339,-4.964279287026061,-1.929549022459513
9948.487077412929,-3.0071663649765767,0.5769319205456397,-4.976476133700986,-1.9693097687244094
9984.467432133131,-2.975685526924119,0.5747742671118244,-4.988646119278382,-2.012960592354263
10020.577915778047,-2.975593660349702,0.5737227113270311,-5.000789208006534,-2.025195547656832
10056.818998980523,-2.99827506437334,0.5731544121055528,-5.0129053641098995,-2.0146302997365595
10093.191154075515,-3.0218898122798663,0.5727840410836796,-5.024994551772448,-2.0031047394925814
10129.694855106309,-3.046262244693464,0.5734514347612407,-5.037056735120913,-1.990794490427449
10166.330577830597,-3.071207866385885,0.5730225686833672,-5.049091878207998,-1.9778840118221126
10203.098799726738,-3.0965423506570744,0.5738262252794074,-5.061099944995505,-1.964557594338431
10240.0,-3.1220900004582983,0.5711578825375568,-5.073080899337449,-1.9509908988791507
10277.034659588744,-3.1476912283804666,0.5666495406386592,-5.085034704963064,-1.9373434765825976
10314.203261170724,-3.1732086325331075,0.5632959000261174,-5.096961325459819,-1.923752692926712
10351.506289169412,-3.198531301380722,0.5640567099361489,-5.108860724256351,-1.9103294228756287
10388.944229760244,-3.2235770856493264,0.5631163106403035,-5.120732864605378,-1.8971557789560514
10426.517570876991,-3.2482927260039105,0.5653931174451057,-5.132577709566565,-1.8842849835626545
10464.226802218154,-3.272651906266212,0.5692848140329169,-5.144395221989382,-1.8717433157231698
10502.07241525327,-3.2966514883977744,0.5704553923460968,-5.156185364495883,-1.8595338760981086
10540.054903229357,-3.3203063478006225,0.5714045986275206,-5.1679480994635,-1.8476417516628771
10578.17476117738,-3.343643339280426,0.5705989075989009,-5.179683389007835,-1.8360400497274085
10616.432485918633,-3.366694968250801,0.5695061189847741,-5.191391194965359,-1.8246962267145577
10654.828576071248,-3.389493314610098,0.5692318760900303,-5.2030714788761685,-1.8135781642660707
10693.363532056715,-3.4120646675974022,0.5710914320182257,-5.214724201966716,-1.8026595343693135
10732.037856106366,-3.434425198724016,0.5734580207006605,-5.226349325132492,-1.7919241264084764
10770.85205226792,-3.45657785247551,0.573528236158872,-5.237946808920763,-1.7813689564452533
10809.806626412104,-3.478510497981228,0.5722727904896018,-5.249516613513281,-1.7710061155320531
10848.902086239188,-3.5001952831260184,0.5724739296310093,-5.26105869870899,-1.7608634155829712
10888.138941285608,-3.5215890797279332,0.5721089675253207,-5.2725730239067605,-1.7509839441788273
10927.517702930674,-3.542634906696355,0.572618287376922,-5.284059548088136,-1.7414246413917809
10967.038884403137,-3.5632642551606626,0.5711805913333671,-5.295518229800086,-1.7322539746394234
11006.703000787928,-3.58340029315449,0.5723269118012044,-5.306949027137764,-1.7235487339832742
11046.510569032907,-3.6029619698927693,0.5717703611750576,-5.318351897727352,-1.7153899278345826
11086.462107955524,-3.621869047521553,0.5707368928101463,-5.329726798708867,-1.7078577511873139
11126.558138249617,-3.640048045117334,0.5715657670240011,-5.341073686719017,-1.7010256416016833
11166.79918249224,-3.6574389845119217,0.5716800128383516,-5.35239251787414,-1.6949535333622183
11207.185765150389,-3.67400269060583,0.5728354598307602,-5.363683247753095,-1.6896805571472653
11247.718412587892,-3.6897282432020546,0.5736819596942226,-5.374945831380304,-1.685217588178249
11288.39765307229,-3.70464003265041,0.5731906203140682,-5.38618022320876,-1.6815401905583505
11329.224016781656,-3.71880376777775,0.5712881502796864,-5.3973863771031265,-1.6785826093253764
11370.19803581154,-3.7323307479260563,0.5708095498885019,-5.408564246322866,-1.67623349839681
11411.320244181938,-3.7453797571058463,0.5706195613039144,-5.419713783505497,-1.6743340263996505
11452.591177844188,-3.7581560706570656,0.5697787409155123,-5.430834940649819,-1.6726788699927537
11494.011374687976,-3.770907272061594,0.5684251620008411,-5.441927669099283,-1.6710203970376893
11535.581374548396,-3.7839158370966413,0.5657386534118981,-5.452991919525415,-1.6690760824287736
11577.301719212915,-3.797488723544724,0.5616866138664445,-5.464027641911292,-1.6665389183665678
11619.172952428453,-3.8119444747774374,0.5613385617568295,-5.475034785535133,-1.6630903107576955
11661.195619908522,-3.827598576104366,0.5623003289752654,-5.4860132989539725,-1.6584147228496064
11703.370269340268,-3.8447479721769557,0.5627512065294193,-5.496963129987392,-1.6522151578104358
11745.697450391626,-3.8636557489929455,0.563158446675851,-5.507884225701381,-1.6442284767084354
11788.177714718542,-3.884537000086853,0.5637681611000497,-5.518776532392289,-1.6342395323054362
11830.81161597208,-3.907546835548313,0.5642180988197848,-5.529639995570863,-1.6220931600225494
11873.599709805669,-3.932771362397533,0.5648754579173833,-5.540474559946401,-1.6077031975488678
11916.542553882393,-3.9602222777965075,0.5651166132013483,-5.55128016941105,-1.5910578916145424
11959.64070788218,-3.989835487182363,0.5651051735435231,-5.562056767024122,-1.5722212798417585
12002.894733509129,-4.021473902488955,0.5661828079002271,-5.5728042949966525,-1.5513303925076976
12046.30519449888,-4.054934305064773,0.5660987851261907,-5.583522694675997,-1.5285883896112242
12089.87265662587,-4.08995788720086,0.5662917230727649,-5.594211906530577,-1.504254019329717
12133.59768771076,-4.126243828698694,0.5652199966478055,-5.604871870134755,-1.4786280414360604
12177.480857627865,-4.1634650367925765,0.5649345693575284,-5.6155025241538645,-1.452037487361288
12221.522738312502,-4.20128499701501,0.5638680525215516,-5.626103806329336,-1.424818809314326
12265.723903768494,-4.239374568986706,0.5641078018041396,-5.636675653464006,-1.3973010844772995
12310.08493007568,-4.277427531982511,0.5645950859789015,-5.64721800140756,-1.3697904694250491
12354.606395397348,-4.315173752858865,0.5659191012373672,-5.657730785042111,-1.3425570321832465
12399.288879987807,-4.352389016754119,0.5673664303362637,-5.668213938267945,-1.3158249215138262
12444.132966200004,-4.388900822209964,0.570327069754522,-5.678667393989421,-1.2897665717794577
12489.139238493,-4.424589779640062,0.570721590096536,-5.68909108410106,-1.2645013044609978
12534.308283439665,-4.45938663791364,0.5738472282950481,-5.69948493947372,-1.2400983015600797
12579.64068973435,-4.49326536264169,0.5746505618662087,-5.7098488899410675,-1.2165835272993775
12625.137048200466,-4.526233060555278,0.5743638345299821,-5.7201828642860795,-1.1939498037308018
12670.79795179824,-4.558317844018227,0.5760496242690598,-5.730486790227834,-1.1721689462096077
12716.623995632475,-4.589555920646644,0.5746436337757687,-5.7407605944084406,-1.1512046737617965
12762.61577696024,-4.619979247550557,0.5751869797082585,-5.751004202380131,-1.1310249548295745
12808.773895198668,-4.64960499730015,0.5790074427246205,-5.761217538592577,-1.111612541292427
12855.098951932836,-4.678427852451698,0.5798135597177714,-5.771400526380387,-1.0929726739286894
12901.591550923506,-4.706415805355862,0.5812448741531486,-5.781553087950796,-1.075137282594934
12948.25229811504,-4.73350973363126,0.584523246148377,-5.791675144371531,-1.058165410740271
12995.081801643348,-4.759626601495492,0.5845219038478007,-5.801766615558938,-1.0421400140634454
13042.080671843714,-4.784665756750121,0.5840657552727994,-5.811827420266249,-1.0271616635161287
13089.249521258804,-4.808517499272433,0.5818439221085258,-5.821857476072094,-1.013339976799661
13136.58896464669,-4.831072922488962,0.5819217634838136,-5.831856699369249,-1.0007837768802865
13184.099618988774,-4.8522339886936106,0.581055956088415,-5.841825005353523,-0.9895910166599124
13231.782103497872,-4.871922885847466,0.5834527076584947,-5.851762308012942,-0.979839422165476
13279.63703962634,-4.890089903044238,0.5840724431376861,-5.861668520117126,-0.971578617072888
13327.665051074056,-4.906719315140785,0.5849076282658964,-5.8715435532068785,-0.9648242380660932
13375.866763796632,-4.921833039746462,0.5815389239646466,-5.881387317584022,-0.9595542778375608
13424.242806013588,-4.9354920785640815,0.5802916183675505,-5.891199722301479,-0.9557076437373979
13472.793808216456,-4.947795947161405,0.5821005011143465,-5.90098067515356,-0.9531847279921557
13521.520403177046,-4.9588804144851455,0.5824245002426305,-5.910730082666474,-0.9518496681813282
13570.42322595575,-4.968913915344176,0.5820489890936583,-5.9204478500891815,-0.9515339347450054
13619.502913909702,-4.978092980620421,0.584006895147143,-5.9301338813843385,-0.9520409007639179
13668.760106701147,-4.98663697609633,0.5862030281459332,-5.939788079219614,-0.9531511031232842
13718.19544630582,-4.994782379670043,0.5859183675057104,-5.949410344959214,-0.9546279652891716
13767.809577021231,-5.00277678222405,0.5826942541640263,-5.959000578655635,-0.9562237964315852
13817.603145475086,-5.010872782711344,0.5807419480719811,-5.968558679041718,-0.957685896330374
13867.57680063378,-5.019321963503896,0.5778302505647835,-5.978084543522919,-0.9587625800190231
13917.731193810758,-5.028369165588927,0.5781964534051218,-5.987578068169877,-0.9592089025809498
13968.06697867504,-5.0382473150633365,0.5804424559859974,-5.997039147711238,-0.9587918326479015
14018.584811259809,-5.0491730615267025,0.581778362327488,-6.006467675526707,-0.9572946140000047
14069.285349970836,-5.061343459929235,0.5787640039362003,-6.01586354364043,-0.9545200837111949
14120.169255595143,-5.0749338532975266,0.5794295369211151,-6.025226642714598,-0.9502927894170714
14171.23719130964,-5.090096999213457,0.5772317604698265,-6.0345568620433685,-0.9444598628299117
14222.48982268967,-5.106963341582103,0.5753464178241425,-6.0438540895470165,-0.9368907479649131
14273.927817717748,-5.1256421828277,0.5738690153020626,-6.053118211766384,-0.9274760289386847
14325.551846792308,-5.1462233848216075,0.5754295982203147,-6.062349113857661,-0.9161257290360538
14377.362582736334,-5.1687791430591625,0.5722825376588677,-6.071546679587323,-0.9027675365281604
14429.3607008062,-5.193365354950004,0.5693587831252971,-6.080710791327518,-0.8873454363775144
14481.546878700494,-5.220022146014205,0.5660464120569361,-6.0898413300515895,-0.8698191840373841
14533.921796568766,-5.248773222031529,0.5653905757744236,-6.098938175329999,-0.8501649532984699
14586.486137020442,-5.279623865127753,0.5670886130011441,-6.108001205326457,-0.8283773401987036
14639.240585133772,-5.312557566620624,0.5661926624736875,-6.117030296794445,-0.8044727301738206
14692.185828464648,-5.34753146278797,0.5673564587385722,-6.126025325073897,-0.7784938622859272
14745.322557055622,-5.384470894342181,0.5701480093606152,-6.134986164088308,-0.7505152697461268
14798.651463444958,-5.423263507738319,0.5737984637507616,-6.1439126863420785,-0.7206491786037592
14852.17324267554,-5.46375337680612,0.5756543658914666,-6.152804762918155,-0.6890513861120349
14905.888592303992,-5.505735588458255,0.5774112600592309,-6.161662263475982,-0.6559266750177271
14959.798212409823,-5.548951668011693,0.5769262740802812,-6.170485056249772,-0.6215333882380794
15013.902805604444,-5.593086053503578,0.5740453039755263,-6.179273008047063,-0.5861869545434848
15068.203077040367,-5.637763636991363,0.5740123168257979,-6.188025984247575,-0.5502623472562114
15122.699734420474,-5.682548185029539,0.5727239646102398,-6.196743848802396,-0.5141956637728571
15177.3934880071,-5.7269412115062845,0.5698885438137603,-6.20542646423346,-0.47848525272717524
15232.285050631372,-5.7703806915263804,0.5696055259977929,-6.214073691633331,-0.44369300010695056
15287.375137702553,-5.812238900456504,0.5665118529012506,-6.222685390665316,-0.4104464902088125
15342.664467217226,-5.85181873098114,0.5712469253278559,-6.231261419563873,-0.3794426885827331
15398.15375976874,-5.888348100252316,0.5767535116115077,-6.239801635135327,-0.351453534883011
15453.84373855665,-5.920972569221787,0.5902291723710649,-6.248305892758925,-0.32733332353713784
15509.735129396013,-5.948094935036367,0.7561489388504845,-6.256774046388184,-0.30867911135181725
15565.82866072693,-5.966254373027325,0.7938571136590955,-6.265205948552527,-0.29895157552520235
15622.125063624071,-5.977763348273531,0.828715742403537,-6.273601450359333,-0.29583810208580186
15678.625071806113,-5.981936070443521,0.8434210321325136,-6.281960401496166,-0.3000243310526445
15735.329421645343,-5.97811585043271,0.8621797205304776,-6.290282650233415,-0.31216679980070516
15792.238852177314,-5.965704138919082,0.8800937370623996,-6.298568043427252,-0.33286390450817027
15849.354105110377,-5.944199864204078,0.9028691843043135,-6.306816426522838,-0.3626165623187596
15906.675924835376,-5.913248966838581,0.9092820424989752,-6.315027643557902,-0.40177867671932077
15964.205058435453,-5.87270244421551,0.9319722828674744,-6.323201537166661,-0.45049909295115054
16021.942255695612,-5.822679389351076,0.9532819136713016,-6.331337948583962,-0.5086585592328863
16079.888269112604,-5.7636297579573,0.9269355783819465,-6.339436717649848,-0.5758069596925477
16138.043853904755,-5.696390245642593,0.9405087850569237,-6.347497682814382,-0.6511074371717882
16196.409768021713,-5.6222259337761935,0.9539076623190926,-6.355520681142804,-0.7332947473666103
16254.986772154356,-5.542850403179423,0.9548952517788094,-6.363505548320989,-0.8206551451415658
16313.775629744812,-5.460417890514668,0.960817614883109,-6.371452118661272,-0.9110342281466037
16372.777106996256,-5.37748121948839,0.9681331308861159,-6.379360225108524,-1.0018790056201343
16431.99197288295,-5.296918999015907,0.9583222581035513,-6.387229699246604,-1.090310700230697
16491.420999160364,-5.221825061671412,0.9397125898335075,-6.395060371305087,-1.1732353096336752
16551.064960375068,-5.155369604280383,0.938364490118907,-6.402852070166328,-1.2474824658859447
16610.92463387492,-5.100638652080832,0.9702237955271341,-6.410604623372827,-1.3099659712919953
16671.00079981924,-5.060462581549526,0.9753164366858417,-6.418317857134941,-1.3578552755854147
16731.29424118887,-5.037246488859862,1.0299665809841279,-6.42599159633887,-1.388745107479008
16791.805743796423,-5.032816095635788,1.097851631860717,-6.433625664554972,-1.4008095689191844
16852.5360962966,-5.048292470129509,1.1637658068136536,-6.441219884046418,-1.392927413916909
16913.486090196344,-5.084007082896809,1.3134775906557592,-6.448774075778093,-1.3647669928812842
16974.656519865206,-5.139465733711061,1.3883052065033459,-6.456288059425887,-1.316822325714826
17036.04818254578,-5.213365941359844,1.4781171048843535,-6.463761653386246,-1.2503957120264024
17097.661878363946,-5.303667852641255,1.3469039697966962,-6.471194674786027,-1.1675268221447714
17159.49841033938,-5.407714048554341,1.3852852055136087,-6.478586939492691,-1.0708728909383494
17221.558584396073,-5.522389281526915,1.3972076792920196,-6.485938262124801,-0.9635489805978859
17283.84320937271,-5.64430762433486,1.8831584436674782,-6.49324845606278,-0.8489408317279201
17346.35309703327,-5.770012135415881,2.042050581659391,-6.50051733346001,-0.7305051980441295
17409.08906207768,-5.89617121481089,1.4758229326906134,-6.507744705254273,-0.6115734904433836
17472.051922152306,-6.019756453153948,1.4879615645634865,-6.514930381179375,-0.4951739280254266
17535.242497860665,-6.138188899038613,1.4590740204735395,-6.52207416977719,-0.3838852707385767
17598.661612774173,-6.249444046489485,1.413926648746406,-6.5291758784099265,-0.2797318319204418
17662.310093442786,-6.352110080062852,1.4282370565616453,-6.536235313272737,-0.18412523320988505
17726.188769405802,-6.445398511584994,2.84172423173329,-6.543252279406565,-0.0978537678215714
17790.29847320275,-6.529110763109698,1.6976425937580015,-6.550226580711358,-0.021115817601660147
17854.64004038412,-6.6035679958620666,2.0113360973084045,-6.5571580199594885,0.046409975902578005
17919.2143095223,-6.669514162997927,2.110912110859971,-6.564046398809525,0.10546776418840142
17984.02212222259,-6.728003642806263,2.2063211867387946,-6.570891517820277,0.1571121249859857
