frequency_hz,diagnostic_db,energy_neutral_db,recommended_db,ci95_low_db,ci95_high_db,pair_count,effective_pairs_kish,median_snr_db,reliability,codec_prior,pipeline_version
20.0,-0.0001001370571924303,0.9734821519166102,2.710070201439181e-05,-0.00434149805428386,0.004086278604439591,0,0.0,,2.0887393332467063e-05,1.0,V12.0
20.033765982017503,-1.6317346494249945e-05,0.9735659716273085,2.7102430495746892e-05,-0.004174379189347158,0.00406569190856798,0,0.0,,2.088737615093381e-05,1.0,V12.0
20.067588971112087,6.750236420393042e-05,0.9736497913380067,2.7104157912809666e-05,-0.004020118536467382,0.004045074088948134,0,0.0,,2.088735815144145e-05,1.0,V12.0
20.101469063528747,0.00015132207490211078,0.9737336110487048,2.710588423567308e-05,-0.0038684525209297773,0.004024456269328288,0,0.0,,2.088733931110261e-05,1.0,V12.0
20.13540635567497,0.00023514178560026905,0.973817430759403,2.7107609433565516e-05,-0.0037167865053922113,0.0040038384497084484,0,0.0,,2.088731960636965e-05,1.0,V12.0
20.16940094412101,0.0003189614962984494,0.9739012504701011,2.710933347535275e-05,-0.0035651204898546067,0.003983220630088602,0,0.0,,2.0887299013421637e-05,1.0,V12.0
20.203452925600157,0.00040278120699662986,0.9739850701807994,2.71110563303368e-05,-0.003413454474317001,0.0039626028104687554,0,0.0,,2.0887277508779863e-05,1.0,V12.0
20.237562397009018,0.000486600917694788,0.9740688898914975,2.7112777966729903e-05,-0.0032617884587794353,0.003941984990848915,0,0.0,,2.0887255068132172e-05,1.0,V12.0
20.271729455407794,0.0005704206283929684,0.9741527096021957,2.7114498352457664e-05,-0.0031101224432418303,0.003977995848123238,0,0.0,,2.0887231666951856e-05,1.0,V12.0
20.30595419802054,0.0006542403390911488,0.9742365293128938,2.7116217455182935e-05,-0.0029584564277042253,0.004035625013644232,0,0.0,,2.088720728051615e-05,1.0,V12.0
20.34023672223547,0.0007380600497893071,0.974320349023592,2.711793524234716e-05,-0.00280679041216666,0.00409325417916521,0,0.0,,2.088718188393815e-05,1.0,V12.0
20.374577125605207,0.0008218797604874874,0.9744041687342903,2.7119651681206173e-05,-0.0026551243966290543,0.004187515710811858,0,0.0,,2.0887155452194416e-05,1.0,V12.0
20.408975505847074,0.0009056994711856678,0.9744879884449884,2.7121366738868125e-05,-0.0025034583810914493,0.004215658106021206,0,0.0,,2.088712796015423e-05,1.0,V12.0
20.443431960843377,0.0009895191818838263,0.9745718081556866,2.7123080382333694e-05,-0.0023517923655538837,0.004277784897948285,0,0.0,,2.088709938261061e-05,1.0,V12.0
20.47794658864167,0.0010733388925820064,0.9746556278663847,2.712479257823335e-05,-0.002200126350016279,0.004336312090082227,0,0.0,,2.0887069694077998e-05,1.0,V12.0
20.51251948745504,0.001157158603280165,0.9747394475770829,2.712650329285867e-05,-0.0020811005699373376,0.004394839282216156,0,0.0,,2.088703886881648e-05,1.0,V12.0
20.547150755662393,0.0012409783139783453,0.974823267287781,2.7128212493081323e-05,-0.0019847355578851795,0.004453308209088616,0,0.0,,2.0887006881539407e-05,1.0,V12.0
20.581840491808723,0.0013247980246765254,0.9749070869984793,2.712992014583931e-05,-0.0018873069520577116,0.004511551625871227,0,0.0,,2.0886973707017745e-05,1.0,V12.0
20.6165887946054,0.0014086177353747058,0.9749909067091774,2.7131626218187695e-05,-0.001789878346230243,0.004503504672726384,0,0.0,,2.088693932011908e-05,1.0,V12.0
20.65139576293044,0.0014924374460728639,0.9750747264198756,2.7133330677351088e-05,-0.0015538400213853034,0.0044849702021292695,0,0.0,,2.0886903695847995e-05,1.0,V12.0
20.686261495828813,0.0015762571567710445,0.9751585461305737,2.7135033490888496e-05,-0.0013980485331545188,0.00446643573153215,0,0.0,,2.0886866809472933e-05,1.0,V12.0
20.72118609251269,0.0016600768674692248,0.975242365841272,2.7136734626571196e-05,-0.0013096474965708714,0.004447901260935031,0,0.0,,2.0886828636432098e-05,1.0,V12.0
20.75616965236174,0.001743896578167383,0.9753261855519701,2.7138434052479963e-05,-0.0012212464599872471,0.004442610903483805,0,0.0,,2.0886789152408222e-05,1.0,V12.0
20.791212274923435,0.0018277162888655637,0.9754100052626683,2.7140131736968093e-05,-0.0011328454234035995,0.004491287032145005,0,0.0,,2.0886748333300054e-05,1.0,V12.0
20.82631405991329,0.0019115359995637436,0.9754938249733665,2.7141827648735113e-05,-0.0010440026462995146,0.004485952821267237,0,0.0,,2.0886706155279002e-05,1.0,V12.0
20.861475107215185,0.0019953557102619025,0.9755776446840646,2.7143521757245364e-05,-0.0009541099588333199,0.00448061861038947,0,0.0,,2.0886662595111122e-05,1.0,V12.0
20.896695516881625,0.0020791754209600827,0.9756614643947628,2.7145214032696055e-05,-0.0008642172713671009,0.004475284399511702,0,0.0,,2.0886617630132374e-05,1.0,V12.0
20.931975389134035,0.0021629951316582624,0.975745284105461,2.7146904445771966e-05,-0.000775429109211942,0.004596812499451306,0,0.0,,2.0886571238059696e-05,1.0,V12.0
20.967314824363047,0.0022468148423564214,0.9758291038161592,2.714859296787381e-05,-0.0006659294725490716,0.004744527955953207,0,0.0,,2.088652339716657e-05,1.0,V12.0
21.002713923128784,0.0023306345530546015,0.9759129235268573,2.7150279571184195e-05,-0.0005984871245902893,0.004892243412455149,0,0.0,,2.0886474086333582e-05,1.0,V12.0
21.03817278616114,0.002414454263752782,0.9759967432375555,2.715196422873388e-05,-0.0005311247793618988,0.005039958868957091,0,0.0,,2.08864232850992e-05,1.0,V12.0
21.07369151436007,0.00249827397445094,0.9760805629482536,2.715364691446811e-05,-0.0004939678100402754,0.005143046475080439,0,0.0,,2.08863709737106e-05,1.0,V12.0
21.109270208795884,0.0025820936851491207,0.9761643826589519,2.7155327603312665e-05,-0.00046539057033381575,0.005222691413309361,0,0.0,,2.088631713317419e-05,1.0,V12.0
21.144908970709523,0.002665913395847301,0.97624820236965,2.7157006271239534e-05,-0.0004526179628403375,0.00530200982355446,0,0.0,,2.0886261745305937e-05,1.0,V12.0
21.180607901512857,0.002749733106545459,0.9763320220803482,2.715868289533169e-05,-0.00046310552618972743,0.005379422576056426,0,0.0,,2.088620479278088e-05,1.0,V12.0
21.21636710278897,0.00283355281724364,0.9764158417910463,2.7160357453846837e-05,-0.0004735930895391202,0.0054568353285584115,0,0.0,,2.088614625918189e-05,1.0,V12.0
21.252186676292443,0.0029173725279418197,0.9764996615017445,2.7162029926279792e-05,-0.0004610873508604227,0.0055342480810603965,0,0.0,,2.088608612904733e-05,1.0,V12.0
21.288066723949655,0.003001192238639978,0.9765834812124427,2.7163700293423135e-05,-0.0004246186025715917,0.005611660833562362,0,0.0,,2.0886024387917405e-05,1.0,V12.0
21.32400734785907,0.0030850119493381583,0.9766673009231409,2.7165368537425778e-05,-0.0004204318672480643,0.005741366144253366,0,0.0,,2.0885961022378854e-05,1.0,V12.0
21.360008650291512,0.003168831660036339,0.9767511206338391,2.7167034641849345e-05,-0.0004514118867524493,0.005839023614621621,0,0.0,,2.0885896020107954e-05,1.0,V12.0
21.396070733690483,0.003252651370734497,0.9768349403445372,2.716869859172172e-05,-0.00048222074403759873,0.005903034681567509,0,0.0,,2.0885829369911345e-05,1.0,V12.0
21.432193700672432,0.003336471081432678,0.9769187600552354,2.7170360373587636e-05,-0.0005044950160596317,0.005967045748513413,0,0.0,,2.088576106176455e-05,1.0,V12.0
21.46837765402706,0.0034202907921308577,0.9770025797659336,2.7172019975556077e-05,-0.0005029503451825814,0.0061537651280538595,0,0.0,,2.0885691086848027e-05,1.0,V12.0
21.504622696717597,0.0035041105028290167,0.9770863994766318,2.7173677387343865e-05,-0.0005009204428662036,0.006363425271726627,0,0.0,,2.0885619437580288e-05,1.0,V12.0
21.540928931881123,0.0035879302135271964,0.9771702191873299,2.7175332600315443e-05,-0.0004988470318334305,0.006573085415399448,0,0.0,,2.088554610764808e-05,1.0,V12.0
21.577296462828844,0.003671749924225399,0.9772540388980281,2.717698560751846e-05,-0.0004967736208006568,0.006782745559072325,0,0.0,,2.0885471092033314e-05,1.0,V12.0
21.61372539304635,0.0037555696349235576,0.9773378586087262,2.717863640371477e-05,-0.0005045604368675615,0.006992302396101979,0,0.0,,2.0885394387036467e-05,1.0,V12.0
21.650215826193993,0.0038393893456217373,0.9774216783194245,2.7180284985406727e-05,-0.0005183128971812473,0.0072004030154084716,0,0.0,,2.0885315990296376e-05,1.0,V12.0
21.686767866107107,0.003923209056319918,0.9775054980301227,2.7181931350628007e-05,-0.0005320653574949331,0.007408503634714964,0,0.0,,2.088523590062908e-05,1.0,V12.0
21.723381616796342,0.004007028767018077,0.9775893177408208,2.7183575499327535e-05,-0.0005458178178086153,0.007616604254021402,0,0.0,,2.0885154118322397e-05,1.0,V12.0
21.760057182447948,0.004090848477716257,0.977673137451519,2.7185217433300594e-05,-0.0005595702781223012,0.007824704873327896,0,0.0,,2.088507064508255e-05,1.0,V12.0
21.796794667424063,0.004174668188414437,0.9777569571622171,2.7186857156132036e-05,-0.000573322738435987,0.008032805492634389,0,0.0,,2.0884985483990076e-05,1.0,V12.0
21.833594176263034,0.004258487899112596,0.9778407768729154,2.7188494673195382e-05,-0.0005870751987496693,0.008240906111940826,0,0.0,,2.0884898639498662e-05,1.0,V12.0
21.87045581367969,0.004342307609810776,0.9779245965836135,2.7190129991645952e-05,-0.0006008276590633552,0.008449006731247318,0,0.0,,2.0884810117429484e-05,1.0,V12.0
21.907379684565655,0.0044261273205089555,0.9780084162943117,2.7191763120408215e-05,-0.0006145801193770409,0.008628263858239504,0,0.0,,2.0884719924961004e-05,1.0,V12.0
21.944365893989634,0.004509947031207114,0.9780922360050098,2.7193394070157127e-05,-0.0006283325796907232,0.008779273050153651,0,0.0,,2.0884628070614216e-05,1.0,V12.0
21.98141454719773,0.004593766741905294,0.978176055715708,2.719502285329358e-05,-0.000642085040004409,0.008930282242067834,0,0.0,,2.088453456423336e-05,1.0,V12.0
22.018525749613726,0.0046672091977554425,0.9782494981715582,2.7196432760763675e-05,-0.0006544288792878326,0.009060872844721618,0,0.0,,2.0884439416962047e-05,1.0,V12.0
22.055699606839394,0.004730232171358165,0.9783125211451609,2.7197622929444126e-05,-0.000665338400924956,0.009170961770252518,0,0.0,,2.0884342641214977e-05,1.0,V12.0
22.092936224654792,0.004793255144960904,0.9783755441187636,2.719881098284536e-05,-0.0006762436928469181,0.009281050695783449,0,0.0,,2.088424425064519e-05,1.0,V12.0
22.130235709018567,0.004856278118563643,0.9784385670923663,2.7199996940008823e-05,-0.0006871489847688801,0.009410171130123782,0,0.0,,2.0884144260107117e-05,1.0,V12.0
22.167598166068256,0.004919301092166365,0.978501590065969,2.720118082149093e-05,-0.0006980542766908392,0.009645039785930279,0,0.0,,2.0884042685615454e-05,1.0,V12.0
22.20502370212059,0.0049823240657691035,0.9785646130395719,2.7202362649324133e-05,-0.0007089595686128012,0.009879908441736838,0,0.0,,2.0883939544314985e-05,1.0,V12.0
22.24251242367179,0.005045347039371842,0.9786276360131746,2.7203542447025422e-05,-0.0007198648605347632,0.010114777097543397,0,0.0,,2.088383485448683e-05,1.0,V12.0
22.28006443739788,0.005108370012974564,0.9786906589867773,2.7204720239434634e-05,-0.0007307701524567223,0.010349645753349896,0,0.0,,2.0883728635424084e-05,1.0,V12.0
22.317679850154974,0.005171392986577303,0.97875368196038,2.7205896052647044e-05,-0.0007416754443786844,0.010584514409156457,0,0.0,,2.0883620907379758e-05,1.0,V12.0
22.35535876897961,0.0052344159601800415,0.9788167049339828,2.7207069913872965e-05,-0.0007525807363006464,0.010800454050128045,0,0.0,,2.0883511691458864e-05,1.0,V12.0
22.39310130108902,0.005297438933782764,0.9788797279075855,2.7208241851880155e-05,-0.0007634860282226055,0.010972429357568484,0,0.0,,2.0883401009957692e-05,1.0,V12.0
22.43090755388145,0.005360461907385502,0.9789427508811882,2.72094118964098e-05,-0.0007723735947499014,0.01114440466500897,0,0.0,,2.0883288885915362e-05,1.0,V12.0
22.46877763493648,0.005423484880988241,0.9790057738547909,2.721058007783292e-05,-0.0007788047920819416,0.011316379972449454,0,0.0,,2.0883175342849882e-05,1.0,V12.0
22.506711652015305,0.005486507854590963,0.9790687968283937,2.7211746427368293e-05,-0.0007852359894139802,0.011488355279889895,0,0.0,,2.0883060404925328e-05,1.0,V12.0
22.544709713061057,0.0055495308281937016,0.9791318198019964,2.7212910977003603e-05,-0.0007915953616666468,0.011660330587330379,0,0.0,,2.088294409689113e-05,1.0,V12.0
22.582771926199108,0.00561255380179644,0.9791948427755992,2.7214073759209834e-05,-0.00079793301400069,0.011832305894770865,0,0.0,,2.0882826443862815e-05,1.0,V12.0
22.620898399737378,0.005675576775399163,0.9792578657492019,2.7215234806797564e-05,-0.0008042706663347316,0.0120041025992873,0,0.0,,2.0882707471211613e-05,1.0,V12.0
22.65908924216664,0.005738599749001901,0.9793208887228046,2.7216394153441437e-05,-0.0008106083186687747,0.012174419292917321,0,0.0,,2.0882587204966835e-05,1.0,V12.0
22.697344562160836,0.00580162272260464,0.9793839116964074,2.7217551833212108e-05,-0.0008339642873497838,0.012344735986547343,0,0.0,,2.0882465671456583e-05,1.0,V12.0
22.735664468577387,0.0058646456962073625,0.9794469346700101,2.7218707880457226e-05,-0.0008415862155024637,0.012515052680177318,0,0.0,,2.0882342897216393e-05,1.0,V12.0
22.774049070457483,0.0059276686698101,0.9795099576436128,2.7219862328728153e-05,-0.000848960991833854,0.012685369373807341,0,0.0,,2.0882218908165772e-05,1.0,V12.0
22.81249847702642,0.00599069164341284,0.9795729806172155,2.7221015213091853e-05,-0.0008563357681652441,0.01285568606743736,0,0.0,,2.0882093731381886e-05,1.0,V12.0
22.851012797693897,0.006053714617015562,0.9796360035908183,2.7222166568650323e-05,-0.0008637105444966324,0.013026002761067336,0,0.0,,2.0881967393963532e-05,1.0,V12.0
22.88959214205433,0.0061167375906183005,0.979699026564421,2.7223316430056003e-05,-0.0008710853208280226,0.013196319454697356,0,0.0,,2.088183992265944e-05,1.0,V12.0
22.928236619887155,0.006179760564221022,0.9797620495380237,2.7228020447648814e-05,-0.0008784600971594109,0.013366636148327333,0,0.0,,2.0884438572861925e-05,1.0,V12.0
22.96694634115716,0.006242783537823761,0.9798250725116265,2.7233153915360605e-05,-0.0008858348734908011,0.013536952841957356,0,0.0,,2.0887366352784394e-05,1.0,V12.0
23.005721416014783,0.006305806511426499,0.9798880954852293,2.7238766088440066e-05,-0.0008932096498221912,0.013707269535587376,0,0.0,,2.0890660990814073e-05,1.0,V12.0
23.044561954796425,0.0063688294850292385,0.979951118458832,2.724491132600557e-05,-0.000904792433330892,0.013877586229217396,0,0.0,,2.0894364122246996e-05,1.0,V12.0
23.083468068024768,0.006431852458631961,0.9800141414324347,2.7251649563541773e-05,-0.0009378564879499946,0.014047902922847374,0,0.0,,2.089852165068827e-05,1.0,V12.0
23.122439866409092,0.006494875432234699,0.9800771644060374,2.725968948818739e-05,-0.0009709205425691063,0.014218219616477392,0,0.0,,2.0903676956176496e-05,1.0,V12.0
23.16147746084559,0.006557898405837438,0.9801401873796401,2.7268576569989178e-05,-0.00098439746289592,0.014388536310107416,0,0.0,,2.0909481361540867e-05,1.0,V12.0
23.20058096241767,0.00662092137944016,0.9802032103532429,2.7278366808033196e-05,-0.0009959856485944707,0.014558853003737392,0,0.0,,2.091597771057546e-05,1.0,V12.0
23.239750482396303,0.006683944353042898,0.9802662333268456,2.7289158297616032e-05,-0.0010075738342930243,0.014729169697367412,0,0.0,,2.0923241114950515e-05,1.0,V12.0
23.27898613224029,0.006746967326645637,0.9803292563004483,2.7301058722679007e-05,-0.001019162019991578,0.014899486390997434,0,0.0,,2.093135402330378e-05,1.0,V12.0
23.318288023596637,0.006809990300248359,0.980392279274051,2.7314186183795265e-05,-0.0010307502056901283,0.015069803084627409,0,0.0,,2.0940406854243945e-05,1.0,V12.0
23.357656268300822,0.006873013273851098,0.9804553022476539,2.732867007767601e-05,-0.001042338391388682,0.01524011977825743,0,0.0,,2.0950498668665732e-05,1.0,V12.0
23.397090978377143,0.0069360362474538365,0.9805183252212566,2.734465203667384e-05,-0.0010539265770872356,0.015410436471887452,0,0.0,,2.0961737887862443e-05,1.0,V12.0
23.43659226603903,0.006999059221056559,0.9805813481948593,2.736228691298585e-05,-0.0010655147627857862,0.015580753165517429,0,0.0,,2.0974243045694413e-05,1.0,V12.0
23.476160243689357,0.007062082194659298,0.980644371168462,2.738174387399302e-05,-0.0010771029484843396,0.015751069859147447,0,0.0,,2.0988143625725594e-05,1.0,V12.0
23.515795023920777,0.007125105168262036,0.9807073941420648,2.7403207526994262e-05,-0.0010886911341828932,0.015921386552777472,0,0.0,,2.100358092064744e-05,1.0,V12.0
23.555496719516025,0.007188128141864759,0.9807704171156675,2.742687912530948e-05,-0.0011002793198814438,0.016091703246407445,0,0.0,,2.102070895381719e-05,1.0,V12.0
23.595265443448252,0.0072511511154674975,0.9808334400892702,2.7452977847299895e-05,-0.0011118675055799972,0.016262019940037467,0,0.0,,2.1039695456412124e-05,1.0,V12.0
23.63510130888133,0.007314174089070236,0.9808964630628729,2.7481742145824755e-05,-0.0011234556912785509,0.01643233663366749,0,0.0,,2.1060722898279843e-05,1.0,V12.0
23.675004429170208,0.007377197062672959,0.9809594860364756,2.7513431177097846e-05,-0.0011350438769771017,0.016602653327297465,0,0.0,,2.1083989579335184e-05,1.0,V12.0
23.71497491786119,0.007440220036275697,0.9810225090100784,2.7548326308042853e-05,-0.001146632062675655,0.016772970020927484,0,0.0,,2.1109710780792924e-05,1.0,V12.0
23.75501288869229,0.007503243009878419,0.9810855319836811,2.7586732703754626e-05,-0.0011582202483742057,0.016943286714557464,0,0.0,,2.1138119977447458e-05,1.0,V12.0
23.795118455593546,0.007566265983481157,0.9811485549572839,2.7628980996414825e-05,-0.0011698084340727593,0.017113603408187485,0,0.0,,2.116947011201201e-05,1.0,V12.0
23.835291732687338,0.007629288957083895,0.9812115779308866,2.7675429036714926e-05,-0.001198513398524907,0.017283920101817504,0,0.0,,2.1204034932303173e-05,1.0,V12.0
23.87553283428873,0.007692311930686634,0.9812746009044894,2.772646372850775e-05,-0.0012293047031484113,0.017454236795447522,0,0.0,,2.124211039180201e-05,1.0,V12.0
23.915841874905773,0.007755334904289357,0.9813376238780921,2.7782502947036922e-05,-0.0012600960077719075,0.017624553489077502,0,0.0,,2.1284016113838052e-05,1.0,V12.0
23.956218969239846,0.007818357877892096,0.9814006468516948,2.784399754068278e-05,-0.0012908873123954113,0.01779487018270752,0,0.0,,2.133009691932746e-05,1.0,V12.0
23.99666423218598,0.007881380851494833,0.9814636698252975,2.7911433415709475e-05,-0.0013216786170189153,0.017965186876337542,0,0.0,,2.1380724417649377e-05,1.0,V12.0
24.037177778833183,0.007944403825097557,0.9815266927989003,2.7985333703003697e-05,-0.0013524699216424115,0.018135503569967522,0,0.0,,2.143629865986555e-05,1.0,V12.0
24.07775972446476,0.008007426798700295,0.981589715772503,2.8066261005255873e-05,-0.001383261226265915,0.01830582026359754,0,0.0,,2.1497249853075903e-05,1.0,V12.0
24.11841018455866,0.008070449772303034,0.9816527387461058,2.8154819722453285e-05,-0.0014140525308894193,0.018476136957227562,0,0.0,,2.1564040134257292e-05,1.0,V12.0
24.159129274787787,0.008133472745905757,0.9817157617197085,2.8251658452928447e-05,-0.0014448438355129155,0.018646453650857542,0,0.0,,2.1637165401454353e-05,1.0,V12.0
24.199917111020337,0.008196495719508494,0.9817787846933113,2.8357472466536993e-05,-0.0014756351401364193,0.01881677034448756,0,0.0,,2.1717157199679288e-05,1.0,V12.0
24.24077380932012,0.008259518693111216,0.981841807666914,2.8473006264497506e-05,-0.0015064264447599155,0.018987087038117537,0,0.0,,2.1804584672631182e-05,1.0,V12.0
24.281699485946913,0.008322541666713956,0.9819048306405167,2.859905614873195e-05,-0.0015372177493834193,0.019157403731747562,0,0.0,,2.190005652112535e-05,1.0,V12.0
24.322694257356755,0.008385564640316694,0.9819678536141194,2.8736472899946637e-05,-0.0015680090540069233,0.01932772042537758,0,0.0,,2.2004223044220925e-05,1.0,V12.0
24.363758240202312,0.008448587613919433,0.9820308765877221,2.8886164490341118e-05,-0.0015988003586304275,0.019498037119007598,0,0.0,,2.2117778206271632e-05,1.0,V12.0
24.404891551333183,0.008511610587522155,0.9820938995613249,2.9049098839702742e-05,-0.0016295916632539235,0.019668353812637575,0,0.0,,2.2241461736596362e-05,1.0,V12.0
24.44609430779625,0.008574633561124893,0.9821569225349276,2.9226306606706537e-05,-0.0016603829678774275,0.019838670506267597,0,0.0,,2.2376061255495597e-05,1.0,V12.0
24.48736662683601,0.008637656534727617,0.9822199455085303,2.941888400619074e-05,-0.0016911742725009235,0.02000898719989757,0,0.0,,2.252241441953866e-05,1.0,V12.0
24.528708625894897,0.008700679508330355,0.982282968482133,2.962799564221922e-05,-0.0017219655771244277,0.02017930389352759,0,0.0,,2.2681411078315487e-05,1.0,V12.0
24.570120422613623,0.008763702481933092,0.9823459914557359,2.9854877375626262e-05,-0.0017527568817479315,0.020349620587157613,0,0.0,,2.285399545696043e-05,1.0,V12.0
24.611602134831514,0.008826725455535832,0.9824090144293386,3.0100839111579537e-05,-0.0017835481863714355,0.020519937280787635,0,0.0,,2.3041168276820973e-05,1.0,V12.0
24.653153880586842,0.008889748429138554,0.9824720374029413,3.0367267585307237e-05,-0.0018143394909949317,0.02069025397441761,0,0.0,,2.32439888741074e-05,1.0,V12.0
24.694775778117172,0.008952771402741292,0.982535060376544,3.065562919461845e-05,-0.0018451307956184352,0.020860570668047633,0,0.0,,2.3463577353744547e-05,1.0,V12.0
24.736467945859694,0.009015794376344047,0.9825980833501468,3.0967472703535145e-05,-0.001875922100241948,0.021030887361677703,0,0.0,,2.3701116643954694e-05,1.0,V12.0
24.778230502451514,0.009078817349946786,0.9826611063237495,3.1304431899588424e-05,-0.0019067134048654517,0.02120120405530772,0,0.0,,2.39578545147844e-05,1.0,V12.0
24.820063566730077,0.009141840323549508,0.9827241292973522,3.166822816825025e-05,-0.0019375047094889477,0.0213715207489377,0,0.0,,2.4235105532632408e-05,1.0,V12.0
24.86196725773345,0.009204863297152246,0.9827871522709549,3.206067296564641e-05,-0.001968296014112452,0.021541837442567716,0,0.0,,2.4534252936372394e-05,1.0,V12.0
24.903941694700666,0.00926788627075497,0.9828501752445576,3.248367017045972e-05,-0.001999087318735948,0.021712154136197696,0,0.0,,2.485675042048816e-05,1.0,V12.0
24.945986997072076,0.009330909244357708,0.9829131982181605,3.293921829505033e-05,-0.0020430962988360617,0.021882470829827715,0,0.0,,2.520412380997009e-05,1.0,V12.0
24.98810328448967,0.009393932217960447,0.9829762211917632,3.342941253498412e-05,-0.002099478368423697,0.022052787523457736,0,0.0,,2.5577972611087483e-05,1.0,V12.0
25.03029067679745,0.009443788440323835,0.9830260774141265,3.395610456357752e-05,-0.002209519677724612,0.022222125763191256,0,0.0,,2.597997142157509e-05,1.0,V12.0
25.07254929404173,0.009488469034701718,0.9830707580085044,3.452178233684188e-05,-0.002340653529725994,0.022391079389190043,0,0.0,,2.641187118324463e-05,1.0,V12.0
25.114879256471504,0.0095331496290796,0.9831154386028823,3.5128972099112964e-05,-0.002471787381727375,0.022560033015188826,0,0.0,,2.6875500259572234e-05,1.0,V12.0
25.157280684538794,0.009577830223457482,0.9831601191972602,3.57801703972293e-05,-0.0026029212337287566,0.02272898664118761,0,0.0,,2.737276532042891e-05,1.0,V12.0
25.19975369889896,0.009622510817835354,0.9832047997916381,3.647801309254092e-05,-0.002734055085730104,0.022897940267186348,0,0.0,,2.790567935059952e-05,1.0,V12.0
25.242298420411085,0.009667191412213234,0.983249480386016,3.722517029986984e-05,-0.002865188937731485,0.02306518558525836,0,0.0,,2.8476281262667622e-05,1.0,V12.0
25.284914970138285,0.009711872006591106,0.9832941609803938,3.8024450846169615e-05,-0.002931511014103061,0.023231279213695017,0,0.0,,2.9086715797994786e-05,1.0,V12.0
25.327603469348073,0.009756552600968992,0.9833388415747717,3.887876794687647e-05,-0.0029932525718535863,0.02339737284213172,0,0.0,,2.9739207253737485e-05,1.0,V12.0
25.370364039512694,0.009801233195346874,0.9833835221691496,3.979113876031774e-05,-0.0030549941296041123,0.023557588173410134,0,0.0,,3.0436059128421653e-05,1.0,V12.0
25.413196802309475,0.009845913789724743,0.9834282027635275,4.076468354597678e-05,-0.0031167356873546214,0.02360819102669447,0,0.0,,3.117965346459191e-05,1.0,V12.0
25.456101879621176,0.009890594384102627,0.9834728833579054,4.18026244032241e-05,-0.003177188983896217,0.023658793879978827,0,0.0,,3.1972449870718096e-05,1.0,V12.0
25.499079393536324,0.009935274978480511,0.9835175639522832,4.290828356774476e-05,-0.0032364732137277505,0.023709396733263183,0,0.0,,3.2816984205020887e-05,1.0,V12.0
25.542129466349575,0.009979955572858381,0.9835622445466611,4.408508124391097e-05,-0.003295757443559269,0.02375999958654752,0,0.0,,3.371586690466241e-05,1.0,V12.0
25.585252220562047,0.010024636167236265,0.983606925141039,4.533653295128954e-05,-0.0033550416733908023,0.02381060243983188,0,0.0,,3.46717809437069e-05,1.0,V12.0
25.628447778881682,0.010069316761614147,0.9836516057354169,4.666624636653622e-05,-0.003414325903222336,0.023861205293116233,0,0.0,,3.568747940560289e-05,1.0,V12.0
25.671716264223594,0.010113997355992018,0.9836962863297948,4.807791764198225e-05,-0.0034736101330538538,0.023911808146400575,0,0.0,,3.6765782655982996e-05,1.0,V12.0
25.7150577997104,0.010158677950369902,0.9837409669241727,4.9575327183115635e-05,-0.0035328943628853875,0.02396241099968493,0,0.0,,3.790957510226764e-05,1.0,V12.0
25.758472508672604,0.010203358544747784,0.9837856475185505,5.1162334872187376e-05,-0.0035921785927169212,0.024059635391499804,0,0.0,,3.912180153040659e-05,1.0,V12.0
25.80196051464891,0.010248039139125656,0.9838303281129284,5.2842874722130334e-05,-0.003651462822548439,0.024250169508914395,0,0.0,,4.0405463006769254e-05,1.0,V12.0
25.845521941386608,0.01029271973350354,0.9838750087073063,5.462094895127014e-05,-0.0037107470523799727,0.024440703626329028,0,0.0,,4.1763612338007875e-05,1.0,V12.0
25.889156912841898,0.010337400327881422,0.9839196893016842,5.65006214658866e-05,-0.0037700312822115064,0.024631237743743668,0,0.0,,4.319934907910458e-05,1.0,V12.0
25.93286555318026,0.010382080922259292,0.9839643698960621,5.848601076027137e-05,-0.003829315512043024,0.024821771861158252,0,0.0,,4.471581409708507e-05,1.0,V12.0
25.97664798677681,0.010426761516637174,0.9840090504904399,6.058128221432686e-05,-0.003888599741874558,0.025012305978572884,0,0.0,,4.631618367524893e-05,1.0,V12.0
26.020504338216632,0.010471442111015057,0.9840537310848178,6.279063979118306e-05,-0.003929490831679069,0.025202840095987524,0,0.0,,4.800366315991993e-05,1.0,V12.0
26.06443473229516,0.01051612270539293,0.9840984116791957,6.511410537684434e-05,-0.003964788894839756,0.025393374213402112,0,0.0,,4.977826035613467e-05,1.0,V12.0
26.108439294018513,0.010560803299770813,0.9841430922735735,6.755962837119341e-05,-0.0040000869580004515,0.025583908330816744,0,0.0,,5.1646043265863683e-05,1.0,V12.0
26.152518148603853,0.010605483894148695,0.9841877728679514,7.013141404859044e-05,-0.004057462470506646,0.025774442448231384,0,0.0,,5.3610216958339955e-05,1.0,V12.0
26.19667142147976,0.010650164488526567,0.9842324534623292,7.283366110616073e-05,-0.0041554737814491465,0.02596497656564597,0,0.0,,5.567398103730324e-05,1.0,V12.0
26.240899238286566,0.010694845082904449,0.9842771340567071,7.567054992769373e-05,-0.0042480872732972965,0.026155510683060604,0,0.0,,5.78405206711753e-05,1.0,V12.0
26.285201724876718,0.010739525677282332,0.984321814651085,7.864623027756171e-05,-0.004308979535123236,0.02634604480047524,0,0.0,,6.011299718941053e-05,1.0,V12.0
26.329579007315147,0.010784206271660202,0.9843664952454629,8.176480844433425e-05,-0.004369871796949159,0.026536578917889825,0,0.0,,6.249453826016454e-05,1.0,V12.0
26.37403121187962,0.010828886866038086,0.9844111758398408,8.503033386137056e-05,-0.004430764058775098,0.026727113035304464,0,0.0,,6.498822767023219e-05,1.0,V12.0
26.418558465061086,0.01087356746041597,0.9844558564342187,8.844678523160184e-05,-0.004491656320601038,0.026917647152719094,0,0.0,,6.759709472814769e-05,1.0,V12.0
26.463160893564062,0.010918248054793842,0.9845005370285965,9.201805619305742e-05,-0.004552548582426962,0.027108181270133685,0,0.0,,7.032410331847266e-05,1.0,V12.0
26.507838624306977,0.010962928649171724,0.9845452176229744,9.574794055951992e-05,-0.004613440844252901,0.027298715387548318,0,0.0,,7.31721406336334e-05,1.0,V12.0
26.55259178442254,0.011007609243549606,0.9845898982173523,9.964011717861359e-05,-0.00467433310607884,0.027489249504962957,0,0.0,,7.61440056157127e-05,1.0,V12.0
26.59742050125808,0.011052289837927477,0.9846345788117302,0.00010369813445136937,-0.004735225367904764,0.02767978362237754,0,0.0,,7.924239714192228e-05,1.0,V12.0
26.64232490237595,0.01109697043230536,0.9846792594061081,0.0001079253945615072,-0.004796117629730703,0.027870317739792178,0,0.0,,8.24699019906791e-05,1.0,V12.0
26.687305115553855,0.011141651026683243,0.984723940000486,0.0001123251374657029,-0.004857009891556643,0.028060851857206814,0,0.0,,8.582898262751258e-05,1.0,V12.0
26.732361268785223,0.011186331621061115,0.9847686205948638,0.00011690042469961739,-0.004917902153382566,0.0282513859746214,0,0.0,,8.932196485269993e-05,1.0,V12.0
26.777493490279582,0.011231012215438997,0.9848133011892417,0.00012165412305847968,-0.004978794415208506,0.028441920092036034,0,0.0,,9.295102535558361e-05,1.0,V12.0
26.822701908462907,0.01127569280981688,0.9848579817836196,0.00012658888821323155,-0.005039686677034446,0.02863245420945067,0,0.0,,9.671817922220465e-05,1.0,V12.0
26.867986651978004,0.011320373404194752,0.9849026623779975,0.00013170714832417898,-0.0051005789388603685,0.028822988326865258,0,0.0,,0.00010062526744358992,1.0,V12.0
26.913347849684865,0.011365053998572634,0.9849473429723754,0.00013701108771808183,-0.005161471200686309,0.029013522444279894,0,0.0,,0.0001046739444750634,1.0,V12.0
26.958785630661023,0.011409734592950518,0.9849920235667532,0.0001425026306983367,-0.005222363462512248,0.02920405656169453,0,0.0,,0.00010886566589978272,1.0,V12.0
27.004300124201954,0.011454415187328388,0.9850367041611311,0.00014818342555700177,-0.0052832557243381725,0.029394590679109118,0,0.0,,0.00011320167624899506,1.0,V12.0
27.049891459821403,0.011499095781706272,0.985081384755509,0.0001540548288597552,-0.005344147986164112,0.029585124796523754,0,0.0,,0.00011768299703328229,1.0,V12.0
27.09555976725179,0.011543776376084156,0.9851260653498869,0.0001601178900748116,-0.00540504024799005,0.029775658913938387,0,0.0,,0.00012231041503899898,1.0,V12.0
27.141305176444547,0.011588456970462025,0.9851707459442648,0.00016637333662075304,-0.005465932509815974,0.029966193031352974,0,0.0,,0.00012708447094709493,1.0,V12.0
27.187127817570513,0.01163313756483991,0.9852154265386426,0.000172821559405235,-0.005526824771641913,0.030156727148767607,0,0.0,,0.0001320054483292115,1.0,V12.0
27.233027821020293,0.011677818159217791,0.9852601071330205,0.00017946259892766394,-0.005587717033467853,0.030347261266182243,0,0.0,,0.00013707336307679135,1.0,V12.0
27.27900531740463,0.011722498753595661,0.9853047877273984,0.00018629613201832945,-0.0056973817904149016,0.03053779538359683,0,0.0,,0.00014228795331846023,1.0,V12.0
27.325060437554768,0.011767179347973545,0.9853494683217763,0.00019332145928511733,-0.005821538424655247,0.030728329501011467,0,0.0,,0.00014764866987988524,1.0,V12.0
27.37119331252285,0.011811859942351427,0.9853941489161542,0.00020053749333944312,-0.005945695058895593,0.030918863618426107,0,0.0,,0.00015315466734069366,1.0,V12.0
27.417404073582258,0.011856540536729299,0.9854388295105321,0.000207942747869629,-0.006069851693135907,0.03110939773584069,0,0.0,,0.00015880479574041065,1.0,V12.0
27.463692852228018,0.011901221131107182,0.9854835101049099,0.00021553532762613379,-0.006194008327376253,0.031299931853255324,0,0.0,,0.00016459759298244892,1.0,V12.0
27.510059780177144,0.011945901725485064,0.9855281906992878,0.00022331291937990397,-0.0063181649616166,0.03149046597066996,0,0.0,,0.00017053127798276983,1.0,V12.0
27.556504989369035,0.011990582319862936,0.9855728712936657,0.00023127278392169205,-0.006442321595856913,0.03168100008808455,0,0.0,,0.00017660374461484721,1.0,V12.0
27.603028611965847,0.01203526291424082,0.9856175518880436,0.00023941174915310614,-0.006566478230097259,0.03187153420549918,0,0.0,,0.0001828125564895068,1.0,V12.0
27.649630780352858,0.012079943508618702,0.9856622324824215,0.0002477262043266664,-0.006690634864337607,0.03206206832291382,0,0.0,,0.00018915494261317398,1.0,V12.0
27.696311627138854,0.012124624102996574,0.9857069130767993,0.00025621209547972386,-0.006814791498577919,0.032252602440328404,0,0.0,,0.00019562779395857171,1.0,V12.0
27.74307128515651,0.012169304697374457,0.9857515936711772,0.0002648649221091715,-0.006938948132818265,0.032443136557743044,0,0.0,,0.00020222766098347892,1.0,V12.0
27.789909887462752,0.012213985291752338,0.985796274265555,0.00027367973512648424,-0.0070631047670586125,0.03263367067515768,0,0.0,,0.0002089507521275121,1.0,V12.0
27.836827567339153,0.01225866588613021,0.985840954859933,0.00028265113612738245,-0.007187261401298926,0.03282420479257227,0,0.0,,0.0002157929333128763,1.0,V12.0
27.883824458292306,0.012303346480508093,0.9858856354543108,0.0002917732780051722,-0.007311418035539272,0.0330147389099869,0,0.0,,0.00022274972847102786,1.0,V12.0
27.930900694054202,0.012348027074885975,0.9859303160486887,0.0003010398669313431,-0.007435574669779618,0.03320096911504069,0,0.0,,0.00022981632111300469,1.0,V12.0
27.978056408582603,0.012392707669263847,0.9859749966430665,0.0003104441657204914,-0.007559731304019932,0.03336311187324631,0,0.0,,0.00023698755695620498,1.0,V12.0
28.025291736061448,0.012373212443500545,0.9859555014173033,0.000319963323139317,-0.007778266085343151,0.033410158971215465,0,0.0,,0.00024425794761794337,1.0,V12.0
28.0726068109012,0.01229799007212045,0.9858802790459231,0.00032959043913004075,-0.008078269258760122,0.033357262623136714,0,0.0,,0.0002516216753786267,1.0,V12.0
28.120001767739264,0.01222276770074038,0.9858050566745431,0.0003393306555570564,-0.008376415512953187,0.033304366275057985,0,0.0,,0.0002590725990143725,1.0,V12.0
28.167476741440343,0.012147545329360285,0.985729834303163,0.0003491754948269039,-0.00857088259246937,0.03325146992697922,0,0.0,,0.00026660426069370673,1.0,V12.0
28.215031867096837,0.012072322957980195,0.9856546119317829,0.00035911607706261625,-0.008683877461779451,0.03319857357890047,0,0.0,,0.0002742098939302652,1.0,V12.0
28.26266728002922,0.011997100586600121,0.9855793895604028,0.00036914313199465365,-0.0087944319576749,0.033145677230821735,0,0.0,,0.00028188243257421707,1.0,V12.0
28.310383115786422,0.01192187821522003,0.9855041671890228,0.0003792470121850881,-0.00890498645357038,0.033092780882742985,0,0.0,,0.0002896145208249321,1.0,V12.0
28.358179510146233,0.011846655843839935,0.9854289448176426,0.0003894177075535774,-0.009015540949465857,0.033039884534664235,0,0.0,,0.00029739852424127695,1.0,V12.0
28.40605659911567,0.011771433472459862,0.9853537224462626,0.0003996448611679397,-0.009170149564025471,0.03298698818658549,0,0.0,,0.0003052265417215385,1.0,V12.0
28.454014518931363,0.01169621110107977,0.9852785000748825,0.00040991778625697434,-0.009419637084208482,0.03293409183850674,0,0.0,,0.000313090418421014,1.0,V12.0
28.502053406059957,0.011620988729699697,0.9852032777035025,0.0004202254843977016,-0.009669124604391429,0.032881195490428,0,0.0,,0.0003209817595711137,1.0,V12.0
28.550173397198503,0.011545766358319606,0.9851280553321223,0.00043055666482447907,-0.00991861212457444,0.032828299142349256,0,0.0,,0.00032889194516020265,1.0,V12.0
28.598374629274822,0.011470543986939512,0.9850528329607422,0.0004408997648027641,-0.010168099644757449,0.03278153423902632,0,0.0,,0.0003368121454328083,1.0,V12.0
28.646657239447915,0.011395321615559421,0.9849776105893622,0.0004512429710064047,-0.010417587164940463,0.03296880168501348,0,0.0,,0.00034473333716083203,1.0,V12.0
28.69502136510835,0.011320099244179347,0.984902388217982,0.00046157424183007064,-0.010667074685123408,0.03304632912907886,0,0.0,,0.0003526463206348259,1.0,V12.0
28.743467143878654,0.011244876872799256,0.984827165846602,0.00047188133057230825,-0.010916562205306417,0.03302374778956835,0,0.0,,0.0003605417373263296,1.0,V12.0
28.791994713613697,0.011169654501419162,0.9847519434752219,0.0004821518094137295,-0.01116604972548943,0.03300116645005783,0,0.0,,0.0003684100881638581,1.0,V12.0
28.84060421240109,0.011094432130039092,0.9846767211038419,0.0004923730941175233,-0.011415537245672376,0.032978585110547326,1,1.0,20.394048738068904,0.0003762417523671463,1.0,V12.0
28.889295778561582,0.011019209758658997,0.9846014987324617,0.0005025324693699286,-0.011665024765855386,0.0329560037710368,1,1.0,20.394048738068904,0.00038402700677693877,1.0,V12.0
28.938069550649455,0.010943987387278887,0.9845262763610816,0.0005126171146860907,-0.011914512286038464,0.032933422431526284,1,1.0,20.394048738068904,0.0003917560456235274,1.0,V12.0
28.986925667452876,0.010868765015898812,0.9844510539897016,0.0005226141308000678,-0.012163999806221409,0.03291084109201577,1,1.0,20.394048738068904,0.0003994190006721306,1.0,V12.0
29.03586426799437,0.010793542644518721,0.9843758316183214,0.0005325105664549577,-0.012409015626940577,0.03288825975250526,1,1.0,20.394048738068904,0.00040700596168103976,1.0,V12.0
29.084885491531157,0.010718320273138626,0.9843006092469413,0.0005422934455113121,-0.01261212460638666,0.03286340042877675,1,1.0,29.346960522237644,0.00041450699711010957,1.0,V12.0
29.133989477555563,0.010643097901758554,0.9842253868755613,0.0005519497942884302,-0.012872753255627969,0.032837247349448095,1,1.0,37.24339802716209,0.000421912175014406,1.0,V12.0
29.183176365795422,0.010567875530378463,0.9841501645041811,0.0005614666690641594,-0.013165932585603045,0.03281109427011943,1,1.0,37.7931707891143,0.0004292115840662337,1.0,V12.0
29.232446296214473,0.01049265315899837,0.9840749421328011,0.0005708311836397043,-0.013417927941107629,0.03278494119079077,1,1.0,37.81740921561884,0.0004363953546341157,1.0,V12.0
29.281799409012752,0.010417430787618297,0.983999719761421,0.0005800305368941007,-0.013669923296612145,0.032758788111462114,1,1.0,37.81740921561884,0.0004434536798611433,1.0,V12.0
29.331235844626992,0.010342208416238204,0.983924497390041,0.0005890520402474773,-0.01392191865211673,0.032732635032133445,1,1.0,37.81740921561884,0.00045037683668086326,1.0,V12.0
29.38075574373103,0.01026698604485811,0.9838492750186608,0.0005978831449541786,-0.014173914007621314,0.03270648195280478,1,1.0,37.81740921561884,0.00045715520671032344,1.0,V12.0
29.4303592472362,0.010191763673478038,0.9837740526472808,0.000606511469149024,-0.014425909363125832,0.03268032887347613,1,1.0,37.81740921561884,0.00046377929696156124,1.0,V12.0
29.48004649629174,0.010116541302097947,0.9836988302759007,0.0006149248245720499,-0.014677904718630418,0.032766884350765545,1,1.0,37.81740921561884,0.0004702397603143734,1.0,V12.0
29.529817632285187,0.010041318930717854,0.9836236079045205,0.0006231112428994726,-0.014929900074135,0.03288873331528906,1,1.0,37.81740921561884,0.00047652741569500633,1.0,V12.0
29.57967279684278,0.009966096559337782,0.9835483855331405,0.0006310590016112427,-0.01518189542963952,0.03304095208921914,1,1.0,37.81740921561884,0.00048263326790739803,1.0,V12.0
29.629612131829866,0.009890874187957688,0.9834731631617604,0.0006387566493278022,-0.015433890785144103,0.03321249428999734,1,1.0,37.81740921561884,0.0004885485270652904,1.0,V12.0
29.67963577935131,0.009815651816577595,0.9833979407903803,0.000646193030553559,-0.015685886140648687,0.03338403649077554,1,1.0,37.81740921561884,0.0004942646275772527,1.0,V12.0
29.72974388175189,0.009740429445197523,0.9833227184190002,0.0006533573097658356,-0.015937881496153206,0.03355557869155369,1,1.0,37.81740921561884,0.0004997732466375957,1.0,V12.0
29.7799365816167,0.00966520707381743,0.9832474960476202,0.0006602389947879331,-0.01618987685165779,0.033727120892331895,1,1.0,37.81740921561884,0.0005050663221760341,1.0,V12.0
29.830214021771557,0.009589984702437339,0.98317227367624,0.0006668279593972735,-0.016441872207162377,0.0338986630931101,1,1.0,37.81740921561884,0.0005101360702283671,1.0,V12.0
29.880576345283426,0.009514762331057266,0.98309705130486,0.0006731144651141248,-0.016693867562666893,0.03407020529388825,1,1.0,37.81740921561884,0.000514975001686252,1.0,V12.0
29.931023695460798,0.009439539959677173,0.9830218289334799,0.0006790891821235745,-0.016945862918171475,0.03424174749466645,1,1.0,37.81740921561884,0.000519575938389604,1.0,V12.0
29.981556215854113,0.009364317588297082,0.9829466065620998,0.0006847432092859685,-0.017197858273676057,0.03441328969544466,1,1.0,37.81740921561884,0.0005239320285270897,1.0,V12.0
30.032174050256177,0.009289095216917008,0.9828713841907197,0.0006900680931943643,-0.017449853629180577,0.03458483189622281,1,1.0,37.81740921561884,0.0005280367613127227,1.0,V12.0
30.08287734270255,0.009213872845536916,0.9827961618193396,0.0006950558462403302,-0.017701848984685162,0.034756374097001004,1,1.0,37.81740921561884,0.0005318839809086726,1.0,V12.0
30.133666237471967,0.009138650474156823,0.9827209394479596,0.0006996989636531768,-0.017953844340189744,0.034927916297779214,1,1.0,37.81740921561884,0.000535467899567269,1.0,V12.0
30.18454087908676,0.00906342810277675,0.9826457170765794,0.0007039904394801285,-0.018205839695694264,0.03509945849855737,1,1.0,37.81740921561884,0.0005387831099670182,1.0,V12.0
30.23550141231325,0.008988205731396658,0.9825704947051994,0.0007079237814780345,-0.018457835051198846,0.035271000699335565,1,1.0,37.81740921561884,0.0005418245967198028,1.0,V12.0
30.286547982162165,0.008912983360016564,0.9824952723338193,0.0007114930248900834,-0.01870983040670343,0.03544254290011376,1,1.0,37.81740921561884,0.0005445877470286238,1.0,V12.0
30.33768073388906,0.008837760988636492,0.9824200499624393,0.0007146927450836273,-0.018961825762207948,0.035614085100891923,1,1.0,37.81740921561884,0.0005470683604772472,1.0,V12.0
30.38889981299472,0.008762538617256399,0.9823448275910591,0.0007175180690277619,-0.019213821117712533,0.03578562730167012,1,1.0,37.81740921561884,0.0005492626579350638,1.0,V12.0
30.44020536522558,0.008687316245876308,0.982269605219679,0.0007199646855917743,-0.01946581647321712,0.035957169502448316,1,1.0,37.81740921561884,0.0005511672895623439,1.0,V12.0
30.491597536574144,0.008612093874496234,0.982194382848299,0.0007220288546479298,-0.019717811828721635,0.03601101842050676,1,1.0,37.81740921561884,0.0005527793419028691,1.0,V12.0
30.54307647327939,0.008536871503116142,0.9821191604769188,0.0007237074149642616,-0.01996980718422622,0.03606405712333245,1,1.0,37.81740921561884,0.0005540963440525974,1.0,V12.0
30.594642321827184,0.008461649131736049,0.9820439381055388,0.0007249977908751549,-0.020221802539730806,0.036117095826158144,1,1.0,37.81740921561884,0.0005551162728946438,1.0,V12.0
30.646295228950716,0.008386426760355977,0.9819687157341587,0.0007259020043943155,-0.020473797895235322,0.03617013452898382,1,1.0,37.81740921561884,0.0005558406253996472,1.0,V12.0
30.698035341630906,0.008311204388975884,0.9818934933627786,0.0007264152285756866,-0.020725793250739907,0.03622317323180951,1,1.0,37.81740921561884,0.0005562656541678392,1.0,V12.0
30.749862807096815,0.008235982017595792,0.9818182709913985,0.0007265366285487344,-0.02097778860624449,0.03627621193463521,1,1.0,37.81740921561884,0.0005563906681163947,1.0,V12.0
30.801777772826068,0.00816075964621572,0.9817430486200185,0.0007262661018419063,-0.021229783961749005,0.03632925063746089,1,1.0,37.81740921561884,0.0005562155369156779,1.0,V12.0
30.853780386545285,0.008085537274835625,0.9816678262486384,0.0007256042663340697,-0.02148177931725359,0.036382289340286575,1,1.0,37.81740921561884,0.0005557406819227773,1.0,V12.0
30.905870796230484,0.007884568470410795,0.9814668574442135,0.0007244823012313676,-0.021780863533165606,0.036199978809070305,1,1.0,37.81740921561884,0.0005549667899316335,1.0,V12.0
30.958049150107524,0.007626693218140599,0.9812089821919433,0.0007229404286644728,-0.022101257775246807,0.035911161169953014,1,1.0,37.81740921561884,0.0005538951020236408,1.0,V12.0
31.010315596652493,0.007368817965870335,0.980951106939673,0.0007210127297214374,-0.022421652017328094,0.03577929916248203,1,1.0,37.81740921561884,0.0005525273236292056,1.0,V12.0
31.062670284592176,0.00711094271360007,0.9806932316874027,0.0007187022574654613,-0.022742046259409378,0.0356523230491396,1,1.0,37.81740921561884,0.000550865619267053,1.0,V12.0
31.11511336290443,0.006853067461329874,0.9804353564351326,0.0007160126567361375,-0.023062440501490578,0.03552534693579719,1,1.0,37.81740921561884,0.0005489126088376388,1.0,V12.0
31.167644980818647,0.00659519220905961,0.9801774811828623,0.0007129481575506086,-0.023382834743571865,0.03539837082245476,1,1.0,37.81740921561884,0.0005466713630135347,1.0,V12.0
31.220265287816158,0.006337316956789345,0.979919605930592,0.0007095135673467492,-0.023703228985653153,0.03527139470911233,1,1.0,37.81740921561884,0.0005441453977362627,1.0,V12.0
31.272974433630658,0.006079441704519148,0.9796617306783219,0.0007057142620586557,-0.02402362322773435,0.03514441859576992,1,1.0,37.81740921561884,0.0005413386678108836,1.0,V12.0
31.32577256824865,0.005821566452248884,0.9794038554260516,0.0007015561761112397,-0.02434401746981564,0.0350174424824275,1,1.0,37.81740921561884,0.0005382555596636865,1.0,V12.0
31.37865984190984,0.00556369119997862,0.9791459801737813,0.0006970457913164552,-0.024664411711896927,0.03489046636908506,1,1.0,37.81740921561884,0.0005349008832484104,1.0,V12.0
31.4316364051076,0.005305815947708424,0.9788881049215111,0.0006921901246815458,-0.02498480595397813,0.034763490255742664,1,1.0,37.81740921561884,0.0005312798631077932,1.0,V12.0
31.484702408589374,0.005047940695438159,0.9786302296692408,0.0006869967151097889,-0.025305200196059415,0.03463651414240023,1,1.0,37.81740921561884,0.0005273981285742864,1.0,V12.0
31.537858003357115,0.004790065443167895,0.9783723544169706,0.0006814736091040366,-0.025625594438140702,0.0345095380290578,1,1.0,37.81740921561884,0.0005232617031934384,1.0,V12.0
31.591103340667708,0.004532190190897699,0.9781144791647004,0.0006756293455042667,-0.025945988680221906,0.0343825619157154,1,1.0,37.81740921561884,0.0005188769933928383,1.0,V12.0
31.64443857203341,0.004274314938627434,0.9778566039124301,0.0006694729392271386,-0.026266382922303187,0.034255585802372965,1,1.0,37.81740921561884,0.0005142507763709897,1.0,V12.0
31.69786384922227,0.004016439686357169,0.9775987286601598,0.0006630138640797696,-0.026586777164384477,0.03412860968903053,1,1.0,37.81740921561884,0.0005093901872605158,1.0,V12.0
31.751379324258572,0.003758564434086973,0.9773408534078897,0.0006562620346962639,-0.026907171406465678,0.03400163357568813,1,1.0,37.81740921561884,0.0005043027056019833,1.0,V12.0
31.804985149423263,0.003500689181816709,0.9770829781556194,0.0006492277876223555,-0.027227565648546965,0.0338746574623457,1,1.0,37.81740921561884,0.0004989961411468824,1.0,V12.0
31.85868147725438,0.003242813929546444,0.9768251029033491,0.000641921861587281,-0.027547959890628252,0.033747681349003265,1,1.0,37.81740921561884,0.0004934786190189003,1.0,V12.0
31.912468460547494,0.002984938677276248,0.976567227651079,0.0006343553770234632,-0.027868354132709456,0.03362070523566086,1,1.0,37.81740921561884,0.0004877585642791807,1.0,V12.0
31.96634625235614,0.0027270634250059836,0.9763093523988087,0.0006265398148781496,-0.02818874837479074,0.033493729122318426,1,1.0,37.81740921561884,0.00048184468592869046,1.0,V12.0
32.02031500599225,0.0024691881727357187,0.9760514771465384,0.0006184869947709539,-0.028509142616872023,0.03336675300897599,1,1.0,37.81740921561884,0.00047574596038840787,1.0,V12.0
32.074374875026606,0.002211312920465522,0.9757936018942682,0.0006102090525534567,-0.02882953685895323,0.033239776895633594,1,1.0,37.81740921561884,0.0004694716144998141,1.0,V12.0
32.128526013289246,0.001953437668195258,0.975535726641998,0.0006017184173261209,-0.029149931101034515,0.03311280078229116,1,1.0,37.81740921561884,0.0004630311080875394,1.0,V12.0
32.18276857486992,0.0016955624159250612,0.9752778513897278,0.0005930277879776861,-0.029470325343115715,0.03298582466894876,1,1.0,37.81740921561884,0.00045643411613371145,1.0,V12.0
32.23710271411854,0.0014376871636547967,0.9750199761374575,0.0005841501093075345,-0.029790719585197002,0.03285884855560633,1,1.0,37.81740921561884,0.00044969051061003547,1.0,V12.0
32.29152858564561,0.0011798119113845332,0.9747621008851872,0.0005750985478279525,-0.030111113827278286,0.032731872442263894,1,1.0,37.81740921561884,0.00044281034204175735,1.0,V12.0
32.34604634432264,0.0009219366591142683,0.9745042256329169,0.0005658864671978836,-0.030431508069359573,0.03260489632892146,1,1.0,37.81740921561884,0.00043580382076586105,1.0,V12.0
32.40065614528262,0.0006640614068440728,0.9742463503806468,0.0005565274035171388,-0.030751381300831233,0.03247792021557906,1,1.0,37.885804417274805,0.00042868129805944283,1.0,V12.0
32.45535814392046,0.00040618615457380797,0.9739884751283765,0.0005470350404597241,-0.031068922313518793,0.03235094410223663,1,1.0,37.885804417274805,0.00042145324712164017,1.0,V12.0
32.51015249589342,0.00014831090230354397,0.9737305998761062,0.0005374231843318286,-0.03138646332620636,0.032223967988894195,1,1.0,37.885804417274805,0.0004141302439748298,1.0,V12.0
32.56503935712155,-0.00010956434996665324,0.973472724623836,0.0005277057391059234,-0.031704004338893844,0.03212764780803049,1,1.0,37.885804417274805,0.0004067229483246379,1.0,V12.0
32.62001888378814,-0.00036743960223691637,0.9732148493715658,0.000517896681598799,-0.03202154535158141,0.03204847992455241,1,1.0,37.885804417274805,0.0003992420845080824,1.0,V12.0
32.675091232340165,-0.0006253148545071804,0.9729569741192955,0.0005080100367301181,-0.03233908636426897,0.03196931204107433,1,1.0,38.3859792663375,0.00039169842248106625,1.0,V12.0
32.73025655948874,-0.0008831901067773776,0.9726990988670253,0.000498059853022166,-0.03265662737695645,0.03189014415759628,1,1.0,38.43849268025236,0.0003841027589691961,1.0,V12.0
32.78551502220953,-0.0011410653590476424,0.972441223614755,0.00048806017835775094,-0.03297416838964402,0.03181097627411819,0,0.0,,0.00037646589879522887,1.0,V12.0
32.84086677774327,-0.001398940611317975,0.9721833483624848,0.00047802503617538455,-0.033291709402331664,0.03173180839064009,0,0.0,,0.0003687986365215928,1.0,V12.0
32.89631198359609,-0.0016568158635881704,0.9719254731102146,0.00046796840207689026,-0.033609250415019144,0.03165264050716203,0,0.0,,0.00036111173838924374,1.0,V12.0
32.951850797540104,-0.0019146911158584362,0.9716675978579443,0.0004579041808956791,-0.03392679142770671,0.03157347262368395,0,0.0,,0.000353415924590502,1.0,V12.0
33.00748337761376,-0.0021725663681287006,0.971409722605674,0.00044784618435503797,-0.03424433244039427,0.03149430474020587,0,0.0,,0.0003457218519761846,1.0,V12.0
33.06320988212234,-0.002430441620398897,0.9711518473534039,0.0004378081093559722,-0.03456187345308175,0.0314151368567278,0,0.0,,0.0003380400972281689,1.0,V12.0
33.11903046963837,-0.0026883168726691614,0.9708939721011336,0.0004278035169548498,-0.03487941446576932,0.03133596897324973,0,0.0,,0.0003303811405445656,1.0,V12.0
33.17494529900211,-0.0029461921249394245,0.9706360968488633,0.00041784581207248003,-0.03519695547845688,0.03125680108977165,0,0.0,,0.0003227553498703713,1.0,V12.0
33.230954529322,-0.003204067377209689,0.970378221596593,0.0004079482239984106,-0.035514496491144444,0.031177633206293565,0,0.0,,0.0003151729657236427,1.0,V12.0
33.287058319975074,-0.0034619426294798853,0.9701203463443229,0.00039812378782500614,-0.03583203750383193,0.03109846532281551,0,0.0,,0.00030764408672200256,1.0,V12.0
33.34325683060746,-0.0037198178817501506,0.9698624710920526,0.00038838532666378157,-0.03614957851651949,0.031019297439337425,0,0.0,,0.00030017865569643287,1.0,V12.0
33.399550221134824,-0.0039776931340204155,0.9696045958397823,0.00037874543482682986,-0.03646711952920705,0.030940129555859345,0,0.0,,0.0002927864465345196,1.0,V12.0
33.4559386517428,-0.004235568386290611,0.9693467205875121,0.000369216461963217,-0.03678466054189454,0.030860961672381285,0,0.0,,0.0002854770517463337,1.0,V12.0
33.512422282887464,-0.004493443638560876,0.9690888453352419,0.0003598104981886119,-0.037102201554582104,0.0307817937889032,0,0.0,,0.00027825987078355463,1.0,V12.0
33.56900127529581,-0.004751318890831141,0.9688309700829716,0.0003505393602341017,-0.037419742567269675,0.030702625905425128,0,0.0,,0.00027114409913295864,1.0,V12.0
33.62567578996617,-0.005009194143101338,0.9685730948307014,0.0003414145786023575,-0.037811915784400844,0.030623458021947065,0,0.0,,0.00026413871817619866,1.0,V12.0
33.68244598816868,-0.005267069395371599,0.9683152195784311,0.000332447385766654,-0.03832484506087692,0.030544290138468985,0,0.0,,0.00025725248584441783,1.0,V12.0
33.73931203144578,-0.0055249446476417965,0.968057344326161,0.0003236487054098173,-0.03883777433735285,0.030465122254990925,0,0.0,,0.0002504939280665439,1.0,V12.0
33.796274081612616,-0.005782819899912062,0.9677994690738907,0.0003150291427013068,-0.039350703613828926,0.030385954371512845,0,0.0,,0.0002438713310109842,1.0,V12.0
33.85333230075753,-0.006040695152182326,0.9675415938216204,0.0003065989756080447,-0.039863632890305,0.030306786488034768,0,0.0,,0.0002373927341184337,1.0,V12.0
33.910486851242524,-0.006298570404452591,0.9672837185693501,0.0002983681472749452,-0.04037656216678107,0.030227618604556684,0,0.0,,0.00023106592395474463,1.0,V12.0
33.96773789570371,-0.0065564456567227865,0.96702584331708,0.00029034625922008276,-0.040889491443257014,0.03014845072107862,0,0.0,,0.00022489842868743816,1.0,V12.0
34.025085597051785,-0.006814320908993052,0.9667679680648097,0.0002825425656703233,-0.04140242071973308,0.030069282837600544,0,0.0,,0.00021889751343915826,1.0,V12.0
34.08253011847249,-0.0070721961612633145,0.9665100928125394,0.0002749659688719494,-0.041915349996209154,0.029990114954122463,0,0.0,,0.00021307017639107502,1.0,V12.0
34.140071623427055,-0.00733007141353351,0.9662522175602692,0.0002676250151955933,-0.042428279272685096,0.0299109470706444,0,0.0,,0.00020742314549724363,1.0,V12.0
34.197710275652696,-0.007587946665803776,0.965994342307999,0.0002605278921528622,-0.04294120854916116,0.02983177918716632,0,0.0,,0.00020196287590177315,1.0,V12.0
34.255446239163064,-0.007845821918073972,0.9657364670557288,0.0002536824262080701,-0.043454137825637104,0.02975261130368826,0,0.0,,0.00019669554796939036,1.0,V12.0
34.31327967824872,-0.008103697170344237,0.9654785918034585,0.0002470960813935776,-0.04396706710211317,0.029673443420210176,0,0.0,,0.00019162706593685254,1.0,V12.0
34.371210757477584,-0.008361572422614502,0.9652207165511882,0.0002407759586502962,-0.044611484352001275,0.0295942755367321,0,0.0,,0.0001867630571252309,1.0,V12.0
34.42923964169542,-0.008619447674884699,0.9649628412989181,0.0002347287958281511,-0.04541352073714018,0.02951510765325404,0,0.0,,0.00018210887166326183,1.0,V12.0
34.487366496026304,-0.008877322927154962,0.9647049660466478,0.00022896096828427267,-0.04611731570694676,0.02943593976977596,0,0.0,,0.0001776695826741927,1.0,V12.0
34.545591485873096,-0.009135198179425229,0.9644470907943775,0.00022347849004066038,-0.046428915197297936,0.029356771886297876,0,0.0,,0.0001734499868970793,1.0,V12.0
34.60391477691789,-0.009393073431695423,0.9641892155421073,0.00021828701547046907,-0.04674051468764902,0.02927760400281982,0,0.0,,0.00016945460571919546,1.0,V12.0
34.66233653512252,-0.009650948683965686,0.9639313402898371,0.00021339184135443055,-0.04708594676359292,0.02919843611934174,0,0.0,,0.00016568768649707384,1.0,V12.0
34.720856926729,-0.009908823936235952,0.9636734650375668,0.00020879790932363523,-0.04761178227414237,0.02911926823586366,0,0.0,,0.00016215320417918233,1.0,V12.0
34.77947611826001,-0.010166699188506215,0.9634155897852965,0.00020450980860491292,-0.04813761778469181,0.029040100352385575,0,0.0,,0.0001588548631655976,1.0,V12.0
34.83819427651937,-0.010424574440776413,0.9631577145330263,0.00020053177901386426,-0.04866345329524111,0.028960932468907515,0,0.0,,0.00015579609936231746,1.0,V12.0
34.89701156859253,-0.010682449693046677,0.9628998392807561,0.00019686771411827063,-0.04918928880579056,0.02888176458542944,0,0.0,,0.00015298008237043932,1.0,V12.0
34.95592816184701,-0.010940324945316942,0.9626419640284858,0.00019352116451732104,-0.049715124316339995,0.028802596701951358,0,0.0,,0.00015040971776798714,1.0,V12.0
35.01494422393291,-0.011244456909450216,0.9623378320643525,0.00019048849115740776,-0.05029367260576572,0.028662609398413502,0,0.0,,0.00014808764946001678,1.0,V12.0
35.07405992278337,-0.011685119106361549,0.9618971698674412,0.00018775967484122255,-0.05101668099072635,0.028343108911950642,0,0.0,,0.00014601626203580682,1.0,V12.0
35.13327542661504,-0.01212578130327288,0.9614565076705298,0.00018535765455716165,-0.05172950897258064,0.028023608425487782,0,0.0,,0.00014419768310042447,1.0,V12.0
35.19259090392859,-0.012566443500184096,0.9610158454736186,0.0001832845027619119,-0.052442336954434746,0.02770410793902501,0,0.0,,0.00014263378554488852,1.0,V12.0
35.25200652350916,-0.013007105697095428,0.9605751832767073,0.00018154196419815696,-0.05315516493628904,0.027384607452562156,0,0.0,,0.00014132618971244665,1.0,V12.0
35.31152245442684,-0.01344776789400676,0.9601345210797959,0.0001801311476821012,-0.05386799291814333,0.027065106966099296,0,0.0,,0.0001402760229466807,1.0,V12.0
35.37113886603718,-0.013888430090917975,0.9596938588828847,0.00017905342546560506,-0.05458082089999744,0.026783222733057426,0,0.0,,0.00013948461935847403,1.0,V12.0
35.43085592798164,-0.014329092287829307,0.9592531966859734,0.00017830577076107437,-0.05529364888185173,0.026685175485937948,0,0.0,,0.00013894988681354998,1.0,V12.0
35.490673810188085,-0.01476975448474064,0.9588125344890621,0.00017789198225768863,-0.05600647686370602,0.02658712823881847,0,0.0,,0.0001386750510786217,1.0,V12.0
35.550592682871276,-0.015210416681651854,0.9583718722921508,0.0001778121521649468,-0.05671930484556013,0.026489080991699016,0,0.0,,0.00013866045198863137,1.0,V12.0
35.61061271653334,-0.015651078878563186,0.9579312100952395,0.0001780660548250645,-0.05743213282741442,0.026387088970588002,0,0.0,,0.00013890618188314895,1.0,V12.0
35.67073408196428,-0.0160917410754744,0.9574905478983283,0.00017865314790497817,-0.05814496080926853,0.02627860209655953,0,0.0,,0.00013941208611102082,1.0,V12.0
35.73095695024241,-0.016532403272385733,0.957049885701417,0.00017957257327773645,-0.05885778879112283,0.02617011522253103,0,0.0,,0.00014017776329358983,1.0,V12.0
35.79128149273491,-0.016973065469297062,0.9566092235045056,0.00018082315759944842,-0.05957061677297712,0.026061628348502525,0,0.0,,0.0001412025653507229,1.0,V12.0
35.851707881098264,-0.017413727666208398,0.9561685613075943,0.00018240341259319242,-0.06028344475483141,0.025953141474474025,0,0.0,,0.0001424855972979829,1.0,V12.0
35.91223628727875,-0.017854389863119612,0.9557278991106831,0.0001843115350567889,-0.06099627273668552,0.02584465460044555,0,0.0,,0.00014402571682760158,1.0,V12.0
35.97286688351298,-0.018295052060030945,0.9552872369137718,0.00018654540661729868,-0.06169746810991309,0.025736167726417052,0,0.0,,0.00014582153369060316,1.0,V12.0
36.033599842328314,-0.01873571425694216,0.9548465747168605,0.00018910259326383567,-0.06217553969662628,0.025627680852388576,0,0.0,,0.0001478714089043005,1.0,V12.0
36.094435336543405,-0.01917637645385349,0.9544059125199492,0.00019198034468754984,-0.06265048586581173,0.025519193978360073,0,0.0,,0.0001501734538073142,1.0,V12.0
36.15537353926869,-0.01961703865076482,0.9539652503230379,0.00019517559346263842,-0.0631254320349972,0.025410707104331572,0,0.0,,0.00015272552898824073,1.0,V12.0
36.216414623906836,-0.020057700847676038,0.9535245881261267,0.00019868495412066783,-0.06360037820418252,0.025302220230303103,0,0.0,,0.00015552524312858966,1.0,V12.0
36.2775587641533,-0.020498363044587367,0.9530839259292153,0.00020250472215407677,-0.06407532437336799,0.02485182806316645,0,0.0,,0.00015856995178787159,1.0,V12.0
36.33880613399676,-0.020939025241498703,0.952643263732304,0.00020662780066846986,-0.06455027054255345,0.024188303732157353,0,0.0,,0.0001618543495719331,1.0,V12.0
36.40015690771966,-0.021379687438409917,0.9522026015353928,0.00021105325838627112,-0.06501568780659757,0.023524779401148433,0,0.0,,0.00016537795503754812,1.0,V12.0
36.461611259898675,-0.02182034963532125,0.9517619393384815,0.00021577639189412744,-0.06547064435009349,0.022861255070139336,0,0.0,,0.0001691373292701106,1.0,V12.0
36.52316936540522,-0.02226101183223246,0.9513212771415702,0.00022079217860476133,-0.06592560089358927,0.022197730739130412,0,0.0,,0.00017312877832954598,1.0,V12.0
36.58483139940594,-0.022701674029143797,0.9508806149446589,0.00022609527588314114,-0.06638055743708518,0.02153420640812131,0,0.0,,0.0001773483521241295,1.0,V12.0
36.64659753736323,-0.023142336226055125,0.9504399527477476,0.00023167946461792051,-0.06683551398058107,0.021362723657064268,0,0.0,,0.0001817914073560798,1.0,V12.0
36.70846795503569,-0.023582998422966458,0.9499992905508363,0.00023753934606032486,-0.067290470524077,0.021251198799400954,0,0.0,,0.00018645393823799836,1.0,V12.0
36.77044282847867,-0.024023660619877676,0.949558628353925,0.00024366864467638337,-0.06774542706757276,0.021139673941737665,0,0.0,,0.0001913312449770912,1.0,V12.0
36.832522334044775,-0.024464322816789005,0.9491179661570137,0.00025006072911586705,-0.06820038361106867,0.02102814908407435,0,0.0,,0.00019641834178609513,1.0,V12.0
36.8947066483843,-0.024904985013700337,0.9486773039601024,0.00025670864954926525,-0.06865534015456458,0.020916624226411034,0,0.0,,0.00020170998572584538,1.0,V12.0
36.956995948445815,-0.025345647210611555,0.9482366417631911,0.00026360513923317933,-0.06911029669806036,0.020805099368747748,0,0.0,,0.00020720067749036515,1.0,V12.0
37.01939041147662,-0.025786309407522884,0.9477959795662798,0.00027074261668332304,-0.06956525324155628,0.02069357451108443,0,0.0,,0.0002128846626713484,1.0,V12.0
37.081890215023265,-0.026226971604434216,0.9473553173693685,0.0002781131884932451,-0.07002020978505218,0.020582049653421114,0,0.0,,0.0002187559335331787,1.0,V12.0
37.144495536932034,-0.026667633801345434,0.9469146551724573,0.000285708652855244,-0.07047516632854796,0.02047052479575783,0,0.0,,0.00022480823134415686,1.0,V12.0
37.207206555349494,-0.027108295998256763,0.9464739929755459,0.00029352050376159605,-0.07093012287204387,0.02035899993809451,0,0.0,,0.0002310350492480668,1.0,V12.0
37.27002344872297,-0.027548958195168095,0.9460333307786346,0.00030153993600120696,-0.07149742223850128,0.020247475080431197,0,0.0,,0.00023742963576802768,1.0,V12.0
37.33294639580104,-0.027989620392079313,0.9455926685817234,0.0003097578509283495,-0.072159571605192,0.02013595022276791,0,0.0,,0.00024398499892578764,1.0,V12.0
37.39597557563408,-0.028430282588990642,0.9451520063848121,0.0003181648630381585,-0.07264179954484529,0.020024425365104598,0,0.0,,0.0002506939110052733,1.0,V12.0
37.459111167574775,-0.02887094478590197,0.9447113441879007,0.0003267513073705386,-0.07312402748449859,0.019912900507441277,0,0.0,,0.0002575489139790302,1.0,V12.0
37.52235335127857,-0.02931160698281319,0.9442706819909895,0.0003355072477477261,-0.07360625542415176,0.019801375649777995,0,0.0,,0.0002645423256032992,1.0,V12.0
37.58570230670425,-0.02975226917972452,0.9438300197940782,0.00034442248585491385,-0.07408848336380505,0.019689850792114678,0,0.0,,0.000271666246190778,1.0,V12.0
37.649158214114415,-0.030192931376635854,0.9433893575971669,0.00035348657116462045,-0.07457071130345837,0.01957832593445136,0,0.0,,0.00027891256606325316,1.0,V12.0
37.71272125407601,-0.030633593573547068,0.9429486954002556,0.00036268881169976497,-0.07505293924311154,0.019466801076788075,0,0.0,,0.000286272973681782,1.0,V12.0
37.776391607460816,-0.0310742557704584,0.9425080332033443,0.0003720182856245716,-0.07553516718276483,0.019355276219124758,0,0.0,,0.00029373896444748703,1.0,V12.0
37.840169455446,-0.031514917967369736,0.942067371006433,0.0003814638536467129,-0.07601739512241815,0.019243751361461444,0,0.0,,0.0003013018501614916,1.0,V12.0
37.90405497951459,-0.03195558016428095,0.9416267088095218,0.00039101417220856514,-0.07649962306207131,0.019132226503798155,0,0.0,,0.0003089527691281212,1.0,V12.0
37.96804836145602,-0.03239624236119228,0.9411860466126104,0.00040065770743995764,-0.07698185100172461,0.019017986015522466,0,0.0,,0.00031668269688110907,1.0,V12.0
38.03214978336665,-0.03283690455810361,0.9407453844156991,0.00041038274983956765,-0.07746407894137791,0.018902294535900265,0,0.0,,0.00032448245750835186,1.0,V12.0
38.096359427650256,-0.03327756675501482,0.9403047222187879,0.00042017742964723786,-0.07794630688103109,0.018786603056278103,0,0.0,,0.00033234273554684,1.0,V12.0
38.16067747701857,-0.03371822895192616,0.9398640600218766,0.00043002973286472644,-0.07842853482068438,0.018670911576655902,0,0.0,,0.000340254088415534,1.0,V12.0
38.225104114491806,-0.034158891148837495,0.9394233978249652,0.00043992751787513926,-0.07891076276033768,0.018555220097033705,0,0.0,,0.0003482069593481218,1.0,V12.0
38.28963952339916,-0.03459955334574882,0.9389827356280539,0.00044985853262246764,-0.07939299069999098,0.018439528617411508,0,0.0,,0.00035619169079633437,1.0,V12.0
38.35428388737934,-0.035040215542660035,0.9385420734311427,0.000459810432279277,-0.07987521863964415,0.01832383713778934,0,0.0,,0.00036419853824797645,1.0,V12.0
38.41903739038111,-0.03548087773957137,0.9381014112342314,0.00046977079734096473,-0.08035744657929746,0.018208145658167144,0,0.0,,0.00037221768441189233,1.0,V12.0
38.48390021666378,-0.03592153993648258,0.9376607490373201,0.0004797271521497278,-0.08083967451895062,0.018092454178544975,0,0.0,,0.000380239253773253,1.0,V12.0
38.54887255079774,-0.03636220213339391,0.9372200868404088,0.0004896669836849661,-0.08132190245860392,0.01797676269892278,1,1.0,26.77619090323055,0.0003882533273906116,1.0,V12.0
38.613954577665,-0.03680286433030525,0.9367794246434975,0.0004995777606258093,-0.08180413039825724,0.017861071219300584,1,1.0,28.04415842817299,0.00039624995793983064,1.0,V12.0
38.6791464824597,-0.037243526527216464,0.9363387624465862,0.0005094469526036314,-0.0822863583379104,0.017745379739678414,1,1.0,27.55306657103369,0.000404219184940314,1.0,V12.0
38.74444845068865,-0.0376841887241278,0.9358981002496749,0.0005192620495791791,-0.08276858627756371,0.017629688260056217,1,1.0,27.55306657103369,0.0004121510501121016,1.0,V12.0
38.80986066817185,-0.03812485092103912,0.9354574380527636,0.0005290105812789844,-0.083250814217217,0.01751399678043402,1,1.0,29.93565140422338,0.0004200356128122753,1.0,V12.0
38.87538332104301,-0.03856551311795035,0.9350167758558524,0.0005386801366262246,-0.08373304215687018,0.017398305300811854,1,1.0,30.408019697711346,0.00042786296549937185,1.0,V12.0
38.94101659575012,-0.039006175314861787,0.9345761136589409,0.0005482583830764139,-0.0842152700965236,0.01728261382118963,1,1.0,32.501108767778646,0.00043562324915466695,1.0,V12.0
39.00676067905589,-0.03944683751177312,0.9341354514620296,0.000557733085889002,-0.0846974980361769,0.017166922341567428,1,1.0,32.77650573413237,0.00044330666868492273,1.0,V12.0
39.07261575803839,-0.03988749970868446,0.9336947892651183,0.0005670921271806162,-0.08517972597583019,0.01705123086194523,1,1.0,33.67628168700198,0.00045090350818389937,1.0,V12.0
39.13858202009152,-0.04032816190559567,0.9332541270682071,0.0005763235246523843,-0.08566195391548337,0.01693553938232306,1,1.0,34.14008898201573,0.00045840414596672545,1.0,V12.0
39.204659652925564,-0.040768824102507005,0.9328134648712957,0.0005854154500899039,-0.08614418185513667,0.016819847902700868,1,1.0,34.18972140506682,0.0004657990694549992,1.0,V12.0
39.270848844567716,-0.04120948629941833,0.9323728026743844,0.0005943562474810847,-0.08662640979478997,0.01670415642307867,1,1.0,34.23479667708932,0.0004730788897890595,1.0,V12.0
39.3371497833626,-0.041650148496329545,0.9319321404774732,0.0006031344507234355,-0.08727160977861537,0.0165884649434565,1,1.0,34.14464613304431,0.00048023435614412245,1.0,V12.0
39.403562657972834,-0.042090810693240874,0.9314914782805619,0.0006117388008755491,-0.08811477692001646,0.016472773463834304,1,1.0,34.14464613304431,0.00048725636971351554,1.0,V12.0
39.470087657379565,-0.04253147289015209,0.9310508160836506,0.0006201582629106192,-0.08895794406141733,0.016444106019906094,1,1.0,34.11500711001081,0.0004941359973245947,1.0,V12.0
39.53672497088298,-0.04297213508706342,0.9306101538867393,0.0006283820419339376,-0.08980111120281842,0.016309789710487386,1,1.0,34.007142147861465,0.0005008644846561102,1.0,V12.0
39.60347478810287,-0.04341279728397476,0.930169491689828,0.0006363995988303648,-0.09064427834421952,0.01613595063693954,1,1.0,34.007142147861465,0.0005074332690289264,1.0,V12.0
39.67033729897915,-0.04385345948088597,0.9297288294929168,0.0006442006653121583,-0.09148744548562036,0.016026957734577442,1,1.0,33.887949815463216,0.0005138339917454232,1.0,V12.0
39.73731269377243,-0.04429412167779731,0.9292881672960054,0.0006517752583418007,-0.09233061262702145,0.015917964832215314,1,1.0,33.887949815463216,0.0005200585099562353,1.0,V12.0
39.80440116306452,-0.04473478387470864,0.9288475050990941,0.0006591136939087877,-0.09317377976842255,0.01580897192985319,1,1.0,33.887949815463216,0.0005260989080363707,1.0,V12.0
39.87160289775899,-0.04517544607161996,0.9284068429021828,0.0006662066001436901,-0.09401694690982362,0.015739491297061724,1,1.0,33.887949815463216,0.0005319475084561779,1.0,V12.0
39.938918089081724,-0.045616108268531186,0.9279661807052715,0.0006730449297569249,-0.09486011405122449,0.01570119333108811,1,1.0,33.887949815463216,0.00053759688213588,1.0,V12.0
40.00634692858144,-0.046056770465442515,0.9275255185083602,0.0006796199717937923,-0.09570328119262558,0.015662895365114494,1,1.0,33.887949815463216,0.0005430398582756572,1.0,V12.0
40.073889608130266,-0.046497432662353844,0.9270848563114489,0.0006859233627011797,-0.09654644833402666,0.01562459739914087,1,1.0,33.887949815463216,0.0005482695336563087,1.0,V12.0
40.14154631992424,-0.04693809485926506,0.9266441941145377,0.0006919470967050769,-0.09738961547542754,0.015586299433167259,1,1.0,33.887949815463216,0.0005532792814085025,1.0,V12.0
40.2093172564839,-0.04737875705617639,0.9262035319176263,0.0006976835355014363,-0.09823278261682863,0.01554800146719364,1,1.0,33.887949815463216,0.0005580627592513301,1.0,V12.0
40.277202610654825,-0.047819419253087726,0.925762869720715,0.0007031254172660583,-0.09907594975822971,0.015507191597159308,1,1.0,33.887949815463216,0.0005626139172034019,1.0,V12.0
40.345202575608155,-0.04826008144999894,0.9253222075238038,0.0007082658649920901,-0.09991911689963057,0.0154619636734619,1,1.0,33.887949815463216,0.0005669270047720525,1.0,V12.0
40.413317344841175,-0.04870074364691027,0.9248815453268925,0.0007130983941661839,-0.10076228404103167,0.015416735749764479,1,1.0,33.887949815463216,0.0005709965776282147,1.0,V12.0
40.48154711217785,-0.04914140584382149,0.9244408831299812,0.000717616919796536,-0.10160545118243254,0.01537150782606707,1,1.0,33.887949815463216,0.0005748175037762811,1.0,V12.0
40.54989207176937,-0.04958206804073283,0.9240002209330699,0.0007218157628078666,-0.10244861832383362,0.01532627990236965,1,1.0,33.887949815463216,0.00057838496922977,1.0,V12.0
40.61835241809472,-0.05002273023764415,0.9235595587361586,0.0007256896558197515,-0.10329178546523471,0.015085400471130554,1,1.0,33.887949815463216,0.0005816944832047335,1.0,V12.0
40.68692834596122,-0.05046339243455548,0.9231188965392473,0.0007292337483258266,-0.1041349526066358,0.014821358025946673,1,1.0,33.887949815463216,0.0005847418828437575,1.0,V12.0
40.75562005050507,-0.050904054631466696,0.922678234342336,0.0007324436112919737,-0.10497811974803666,0.01455731558076286,1,1.0,33.887949815463216,0.0005875233374839252,1.0,V12.0
40.824427727191946,-0.051344716828378024,0.9222375721454247,0.0007353152411918516,-0.10582128688943775,0.014293273135578977,1,1.0,33.887949815463216,0.0005900353524823445,1.0,V12.0
40.893351571817504,-0.05178537902528924,0.9217969099485135,0.0007378450634980304,-0.10666445403083862,0.014029230690395165,1,1.0,33.887949815463216,0.0005922747726128029,1.0,V12.0
40.96239178050797,-0.05222604122220058,0.9213562477516022,0.0007400299356474567,-0.10750762117223969,0.013918221216687274,1,1.0,33.887949815463216,0.0005942387850475268,1.0,V12.0
41.031548549720696,-0.052666703419111914,0.9209155855546908,0.000741867149500711,-0.1083507883136408,0.013808056633482564,1,1.0,33.887949815463216,0.0005959249219386465,1.0,V12.0
41.100822076244704,-0.05310736561602324,0.9204749233577795,0.0007433544332976594,-0.10919395545504189,0.013697892050277858,1,1.0,33.887949815463216,0.0005973310626004677,1.0,V12.0
41.17021255720125,-0.05354802781293446,0.9200342611608683,0.0007444899531403422,-0.11003712259644274,0.01358772746707318,1,1.0,33.887949815463216,0.0005984554353163542,1.0,V12.0
41.23972019004441,-0.054204662060853843,0.9193776269129489,0.0007451428826927111,-0.11123915409190761,0.013337882054505446,1,1.0,33.887949815463216,0.0005992966187769508,1.0,V12.0
41.3093451725616,-0.05502339733488401,0.9185588916389187,0.0007453517417700263,-0.11271053655087351,0.012983197123758967,1,1.0,33.887949815463216,0.0005998595964638867,1.0,V12.0
41.37908770287417,-0.05584213260891439,0.9177401563648884,0.0007452059070255009,-0.1141819190098398,0.012628512193012396,1,1.0,33.887949815463216,0.0006001376705028005,1.0,V12.0
41.44894797943797,-0.05666086788294476,0.916921421090858,0.0007447057214435974,-0.11565330146880608,0.012273827262265825,1,1.0,33.887949815463216,0.0006001305533638706,1.0,V12.0
41.51892620104387,-0.05747960315697492,0.9161026858168277,0.0007438519678734085,-0.117124683927772,0.011919142331519346,1,1.0,33.887949815463216,0.0005998383114624618,1.0,V12.0
41.58902256681839,-0.058298338431005306,0.9152839505427974,0.0007426458680498848,-0.11859606638673827,0.011564457400772775,1,1.0,33.887949815463216,0.0005992613655385147,1.0,V12.0
41.659237276224225,-0.059117073705035675,0.914465215268767,0.000741089081191279,-0.12006744884570456,0.011209772470026202,1,1.0,33.887949815463216,0.0005984004906952497,1.0,V12.0
41.729570529060815,-0.059935808979065835,0.9136464799947369,0.0007391837021747399,-0.12153883130467046,0.010945862163238179,1,1.0,33.887949815463216,0.000597256816097173,1.0,V12.0
41.80002252546493,-0.06075454425309621,0.9128277447207065,0.0007369322592895277,-0.12301021376363673,0.01095599519652348,1,1.0,33.887949815463216,0.0005958318243253786,1.0,V12.0
41.870593465911234,-0.061573279527126594,0.9120090094466762,0.0007343377115649768,-0.12448159622260302,0.010966128229808782,1,1.0,33.887949815463216,0.0005941273503862267,1.0,V12.0
41.941283551212834,-0.06239201480115676,0.911190274172646,0.0007314034456680456,-0.12595297868156893,0.01097626126309408,1,1.0,33.887949815463216,0.0005921455803676217,1.0,V12.0
42.01209298252189,-0.06321075007518713,0.9103715388986156,0.000728133272363263,-0.1274243611405352,0.010986394296379381,1,1.0,33.887949815463216,0.0005898890497354187,1.0,V12.0
42.08302196133017,-0.0640294853492175,0.9095528036245852,0.0007245314225259946,-0.12889574359950148,0.011027417169386588,1,1.0,33.887949815463216,0.0005873606412609347,1.0,V12.0
42.154070689469584,-0.06484822062324766,0.908734068350555,0.0007206025426983064,-0.1303671260584674,0.011120031128301237,1,1.0,33.887949815463216,0.0005845635825691484,1.0,V12.0
42.22523936911284,-0.06566695589727804,0.9079153330765247,0.0007163516901753568,-0.13183850851743367,0.011212645087215908,1,1.0,33.887949815463216,0.0005815014432960278,1.0,V12.0
42.29652820277395,-0.06648569117130841,0.9070965978024943,0.0007117843276091799,-0.13330989097639995,0.01130525904613058,1,1.0,33.887949815463216,0.0005781781318424941,1.0,V12.0
42.36793739330883,-0.06730442644533857,0.9062778625284642,0.0007069063171161988,-0.13478127343536586,0.01139787300504523,1,1.0,33.887949815463216,0.0005745978917120385,1.0,V12.0
42.439467143915884,-0.06812316171936895,0.9054591272544338,0.0007017239138734706,-0.13625265589433214,0.011490486963959901,1,1.0,33.887949815463216,0.0005707652974178536,1.0,V12.0
42.51111765813658,-0.06894189699339934,0.9046403919804034,0.0006962437591891697,-0.1377240383532984,0.011583100922874576,1,1.0,33.887949815463216,0.0005666852499456721,1.0,V12.0
42.582889139856,-0.06976063226742948,0.9038216567063733,0.0006904728730347724,-0.13919542081226433,0.011655001057049492,1,1.0,33.887949815463216,0.0005623629717600287,1.0,V12.0
42.654781793303485,-0.07057936754145987,0.9030029214323428,0.0006844186460238276,-0.1406668032712306,0.011329314405986304,1,1.0,33.887949815463216,0.0005578040013394974,1.0,V12.0
42.72679582305314,-0.07139810281549025,0.9021841861583124,0.0006780888308253373,-0.1421381857301969,0.01108772462923239,1,1.0,33.887949815463216,0.0005530141872289283,1.0,V12.0
42.798931434024475,-0.07221683808952041,0.9013654508842823,0.0006714915330005746,-0.14360956818916282,0.011097857662517691,1,1.0,33.887949815463216,0.0005479996815973138,1.0,V12.0
42.87118883148295,-0.0730355733635508,0.9005467156102519,0.0006646352011407305,-0.14508095064812906,0.011037646794745773,1,1.0,33.887949815463216,0.0005427669331988402,1.0,V12.0
42.943568221040586,-0.07385430863758116,0.8997279803362216,0.0006575286167164815,-0.14655233310709534,0.010875960537736172,1,1.0,33.887949815463216,0.000537322680070268,1.0,V12.0
43.01606980865654,-0.07467304391161132,0.8989092450621914,0.0006501808830747778,-0.14786660964018067,0.010714274280726615,1,1.0,33.887949815463216,0.0005316739415016322,1.0,V12.0
43.08869380063767,-0.0754917791856417,0.8980905097881611,0.0006426014138784556,-0.14912570138414807,0.010552588023717016,1,1.0,33.887949815463216,0.0005258280095187407,1.0,V12.0
43.16144040363917,-0.07631051445967207,0.8972717745141306,0.0006347999209640102,-0.15038479312811548,0.010390901766707412,1,1.0,33.887949815463216,0.0005197924398549859,1.0,V12.0
43.23430982466511,-0.07712924973370244,0.8964530392401002,0.0006267864016027413,-0.15164247325341787,0.010229215509697812,1,1.0,33.887949815463216,0.0005135750423979524,1.0,V12.0
43.30730227106904,-0.07794798500773262,0.8956343039660701,0.0006185711251728151,-0.15289340354075556,0.010067529252688256,1,1.0,33.894743338285245,0.0005071838711145384,1.0,V12.0
43.38041795055464,-0.07876672028176321,0.8948155686920395,0.0006101646192514,-0.1541443338280939,0.009973172163964848,1,1.0,34.12675649934653,0.0005006272134596553,1.0,V12.0
43.453657071176146,-0.07958545555579358,0.8939968334180092,0.0006015776551414839,-0.15539526411543195,0.010033134327732545,1,1.0,34.12675649934653,0.0004939135792780632,1.0,V12.0
43.52701984133915,-0.08040419082982374,0.893178098143979,0.0005928212328528672,-0.15664619440276964,0.010093096491500227,1,1.0,34.139064333403226,0.0004870516892129774,1.0,V12.0
43.60050646980105,-0.08122292610385412,0.8923593628699487,0.0005839065655608096,-0.15789712469010764,0.010153058655267925,1,1.0,34.2804429028469,0.0004800504626384204,1.0,V12.0
43.67411716567171,-0.08204166137788428,0.8915406275959185,0.0005748450635612069,-0.15914805497744536,0.01021302081903561,1,1.0,34.52155250961801,0.0004729190051286047,1.0,V12.0
43.747852138414025,-0.08286039665191465,0.890721892321888,0.0005656483176736979,-0.16039898526478338,0.010272982982803306,1,1.0,34.78961218513943,0.00046566659542215206,1.0,V12.0
43.821711597844526,-0.08367913192594503,0.8899031570478577,0.0005563280822619303,-0.16160749501838642,0.010332945146571001,1,1.0,34.549013702409965,0.00045830267201817456,1.0,V12.0
43.895695754133975,-0.0844978671999754,0.8890844217738273,0.0005468962581577208,-0.1627605806688068,0.010392907310338702,1,1.0,33.08710913619903,0.00045083681963885107,1.0,V12.0
43.96980481780796,-0.08531660247400558,0.8882656864997971,0.0005373648747837758,-0.16391366631922683,0.010452869474106384,1,1.0,31.864750959971452,0.00044327875497602746,1.0,V12.0
44.04403899974752,-0.08613533774803595,0.8874469512257668,0.0005278577395946286,-0.16506675196964715,0.010512831637874084,1,1.0,31.451426112389452,0.0004357304903508505,1.0,V12.0
44.1183985111897,-0.08695407302206631,0.8866282159517365,0.0005182889171529109,-0.1662198376200675,0.01057279380164178,1,1.0,31.08947666863997,0.00042812106058519783,1.0,V12.0
44.192883563728195,-0.08777280829609649,0.8858094806777063,0.0005086722371129303,-0.16737292327048758,0.010632755965409463,1,1.0,31.11880686112994,0.0004204617729076183,1.0,V12.0
44.26749436931391,-0.08859154357012686,0.8849907454036758,0.0004990217409324041,-0.16852600892090794,0.01069271812917716,1,1.0,31.041661930121304,0.0004127641403687921,1.0,V12.0
44.34223114025561,-0.08941027884415702,0.8841720101296457,0.0004893516773497111,-0.16967909457132793,0.010835172662465697,1,1.0,30.85232324293159,0.00040503987879541876,1.0,V12.0
44.417094089220505,-0.09022901411818739,0.8833532748556153,0.0004796764988903512,-0.1708321802217483,0.011007690940486417,1,1.0,24.90734874180646,0.0003973009045841741,1.0,V12.0
44.49208342923482,-0.09104774939221777,0.8825345395815849,0.00047001085951947906,-0.17198526587216864,0.011180209218507134,1,1.0,24.90734874180646,0.00038955933343658513,1.0,V12.0
44.56719937368445,-0.09186648466624794,0.8817158043075548,0.00046036961355909196,-0.17313835152258872,0.01135272749652781,0,0.0,,0.00038182748013764546,1.0,V12.0
44.642442136315566,-0.0926852199402783,0.8808970690335244,0.00045076781598962816,-0.17429143717300905,0.011463185267676658,0,0.0,,0.00037411785948253114,1.0,V12.0
44.717811931235175,-0.09350395521430868,0.8800783337594941,0.0004412207242541024,-0.1754445228234294,0.011481887648014017,0,0.0,,0.00036644318845498414,1.0,V12.0
44.79330897291178,-0.09432269048833906,0.8792595984854636,0.00043174380168780013,-0.17659760847384975,0.011500590028351373,0,0.0,,0.0003588163897655707,1.0,V12.0
44.86893347617597,-0.09514142576236922,0.8784408632114336,0.00042235272268901483,-0.1777506941242698,0.011519292408688726,0,0.0,,0.0003512505968523366,1.0,V12.0
44.94468565622102,-0.09596016103639961,0.8776221279374031,0.00041306337974756144,-0.17890377977469013,0.011537994789026087,0,0.0,,0.00034375916044798304,1.0,V12.0
45.02056572860353,-0.09677889631042999,0.8768033926633727,0.00040389189244400896,-0.18005686542511048,0.011556697169363445,0,0.0,,0.0003363556568150963,1.0,V12.0
45.096573909244015,-0.09759763158446014,0.8759846573893426,0.00039485461852836393,-0.18120995107553053,0.011572738302106804,0,0.0,,0.0003290538977480104,1.0,V12.0
45.17271041442754,-0.0984163668584905,0.8751659221153122,0.0003859681671821725,-0.1823630367259509,0.011585090209137327,0,0.0,,0.0003218679424364486,1.0,V12.0
45.24897546080431,-0.09923510213252089,0.8743471868412819,0.0003772494145619058,-0.18386644721690715,0.011597442116167849,0,0.0,,0.00031481211128151214,1.0,V12.0
45.3253692653903,-0.10005383740655105,0.8735284515672517,0.0003687155217144089,-0.1855669847945603,0.011609794023198368,0,0.0,,0.00030790100174917054,1.0,V12.0
45.40189204556789,-0.10087257268058143,0.8727097162932212,0.00036038395494664615,-0.1872675223722139,0.01162214593022889,0,0.0,,0.0003011495063397263,1.0,V12.0
45.47854401908645,-0.10169130795461159,0.8718909810191912,0.00035231691705504186,-0.18896805994986707,0.01171330534595948,0,0.0,,0.0002946099673147456,1.0,V12.0
45.555325404062984,-0.10251004322864196,0.8710722457451607,0.00034449351564620317,-0.19048644376472584,0.011808526010768117,0,0.0,,0.0002882653379688803,1.0,V12.0
45.632236418982735,-0.10332877850267233,0.8702535104711304,0.00033693288863595694,-0.1917514112809673,0.011903746675576756,0,0.0,,0.0002821320443825644,1.0,V12.0
45.70927728269982,-0.10414751377670271,0.8694347751971,0.0003296546528496994,-0.1930163787972087,0.011863760564119738,0,0.0,,0.00027622695900399527,1.0,V12.0
45.786448214437854,-0.10496624905073287,0.8686160399230698,0.000322678934053916,-0.19428134631344984,0.011902481469654403,0,0.0,,0.0002705674273628549,1.0,V12.0
45.86374943379055,-0.10578498432476326,0.8677973046490395,0.0003160264146413071,-0.1955463138296913,0.01196456847336513,0,0.0,,0.0002651713097069216,1.0,V12.0
45.94118116072238,-0.10660371959879364,0.8669785693750091,0.00030971837919495024,-0.1968112813459327,0.012026655477075855,0,0.0,,0.00026005702102954205,1.0,V12.0
46.018743615569164,-0.1074224548728238,0.866159834100979,0.00030377676324098014,-0.19807624886217381,0.012088742480786565,0,0.0,,0.0002552435739414205,1.0,V12.0
46.09643701903873,-0.10824119014685418,0.8653410988269485,0.00029825022701267023,-0.19934121637841526,0.012150829484497291,0,0.0,,0.0002507725038730652,1.0,V12.0
46.174261592211515,-0.10905992542088433,0.8645223635529184,0.000295204463455708,-0.20060618389465637,0.012212916488208,0,0.0,,0.0002483825752198078,1.0,V12.0
46.25221755654122,-0.1098786606949147,0.863703628278888,0.0002928971103927238,-0.2018711514108978,0.012275003491918726,0,0.0,,0.0002466110722873697,1.0,V12.0
46.330305133855404,-0.11069739596894508,0.8628848930048576,0.00029133916964585655,-0.20313611892713923,0.012337090495629451,0,0.0,,0.0002454685445095637,1.0,V12.0
46.40852454635616,-0.11151613124297524,0.8620661577308275,0.00028848027065369583,-0.20440108644338034,0.01239917749934016,0,0.0,,0.0002432275570735863,1.0,V12.0
46.48687601662071,-0.11233486651700562,0.8612474224567971,0.00028621060470591144,-0.20566605395962181,0.012461264503050887,0,0.0,,0.00024148061923841732,1.0,V12.0
46.56535976760207,-0.11315360179103601,0.8604286871827667,0.00028459131728724097,-0.20693102147586323,0.012523351506761614,0,0.0,,0.00024028038066930854,1.0,V12.0
46.64397602262963,-0.11397233706506615,0.8596099519087366,0.0002836624942253802,-0.20819598899210434,0.012585438510472323,0,0.0,,0.00023966184374732373,1.0,V12.0
46.72272500540988,-0.11479107233909655,0.8587912166347061,0.0002834664059638098,-0.20946095650834579,0.01264752551418305,0,0.0,,0.00023966195479434,1.0,V12.0
46.80160694002694,-0.1156098076131269,0.8579724813606758,0.00028404765487243693,-0.21072592402458723,0.012709612517893773,0,0.0,,0.0002403197354386329,1.0,V12.0
46.8806220509433,-0.11642854288715729,0.8571537460866454,0.0002854533281149286,-0.21199089154082865,0.012771699521604502,0,0.0,,0.0002416764192313386,1.0,V12.0
46.95977056300037,-0.11724727816118745,0.8563350108126153,0.0002877331558381806,-0.21325585905706976,0.01283378652531521,0,0.0,,0.00024377559334056736,1.0,V12.0
47.03905270141918,-0.11806601343521783,0.8555162755385849,0.00029093967440072937,-0.2145208265733112,0.012895873529025936,0,0.0,,0.0002466633451077445,1.0,V12.0
47.118468691801006,-0.11888474870924799,0.8546975402645547,0.00029512839430903955,-0.21578579408955234,0.012957960532736644,0,0.0,,0.0002503884132089417,1.0,V12.0
47.19801876012799,-0.11970348398327837,0.8538788049905244,0.0003003579724807759,-0.21705076160579376,0.01302004753644737,0,0.0,,0.00025500234312023106,1.0,V12.0
47.27770313276379,-0.12052221925730873,0.853060069716494,0.0003066903883911598,-0.2183157291220352,0.013082134540158096,0,0.0,,0.0002605596465308868,1.0,V12.0
47.35752203645428,-0.12134095453133911,0.8522413344424636,0.0003141911236091763,-0.21958069663827665,0.013144221543868823,0,0.0,,0.00026711796430433504,1.0,V12.0
47.43747569832809,-0.12215968980536927,0.8514225991684334,0.0003229293441665249,-0.22084566415451776,0.013206308547579534,0,0.0,,0.0002747382325301814,1.0,V12.0
47.51756434589736,-0.12297842507939966,0.8506038638944031,0.00033297808514064496,-0.22211063167075917,0.013268395551290257,0,0.0,,0.00028348485115568616,1.0,V12.0
47.597788207058315,-0.12379716035342982,0.8497851286203729,0.0003444144367685797,-0.22337559918700028,0.013330482555000968,0,0.0,,0.00029342585462719545,1.0,V12.0
47.67814751009193,-0.1246158956274602,0.8489663933463425,0.00035731973134207055,-0.22464056670324173,0.013392569558711693,0,0.0,,0.000304633083912271,1.0,V12.0
47.75864248366461,-0.12543463090149057,0.8481476580723122,0.00037177973006589503,-0.2259055342194832,0.01345465656242242,0,0.0,,0.00031718235921140574,1.0,V12.0
47.8392733568288,-0.12625336617552096,0.8473289227982818,0.0003878848089918721,-0.22717050173572462,0.013516743566133145,0,0.0,,0.0003311536526049401,1.0,V12.0
47.920040359023645,-0.1270721014495511,0.8465101875242516,0.0004057301430699735,-0.22843546925196573,0.013578830569843854,0,0.0,,0.0003466312598159227,1.0,V12.0
48.00094372007568,-0.12789813732920316,0.8456841516445995,0.0004254132320269983,-0.22970980630983603,0.013640427615823653,0,0.0,,0.00036370397020375034,1.0,V12.0
48.08198367019944,-0.12934326177073044,0.8442390272030723,0.00044680498947760876,-0.23177578675813285,0.013660476433788237,0,0.0,,0.0003824652340366234,1.0,V12.0
48.16316043999813,-0.13078838621225805,0.8427939027615446,0.00047022735519567846,-0.2338346787948849,0.013680525251752828,0,0.0,,0.00040301332602387134,1.0,V12.0
48.24447426046428,-0.1322335106537857,0.8413487783200171,0.0004957929123299756,-0.23589357083163692,0.01370057406971742,0,0.0,,0.00042545150391145014,1.0,V12.0
48.32592536298041,-0.13367863509531291,0.8399036538784899,0.0005236196244274635,-0.23795246286838842,0.013720622887682004,0,0.0,,0.0004498881610573064,1.0,V12.0
48.40751397931969,-0.13512375953684053,0.8384585294369622,0.0005538309681604383,-0.24001135490514044,0.013740671705646593,0,0.0,,0.0004764369725332378,1.0,V12.0
48.48924034164657,-0.13656888397836817,0.8370134049954345,0.0005865560539021226,-0.24207024694189247,0.013760720523611185,0,0.0,,0.0005052170318514324,1.0,V12.0
48.571104682517486,-0.13801400841989542,0.8355682805539073,0.0006219265675252951,-0.24412913897864397,0.013780769341575771,0,0.0,,0.000536350247332184,1.0,V12.0
48.653107234881496,-0.13945913286142303,0.8341231561123796,0.0006600866599611596,-0.246188031015396,0.013800818159540363,0,0.0,,0.0005699698990763074,1.0,V12.0
48.73524823208092,-0.14090425730295064,0.8326780316708521,0.0007011829899920915,-0.24824692305214802,0.01382086697750495,0,0.0,,0.0006062121014388877,1.0,V12.0
48.81752790785207,-0.1423493817444779,0.8312329072293249,0.0007453680761435487,-0.2503058150888995,0.013840915795469535,0,0.0,,0.0006452187222809655,1.0,V12.0
48.89994649632584,-0.14379450618600553,0.8297877827877972,0.0007928003750311477,-0.25236470712565157,0.013860964613434125,0,0.0,,0.0006871374869066055,1.0,V12.0
48.982504232028425,-0.14523963062753315,0.8283426583462696,0.0008436446169551363,-0.25442359916240354,0.013881013431398718,0,0.0,,0.0007321223060236224,1.0,V12.0
49.06520134988197,-0.14668475506906037,0.8268975339047424,0.0008980714560585116,-0.256482491199155,0.013901062249363301,0,0.0,,0.0007803330106004922,1.0,V12.0
49.14803808520523,-0.14812987951058798,0.8254524094632147,0.0009562575607483026,-0.2585413832359071,0.013921111067327891,0,0.0,,0.0008319354677481524,1.0,V12.0
49.231014673714256,-0.14957500395211562,0.8240072850216871,0.0010183855646768607,-0.2606002752726591,0.013941159885292483,0,0.0,,0.0008871015760128033,1.0,V12.0
49.31413135152305,-0.15102012839364287,0.8225621605801599,0.0010846439895851507,-0.2626591673094106,0.013961208703257068,0,0.0,,0.0009460092360915988,1.0,V12.0
49.397388355144265,-0.15246525283517048,0.8211170361386322,0.0011551848816481727,-0.2647180593461626,0.013981257521221658,0,0.0,,0.0010088053931709498,1.0,V12.0
49.48078592148983,-0.1539103772766981,0.8196719116971046,0.0012302453811925565,-0.26677695138291463,0.01400130633918625,0,0.0,,0.0010757121404856597,1.0,V12.0
49.56432428787167,-0.15535550171822535,0.8182267872555774,0.0013100303335514287,-0.26883584341966615,0.014021355157150833,0,0.0,,0.0011469244211478131,1.0,V12.0
49.64800369200237,-0.156800626159753,0.8167816628140497,0.0013947497903342525,-0.2708947354564181,0.014041403975115423,0,0.0,,0.00122264272992701,1.0,V12.0
49.73182437199582,-0.1582457506012806,0.8153365383725222,0.0014846187628756366,-0.2729536274931702,0.014061452793080015,0,0.0,,0.0013030729320573943,1.0,V12.0
49.81578656636793,-0.15969087504280782,0.813891413930995,0.0015798569381046269,-0.27501251952992173,0.014081501611044602,0,0.0,,0.0013884260476379599,1.0,V12.0
49.89989051403732,-0.16113599948433546,0.8124462894894673,0.0016806883554884452,-0.2770714115666737,0.014101550429009192,0,0.0,,0.0014789180001354171,1.0,V12.0
49.984136454325935,-0.16258112392586307,0.8110011650479396,0.0017898036786670158,-0.2791303036034257,0.014121599246973782,0,0.0,,0.0015769390767977672,1.0,V12.0
50.068524626959785,-0.16402624836739033,0.8095560406064124,0.0019052665965915187,-0.28118919564017725,0.014141648064938365,0,0.0,,0.001680809876706686,1.0,V12.0
50.15305527206962,-0.16547137280891794,0.8081109161648847,0.0020273448948927744,-0.28324808767692927,0.014161696882902957,0,0.0,,0.0017907893411933055,1.0,V12.0
50.2377286301916,-0.16691649725044558,0.8066657917233572,0.002156312376655933,-0.2853069797136813,0.014181745700867547,0,0.0,,0.0019071430575537812,1.0,V12.0
50.32254494226795,-0.16836162169197283,0.8052206672818298,0.0022924486321045713,-0.2873658717504328,0.01420179451883213,0,0.0,,0.002030143097613064,1.0,V12.0
50.40750444964773,-0.16980674613350044,0.8037755428403023,0.0024360387867938447,-0.2894247637871848,0.014221843336796722,0,0.0,,0.0021600678359911707,1.0,V12.0
50.49260739408743,-0.17125187057502805,0.8023304183987747,0.0025873732292818314,-0.29148365582393687,0.014241892154761312,0,0.0,,0.002297201748750088,1.0,V12.0
50.577854017751704,-0.17269699501655528,0.8008852939572475,0.0027467473194735257,-0.29354254786068834,0.014261940972725899,0,0.0,,0.00244183519330677,1.0,V12.0
50.663244563214064,-0.17414211945808292,0.7994401695157198,0.002914461079094327,-0.2956014398974403,0.014281989790690487,0,0.0,,0.002594264170740298,1.0,V12.0
50.74877927345756,-0.17558724389961053,0.7979950450741922,0.0030908188660006943,-0.29766033193419245,0.014302038608655079,0,0.0,,0.0027547900718564947,1.0,V12.0
50.834458391875444,-0.17703236834113817,0.7965499206326645,0.003276129034299786,-0.29971922397094447,0.01432208742661967,0,0.0,,0.0029237194086230794,1.0,V12.0
50.92028216227192,-0.1784774927826654,0.7951047961911373,0.0034707035825141115,-0.3017781160076959,0.014342136244584254,0,0.0,,0.0031013635328411837,1.0,V12.0
51.00625082886278,-0.17992261722419303,0.7936596717496097,0.0036748577922946775,-0.3038370080444479,0.014362185062548844,0,0.0,,0.003288038344177688,1.0,V12.0
51.09236463627616,-0.18136774166572028,0.7922145473080824,0.00388890931119056,-0.30589590008119943,0.01438223388051343,0,0.0,,0.0034840634978611407,1.0,V12.0
51.17862382955317,-0.1828128661072479,0.7907694228665548,0.004113179363119277,-0.30795479211795146,0.014402282698478019,0,0.0,,0.003689763514887622,1.0,V12.0
51.26502865414862,-0.1842579905487755,0.7893242984250273,0.0043479908527290735,-0.3100136841547035,0.014422331516442611,0,0.0,,0.0039054661108949454,1.0,V12.0
51.35157935593176,-0.18570311499030276,0.7878791739834999,0.0045936673869315355,-0.31207257619145495,0.014442380334407198,0,0.0,,0.004131501336899142,1.0,V12.0
51.43827618118689,-0.18714823943183037,0.7864340495419724,0.004850536081282572,-0.31413146822820703,0.014462429152371788,0,0.0,,0.004368204121808602,1.0,V12.0
51.52511937661416,-0.18859336387335798,0.7849889251004447,0.00511892415793957,-0.31619036026495906,0.014482477970336376,0,0.0,,0.004615911236466542,1.0,V12.0
51.61210918933018,-0.19003848831488523,0.7835438006589175,0.005399154350155388,-0.3182492523017105,0.014502526788300963,0,0.0,,0.004874957156333937,1.0,V12.0
51.699245866868786,-0.19148361275641285,0.7820986762173898,0.005691559684452625,-0.32030814433846255,0.014522575606265551,0,0.0,,0.005145687410924151,1.0,V12.0
51.78652965718174,-0.1929287371979405,0.7806535517758623,0.005996361500439545,-0.3223670363752146,0.014542624424230145,0,0.0,,0.0054283482306594156,1.0,V12.0
51.8739608086394,-0.19437386163946774,0.7792084273343349,0.006312955995819571,-0.32442592841196605,0.014562673242194728,0,0.0,,0.005722439178406772,1.0,V12.0
51.96153957003148,-0.19581898608099574,0.777763302892807,0.006642573477356368,-0.3264848204487186,0.014582722060159325,1,1.0,37.07760306400877,0.0060291219177649735,1.0,V12.0
52.04926619056765,-0.19726411052252335,0.7763181784512794,0.006985526072912017,-0.3285437124854707,0.014602770878123915,1,1.0,38.565308935563664,0.0063487297369241216,1.0,V12.0
52.13714091987839,-0.1987092349640506,0.7748730540097521,0.007342123653096289,-0.3306026045222221,0.014622819696088502,1,1.0,38.565308935563664,0.006681595623143056,1.0,V12.0
52.22516400801562,-0.2001543594055782,0.7734279295682245,0.007711456275628386,-0.3326614965589742,0.014642868514053092,1,1.0,38.565308935563664,0.007026942782415412,1.0,V12.0
52.313335705453405,-0.20159948384710585,0.7719828051266968,0.008094900400424553,-0.3347203885957262,0.01466291733201768,1,1.0,38.565308935563664,0.007386076518768366,1.0,V12.0
52.4016562630887,-0.20304460828863308,0.7705376806851696,0.008492741582474742,-0.3367792806324777,0.014682966149982265,1,1.0,38.565308935563664,0.007759312335047044,1.0,V12.0
52.49012593224204,-0.2044897327301607,0.769092556243642,0.008905260783131043,-0.3388381726692298,0.014703014967946855,1,1.0,38.565308935563664,0.008146963200081563,1.0,V12.0
52.57874496465826,-0.2059348571716883,0.7676474318021145,0.009332734180044882,-0.34089706470598174,0.014723063785911447,1,1.0,38.565308935563664,0.00854933935780529,1.0,V12.0
52.667513612507236,-0.20737998161321594,0.7662023073605868,0.009775433024690862,-0.3429559567427338,0.014743112603876037,1,1.0,38.565308935563664,0.00896674817850494,1.0,V12.0
52.75643212838455,-0.2088251060547432,0.7647571829190596,0.010233623538546484,-0.3450148487794853,0.014763161421840624,1,1.0,38.565308935563664,0.009399494044391098,1.0,V12.0
52.84550076531228,-0.2102702304962708,0.7633120584775319,0.010707566909491786,-0.3470737408162373,0.014783210239805212,1,1.0,38.565308935563664,0.009847878326429707,1.0,V12.0
52.934719776739655,-0.21171535493779842,0.7618669340360043,0.011197519275176518,-0.34913263285298934,0.014803259057769804,1,1.0,38.565308935563664,0.010312199348986441,1.0,V12.0
53.024089416543795,-0.2131604793793257,0.760421809594477,0.011703731807582465,-0.3511915248897408,0.014823307875734387,1,1.0,38.565308935563664,0.010792752447506875,1.0,V12.0
53.11360993903047,-0.2146056038208533,0.7589766851529494,0.012226450844790095,-0.35325041692649284,0.01484335669369898,1,1.0,38.565308935563664,0.011289830070246646,1.0,V12.0
53.20328159893476,-0.21605072826238053,0.7575315607114221,0.012765918081263185,-0.3553093089632443,0.014863405511663564,1,1.0,38.565308935563664,0.011803721934924533,1.0,V12.0
53.29310465142184,-0.21749585270390814,0.7560864362698946,0.013322336256252194,-0.3573682009999964,0.014883454329628155,1,1.0,38.565308935563664,0.012334683242553077,1.0,V12.0
53.383079352087684,-0.21894097714543576,0.754641311828367,0.013895969009798352,-0.3594270930367484,0.014903503147592744,1,1.0,38.565308935563664,0.012883027023248407,1.0,V12.0
53.47320595695975,-0.22038610158696303,0.7531961873868397,0.014487045364918403,-0.3614859850734999,0.014923551965557329,1,1.0,38.565308935563664,0.013449035850262133,1.0,V12.0
53.5634847224978,-0.22183122602849065,0.7517510629453121,0.015095790989092958,-0.36354487711025196,0.01494360078352192,1,1.0,38.565308935563664,0.014032990695967642,1.0,V12.0
53.65391590559452,-0.22327635047001826,0.7503059385037845,0.015722428658494943,-0.36560376914700393,0.014963649601486512,1,1.0,38.565308935563664,0.014635171353218195,1.0,V12.0
53.74449976357637,-0.2247214749115459,0.7488608140622568,0.01636717876957638,-0.36766266118375596,0.0149836984194511,1,1.0,38.565308935563664,0.015255856904253205,1.0,V12.0
53.835236554204194,-0.22616659935307315,0.7474156896207296,0.017030259893717148,-0.3697215532205074,0.015003747237415686,1,1.0,38.565308935563664,0.015895326233591522,1.0,V12.0
53.92612653567405,-0.22761172379460076,0.7459705651792019,0.01771188936867228,-0.37255087213950816,0.015023796055380276,1,1.0,38.565308935563664,0.016553858579473793,1.0,V12.0
54.01716996661791,-0.22905684823612799,0.7445254407376747,0.01841228392262501,-0.37552101036619917,0.015043844873344862,1,1.0,38.565308935563664,0.0172317341202947,1.0,V12.0
54.10836710610437,-0.2305019726776556,0.7430803162961471,0.01913166032332927,-0.37849114859289096,0.015063893691309452,1,1.0,38.565308935563664,0.01792923458931314,1.0,V12.0
54.19971821363942,-0.23194709711918324,0.7416351918546195,0.019870236042309745,-0.38146128681958275,0.015083942509274043,1,1.0,38.565308935563664,0.01864664390849437,1.0,V12.0
54.29122354916719,-0.23339222156071085,0.7401900674130919,0.020628229927959287,-0.3844314250462746,0.015103991327238633,1,1.0,38.565308935563664,0.019384248835877516,1.0,V12.0
54.382883373070655,-0.2348373460022381,0.7387449429715647,0.021405862877381398,-0.38740156327296554,0.015124040145203218,1,1.0,38.565308935563664,0.020142339617044015,1.0,V12.0
54.474697946172405,-0.23628247044376574,0.737299818530037,0.022203358496874458,-0.39037170149965733,0.01514408896316781,1,1.0,38.565308935563664,0.02092121063120625,1.0,V12.0
54.56666752973537,-0.23772759488529335,0.7358546940885093,0.023020943740221417,-0.3933418397263491,0.0151641377811324,1,1.0,38.565308935563664,0.02172116102164048,1.0,V12.0
54.65879238546357,-0.2391727193268206,0.7344095696469821,0.02385884951329563,-0.3963119779530402,0.015184186599096984,1,1.0,38.565308935563664,0.02254249529945914,1.0,V12.0
54.75107277550286,-0.24061784376834822,0.7329644452054545,0.024717311232873032,-0.39928211617973197,0.015204235417061574,1,1.0,38.565308935563664,0.023385523909009963,1.0,V12.0
54.84350896244169,-0.24206296820987586,0.7315193207639269,0.02559656932701766,-0.4022522544064237,0.015224284235026165,1,1.0,38.565308935563664,0.02425056374256539,1.0,V12.0
54.936101209311815,-0.24350809265140347,0.7300741963223992,0.026496869664072328,-0.4052223926331155,0.015244333052990756,1,1.0,38.565308935563664,0.02513793859151268,1.0,V12.0
55.02884977958908,-0.24519384371456585,0.7283884452592368,0.027413965289415313,-0.4088203251288099,0.015212775915907115,1,1.0,38.565308935563664,0.02604966070171596,1.0,V12.0
55.12175493719415,-0.24741300347678497,0.7261692854970178,0.02833789589472716,-0.4138099196194598,0.015066821356133037,1,1.0,38.565308935563664,0.026984513026877946,1.0,V12.0
55.21481694649327,-0.2496321632390041,0.7239501257347987,0.029282377536605824,-0.4187995141101098,0.01492086679635896,1,1.0,38.565308935563664,0.027942935718771496,1.0,V12.0
55.30803607229902,-0.25185132300122326,0.7217309659725795,0.03024764947979145,-0.42378910860075975,0.014774912236584881,1,1.0,38.565308935563664,0.028925307641320466,1.0,V12.0
55.40141257987104,-0.25407048276344235,0.7195118062103604,0.031233958333432683,-0.42877870309140964,0.014628957676810803,2,1.0256487848567108,38.08898668250815,0.02993201791957176,1.0,V12.0
55.49494673491685,-0.2562896425256615,0.7172926464481413,0.032241557948652126,-0.43376829758205965,0.014483003117036727,2,1.0256487848567108,38.08898668250815,0.03096346595066341,1.0,V12.0
55.588638803592524,-0.2585088022878795,0.7150734866859232,0.033270709166901266,-0.43875789207270693,0.014337048557262725,2,1.0256487848567108,38.08898668250815,0.032020061271331474,1.0,V12.0
55.68248905250349,-0.26072796205009857,0.7128543269237042,0.0343216794166348,-0.4437474865633569,0.014191093997488647,2,1.0256487848567108,38.08898668250815,0.03310222327742424,1.0,V12.0
55.776497748705324,-0.2629471218123177,0.710635167161485,0.03539474213138809,-0.4487370810540068,0.01404513943771457,2,1.0256487848567108,38.08898668250815,0.034210380767185807,1.0,V12.0
55.87066515970442,-0.26516628157453687,0.7084160073992658,0.036490175966487466,-0.4537266755446568,0.013899184877940493,2,1.0256487848567108,38.08898668250815,0.03534497128360198,1.0,V12.0
55.964991553458844,-0.267385441336756,0.7061968476370467,0.037608264086849336,-0.4587162700353067,0.013753230318166415,2,1.0256487848567108,38.08898668250815,0.03650644051725222,1.0,V12.0
56.05947719837903,-0.2696046010989751,0.7039776878748276,0.038749292331558396,-0.46370586452595663,0.013607275758392337,2,1.0256487848567108,38.08898668250815,0.03769524060875962,1.0,V12.0
56.15412236332858,-0.2718237608611931,0.7017585281126096,0.03991183117606095,-0.468695459016604,0.013461321198618335,2,1.0256487848567108,38.08898668250815,0.038910155298723506,1.0,V12.0
56.24892731762502,-0.27404292062341223,0.6995393683503905,0.041097683251301566,-0.473685053507254,0.013315366638844257,2,1.0256487848567108,38.08898668250815,0.04015311564891515,1.0,V12.0
56.34389233104055,-0.2762620803856314,0.6973202085881713,0.04230711276076818,-0.4786746479979038,0.01316941207907018,2,1.0256487848567108,38.08898668250815,0.04142456316985067,1.0,V12.0
56.439017673802844,-0.2784812401478505,0.6951010488259523,0.04354037817837401,-0.4836642424885538,0.013023457519296101,2,1.0256487848567108,38.08898668250815,0.04272493759550776,1.0,V12.0
56.5343036165958,-0.2807003999100696,0.6928818890637332,0.044797729878995496,-0.48865383697920367,0.012877502959522023,2,1.0256487848567108,38.08898668250815,0.04405467453378033,1.0,V12.0
56.6297504305603,-0.28291955967228877,0.690662729301514,0.04607940754989124,-0.4936434314698537,0.012731548399747944,2,1.0256487848567108,38.08898668250815,0.045414202870145165,1.0,V12.0
56.725358387294996,-0.28513871943450675,0.688443569539296,0.047385637387337726,-0.498633025960501,0.012585593839973945,2,1.0256487848567108,38.08898668250815,0.04680394192503607,1.0,V12.0
56.82112775885708,-0.28735787919672584,0.6862244097770769,0.0487167203489875,-0.5036226204511508,0.012439639280199866,2,1.0256487848567108,38.08898668250815,0.04822438870926388,1.0,V12.0
56.91705881776306,-0.28957703895894504,0.6840052500148577,0.05007276589277655,-0.508612214941801,0.012293684720425791,2,1.0256487848567108,38.08898668250815,0.04967585462869623,1.0,V12.0
57.01315183698955,-0.29179619872116414,0.6817860902526386,0.05145394206693263,-0.5136018094324508,0.012147730160651713,2,1.0256487848567108,38.08898668250815,0.05115871209169293,1.0,V12.0
57.10940708997399,-0.2940153584833832,0.6795669304904195,0.0528603903385408,-0.5185914039231008,0.012001775600877633,2,1.0256487848567108,38.08898668250815,0.05267331031358054,1.0,V12.0
57.2058248506155,-0.2962345182456012,0.6773477707282015,0.054292221859720276,-0.523580998413748,0.011855821041103632,3,1.026562483225684,37.925914988812764,0.05421997133079512,1.0,V12.0
57.30240539327561,-0.29845367800782036,0.6751286109659824,0.055749513588321906,-0.528570592904398,0.011709866481329555,3,1.026562483225684,37.925914988812764,0.05579898581629851,1.0,V12.0
57.39914899277906,-0.3006728377700395,0.6729094512037632,0.057232304282214416,-0.5331759283735206,0.011563911921555476,3,1.026562483225684,37.925914988812764,0.057410608712297445,1.0,V12.0
57.49605592441456,-0.30289199753225865,0.670690291441544,0.05874059038835498,-0.5367539763450121,0.0114179573617814,3,1.0283954550523988,37.74565553910702,0.05905505469872318,1.0,V12.0
57.59312646393562,-0.30511115729447774,0.668471131679325,0.06027432184983234,-0.5403320243165033,0.011272002802007318,3,1.0283954550523988,37.74565553910702,0.06073249351826395,1.0,V12.0
57.69036088756126,-0.3073303170566969,0.6662519719171058,0.061833397856011205,-0.5439100722879947,0.011126048242233242,3,1.0283954550523988,37.74565553910702,0.06244304518107723,1.0,V12.0
57.78775947197689,-0.309549476818916,0.6640328121548867,0.0634176625627107,-0.547488120259486,0.010980093682459165,3,1.0289708779846178,37.714995027409536,0.06418677507454908,1.0,V12.0
57.88532249433504,-0.3117686365811352,0.6618136523926675,0.06502690081101885,-0.5510661682309774,0.010834139122685087,3,1.0370849306131762,37.230153570776324,0.06596368900561858,1.0,V12.0
57.98305023225609,-0.3139877963433543,0.6595944926304484,0.06666083387485211,-0.5546442162024686,0.01068818456291101,4,1.1103728284699281,37.44218796903057,0.06777372820521388,1.0,V12.0
58.0809429638292,-0.31620695610557337,0.6573753328682294,0.068319115268694,-0.55822226417396,0.010542230003136931,4,1.9921731545957064,40.5392882009312,0.06961676432623122,1.0,V12.0
58.179000967613014,-0.31842611586779135,0.6551561731060114,0.0700013266480731,-0.5618003121454495,0.01039627544336293,4,2.0423880340186837,39.9801483961506,0.07149259446820853,1.0,V12.0
58.277224522636445,-0.32064527563001055,0.6529370133437922,0.07170697383625392,-0.5653783601169408,0.010250320883588853,4,2.0423880340186837,39.9801483961506,0.07340093626338241,1.0,V12.0
58.37561390839951,-0.32286443539222964,0.6507178535815731,0.0734354830112642,-0.5689564080884321,0.010104366323814775,4,1.1617346613464012,44.675820475694,0.07534142306011514,1.0,V12.0
58.47416940487409,-0.3250835951544488,0.648498693819354,0.07518619708783415,-0.5725344560599234,0.009958411764040697,3,1.4186965055773166,39.82939045530654,0.07731359924080249,1.0,V12.0
58.57289129250476,-0.32730275491666794,0.6462795340571348,0.07695837232894448,-0.5761125040314148,0.00981245720426662,3,1.4186965055773166,39.82939045530654,0.07931691571217399,1.0,V12.0
58.67177985220954,-0.3295219146788871,0.6440603742949156,0.0787511752215743,-0.579690552002906,0.009666502644492541,3,1.4186965055773166,39.82939045530654,0.08135072560648605,1.0,V12.0
58.77083536538077,-0.331741074441105,0.6418412145326977,0.08056367965082396,-0.5832685999743954,0.009520548084718541,3,1.4186965055773166,39.82939045530654,0.0834142802323835,1.0,V12.0
58.87005811388582,-0.3339602342033241,0.6396220547704786,0.08239486440588954,-0.5868466479458868,0.009374593524944463,3,1.4186965055773166,39.82939045530654,0.0855067253141961,1.0,V12.0
58.96944838006795,-0.3361793939655433,0.6374028950082594,0.08424361105034436,-0.590424695917378,0.009228638965170385,3,1.4186965055773166,39.82939045530654,0.08762709755808841,1.0,V12.0
59.069006446747125,-0.3383985537277624,0.6351837352460403,0.08610870218791579,-0.5940027438888694,0.009082684405396307,3,1.4215287471462135,39.75151391589361,0.0897743215828737,1.0,V12.0
59.168732597220746,-0.34061771348998154,0.6329645754838211,0.08798882015328263,-0.5975807918603607,0.00893672984562223,3,1.4215287471462135,39.75151391589361,0.09194720725226432,1.0,V12.0
59.26862711526456,-0.3428368732522007,0.630745415721602,0.08988254615559751,-0.6011588398318521,0.008790775285848151,3,1.4215287471462135,39.75151391589361,0.09414444744410831,1.0,V12.0
59.368690285133354,-0.3450560330144187,0.628526255959384,0.09178835990018194,-0.6047368878033416,0.00864482072607415,3,1.4215287471462135,39.75151391589361,0.09636461629045524,1.0,V12.0
59.468922391561875,-0.34727519277663776,0.626307096197165,0.09370463971140956,-0.608314935774833,0.008498866166300072,3,1.4215287471462135,39.75151391589361,0.09860616792036796,1.0,V12.0
59.56932371976556,-0.34949435253885686,0.6240879364349459,0.09562966317703163,-0.6118929837463242,0.008352911606525994,3,1.4215287471462135,39.75151391589361,0.10086743573507928,1.0,V12.0
59.669894555441374,-0.35171351230107606,0.6218687766727267,0.09756160833124095,-0.6154710317178155,0.008206957046751916,3,1.4215287471462135,39.75151391589361,0.1031466322425252,1.0,V12.0
59.770635184768636,-0.3539326720632952,0.6196496169105075,0.09949855539051573,-0.6190490796893069,0.008061002486977838,3,1.4215297698738911,39.744171336094375,0.10544184947534153,1.0,V12.0
59.87154589440981,-0.3561518318255143,0.6174304571482885,0.10143848905286452,-0.6226271276607981,0.00791504792720376,3,1.4215297698738911,39.744171336094375,0.10775106001323456,1.0,V12.0
59.972626971511346,-0.3583709915877322,0.6152112973860705,0.10337930136746121,-0.6262051756322877,0.007769093367429759,3,1.4215297698738911,39.744171336094375,0.11007211862716296,1.0,V12.0
60.073878703704466,-0.3605901513499514,0.6129921376238513,0.10531879517787478,-0.6297832236037789,0.007623138807655682,3,1.4215297698738911,39.744171336094375,0.11240276455906105,1.0,V12.0
60.17530137910601,-0.3628093111121706,0.6107729778616322,0.1072546881381483,-0.6333612715752703,0.007477184247881604,3,1.4215297698738911,39.744171336094375,0.11474062444686556,1.0,V12.0
60.27689528631924,-0.36502847087438967,0.608553818099413,0.10918461729698806,-0.6369393195467615,0.007331229688107527,3,1.4215297698738911,39.744171336094375,0.117083215900516,1.0,V12.0
60.37866071443467,-0.3672476306366088,0.6063346583371939,0.1111061442411766,-0.640517367518253,0.0071852751283334486,3,1.4215297698738911,39.744171336094375,0.11942795173024445,1.0,V12.0
60.480597953030895,-0.36946679039882796,0.6041154985749748,0.11301676078520134,-0.6440954154897441,0.0070393205685593705,3,1.4215297698738911,39.744171336094375,0.12177214482405736,1.0,V12.0
60.582707292175385,-0.3716859501610459,0.6018963388127568,0.11491389518992964,-0.6476734634612337,0.00689336600878537,3,1.4215297698738911,39.744171336094375,0.1241130136667573,1.0,V12.0
60.68498902242534,-0.3739051099232651,0.5996771790505376,0.11679491888903668,-0.651251511432725,0.00677025729846238,3,1.4215297698738911,39.744171336094375,0.12644768848824153,1.0,V12.0
60.78744343482852,-0.3761242696854842,0.5974580192883185,0.11865715369783521,-0.6548295594042163,0.006721324955067702,3,1.4215297698738911,39.744171336094375,0.12877321802417158,1.0,V12.0
60.89007082092403,-0.3783434294477033,0.5952388595260993,0.12049787947521552,-0.6584076073757077,0.006672392611673026,3,1.4215297698738911,39.744171336094375,0.13108657686749975,1.0,V12.0
60.99287147274322,-0.3805625892099224,0.5930196997638804,0.12231434220556431,-0.661985655347199,0.006623460268278349,3,1.4215297698738911,39.744171336094375,0.13338467338472934,1.0,V12.0
61.09584568281044,-0.38278174897214157,0.5908005400016612,0.1241037957305913,-0.6655637033186903,0.006574527924883671,3,1.4215297698738911,39.744171336094375,0.13566439453188495,1.0,V12.0
61.19899374414393,-0.38500090873435955,0.5885813802394432,0.12586341465824954,-0.6691417512901798,0.00652559558148902,3,1.4215297698738911,39.744171336094375,0.13792251015882392,1.0,V12.0
61.30231595025663,-0.38722006849657864,0.5863622204772241,0.12759039590022442,-0.672719799261671,0.006476663238094342,3,1.4215297698738911,39.744171336094375,0.14015578311901208,1.0,V12.0
61.405812595157,-0.38943922825879784,0.5841430607150049,0.12928193827920995,-0.6762978472331624,0.0064277308946996655,3,1.4215297698738911,39.744171336094375,0.14236094672825308,1.0,V12.0
61.50948397334991,-0.39165838802101693,0.5819239009527858,0.13093525209829812,-0.6798758952046537,0.0063787985513049875,3,1.4215297698738911,39.744171336094375,0.14453471496620895,1.0,V12.0
61.61333037983741,-0.3938775477832361,0.5797047411905667,0.13254837662320265,-0.683453943176145,0.0063298662079103105,3,1.4215297698738911,39.744171336094375,0.14667468684417267,1.0,V12.0
61.717352110119606,-0.39609670754545523,0.5774855814283475,0.13411893204630496,-0.6870319911476362,0.006280933864515634,3,1.4215297698738911,39.744171336094375,0.14877797285372066,1.0,V12.0
61.82154946019551,-0.39839529148033803,0.5751869974934647,0.1356305763417476,-0.6906233133940662,0.006151366195651771,3,1.4215297698738911,39.744171336094375,0.15083945099702956,1.0,V12.0
61.92592272656386,-0.40071595168451907,0.5728663372892837,0.13708967548438938,-0.6942183252787838,0.006116940857935307,3,1.4215297698738911,39.744171336094375,0.15285667128177588,1.0,V12.0
62.03047220622398,-0.40303661188870005,0.5705456770851027,0.13849691181638604,-0.6978133371635016,0.006082515520218845,3,1.4215297698738911,39.744171336094375,0.1548263803331988,1.0,V12.0
62.135198196676605,-0.405357272092881,0.5682250168809218,0.1398498216930484,-0.7013783451667219,0.006048090182502381,2,1.3808684985603967,40.07618862861252,0.1567454461334663,1.0,V12.0
62.24010099592475,-0.407677932297062,0.5659043566767408,0.1411459966776412,-0.7049426715998088,0.006013664844785918,2,1.3808684985603967,40.07618862861252,0.15861076603307606,1.0,V12.0
62.34518090247454,-0.409998592501243,0.5635836964725598,0.1423831339205229,-0.7085069980328959,0.005979239507069454,2,1.3808684985603967,40.07618862861252,0.16041932389564037,1.0,V12.0
62.450438215336085,-0.41231925270542275,0.5612630362683799,0.14355903206090076,-0.7120713244659809,0.005944814169353009,2,1.3808684985603967,40.07618862861252,0.16216818660235943,1.0,V12.0
62.55587323402429,-0.4146399129096038,0.5589423760641989,0.1446715999860377,-0.7156356508990679,0.005910388831636544,2,1.3808684985603967,40.07618862861252,0.16385451506367232,1.0,V12.0
62.66148625855975,-0.41696057311378476,0.556621715860018,0.14571886519555652,-0.7191999773321549,0.005875963493920082,2,1.3808684985603967,40.07618862861252,0.16547557495657592,1.0,V12.0
62.76727758946957,-0.41928123331796574,0.554301055655837,0.1466989817473827,-0.7227643037652419,0.005841538156203618,2,1.3808684985603967,40.07618862861252,0.16702874715583202,1.0,V12.0
62.873247527788244,-0.4216018935221467,0.551980395451656,0.14761023769368872,-0.7263286301983288,0.0058071128184871545,4,2.6451876306272233,38.89531787447983,0.1685115377487703,1.0,V12.0
62.979396375058506,-0.4239225537263277,0.549659735247475,0.14845106199591035,-0.7298929566314158,0.005772687480770692,4,2.6451876306272233,38.89531787447983,0.16992158761343504,1.0,V12.0
63.085724433332174,-0.4262432139305075,0.5473390750432952,0.14922003087085944,-0.7334572830645009,0.005738262143054246,4,2.6451876306272233,38.89531787447983,0.17125668149687437,1.0,V12.0
63.19223200517102,-0.42856387413468855,0.5450184148391142,0.1499158735319366,-0.7370216094975879,0.005703836805337782,4,2.6451876306272233,38.89531787447983,0.17251475654280599,1.0,V12.0
63.29891939364764,-0.43088453433886953,0.5426977546349332,0.1505374772934517,-0.7405859359306749,0.005669411467621319,4,2.6451876306272233,38.89531787447983,0.1736939102214227,1.0,V12.0
63.4057869023463,-0.4332051945430505,0.5403770944307522,0.15108389201034234,-0.7441502623637618,0.005634986129904856,4,2.6451876306272233,38.89531787447983,0.1747924076180474,1.0,V12.0
63.512834835363805,-0.4355258547472315,0.5380564342265712,0.15155433383005162,-0.7477145887968488,0.005600560792188392,4,2.6451876306272233,38.89531787447983,0.1758086880415951,1.0,V12.0
63.620063497310376,-0.43784651495141247,0.5357357740223903,0.15194818824123896,-0.7512789152299358,0.0055661354544719295,4,2.6451876306272233,38.89531787447983,0.17674137092216302,1.0,V12.0
63.7274731933105,-0.44016717515559234,0.5334151138182104,0.15226501240690904,-0.754843241663021,0.005531710116755484,4,2.6451876306272233,38.89531787447983,0.177589260969801,1.0,V12.0
63.83506422900381,-0.4424878353597732,0.5310944536140295,0.1525033548825773,-0.7584075680961078,0.005497284779039019,4,2.6451876306272233,38.89531787447983,0.17834997037004982,1.0,V12.0
63.94283691054594,-0.4448084955639543,0.5287737934098484,0.15266416418994172,-0.7619718945291948,0.005462859441322557,4,2.6451876306272233,38.89531787447983,0.17902389967206145,1.0,V12.0
64.05079154460941,-0.44712915576813517,0.5264531332056676,0.1527475039300364,-0.7655362209622818,0.005428434103606093,4,2.6451876306272233,38.89531787447983,0.17961041324997415,1.0,V12.0
64.15892843838452,-0.44944981597231626,0.5241324730014865,0.15275360984777944,-0.7691005473953688,0.005394008765889629,4,2.6451876306272233,38.89531787447983,0.1801090714928031,1.0,V12.0
64.26724789958014,-0.451770476176496,0.5218118127973067,0.15268288838952582,-0.7726648738284538,0.005359583428173185,4,2.644054848580123,39.00849805145073,0.18051963178809496,1.0,V12.0
64.37575023642472,-0.45409113638067705,0.5194911525931256,0.15253591455147716,-0.7762292002615409,0.005325158090456721,4,2.644054848580123,39.00849805145073,0.18084204868108397,1.0,V12.0
64.48443575766704,-0.456411796584858,0.5171704923889447,0.1523134290385999,-0.7797935266946279,0.005290732752740257,4,2.644054848580123,39.00849805145073,0.18107647321678322,1.0,V12.0
64.59330477257714,-0.458732456789039,0.5148498321847637,0.1520163347580659,-0.7833578531277148,0.005256307415023794,4,2.6417793746252545,39.04227455238803,0.1812232514778225,1.0,V12.0
64.70235759094723,-0.46105311699321994,0.5125291719805828,0.15164569267536782,-0.7869221795608018,0.0052218820773073295,4,2.6417793746252545,39.04227455238803,0.18128292233606397,1.0,V12.0
64.81159452309252,-0.463373777197401,0.5102085117764017,0.15120271706512078,-0.7904865059938888,0.005187456739590868,4,2.6417793746252545,39.04227455238803,0.18125621444106182,1.0,V12.0
64.92101587985215,-0.46569443740158195,0.5078878515722207,0.15068877019212656,-0.7940508324269756,0.005153031401874403,4,2.6309376120429007,39.424766072734506,0.18114404247322866,1.0,V12.0
65.03062197259,-0.46801509760576177,0.505567191368041,0.15010535646150241,-0.7976151588600608,0.005118606064157958,4,2.6309376120429007,39.424766072734506,0.18094750269408524,1.0,V12.0
65.14041311319566,-0.4703357578099427,0.5032465311638601,0.1494541160795497,-0.8011794852931478,0.005084180726441494,4,2.4258059883446017,37.780247736515136,0.18066786783016983,1.0,V12.0
65.25038961408531,-0.4726564180141237,0.500925870959679,0.1487368182695357,-0.8047438117262348,0.005049755388725032,3,1.642202825004915,37.16743797069684,0.180306581331031,1.0,V12.0
65.36055178820251,-0.4749770782183047,0.498605210755498,0.14795535408864594,-0.8083081381593216,0.005015330051008567,3,1.642202825004915,37.16743797069684,0.17986525104518244,1.0,V12.0
65.47089994901924,-0.4772977384224857,0.49628455055131704,0.14711172656689608,-0.8118724645924087,0.0049809047132921055,3,1.642202825004915,37.16743797069684,0.1793456395238758,1.0,V12.0
65.58143441053664,-0.47961839862666666,0.49396389034713606,0.14620805012316654,-0.8154367910254956,0.00494647937557564,3,1.6422006574208512,37.17714827287816,0.17874966550175242,1.0,V12.0
65.69215548728606,-0.4819390588308465,0.49164323014295624,0.14524653492726794,-0.8190011174585808,0.004912054037859196,3,1.2714819810285871,21.82999473586557,0.17807938694586586,1.0,V12.0
65.80306349432979,-0.48425971903502746,0.48932256993877526,0.14422948124075072,-0.8225654438916677,0.004664549708385719,3,1.2714819810285871,21.82999473586557,0.177336996083842,1.0,V12.0
65.91415874726209,-0.4865803792392085,0.48700190973459423,0.14315927097753647,-0.8261297703247548,0.004318204187011138,3,1.2714819810285871,21.82999473586557,0.17652481091853126,1.0,V12.0
66.02544156221002,-0.4889010394433895,0.48468124953041325,0.1420383591638343,-0.8296940967578416,0.003971858665636559,3,1.2714819810285871,21.82999473586557,0.1756452664720141,1.0,V12.0
66.13691225583439,-0.49122169964757045,0.48236058932623227,0.14086926534650066,-0.8332584231909286,0.003625513144261978,3,1.2714819810285871,21.82999473586557,0.17470090581446895,1.0,V12.0
66.24857114533056,-0.4935423598517502,0.4800399291220525,0.13965456499775417,-0.8368227496240138,0.0032791676228875804,3,1.2714819810285871,21.82999473586557,0.17369437093314577,1.0,V12.0
66.36041854842948,-0.49586302005593125,0.4777192689178715,0.13839688096254413,-0.8403870760571008,0.002932822101513001,3,1.2675886869313746,21.825570634762407,0.17262839349595732,1.0,V12.0
66.47245478339849,-0.4981836802601122,0.4753986087136905,0.13709887499292267,-0.8439514024901876,0.0025864765801384203,3,1.2675886869313746,21.825570634762407,0.17150578556302326,1.0,V12.0
66.58468016904226,-0.5005043404642933,0.47307794850950946,0.13576323941146157,-0.8475157289232746,0.0022401310587638395,3,1.2675886869313746,21.825570634762407,0.17032943029785616,1.0,V12.0
66.69709502470371,-0.5028250006684742,0.4707572883053285,0.1343926889431897,-0.8510800553563617,0.001893785537389259,3,1.2675886869313746,21.825570634762407,0.16910227272784953,1.0,V12.0
66.80969967026489,-0.5051456608726552,0.4684366281011475,0.13298995275266787,-0.8546443817894486,0.0015474400160146794,3,1.2675886869313746,21.825570634762407,0.16782731060128933,1.0,V12.0
66.92249442614794,-0.5074663210768362,0.4661159678969665,0.1315577667196074,-0.8582087082225356,0.0012010944946400986,3,1.2675886869313746,21.825570634762407,0.16650758538515367,1.0,V12.0
67.03547961331591,-0.509786981281016,0.46379530769278676,0.13009886598186232,-0.8617730346556206,0.000854748973265702,2,1.2675872794223404,21.82999473586557,0.16514617344320046,1.0,V12.0
67.14865555327381,-0.5121076414851969,0.4614746474886058,0.12861597777937192,-0.8653373610887076,0.0005084034518911214,2,1.2675872794223404,21.82999473586557,0.16374617744082084,1.0,V12.0
67.26202256806937,-0.5144283016893779,0.4591539872844248,0.12711181461186166,-0.8689016875217946,0.00016205793051654073,2,1.2675872794223404,21.82999473586557,0.16231071799771324,1.0,V12.0
67.37558098029409,-0.5167489618935589,0.4568333270802438,0.12558906773688366,-0.8724660139548817,-0.00018428759085803984,2,1.2675872794223404,21.82999473586557,0.16084292562758168,1.0,V12.0
67.48933111308405,-0.5190696220977399,0.45451266687606284,0.12405040102240168,-0.8760303403879686,-0.0005306331122326195,2,1.2675872794223404,21.82999473586557,0.1593459329890903,1.0,V12.0
67.60327329012092,-0.5213902823019196,0.4521920066718831,0.12249844516614451,-0.8795946668210536,-0.0008769786336070172,2,1.2675872794223404,21.82999473586557,0.1578228674703384,1.0,V12.0
67.71740783563286,-0.5237109425061006,0.4498713464677021,0.12093579229028734,-0.8831589932541406,-0.0012233241549815977,2,1.2675872794223404,21.82999473586557,0.1562768441249198,1.0,V12.0
67.83173507439534,-0.5260316027102817,0.447550686263521,0.11936499091644283,-0.8867233196872276,-0.001360050737037414,2,1.2675872794223404,21.82999473586557,0.15471095897342177,1.0,V12.0
67.94625533173223,-0.5283522629144627,0.44523002605934003,0.11778854132248756,-0.8902876461203146,-0.0012447133002331458,2,1.2675872794223404,21.82999473586557,0.15312828268006964,1.0,V12.0
68.06096893351663,-0.5306729231186437,0.44290936585515905,0.11620889127911155,-0.8938519725534015,-0.001129375863428878,2,1.2675872794223404,21.82999473586557,0.15153185460970572,1.0,V12.0
68.17587620617178,-0.5329935833228246,0.4405887056509781,0.1146284321613839,-0.8974162989864886,-0.0010140384266246099,2,1.2675872794223404,21.82999473586557,0.14992467726702796,1.0,V12.0
68.29097747667203,-0.5353142435270056,0.4382680454467971,0.11304949542709197,-0.9009806254195756,-0.0008987009898203418,2,1.2675872794223404,21.82999473586557,0.14830971111542177,1.0,V12.0
68.40627307254377,-0.5376349037311855,0.4359473852426172,0.11147434945105937,-0.9045449518526606,-0.0007833635530161338,2,1.2675872794223404,21.82999473586557,0.14668986976929355,1.0,V12.0
68.52176332186636,-0.5399555639353665,0.43362672503843624,0.10990522406457431,-0.9081092782857476,-0.0006680261162118658,2,1.2675872794223404,21.82999473586557,0.1450680516670673,1.0,V12.0
68.63744855327305,-0.5422762241395475,0.43130606483425526,0.10834422914311646,-0.9116736047188346,-0.0005526886794075976,2,1.2675872794223404,21.82999473586557,0.143447032048736,1.0,V12.0
68.75332909595188,-0.5445968843437284,0.4289854046300743,0.10679342851341733,-0.9152379311519215,-0.0004373512426033306,2,1.2675872794223404,21.82999473586557,0.1418295592114036,1.0,V12.0
68.86940527964676,-0.5469175445479094,0.4266647444258933,0.10525481355286247,-0.9188022575850086,-0.0003220138057990624,2,1.2675872794223404,21.82999473586557,0.1402183189224716,1.0,V12.0
68.98567743465819,-0.5492382047520904,0.4243440842217123,0.10373030156661611,-0.9223665840180956,-0.00020667636899479445,2,1.2675872794223404,21.82999473586557,0.13861593128141125,1.0,V12.0
69.10214589184437,-0.5515588649562702,0.42202342401753257,0.10222173441333424,-0.9259309104511805,-9.133893219058643e-05,2,1.2675872794223404,21.82999473586557,0.13702494785618666,1.0,V12.0
69.21881098262212,-0.5538795251604511,0.4197027638133516,0.10073087735720503,-0.9294952368842675,2.399850461368174e-05,3,2.2616327051049003,40.92381612869952,0.13544784907039598,1.0,V12.0
69.33567303896771,-0.5562001853646321,0.4173821036091706,0.09926014578032909,-0.9330595633173545,0.00013933594141794981,3,2.1163227712144024,44.326036661154376,0.13388802332291075,1.0,V12.0
69.45273239341797,-0.5585208455688131,0.4150614434049896,0.09780975371124864,-0.9366238897504415,0.0002546733782222179,3,2.1163227712144024,44.326036661154376,0.1323459229306392,1.0,V12.0
69.5699893790711,-0.5608415057729942,0.41274078320080854,0.09638190583585585,-0.9401882161835284,0.00037001081502648585,3,2.1163227712144024,44.326036661154376,0.1308247079434116,1.0,V12.0
69.68744432958768,-0.5631621659771752,0.41042012299662756,0.094978053904561,-0.9437525426166155,0.0004853482518307539,3,2.1163227712144024,44.326036661154376,0.1293265531209581,1.0,V12.0
69.8050975791916,-0.5654828261813549,0.4080994627924478,0.0935994445970312,-0.9473168690497006,0.0006006856886349611,3,2.1163227712144024,44.326036661154376,0.1278533806793524,1.0,V12.0
69.92294946267104,-0.5678034863855359,0.4057788025882668,0.09224749490188926,-0.9508811954827875,0.0007160231254392292,3,2.1163227712144024,44.326036661154376,0.12640737066090635,1.0,V12.0
70.0410003153794,-0.5701737444022361,0.4034085445715666,0.09091721600583381,-0.9543641218873892,0.000781690177136614,3,2.1163227712144024,44.326036661154376,0.12499044698801588,1.0,V12.0
70.15925047323624,-0.5726372885929603,0.40094500038084246,0.08960454426022002,-0.9576939468377706,0.0007539345564706373,3,2.1163227712144024,44.326036661154376,0.1236044475550308,1.0,V12.0
70.27770027272828,-0.5751008327836845,0.3984814561901182,0.08832230775074196,-0.9610237717881521,0.0007261789358046604,3,2.1163227712144024,44.326036661154376,0.12225112272114971,1.0,V12.0
70.3963500509103,-0.5775643769744088,0.39601791199939396,0.0870714611526328,-0.9643535967385336,0.0006984233151386835,3,2.1163227712144024,44.326036661154376,0.1209321338151608,1.0,V12.0
70.51520014540617,-0.5800279211651329,0.3935543678086698,0.08585287781125457,-0.9676834216889151,0.0006648811378026522,3,2.1163227712144024,44.326036661154376,0.11964905163581728,1.0,V12.0
70.63425089440969,-0.5824914653558572,0.39109082361794556,0.08466734977199217,-0.9710132466392966,0.0006228166162067035,1,1.0,47.28525129758108,0.11840335493419406,1.0,V12.0
70.7535026366857,-0.5849550095465813,0.3886272794272214,0.08351558781196426,-0.9743430715896779,0.0005807520946107548,1,1.0,47.28525129758108,0.11719642886711454,1.0,V12.0
70.87295571157098,-0.5874185537373043,0.3861637352364984,0.08239822146836295,-0.9776728965400576,0.0005386875730148282,1,1.0,47.28525129758108,0.1160295634136391,1.0,V12.0
70.99261045897518,-0.5898820979280285,0.38370019104577424,0.08131579906045155,-0.9810027214904391,0.00040884773064786057,1,1.0,47.28525129758108,0.11490395174951853,1.0,V12.0
71.11246721938184,-0.5923456421187527,0.38123664685505,0.0802687877048557,-0.9843325464408205,-0.0002660441483639772,1,1.0,47.28525129758108,0.11382068857806471,1.0,V12.0
71.23252633384934,-0.5948091863094769,0.37877310266432584,0.0792575733254841,-0.9876623713912019,-0.0009409360273758141,1,1.0,47.28525129758108,0.11278076841827395,1.0,V12.0
71.35278814401184,-0.5972727305002011,0.3763095584736016,0.07828246066195896,-0.9909921963415834,-0.0016158279063876492,1,1.0,47.28525129758108,0.11178508385468836,1.0,V12.0
71.4732529920803,-0.5997362746909254,0.37384601428287734,0.07734367328247349,-0.994322021291965,-0.0022907197853994877,2,1.2619403139196088,44.78308529148839,0.1108344237565306,1.0,V12.0
71.59392122084344,-0.6021998188816482,0.3713824700921545,0.07644135360887934,-0.9976518462423447,-0.0029656116644109693,2,1.2619403139196088,44.78308529148839,0.10992947147657053,1.0,V12.0
71.71479317366872,-0.6046633630723725,0.3689189259014303,0.07557556296358828,-1.000981671192726,-0.003640503543422806,2,1.2619403139196088,44.78308529148839,0.10907080304305306,1.0,V12.0
71.83586919450326,-0.6071269072630967,0.366455381710706,0.07474628164953001,-1.0043114961431074,-0.004315395422434643,2,1.2619403139196088,44.78308529148839,0.10825888536079252,1.0,V12.0
71.95714962787493,-0.6095904514538208,0.3639918375199819,0.0739534090759481,-1.007641321093489,-0.004990287301446481,2,1.2619403139196088,44.78308529148839,0.107494074440247,1.0,V12.0
72.07863481889319,-0.6120539956445451,0.3615282933292576,0.07319674128516727,-1.0109711460438704,-0.0056651791804583195,2,1.2619403139196088,44.78308529148839,0.1067765806218157,1.0,V12.0
72.20032511325023,-0.6145175398352694,0.35906474913853337,0.07247604185407812,-1.0143009709942519,-0.006340071059470154,2,1.2619403139196088,44.78308529148839,0.1061065697502916,1.0,V12.0
72.32222085722182,-0.6169810840259922,0.35660120494781056,0.07179096864938041,-1.0176307959446316,-0.007014962938481636,2,1.2619403139196088,44.78308529148839,0.10548405474941089,1.0,V12.0
72.44432239766836,-0.6194446282167164,0.3541376607570863,0.0711410999250599,-1.020960620895013,-0.007689854817493474,2,1.2619403139196088,44.78308529148839,0.10490893132903106,1.0,V12.0
72.56663008203584,-0.6219081724074406,0.35167411656636216,0.07052593490536928,-1.0242904458453945,-0.008364746696505311,2,1.2619403139196088,44.78308529148839,0.10438097671107416,1.0,V12.0
72.68914425835689,-0.6243717165981648,0.3492105723756379,0.06994495436645493,-1.0276202707957758,-0.009039638575517147,2,1.2619403139196088,44.78308529148839,0.10389993745266216,1.0,V12.0
72.81186527525165,-0.626835260788889,0.34674702818491376,0.06939744877016013,-1.0309500957461573,-0.009714530454528986,2,1.2619403139196088,44.78308529148839,0.10346527264613085,1.0,V12.0
72.93479348192889,-0.6292988049796132,0.3442834839941895,0.06888316501782311,-1.0342799206965387,-0.010389422333540822,2,1.2619403139196088,44.78308529148839,0.10307711642604639,1.0,V12.0
73.05792922818694,-0.6317623491703361,0.3418199398034666,0.06840099221085003,-1.0376097456469184,-0.011064314212552304,2,1.2619403139196088,44.78308529148839,0.10273431654655588,1.0,V12.0
73.18127286441468,-0.6342258933610603,0.33935639561274245,0.06794900828860734,-1.0409395705973,-0.01173920609156414,2,1.2619403139196088,44.78308529148839,0.1024344808018712,1.0,V12.0
73.30482474159257,-0.6366894375517846,0.3368928514220181,0.06752776716776782,-1.0442693955476814,-0.012414097970575974,2,1.2619403139196088,44.78308529148839,0.1021789278155521,1.0,V12.0
73.42858521129361,-0.6391529817425088,0.33442930723129394,0.06713581329461739,-1.0475992204980629,-0.013088989849587816,2,1.2619403139196088,44.78308529148839,0.10196594396064226,1.0,V12.0
73.55255462568437,-0.641616525933233,0.3319657630405697,0.06677306173555955,-1.0509290454484443,-0.013763881728599653,2,1.2619403139196088,44.78308529148839,0.10179587938429421,1.0,V12.0
73.67673333752596,-0.6440800701239573,0.32950221884984543,0.06643718652745817,-1.0542588703988256,-0.014438773607611487,2,1.2619403139196088,44.78308529148839,0.10166566017296341,1.0,V12.0
73.80112170017512,-0.6465436143146801,0.3270386746591226,0.06612701101245126,-1.0575886953492055,-0.01511366548662297,2,1.2619403139196088,44.78308529148839,0.10157393126730203,1.0,V12.0
73.9257200675851,-0.6490071585054042,0.3245751304683985,0.06584129909841888,-1.0609185202995868,-0.01578855736563481,2,1.2619403139196088,44.78308529148839,0.1015192253789277,1.0,V12.0
74.05052879430674,-0.6514707026961286,0.3221115862776741,0.06557874198445071,-1.0642483452499683,-0.016463449244646645,2,1.2619403139196088,44.78308529148839,0.10149994030504714,1.0,V12.0
74.1755482354895,-0.6539342468868528,0.31964804208694997,0.0653379687251406,-1.0675781702003497,-0.01713858455523607,2,1.2619403139196088,44.78308529148839,0.10151435276003312,1.0,V12.0
74.30077874688239,-0.6563977910775769,0.3171844978962258,0.06511758432799294,-1.0709079951507312,-0.017815820884828876,2,1.2619403139196088,44.78308529148839,0.10156067546790164,1.0,V12.0
74.42622068483507,-0.6588613352683013,0.31472095370550146,0.06491612893144448,-1.074237820101113,-0.01849305721442168,2,1.2619403139196088,44.78308529148839,0.10163699201463584,1.0,V12.0
74.55187440629881,-0.6613248794590241,0.31225740951477865,0.06473210270373535,-1.0775676450514924,-0.019170293544014123,2,1.2619403139196088,44.78308529148839,0.10174129348232527,1.0,V12.0
74.67774026882752,-0.6637884236497482,0.3097938653240545,0.06456397040380335,-1.0808974700018739,-0.01984752987360693,2,1.2619403139196088,44.78308529148839,0.10187148384767182,1.0,V12.0
74.80381863057876,-0.6662519678404725,0.30733032113333025,0.06441016617256771,-1.0842272949522553,-0.020524766203199735,2,1.2619403139196088,44.78308529148839,0.10202538587182672,1.0,V12.0
74.93010985031478,-0.6687155120311967,0.304866776942606,0.06426909854060196,-1.0875571199026366,-0.021202002532792533,2,1.2619403139196088,44.78308529148839,0.10220074747277351,1.0,V12.0
75.05661428740355,-0.6711790562219209,0.30240323275188186,0.06413915563592007,-1.090886944853018,-0.02187923886238534,2,1.2619403139196088,44.78308529148839,0.10239524856755486,1.0,V12.0
75.18333230181969,-0.6736426004126451,0.2999396885611576,0.06401871057341663,-1.0942167698033995,-0.022556475191978145,2,1.2619403139196088,44.78308529148839,0.10260650836774471,1.0,V12.0
75.31026425414565,-0.676106144603368,0.2974761443704347,0.06390612700544142,-1.0975465947537795,-0.02323371152157059,2,1.2619403139196088,44.78308529148839,0.10283209310772409,1.0,V12.0
75.43741050557259,-0.6785696887940922,0.29501260017971054,0.06379976481106862,-1.100876419704161,-0.0239109478511634,2,1.2619403139196088,44.78308529148839,0.10306952418156781,1.0,V12.0
75.56477141790148,-0.6810332329848164,0.2925490559889863,0.06369798589986132,-1.1042062446545422,-0.024588184180756204,2,1.2619403139196088,44.78308529148839,0.1033162866607171,1.0,V12.0
75.69234735354416,-0.6834967771755406,0.29008551179826214,0.06359916010434842,-1.1075360696049237,-0.025265420510349,2,1.2619403139196088,44.78308529148839,0.10356983816114912,1.0,V12.0
75.8201386755243,-0.6859603213662648,0.2876219676075379,0.06350167113404298,-1.1108658945553052,-0.025942656839941805,2,1.2619403139196088,44.78308529148839,0.10382761802546932,1.0,V12.0
75.94814574747842,-0.6884238655569891,0.28515842341681363,0.06340392256264783,-1.1141957195056864,-0.02661989316953461,2,1.2619403139196088,44.78308529148839,0.10408705678229506,1.0,V12.0
76.07636893365702,-0.6908874097477132,0.2826948792260895,0.06330434381913062,-1.1175255444560679,-0.02729712949912741,2,1.2619403139196088,44.78308529148839,0.10434558584248797,1.0,V12.0
76.20480859892555,-0.6933509539384375,0.28023133503536524,0.06320139615261353,-1.1208553694064494,-0.02797436582872022,2,1.2619403139196088,44.78308529148839,0.10460064738925264,1.0,V12.0
76.33346510876548,-0.6958144981291617,0.277767790844641,0.06309357854052185,-1.1241851943568308,-0.02865160215831302,2,1.2619403139196088,44.78308529148839,0.10484970441687945,1.0,V12.0
76.46233882927528,-0.6982780423198847,0.27530424665391806,0.0629794335092319,-1.1275150193072105,-0.02932883848790547,2,1.2619403139196088,44.78308529148839,0.10509025087108215,1.0,V12.0
76.59143012717155,-0.7007415865106088,0.2728407024631939,0.0628575528363268,-1.130844844257592,-0.030006074817498275,2,1.2619403139196088,44.78308529148839,0.10531982184210716,1.0,V12.0
76.72073936979,-0.703205130701333,0.2703771582724698,0.06272658310343618,-1.1341746692079735,-0.03068331114709107,2,1.2619403139196088,44.78308529148839,0.1055360037599453,1.0,V12.0
76.85026692508649,-0.7056686748920572,0.2679136140817455,0.06258523039446316,-1.137504494158355,-0.031360547476683875,3,1.2636731889446002,44.71621059674507,0.10573644340029682,1.0,V12.0
76.98001316163811,-0.7081322190827815,0.26545006989102127,0.06243226741220668,-1.1408343191087362,-0.032037783806276685,3,1.2636731889446002,44.71621059674507,0.10591886121928323,1.0,V12.0
77.10997844864426,-0.7105957632735057,0.262986525700297,0.06226653347777287,-1.1441641440591177,-0.03271502013586949,3,1.2636731889446002,44.71621059674507,0.10608105289864427,1.0,V12.0
77.2401631559276,-0.71305930746423,0.26052298150957276,0.06208694859345446,-1.1474939690094992,-0.033392256465462296,3,1.2706687660859828,44.61480274284018,0.10622091499037206,1.0,V12.0
77.3705676539352,-0.7155228516549528,0.25805943731884995,0.06189250192223655,-1.150823793959879,-0.03406949279505474,3,1.2706687660859828,44.61480274284018,0.106336427258254,1.0,V12.0
77.50119231373952,-0.717986395845677,0.2555958931281257,0.06168227996779129,-1.1541536189102606,-0.03474672912464754,3,1.566322451345786,39.9283290116516,0.10642570306770914,1.0,V12.0
77.63203750703956,-0.7204499400364012,0.25313234893740155,0.06145544965579691,-1.1574834438606418,-0.03542396545424035,4,2.59688784530171,39.973700436699716,0.10648696292146455,1.0,V12.0
77.76310360616179,-0.7229134842271254,0.2506688047466773,0.061211185106079785,-1.1608132688110233,-0.03610120178383315,3,1.7746824266820034,38.67630074779861,0.10651840932647953,1.0,V12.0
77.89439098406133,-0.7253770284178497,0.24820526055595304,0.06094891090863989,-1.1641430937614048,-0.036778438113425946,3,1.8353369341807144,38.78539513446416,0.10651865157302912,1.0,V12.0
78.02590001432294,-0.7278405726085738,0.2457417163652289,0.060667546493614576,-1.167472918711786,-0.037455674443018755,3,1.8353369341807144,38.78539513446416,0.10648538822638082,1.0,V12.0
78.15763107116209,-0.7303041167992967,0.24327817217450598,0.060367102482015336,-1.170802743662166,-0.0381329107726112,3,1.8529352720704122,38.74125857926392,0.10641820147938061,1.0,V12.0
78.28958452942605,-0.7327676609900209,0.24081462798378184,0.06004723469501061,-1.1741325686125472,-0.038810147102204005,3,1.8529352720704122,38.74125857926392,0.10631603804794751,1.0,V12.0
78.42176076459496,-0.7352312051807451,0.23835108379305758,0.059707660182570906,-1.177462393562929,-0.039487383431796814,3,1.8529352720704122,38.74125857926392,0.10617793507359492,1.0,V12.0
78.55416015278287,-0.7376947493714693,0.23588753960233344,0.05934821836432077,-1.1807922185133102,-0.04016461976138962,3,1.8529352720704122,38.74125857926392,0.10600313131787302,1.0,V12.0
78.68678307073881,-0.7401582935621936,0.23342399541160908,0.05896885039197455,-1.1841220434636917,-0.04080392062176757,3,1.8529352720704122,38.74125857926392,0.10579103459369392,1.0,V12.0
78.8196298958479,-0.7426218377529178,0.23096045122088493,0.0585695792819754,-1.1874518684140734,-0.04125050778663448,3,1.8529352720704122,38.74125857926392,0.10554118971706307,1.0,V12.0
78.95270100613236,-0.7450853819436407,0.228496907030162,0.05815056660338838,-1.1907816933644528,-0.04169709495150116,3,1.8529352720704122,38.74125857926392,0.10525338416752208,1.0,V12.0
79.08599678025267,-0.7475489261343649,0.22603336283943787,0.057712056336768715,-1.1941115183148343,-0.04214368211636808,3,1.8529352720704122,38.74125857926392,0.10492755145120874,1.0,V12.0
79.21951759750858,-0.7500124703250891,0.22356981864871361,0.05725333378204873,-1.1974413432652156,-0.042590269281234994,3,1.8529352720704122,38.74125857926392,0.10456187303733397,1.0,V12.0
79.35326383784022,-0.7524760145158134,0.22110627445798936,0.05677602236812242,-1.200771168215597,-0.04303685644610191,3,1.8529352720704122,38.74125857926392,0.104158786947927,1.0,V12.0
79.48723588182914,-0.7549395587065376,0.2186427302672651,0.05628064292728067,-1.2041009931659787,-0.043483443610968835,3,1.8529352720704122,38.74125857926392,0.10371874352121029,1.0,V12.0
79.62143411069948,-0.7574031028972618,0.21617918607654096,0.055767809810422744,-1.2074308181163602,-0.043930030775835745,3,1.8529352720704122,38.74125857926392,0.10324237444093849,1.0,V12.0
79.75585890631895,-0.7598666470879847,0.21371564188581804,0.05523822771826752,-1.21076064306674,-0.044376617940702426,3,1.8529352720704122,38.74125857926392,0.10273049099746517,1.0,V12.0
79.89051065120002,-0.7623301912787088,0.2112520976950939,0.054692688171937225,-1.2140904680171214,-0.04482320510556935,3,1.8529352720704122,38.74125857926392,0.10218408162701577,1.0,V12.0
80.02538972850088,-0.7649114714297337,0.20867081754406902,0.05412010315126015,-1.2174301100271616,-0.04534931235259216,3,1.8529352720704122,38.74125857926392,0.10160430872307749,1.0,V12.0
80.16049652202669,-0.7680008984036506,0.20558139057015212,0.053482213376593826,-1.2208121223347996,-0.046218627205858856,3,1.8529352720704122,38.74125857926392,0.10099250475145344,1.0,V12.0
80.29583141623053,-0.7710903253775675,0.20249196359623522,0.052832028879791985,-1.2241941346424376,-0.047087942059125566,2,1.449490638676459,39.20144255197536,0.10035016767479837,1.0,V12.0
80.43139479621456,-0.7741797523514828,0.19940253662231988,0.05217070053983224,-1.227576146950074,-0.04795725691239181,2,1.449490638676459,39.20144255197536,0.0996789557098196,1.0,V12.0
80.56718704773114,-0.7772691793253996,0.1963131096484031,0.05149943906100209,-1.230958159257712,-0.04882657176565851,2,1.449490638676459,39.20144255197536,0.09898068144069465,1.0,V12.0
80.70320855718386,-0.7803586062993165,0.1932236826744862,0.05081950922451408,-1.2343401715653501,-0.049695886618925204,2,1.449490638676459,39.20144255197536,0.09825730531521276,1.0,V12.0
80.83945971162869,-0.7834480332732334,0.1901342557005693,0.05013222395834775,-1.237722183872988,-0.05056520147219191,2,1.449490638676459,39.20144255197536,0.09751092855286024,1.0,V12.0
80.97594089877505,-0.7865374602471502,0.1870448287266525,0.04943893847808584,-1.241104196180626,-0.05143451632545862,2,1.449490638676459,39.20144255197536,0.09674378593458337,1.0,V12.0
81.11265250698698,-0.7896268872210672,0.1839554017527355,0.04874104338149463,-1.244486208488264,-0.052303831178725314,2,1.449490638676459,39.20144255197536,0.095958236269623,1.0,V12.0
81.24959492528411,-0.792716314194984,0.18086597477881872,0.04803995907708229,-1.247868220795902,-0.05317314603199202,2,1.449490638676459,39.20144255197536,0.09515675515464198,1.0,V12.0
81.38676854334292,-0.7958057411688992,0.17777654780490348,0.047337129606063046,-1.2512502331035382,-0.05404246088525827,2,1.449490638676459,39.20144255197536,0.09434192625642338,1.0,V12.0
81.52417375149778,-0.7988951681428161,0.1746871208309866,0.046634014862077675,-1.2546322454111762,-0.05491177573852497,2,1.449490638676459,39.20144255197536,0.09351642905750995,1.0,V12.0
81.66181094074201,-0.801984595116733,0.1715976938570697,0.04593208562347388,-1.2580142577188145,-0.05578109059179168,2,1.449490638676459,39.20144255197536,0.09268303181874452,1.0,V12.0
81.7996805027291,-0.8050740220906499,0.1685082668831528,0.04523281874002802,-1.2613962700264523,-0.056650405445058366,2,1.449490638676459,39.20144255197536,0.09184458459052702,1.0,V12.0
81.93778282977372,-0.8081634490645667,0.165418839909236,0.044537684318443634,-1.2647782823340903,-0.057519720298325076,2,1.449490638676459,39.20144255197536,0.09100399561044015,1.0,V12.0
82.07611831485293,-0.811252876038482,0.16232941293532077,0.04384818821120636,-1.2681602946417265,-0.058389035151591315,2,1.449490638676459,39.20144255197536,0.09016432052063435,1.0,V12.0
82.21468735160721,-0.8143423030123988,0.15923998596140387,0.043166132599715155,-1.2715423069493645,-0.05925835000485802,2,1.449490638676459,39.20144255197536,0.08932930633852613,1.0,V12.0
82.35349033434166,-0.8174317299863156,0.1561505589874871,0.042492496980161144,-1.2749243192570026,-0.06012766485812472,2,1.449490638676459,39.20144255197536,0.08850108307772397,1.0,V12.0
82.49252765802706,-0.8205211569602326,0.15306113201357008,0.0418291624458641,-1.2783063315646406,-0.060996979711391425,2,1.449490638676459,39.20144255197536,0.08768372588794046,1.0,V12.0
82.63179971830101,-0.8236105839341495,0.14997170503965318,0.04117723523072454,-1.2816883438722788,-0.06186629456465813,2,1.449490638676459,39.20144255197536,0.08687978129771348,1.0,V12.0
82.77130691146911,-0.8267000109080663,0.1468822780657364,0.04053778157654194,-1.2850703561799164,-0.06273560941792483,2,1.449490638676459,39.20144255197536,0.08609177773525901,1.0,V12.0
82.911049634506,-0.8297894378819832,0.1437928510918195,0.03991211715509924,-1.2884523684875546,-0.06360492427119153,2,1.449490638676459,39.20144255197536,0.08532284364800276,1.0,V12.0
83.05102828505655,-0.8328788648558985,0.14070342411790426,0.039301493558130104,-1.2918343807951909,-0.06447423912445778,2,1.449490638676459,39.20144255197536,0.08457605278086207,1.0,V12.0
83.19124326143695,-0.8359682918298154,0.13761399714398737,0.03870710837315875,-1.2952163931028289,-0.06534355397772447,2,1.449490638676459,39.20144255197536,0.08385444417379372,1.0,V12.0
83.33169496263592,-0.8390577188037323,0.13452457017007047,0.03813087205518046,-1.298598405410467,-0.06621286883099119,2,1.449490638676459,39.20144255197536,0.08316269352486948,1.0,V12.0
83.47238378831572,-0.842147145777649,0.13143514319615368,0.03757317313383518,-1.301980417718105,-0.06708218368425788,2,1.449490638676459,39.20144255197536,0.08250226159932789,1.0,V12.0
83.61331013881345,-0.8452365727515659,0.12834571622223678,0.037035030328279955,-1.305362430025743,-0.0679514985375246,2,1.449490638676459,39.20144255197536,0.08187604227656071,1.0,V12.0
83.75447441514198,-0.8483259997254813,0.12525628924832144,0.03651739306369005,-1.3087444423333792,-0.06882081339079084,2,1.449490638676459,39.20144255197536,0.08128685479392787,1.0,V12.0
83.89587701899134,-0.8514154266993981,0.12216686227440465,0.03602113826150157,-1.312126454641017,-0.06969012824405753,2,1.449490638676459,39.20144255197536,0.08073743396810372,1.0,V12.0
84.03751835272963,-0.8545048536733151,0.11907743530048764,0.03554706742607886,-1.3155084669486552,-0.07055944309732425,2,1.449490638676459,39.20144255197536,0.08023042067634363,1.0,V12.0
84.17939881940431,-0.8575942806472319,0.11598800832657086,0.03509590407982343,-1.3188904792562932,-0.07138104877980533,2,1.449490638676459,39.20144255197536,0.07976835272867949,1.0,V12.0
84.32151882274331,-0.8606837076211487,0.11289858135265407,0.03466829153149916,-1.3222724915639312,-0.07148258096519489,2,1.449490638676459,39.20144255197536,0.07935365611554213,1.0,V12.0
84.46387876715617,-0.8637731345950657,0.10980915437873706,0.03426480321354358,-1.3256545038715695,-0.07158411315058447,2,1.449490638676459,39.20144255197536,0.07898866485593846,1.0,V12.0
84.60647905773519,-0.8668625615689808,0.10671972740482194,0.03388590255035092,-1.3290365161792055,-0.07168564533597396,2,1.449490638676459,39.20144255197536,0.07867552452199794,1.0,V12.0
84.74932010025657,-0.8699519885428977,0.10363030043090504,0.033531982013343585,-1.3324185284868435,-0.07178717752136354,2,1.449490638676459,39.20144255197536,0.07841627676384075,1.0,V12.0
84.8924023011816,-0.8730414155168146,0.10054087345698814,0.03320334813264519,-1.3358005407944815,-0.07188870970675311,2,1.449490638676459,39.20144255197536,0.07821282022212744,1.0,V12.0
85.03572606765782,-0.8761308424907315,0.09745144648307125,0.03290022092416848,-1.3391825531021195,-0.07199024189214268,2,1.449490638676459,39.20144255197536,0.07806690392682777,1.0,V12.0
85.1792918075201,-0.8792202694646483,0.09436201950915446,0.032622733650894964,-1.3425645654097575,-0.07209177407753223,2,1.449490638676459,39.20144255197536,0.07798012120233232,1.0,V12.0
85.32309992929191,-0.8823096964385653,0.09127259253523745,0.032370932915046266,-1.3459465777173956,-0.07219330626292181,2,1.449490638676459,39.20144255197536,0.07795390409733159,1.0,V12.0
85.46715084218641,-0.8853991234124821,0.08818316556132066,0.03214477907702145,-1.3493285900250336,-0.07229483844831139,2,1.449490638676459,39.20144255197536,0.0779895183569863,1.0,V12.0
85.61144495610763,-0.8884885503863973,0.08509373858740543,0.03194414699505692,-1.3527106023326698,-0.07239637063370088,2,1.449490638676459,39.20144255197536,0.07808805895128405,1.0,V12.0
85.75598268165164,-0.8915779773603142,0.08200431161348853,0.03176882707962996,-1.3560926146403076,-0.07249790281909047,2,1.449490638676459,39.20144255197536,0.0782504461744834,1.0,V12.0
85.90076443010773,-0.8946674043342311,0.07891488463957164,0.03161852665612197,-1.3594746269479456,-0.07260113101547631,2,1.449490638676459,39.20144255197536,0.07847742233020144,1.0,V12.0
86.04579061345956,-0.8977568313081479,0.07582545766565485,0.031492871601300314,-1.3628566392555836,-0.07270519942956044,2,1.449490638676459,39.20144255197536,0.07876954894768554,1.0,V12.0
86.19106164438635,-0.9008462582820649,0.07273603069173784,0.03139140833073051,-1.3662386515632217,-0.07280926784364458,3,1.450757208254188,39.18435159590746,0.07912720475259273,1.0,V12.0
86.33657793626404,-0.9039356852559801,0.06964660371782261,0.03131360603442339,-1.3696206638708581,-0.07291333625772864,3,1.4489400495694007,39.20327223991161,0.07955058417283871,1.0,V12.0
86.48233990316646,-0.9070251122298969,0.06655717674390582,0.031258859168494184,-1.3730026761784961,-0.07301740467181277,3,1.4546282954322642,39.16616033705246,0.08003969642906068,1.0,V12.0
86.62834795986655,-0.9101145392038138,0.06346774976998892,0.031226490218300578,-1.3763846884861342,-0.0731214730858969,3,1.4472523600827198,39.20327223991161,0.08059436528223927,1.0,V12.0
86.77460252183748,-0.9132039661777306,0.06037832279607214,0.03121575270905325,-1.379766700793772,-0.07322554149998102,3,1.4607389395403294,39.16616033705246,0.08121422941300308,1.0,V12.0
86.9211040052539,-0.9162933931516475,0.05728889582215524,0.031225834451409744,-1.3831487131014102,-0.07332960991406515,3,1.4607389395403294,39.16616033705246,0.08189874343568415,1.0,V12.0
87.06785282699303,-0.9193828201255645,0.05419946884823823,0.031255861008935834,-1.3865307254090482,-0.07343367832814927,3,1.2194034862823833,39.96276757790402,0.08264717954874214,1.0,V12.0
87.21484940463597,-0.9224722470994797,0.051110041874323,0.031304338071179605,-1.3899127377166842,-0.07353774674223335,2,1.9437461755450771,39.6649413694598,0.08345713339326953,1.0,V12.0
87.36209415646877,-0.9255616740733965,0.04802061490040621,0.031370936710914024,-1.3932947500243225,-0.07364181515631746,2,1.0809705479121228,40.74603649060697,0.08432925344479236,1.0,V12.0
87.50958750148371,-0.9286511010473134,0.04493118792648931,0.031454580717700166,-1.3966767623319605,-0.0737458835704016,2,1.0809705479121228,40.74603649060697,0.08526218428196658,1.0,V12.0
87.6573298593804,-0.9317405280212303,0.041841760952572415,0.03155417857127379,-1.4000587746395985,-0.07384995198448571,2,1.055476637498926,40.70047016586154,0.08625448284703244,1.0,V12.0
87.80532165056711,-0.9348299549951471,0.03875233397865563,0.03166859737625049,-1.4034407869472363,-0.07395402039856984,1,1.0,40.815183527665205,0.08730454285656306,1.0,V12.0
87.9535632961618,-0.9379193819690641,0.03566290700473862,0.03179666728951573,-1.4068227992548743,-0.07405808881265397,1,1.0,40.815183527665205,0.08841060010115424,1.0,V12.0
88.10205521799347,-0.9410088089429792,0.0325734800308235,0.031937186061985916,-1.4102048115625105,-0.07416215722673804,1,1.0,40.815183527665205,0.089570738341395,1.0,V12.0
88.25079783860326,-0.9440982359168961,0.0294840530569066,0.03208892368078526,-1.4135868238701488,-0.07426622564082216,1,1.0,40.815183527665205,0.0907828957971232,1.0,V12.0
88.39979158124568,-0.947187662890813,0.026394626082989703,0.03225062709946047,-1.4169688361777868,-0.07437029405490629,1,1.0,40.74939715518453,0.0920448722312498,1.0,V12.0
88.54903686988985,-0.9502770898647299,0.023305199109072805,0.03242102504100606,-1.4203508484854248,-0.07447436246899042,1,1.0,40.74939715518453,0.09335433662133966,1.0,V12.0
88.69853412922063,-0.9533665168386468,0.020215772135155907,0.03259883283573047,-1.4237328607930626,-0.07457843088307453,1,1.0,40.74939715518453,0.0947088353455577,1.0,V12.0
88.84828378463993,-0.9564559438125636,0.01712634516123912,0.032782757292883075,-1.4271148731007008,-0.07468249929715866,1,1.0,40.74939715518453,0.0961058009124268,1.0,V12.0
88.99828626226783,-0.9595453707864788,0.014036918187323888,0.03297200613395323,-1.4304968854083369,-0.07478656771124274,1,1.0,40.74939715518453,0.09754405385952598,1.0,V12.0
89.14854198894383,-0.9626347977603957,0.01094749121340699,0.03316471460270236,-1.4338788977159749,-0.07489063612532686,1,1.0,40.74939715518453,0.09901916913333142,1.0,V12.0
89.2990513922281,-0.9657242247343126,0.007858064239490092,0.03335960043930137,-1.4381244621611542,-0.07499470453941098,1,1.0,40.74939715518453,0.1005283122311149,1.0,V12.0
89.44981490040259,-0.9688136517082295,0.0047686372655731946,0.03355539147652072,-1.4427654453761167,-0.07509877295349512,1,1.0,40.74939715518453,0.10206857280194044,1.0,V12.0
89.60083294247238,-0.9719030786821464,0.0016792102916562968,0.03375083043610869,-1.4474064285910795,-0.07520284136757924,1,1.0,40.74939715518453,0.10363697577697274,1.0,V12.0
89.75210594816681,-0.9749925056560632,-0.00141021668226049,0.0339446796294126,-1.452047411806042,-0.07530690978166336,1,1.0,40.74939715518453,0.1052304928425306,1.0,V12.0
89.90363434794075,-0.9780819326299784,-0.0044996436561757225,0.03413572554311975,-1.4566883950210023,-0.07541097819574744,1,1.0,40.74939715518453,0.10684605421922817,1.0,V12.0
90.05541857297578,-0.9815009060873341,-0.007918617113531368,0.03428700848784267,-1.4614185879710775,-0.07578636597969753,1,1.0,40.74939715518453,0.10848048029461912,1.0,V12.0
90.20745905518146,-0.9854934012966107,-0.011911112322807949,0.03436890454117596,-1.4663040358734625,-0.07664392318344981,1,1.0,40.74939715518453,0.11013074404544745,1.0,V12.0
90.35975622719656,-0.9894858965058875,-0.01590360753208475,0.03444154072600901,-1.4711894837758475,-0.0775014803872021,1,1.0,40.74939715518453,0.11179372350942708,1.0,V12.0
90.51231052239022,-0.993478391715164,-0.019896102741361332,0.034503817819325176,-1.4760749316782322,-0.07835903759095439,1,1.0,40.74939715518453,0.11346630472397029,1.0,V12.0
90.6651223748633,-0.9974708869244407,-0.023888597950638024,0.0345546925390924,-1.4809603795806174,-0.07921659479470668,1,1.0,40.74939715518453,0.1151453944233937,1.0,V12.0
90.8181922194495,-1.0014633821337153,-0.027881093159912607,0.03459318089676098,-1.4858458274829998,-0.0800741519984585,1,1.0,40.74939715518453,0.11682793275628395,1.0,V12.0
90.9715204917167,-1.005455877342992,-0.0318735883691893,0.034618361236004244,-1.4907312753853847,-0.0809317092022108,1,1.0,40.74939715518453,0.11851090597167176,1.0,V12.0
91.1251076279681,-1.0094483725522687,-0.03586608357846599,0.03462937696642087,-1.4956167232877695,-0.0817892664059631,1,1.0,40.74939715518453,0.12019135910123523,1.0,V12.0
91.27895406524355,-1.0134408677615454,-0.03985857878774268,0.03462543895561932,-1.500502171190155,-0.08264682360971536,1,1.0,40.74939715518453,0.12186640850841597,1.0,V12.0
91.43306024132072,-1.017433362970822,-0.043851073997019374,0.034605827574543335,-1.5053876190925397,-0.08350438081346764,2,1.030708863633539,40.782594632255446,0.12353325427280513,1.0,V12.0
91.58742659471639,-1.0214258581800988,-0.047843569206296066,0.03456989438557132,-1.5102730669949245,-0.08436193801721993,2,1.4826007806276316,41.027112803704625,0.1251891923552276,1.0,V12.0
91.74205356468771,-1.0254183533893735,-0.05183606441557076,0.0345171591262184,-1.5151585148973068,-0.08521949522097177,2,1.6073369577896464,41.09561661171628,0.12683197799365462,1.0,V12.0
91.89694159123341,-1.02941084859865,-0.05582855962484723,0.03444703240282174,-1.520043962799692,-0.08607705242472405,2,1.7937980517711232,41.212542763854245,0.12845882577111029,1.0,V12.0
92.05209111509505,-1.0334033438079269,-0.05982105483412414,0.03435908782171257,-1.524929410702077,-0.08693460962847634,2,1.99854768460317,41.389697012535684,0.1300673989201841,1.0,V12.0
92.20750257775835,-1.0373958390172033,-0.06381355004340061,0.03425302976589608,-1.5298148586044618,-0.08779216683222862,3,2.442445228337158,41.0868718647703,0.13165571989283598,1.0,V12.0
92.36317642145431,-1.04138833422648,-0.0678060452526773,0.03412852645318687,-1.534700306506847,-0.08864972403598091,3,2.2498041807691824,41.30559297313812,0.1332215466905187,1.0,V12.0
92.51911308916061,-1.0453808294357567,-0.071798540461954,0.03398540517740984,-1.539585754409232,-0.0895072812397332,3,2.0181944852429363,41.561424648872446,0.13476312612541316,1.0,V12.0
92.6753130246028,-1.0493733246450314,-0.07579103567122869,0.03382354807945947,-1.5444712023116143,-0.09036483844348503,3,1.8168934603167282,42.13170911492704,0.13627881318605337,1.0,V12.0
92.83177667225556,-1.053365819854308,-0.07978353088050538,0.03364285243026119,-1.5493566502139995,-0.09122239564723733,3,1.735528317895925,42.48272666146718,0.1377669172397074,1.0,V12.0
92.98850447734397,-1.0573583150635848,-0.08377602608978207,0.033443371134088636,-1.5542420981163843,-0.09207995285098962,3,1.7005801218985968,42.62461356649915,0.13922628316276314,1.0,V12.0
93.14549688584478,-1.0613508102728613,-0.08776852129905854,0.03322514000251402,-1.5591275460187692,-0.09293751005474189,3,1.678439232938519,42.720323997191386,0.14065560537624075,1.0,V12.0
93.30275434448771,-1.0653433054821382,-0.09176101650833546,0.032988301221131756,-1.5640129939211542,-0.09379506725849417,3,1.656551155040178,42.79059860587726,0.14205394658368248,1.0,V12.0
93.46027730075669,-1.0693358006914147,-0.09575351171761193,0.032732848514969916,-1.5688984418235392,-0.09465262446224645,3,1.656551155040178,42.79059860587726,0.14341965342032545,1.0,V12.0
93.61806620289109,-1.0733282959006893,-0.09974600692688662,0.032459237007876764,-1.5737838897259218,-0.0955101816659983,3,1.656551155040178,42.79059860587726,0.14475301239390312,1.0,V12.0
93.77612149988708,-1.077320791109966,-0.10373850213616331,0.03216778440826857,-1.5786693376283065,-0.09636773886975059,3,1.656551155040178,42.79059860587726,0.14605370686955216,1.0,V12.0
93.9344436414989,-1.0813132863192427,-0.10773099734544,0.031858860650166854,-1.5835547855306915,-0.09722529607350287,3,1.656551155040178,42.79059860587726,0.14732163833092016,1.0,V12.0
94.09303307824008,-1.0853057815285194,-0.1117234925547167,0.03153288373852495,-1.5884402334330765,-0.09808285327725516,3,1.656551155040178,42.79059860587726,0.14855692732010747,1.0,V12.0
94.25189026138469,-1.0892982767377961,-0.11571598776399339,0.031190315766150375,-1.5933256813354615,-0.09894041048100743,3,1.656551155040178,42.79059860587726,0.14975991530962876,1.0,V12.0
94.41101564296876,-1.0932907719470728,-0.11970848297327008,0.030831658427630228,-1.5982111292378465,-0.09979796768475972,3,1.656551155040178,42.79059860587726,0.15093116433156,1.0,V12.0
94.57040967579148,-1.0972832671563495,-0.12370097818254677,0.03045761798217379,-1.6030965771402315,-0.10065552488851201,3,1.656551155040178,42.79059860587726,0.1520723026063972,1.0,V12.0
94.73007281341651,-1.1012757623656262,-0.12769347339182346,0.030068605378870458,-1.6079820250426164,-0.10151308209226431,3,1.656551155040178,42.79059860587726,0.153183586376005,1.0,V12.0
94.89000551017324,-1.1052682575749029,-0.13168596860110016,0.029665213870793156,-1.6128674729450014,-0.10237063929601659,3,1.656551155040178,42.79059860587726,0.15426624118708032,1.0,V12.0
95.05020822115809,-1.1092607527841776,-0.13567846381037485,0.029248057022423786,-1.6177529208473838,-0.1032281964997684,3,1.656551155040178,42.79059860587726,0.15532170438679535,1.0,V12.0
95.21068140223586,-1.113253247993454,-0.13967095901965132,0.028817763585354334,-1.6226383687497685,-0.10408575370352069,3,1.656551155040178,42.79059860587726,0.15635162026024385,1.0,V12.0
95.37142551004096,-1.1172457432027307,-0.143663454228928,0.028374972317662537,-1.6275238166521537,-0.10494331090727299,3,1.656551155040178,42.79059860587726,0.15735783420953914,1.0,V12.0
95.53244100197874,-1.1212382384120074,-0.1476559494382047,0.02792032679014375,-1.6324092645545387,-0.10580086811102528,3,1.656551155040178,42.79059860587726,0.1583423860675935,1.0,V12.0
95.69372833622678,-1.1252307336212841,-0.1516484446474814,0.0274544701619997,-1.6372947124569237,-0.10665842531477757,3,1.656551155040178,42.79059860587726,0.15930750230526766,1.0,V12.0
95.85528797173622,-1.1292232288305608,-0.1556409398567581,0.02697804002108307,-1.6421801603593087,-0.10751598251852984,3,1.656551155040178,42.79059860587726,0.16025558751309107,1.0,V12.0
96.01712036823301,-1.1332157240398355,-0.15963343506603278,0.026491663285511946,-1.6470656082616912,-0.1083735397222817,3,1.656551155040178,42.79059860587726,0.16118921501480798,1.0,V12.0
96.17922598621932,-1.1372082192491122,-0.16362593027530947,0.02599595119864611,-1.6519510561640762,-0.10923109692603397,3,1.656551155040178,42.79059860587726,0.1621111166609578,1.0,V12.0
96.34160528697471,-1.1412007144583889,-0.16761842548458616,0.025491494449580824,-1.6568365040664608,-0.11008865412978626,3,1.656551155040178,42.79059860587726,0.16302417186154858,1.0,V12.0
96.50425873255757,-1.1451932096676654,-0.17161092069386263,0.024978858447987456,-1.6617219519688458,-0.11094621133353853,3,1.656551155040178,42.79059860587726,0.16393139590750636,1.0,V12.0
96.66718678580636,-1.1491857048769423,-0.17560341590313955,0.024458578781181916,-1.666607399871231,-0.11180376853729083,3,1.6558842283659352,42.7998058733255,0.16483592763481195,1.0,V12.0
96.83038991034097,-1.153178200086219,-0.17959591111241624,0.023931152206398583,-1.671492847773616,-0.11266132574104312,3,1.6558842283659352,42.7998058733255,0.16574098412002852,1.0,V12.0
96.99386857056398,-1.1571706952954934,-0.1835884063216907,0.023397047334189184,-1.6763782956759983,-0.11351888294479494,3,1.6528808331517575,42.84003132689826,0.16664994789961401,1.0,V12.0
97.15762323166206,-1.1611631905047701,-0.1875809015309674,0.022856685148152128,-1.6812637435783833,-0.11437644014854723,3,1.6528808331517575,42.84003132689826,0.16756624837152714,1.0,V12.0
97.32165435960722,-1.1651556857140468,-0.1915733967402441,0.022310440984396763,-1.6861491914807683,-0.11523399735229951,3,1.6457022362324962,42.879474054321456,0.16849338380945095,1.0,V12.0
97.48596242115822,-1.1691481809233235,-0.1955658919495208,0.021758641270222017,-1.6910346393831532,-0.1160915545560518,3,1.6457022362324962,42.879474054321456,0.16943490667344305,1.0,V12.0
97.6505478838618,-1.1731406761326002,-0.19955838715879748,0.0212014615863116,-1.6959200872855382,-0.11694911175980409,3,1.6457022362324962,42.879474054321456,0.1703936130414248,1.0,V12.0
97.81541121605409,-1.177133171341877,-0.20355088236807417,0.02063911068345143,-1.7008055351879234,-0.11780666896355638,3,1.5810340524173274,43.35987591325595,0.17137294518328283,1.0,V12.0
97.98055288686189,-1.1811256665511536,-0.20754337757735086,0.02007198342072905,-1.7056909830903082,-0.11866422616730866,3,1.5810340524173274,43.35987591325595,0.17237841577765423,1.0,V12.0
98.14597336620402,-1.185118161760428,-0.21153587278662533,0.019500074701253978,-1.7105764309926905,-0.1195217833710605,3,1.3254030667886434,44.2664034308267,0.17341276363341596,1.0,V12.0
98.31167312479268,-1.1891106569697047,-0.21552836799590203,0.018923424088100726,-1.7154618788950755,-0.12037934057481278,3,1.3254030667886434,44.2664034308267,0.17447954262141147,1.0,V12.0
98.4776526341348,-1.1931031521789817,-0.21952086320517894,0.018342020046052895,-1.7203473267974605,-0.12123689777856507,3,1.156454825818579,46.44453752502355,0.17558236076474792,1.0,V12.0
98.64391236653329,-1.1970956473882581,-0.2235133584144554,0.017755784879287587,-1.7252327746998455,-0.12255400207639414,3,1.156454825818579,46.44453752502355,0.1767247410817941,1.0,V12.0
98.81045279508851,-1.2010881425975348,-0.2275058536237321,0.017164575834280472,-1.7301182226022305,-0.12427119617946011,3,1.156454825818579,46.44453752502355,0.17791011542939517,1.0,V12.0
98.97727439369952,-1.2050806378068093,-0.23149834883300657,0.016568187945935182,-1.7350036705046126,-0.1259883902825252,3,1.156454825818579,46.44453752502355,0.17914183559984048,1.0,V12.0
99.14437763706546,-1.209073133016086,-0.23549084404228326,0.015966354397329744,-1.7398891184069978,-0.12729001138093732,2,1.1540167233992895,46.48925968465209,0.18042315932511765,1.0,V12.0
99.31176300068694,-1.213065628225363,-0.23948333925156018,0.015358747256453016,-1.7447745663093828,-0.12795969983879868,2,1.1540167233992895,46.48925968465209,0.18175723677486405,1.0,V12.0
99.47943096086732,-1.2170581234346394,-0.24347583446083665,0.014744978579304612,-1.7496600142117678,-0.12862938829666004,2,1.1540167233992895,46.48925968465209,0.18314709758750217,1.0,V12.0
99.64738199471411,-1.2210506186439163,-0.24746832967011356,0.014124601873170163,-1.754545462114153,-0.12929907675452137,2,1.1540167233992895,46.48925968465209,0.18459563854836325,1.0,V12.0
99.81561658014034,-1.225043113853193,-0.25146082487939025,0.01349711390350179,-1.759430910016538,-0.1299687652123827,2,1.1540167233992895,46.48925968465209,0.18610561193565062,1.0,V12.0
99.98413519586589,-1.2290356090624674,-0.2554533200886647,0.01286195683024284,-1.76431635791892,-0.13063845367024368,2,1.1540167233992895,46.48925968465209,0.18767961459997526,1.0,V12.0
100.15293832141889,-1.2336197595993799,-0.26003747062557714,0.012106508423710164,-1.7692143321165608,-0.1317507150827693,2,1.1540167233992895,46.48925968465209,0.18932007782845875,1.0,V12.0
100.32202643713694,-1.2382653363175748,-0.2646830473437721,0.01132836481530661,-1.774113606805291,-0.13294204598246107,2,1.1540167233992895,46.48925968465209,0.1910292580397543,1.0,V12.0
100.49140002416873,-1.24291091303577,-0.26932862406196734,0.010538210065641975,-1.7790128814940207,-0.13506905099375696,2,1.1540167233992895,46.48925968465209,0.1928092283514764,1.0,V12.0
100.66105956447521,-1.2475564897539626,-0.2739742007801599,0.009735151726725849,-1.7839121561827482,-0.1371960560050517,2,1.1540167233992895,46.48925968465209,0.19466187105631846,1.0,V12.0
100.83100554083104,-1.2522020664721578,-0.2786197774983551,0.00891825341760784,-1.7888114308714782,-0.13932306101634756,2,1.1540167233992895,46.48925968465209,0.19658887103446104,1.0,V12.0
101.00123843682596,-1.256847643190353,-0.2832653542165503,0.008086539180742997,-1.7937107055602082,-0.14145006602764346,2,1.1540167233992895,46.48925968465209,0.19859171012695423,1.0,V12.0
101.17175873686611,-1.261493219908548,-0.2879109309347453,0.007239042412380322,-1.7986099802489381,-0.14357707103893932,2,1.1540167233992895,46.48925968465209,0.2006728927944687,1.0,V12.0
101.34256692617552,-1.2661387966267432,-0.2925565076529405,0.006374661717082047,-1.8035092549376681,-0.1457040760502352,2,1.1540167233992895,46.48925968465209,0.20283211541945195,1.0,V12.0
101.51366349079736,-1.270784373344938,-0.29720208437113527,0.005492332589300523,-1.808408529626398,-0.14783108106153106,2,1.1540167233992895,46.48925968465209,0.20507024110718514,1.0,V12.0
101.6850489175954,-1.2754299500631308,-0.30184766108932803,0.004590969684699926,-1.8133078043151254,-0.14995808607282582,2,1.1540167233992895,46.48925968465209,0.20738791611890023,1.0,V12.0
101.85672369425541,-1.280075526781326,-0.30649323780752324,0.0036694718467187464,-1.8182070790038554,-0.1520850910841217,2,1.1540167233992895,46.48925968465209,0.20978556928495856,1.0,V12.0
102.02868830928651,-1.2847211034995212,-0.31113881452571845,0.0027267271633895423,-1.8231063536925856,-0.15421209609541758,2,1.1540167233992895,46.48925968465209,0.21226341249980363,1.0,V12.0
102.20094325202254,-1.2893666802177162,-0.31578439124391344,0.0017616180183262482,-1.8280056283813155,-0.15633910110671345,2,1.1540167233992895,46.48925968465209,0.21482144218859117,1.0,V12.0
102.37348901262351,-1.2940122569359114,-0.32042996796210865,0.0007730261042153172,-1.8329049030700455,-0.15846610611800932,2,1.1540167233992895,46.48925968465209,0.217459441725128,1.0,V12.0
102.54632608207697,-1.2986578336541066,-0.32507554468030386,-0.00024016263209934274,-1.8378041777587757,-0.1605931111293052,2,1.1540167233992895,46.48925968465209,0.2201769847756385,1.0,V12.0
102.71945495219938,-1.3033034103722991,-0.3297211213984964,-0.0012790531428684547,-1.8427034524475028,-0.16272011614059995,2,1.1579144620296589,46.51939371678751,0.22297343953766444,1.0,V12.0
102.89287611563755,-1.3079489870904941,-0.3343666981166914,-0.0023447365536062143,-1.8476027271362327,-0.16484712115189581,2,1.1664949401496958,46.725956509394805,0.2258479732449342,1.0,V12.0
103.06659006587003,-1.312594563808689,-0.3390122748348864,-0.0034382856097145906,-1.8525020018249627,-0.16697412616319168,2,1.1726850277520005,46.67879042874886,0.22879955979283276,1.0,V12.0
103.24059729720851,-1.3172401405268843,-0.3436578515530816,-0.0045607502576666716,-1.857401276513693,-0.16910113117448758,2,1.1923361926752873,46.70922911789504,0.2318269833993247,1.0,V12.0
103.41489830479918,-1.3218857172450793,-0.3483034282712766,-0.005713153531279498,-1.8623005512024229,-0.17122813618578342,2,1.2174523606780145,46.65458655533884,0.2349288506154302,1.0,V12.0
103.58949358462426,-1.3265312939632747,-0.352949004989472,-0.006896486759512832,-1.8671998258911526,-0.17335514119707932,2,1.456726540134232,48.20036918899561,0.23810356735294125,1.0,V12.0
103.76438363350329,-1.3311768706814673,-0.35759458170766456,-0.008111685852892113,-1.8720991005798802,-0.17548214620837405,2,1.9239739503192295,49.88810890392057,0.2413487719918265,1.0,V12.0
103.93956894909459,-1.3358224473996625,-0.36224015842585977,-0.009359683050076416,-1.8769983752686101,-0.17760915121966994,3,1.8115324762558829,49.3401507422128,0.24466315407073713,1.0,V12.0
104.1150500298967,-1.3404680241178575,-0.36688573514405476,-0.01064134567003543,-1.8818976499573405,-0.17771479060751308,3,1.4213273742488772,49.991828695349064,0.24804445750167123,1.0,V12.0
104.29082737524973,-1.3451136008360525,-0.37153131186224975,-0.011957434275597081,-1.88679692464607,-0.1771720527410129,3,1.3167989756839835,50.361597683300076,0.25148906263104187,1.0,V12.0
104.46690148533688,-1.3497591775542475,-0.37617688858044473,-0.013308785869717156,-1.8916961993348,-0.17662931487451272,3,1.2301743890499133,50.660356277641874,0.2549961031261877,1.0,V12.0
104.64327286118578,-1.354404754272443,-0.38082246529864017,-0.014696131961003195,-1.8965954740235302,-0.17608657700801256,3,1.1356931142504942,50.83684452410375,0.2585631398268622,1.0,V12.0
104.81994200466994,-1.3590503309906352,-0.3854680420168325,-0.01612015223062809,-1.9014947487122575,-0.17554383914151261,4,2.167821466923201,25.31139679788462,0.2621876278170645,1.0,V12.0
104.9969094185102,-1.3636959077088306,-0.3901136187350279,-0.017581471774066902,-1.9063940234009877,-0.17500110127501248,4,2.167821466923201,25.31139679788462,0.2658669118614575,1.0,V12.0
105.17417560627614,-1.3683414844270256,-0.3947591954532229,-0.019080662473175344,-1.9112932980897175,-0.17445836340851228,4,2.167821466923201,25.31139679788462,0.26959828199845026,1.0,V12.0
105.35174107238748,-1.3729870611452206,-0.3994047721714179,-0.020618239318825202,-1.9161925727784475,-0.17392805780484272,4,2.167821466923201,25.31139679788462,0.27337894163628473,1.0,V12.0
105.52960632211563,-1.3776326378634158,-0.4040503488896131,-0.022194658720972656,-1.9210918474671774,-0.17341365109759846,4,2.167821466923201,25.31139679788462,0.27720601157854646,1.0,V12.0
105.70777186158496,-1.382278214581611,-0.4086959256078083,-0.02381032255656262,-1.9259911221559074,-0.17289924439035426,4,2.167821466923201,25.31139679788462,0.28107660045923294,1.0,V12.0
105.88623819777438,-1.3869237912998036,-0.41334150232600086,-0.025465573712008104,-1.930890396844635,-0.1730348606965965,4,2.167821466923201,25.31139679788462,0.2849877580216352,1.0,V12.0
106.06500583851872,-1.3915693680179988,-0.4179870790441961,-0.027160697425687268,-1.935789671533365,-0.175229530691513,4,2.167821466923201,25.31139679788462,0.2889365039516793,1.0,V12.0
106.2440752925102,-1.3962149447361938,-0.42263265576239106,-0.02889590955718572,-1.9406889462220946,-0.17742980148041934,4,2.167821466923201,25.31139679788462,0.2929197160399028,1.0,V12.0
106.42344706929985,-1.400860521454389,-0.4272782324805863,-0.030671390537777125,-1.945588220910825,-0.179667431808242,4,2.167821466923201,25.31139679788462,0.29693449076969913,1.0,V12.0
106.60312167929898,-1.405506098172584,-0.43192380919878126,-0.03248725501127276,-1.9504874955995546,-0.1819050621360646,4,2.167821466923201,25.31139679788462,0.3009778149938217,1.0,V12.0
106.78309963378061,-1.4101516748907765,-0.4365693859169738,-0.03434356250336859,-1.9553867702882821,-0.1841426924638861,4,2.167821466923201,25.31139679788462,0.3050466833201869,1.0,V12.0
106.96338144488098,-1.414797251608972,-0.44121496263516924,-0.03624031857888517,-1.960286044977012,-0.18638032279170877,4,2.167821466923201,25.31139679788462,0.3091381064467669,1.0,V12.0
107.14396762560092,-1.419442828327167,-0.4458605393533642,-0.03817747616474266,-1.965185319665742,-0.1886179531195314,4,2.167821466923201,25.31139679788462,0.3132491189501929,1.0,V12.0
107.32485868980741,-1.424088405045362,-0.4505061160715592,-0.040154937016352185,-1.970084594354472,-0.19085558344735407,4,2.167821466923201,25.31139679788462,0.31737678649194534,1.0,V12.0
107.50605515223496,-1.4287339817635571,-0.4551516927897544,-0.04217256468909213,-1.9749838690432022,-0.1930932137751767,4,2.167821466923201,25.31139679788462,0.32151829920655256,1.0,V12.0
107.6875575284871,-1.4333795584817521,-0.4597972695079494,-0.04423015431741625,-1.9798831437319322,-0.19533084410299933,4,2.167821466923201,25.31139679788462,0.32567072789385354,1.0,V12.0
107.86936633503788,-1.438025135199945,-0.4644428462261422,-0.04632746434232518,-1.9847824184206595,-0.19756847443082085,4,2.167821466923201,25.31139679788462,0.3298312696393712,1.0,V12.0
108.05148208923329,-1.4426707119181401,-0.4690884229443374,-0.04846420890366032,-1.9896816931093892,-0.1998061047586435,4,2.167821466923201,25.31139679788462,0.3339971751692883,1.0,V12.0
108.23390530929277,-1.447316288636335,-0.4737339996625324,-0.05064005967317214,-1.9945809677981194,-0.20108391038605058,4,2.167821466923201,25.31139679788462,0.33816575277109495,1.0,V12.0
108.41663651431064,-1.4519618653545303,-0.4783795763807276,-0.052854647688425814,-1.9994802424868494,-0.20185280945638479,4,2.167821466923201,25.31139679788462,0.3423343715117988,1.0,V12.0
108.59967622425765,-1.4566074420727253,-0.4830251530989226,-0.05510756005143291,-2.0043795171755794,-0.20262170852671899,4,2.167821466923201,25.31139679788462,0.3465004316030193,1.0,V12.0
108.78302495998238,-1.4612530187909203,-0.48767072981711757,-0.0573983573174126,-2.0092787918643094,-0.2033906075970532,4,2.167821466923201,25.31139679788462,0.3506614662138599,1.0,V12.0
108.9666832432128,-1.4658985955091155,-0.4923163065353128,-0.059726559274127365,-2.0141780665530398,-0.20415950666738744,4,2.167821466923201,25.31139679788462,0.35481503864415465,1.0,V12.0
109.15065159655765,-1.470544172227308,-0.4969618832535053,-0.06209165196251232,-2.019077341241767,-0.20492840573772125,4,2.167821466923201,25.31139679788462,0.35895877886547234,1.0,V12.0
109.33493054350805,-1.4751897489455033,-0.5016074599717005,-0.06449308918054113,-2.0239766159304966,-0.20569730480805545,4,2.167821466923201,25.31139679788462,0.3630903832690013,1.0,V12.0
109.5195206084389,-1.4798353256636985,-0.5062530366898957,-0.06693029386103994,-2.0288758906192266,-0.20646620387838965,4,2.167821466923201,25.31139679788462,0.3672076137604686,1.0,V12.0
109.70442231661039,-1.4844809023818935,-0.5108986134080907,-0.06940266586425774,-2.0337751653079565,-0.20723510294872388,4,2.167821466923201,25.31139679788462,0.3713083313093018,1.0,V12.0
109.88963619416954,-1.4891264791000887,-0.5155441901262859,-0.07190939717744059,-2.038674439996687,-0.20800400201905808,4,2.167821466923201,25.31139679788462,0.3753895192205254,1.0,V12.0
110.07516276815164,-1.4938799093307462,-0.5202976203569435,-0.07449142686827662,-2.0434754941782085,-0.20887089373487772,4,2.167821466923201,25.31139679788462,0.3794526348856549,1.0,V12.0
110.26100256648179,-1.4987918378167473,-0.5252095488429446,-0.07716842814142336,-2.0481322064771637,-0.20988179247458463,4,2.167821466923201,25.31139679788462,0.3834936734048906,1.0,V12.0
110.44715611797638,-1.5037037663027488,-0.5301214773289461,-0.07988006979209296,-2.052788918776119,-0.21089269121429155,4,2.167821466923201,25.31139679788462,0.3875101738053765,1.0,V12.0
110.63362395234456,-1.5086156947887503,-0.5350334058149476,-0.08262564221795062,-2.0574456310750744,-0.21190358995399852,4,2.167821466923201,25.31139679788462,0.3915004871122863,1.0,V12.0
110.82040660018986,-1.5135276232747517,-0.5399453343009489,-0.08540434733563625,-2.062102343374029,-0.2129144886937054,4,2.167821466923201,25.31139679788462,0.3954627046624529,1.0,V12.0
111.00750459301156,-1.5184395517607532,-0.5448572627869505,-0.08821537882530833,-2.0667590556729847,-0.21392538743341238,4,2.167821466923201,25.31139679788462,0.3993950502871922,1.0,V12.0
111.19491846320633,-1.5233514802467545,-0.5497691912729518,-0.09105790327972367,-2.07141576797194,-0.2149362861731193,4,2.167821466923201,25.31139679788462,0.4032957824094581,1.0,V12.0
111.38264874406964,-1.5282634087327533,-0.5546811197589506,-0.09393106046440519,-2.0760724802708928,-0.2159471849128257,4,2.167821466923201,25.31139679788462,0.4071631914890125,1.0,V12.0
111.57069596979733,-1.5331753372187547,-0.5595930482449519,-0.09683396264490984,-2.0807291925698475,-0.2169580836525326,4,2.167821466923201,25.31139679788462,0.4109955938276158,1.0,V12.0
111.75906067548715,-1.538087265704756,-0.5645049767309532,-0.09976569384090012,-2.085385904868803,-0.21796898239223952,4,2.167821466923201,25.31139679788462,0.4147913258289983,1.0,V12.0
111.94774339714021,-1.5429991941907575,-0.5694169052169548,-0.10272530884413639,-2.0900426171677586,-0.21897988113194647,4,2.167821466923201,25.31139679788462,0.41854873798616393,1.0,V12.0
112.1367446716626,-1.547911122676759,-0.5743288337029563,-0.1057118879997781,-2.0946993294667133,-0.21999077987165339,4,2.167821466923201,25.31139679788462,0.42226641232323775,1.0,V12.0
112.32606503686682,-1.5528230511627579,-0.5792407621889551,-0.10872437758354538,-2.0993560417656663,-0.2210016786113598,4,2.167821466923201,25.31139679788462,0.4259425147743851,1.0,V12.0
112.5157050314734,-1.5577349796487592,-0.5841526906749565,-0.11176173851685403,-2.1040127540646214,-0.22201257735106672,4,2.167821466923201,25.31139679788462,0.429575406074475,1.0,V12.0
112.70566519511236,-1.5626469081347605,-0.5890646191609578,-0.11482289743374685,-2.108669466363577,-0.22302347609077364,4,2.167821466923201,25.31139679788462,0.4331634391133535,1.0,V12.0
112.8959460683248,-1.567558836620762,-0.5939765476469593,-0.11790674489520091,-2.1133261786625317,-0.2240343748304806,4,2.167821466923201,25.31139679788462,0.4367049530355675,1.0,V12.0
113.0865481925644,-1.5724707651067633,-0.5988884761329606,-0.12101213354791451,-2.1179828909614873,-0.2250452735701875,4,2.167821466923201,25.31139679788462,0.44019826777069676,1.0,V12.0
113.27747211019897,-1.5773826935927648,-0.6038004046189621,-0.12413787624414253,-2.1226396032604424,-0.22605617230989447,4,2.167821466923201,25.31139679788462,0.44364167900056617,1.0,V12.0
113.46871836451201,-1.5822946220787637,-0.608712333104961,-0.12728274409732224,-2.127296315559395,-0.22706707104960083,4,2.167821466923201,25.31139679788462,0.4470334534218888,1.0,V12.0
113.66028749970427,-1.587206550564765,-0.6136242615909623,-0.1304454644375105,-2.13195302785835,-0.22807796978930775,4,2.167821466923201,25.31139679788462,0.45037182414501536,1.0,V12.0
113.85218006089522,-1.5921184790507663,-0.6185361900769636,-0.13362471888605246,-2.1366097401573056,-0.2290888685290147,4,2.167821466923201,25.31139679788462,0.45365498695789575,1.0,V12.0
114.04439659412469,-1.5970304075367678,-0.6234481185629651,-0.13681914136625,-2.1412664524562612,-0.23035706328406913,4,2.167821466923201,25.31139679788462,0.4568810967439673,1.0,V12.0
114.2369376463544,-1.6019423360227694,-0.6283600470489666,-0.14002731611666386,-2.145923164755216,-0.23200419496835029,4,2.167821466923201,25.31139679788462,0.46004826425555795,1.0,V12.0
114.42980376546946,-1.6068542645087707,-0.633271975534968,-0.14324777579044834,-2.150579877054171,-0.23365132665263147,4,2.167821466923201,25.31139679788462,0.46315455347290596,1.0,V12.0
114.62299550028001,-1.6117661929947695,-0.6381839040209668,-0.14647899964207672,-2.155236589353124,-0.23529845833691182,4,2.167821466923201,25.31139679788462,0.46619797948904396,1.0,V12.0
114.81651340052274,-1.616678121480771,-0.6430958325069683,-0.1497194118287852,-2.159893301652079,-0.23694559002119298,4,2.167821466923201,25.31139679788462,0.46917650694950086,1.0,V12.0
115.01035801686245,-1.6215900499667724,-0.6480077609929696,-0.15296737985416567,-2.1645500139510343,-0.23859272170547416,4,2.167821466923201,25.31139679788462,0.47208804907265783,1.0,V12.0
115.20452990089365,-1.6265019784527737,-0.6529196894789709,-0.15622118714395028,-2.16920672624999,-0.24023985338975531,4,2.167821466923201,25.31139679788462,0.47493038811672444,1.0,V12.0
115.39902960514206,-1.6314139069387752,-0.6578316179649725,-0.1594791717127486,-2.1738634385489446,-0.24188698507403655,6,2.170330831526471,25.409231558596666,0.4777016003742422,1.0,V12.0
115.59385768306628,-1.6363258354247765,-0.6627435464509738,-0.16273925680169177,-2.1785201508479,-0.2435341167583177,6,2.170330831526471,25.409231558596666,0.4803986493192671,1.0,V12.0
115.78901468905929,-1.641237763910778,-0.6676554749369753,-0.16599974833005654,-2.1831768631468553,-0.2451812484425989,6,2.176232508770147,25.42636124210663,0.48301978552695785,1.0,V12.0
115.98450117845003,-1.6461496923967767,-0.6725674034229739,-0.1692587416570689,-2.1878335754458083,-0.24682838012687924,7,2.296571503246398,25.65687072247107,0.4855627541317677,1.0,V12.0
116.18031770750505,-1.6510616208827782,-0.6774793319089755,-0.17251411002685654,-2.192490287744764,-0.2484755118111604,7,2.314285209519197,25.477022599217584,0.4880247972557406,1.0,V12.0
116.37646483343,-1.6559735493687797,-0.682391260394977,-0.17576402299669944,-2.1971470000437185,-0.2501226434954416,6,3.1553512160572437,23.19963440774987,0.49040413495844865,1.0,V12.0
116.57294311437131,-1.660885477854781,-0.6873031888809783,-0.1790064080739044,-2.201803712342674,-0.2517697751797228,5,3.4653224887427077,34.340425836399035,0.49269841733602315,1.0,V12.0
116.76975310941766,-1.6657974063407823,-0.6922151173669796,-0.1822390925519313,-2.2064604246416293,-0.253416906864004,5,3.4653224887427077,34.340425836399035,0.49490514771883,1.0,V12.0
116.9668953786017,-1.6707093348267839,-0.6971270458529811,-0.18545979711277152,-2.2111171369405844,-0.25506403854828513,5,4.15346960125147,37.17037887422064,0.4970216751861035,1.0,V12.0
117.16437048290155,-1.6756212633127825,-0.7020389743389798,-0.18866622154713453,-2.215773849239537,-0.2567111702325655,5,4.15346960125147,37.17037887422064,0.49904543132707935,1.0,V12.0
117.36217898424242,-1.680533191798784,-0.7069509028249813,-0.19185601277358286,-2.2204305615384925,-0.25835830191684667,5,4.163785963708183,37.058101408091716,0.500973841441269,1.0,V12.0
117.56032144549825,-1.6854451202847855,-0.7118628313109828,-0.19502678745688243,-2.225087273837447,-0.2600054336011279,3,2.9772142013845913,38.18042723764908,0.5028043832497788,1.0,V12.0
117.75879843049327,-1.6903570487707866,-0.7167747597969839,-0.19817608207846008,-2.229743986136403,-0.2616525652854091,3,2.9772142013845913,38.18042723764908,0.5045344565024653,1.0,V12.0
117.9576105040036,-1.6952689772567882,-0.7216866882829854,-0.2013014101673874,-2.2344006984353575,-0.26329969696969024,3,2.9772142013845913,38.18042723764908,0.5061615316971851,1.0,V12.0
118.15675823175889,-1.700180905742787,-0.7265986167689843,-0.20440024436234688,-2.239057410734311,-0.2649468286539705,3,2.9784354550704255,38.18067358048279,0.5076831012101969,1.0,V12.0
118.35624218044387,-1.7050928342287883,-0.7315105452549856,-0.20747002071432807,-2.2429248713491345,-0.2665939603382517,3,2.9784354550704255,38.18067358048279,0.5090966885357342,1.0,V12.0
118.55606291770007,-1.7100047627147898,-0.7364224737409871,-0.21050814360628647,-2.2462243920670026,-0.26824109202253293,3,2.9784354550704255,38.18067358048279,0.5103998583612741,1.0,V12.0
118.75622101212731,-1.7149166912007914,-0.7413344022269887,-0.21351199120768158,-2.2495239127848707,-0.26988822370681415,3,2.9784354550704255,38.18067358048279,0.511590227212909,1.0,V12.0
118.95671703328541,-1.7198286196867927,-0.74624633071299,-0.21647892135609814,-2.2528234335027384,-0.2715353553910953,5,3.876441709922403,36.83116319631944,0.5126654743691612,1.0,V12.0
119.15755155169576,-1.724740548172794,-0.7511582591989913,-0.2194062779089833,-2.2561229542206065,-0.27318248707537646,5,3.876441709922403,36.83116319631944,0.5136233531223552,1.0,V12.0
119.35872513884296,-1.729652476658793,-0.7560701876849903,-0.22229139755736826,-2.259422474938473,-0.27482961875965684,5,3.876441709922403,36.83116319631944,0.5144617023410788,1.0,V12.0
119.56023836717647,-1.7345644051447944,-0.7609821161709917,-0.22513161709057902,-2.2627219956563405,-0.27647675044393794,5,3.876441709922403,36.83116319631944,0.5151784582848623,1.0,V12.0
119.76209181011218,-1.7394763336307957,-0.765894044656993,-0.22792428109797483,-2.266021516374209,-0.2781238821282192,5,3.876441709922403,36.83116319631944,0.5157716666199003,1.0,V12.0
119.9642860420341,-1.7443882621167972,-0.7708059731429945,-0.23066675009288254,-2.2693210370920767,-0.27977101381250036,5,3.876441709922403,36.83116319631944,0.5162394945870973,1.0,V12.0
120.16682163829599,-1.7494050791481586,-0.7758227901743558,-0.23341059238211329,-2.2722472485784757,-0.2817518928328943,5,3.876441709922403,36.83116319631944,0.5165802432513595,1.0,V12.0
120.36969917522295,-1.754444370159899,-0.7808620811860963,-0.2361107018069072,-2.2750934728335293,-0.28380428234146904,5,3.876441709922403,36.83116319631944,0.5167923598230931,1.0,V12.0
120.57291923011307,-1.7594836611716367,-0.785901372197834,-0.2387525803556368,-2.277939697088581,-0.28585667185004265,5,3.876441709922403,36.83116319631944,0.5168737845977669,1.0,V12.0
120.77648238123916,-1.7645229521833774,-0.7909406632095747,-0.24133395339090818,-2.280785921343634,-0.28790906135861744,5,3.876441709922403,36.83116319631944,0.5168238775676005,1.0,V12.0
120.98038920785025,-1.7695622431951177,-0.795979954221315,-0.24385233962541747,-2.283632145598687,-0.2899614508671921,5,3.876441709922403,36.83116319631944,0.5166415882351066,1.0,V12.0
121.18464029017339,-1.7746015342068582,-0.8010192452330555,-0.24630532889984436,-2.2864783698537408,-0.29201384037576683,5,3.876441709922403,36.83116319631944,0.5163260595962186,1.0,V12.0
121.38923620941516,-1.7796408252185985,-0.8060585362447957,-0.24869059259316117,-2.2893245941087947,-0.29406622988434156,5,3.876441709922403,36.83116319631944,0.5158766396218598,1.0,V12.0
121.59417754776342,-1.784680116230339,-0.8110978272565362,-0.2510058942158344,-2.2921708183638474,-0.2961186193929163,5,3.876441709922403,36.83116319631944,0.5152928924022923,1.0,V12.0
121.79946488838895,-1.7897194072420768,-0.8161371182682741,-0.253249100655436,-2.295017042618899,-0.2981710089014899,5,3.876441709922403,36.83116319631944,0.5145746099324345,1.0,V12.0
122.00509881544708,-1.794758698253817,-0.8211764092800143,-0.25541825774071963,-2.2978632668739527,-0.3002233984100647,5,3.876441709922403,36.83116319631944,0.5137219525439942,1.0,V12.0
122.21107991407938,-1.7997979892655576,-0.8262157002917548,-0.25751141580318826,-2.3007094911290054,-0.30227578791863935,5,3.876441709922403,36.83116319631944,0.5127350830992282,1.0,V12.0
122.41740877041529,-1.8048372802772978,-0.8312549913034951,-0.25952681359550617,-2.3035557153840593,-0.3043281774272141,5,3.876441709922403,36.83116319631944,0.5116145294302124,1.0,V12.0
122.62408597157385,-1.8098765712890383,-0.8362942823152356,-0.261462844618872,-2.3064019396391124,-0.3063805669357888,5,3.876441709922403,36.83116319631944,0.5103611006617444,1.0,V12.0
122.83111210566527,-1.8149158623007788,-0.8413335733269761,-0.2633180473398452,-2.309248163894166,-0.3084329564443635,5,3.876441709922403,36.83116319631944,0.5089758546013293,1.0,V12.0
123.03848776179275,-1.8199551533125167,-0.846372864338714,-0.26509113411777413,-2.3120943881492177,-0.31048534595293714,5,3.876441709922403,36.83116319631944,0.5074601411197737,1.0,V12.0
123.24621353005402,-1.8249944443242567,-0.851412155350454,-0.2667811894317763,-2.314940612404271,-0.31253773546151187,5,3.876441709922403,36.83116319631944,0.5058159640361057,1.0,V12.0
123.45429000154307,-1.8300337353359972,-0.8564514463621945,-0.2683871228683463,-2.3177868366593244,-0.31459012497008665,5,3.876441709922403,36.83116319631944,0.5040449228549817,1.0,V12.0
123.66271776835184,-1.8350730263477375,-0.8614907373739348,-0.2699088821757599,-2.3206330609143775,-0.3166425144786613,6,2.943725855627752,37.68760793158067,0.502150488539927,1.0,V12.0
123.87149742357192,-1.840112317359478,-0.8665300283856753,-0.2713455252305313,-2.3234792851694306,-0.318694903987236,6,2.91947415041236,37.68639996990059,0.5001343629180952,1.0,V12.0
124.08062956129619,-1.8451516083712183,-0.8715693193974156,-0.2726966096131751,-2.3263255094244846,-0.3207472934958107,6,2.91947415041236,37.68639996990059,0.4979990977310422,1.0,V12.0
124.29011477662054,-1.8501908993829588,-0.876608610409156,-0.27396198103630526,-2.3291717336795377,-0.3227996830043855,6,2.91947415041236,37.68639996990059,0.4957476730337804,1.0,V12.0
124.49995366564556,-1.8552301903946966,-0.8816479014208939,-0.2751418453580378,-2.3320179579345894,-0.3248520725129591,6,2.91947415041236,37.68639996990059,0.4933836069768701,1.0,V12.0
124.71014682547826,-1.860269481406437,-0.8866871924326344,-0.2762366180420633,-2.334864182189643,-0.32690446202153384,6,2.91947415041236,37.68639996990059,0.4909106641815242,1.0,V12.0
124.92069485423372,-1.8653087724181776,-0.8917264834443749,-0.27724697516064956,-2.337710406444696,-0.3289568515301086,6,2.91947415041236,37.68639996990059,0.48833293463609145,1.0,V12.0
125.1315983510368,-1.8703480634299177,-0.8967657744561149,-0.27817381703396965,-2.3405566306997496,-0.3310092410386833,6,2.91947415041236,37.68639996990059,0.4856547559023175,1.0,V12.0
125.34285791602392,-1.8753873544416582,-0.9018050654678554,-0.27901831814808103,-2.3434028549548023,-0.33306163054725796,6,2.91947415041236,37.68639996990059,0.4828807887097959,1.0,V12.0
125.55447415034466,-1.880426645453396,-0.9068443564795933,-0.2797819155817936,-2.3462490792098545,-0.3351140200558317,6,2.91947415041236,37.68639996990059,0.48001598312995886,1.0,V12.0
125.76644765616352,-1.8854659364651365,-0.9118836474913338,-0.28046631314646603,-2.3490953034649076,-0.33716640956440636,6,2.91947415041236,37.68639996990059,0.47706557321699533,1.0,V12.0
125.97877903666168,-1.8905052274768768,-0.916922938503074,-0.2810734824543932,-2.351941527719961,-0.3392187990729811,6,2.91947415041236,37.68639996990059,0.47403506674208684,1.0,V12.0
126.19146889603861,-1.895544518488617,-0.9219622295148143,-0.2816056680387789,-2.354787751975014,-0.3412711885815558,6,2.91947415041236,37.68639996990059,0.4709302422221744,1.0,V12.0
126.4045178395139,-1.9005838095003575,-0.9270015205265548,-0.2820653846954724,-2.3576339762300678,-0.34332357809013053,6,2.91947415041236,37.68639996990059,0.46775713319884316,1.0,V12.0
126.6179264733289,-1.905623100512098,-0.9320408115382953,-0.2824554181893298,-2.3604802004851213,-0.3453759675987053,6,2.91947415041236,37.68639996990059,0.4645220188323556,1.0,V12.0
126.83169540474849,-1.9106623915238359,-0.9370801025500332,-0.2827788238598707,-2.363326424740173,-0.34742835710727893,6,2.91947415041236,37.68639996990059,0.461231411533163,1.0,V12.0
127.04582524206279,-1.915701682535576,-0.9421193935617732,-0.28303892415552007,-2.366172648995226,-0.34948074661585365,6,2.91947415041236,37.68639996990059,0.4578920434651029,1.0,V12.0
127.26031659458889,-1.9207409735473164,-0.9471586845735137,-0.28323930508618417,-2.3690188732502797,-0.3515331361244283,6,2.91947415041236,37.68639996990059,0.4545108519677297,1.0,V12.0
127.47517007267261,-1.925780264559057,-0.9521979755852542,-0.28338381158021325,-2.3718650975053333,-0.35358552563300305,6,2.91947415041236,37.68639996990059,0.45109496393623155,1.0,V12.0
127.6903862876902,-1.9308195555707974,-0.9572372665969947,-0.2834765417391343,-2.374711321760386,-0.3545405666172284,6,2.91947415041236,37.68639996990059,0.44765167920657845,1.0,V12.0
127.9059658520501,-1.935858846582538,-0.9622765576087352,-0.28352183998921426,-2.3775575460154394,-0.3554925406683879,6,2.91947415041236,37.68639996990059,0.44418845299939597,1.0,V12.0
128.12190937919468,-1.9408981375942755,-0.9673158486204728,-0.2835242891369367,-2.380403770270491,-0.356444514719547,6,2.91947415041236,37.68639996990059,0.44071287748518806,1.0,V12.0
128.33821748360197,-1.9459374286060158,-0.9723551396322131,-0.28348870133953763,-2.3832499945255448,-0.35739648877070657,6,2.91947415041236,37.68639996990059,0.4372326625358937,1.0,V12.0
128.55489078078745,-1.9509767196177563,-0.9773944306439536,-0.28342010798614664,-2.386096218780598,-0.3583484628218662,6,2.91947415041236,37.68639996990059,0.43375561569991433,1.0,V12.0
128.77192988730573,-1.9560160106294968,-0.9824337216556941,-0.28332374855330034,-2.388942443035651,-0.35930043687302576,6,2.91947415041236,37.68639996990059,0.4302896215390207,1.0,V12.0
128.9893354207524,-1.9610553016412373,-0.9874730126674346,-0.2832050584345809,-2.3917886672907045,-0.36025241092418536,6,2.91947415041236,37.68639996990059,0.4268426203607198,1.0,V12.0
129.20710799976575,-1.9660945926529774,-0.9925123036791746,-0.2830696557872097,-2.394634891545758,-0.36120438497534496,6,2.91947415041236,37.68639996990059,0.4234225864420374,1.0,V12.0
129.42524824402844,-1.9711338836647179,-0.9975515946909151,-0.2829233274368885,-2.397481115800811,-0.36215635902650456,6,2.918056005967022,37.68639996990059,0.42003750583265403,1.0,V12.0
129.64375677426935,-1.9761731746764557,-1.002590885702653,-0.28277201375412253,-2.400327340055863,-0.36310833307766366,6,2.918056005967022,37.68639996990059,0.416695353631408,1.0,V12.0
129.86263421226542,-1.9812124656881962,-1.0076301767143936,-0.28262179307178625,-2.4031735643109164,-0.3640603071288232,6,2.914744396116168,37.68760793158067,0.4134040715967399,1.0,V12.0
130.08188118084325,-1.9854732528353172,-1.0118909638615143,-0.28215954482151523,-2.4048960615036217,-0.36461164331239754,6,2.914744396116168,37.68760793158067,0.4101715450729323,1.0,V12.0
130.301498303881,-1.9884269016704308,-1.0148446126966282,-0.28118380915722757,-2.404731777188629,-0.3644902929111493,6,2.8510204118411897,37.71907988487544,0.4070055796373869,1.0,V12.0
130.52148620631013,-1.9913805505055442,-1.0177982615317416,-0.28024089841945016,-2.4045674928736367,-0.3643689425099012,5,2.0294602746504014,37.414290073406235,0.40391388088541974,1.0,V12.0
130.74184551411713,-1.9943341993406576,-1.020751910366855,-0.2793361280292425,-2.4044032085586444,-0.364247592108653,5,2.0294602746504014,37.414290073406235,0.4009031330415084,1.0,V12.0
130.96257685434534,-1.9972878481757694,-1.0237055592019666,-0.2784759433894866,-2.4042389242436517,-0.36412624170740493,5,1.8152223154196545,37.61071240126376,0.3979815223727135,1.0,V12.0
131.1836808550968,-2.0002414970108826,-1.02665920803708,-0.27766722310319625,-2.4040746399286594,-0.36400489130615665,5,1.282116520826694,35.125513534137156,0.39515771400612076,1.0,V12.0
131.40515814553396,-2.003195145845996,-1.0296128568721934,-0.2769149197580371,-2.4039103556136667,-0.3638835409049085,5,1.282116520826694,35.125513534137156,0.3924374984803961,1.0,V12.0
131.62700935588143,-2.0061487946811094,-1.0325665057073068,-0.27622480840843594,-2.403746071298674,-0.3637621905036603,5,1.2659513760909364,35.22054746380192,0.3898277305076879,1.0,V12.0
131.84923511742784,-2.009102443516223,-1.0355201545424202,-0.2756025837954924,-2.4053832846385284,-0.3636408401024121,5,1.2659513760909364,35.22054746380192,0.3873350381087084,1.0,V12.0
132.07183606252764,-2.012056092351335,-1.0384738033775323,-0.2750527742308863,-2.4093099177923687,-0.36355299900009086,4,1.2528525067353404,35.20977115455234,0.3849643071685309,1.0,V12.0
132.29481282460293,-2.0150097411864483,-1.0414274522126457,-0.27458203322712593,-2.413236550946211,-0.3635005477126081,4,1.2528525067353404,35.20977115455234,0.38272330530220444,1.0,V12.0
132.51816603814515,-2.0179633900215617,-1.044381101047759,-0.27419568792147403,-2.417163184100053,-0.3634480964251253,4,1.2528525067353404,35.20977115455234,0.380617831560504,1.0,V12.0
132.74189633871697,-2.020917038856675,-1.0473347498828725,-0.27389891463370286,-2.4210898172538955,-0.36339564513764255,3,1.2489553230450956,35.125513534137156,0.3786533817786985,1.0,V12.0
132.96600436295407,-2.0238706876917885,-1.0502883987179858,-0.27369672527118183,-2.4250164504077376,-0.3633431938501598,3,1.2489553230450956,35.125513534137156,0.37683513602401597,1.0,V12.0
133.190490748567,-2.026824336526902,-1.0532420475530992,-0.2735939427963751,-2.4289430835615797,-0.36329074256267707,3,1.2489553230450956,35.125513534137156,0.3751679313498918,1.0,V12.0
133.41535613434291,-2.0297779853620135,-1.0561956963882109,-0.2735951956566816,-2.43286971671542,-0.36323829127519425,3,1.2489553230450956,35.125513534137156,0.37365626110703043,1.0,V12.0
133.64060116014744,-2.032731634197127,-1.0591493452233243,-0.273704900786216,-2.4367963498692617,-0.3631858399877115,1,1.0,39.77357063309124,0.3723042587261718,1.0,V12.0
133.86622646692652,-2.0356852830322403,-1.0621029940584377,-0.27392725054301104,-2.440722983023104,-0.36313338870022877,1,1.0,39.77357063309124,0.37111568722192995,1.0,V12.0
134.09223269670818,-2.0386389318673537,-1.065056642893551,-0.2742662002537419,-2.444649616176946,-0.363080937412746,1,1.0,39.77357063309124,0.3700939297674153,1.0,V12.0
134.31862049260437,-2.041592580702467,-1.0680102917286645,-0.2747254567928797,-2.4485762493307885,-0.3652600705962728,1,1.0,39.77357063309124,0.3692419818836773,1.0,V12.0
134.54539049881282,-2.0445462295375805,-1.0709639405637779,-0.2753084680830769,-2.4525028824846307,-0.3690215032865506,1,1.0,39.77357063309124,0.36856244504772673,1.0,V12.0
134.77254336061898,-2.0474998783726956,-1.073917589398893,-0.2760184136721828,-2.456429515638475,-0.3727829359768303,1,1.0,39.77357063309124,0.368057521887243,1.0,V12.0
135.00007972439735,-2.0504535272078073,-1.0768712382340047,-0.27685819636073405,-2.4603561487923153,-0.37654436866710606,1,1.0,39.77357063309124,0.3677290128836603,1.0,V12.0
135.2280002376141,-2.0534071760429207,-1.079824887069118,-0.2778304349354559,-2.4642827819461575,-0.3803058013573839,2,1.0143512826595988,37.54939290137394,0.3675783146158288,1.0,V12.0
135.45630554882842,-2.056360824878034,-1.0827785359042315,-0.2789374580411334,-2.468209415099999,-0.3840672340476616,2,1.0143512826595988,37.54939290137394,0.36760641954494927,1.0,V12.0
135.68499630769435,-2.0593144737131475,-1.0857321847393449,-0.28018129921707047,-2.4720151000123436,-0.3878286667379394,2,1.0143512826595988,37.54939290137394,0.36781391733333524,1.0,V12.0
135.91407316496287,-2.062268122548261,-1.0886858335744583,-0.2815636931179704,-2.475819419550805,-0.39159009942821715,2,1.0143512826595988,37.54939290137394,0.3682009976814875,1.0,V12.0
136.14353677248354,-2.0652217713833725,-1.0916394824095699,-0.2830860729325885,-2.479623739089265,-0.39535153211849294,2,1.0143512826595988,37.54939290137394,0.36876745465997224,1.0,V12.0
136.37338778320648,-2.068175420218486,-1.0945931312446833,-0.2847495690504683,-2.483428058627726,-0.3991129648087707,2,1.0143512826595988,37.54939290137394,0.36951269256128255,1.0,V12.0
136.60362685118417,-2.0711290690535997,-1.0975467800797971,-0.28655500882146,-2.487232378166188,-0.40287439749904846,2,1.0143512826595988,37.54939290137394,0.3704357330303072,1.0,V12.0
136.8342546315733,-2.0740827178887127,-1.10050042891491,-0.28850291758127705,-2.491036697704649,-0.40663583018932625,2,1.0143512826595988,37.54939290137394,0.37153522366246766,1.0,V12.0
137.0652717806367,-2.077036366723826,-1.1034540777500235,-0.2905926486183922,-2.494841017243111,-0.410397262879604,2,1.0143512826595988,37.54939290137394,0.37280832890417254,1.0,V12.0
137.29667895574514,-2.0799900155589395,-1.1064077265851369,-0.2928248895747812,-2.498645336781572,-0.4141586955698817,2,1.0143512826595988,37.54939290137394,0.3742539614307354,1.0,V12.0
137.52847681537926,-2.082943664394053,-1.1093613754202503,-0.2951992642719397,-2.502449656320034,-0.4179201282601595,2,1.0143512826595988,37.54939290137394,0.37586969573884677,1.0,V12.0
137.76066601913138,-2.085897313229165,-1.1123150242553623,-0.29771510898697673,-2.506253975858493,-0.4216815609504353,2,1.0143512826595988,37.54939290137394,0.3776527779247003,1.0,V12.0
137.99324722770743,-2.0888509620642783,-1.1152686730904757,-0.30037147868041636,-2.510058295396955,-0.4254429936407131,3,1.021195170600787,37.58624795373904,0.37960013968364376,1.0,V12.0
138.2262211029288,-2.0918046108993917,-1.1182223219255891,-0.30316715469046357,-2.512085166270415,-0.42920442633099076,3,1.051958701953662,37.70239796212781,0.3817084138438402,1.0,V12.0
138.45958830773424,-2.094758259734505,-1.1211759707607025,-0.30610089975231386,-2.5094346650068835,-0.43296585902126855,4,1.954689434148102,37.83881828400955,0.3839742598001821,1.0,V12.0
138.6933495061817,-2.0977119085696185,-1.124129619595816,-0.30917118221807854,-2.5067841637433523,-0.43672729171154634,4,2.7575718607423783,39.65160660263125,0.3863940183612612,1.0,V12.0
138.92750536345036,-2.100665557404732,-1.1270832684309293,-0.3123754370511154,-2.5041336624798207,-0.4404887244018241,4,2.4054249468164017,39.722801679061035,0.38896279741480744,1.0,V12.0
139.1620565458423,-2.1036192062398436,-1.130036917266041,-0.3157118434906876,-2.5014831612162904,-0.44425015709209986,4,2.4072734488605483,39.67179753250807,0.3916766999134973,1.0,V12.0
139.39700372078457,-2.106572855074957,-1.1329905661011543,-0.31917793191069255,-2.4988326599527593,-0.448040072842476,4,2.4072734488605483,39.67179753250807,0.39453108366907447,1.0,V12.0
139.63234755683104,-2.1095265039100703,-1.1359442149362677,-0.3227704370714403,-2.496182158689227,-0.45183297178682413,4,2.4092524931996264,39.722801679061035,0.397520394171839,1.0,V12.0
139.8680887236643,-2.1124801527451837,-1.1388978637713811,-0.3264871290542157,-2.4935316574256965,-0.4556258707311722,4,2.4092524931996264,39.722801679061035,0.40064042790923643,1.0,V12.0
140.10422789209758,-2.115433801580297,-1.1418515126064945,-0.3303246688803617,-2.4908811561621644,-0.4594187696755203,4,2.4092524931996264,39.722801679061035,0.4038856860511606,1.0,V12.0
140.3407657340766,-2.1173701543671175,-1.143787865393315,-0.3338657246936995,-2.4868113224973074,-0.4640019622262471,4,2.4092524931996264,39.722801679061035,0.4072511169309197,1.0,V12.0
140.57770292268157,-2.11797647794637,-1.1443941889725675,-0.33696772500142286,-2.480885830833792,-0.4696183973427033,4,2.4092524931996264,39.722801679061035,0.4107311773741935,1.0,V12.0
140.815040132129,-2.1185828015256227,-1.1450005125518201,-0.34016372208922435,-2.474960339170277,-0.4752348324591594,4,2.4092524931996264,39.722801679061035,0.4143205861410602,1.0,V12.0
141.05277803777378,-2.1191891251048753,-1.1456068361310727,-0.34344937685883287,-2.469034847506762,-0.4808512675756155,5,2.4179398145660502,39.67179753250807,0.418013820011197,1.0,V12.0
141.2909173161109,-2.119795448684128,-1.1462131597103253,-0.34682029197468156,-2.463867495885804,-0.4864677026920717,5,2.4179398145660502,39.67179753250807,0.4218053012272917,1.0,V12.0
141.5294586447775,-2.1204017722633806,-1.146819483289578,-0.35027202706448923,-2.4677854886813737,-0.4902393895640725,5,2.4179398145660502,39.67179753250807,0.4256894161694088,1.0,V12.0
141.7684027025548,-2.121008095842633,-1.1474258068688306,-0.35380011359100366,-2.4717034814769434,-0.4914884177878172,5,2.4179398145660502,39.67179753250807,0.42966053354750655,1.0,V12.0
142.00775016937,-2.1216144194218853,-1.1480321304480827,-0.35740006932585056,-2.475621474272511,-0.49273744601156133,5,2.4179398145660502,39.67179753250807,0.4337130220307856,1.0,V12.0
142.24750172629825,-2.122220743001138,-1.1486384540273353,-0.3610674123600484,-2.4795394670680806,-0.4939864742353061,5,2.4179398145660502,39.67179753250807,0.43784126723741235,1.0,V12.0
142.48765805556448,-2.122827066580391,-1.1492447776065884,-0.36479767458966283,-2.4834574598636503,-0.49523550245905085,5,2.4179398145660502,39.67179753250807,0.4420396880133547,1.0,V12.0
142.7282198405455,-2.1234333901596436,-1.149851101185841,-0.36858641461942176,-2.4873754526592204,-0.4964845306827955,5,2.4179398145660502,39.67179753250807,0.44630275193474755,1.0,V12.0
142.96918776577178,-2.124039713738896,-1.1504574247650936,-0.37242923003163203,-2.4912934454547897,-0.4952947511803138,5,2.4179398145660502,39.67179753250807,0.45062498997405775,1.0,V12.0
143.21056251692957,-2.1246460373181484,-1.1510637483443458,-0.3763217689725943,-2.4952114382503576,-0.49287217078033074,5,2.4179398145660502,39.67179753250807,0.4550010102765462,1.0,V12.0
143.45234478086272,-2.1252523608974014,-1.1516700719235988,-0.38025974101379467,-2.4991294310459278,-0.49044959038034647,5,2.4179398145660502,39.67179753250807,0.45942551099996987,1.0,V12.0
143.69453524557468,-2.125858684476654,-1.1522763955028514,-0.38423892723783826,-2.503047423841497,-0.48802700998036214,5,2.4179398145660502,39.67179753250807,0.4638932921619206,1.0,V12.0
143.93713460023045,-2.1264650080559067,-1.152882719082104,-0.38825518954999444,-2.5069654166370667,-0.4856044295803778,5,2.4179398145660502,39.67179753250807,0.4683992665009251,1.0,V12.0
144.18014353515855,-2.1270713316351593,-1.1534890426613567,-0.39230447918518024,-2.510883409432637,-0.4831818491803935,5,2.4179398145660502,39.67179753250807,0.47293846931998396,1.0,V12.0
144.423562741853,-2.127677655214412,-1.1540953662406093,-0.39638284432701365,-2.514801402228206,-0.48075926878040914,5,2.4179398145660502,39.67179753250807,0.47750606721731714,1.0,V12.0
144.66739291297523,-2.128283978793664,-1.1547016898198614,-0.40048643688959723,-2.518719395023774,-0.47833668838042614,5,2.4179398145660502,39.67179753250807,0.4820973657709876,1.0,V12.0
144.91163474235614,-2.1288903023729167,-1.155308013399114,-0.4046115184315638,-2.5226373878193438,-0.47591410798044176,5,2.4179398145660502,39.67179753250807,0.4867078161460922,1.0,V12.0
145.15628892499802,-2.1294966259521697,-1.155914336978367,-0.4087544651980771,-2.526555380614913,-0.4734915275804575,6,2.418820761321234,39.65160660263125,0.49133302062484185,1.0,V12.0
145.40135615707646,-2.1301029495314223,-1.1565206605576197,-0.412911511810977,-2.530473373410483,-0.4710689471804732,6,2.418820761321234,39.65160660263125,0.4959684241898456,1.0,V12.0
145.64683713594246,-2.1307092731106745,-1.1571269841368719,-0.41707956451229256,-2.5343695294367308,-0.4686463667804888,6,2.4335347459123224,39.54685287107258,0.5006102912125733,1.0,V12.0
145.89273256012436,-2.1313155966899275,-1.157733307716125,-0.42125535869473907,-2.5382414250204106,-0.46622378638050455,6,2.446505360713234,39.3041240826237,0.5052546920139998,1.0,V12.0
146.13904312932982,-2.1319219202691797,-1.158339631295377,-0.4254355955867464,-2.542113320604088,-0.46380120598052155,6,2.669997159260455,39.66059653377143,0.5098976673909046,1.0,V12.0
146.3857695444478,-2.1325282438484323,-1.1589459548746297,-0.42961745119984956,-2.5459852161877676,-0.4613786255805372,6,2.669997159260455,39.66059653377143,0.5145358382692371,1.0,V12.0
146.63291250755063,-2.133134567427685,-1.1595522784538823,-0.433797933767444,-2.5498571117714475,-0.4589560451805529,6,2.8587824130383943,38.420324607239614,0.5191656345875174,1.0,V12.0
146.8804727218958,-2.1337408910069375,-1.160158602033135,-0.43797428902117236,-2.5537290073551273,-0.45653346478056855,6,3.0127025636176263,38.15721461261475,0.5237837806688641,1.0,V12.0
147.12845089192828,-2.13434721458619,-1.1607649256123875,-0.4421442042955893,-2.557600902938807,-0.4541108843805842,6,3.022597280569536,38.106937689887765,0.5283875380711663,1.0,V12.0
147.37684772328228,-2.1349535381654428,-1.1613712491916401,-0.4463048749392137,-2.5614727985224865,-0.4516883039805999,6,3.064200383416097,38.15356625964834,0.5329735887579178,1.0,V12.0
147.6256639227833,-2.135559861744696,-1.1619775727708932,-0.45045406673024263,-2.5653446941061664,-0.4492657235806156,6,3.064200383416097,38.15356625964834,0.5375393050050992,1.0,V12.0
147.8749001984502,-2.136166185323948,-1.1625838963501454,-0.45458950708924883,-2.569216589689844,-0.4468431431806326,6,3.1309637093480838,38.15340678380265,0.5420820209481562,1.0,V12.0
148.12455725949727,-2.1367725089032006,-1.163190219929398,-0.4587097272365038,-2.573088485273524,-0.4444205627806483,6,3.1309637093480838,38.15340678380265,0.546600036237245,1.0,V12.0
148.37463581633597,-2.137378832482453,-1.1637965435086506,-0.4628119173755029,-2.5769603808572037,-0.44199798238066396,6,3.1309637093480838,38.15340678380265,0.5510900586266061,1.0,V12.0
148.62513658057736,-2.137985156061706,-1.1644028670879032,-0.46689414114492334,-2.5781246332789634,-0.4395754019806796,6,3.1309637093480838,38.15340678380265,0.5555498446578077,1.0,V12.0
148.8760602650338,-2.138591479640959,-1.1650091906671562,-0.47095455995941304,-2.5779298369271575,-0.4371528215806953,6,3.1309637093480838,38.15340678380265,0.5599772736001482,1.0,V12.0
149.12740758372107,-2.139197803220211,-1.1656155142464084,-0.4749914219366771,-2.5777350405753516,-0.4347302411807123,6,3.1309637093480838,38.15340678380265,0.5643703338520841,1.0,V12.0
149.3791792518605,-2.1398041267994636,-1.166221837825661,-0.47900307331314423,-2.5775402442235458,-0.43230766078072796,6,3.1309637093480838,38.15340678380265,0.5687271361024014,1.0,V12.0
149.63137598588088,-2.1404104503787162,-1.1668281614049136,-0.48298793513652744,-2.5773454478717404,-0.42988508038074363,6,3.1309637093480838,38.15340678380265,0.5730458852370076,1.0,V12.0
149.88399850342054,-2.141016773957969,-1.1674344849841662,-0.48694386698879755,-2.5771506515199345,-0.4274624999807593,6,3.1309637093480838,38.15340678380265,0.577324125625771,1.0,V12.0
150.13704752332941,-2.1416230975372215,-1.1680408085634189,-0.490870137500189,-2.5769558551681286,-0.425039919580775,6,3.1309637093480838,38.15340678380265,0.581561078072151,1.0,V12.0
150.3905237656711,-2.142229421116474,-1.1686471321426715,-0.4947653639539688,-2.576761058816323,-0.4226173391807907,6,3.1309637093480838,38.15340678380265,0.5857551944839885,1.0,V12.0
150.6444279517248,-2.1428357446957267,-1.169253455721924,-0.4986282194088761,-2.576566262464517,-0.42019475878080764,6,3.1309637093480838,38.15340678380265,0.5899049971964956,1.0,V12.0
150.89876080398753,-2.143442068274979,-1.1698597793011762,-0.5024574260674795,-2.576326926684848,-0.4177721783808233,6,3.1309637093480838,38.15340678380265,0.5940090708798648,1.0,V12.0
151.15352304617608,-2.144048391854232,-1.1704661028804293,-0.506251749001049,-2.576071209336104,-0.41534959798083904,6,3.1309637093480838,38.15340678380265,0.5980660549028268,1.0,V12.0
151.40871540322902,-2.143606294186014,-1.1700240052122113,-0.5093787618163471,-2.574766256740247,-0.41216119306977866,6,3.1309637093480838,38.15340678380265,0.6020746354720254,1.0,V12.0
151.66433860130897,-2.142088166913783,-1.1685058779399804,-0.5118081130591902,-2.5723844391054675,-0.40818679698638727,4,2.5430486079380628,39.66059653377143,0.6060335385126799,1.0,V12.0
151.92039336780437,-2.1405700396415526,-1.16698775066775,-0.5141825192738247,-2.5700026214706884,-0.4042124009029959,4,2.5430486079380628,39.66059653377143,0.609941522645524,1.0,V12.0
152.17688043133182,-2.1390519123693217,-1.165469623395519,-0.5165011896659948,-2.5676208038359083,-0.4002380048196046,4,2.5430486079380628,39.66059653377143,0.6137973725208054,1.0,V12.0
152.433800521738,-2.137533785097092,-1.1639514961232895,-0.5187633574325855,-2.5652389862011304,-0.39626360873621536,4,2.5430486079380628,39.66059653377143,0.6175998925644567,1.0,V12.0
152.69115437010183,-2.1360156578248612,-1.1624333688510586,-0.5209682747332052,-2.562857168566351,-0.392289212652824,4,2.5430486079380628,39.66059653377143,0.6213479011598452,1.0,V12.0
152.94894270873644,-2.134497530552631,-1.1609152415788282,-0.5231152081085406,-2.560475350931571,-0.3883148165694326,4,2.5430486079380628,39.66059653377143,0.6250402253000117,1.0,V12.0
153.2071662711914,-2.1329794032804004,-1.1593971143065978,-0.5252034343661987,-2.558093533296791,-0.3846626802066051,4,2.5430486079380628,39.66059653377143,0.6286756957411997,1.0,V12.0
153.46582579225466,-2.13146127600817,-1.1578789870343673,-0.527232236950776,-2.555711715662012,-0.3842141634397165,4,2.8784800912520576,38.97453661131247,0.632253142684122,1.0,V12.0
153.72492200795477,-2.12994314873594,-1.1563608597621373,-0.5292009028109618,-2.553329898027233,-0.38376564667282803,4,2.8784800912520576,38.97453661131247,0.6357713920050944,1.0,V12.0
153.9844556555629,-2.1284250214637095,-1.1548427324899069,-0.5311087197725881,-2.5509480803924545,-0.3833171299059394,4,2.8784800912520576,38.97453661131247,0.6392292620547987,1.0,V12.0
154.24442747359493,-2.126906894191479,-1.1533246052176764,-0.5329551192588314,-2.548566262757675,-0.38286861313905085,4,2.8784800912520576,38.97453661131247,0.642625735678328,1.0,V12.0
154.50483820181358,-2.125388766919248,-1.1518064779454456,-0.5347392583545585,-2.5461844451228948,-0.3824200963721622,4,2.8784800912520576,38.97453661131247,0.6459594568615861,1.0,V12.0
154.76568858123056,-2.1238706396470173,-1.1502883506732147,-0.5364604533048684,-2.5438026274881156,-0.3819715796052735,4,2.8775905762505083,38.95142943429067,0.6492292522422624,1.0,V12.0
155.02697935410856,-2.1223525123747864,-1.1487702234009838,-0.5381180905961431,-2.5414208098533355,-0.3815230628383849,5,2.87970832811236,38.962983022801566,0.652434024982226,1.0,V12.0
155.28871126396348,-2.120834385102556,-1.1472520961287533,-0.5397113907432828,-2.5390389922185563,-0.3810745460714962,5,2.9432864016897184,38.89724249461244,0.6555724685519891,1.0,V12.0
155.55088505556648,-2.1193162578303264,-1.1457339688565238,-0.5412388574340157,-2.5366571745837776,-0.3806260293046079,6,3.647877032628474,37.14015955831232,0.6586423944484788,1.0,V12.0
155.81350147494612,-2.1177981305580955,-1.144215841584293,-0.5427004574625685,-2.5342753569489984,-0.38017751253771925,7,4.727969669883973,38.751996181371865,0.6616433817398006,1.0,V12.0
156.07656126939045,-2.116280003285865,-1.1426977143120625,-0.544095372248051,-2.5318935393142183,-0.37972899577083064,7,5.29532846210151,37.94528812690663,0.6645740470917415,1.0,V12.0
156.34006518744926,-2.114761876013634,-1.1411795870398316,-0.545422852199602,-2.5295117216794387,-0.379280479003942,7,4.984207597843452,39.5136775931594,0.6674330813136342,1.0,V12.0
156.60401397893597,-2.1132437487414037,-1.1396614597676011,-0.5466819498909378,-2.52712990404466,-0.3788319622370534,7,4.980664634109368,39.5136775931594,0.670218922926743,1.0,V12.0
156.86840839493004,-2.1117256214691733,-1.1381433324953707,-0.5478721049429404,-2.52474808640988,-0.3783834454701648,7,4.980664634109368,39.5136775931594,0.672930474201154,1.0,V12.0
157.1332491877789,-2.1102074941969438,-1.1366252052231411,-0.5489925585433432,-2.522366268775102,-0.3779349287032764,7,4.9452065335402535,39.547159297011646,0.6755663850208842,1.0,V12.0
157.3985371111002,-2.108689366924713,-1.1351070779509103,-0.5500426159863363,-2.519984451140322,-0.37748641193638777,7,4.948390180074504,39.65774780157969,0.678125374196507,1.0,V12.0
157.6642729197839,-2.107171239652482,-1.1335889506786794,-0.5510220313993919,-2.5176026335055424,-0.3770378951694991,7,4.951205470283198,39.66958646491162,0.6806067053149908,1.0,V12.0
157.9304573699945,-2.105653112380252,-1.1320708234064494,-0.5519297050217775,-2.5152208158707627,-0.3765893784026105,7,4.951205470283198,39.66958646491162,0.6830085797495967,1.0,V12.0
158.19709121917307,-2.104134985108021,-1.1305526961342185,-0.5527649699976023,-2.5128389982359836,-0.3761408616357219,7,4.951205470283198,39.66958646491162,0.6853297220566358,1.0,V12.0
158.46417522603946,-2.10261685783579,-1.1290345688619876,-0.5535271845428597,-2.5104571806012035,-0.37569234486883324,7,4.941963795391091,39.69159644879533,0.6875688783149877,1.0,V12.0
158.7317101505945,-2.1010987305635607,-1.127516441589758,-0.5542157361840637,-2.5080753629664256,-0.37524382810194484,7,4.941963795391091,39.69159644879533,0.6897248216044254,1.0,V12.0
158.99969675412208,-2.0995806032913302,-1.1259983143175276,-0.5548300461093951,-2.505693545331646,-0.37479531133505617,7,4.941963795391091,39.69159644879533,0.6917963576864454,1.0,V12.0
159.2681357991915,-2.0980624760190993,-1.1244801870452967,-0.5553695735967489,-2.5033117276968664,-0.37434679456816755,7,4.941963795391091,39.69159644879533,0.6937823308457985,1.0,V12.0
159.5370280496593,-2.096544348746869,-1.1229620597730663,-0.5558338204832188,-2.5009299100620868,-0.373898277801279,7,4.941963795391091,39.69159644879533,0.6956816298504865,1.0,V12.0
159.80637427067182,-2.0950262214746385,-1.1214439325008358,-0.5562223356408954,-2.498548092427307,-0.3734497610343903,7,4.941963795391091,39.69159644879533,0.6974931939877518,1.0,V12.0
160.07617522866713,-2.0935080942024076,-1.119925805228605,-0.5565347194244198,-2.4961662747925275,-0.3730012442675017,7,4.941963795391091,39.69159644879533,0.6992160191336557,1.0,V12.0
160.3464316913772,-2.0919899669301776,-1.118407677956375,-0.5567706280565003,-2.493784457157749,-0.3725527275006133,7,4.941963795391091,39.69159644879533,0.7008491638141578,1.0,V12.0
160.61714442783028,-2.090471839657947,-1.1168895506841445,-0.5569297779185373,-2.4914026395229696,-0.3721042107337247,7,4.941963795391091,39.69159644879533,0.7023917552161538,1.0,V12.0
160.8883142083529,-2.0889537123857167,-1.115371423411914,-0.5570120784415349,-2.48902082188819,-0.37165569396683606,7,4.941963795391091,39.69159644879533,0.7038431577676367,1.0,V12.0
161.15994180457216,-2.087435585113486,-1.1138532961396832,-0.5570172664850641,-2.486612303047403,-0.37120717719994745,7,4.941963795391091,39.69159644879533,0.7052025125291094,1.0,V12.0
161.4320279894179,-2.0859174578412554,-1.1123351688674528,-0.5569452639150713,-2.4840982661306903,-0.3707586604330588,7,4.941963795391091,39.69159644879533,0.7064691886201427,1.0,V12.0
161.70457353712487,-2.0843993305690254,-1.1108170415952228,-0.5567960709761046,-2.4815842292139787,-0.3703101436661704,7,4.941963795391091,39.69159644879533,0.7076426499042304,1.0,V12.0
161.97757922323498,-2.082881203296795,-1.1092989143229923,-0.5565697652235876,-2.4790701922972658,-0.36986162689928176,7,4.941963795391091,39.69159644879533,0.7087224545449404,1.0,V12.0
162.2510458245995,-2.081363076024564,-1.1077807870507614,-0.5562665115477357,-2.476556155380553,-0.36941311013239314,7,4.941963795391091,39.69159644879533,0.7097082687080944,1.0,V12.0
162.5249741193812,-2.0798449487523336,-1.106262659778531,-0.5558865524176206,-2.47404211846384,-0.36896459336550447,7,4.941963795391091,39.69159644879533,0.7105998551385506,1.0,V12.0
162.7993648870567,-2.078326821480103,-1.1047445325063006,-0.5554302321137404,-2.4715280815471274,-0.3685160765986159,7,4.941963795391091,39.69159644879533,0.7113971051363237,1.0,V12.0
163.07421890841857,-2.0768086942078723,-1.1032264052340697,-0.5548979691870278,-2.469881805368252,-0.3671414035458485,7,4.942104063794122,39.71661234272458,0.7121000044655207,1.0,V12.0
163.34953696557756,-2.074178730939867,-1.1005964419660645,-0.5534978700848794,-2.469924248451073,-0.3637674341580382,7,4.944363513080344,39.84746801948779,0.7127086712833782,1.0,V12.0
163.62531984196488,-2.07065229928273,-1.0970700103089275,-0.5513824251927555,-2.4686909208177927,-0.3598320219456834,7,4.946222296216099,39.909591531978485,0.7132233280247607,1.0,V12.0
163.90156832233447,-2.067125867625591,-1.0935435786517882,-0.5491912769075559,-2.4674575931845117,-0.3558966097333266,7,4.946222296216099,39.909591531978485,0.7136443290390254,1.0,V12.0
164.1782831927651,-2.063599435968452,-1.0900171469946494,-0.5469258041271989,-2.466224265551231,-0.3519611975209698,7,4.9547251789491025,39.76687759234693,0.7139721809449097,1.0,V12.0
164.45546524066265,-2.060073004311313,-1.0864907153375105,-0.5445879480549332,-2.46499093791795,-0.348025785308613,7,4.912531621770781,45.14191022270369,0.7142081371770463,1.0,V12.0
164.73311525476245,-2.0565465726541743,-1.0829642836803717,-0.5421786700831962,-2.4637576102846697,-0.3440903730962563,7,5.160546878296747,48.98529759766472,0.7143521835071179,1.0,V12.0
165.01123402513142,-2.0530201409970372,-1.0794378520232346,-0.5396995050998109,-2.4625242826513896,-0.34015496088390146,7,5.160546878296747,48.98529759766472,0.7144050645821093,1.0,V12.0
165.28982234317033,-2.0494937093398984,-1.0759114203660958,-0.5371536194212079,-2.4612909550181086,-0.33627932330090027,7,5.152072983352096,49.0174236823384,0.7143697086827491,1.0,V12.0
165.5688810016161,-2.045967277682759,-1.0723849887089565,-0.5345413854204663,-2.456714853310608,-0.3324054214407015,7,5.111910158425249,49.299375521041824,0.7142453660605877,1.0,V12.0
165.84841079454404,-2.0424408460256203,-1.0688585570518176,-0.5318646746124892,-2.4482374286196933,-0.3285315195805027,7,5.071569507045503,49.30254468123739,0.714033285381016,1.0,V12.0
166.12841251737,-2.0389144143684814,-1.0653321253946788,-0.5291254613205802,-2.4459324301027117,-0.324657617720304,7,5.071569507045503,49.30254468123739,0.7137348777457421,1.0,V12.0
166.4088869668529,-2.0353879827113426,-1.06180569373754,-0.5263257972694494,-2.451185994133267,-0.32078371586010523,7,5.071569507045503,49.30254468123739,0.7133516861394538,1.0,V12.0
166.68983494109665,-2.0318615510542055,-1.058279262080403,-0.5234677876574266,-2.4559867374572666,-0.31690981399990853,7,5.071569507045503,49.30254468123739,0.7128853560105507,1.0,V12.0
166.97125723955273,-2.0283351193970662,-1.0547528304232636,-0.5205536139539503,-2.4551054864578696,-0.3130359121397097,7,5.071569507045503,49.30254468123739,0.7123376689400354,1.0,V12.0
167.2531546630224,-2.0248086877399256,-1.051226398766123,-0.5175855317276983,-2.4542242354584722,-0.30916201027950896,7,5.0929819336267625,49.299375521041824,0.7117105429556256,1.0,V12.0
167.5355280136585,-2.0212822560827863,-1.0476999671089837,-0.514565824311355,-2.4533429844590753,-0.30528810841931014,7,5.0929819336267625,49.299375521041824,0.7110059718319357,1.0,V12.0
167.8183780949686,-2.017755824425648,-1.0441735354518453,-0.5114968412155223,-2.4524617334596788,-0.30141420655911144,7,5.0929819336267625,49.299375521041824,0.710226080283639,1.0,V12.0
168.10170571181663,-2.014229392768509,-1.0406471037947065,-0.5083809782409974,-2.4515804824602814,-0.2975403046989126,7,5.0929819336267625,49.299375521041824,0.7093730994365282,1.0,V12.0
168.38551167042547,-2.01070296111137,-1.0371206721375672,-0.5052207496960994,-2.4506992314608844,-0.29366640283871387,7,5.0929819336267625,49.299375521041824,0.70844947072578,1.0,V12.0
168.66979677837904,-2.0071765294542327,-1.0335942404804301,-0.5020185415580368,-2.4497875342313034,-0.2897925009785172,7,5.0929819336267625,49.299375521041824,0.7074575032702758,1.0,V12.0
168.95456184462475,-2.0036500977970935,-1.0300678088232909,-0.49877685777353237,-2.4486710777747485,-0.28591859911831835,7,5.0929819336267625,49.299375521041824,0.7063997193951519,1.0,V12.0
169.23980767947577,-2.000123666139955,-1.0265413771661525,-0.4954982268217881,-2.447554621318194,-0.28204469725811965,7,5.0929819336267625,49.299375521041824,0.7052787269869101,1.0,V12.0
169.5255350946133,-1.9965972344828158,-1.0230149455090132,-0.4921851956591345,-2.4464381648616396,-0.2781707953979209,7,5.0929819336267625,49.299375521041824,0.7040972129891064,1.0,V12.0
169.8117449030889,-1.9930708028256772,-1.0194885138518743,-0.48884032456301135,-2.445321708405085,-0.27429689353772213,7,5.0929819336267625,49.299375521041824,0.7028579379932092,1.0,V12.0
170.0984379193268,-1.989544371168538,-1.0159620821947355,-0.48546618105751366,-2.444205251948531,-0.2704229916775233,7,5.0929819336267625,49.299375521041824,0.701563729336813,1.0,V12.0
170.3856149591263,-1.986017939511399,-1.0124356505375962,-0.4820652808596085,-2.4430887954919767,-0.2665490898173246,7,5.0929819336267625,49.299375521041824,0.700217397035323,1.0,V12.0
170.67327683966383,-1.9824915078542622,-1.0089092188804596,-0.47864024801992855,-2.4419723390354227,-0.26267518795712785,7,5.0929819336267625,49.299375521041824,0.6988219671439914,1.0,V12.0
170.9614243794956,-1.9789650761971234,-1.0053827872233208,-0.47519363606920334,-2.440855882578868,-0.2588012860969291,7,5.0929819336267625,49.299375521041824,0.6973804248679515,1.0,V12.0
171.25005839855984,-1.9754386445399843,-1.0018563555661815,-0.4717279826555152,-2.4397394261223138,-0.2549273842367304,7,5.0929819336267625,49.299375521041824,0.6958957941008387,1.0,V12.0
171.53917971817893,-1.9719122128828452,-0.9983299239090425,-0.46824580390222814,-2.4386229696657593,-0.2510534823765316,7,5.0929819336267625,49.299375521041824,0.6943711300696482,1.0,V12.0
171.828789161062,-1.9683857812257064,-0.9948034922519037,-0.46474958887957213,-2.4375065132092044,-0.24717958051633282,7,5.0929819336267625,49.299375521041824,0.6928095119170219,1.0,V12.0
172.11888755130707,-1.9648593495685676,-0.9912770605947648,-0.46124179421279893,-2.4363900567526504,-0.24330567865613403,7,5.0929819336267625,49.299375521041824,0.6912140352529972,1.0,V12.0
172.40947571440356,-1.9613329179114305,-0.9877506289376278,-0.4577248388490644,-2.4352736002960964,-0.23943177679593736,4,3.3230880399866645,49.82807069242626,0.6895878047084607,1.0,V12.0
172.70055447723453,-1.9578064862542914,-0.9842241972804887,-0.4542010990040375,-2.434157143839542,-0.23555787493573857,4,3.3230880399866645,49.82807069242626,0.687933926522188,1.0,V12.0
172.99212466807907,-1.9542800545971524,-0.9806977656233496,-0.4506729042065,-2.4330406873829875,-0.2316839730755398,4,3.3230880399866645,49.82807069242626,0.6862555025609743,1.0,V12.0
173.28418711661465,-1.9507536229400135,-0.9771713339662108,-0.44714253030649587,-2.4293159226230725,-0.22781007121534105,4,3.3230880399866645,49.82807069242626,0.6845556194974084,1.0,V12.0
173.5767426539195,-1.9472271912828747,-0.973644902309072,-0.4436122042305335,-2.4253964738244838,-0.22393616935514224,4,3.3230880399866645,49.82807069242626,0.6828373557170141,1.0,V12.0
173.86979211247493,-1.9437007596257374,-0.9701184706519347,-0.4400840596951817,-2.4214770250258977,-0.22006226749494556,4,3.3230880399866645,49.82807069242626,0.6811037125514853,1.0,V12.0
174.16333632616775,-1.9401743279685986,-0.9665920389947958,-0.4365602445980504,-2.4175575762273085,-0.2161883656347468,5,3.5090286574098926,49.860014776793946,0.6793577792820484,1.0,V12.0
174.45737613029263,-1.9366478963114595,-0.9630656073376568,-0.4330418358285098,-2.41363812742872,-0.21231446377454805,7,3.950983917693196,34.77334900441009,0.677601037518987,1.0,V12.0
174.75191236155442,-1.9331214646543207,-0.9595391756805179,-0.4295315645990394,-2.4097186786301314,-0.20844056191434926,7,3.932495086155789,23.35928526985837,0.6758376047166518,1.0,V12.0
175.04694585807064,-1.9295950329971818,-0.9560127440233791,-0.42603166739115006,-2.405799229831543,-0.20456666005415053,7,4.348882593147546,26.12339479185248,0.6740709074560407,1.0,V12.0
175.34247745937375,-1.9260686013400428,-0.95248631236624,-0.4225438392592936,-2.4018797810329544,-0.20069275819395174,7,4.497361121034437,33.3544838206537,0.6723035877653484,1.0,V12.0
175.63850800641362,-1.9225421696829057,-0.948959880709103,-0.4190697911619606,-2.397960332234368,-0.19681885633375504,7,2.9801350751582314,25.46639037594085,0.6705383727509807,1.0,V12.0
175.93503834155987,-1.9190157380257666,-0.9454334490519639,-0.41561115365219636,-2.3940408834357796,-0.19294495447355628,7,3.1181131254334282,31.242836469992127,0.6687779220356964,1.0,V12.0
176.23206930860437,-1.914344747358004,-0.9407624583842013,-0.4114060281036818,-2.388779191081237,-0.18857773602615646,6,3.0063684125652506,31.425472025561394,0.6670248266449319,1.0,V12.0
176.52960175276343,-1.908953412114894,-0.9353711231410914,-0.4067440864513009,-2.3826727385567503,-0.18390004173240834,6,3.0050480170864167,31.47292891536641,0.6652815963655844,1.0,V12.0
176.82763652068044,-1.9035620768717845,-0.9299797878979817,-0.4021080965778054,-2.3765662860322636,-0.1792223474386603,5,3.0275030968868015,31.922585537556444,0.6635501732810744,1.0,V12.0
177.1261744604282,-1.8981707416286744,-0.9245884526548717,-0.3974995320411066,-2.370459833507777,-0.17454465314491222,5,3.0275030968868015,31.922585537556444,0.6618333288155664,1.0,V12.0
177.42521642151118,-1.8927794063855647,-0.919197117411762,-0.3929194952134107,-2.364353380983291,-0.16986695885116412,5,3.0275030968868015,31.922585537556444,0.6601333111866712,1.0,V12.0
177.72476325486818,-1.8873880711424578,-0.913805782168655,-0.3883688641675926,-2.358246928458807,-0.1651892645574185,5,3.0275030968868015,31.922585537556444,0.6584520705287668,1.0,V12.0
178.0248158128746,-1.8819967358993481,-0.9084144469255454,-0.38384867182935656,-2.3521404759343207,-0.16051157026367047,5,3.0275030968868015,31.922585537556444,0.6567918938998273,1.0,V12.0
178.32537494934493,-1.8766054006562383,-0.9030231116824355,-0.37935971315589273,-2.346034023409834,-0.15583387596992235,5,3.0275030968868015,31.922585537556444,0.6551547425636232,1.0,V12.0
178.62644151953512,-1.8712140654131284,-0.8976317764393257,-0.37490268346346145,-2.3399275708853478,-0.1511561816761743,5,3.0275030968868015,31.922585537556444,0.65354247781721,1.0,V12.0
178.92801638014507,-1.8658227301700185,-0.8922404411962158,-0.3704785593191972,-2.333821118360861,-0.14647848738242622,5,3.0275030968868015,31.922585537556444,0.6519575265312018,1.0,V12.0
179.23010038932102,-1.8604313949269118,-0.8868491059531091,-0.36608750325589207,-2.327714665836378,-0.1418007930886806,5,3.0275030968868015,31.922585537556444,0.6504009623228463,1.0,V12.0
179.53269440665807,-1.855040059683802,-0.8814577707099992,-0.36172992866415254,-2.321608213311891,-0.1371230987949325,5,3.0275030968868015,31.922585537556444,0.6488743503322887,1.0,V12.0
179.83579929320248,-1.849648724440692,-0.8760664354668893,-0.3574061588803754,-2.3155017607874044,-0.13244540450118444,5,3.0275030968868015,31.922585537556444,0.6473791537194076,1.0,V12.0
180.13941591145436,-1.8442573891975824,-0.8706751002237797,-0.35311643010200516,-2.309395308262918,-0.12776771020743638,5,3.0275030968868015,31.922585537556444,0.6459167339678564,1.0,V12.0
180.44354512536984,-1.8388660539544728,-0.8652837649806701,-0.3488608942375118,-2.303288855738432,-0.12309001591368832,5,3.0275030968868015,31.922585537556444,0.6444883510866586,1.0,V12.0
180.7481878003637,-1.833474718711363,-0.8598924297375602,-0.3446396213696952,-2.297182403213945,-0.11841232161994023,5,3.0275030968868015,31.922585537556444,0.6430951631024426,1.0,V12.0
181.05334480331186,-1.8280833834682557,-0.854501094494453,-0.3404526039835541,-2.2910759506894616,-0.11373462732619462,5,3.0275030968868015,31.922585537556444,0.6417382288468422,1.0,V12.0
181.3590170025537,-1.822692048225146,-0.8491097592513434,-0.33629976381575016,-2.284969498164975,-0.10905693303244651,5,3.0275030968868015,31.922585537556444,0.6404185159079426,1.0,V12.0
181.66520526789472,-1.8173007129820364,-0.8437184240082337,-0.33218094696421413,-2.2788630456404886,-0.10437923873869845,5,3.0275030968868015,31.922585537556444,0.6391368864883714,1.0,V12.0
181.97191047060878,-1.8119093777389268,-0.8383270887651241,-0.32809592854316527,-2.272756593116002,-0.0997015444449504,5,3.0275030968868015,31.922585537556444,0.6378941009324903,1.0,V12.0
182.27913348344083,-1.8065180424958167,-0.832935753522014,-0.32404443225011,-2.2666501405915156,-0.09502385015120231,5,3.0275030968868015,31.922585537556444,0.6366908507771949,1.0,V12.0
182.5868751806092,-1.8011267072527068,-0.8275444182789041,-0.32002609264682613,-2.260543688067029,-0.09034615585745422,5,3.0275030968868015,31.922585537556444,0.6355276801637325,1.0,V12.0
182.89513643780822,-1.7957353720096,-0.8221530830357974,-0.31604044227685146,-2.2544372355425457,-0.08566846156370864,5,3.0275030968868015,31.922585537556444,0.6344049520021314,1.0,V12.0
183.2039181322106,-1.7903440367664902,-0.8167617477926875,-0.31208710547921803,-2.248330783018059,-0.08099076726996055,5,3.0275030968868015,31.922585537556444,0.6333232313664492,1.0,V12.0
183.51322114247,-1.7849527015233804,-0.8113704125495776,-0.30816560464279646,-2.2422243304935727,-0.07631307297621247,5,3.0275030968868015,31.922585537556444,0.632282899155943,1.0,V12.0
183.82304634872352,-1.7795613662802707,-0.805979077306468,-0.3042753261248209,-2.2361178779690856,-0.07163537868246439,5,3.0275030968868015,31.922585537556444,0.6312840710853829,1.0,V12.0
184.1333946325942,-1.7741700310371609,-0.8005877420633581,-0.30041570033609094,-2.2300114254445993,-0.06695768438871631,5,3.0275030968868015,31.922585537556444,0.6303269605378233,1.0,V12.0
184.44426687719348,-1.768778695794051,-0.7951964068202483,-0.29658624127224104,-2.2239049729201126,-0.06227999009496822,5,2.981171714185467,32.152744012889684,0.6294119680447392,1.0,V12.0
184.7556639671238,-1.763387360550944,-0.7898050715771413,-0.29278619804900263,-2.2177985203956294,-0.057602295801222614,5,3.0294278333069657,31.922585537556444,0.6285389440492815,1.0,V12.0
185.06758678848107,-1.7579960253078344,-0.7844137363340317,-0.2890149059500579,-2.2116920678711427,-0.05292460150747456,6,3.0732773653772885,35.582501402566876,0.6277079191368561,1.0,V12.0
185.3800362288572,-1.7526046900647243,-0.7790224010909216,-0.2852716839268388,-2.205585615346656,-0.048246907213726466,6,3.0732773653772885,35.582501402566876,0.6269188894502878,1.0,V12.0
185.69301317734255,-1.7472133548216147,-0.7736310658478119,-0.28155574603024547,-2.1994791628221697,-0.0435692129199784,6,3.0732773653772885,35.582501402566876,0.626171617651743,1.0,V12.0
186.00651852452864,-1.741822019578505,-0.7682397306047023,-0.27786645030569085,-2.1933727102976834,-0.03889151862623034,6,3.0732773653772885,35.582501402566876,0.6254661790082117,1.0,V12.0
186.32055316251052,-1.7364306843353952,-0.7628483953615924,-0.2742029741538661,-2.1872662577731963,-0.03421382433248225,6,3.0732773653772885,35.582501402566876,0.6248022408659658,1.0,V12.0
186.63511798488932,-1.7310393490922884,-0.7574570601184857,-0.27056455958317815,-2.181159805248713,-0.029536130038736633,6,3.0732773653772885,35.582501402566876,0.6241796030686115,1.0,V12.0
186.95021388677492,-1.7256480138491785,-0.7520657248753758,-0.26695038663923887,-2.175053352724227,-0.024858435744988566,6,3.0732773653772885,35.582501402566876,0.6235979106310253,1.0,V12.0
187.26584176478838,-1.7202566786060687,-0.746674389632266,-0.2633596493626203,-2.1689469001997397,-0.020180741451240485,6,3.0732773653772885,35.582501402566876,0.6230568235662731,1.0,V12.0
187.58200251706447,-1.7148653433629588,-0.7412830543891561,-0.25979153895497775,-2.162840447675254,-0.015503047157492417,6,3.053944406573232,35.56056439349604,0.6225559775143304,1.0,V12.0
187.89869704325437,-1.709474008119849,-0.7358917191460462,-0.25624524190542874,-2.156733995150767,-0.01082535286374433,6,3.053944406573232,35.56056439349604,0.6220949775983624,1.0,V12.0
188.2159262445281,-1.7040826728767393,-0.7305003839029366,-0.25271994375119616,-2.15062754262628,-0.004463034225130178,6,3.053944406573232,35.56056439349604,0.6216734056520269,1.0,V12.0
188.53369102357712,-1.6986913376336323,-0.7251090486598296,-0.2492148293493064,-2.1445210901017973,0.00464088471612507,6,3.053944406573232,35.56056439349604,0.6212908193316924,1.0,V12.0
188.85199228461687,-1.6933000023905225,-0.7197177134167198,-0.24572908553667075,-2.13848347141261,0.010231618765752452,6,3.053944406573232,35.56056439349604,0.6209467571914475,1.0,V12.0
189.17083093338945,-1.6879086671474126,-0.7143263781736099,-0.24226190239355183,-2.1371313223710797,0.013067189588124214,6,3.053944406573232,35.56056439349604,0.6206407406007092,1.0,V12.0
189.49020787716609,-1.682517331904303,-0.7089350429305002,-0.2388124751085071,-2.1357791733295484,0.01590276041049599,6,3.053944406573232,35.56056439349604,0.6203722773854949,1.0,V12.0
189.81012402474974,-1.677125996661193,-0.7035437076873904,-0.23538000498624767,-2.1344270242880174,0.01873833123286775,6,3.053944406573232,35.56056439349604,0.6201408635218952,1.0,V12.0
190.1305802864777,-1.6706564731877835,-0.6970741842139808,-0.23129528205624855,-2.130374291125245,0.0229239813508145,6,3.053944406573232,35.56056439349604,0.6199459851506406,1.0,V12.0
190.45157757422422,-1.6636651039305212,-0.6900828149567185,-0.22690285075397829,-2.1250144685341037,0.02814237538038318,6,3.053944406573232,35.56056439349604,0.6197871206007256,1.0,V12.0
190.77311680140303,-1.6566737346732547,-0.683091445699452,-0.22252538410834416,-2.1196546459429593,0.0333607694099546,6,3.053944406573232,35.56056439349604,0.6196637421505605,1.0,V12.0
191.09519888296998,-1.6496823654159884,-0.6761000764421857,-0.21816215896707677,-2.1142948233518153,0.03857916343952604,6,3.053944406573232,35.56056439349604,0.6195759098288016,1.0,V12.0
191.41782473542563,-1.6426909961587222,-0.6691087071849194,-0.21381201806762007,-2.108935000760671,0.04379755746909746,6,3.053944406573232,35.56056439349604,0.6195224306894137,1.0,V12.0
191.7409952768179,-1.635699626901456,-0.6621173379276534,-0.2094740616080771,-2.1035751781695264,0.049015951498668886,6,3.053944406573232,35.56056439349604,0.6195027745422679,1.0,V12.0
192.06471142674465,-1.6287082576441898,-0.6551259686703871,-0.2051474041140763,-2.098215355578382,0.05423434552824032,6,3.053944406573232,35.56056439349604,0.6195164096888333,1.0,V12.0
192.38897410635624,-1.6217168883869273,-0.6481345994131246,-0.20083117478232426,-2.0928555329872407,0.059452739557809005,6,3.053944406573232,35.56056439349604,0.6195628038193564,1.0,V12.0
192.7137842383583,-1.614725519129661,-0.6411432301558583,-0.1965245177306015,-2.0874957103960967,0.06467113358738043,6,3.053944406573232,35.56056439349604,0.6196414247337604,1.0,V12.0
193.03914274701415,-1.6077341498723947,-0.634151860898592,-0.19222659215870327,-2.0821358878049523,0.06988952761695187,6,3.053944406573232,35.56056439349604,0.6197517408728448,1.0,V12.0
193.36505055814763,-1.6007427806151289,-0.6271604916413261,-0.18793653647159217,-2.076776065213808,0.0751079216465233,6,3.053944406573232,35.56056439349604,0.6198931030553994,1.0,V12.0
193.6915085991456,-1.5937514113578621,-0.6201691223840594,-0.18365358175598887,-2.0714162426226634,0.08032631567609472,6,3.053944406573232,35.56056439349604,0.6200651137242358,1.0,V12.0
194.0185177989607,-1.5867600421005963,-0.6131777531267936,-0.17937693217611675,-2.066056420031519,0.08554470970566615,7,3.064899595770759,35.61550220879116,0.6202672437824035,1.0,V12.0
194.34607908811378,-1.5797686728433336,-0.6061863838695308,-0.1751058071278567,-2.060696597440378,0.09076310373523483,7,3.067834836670487,35.62034380851409,0.6204989656751426,1.0,V12.0
194.67419339869684,-1.5727773035860673,-0.5991950146122645,-0.17083944114874905,-2.0553367748492337,0.09598149776480626,7,3.1752348790400027,36.25612847671327,0.620759753258776,1.0,V12.0
195.00286166437544,-1.565785934328801,-0.5922036453549983,-0.16657708388380432,-2.0499769522580893,0.10119989179437769,7,3.6594761977540418,40.56104526806907,0.6210490818571031,1.0,V12.0
195.3320848203915,-1.5587945650715347,-0.585212276097732,-0.1623180165898132,-2.044617129666945,0.10641828582394912,7,3.9421513041574743,41.53858457265661,0.62136649163764,1.0,V12.0
195.6618638035658,-1.5518031958142688,-0.5782209068404661,-0.15806142823720146,-2.0392573070758004,0.11163667985352055,5,2.603321952788165,56.71159350853608,0.6217111091925439,1.0,V12.0
195.9921995523009,-1.5448118265570026,-0.5712295375831998,-0.15380659732250376,-2.033897484484656,0.11685507388309198,5,2.6208087115833485,56.70270075392958,0.6220823244192157,1.0,V12.0
196.32309300658358,-1.53782045729974,-0.5642381683259373,-0.14955286343271612,-2.028537661893515,0.12207346791266066,5,2.616171972702707,56.82862397194922,0.6224797104742692,1.0,V12.0
196.65454510798762,-1.5308290880424735,-0.5572467990686708,-0.1452996199906288,-2.0231778393023707,0.1272918619422321,5,2.611244920254641,57.07114197390132,0.6229030201360234,1.0,V12.0
196.9865567996764,-1.5238377187852077,-0.550255429811405,-0.14104624298011742,-2.0178180167112263,0.1325102559718035,4,2.5419708924133992,57.553504212250395,0.6233518985568461,1.0,V12.0
197.3191290264058,-1.5168463495279412,-0.5432640605541385,-0.13679206392114843,-2.012458194120082,0.13772865000137494,4,2.5165973873120002,57.844046660252815,0.6238257428611698,1.0,V12.0
197.65226273452652,-1.509854980270675,-0.5362726912968724,-0.13253644464358327,-2.0070983715289374,0.14294704403094635,4,2.424521264261772,58.46645457099629,0.6243240135316754,1.0,V12.0
197.98595887198715,-1.5028636110134088,-0.5292813220396061,-0.12827876328740154,-2.0017385489377935,0.1481654380605178,4,2.4161075244601893,58.622314301807045,0.6248461770046757,1.0,V12.0
198.3202183883366,-1.4958722417561463,-0.5222899527823436,-0.124018409419527,-1.996378726346652,0.1533838320900865,6,2.754570582731616,57.51942741135883,0.6253916820950489,1.0,V12.0
198.65504223472698,-1.48888087249888,-0.5152985835250773,-0.11975478914125957,-1.9910189037555077,0.1586022261196579,6,2.754570582731616,57.51942741135883,0.6259599834731231,1.0,V12.0
198.99043136391617,-1.481889503241614,-0.5083072142678112,-0.1154873233160869,-1.9856590811643633,0.16382062014922932,6,2.754570582731616,57.51942741135883,0.6265505331604776,1.0,V12.0
199.32638673027063,-1.4748981339843477,-0.5013158450105449,-0.1112154473536831,-1.9802992585732189,0.16903901417880077,6,2.754570582731616,57.51942741135883,0.6271627787897898,1.0,V12.0
199.662909289768,-1.4679067647270814,-0.49432447575327865,-0.10693861191136367,-1.9749394359820747,0.17425740820837216,6,2.754570582731616,57.51942741135883,0.6277961668221088,1.0,V12.0
200.00000000000003,-1.460915395469815,-0.48733310649601236,-0.10265628175495858,-1.9695796133909302,0.17947580223794363,6,2.754570582731616,57.51942741135883,0.6284501353225239,1.0,V12.0
200.33765982017505,-1.4539240262125526,-0.48034173723874984,-0.09836793715958934,-1.964219790799789,0.18469419626751232,6,2.754570582731616,57.51942741135883,0.6291241210418955,1.0,V12.0
200.67588971112085,-1.4469326569552865,-0.4733503679814838,-0.09407307359301749,-1.9588599682086447,0.1899125902970837,6,2.754570582731616,57.51942741135883,0.6298175569893673,1.0,V12.0
201.01469063528745,-1.4399412876980202,-0.4663589987242175,-0.08977106404996647,-1.9535001456175003,0.19513098432665515,6,2.754570582731616,57.51942741135883,0.6305289045851963,1.0,V12.0
201.35406355674968,-1.432949918440754,-0.4593676294669512,-0.08546157015946489,-1.9481403230263559,0.20034937835622657,6,2.754570582731616,57.51942741135883,0.6312584394172426,1.0,V12.0
201.69400944121008,-1.4259585491834876,-0.4523762602096849,-0.08114413466974896,-1.9427805004352117,0.20556777238579801,6,2.754570582731616,57.51942741135883,0.6320055711760284,1.0,V12.0
202.03452925600158,-1.4189671799262213,-0.4453848909524186,-0.07681831636701011,-1.9374206778440675,0.21078616641536943,6,2.754570582731616,57.51942741135883,0.6327697056778541,1.0,V12.0
202.3756239700902,-1.411975810668959,-0.43839352169515633,-0.07248369026136989,-1.932060855252926,0.21600456044493813,7,2.7550436538413465,57.51452351489952,0.6335502453065641,1.0,V12.0
202.71729455407794,-1.4049844414116928,-0.43140215243789004,-0.06813984776369279,-1.9267010326617817,0.22122295447450957,7,2.758289827469733,57.49652197642713,0.6343465895426524,1.0,V12.0
203.0595419802054,-1.3979930721544267,-0.424410783180624,-0.06378639684822834,-1.9213412100706373,0.22644134850408096,7,2.758535947021235,57.48160807356096,0.635158135572016,1.0,V12.0
203.40236722235468,-1.3910017028971602,-0.41741941392335746,-0.059423062604704084,-1.915981387479493,0.23165974253365243,7,2.76248728098412,57.414469606456564,0.6359853536033313,1.0,V12.0
203.74577125605205,-1.3840103336398941,-0.4104280446660914,-0.05504938248728469,-1.913226895478781,0.23687813656322385,7,2.765008752095912,57.36967412292325,0.6368266953428252,1.0,V12.0
204.08975505847076,-1.3770189643826278,-0.4034366754088251,-0.05066501336241688,-1.9124406386045139,0.24209653059279526,7,2.7791055439204126,57.12460182689206,0.6376815704789447,1.0,V12.0
204.43431960843378,-1.3700275951253653,-0.3964453061515626,-0.046269628779342854,-1.9116543817302474,0.24731492462236396,7,2.782639731101427,56.79277571119109,0.6385493911076313,1.0,V12.0
204.7794658864167,-1.363036225868099,-0.3894539368942963,-0.041862918958927915,-1.9108681248559807,0.25253331865193535,7,2.8143299535509447,55.871440065811626,0.6394295728472951,1.0,V12.0
205.12519487455043,-1.3555921398102966,-0.38200985083649386,-0.037154706413106246,-1.907688126388849,0.2577633437361283,7,2.8267417542771747,55.10467322532295,0.6403215358578932,1.0,V12.0
205.47150755662395,-1.3479839652513987,-0.374401676277596,-0.03232856344545879,-1.90364050942486,0.2628424936271668,7,2.8548796064224637,37.56915607534786,0.6412247061993871,1.0,V12.0
205.81840491808725,-1.340375790692501,-0.3667935017186982,-0.027489133011549326,-1.8995928924608707,0.2679098132799655,7,2.856018297645115,37.22994843902218,0.6421385166367141,1.0,V12.0
206.165887946054,-1.3327676161336028,-0.3591853271598001,-0.02263615257400541,-1.8955452754968813,0.27297713293276415,7,2.856018297645115,37.22994843902218,0.6430624080237476,1.0,V12.0
206.51395762930443,-1.325159441574709,-0.3515771526009063,-0.017769376692194225,-1.8914976585328942,0.2780444525855601,7,2.856018297645115,37.22994843902218,0.6439958241286186,1.0,V12.0
206.86261495828813,-1.317551267015811,-0.3439689780420082,-0.012888576769695001,-1.887450041568905,0.2831117722383588,7,3.056061198300649,37.74448693923508,0.6449382045453457,1.0,V12.0
207.21186092512687,-1.3099430924569129,-0.33636080348311015,-0.007993543270909075,-1.8834024246049157,0.2881790918911575,7,2.9827850973272754,37.56915607534786,0.6458891509674197,1.0,V12.0
207.56169652361743,-1.302334917898015,-0.3287526289242123,-0.0030840775462108202,-1.8793548076409263,0.29324641154395614,7,2.317007424359046,32.943333999431154,0.6468480059432461,1.0,V12.0
207.91212274923436,-1.294726743339117,-0.32114445436531425,0.0018399996052991141,-1.8753071906769372,0.2983137311967548,6,3.4943379175864133,33.87984338349699,0.6478143089354405,1.0,V12.0
208.2631405991329,-1.2871185687802231,-0.3135362798064204,0.006778853053307605,-1.87125957371295,0.30338105084955086,6,3.676004300679373,33.41683181539217,0.6487875691808215,1.0,V12.0
208.61475107215185,-1.279510394221325,-0.30592810524752234,0.011732632741692759,-1.8672119567489607,0.30844837050234947,6,3.7180611356513853,33.50936788647378,0.6497672964384903,1.0,V12.0
208.96695516881624,-1.2719022196624272,-0.2983199306886245,0.016701475276983714,-1.8631643397849713,0.3135156901551482,6,3.7507876636429303,33.52750087068175,0.6507530621087865,1.0,V12.0
209.31975389134035,-1.2642940451035292,-0.29071175612972644,0.02168550340513812,-1.859113721411863,0.3185830098079469,6,3.7507876636429303,33.52750087068175,0.6517444130336962,1.0,V12.0
209.6731482436305,-1.2566858705446313,-0.2831035815708286,0.026684828522539127,-1.854981145188023,0.3236503294607455,6,3.7507876636429303,33.52750087068175,0.6527409557708607,1.0,V12.0
210.02713923128786,-1.2490776959857333,-0.27549540701193054,0.03169954926099117,-1.850848568964183,0.3287176491135442,6,3.7507876636429303,33.52750087068175,0.6537422805636901,1.0,V12.0
210.3817278616114,-1.2414695214268354,-0.2678872324530327,0.036729753875879824,-1.8445149801117953,0.3337849687663429,6,3.7507876636429303,33.52750087068175,0.6547480149759538,1.0,V12.0
210.7369151436007,-1.2338613468679416,-0.26027905789413885,0.041775519688411075,-1.8340560841317783,0.3388522884191389,6,3.7507876636429303,33.52750087068175,0.6557577928512657,1.0,V12.0
211.09270208795883,-1.2262531723090435,-0.2526708833352408,0.04683691509401068,-1.8235971881517563,0.34391960807193755,6,3.7507876636429303,33.52750087068175,0.656771279125902,1.0,V12.0
211.44908970709523,-1.2186449977501457,-0.24506270877634295,0.05191399947889548,-1.8130936814584553,0.3489869277247363,6,3.7507876636429303,33.52750087068175,0.6577881537850684,1.0,V12.0
211.80607901512857,-1.2110368231912476,-0.2374545342174449,0.057006824577796406,-1.8025532626394367,0.3540542473775349,6,3.7507876636429303,33.52750087068175,0.6588081209376128,1.0,V12.0
212.16367102788968,-1.2034286486323498,-0.22984635965854705,0.062115418971828776,-1.7920128438204186,0.3591215670303336,6,3.7507876636429303,33.52750087068175,0.6598307343940271,1.0,V12.0
212.52186676292442,-1.1958204740734517,-0.222238185099649,0.06723983197729992,-1.7814724250014,0.36418888668313226,6,3.7507876636429303,33.52750087068175,0.6608558852138698,1.0,V12.0
212.88066723949655,-1.1882122995145576,-0.21463001054075492,0.07238009532310741,-1.7709320061823877,0.36925620633592826,6,3.7507876636429303,33.52750087068175,0.6618833339451914,1.0,V12.0
213.2400734785907,-1.1806041249556598,-0.20702183598185708,0.07753623571330141,-1.7649246630489936,0.374323525988727,6,3.7507876636429303,33.52750087068175,0.6629128604781825,1.0,V12.0
213.60008650291513,-1.172995950396762,-0.19941366142295924,0.08270827548622231,-1.759333029526315,0.37939084564152564,6,3.7507876636429303,33.52750087068175,0.6639442634299543,1.0,V12.0
213.96070733690482,-1.1653877758378637,-0.19180548686406096,0.08789623323273633,-1.7537413960036363,0.38445816529432425,6,3.7507876636429303,33.52750087068175,0.6649773594321474,1.0,V12.0
214.3219370067243,-1.1577796012789658,-0.18419731230516312,0.0931001243758238,-1.7481497624809574,0.38952548494712297,6,3.7507876636429303,33.52750087068175,0.6660119823748101,1.0,V12.0
214.68377654027057,-1.150171426720072,-0.17658913774626928,0.09831996168072286,-1.7425581289582817,0.39459280459991897,6,3.7507876636429303,33.52750087068175,0.6670479824132864,1.0,V12.0
215.04622696717598,-1.142563252161174,-0.1689809631873712,0.10355578181625875,-1.7369664954356032,0.39966012425271763,6,3.7507876636429303,33.52750087068175,0.6680853933355441,1.0,V12.0
215.40928931881123,-1.134955077602276,-0.16137278862847337,0.10880757331318774,-1.7313748619129243,0.40472744390551635,6,3.7507876636429303,33.52750087068175,0.6691239465759482,1.0,V12.0
215.77296462828832,-1.127346903043378,-0.1537646140695753,0.11407534438383958,-1.725783228390246,0.409794763558315,6,3.7507876636429303,33.52750087068175,0.6701635372083952,1.0,V12.0
216.13725393046343,-1.1197387284844802,-0.14615643951067747,0.11935910208914788,-1.720191594867567,0.4148620832111137,6,3.7507876636429303,33.52750087068175,0.6712040717885788,1.0,V12.0
216.50215826193983,-1.1121305539255821,-0.1385482649517794,0.1246588524295115,-1.7145999613448886,0.41992940286391234,6,3.7507876636429303,33.52750087068175,0.6722454664885679,1.0,V12.0
216.86767866107098,-1.1045223793666843,-0.13094009039288157,0.1299746009895746,-1.7090083278222097,0.424996722516711,6,3.7507876636429303,33.52750087068175,0.6732876485418913,1.0,V12.0
217.2338161679633,-1.0969142048077902,-0.1233319158339875,0.13530655320948504,-1.703416694299534,0.430064042169507,6,3.7507876636429303,33.52750087068175,0.6743315522446623,1.0,V12.0
217.60057182447935,-1.0893060302488924,-0.11572374127508966,0.1406545040708587,-1.6978250607768552,0.4351313618223057,6,3.755493471917355,33.4552816893064,0.6753760044815137,1.0,V12.0
217.96794667424052,-1.0816978556899943,-0.1081155667161916,0.14601845629124957,-1.6922334272541766,0.4401986814751044,6,3.7567560358249157,33.44592087101136,0.6764209598431308,1.0,V12.0
218.33594176263023,-1.0740896811310963,-0.10050739215729354,0.15139841121830336,-1.686641793731498,0.44526600112790304,6,3.795936703744915,32.943333999431154,0.6774663729739738,1.0,V12.0
218.70455813679678,-1.0664815065721984,-0.0928992175983957,0.15679436922867876,-1.6810501602088193,0.4503333207807017,6,3.803462650238085,32.776887654667135,0.6785122002897278,1.0,V12.0
219.07379684565643,-1.0588733320133004,-0.08529104303949764,0.16220632877961208,-1.6754585266861406,0.45540064043350037,6,3.983274877511774,29.941738646379925,0.6795583957215777,1.0,V12.0
219.44365893989624,-1.0512651574544065,-0.0776828684806038,0.16763421903890727,-1.6698668931634648,0.46046796008629637,6,4.035487288471194,29.557737907902123,0.6806046375738086,1.0,V12.0
219.81414547197718,-1.0436569828955087,-0.07007469392170596,0.17307798322869736,-1.6642752596407862,0.46553527973909503,6,4.070214574560128,28.46818558547895,0.6816506980594982,1.0,V12.0
220.18525749613715,-1.0360488083366106,-0.06246651936280789,0.17853785690052426,-1.6586836261181075,0.47060259939189375,6,4.074848799233273,28.25777078193809,0.6826974937156196,1.0,V12.0
220.55699606839383,-1.0284406337777128,-0.05485834480391005,0.18401367119198134,-1.6524333439569936,0.4756699190446924,6,4.077220153812067,28.222652805191366,0.683744334746221,1.0,V12.0
220.9293622465478,-1.0208324592188147,-0.04725017024501199,0.18950542605582657,-1.6452482689429748,0.4807372386974911,6,4.078373250930381,28.147048642902252,0.6847912172381915,1.0,V12.0
221.30235709018555,-1.0135872428293997,-0.04000495385559699,0.1947643660561754,-1.638483170765289,0.4856231063750247,6,4.078942404179584,28.083286245523333,0.6858387545240845,1.0,V12.0
221.67598166068245,-1.0064361441311784,-0.03285385515737571,0.19997376791310062,-1.6318269756335038,0.4904619222366466,6,4.078942404179584,28.083286245523333,0.6868860539096175,1.0,V12.0
222.0502370212058,-0.9992850454329572,-0.02570275645915443,0.20519816241405128,-1.625170780501718,0.4953007380982684,6,4.079216253568822,28.06193989903733,0.6879334001014599,1.0,V12.0
222.42512423671778,-0.9921339467347359,-0.01855165776093315,0.21043745021782365,-1.6185145853699325,0.5001395539598902,5,3.0467374346481746,31.28957465118698,0.6889804645649895,1.0,V12.0
222.80064437397866,-0.9849828480365145,-0.011400559062711757,0.21569163779736786,-1.6118583902381467,0.504978369821512,5,3.0467374346481746,31.28957465118698,0.6900272873436584,1.0,V12.0
223.17679850154963,-0.9778317493382933,-0.004249460364490587,0.22096061476929918,-1.6052021951063613,0.5098171856831339,5,3.0467374346481746,31.28957465118698,0.6910735394201725,1.0,V12.0
223.553587689796,-0.970680650640072,0.002901638333730694,0.22624431783157034,-1.5983049991786686,0.5146560015447557,5,3.0274572042122827,31.29929824521121,0.6921190645977513,1.0,V12.0
223.93101301089007,-0.9635295519418545,0.0100527370319482,0.23154267560717842,-1.5912335605426169,0.519494817406375,5,3.0274572042122827,31.29929824521121,0.693163695881311,1.0,V12.0
224.3090755388144,-0.9563784532436332,0.01720383573016948,0.23685560612779255,-1.5841621219065618,0.524333633267997,5,3.0274572042122827,31.29929824521121,0.6942072492337493,1.0,V12.0
224.6877763493647,-0.9492273545454121,0.02435493442839065,0.2421830168672443,-1.5770906832705065,0.5291724491296188,5,3.0274572042122827,31.29929824521121,0.6952495254214199,1.0,V12.0
225.06711652015295,-0.9420762558471908,0.03150603312661193,0.24752480411929167,-1.570019244634451,0.5340112649912406,8,3.4741328139327816,28.325307697243936,0.696290309792223,1.0,V12.0
225.44709713061044,-0.9349251571489694,0.038657131824833324,0.2528808525435052,-1.562947805998396,0.5388500808528625,8,3.4741328139327816,28.325307697243936,0.6973293725435922,1.0,V12.0
225.82771926199095,-0.9277740584507519,0.04580823052305083,0.2582510347949139,-1.5558763673623441,0.5436888967144817,8,3.4741328139327816,28.325307697243936,0.6983664691858928,1.0,V12.0
226.20898399737365,-0.9206229597525307,0.052959329221272,0.26363521119373984,-1.5488049287262888,0.5485277125761034,8,3.4741328139327816,28.325307697243936,0.6994013410593858,1.0,V12.0
226.59089242166627,-0.9134718610543096,0.06011042791949317,0.26903322947573677,-1.5417334900902335,0.5533665284377255,8,3.4741328139327816,28.325307697243936,0.7004337160033695,1.0,V12.0
226.97344562160825,-0.9063207623560882,0.06726152661771456,0.2744449246298446,-1.534662051454178,0.5582053442993472,8,3.4741328139327816,28.325307697243936,0.7014633091750425,1.0,V12.0
227.35664468577374,-0.899169663657867,0.07441262531593573,0.2798701188291771,-1.527590612818123,0.563044160160969,8,3.473544728235589,28.29849070807783,0.7024898240144849,1.0,V12.0
227.7404907045747,-0.8920185649596457,0.08156372401415701,0.28530862146076996,-1.5205191741820676,0.567882976022591,8,3.469502710523488,28.27543329594725,0.7035129533510563,1.0,V12.0
228.1249847702641,-0.8848674662614244,0.0887148227123783,0.29075987694102823,-1.513447735546012,0.5727217918842128,8,3.469195779351034,28.35212468641004,0.7045315269548771,1.0,V12.0
228.51012797693886,-0.8777163675632069,0.0958659214105958,0.29622396574795984,-1.5063762969099603,0.5775606077458322,8,3.4610997189604547,28.391217739806493,0.7055459692946836,1.0,V12.0
228.89592142054317,-0.8705652688649855,0.10301702010881719,0.3017006528119735,-1.4993048582739052,0.5823994236074539,8,3.4433072279840973,28.2351672182866,0.7065559374202387,1.0,V12.0
229.28236619887144,-0.8634141701667644,0.11016811880703836,0.3071896905887446,-1.4922334196378497,0.5872382394690758,8,3.4388117933777353,28.25237588381667,0.707561082243281,1.0,V12.0
229.6694634115715,-0.8562630714685431,0.11731921750525964,0.3126908195427564,-1.4851619810017944,0.5920770553306977,8,3.397872433131285,27.482186474727637,0.7085610501305253,1.0,V12.0
230.05721416014774,-0.8491119727703218,0.12447031620348092,0.31820376873661,-1.4780905423657391,0.5969158711923195,8,3.38152522838311,27.02005329212339,0.7095554845801374,1.0,V12.0
230.44561954796413,-0.8419608740721043,0.13162141490169843,0.32372825652499493,-1.4710191037296876,0.6017546870539386,8,3.3480585420782436,26.043905183518348,0.7105440279700396,1.0,V12.0
230.83468068024757,-0.834809775373883,0.1387725135999197,0.32926411009120427,-1.4639476650936323,0.6065935029155606,8,3.3438001883180313,26.043905183518348,0.7115265799580757,1.0,V12.0
231.2243986640908,-0.8276586766756617,0.145923612298141,0.33481092857865125,-1.4568762264575765,0.6114323187771824,7,3.3422538382535363,26.032760353648328,0.7125025610243353,1.0,V12.0
231.61477460845578,-0.8205075779774404,0.15307471099636227,0.34036844011390166,-1.4498047878215214,0.6143369653554311,7,3.2996858831702616,26.106678264518553,0.7134716967680195,1.0,V12.0
232.0058096241766,-0.8133564792792192,0.16022580969458355,0.3459363849283802,-1.4427333491854661,0.6162338865832867,9,3.3124224332580483,26.138573952867368,0.7144337539975232,1.0,V12.0
232.3975048239629,-0.8062053805809979,0.16737690839280484,0.3515142624535166,-1.4356619105494108,0.618130807811142,9,3.35710404725578,26.04185153220813,0.7153880230296898,1.0,V12.0
232.7898613224028,-0.7990542818827804,0.17452800709102234,0.3571018378842202,-1.428590471913359,0.6242937400319157,9,3.4182752147005773,26.02366917508853,0.7163343680152755,1.0,V12.0
233.18288023596625,-0.7919031831845591,0.18167910578924362,0.362698697519882,-1.4215190332773038,0.6309833923280725,9,3.5849141193707714,25.30913219905568,0.7172723070062773,1.0,V12.0
233.5765626830081,-0.7847520844863379,0.1888302044874648,0.3683045359159915,-1.4144475946412485,0.6376730446242294,9,3.3016878036604527,25.5732550846902,0.7182015960390394,1.0,V12.0
233.9709097837713,-0.7776009857881166,0.19598130318568607,0.37391909766538856,-1.4073761560051932,0.6443626969203863,9,3.472953165577534,27.61490012264086,0.7191221008027903,1.0,V12.0
234.36592266039017,-0.7704498870898955,0.20313240188390724,0.3795420552968112,-1.4003047173691376,0.6507437927282602,9,3.534135420956867,28.167856165685993,0.7200335575616014,1.0,V12.0
234.76160243689347,-0.7632987883916741,0.21028350058212864,0.3851730780892031,-1.3932332787330826,0.6557054991300949,8,3.6477194781653077,29.51300015264688,0.7209357106171016,1.0,V12.0
235.15795023920765,-0.7561476896934566,0.21743459928034614,0.39081185184125555,-1.3861618400970308,0.6606672055319269,8,3.6768801922190626,29.62137615507244,0.7218283482919674,1.0,V12.0
235.55496719516015,-0.7489965909952354,0.2245856979785673,0.396458052911837,-1.3790904014609753,0.6656289119337616,8,3.6836553697914627,29.600661808712452,0.72271125273842,1.0,V12.0
235.95265443448238,-0.7418454922970141,0.2317367966767886,0.40211138082372416,-1.3720189628249202,0.6705906183355962,8,3.6925189964304255,29.62962538422292,0.7235842590044501,1.0,V12.0
236.3510130888132,-0.7346943935987927,0.23888789537500998,0.40777144814950095,-1.3649475241888647,0.6755523247374309,8,3.697070008173858,29.61312692592196,0.7244470560448957,1.0,V12.0
236.75004429170195,-0.7275432949005716,0.24603899407323115,0.4134380467515889,-1.3578760855528096,0.6805140311392656,8,3.704218657871199,29.600661808712452,0.725299662953629,1.0,V12.0
237.14974917861178,-0.7203921962023503,0.25319009277145244,0.4191109006540718,-1.350804646916754,0.6854757375411001,8,3.708264211833981,29.62137615507244,0.7261419803430871,1.0,V12.0
237.55012888692278,-0.7132410975041328,0.26034119146966994,0.4247897486264455,-1.3437332082807025,0.6904374439429323,8,3.7107758717942154,29.62137615507244,0.7269739389259197,1.0,V12.0
237.95118455593533,-0.7060899988059115,0.2674922901678912,0.43047434132988566,-1.3366617696446472,0.6953991503447668,8,3.7107758717942154,29.62137615507244,0.7277954928706218,1.0,V12.0
238.35291732687327,-0.6989389001076902,0.2746433888661125,0.43616444691741646,-1.329590331008592,0.7003608567466015,8,3.7107758717942154,29.62137615507244,0.7286066277555691,1.0,V12.0
238.75532834288717,-0.6928354306635767,0.28074685831022606,0.44109570197483133,-1.3222694549171483,0.704887550434121,8,3.7107758717942154,29.62137615507244,0.7294073577693091,1.0,V12.0
239.1584187490576,-0.6869107705716263,0.2866715184021764,0.4458998360089196,-1.3149060048429448,0.7093399961552683,8,3.7107758717942154,29.62137615507244,0.7301977260613576,1.0,V12.0
239.56218969239833,-0.6809861104796762,0.29259617849412656,0.45070699081390414,-1.3075425547687414,0.7137924418764156,8,3.7107758717942154,29.62137615507244,0.7309778044538641,1.0,V12.0
239.9666423218597,-0.6750614503877258,0.2985208385860769,0.45551704597300635,-1.300179104694538,0.7182448875975627,8,3.7107758717942154,29.62137615507244,0.7317476933084818,1.0,V12.0
240.37177778833168,-0.6691367902957787,0.30444549867802406,0.46032990097737664,-1.2928156546203387,0.7226973333187076,8,3.7107758717942154,29.62137615507244,0.7325075208809647,1.0,V12.0
240.77759724464747,-0.6632121302038285,0.3103701587699742,0.4651454755528603,-1.285452204546135,0.7271497790398548,8,3.7107758717942154,29.62137615507244,0.7332574425336595,1.0,V12.0
241.18410184558647,-0.657287470111878,0.3162948188619247,0.4699637096616552,-1.2780887544719315,0.7316022247610021,8,3.7107758717942154,29.62137615507244,0.7339976394839971,1.0,V12.0
241.59129274787773,-0.651362810019928,0.3222194789538747,0.47478456406901137,-1.2707253043977282,0.7360546704821493,8,3.7107758717942154,29.62137615507244,0.7347283184961976,1.0,V12.0
241.99917111020324,-0.6454381499279775,0.3281441390458252,0.47960801966866434,-1.2633618543235245,0.7405071162032966,8,3.7107758717942154,29.62137615507244,0.7354497096863878,1.0,V12.0
242.4077380932011,-0.6395134898360305,0.3340687991377722,0.48443407679100653,-1.255998404249325,0.7449595619244416,8,3.7107758717942154,29.62137615507244,0.7361620644200603,1.0,V12.0
242.81699485946902,-0.6335888297440802,0.33999345922972257,0.4892627555244112,-1.2486349541751216,0.7494120076455887,8,3.7107758717942154,29.62137615507244,0.7368656548479561,1.0,V12.0
243.22694257356744,-0.6276641696521299,0.3459181193216728,0.49409409332592014,-1.2412715041009181,0.7538644533667359,8,3.7107758717942154,29.62137615507244,0.7375607694203034,1.0,V12.0
243.63758240202299,-0.6217395095601798,0.35184277941362296,0.4989281487582096,-1.2339080540267149,0.7583168990878834,8,3.7107758717942154,29.62137615507244,0.7382477177018195,1.0,V12.0
244.0489155133317,-0.6158148494682294,0.3577674395055733,0.5037649892628856,-1.2265446039525112,0.7627693448090304,8,3.7107758717942154,29.62137615507244,0.7389268115200186,1.0,V12.0
244.46094307796238,-0.6098901893762791,0.3636920995975236,0.508604603188885,-1.219181153878308,0.7672217905301777,8,3.7107758717942154,29.62137615507244,0.7395982369419595,1.0,V12.0
244.87366626835998,-0.603965529284332,0.3696167596894707,0.5134472114693217,-1.2118177038041082,0.7716742362513226,8,3.7107758717942154,29.62137615507244,0.7402625090054884,1.0,V12.0
245.28708625894885,-0.5980408691923818,0.37554141978142097,0.518292904173648,-1.2044542537299048,0.7761266819724698,8,3.7107758717942154,29.62137615507244,0.7409199382252092,1.0,V12.0
245.7012042261361,-0.5921162091004316,0.3814660798733711,0.5231417331466255,-1.1970908036557015,0.780579127693617,8,4.678494905465356,29.49302496999583,0.7415707704996616,1.0,V12.0
246.116021348315,-0.5861915490084812,0.3873907399653215,0.5279938791231633,-1.1897273535814978,0.7850315734147644,8,3.5815653065258393,29.63800809308056,0.7422154247199635,1.0,V12.0
246.5315388058683,-0.580266888916531,0.3933154000572717,0.5328501183616013,-1.1823639035072946,0.7894840191359116,8,3.5815653065258393,29.63800809308056,0.7428551361666638,1.0,V12.0
246.94775778117162,-0.5743422288245807,0.399240060149222,0.5377098369949124,-1.175000453433091,0.7939364648570588,9,3.84066374177783,32.00189704618178,0.7434891775220018,1.0,V12.0
247.36467945859667,-0.5684175687326336,0.4051647202411691,0.5425733409546334,-1.1676370033588914,0.7983889105782036,9,3.84066374177783,32.00189704618178,0.7441181065750655,1.0,V12.0
247.78230502451487,-0.5624929086406834,0.41108938033311937,0.5474405060153561,-1.1602735532846882,0.8028413562993508,9,3.84066374177783,32.00189704618178,0.7447418779434225,1.0,V12.0
248.2006356673005,-0.5565682485487331,0.4170140404250696,0.5523116097180344,-1.1529101032104845,0.8072938020204983,9,3.84066374177783,32.00189704618178,0.7453609898917601,1.0,V12.0
248.61967257733448,-0.5506435884567797,0.422938700517023,0.5571868375856394,-1.1455466531362772,0.8117462477416478,9,3.84066374177783,32.00189704618178,0.7459758016796512,1.0,V12.0
249.03941694700666,-0.5447189283648294,0.42886336060897334,0.5620663366490224,-1.1381832030620738,0.816198693462795,9,3.84066374177783,32.00189704618178,0.7465866101290076,1.0,V12.0
249.45986997072075,-0.5387942682728792,0.4347880207009235,0.5669502082712796,-1.13081975298787,0.8206511391839423,9,3.84066374177783,32.00189704618178,0.7471936426048004,1.0,V12.0
249.88103284489674,-0.5328696081809289,0.44071268079287385,0.5718381449829926,-1.1234563029136668,0.8251035849050895,9,3.84066374177783,32.00189704618178,0.7477965847927374,1.0,V12.0
250.3029067679745,-0.5269449480889818,0.4466373408848209,0.5767306573964318,-1.1160928528394674,0.8295560306262343,9,3.84066374177783,32.00189704618178,0.7483961936305674,1.0,V12.0
250.7254929404173,-0.5210202879970315,0.45256200097677124,0.5816278093951899,-1.1115739735922037,0.8340084763473817,9,3.84066374177783,32.00189704618178,0.7489926276798746,1.0,V12.0
251.14879256471505,-0.5150956279050812,0.4584866610687215,0.5865296135785886,-1.1084213013129387,0.8384609220685288,9,3.842228643093189,31.96790824636419,0.7495859751585158,1.0,V12.0
251.57280684538793,-0.509170967813131,0.46441132116067174,0.5914360688113409,-1.1052686290336735,0.8429133677896761,9,3.842228643093189,31.96790824636419,0.7501763042116267,1.0,V12.0
251.99753698898962,-0.5032463077211807,0.470335981252622,0.596347105920679,-1.1021159567544085,0.8473658135108234,9,3.842228643093189,31.96790824636419,0.7507635952963062,1.0,V12.0
252.42298420411086,-0.4973216476292305,0.47626064134457224,0.6012626804806581,-1.0989632844751434,0.8518182592319706,9,3.842228643093189,31.96790824636419,0.7513478603724433,1.0,V12.0
252.84914970138286,-0.4913969875372833,0.48218530143651944,0.6061826900253059,-1.0958106121958802,0.8562707049531155,6,2.332261629582103,34.943553211252194,0.7519290390535815,1.0,V12.0
253.27603469348074,-0.48547232744533303,0.4881099615284697,0.6111069841198484,-1.0926579399166152,0.8607231506742629,6,2.332261629582103,34.943553211252194,0.7525070136474736,1.0,V12.0
253.70364039512694,-0.4795476673533828,0.49403462162041994,0.6160353669263204,-1.08950526763735,0.8651755963954101,6,2.332261629582103,34.943553211252194,0.7530816143677057,1.0,V12.0
254.13196802309477,-0.4736230072614325,0.4999592817123702,0.6209675940429288,-1.086352595358085,0.8696280421165573,6,2.332261629582103,34.943553211252194,0.7536526173706467,1.0,V12.0
254.56101879621175,-0.4676983471694822,0.5058839418043205,0.6259033694333318,-1.08319992307882,0.8740804878377045,6,2.332261629582103,34.943553211252194,0.7542197429848484,1.0,V12.0
254.99079393536326,-0.46177368707753197,0.5118086018962708,0.6308422215242345,-1.080047250799555,0.8785329335588516,6,2.332261629582103,34.943553211252194,0.7547825094445112,1.0,V12.0
255.42129466349576,-0.4558490269855849,0.5177332619882178,0.6357838737554551,-1.0768945785202917,0.8829853792799968,6,2.332261629582103,34.943553211252194,0.755340680232602,1.0,V12.0
255.85252220562046,-0.4499243668936346,0.5236579220801681,0.6407278579790532,-1.0737419062410265,0.887437825001144,8,4.1991265553347565,32.22695597473896,0.7558937994204951,1.0,V12.0
256.28447778881684,-0.4439997068016843,0.5295825821721184,0.6456736408725506,-1.0705892339617615,0.8918902707222911,8,4.1991265553347565,32.22695597473896,0.7564413473826094,1.0,V12.0
256.71716264223596,-0.4380750467097341,0.5355072422640687,0.6506206263532052,-1.0674365616824966,0.8963427164434383,8,4.1991265553347565,32.22695597473896,0.7569827458007338,1.0,V12.0
257.15057799710405,-0.4321503866177838,0.5414319023560189,0.6555681461967828,-1.0642838894032314,0.9007951621645856,8,4.1991265553347565,32.22695597473896,0.7575173488329568,1.0,V12.0
257.58472508672605,-0.4279275687264462,0.5456547202473565,0.6592253993772892,-1.0613696536837312,0.9046096039886874,8,4.1991265553347565,32.22695597473896,0.7580444584800765,1.0,V12.0
258.01960514648914,-0.4238642258359679,0.5497180631378349,0.6627589053395191,-1.0584777612053138,0.9083642602039984,8,4.1991265553347565,32.22695597473896,0.7585632978176712,1.0,V12.0
258.4552194138661,-0.41980088294549167,0.553781406028311,0.6662886508309592,-1.055585868726898,0.9121189164193072,8,4.1991265553347565,32.22695597473896,0.7590730494104447,1.0,V12.0
258.89156912841895,-0.41573754005501334,0.5578447489187894,0.6698137366336389,-1.0526939762484806,0.9158735726346181,8,4.1991265553347565,32.22695597473896,0.759572819164829,1.0,V12.0
259.3286555318026,-0.411674197164535,0.5619080918092677,0.673332820427484,-1.0498020837700632,0.919628228849929,8,4.1991265553347565,32.22695597473896,0.7600612292153698,1.0,V12.0
259.7664798677681,-0.4076108542740567,0.565971434699746,0.6768450277530496,-1.0469101912916456,0.92338288506524,8,4.175462109972996,32.22116733404715,0.7605374525726908,1.0,V12.0
260.2050433821663,-0.4035475113835805,0.5700347775902221,0.6803484408143609,-1.0440182988132298,0.9271375412805488,8,4.0883535140118,31.945292168737215,0.760999510264598,1.0,V12.0
260.6443473229516,-0.3994841684931022,0.5740981204807005,0.6838426587336561,-1.0411264063348122,0.9308921974958597,8,4.437212728076204,31.6657744212834,0.7614471481966208,1.0,V12.0
261.0843929401851,-0.3954208256026238,0.5781614633711789,0.6873265223901246,-1.0382345138563949,0.9346468537111707,8,4.439741749983639,31.645616879713877,0.7618792763641878,1.0,V12.0
261.52518148603855,-0.39135748271214554,0.5822248062616572,0.6907989592683658,-1.0353426213779777,0.9384015099264816,8,4.390977108981472,31.668982533604648,0.7622949198814158,1.0,V12.0
261.9667142147976,-0.38729413982166716,0.5862881491521356,0.694257956567374,-1.0324507288995604,0.9421561661417925,8,4.324623239653244,31.74588588290552,0.762692088298408,1.0,V12.0
262.4089923828657,-0.3832307969311889,0.5903514920426138,0.697702822251839,-1.029558836421143,0.9459108223571034,8,4.175926422813086,31.190923606086667,0.7630702710553998,1.0,V12.0
262.8520172487672,-0.3791674540407105,0.5944148349330922,0.7011316181099236,-1.0266669439427254,0.9496654785724143,8,4.138590919483482,31.190923606086667,0.7634276097281487,1.0,V12.0
263.29579007315147,-0.37510411115023434,0.5984781778235684,0.7045428365929647,-1.0237750514643096,0.9534201347877233,8,4.073946212062533,30.900469535928394,0.76376274549929,1.0,V12.0
263.74031211879617,-0.371040768259756,0.6025415207140468,0.7079347696748921,-1.020883158985892,0.957174791003034,8,4.096955627106635,31.570821939823784,0.7640741270128883,1.0,V12.0
264.18558465061085,-0.3669774253692777,0.606604863604525,0.7113056988491563,-1.0179912665074748,0.9609294472183452,8,4.080282110841072,31.668982533604648,0.7643602187462927,1.0,V12.0
264.6316089356406,-0.3629140824787994,0.6106682064950033,0.7146538461772918,-1.0150993740290575,0.9646841034336562,8,4.0910423154958195,31.763352282145924,0.7646194482920418,1.0,V12.0
265.07838624306976,-0.35885073958832103,0.6147315493854817,0.7179773595693933,-1.0122074815506399,0.968438759648967,8,4.090803675010311,31.771907582818663,0.764850191475686,1.0,V12.0
265.5259178442254,-0.3547873966978427,0.6187948922759601,0.7212743633250884,-1.0093155890722225,0.9721934158642778,8,4.088071882665406,31.77323527708785,0.7650508270798227,1.0,V12.0
265.9742050125808,-0.3507240538073665,0.6228582351664362,0.7245429152158793,-1.0064236965938065,0.9759480720795868,8,4.08026925874494,31.781918034086928,0.7652196914535365,1.0,V12.0
266.4232490237595,-0.3466607109168882,0.6269215780569145,0.7277810993896578,-1.0035318041153891,0.9797027282948977,8,4.080173414557362,31.790600791086003,0.7653551771200254,1.0,V12.0
266.8730511555385,-0.3425973680264099,0.6309849209473928,0.7309867676593196,-1.000639911636972,0.9834573845102086,7,4.078506024637635,31.781918034086928,0.7654554606709505,1.0,V12.0
267.32361268785223,-0.33853402513593156,0.6350482638378712,0.7341578783053067,-0.9977480191585544,0.9872120407255195,7,4.078506024637635,31.781918034086928,0.7655188606160018,1.0,V12.0
267.7749349027958,-0.33447068224545323,0.6391116067283495,0.7372923106103619,-0.9948561266801371,0.9909666969408304,7,4.078506024637635,31.781918034086928,0.7655436418172662,1.0,V12.0
268.2270190846291,-0.3304073393549749,0.6431749496188278,0.7403879072707568,-0.9919642342017196,0.9947213531561414,7,4.078506024637635,31.781918034086928,0.7655280604674968,1.0,V12.0
268.67986651978003,-0.3263439964644987,0.6472382925093041,0.743442478324547,-0.9890723417233037,0.9984760093714503,7,4.078506024637635,31.781918034086928,0.7654703683161146,1.0,V12.0
269.1334784968486,-0.32228065357402036,0.6513016353997824,0.7464538038934935,-0.9861804492448863,1.0022306655867612,7,4.078506024637635,31.781918034086928,0.7653688155731633,1.0,V12.0
269.58785630661026,-0.31821731068354203,0.6553649782902606,0.7494196382590621,-0.983288556766469,1.0053547405669416,7,4.078506024637635,31.781918034086928,0.7652216551031993,1.0,V12.0
270.04300124201956,-0.3141539677930637,0.659428321180739,0.7523377136604155,-0.9803966642880516,1.007685208115665,7,4.078506024637635,31.781918034086928,0.7650271462324952,1.0,V12.0
270.498914598214,-0.3100906249025854,0.6634916640712174,0.7552057441036173,-0.977504771809634,1.0100156756643885,8,4.079275798489606,31.781918034086928,0.7647835584736108,1.0,V12.0
270.9555976725179,-0.30602728201210705,0.6675550069616957,0.7580214292105022,-0.9746128793312168,1.0122810797516413,8,4.0793680820054234,31.77323527708785,0.764489175198384,1.0,V12.0
271.41305176444547,-0.3019639391216309,0.6716183498521718,0.7607824580918587,-0.9717209868528007,1.0145406963309516,8,4.081703414682368,31.790600791086003,0.7641422972454031,1.0,V12.0
271.87127817570513,-0.29790059623115256,0.6756816927426501,0.7634865132296188,-0.9688290943743834,1.0166947522671286,8,4.085261728667345,31.79149000450424,0.7637412464484993,1.0,V12.0
272.33027821020295,-0.2938372533406742,0.6797450356331285,0.7661312743527934,-0.9659372018959661,1.0176862206753658,8,4.08706531784743,31.712674538787144,0.7632843690733196,1.0,V12.0
272.7900531740463,-0.2897739104501959,0.6838083785236069,0.7687144222932328,-0.9630453094175486,1.0186776890836031,8,4.09526881992664,31.79149000450424,0.7627700391507297,1.0,V12.0
273.2506043755477,-0.2857105675597175,0.6878717214140853,0.7712336428030305,-0.9601534169391313,1.0196691574918402,8,4.121610132108802,32.24470595686631,0.7621966616919993,1.0,V12.0
273.7119331252285,-0.28164722466923925,0.6919350643045634,0.7736866303221803,-0.9572615244607139,1.0206606259000774,8,4.126851908254936,32.34616489625871,0.7615626757778632,1.0,V12.0
274.1740407358226,-0.27758388177876303,0.6959984071950397,0.7760710904410202,-0.954369631982298,1.021652094308314,8,4.132217566022256,32.350268238782085,0.7608665562941033,1.0,V12.0
274.6369285222802,-0.2735205388882847,0.700061750085518,0.7783847470463734,-0.9514777395038805,1.022643562716551,8,4.133223471622849,32.34206155373535,0.7601068201995206,1.0,V12.0
275.1005978017714,-0.2694571959978064,0.7041250929759963,0.7806253325574294,-0.9485858470254632,1.0236350311247884,8,4.135615272833604,32.33908063121174,0.7592820161973741,1.0,V12.0
275.56504989369034,-0.26539385310732805,0.7081884358664747,0.7827907729095687,-0.9456939545470457,1.0246264995330256,8,4.135626083280042,32.32015803704753,0.7583909033283475,1.0,V12.0
276.03028611965846,-0.2613305102168497,0.712251778756953,0.7848787559800182,-0.9428020620686283,1.025617967941263,8,4.142293773779467,32.37122969220674,0.7574320303641661,1.0,V12.0
276.49630780352857,-0.2572671673263714,0.7163151216474313,0.7868871656639307,-0.9391558464487191,1.0266094363495,8,4.10962878050441,32.29341215445693,0.7564041571746036,1.0,V12.0
276.96311627138857,-0.2532038244358952,0.7203784645379075,0.7888128631186834,-0.9353406480563679,1.0276009047577366,10,4.903951607334885,32.41238860107301,0.7553050836363591,1.0,V12.0
277.4307128515651,-0.2491404815454169,0.7244418074283858,0.790654560532458,-0.9315254496640147,1.0285923731659739,10,5.136836759957816,31.66929945161496,0.7541344092659492,1.0,V12.0
277.8990988746275,-0.24691373400154723,0.7266685549722555,0.7910281075996126,-0.9289695356520085,1.0276801510708007,10,5.252159807556507,32.093819965971335,0.7528916397999376,1.0,V12.0
278.36827567339157,-0.2447351641696291,0.7288471248041737,0.7912815704557243,-0.9264466552857933,1.0267179912183055,10,5.252159807556507,32.093819965971335,0.7515744645140918,1.0,V12.0
278.8382445829231,-0.24255659433771098,0.7310256946360918,0.7914503032330233,-0.9239237749195783,1.0257558313658104,10,5.252159807556507,32.093819965971335,0.7501824170212965,1.0,V12.0
279.309006940542,-0.24037802450579282,0.7332042644680099,0.7915327807564727,-0.921400894553363,1.0247936715133148,10,5.252159807556507,32.093819965971335,0.7487145175232323,1.0,V12.0
279.78056408582603,-0.23819945467387582,0.7353828342999269,0.7915275346931723,-0.9188780141871492,1.02383151166082,10,5.252159807556507,32.093819965971335,0.7471698479379976,1.0,V12.0
280.25291736061445,-0.23602088484195768,0.737561404131845,0.7914339528360299,-0.9163551338209341,1.0242015077541857,10,5.252159807556507,32.093819965971335,0.7455483042097271,1.0,V12.0
280.726068109012,-0.23384231501003955,0.7397399739637631,0.7912498679227394,-0.9138322534547191,1.0283309567981844,10,5.252159807556507,32.093819965971335,0.743848321238763,1.0,V12.0
281.2000176773926,-0.23166374517812138,0.7419185437956813,0.7909742954552887,-0.9113093730885039,1.0324604058421836,10,5.242161368573854,32.10113275491576,0.7420694563565247,1.0,V12.0
281.67476741440345,-0.22948517534620325,0.7440971136275994,0.7906055824713761,-0.9087864927222886,1.03614377164776,10,5.242161368573854,32.10113275491576,0.7402106446511748,1.0,V12.0
282.1503186709684,-0.2273066055142851,0.7462756834595177,0.7901426626745347,-0.9062636123560737,1.0353544331164817,10,5.240276885631505,32.10113275491576,0.7382713780340028,1.0,V12.0
282.62667280029217,-0.2251280356823681,0.7484542532914347,0.7895844437640083,-0.9037407319898598,1.0345650945852036,10,5.239766860547242,32.093819965971335,0.7362511282970545,1.0,V12.0
283.10383115786425,-0.22294946585045,0.7506328231233528,0.7889298672649514,-0.9012178516236447,1.033775756053925,10,5.239766860547242,32.093819965971335,0.7341494029928739,1.0,V12.0
283.5817951014623,-0.2207708960185318,0.7528113929552709,0.7881773017343713,-0.8986949712574295,1.0329864175226464,10,5.239766860547242,32.093819965971335,0.7319651815547208,1.0,V12.0
284.0605659911567,-0.21859232618661367,0.754989962787189,0.787326518436489,-0.8961720908912143,1.032197078991368,10,5.239766860547242,32.093819965971335,0.7296987516955294,1.0,V12.0
284.5401451893136,-0.21641375635469554,0.7571685326191072,0.7863766343435799,-0.8936492105249992,1.0314077404600894,10,5.239766860547242,32.093819965971335,0.7273497936295996,1.0,V12.0
285.0205340605996,-0.21423518652277856,0.7593471024510241,0.7853268267336035,-0.8911263301587854,1.0306184019288114,10,5.239766860547242,32.093819965971335,0.7249180458104371,1.0,V12.0
285.50173397198506,-0.21205661669085923,0.7615256722829435,0.7841763329082696,-0.8886034497925689,1.0298290633975324,10,5.239766860547242,32.093819965971335,0.7224033040866051,1.0,V12.0
285.9837462927482,-0.20987804685894226,0.7637042421148604,0.7829244498529161,-0.886080569426355,1.0290397248662544,10,5.239766860547242,32.093819965971335,0.7198054208142411,1.0,V12.0
286.46657239447916,-0.2076994770270241,0.7658828119467787,0.7815705351515355,-0.88355768906014,1.0282503863349757,10,5.239766860547242,32.093819965971335,0.7171243051318471,1.0,V12.0
286.9502136510838,-0.20552090719510485,0.7680613817786979,0.7801140047762387,-0.8810348086939235,1.0274610478036967,6,3.4067630337306327,37.511647619668565,0.7143599203696938,1.0,V12.0
287.43467143878684,-0.2033423373631867,0.770239951610616,0.7785543263897265,-0.8785119283277084,1.0266717092724182,6,3.4067630337306327,37.511647619668565,0.7115122773895517,1.0,V12.0
287.91994713613724,-0.20116376753126852,0.7724185214425342,0.7768910360171281,-0.8759890479614931,1.0258823707411395,6,3.4067630337306327,37.511647619668565,0.7085814493183936,1.0,V12.0
288.4060421240112,-0.1989851976993504,0.7745970912744523,0.7751237336278326,-0.8734661675952781,1.025093032209861,6,3.4067630337306327,37.511647619668565,0.7055675669093147,1.0,V12.0
288.8929577856161,-0.19680662786743341,0.7767756611063693,0.7732520508498874,-0.8709432872290643,1.024303693678583,6,3.4067630337306327,37.511647619668565,0.7024707886410055,1.0,V12.0
289.3806955064947,-0.19462805803551528,0.7789542309382874,0.7712757358873685,-0.8684204068628492,1.0235143551473047,6,3.4067630337306327,37.511647619668565,0.6992913774358289,1.0,V12.0
289.8692566745289,-0.19244948820359714,0.7811328007702056,0.7691945195038289,-0.865897526496634,1.022725016616026,6,3.4067630337306327,37.511647619668565,0.6960295783613054,1.0,V12.0
290.35864267994384,-0.19027091837167898,0.7833113706021237,0.7670082420542607,-0.8633746461304188,1.0219356780847475,8,3.1986106448349045,37.01378494067547,0.6926857335284176,1.0,V12.0
290.84885491531173,-0.18809234853976084,0.7854899404340419,0.7647167113811915,-0.8608517657642036,1.021146339553469,8,3.1986106448349045,37.01378494067547,0.689260153056689,1.0,V12.0
291.33989477555576,-0.1859137787078427,0.78766851026596,0.7623199983957858,-0.8583288853979886,1.0203570010221905,8,3.3821138258659276,36.87760652822679,0.6857533812809081,1.0,V12.0
291.83176365795435,-0.1837352088759257,0.789847080097877,0.7598179275826897,-0.8558060050317746,1.0195676624909125,8,3.875824486470959,36.42305210035085,0.6821657370350378,1.0,V12.0
292.3244629621449,-0.18155663904400754,0.7920256499297952,0.7572103659154226,-0.8532831246655597,1.0187783239596337,8,3.187892610483515,37.90297029439684,0.6784975747355599,1.0,V12.0
292.8179940901277,-0.1793780692120894,0.7942042197617133,0.7544980495817223,-0.8507602442993445,1.0179889854283553,8,3.182968747733083,37.90021312239437,0.6747500233779787,1.0,V12.0
293.3123584462701,-0.17719949938017127,0.7963827895936315,0.7516797056356156,-0.8482373639331293,1.019573750696866,8,3.1781784011741037,37.907458932646755,0.670922409895546,1.0,V12.0
293.80755743731044,-0.1750209295482531,0.7985613594255496,0.7487563925880479,-0.845714483566914,1.0225198134408533,7,3.1489992140867993,37.91194757089667,0.6670161433828979,1.0,V12.0
294.3035924723622,-0.172842359716335,0.8007399292574677,0.7457298266548431,-0.843191603200699,1.025465876184841,7,3.148409943363538,37.92857955227167,0.6630332067867717,1.0,V12.0
294.80046496291754,-0.170663789884418,0.8029184990893847,0.7425989777036994,-0.8406687228344851,1.0284119389288269,7,3.146556096801796,37.96900809416432,0.6589731306445957,1.0,V12.0
295.298176322852,-0.16848522005249983,0.8050970689213028,0.7393642498472189,-0.83814584246827,1.031358001672814,7,3.114576139135073,37.77174907746961,0.6548367193925321,1.0,V12.0
295.79672796842794,-0.1663066502205817,0.8072756387532211,0.7360260501269633,-0.835622962102055,1.0343040644168018,7,3.1129202093608,37.85269898799452,0.6506247738591565,1.0,V12.0
296.2961213182988,-0.16412808038866356,0.8094542085851392,0.732584943979578,-0.8331000817358398,1.0372501271607892,7,3.067194315023915,37.539386264941534,0.6463382284633316,1.0,V12.0
296.79635779351327,-0.16194951055674542,0.8116327784170573,0.7290414916040587,-0.8305772013696247,1.0401961899047767,7,3.053508654522168,37.47149679784009,0.6419780058414005,1.0,V12.0
297.29743881751904,-0.15977094072482842,0.8138113482489743,0.7253963060166175,-0.8280543210034108,1.0431422526487626,6,3.053223330357459,37.460557550150185,0.6375450679839495,1.0,V12.0
297.79936581616715,-0.15759237089291028,0.8159899180808925,0.7216504300192579,-0.8255314406371956,1.04608831539275,6,3.053223330357459,37.460557550150185,0.6330407465412933,1.0,V12.0
298.30214021771576,-0.15541380106099212,0.8181684879128106,0.7178042867682204,-0.8230085602709805,1.0490343781367375,6,3.053223330357459,37.460557550150185,0.6284658204794842,1.0,V12.0
298.8057634528344,-0.15323523122907398,0.8203470577447287,0.7138586914934587,-0.8204856799047653,1.051980440880725,6,3.0590496916516154,37.47149679784009,0.623821405455011,1.0,V12.0
299.3102369546081,-0.1511114913814579,0.8224707975923449,0.709780584265816,-0.8179919352735433,1.0548455246639536,6,3.0590496916516154,37.47149679784009,0.619108670187479,1.0,V12.0
299.8155621585413,-0.15051964473459936,0.8230626442392034,0.7046643017149471,-0.8163122130226509,1.055448139818572,6,3.0590496916516154,37.47149679784009,0.6143288329681206,1.0,V12.0
300.3217405025619,-0.1499277980877411,0.8236544908860617,0.6994668138328999,-0.8146324907717594,1.0560507549731892,6,3.0590496916516154,37.47149679784009,0.609483167162866,1.0,V12.0
300.8287734270256,-0.14933595144088252,0.8242463375329202,0.6941895295241117,-0.8129527685208667,1.0566533701278076,6,3.0590496916516154,37.47149679784009,0.6045730015858413,1.0,V12.0
301.3366623747198,-0.14874410479402397,0.8248381841797787,0.6888339262681205,-0.8112730462699743,1.0572559852824257,6,3.0590496916516154,37.47149679784009,0.5995997220044943,1.0,V12.0
301.84540879086774,-0.1481522581471654,0.8254300308266374,0.683401551821126,-0.809593324019082,1.0578586004370436,6,3.0590496916516154,37.47149679784009,0.5945647724733377,1.0,V12.0
302.35501412313266,-0.14756041150030683,0.8260218774734959,0.6778940259878541,-0.8079136017681895,1.0584612155916617,6,3.0590496916516154,37.47149679784009,0.5894696567247045,1.0,V12.0
302.8654798216218,-0.14696856485344825,0.8266137241203545,0.672313042342274,-0.806233879517297,1.0590638307462799,6,3.0590496916516154,37.47149679784009,0.5843159395107602,1.0,V12.0
303.3768073388907,-0.14637671820658998,0.8272055707672128,0.6666603700275752,-0.8045541572664056,1.0596664459008975,6,3.058299083316266,37.496814556600214,0.5791052480102254,1.0,V12.0
303.88899812994737,-0.1457848715597314,0.8277974174140713,0.6609378558446203,-0.802874435015513,1.0602690610555157,6,3.058299083316266,37.496814556600214,0.5738392734812202,1.0,V12.0
304.402053652256,-0.14519302491287286,0.8283892640609298,0.6551474254554038,-0.8011947127646205,1.0608716762101336,6,3.058209068511238,37.51119306767042,0.5685197721410432,1.0,V12.0
304.9159753657416,-0.1446011782660143,0.8289811107077885,0.6492910850781756,-0.7995149905137282,1.061474291364752,6,3.055832727112216,37.61531305393352,0.563148566469673,1.0,V12.0
305.43076473279405,-0.14400933161915572,0.829572957354647,0.6433709232857886,-0.7978352682628357,1.0620769065193698,6,3.0524474558955452,37.86660662542275,0.5577275465987429,1.0,V12.0
305.946423218272,-0.14341748497229714,0.8301648040015056,0.6373891122968578,-0.7961555460119433,1.062679521673988,6,3.042620463805424,38.46484382229352,0.5522586712567913,1.0,V12.0
306.4629522895073,-0.14282563832543888,0.8307566506483639,0.6313479092760189,-0.7944758237610516,1.0632821368286056,6,3.0390597389149585,38.81656280053568,0.5467439687194877,1.0,V12.0
306.98035341630924,-0.1422337916785803,0.8313484972952224,0.6252496574890356,-0.7927961015101592,1.0638847519832235,6,3.0110578385784916,48.853531751423844,0.5411855376313011,1.0,V12.0
307.4986280709683,-0.14164194503172176,0.8319403439420809,0.6190967872950954,-0.7911163792592668,1.0644873671378416,6,3.006476410176846,50.03112216162051,0.535585547683795,1.0,V12.0
308.01777772826085,-0.14105009838486315,0.8325321905889396,0.6128918169592187,-0.7894366570083742,1.0666227420133638,6,3.004601774941085,50.582303587534426,0.5299462401362977,1.0,V12.0
308.537803865453,-0.14045825173800464,0.8331240372357981,0.6066373532686362,-0.7877569347574819,1.0718703783452708,6,3.0033870973003087,50.82966815310664,0.5242699281655602,1.0,V12.0
309.058707962305,-0.13986640509114603,0.8337158838826567,0.6003361856622004,-0.7860772125065895,1.0771180146771775,6,3.010497502841654,51.47652004145289,0.5185590779891358,1.0,V12.0
309.58049150107536,-0.1392745584442878,0.8343077305295149,0.5939909674423361,-0.7843974902556978,1.0823656510090816,6,2.9545634734554804,51.19937729551822,0.5128160332519837,1.0,V12.0
310.1031559665251,-0.13868271179742922,0.8348995771763735,0.5876050667367706,-0.7827177680048054,1.0876132873409883,6,2.996900956214801,52.252814513114,0.5070437496333756,1.0,V12.0
310.6267028459219,-0.13809086515057065,0.835491423823232,0.5811810513688909,-0.781038045753913,1.0928609236728948,5,2.9963752619599977,52.5128000991794,0.5012444865485501,1.0,V12.0
311.15113362904447,-0.13749901850371207,0.8360832704700907,0.5747218690662764,-0.7793583235030205,1.0981085600048017,5,3.07142555952873,51.585609236883876,0.4954208262862906,1.0,V12.0
311.67644980818665,-0.13690717185685353,0.8366751171169492,0.5682307596178493,-0.777678601252128,1.1033561963367085,7,2.2136103018121145,22.160701441283223,0.489575597502184,1.0,V12.0
312.20265287816176,-0.13631532520999493,0.8372669637638078,0.5617106136138073,-0.7759988790012357,1.108603832668615,6,2.1865517704582516,17.816059556403136,0.48371132237628395,1.0,V12.0
312.72974433630674,-0.13572347856313668,0.837858810410666,0.5551650546893377,-0.774319156750344,1.113851469000519,6,2.1865517704582516,17.816059556403136,0.47783114888201617,1.0,V12.0
313.25772568248664,-0.1351316319162781,0.8384506570575246,0.548597478834809,-0.7726394344994515,1.119099105332426,6,2.1865517704582516,17.816059556403136,0.47193802274734536,1.0,V12.0
313.78659841909854,-0.13453978526941954,0.8390425037043832,0.5420113635890169,-0.7709597122485592,1.1243467416643327,6,2.182633492115957,18.271041560977487,0.4660349538214762,1.0,V12.0
314.31636405107616,-0.13394793862256096,0.8396343503512418,0.5354102657995659,-0.7692799899976667,1.1295943779962392,6,2.182633492115957,18.271041560977487,0.4601250139870831,1.0,V12.0
314.8470240858939,-0.13335609197570242,0.8402261969981003,0.5287978190953608,-0.7676002677467743,1.134842014328146,6,2.1592436602146026,18.72602356555184,0.4542113348316265,1.0,V12.0
315.3785800335713,-0.13276424532884384,0.8408180436449588,0.5221777306491614,-0.7659205454958817,1.1400896506600529,6,2.1948381678373767,18.72602356555184,0.4482971047162758,1.0,V12.0
315.91103340667723,-0.13217239868198558,0.8414098902918171,0.5155537816432547,-0.7642408232449902,1.145337286991957,6,2.1948381678373767,18.72602356555184,0.4423855690313311,1.0,V12.0
316.44438572033425,-0.131580552035127,0.8420017369386757,0.5089298164453595,-0.7625611009940978,1.1505849233238634,6,2.1948381678373767,18.72602356555184,0.43648002076827536,1.0,V12.0
316.97863849222284,-0.13098870538826843,0.8425935835855343,0.5023097449832836,-0.7608813787432053,1.1558325596557701,6,2.2003166004189505,17.816059556403136,0.43058380243460226,1.0,V12.0
317.5137932425859,-0.13039685874140985,0.8431854302323929,0.49569753790957355,-0.7592016564923129,1.161080195987677,6,2.2017516670693533,17.652587160420165,0.42470030178547397,1.0,V12.0
318.04985149423277,-0.1298050120945513,0.8437772768792514,0.48909722005191325,-0.7575219342414204,1.1663278323195836,6,2.2017516670693533,17.652587160420165,0.4188329461003817,1.0,V12.0
318.58681477254396,-0.12921316544769273,0.8443691235261099,0.48251387507091636,-0.7558422119905279,1.1715754686514903,6,2.2017516670693533,17.652587160420165,0.4129860619747146,1.0,V12.0
319.12468460547507,-0.12862131880083447,0.8449609701729682,0.47595050958522406,-0.7541624897396364,1.1768231049833944,6,2.2017516670693533,17.652587160420165,0.40716219039087914,1.0,V12.0
319.6634625235616,-0.1280294721539759,0.8455528168198269,0.4694113009091084,-0.752482767488744,1.1820707413153013,6,2.2017516670693533,17.652587160420165,0.4013648681779759,1.0,V12.0
320.2031500599227,-0.12743762550711732,0.8461446634666854,0.46290046219149134,-0.7508030452378515,1.1873183776472078,6,2.2017516670693533,17.652587160420165,0.3955976556339689,1.0,V12.0
320.7437487502662,-0.12684577886025875,0.846736510113544,0.4564222373004982,-0.749123322986959,1.1925660139791145,6,2.2017516670693533,17.652587160420165,0.3898641320968809,1.0,V12.0
321.2852601328926,-0.1262539322134002,0.8473283567604025,0.44998089553232196,-0.7474436007360666,1.1978136503110213,6,2.2017516670693533,17.652587160420165,0.3841678913794215,1.0,V12.0
321.82768574869937,-0.12566208556654163,0.847920203407261,0.44358072616569383,-0.7457638784851741,1.2030612866429282,6,2.2017516670693533,17.652587160420165,0.3785125370857033,1.0,V12.0
322.3710271411856,-0.12507023891968336,0.8485120500541193,0.4372249116300032,-0.7440841562342826,1.208308922974832,6,2.2017516670693533,17.652587160420165,0.3729007215332831,1.0,V12.0
322.91528585645625,-0.12462700200205902,0.8489552869717437,0.43086441915688667,-0.7425020558039616,1.2134450136894033,6,2.2017516670693533,17.652587160420165,0.36733711597706487,1.0,V12.0
323.4604634432265,-0.1256048795615148,0.8479774094122879,0.42404558407996795,-0.7418534863289008,1.217514423962076,6,2.2017516670693533,17.652587160420165,0.3618253132528007,1.0,V12.0
324.00656145282636,-0.12658275712097058,0.8469995318528322,0.41730273333748075,-0.7412049168538398,1.2215838342347485,6,2.2017516670693533,17.652587160420165,0.3563691941083434,1.0,V12.0
324.5535814392048,-0.12756063468042636,0.8460216542933764,0.41063957639256554,-0.740556347378779,1.225653244507421,6,2.2017516670693533,17.652587160420165,0.3509720686266261,1.0,V12.0
325.10152495893436,-0.12853851223988214,0.8450437767339206,0.4040600957802872,-0.7399077779037181,1.2297226547800935,6,2.2017516670693533,17.652587160420165,0.3456374915547078,1.0,V12.0
325.65039357121566,-0.1295163897993374,0.8440658991744653,0.39756823282910697,-0.7392592084286576,1.2337920650527638,6,2.2017516670693533,17.652587160420165,0.34036899426551176,1.0,V12.0
326.20018883788157,-0.1304942673587932,0.8430880216150095,0.39116788112996115,-0.7386106389535968,1.237123135658192,4,1.7015825011057621,26.301005831408034,0.335170079063918,1.0,V12.0
326.75091232340185,-0.13147214491824896,0.8421101440555537,0.3848628808103315,-0.7379620694785358,1.2354457708893747,4,1.5829205615867405,52.64429248599035,0.3300442141545342,1.0,V12.0
327.30256559488754,-0.13245002247770477,0.841132266496098,0.37865701978209954,-0.7373135000034751,1.2337684061205578,3,1.0224424758718875,69.27351045907446,0.32499483456960837,1.0,V12.0
327.8551502220955,-0.13342790003716054,0.8401543889366422,0.3725540324668363,-0.7366649305284142,1.2320910413517403,3,1.023093449052166,64.24619872697882,0.32002534093472246,1.0,V12.0
328.4086677774327,-0.13440577759661632,0.8391765113771864,0.3665574288716596,-0.7360163610533532,1.2304136765829234,3,1.0217075238209832,65.06197612292976,0.31513895237623424,1.0,V12.0
328.9631198359609,-0.1353836551560716,0.8381986338177312,0.36067092566835063,-0.7353677915782928,1.228736311814107,3,1.0217075238209832,65.06197612292976,0.31033907667945765,1.0,V12.0
329.51850797540106,-0.13636153271552737,0.8372207562582754,0.35489797614035845,-0.7347192221032318,1.22705894704529,3,1.0179164225255963,62.50235113739858,0.30562890628561995,1.0,V12.0
330.0748337761376,-0.13733941027498314,0.8362428786988196,0.3492422738285915,-0.7340706526281711,1.2253815822764729,3,1.5141069307396555,24.536670457246093,0.30101185147658066,1.0,V12.0
330.63209882122334,-0.13831728783443892,0.8352650011393639,0.34370699973476043,-0.7334220831531102,1.2237042175076556,3,1.5123103802597269,24.54839261718752,0.2964908919110015,1.0,V12.0
331.1903046963837,-0.1392951653938947,0.8342871235799081,0.3382954035997043,-0.7327735136780492,1.2220268527388385,3,1.520160374609753,24.536670457246093,0.2920690766561983,1.0,V12.0
331.7494529900211,-0.14027304295335047,0.8333092460204523,0.3330104943286434,-0.7321249442029885,1.2203494879700212,3,1.520160374609753,24.536670457246093,0.28774925698259485,1.0,V12.0
332.30954529321997,-0.14125092051280574,0.832331368460997,0.3278552542212395,-0.7314763747279278,1.2186721232012052,3,1.520160374609753,24.536670457246093,0.28353427079680815,1.0,V12.0
332.8705831997507,-0.14222879807226152,0.8313534909015412,0.32283260430840766,-0.730827805252867,1.216994758432388,3,1.520160374609753,24.536670457246093,0.27942691258246205,1.0,V12.0
333.4325683060746,-0.1432066756317173,0.8303756133420854,0.3179453309257269,-0.7301792357778061,1.2153173936635708,3,1.517957038698771,24.54839261718752,0.2754298696082359,1.0,V12.0
333.99550221134825,-0.14418455319117307,0.8293977357826297,0.3131961160591785,-0.7295306663027452,1.2136400288947538,3,1.517957038698771,24.54839261718752,0.2715457477835738,1.0,V12.0
334.559386517428,-0.14516243075062887,0.8284198582231739,0.30858697148166364,-0.7288820968276845,1.2119626641259365,3,1.517957038698771,24.54839261718752,0.2677765802850271,1.0,V12.0
335.1242228288747,-0.14614030831008465,0.8274419806637181,0.3041208128658656,-0.7282335273526236,1.2176537093730744,3,1.5294140222284638,24.536670457246093,0.2641251922219119,1.0,V12.0
335.6900127529581,-0.14711818586954042,0.8264641031042623,0.2997999313691675,-0.7275849578775626,1.2236520608257377,3,1.5222300701790987,24.54839261718752,0.26059387546398133,1.0,V12.0
336.25675789966164,-0.1480960634289957,0.825486225544807,0.29562667134337545,-0.7269363884025022,1.2296504122783982,3,1.5222300701790987,24.54839261718752,0.25718497595725065,1.0,V12.0
336.82445988168683,-0.14907394098845148,0.8245083479853512,0.29160287400784907,-0.7262878189274412,1.2356487637310616,3,1.5222300701790987,24.54839261718752,0.25390040955699716,1.0,V12.0
337.3931203144578,-0.15005181854790725,0.8235304704258954,0.28773043733929193,-0.7256392494523805,1.241647115183725,3,1.5222300701790987,24.54839261718752,0.2507421481101125,1.0,V12.0
337.96274081612614,-0.15102969610736303,0.8225525928664397,0.28401111975516746,-0.7249906799773195,1.2476454666363885,3,1.5222300701790987,24.54839261718752,0.24771204846824743,1.0,V12.0
338.5333230075753,-0.15200757366681883,0.8215747153069839,0.28044683827427547,-0.7243421105022586,1.253643818089052,3,1.5222300701790987,24.54839261718752,0.2448121122720683,1.0,V12.0
339.10486851242524,-0.1529854512262746,0.8205968377475281,0.2770387999023267,-0.7236935410271979,1.2596421695417153,3,1.5222300701790987,24.54839261718752,0.24204372767724036,1.0,V12.0
339.6773789570371,-0.15396332878572985,0.8196189601880729,0.2737883338957046,-0.7230449715521372,1.2656405209943757,3,1.5222300701790987,24.54839261718752,0.23940839448689372,1.0,V12.0
340.2508559705179,-0.15494120634518566,0.818641082628617,0.2706966216868134,-0.7223964020770764,1.271638872447039,3,1.5222300701790987,24.54839261718752,0.23690748826621774,1.0,V12.0
340.8253011847249,-0.15591908390464143,0.8176632050691612,0.26776452414371643,-0.7217478326020156,1.2776372238997025,3,1.5222300701790987,24.54839261718752,0.23454210850247767,1.0,V12.0
341.40071623427053,-0.1568969614640972,0.8166853275097055,0.26499311302229883,-0.7210992631269546,1.283635575352366,3,1.5222300701790987,24.54839261718752,0.23231354333387078,1.0,V12.0
341.97710275652696,-0.15787483902355298,0.8157074499502497,0.2623831148869428,-0.7204506936518938,1.2896339268050296,3,1.5222300701790987,24.54839261718752,0.23022278243824673,1.0,V12.0
342.55446239163064,-0.15885271658300826,0.8147295723907945,0.2599351035030373,-0.7198021241768332,1.29563227825769,3,1.5222300701790987,24.54839261718752,0.2282706847074869,1.0,V12.0
343.13279678248716,-0.15983059414246403,0.8137516948313387,0.25764949950640653,-0.7191535547017724,1.3015903882730433,3,1.5222300701790987,24.54839261718752,0.22645797739490442,1.0,V12.0
343.7121075747758,-0.1608084717019198,0.8127738172718829,0.2555265522420895,-0.7185049852267116,1.3075189438514658,3,1.5222300701790987,24.54839261718752,0.22478523957272253,1.0,V12.0
344.2923964169542,-0.16178634926137558,0.8117959397124271,0.25356638127412967,-0.7178564157516506,1.3134474994298884,3,1.5222300701790987,24.54839261718752,0.2232529380415376,1.0,V12.0
344.87366496026306,-0.16276422682083136,0.8108180621529714,0.2517689492457388,-0.7172078462765898,1.3193760550083107,3,1.5222300701790987,24.54839261718752,0.22186140293068352,1.0,V12.0
345.455914858731,-0.16374210438028716,0.8098401845935156,0.2501340563126518,-0.716559276801529,1.3253046105867334,3,1.5222300701790987,24.54839261718752,0.22061082219924857,1.0,V12.0
346.0391477691789,-0.1647199819397424,0.8088623070340604,0.24866134851273314,-0.7159107073264684,1.3312331661651529,3,1.5222300701790987,24.54839261718752,0.21950124841058322,1.0,V12.0
346.6233653512252,-0.16569785949919819,0.8078844294746046,0.24735031488736367,-0.7152621378514077,1.3371617217435752,3,1.5515487156787302,24.4389154451496,0.21853259560418642,1.0,V12.0
347.20856926729,-0.16667573705865396,0.8069065519151488,0.24620025476635948,-0.7146135683763467,1.343090277321998,3,1.5730056506965904,24.403239424837707,0.2177046097682192,1.0,V12.0
347.79476118260004,-0.16765361461810976,0.8059286743556929,0.24521011033594206,-0.7139649989012858,1.3490188329004205,3,1.606415378340847,24.403239424837707,0.21701671993102145,1.0,V12.0
348.3819427651937,-0.16887904836957215,0.8047032406042306,0.24432516809866506,-0.713533815693238,1.354773598548056,3,1.4898654852756257,24.652551081938064,0.21646829324790462,1.0,V12.0
348.9701156859253,-0.1714562342405975,0.8021260547332052,0.24330628777572666,-0.7142896451986145,1.3595794042630154,3,1.4898654852756257,24.652551081938064,0.21605891853597312,1.0,V12.0
349.5592816184701,-0.17403342011162148,0.7995488688621812,0.2424449321000843,-0.7150454747039904,1.364385209977972,4,1.5151602813178324,24.4389154451496,0.2157878704143102,1.0,V12.0
350.1494422393291,-0.17661060598264688,0.7969716829911558,0.24173904664691215,-0.7158013042093669,1.3691910156929314,4,1.4997486346744866,24.495939948272436,0.21565427021825662,1.0,V12.0
350.7405992278337,-0.17918779185367223,0.7943944971201304,0.24118642074741495,-0.7165571337147434,1.3739968214078913,4,1.4997486346744866,24.495939948272436,0.21565709147828663,1.0,V12.0
351.3327542661504,-0.1817649777246976,0.7918173112491051,0.24078467597901862,-0.7173129632201198,1.3779656838352603,4,1.4997486346744866,24.495939948272436,0.21579514789779403,1.0,V12.0
351.9259090392859,-0.18434216359572295,0.7892401253780797,0.24053129756925043,-0.7180687927254963,1.378545409026592,4,1.4997486346744866,24.495939948272436,0.2160671197128687,1.0,V12.0
352.5200652350916,-0.18691934946674835,0.7866629395070543,0.24042363908084302,-0.7188246222308726,1.3791251342179236,4,1.501304881845772,24.45520943929878,0.21647155636213825,1.0,V12.0
353.1152245442684,-0.18949653533777233,0.7840857536360304,0.24045892469341357,-0.7195804517362487,1.379704859409255,4,1.501304881845772,24.45520943929878,0.2170068770248495,1.0,V12.0
353.71138866037177,-0.19207372120879768,0.7815085677650051,0.24063425415865253,-0.7203362812416252,1.3802845846005865,4,1.511893617256576,24.42262145100042,0.21767137358486346,1.0,V12.0
354.3085592798164,-0.19465090707982305,0.7789313818939797,0.24094660745431462,-0.7210921107470016,1.380864309791918,4,1.5043891095238273,24.4389154451496,0.21846321336311128,1.0,V12.0
354.9067381018808,-0.19722809295084842,0.7763541960229543,0.24139284034582736,-0.721847940252378,1.3814440349832495,4,1.5036680606767843,24.42262145100042,0.21938043362519638,1.0,V12.0
355.50592682871275,-0.1998052788218738,0.7737770101519289,0.24196969407733074,-0.7226037697577545,1.382023760174581,4,1.5036680606767843,24.42262145100042,0.22042094888275593,1.0,V12.0
356.1061271653334,-0.20238246469289914,0.7711998242809036,0.24267380791150192,-0.7233595992631308,1.3826034853659126,4,1.503584454093493,24.403239424837707,0.22158256089910358,1.0,V12.0
356.70734081964275,-0.20495965056392315,0.7686226384098795,0.2435017184363865,-0.7241154287685069,1.3831832105572437,4,1.503584454093493,24.403239424837707,0.22286295672508757,1.0,V12.0
357.3095695024241,-0.20753683643494852,0.7660454525388543,0.24444986089649107,-0.7248712582738833,1.3837629357485755,4,1.503584454093493,24.403239424837707,0.22425970856415606,1.0,V12.0
357.9128149273491,-0.21011402230597387,0.7634682666678289,0.24551457642925753,-0.7256270877792598,1.384341261941458,4,1.503584454093493,24.403239424837707,0.2257702790659713,1.0,V12.0
358.5170788109826,-0.21269120817699927,0.7608910807968035,0.2466921181311014,-0.7263829172846363,1.3846006220980902,4,1.503584454093493,24.403239424837707,0.22739202561661237,1.0,V12.0
359.12236287278756,-0.21526839404802459,0.7583138949257782,0.24797865625496157,-0.7271387467900127,1.384859982254722,4,1.503584454093493,24.403239424837707,0.2291222038876234,1.0,V12.0
359.7286688351298,-0.21784557991904996,0.7557367090547528,0.24937028392255275,-0.7278945762953892,1.3851193424113541,4,1.503584454093493,24.403239424837707,0.23095797191258924,1.0,V12.0
360.3359984232831,-0.22042276579007397,0.7531595231837287,0.2508630230117259,-0.7286504058007651,1.3853787025679862,4,1.503584454093493,24.403239424837707,0.23289639438479934,1.0,V12.0
360.9443533654341,-0.22299995166109932,0.7505823373127034,0.2524528302054506,-0.7294062353061416,1.3856380627246183,4,1.503584454093493,24.403239424837707,0.2349344471671636,1.0,V12.0
361.55373539268686,-0.22557713753212472,0.748005151441678,0.2541364177688619,-0.7301620648115181,1.3854813452179486,4,1.503584454093493,24.403239424837707,0.23706978188184477,1.0,V12.0
362.1641462390684,-0.22815432340315006,0.7454279655706526,0.2559087224149286,-0.7309178943168946,1.3777929145796237,4,1.503584454093493,24.403239424837707,0.23929836720771883,1.0,V12.0
362.775587641533,-0.23073150927417543,0.7428507796996273,0.2577655529902046,-0.7316737238222709,1.370380189704288,4,1.503584454093493,24.403239424837707,0.24161695036514064,1.0,V12.0
363.38806133996763,-0.23330869514520078,0.7402735938286019,0.25970267701111127,-0.7324295533276474,1.3730753551870278,4,1.503584454093493,24.403239424837707,0.24402220823233242,1.0,V12.0
364.0015690771966,-0.2358858810162248,0.737696407957578,0.26171556198779133,-0.7331853828330234,1.3757705206697661,4,1.503584454093493,24.403239424837707,0.2465105028439504,1.0,V12.0
364.6161125989868,-0.23846306688725016,0.7351192220865526,0.26380015129291257,-0.7339412123383999,1.3784656861525058,4,1.503584454093493,24.403239424837707,0.24907861013137517,1.0,V12.0
365.2316936540522,-0.24104025275827554,0.7325420362155272,0.26595212853362415,-0.7346970418437763,1.3811608516352458,4,1.503584454093493,24.403239424837707,0.25172302870068597,1.0,V12.0
365.8483139940594,-0.24361743862930088,0.7299648503445019,0.2681669229611403,-0.7354528713491527,1.3838560171179857,4,1.503584454093493,24.403239424837707,0.2544399815746707,1.0,V12.0
366.46597537363226,-0.24619462450032623,0.7273876644734765,0.27044046621765927,-0.7362087008545292,1.3865511826007255,4,1.503584454093493,24.403239424837707,0.25722613258574645,1.0,V12.0
367.08467955035684,-0.24877181037135163,0.7248104786024511,0.27276835145611306,-0.7369645303599056,1.3892463480834654,4,1.503584454093493,24.403239424837707,0.26007779003367404,1.0,V12.0
367.70442828478673,-0.2513489962423756,0.7222332927314271,0.27514616323078794,-0.7377203598652816,1.390628062261198,4,1.503584454093493,24.403239424837707,0.262991217623843,1.0,V12.0
368.32522334044774,-0.253926182113401,0.7196561068604017,0.2775699870416236,-0.7384761893706581,1.391153668472216,4,1.5472424149133184,24.33335878181051,0.26596312215386003,1.0,V12.0
368.947066483843,-0.25650336798442636,0.7170789209893764,0.2800352368556561,-0.7392320188760344,1.3916792746832345,4,1.458109539814614,24.4389154451496,0.2689895327666534,1.0,V12.0
369.5699594844582,-0.2590805538554517,0.714501735118351,0.2825378079105491,-0.739987848381411,1.3922048808942526,4,1.4834521782467176,24.39923410386824,0.2720669026222927,1.0,V12.0
370.1939041147662,-0.26165773972647705,0.7119245492473256,0.28507404763097766,-0.7407436778867874,1.3927304871052708,3,1.8002840502844406,26.619110760663617,0.2751920860969959,1.0,V12.0
370.81890215023265,-0.2642349255975024,0.7093473633763003,0.2876387833289235,-0.7414995073921639,1.3932560933162892,3,1.9227423323871606,26.340278083610144,0.27836043510705893,1.0,V12.0
371.4449553693203,-0.26681211146852646,0.7067701775052763,0.2902278854154259,-0.7422553368975398,1.393781699527307,3,1.924904099059924,26.307535194043787,0.2815682670583478,1.0,V12.0
372.07206555349495,-0.2693892973395518,0.7041929916342509,0.2928375500829313,-0.7430111664029163,1.3943073057383253,3,1.924904099059924,26.307535194043787,0.2848121792873975,1.0,V12.0
372.70023448722964,-0.27196648321057715,0.7016158057632256,0.29546369624585056,-0.7437669959082928,1.3948329119493434,3,1.924904099059924,26.307535194043787,0.2880884645723921,1.0,V12.0
373.32946395801036,-0.2745436690816025,0.6990386198922003,0.29810236811803,-0.7445228254136692,1.3953585181603618,3,1.924904099059924,26.307535194043787,0.2913935008143364,1.0,V12.0
373.9597557563408,-0.2771208549526279,0.6964614340211748,0.30074964864693476,-0.7452786549190457,1.39588412437138,3,1.924904099059924,26.307535194043787,0.2947236672806271,1.0,V12.0
374.59111167574775,-0.27969804082365324,0.6938842481501495,0.3034018567676749,-0.7460344844244221,1.3964097305823984,4,1.9985182076789612,27.08047483583229,0.29807553841351825,1.0,V12.0
375.2235335127857,-0.28227522669467725,0.6913070622791255,0.30605506328623455,-0.7467903139297981,1.3969353367934163,4,1.9985182076789612,27.08047483583229,0.3014454094820133,1.0,V12.0
375.8570230670425,-0.28510418674621507,0.6884781022275877,0.3086288603165168,-0.7477692940724047,1.3972303474281318,4,1.9985182076789612,27.08047483583229,0.30482980424095524,1.0,V12.0
376.4915821411442,-0.2888529244598152,0.6847293645139876,0.3109112152068035,-0.749563484777832,1.3966829497602096,4,2.001045953294543,27.078068766257367,0.30822529731813464,1.0,V12.0
377.1272125407601,-0.29260166217341527,0.6809806268003875,0.3131758700505888,-0.751357675483259,1.3961355520922871,4,2.001045953294543,27.078068766257367,0.3116285096455519,1.0,V12.0
377.7639160746082,-0.29635039988701534,0.6772318890867874,0.31541942031227843,-0.7531518661886863,1.3955881544243647,4,2.001045953294543,27.078068766257367,0.315036127531592,1.0,V12.0
378.40169455446,-0.30009913760061546,0.6734831513731873,0.3176385704845719,-0.7549460568941135,1.3950407567564422,4,2.001045953294543,27.078068766257367,0.31844489677492455,1.0,V12.0
379.04054979514586,-0.30384787531421353,0.6697344136595892,0.31983014481953265,-0.7567402475995398,1.3944933590885202,4,2.001045953294543,27.078068766257367,0.3218516345855144,1.0,V12.0
379.6804836145602,-0.3075966130278136,0.6659856759459891,0.3219896258781334,-0.7585344383049671,1.393945961420598,4,2.001045953294543,27.078068766257367,0.3252517546800514,1.0,V12.0
380.3214978336665,-0.3113453507414137,0.662236938232389,0.3241153618939544,-0.7603286290103942,1.3933985637526756,4,2.001045953294543,27.078068766257367,0.32864350675163745,1.0,V12.0
380.96359427650253,-0.3150940884550138,0.6584882005187889,0.32620451480496787,-0.7630830535855523,1.3928511660847533,4,2.001045953294543,27.078068766257367,0.33202390632062384,1.0,V12.0
381.6067747701857,-0.3188428261686139,0.6547394628051888,0.32825436649308826,-0.7673519292564448,1.392303768416831,4,2.001045953294543,27.078068766257367,0.3353900457337177,1.0,V12.0
382.251041144918,-0.32259156388221394,0.6509907250915887,0.3302623194834899,-0.7690271549821674,1.3917563707489082,4,2.001045953294543,27.078068766257367,0.3387390963582188,1.0,V12.0
382.89639523399154,-0.32634030159581207,0.6472419873779907,0.33222589622347987,-0.7710659680923944,1.3912089730809867,4,2.001045953294543,27.078068766257367,0.34206830936454485,1.0,V12.0
383.5428388737934,-0.33008903930941214,0.6434932496643906,0.33414273965322083,-0.775149886001627,1.390661575413064,4,2.001045953294543,27.078068766257367,0.3453750178622286,1.0,V12.0
384.1903739038111,-0.3338377770230122,0.6397445119507905,0.3360106129827031,-0.7792338039108597,1.3901141777451418,4,2.001045953294543,27.078068766257367,0.34865663826213567,1.0,V12.0
384.8390021666378,-0.3375865147366123,0.6359957742371904,0.33782949325659123,-0.7833177218200925,1.3895667800772193,4,2.001045953294543,27.078068766257367,0.3519128527438364,1.0,V12.0
385.4887255079774,-0.34133525245021235,0.6322470365235904,0.33959552473516164,-0.7874016397293251,1.3890193824092971,4,2.001045953294543,27.078068766257367,0.35513933028628564,1.0,V12.0
386.13954577665,-0.3450839901638125,0.6284982988099902,0.3413068446036792,-0.7914855576385579,1.3884719847413747,4,2.001045953294543,27.078068766257367,0.35833376403201256,1.0,V12.0
386.79146482459697,-0.3488327278774106,0.6247495610963921,0.34296171707756834,-0.7955694755477886,1.3879245870734527,4,2.001045953294543,27.078068766257367,0.3614939445575073,1.0,V12.0
387.4444845068865,-0.35258146559101067,0.621000823382792,0.34455850376699537,-0.7996533934570211,1.3873771894055305,4,2.001045953294543,27.078068766257367,0.3646177304451084,1.0,V12.0
388.0986066817185,-0.35633020330461074,0.617252085669192,0.3460956867160236,-0.8037373113662539,1.386829791737608,4,2.001045953294543,27.078068766257367,0.36770307411479103,1.0,V12.0
388.7538332104301,-0.3600789410182108,0.6135033479555919,0.3475718585180588,-0.8078212292754865,1.3862823940696853,4,2.1177576426420535,26.984471159049647,0.37074801315665595,1.0,V12.0
389.410165957501,-0.36382767873181093,0.6097546102419917,0.3489857160811152,-0.8119051471847193,1.3857349964017633,4,2.5028915566856216,26.84068159697351,0.37375066536344936,1.0,V12.0
390.06760679055867,-0.367576416445411,0.6060058725283917,0.3503360848955026,-0.8159890650939519,1.385187598733841,4,2.612332124620546,26.766177312949473,0.37670925644157255,1.0,V12.0
390.72615758038364,-0.37132515415900913,0.6022571348147936,0.35162183297030836,-0.8200729830031824,1.3846402010659187,4,2.6550821071077184,26.659257672880404,0.3796220292779622,1.0,V12.0
391.385820200915,-0.3750738918726092,0.5985083971011935,0.35284214857074125,-0.8241569009124151,1.3840928033979965,4,2.6408438870642357,26.66093707938804,0.38248754536169616,1.0,V12.0
392.04659652925545,-0.37882262958620927,0.5947596593875935,0.3539958486787131,-0.8282408188216479,1.383545405730074,4,2.617511674272636,26.686112394822025,0.38530393858339773,1.0,V12.0
392.70848844567695,-0.38257136729980934,0.5910109216739934,0.3550825199641493,-0.8323247367308805,1.3829980080621518,3,2.6008841674101055,26.78110555200005,0.388070153444931,1.0,V12.0
393.37149783362577,-0.3863201050134094,0.5872621839603933,0.3561012273712885,-0.8364086546401133,1.3824506103942293,3,2.6008841674101055,26.78110555200005,0.39078454453910744,1.0,V12.0
394.03562657972816,-0.39006884272700953,0.5835134462467932,0.3570508669331156,-0.8404925725493461,1.3819032127263071,3,2.6008841674101055,26.78110555200005,0.3934452531425585,1.0,V12.0
394.7008765737955,-0.3938175804406076,0.5797647085331952,0.3579309521504445,-0.8445764904585764,1.381355815058385,3,2.6008841674101055,26.78110555200005,0.3960510729210724,1.0,V12.0
395.3672497088296,-0.3975663181542077,0.5760159708195951,0.3587411017284236,-0.8486604083678092,1.3808084173904627,3,2.6008841674101055,26.78110555200005,0.3986008943352624,1.0,V12.0
396.03474788102847,-0.4013150558678078,0.5722672331059949,0.35948100186721305,-0.8527443262770418,1.3802610197225402,3,2.6008841674101055,26.78110555200005,0.40109366459040785,1.0,V12.0
396.7033729897913,-0.40506379358140787,0.5685184953923949,0.36015031447625634,-0.8568282441862746,1.379713622054618,3,2.5992720352970964,26.789714787441063,0.40352828598739104,1.0,V12.0
397.37312693772407,-0.408812531295008,0.5647697576787947,0.3607487644247664,-0.8609121620955072,1.3791662243866956,3,2.6051999033785305,26.77249631655904,0.40590371314730617,1.0,V12.0
398.04401163064495,-0.41256126900860807,0.5610210199651946,0.36127617609008145,-0.86499608000474,1.3786188267187733,3,2.60582638064551,26.78110555200005,0.4082189954168642,1.0,V12.0
398.7160289775897,-0.41631000672220614,0.5572722822515965,0.3617324117664385,-0.8690799979139706,1.3780714290508511,3,2.60582638064551,26.78110555200005,0.4104732089929428,1.0,V12.0
399.38918089081704,-0.4200587444358062,0.5535235445379965,0.3621174261725974,-0.8731639158232032,1.3775240313829287,3,2.605899013799094,26.810341362407875,0.41266551961247433,1.0,V12.0
400.0634692858142,-0.42380748214940633,0.5497748068243964,0.3624311651627411,-0.8772478337324359,1.3769766337150062,3,2.605899013799094,26.810341362407875,0.41479506854992615,1.0,V12.0
400.7388960813024,-0.4275562198630064,0.5460260691107963,0.3626736561044902,-0.8822261071972247,1.376429236047084,3,2.605899013799094,26.810341362407875,0.416861075971761,1.0,V12.0
401.41546319924214,-0.43130495757660653,0.5422773313971962,0.36284498310853447,-0.8879547455518373,1.3758818383791616,3,2.605899013799094,26.810341362407875,0.41886281404891385,1.0,V12.0
402.09317256483877,-0.43505369529020466,0.5385285936835981,0.3629452793973386,-0.8936833839064471,1.3753344407112396,3,2.605899013799094,26.810341362407875,0.42079959923918464,1.0,V12.0
402.772026106548,-0.43880243300380467,0.5347798559699981,0.3629747252420919,-0.8994120222610598,1.3747870430433173,3,2.605899013799094,26.810341362407875,0.4226707908515155,1.0,V12.0
403.45202575608135,-0.44255117071740474,0.531031118256398,0.36293354607018374,-0.9051406606156724,1.374239645375395,3,2.605899013799094,26.810341362407875,0.42447578977193173,1.0,V12.0
404.1331734484115,-0.44629990843100487,0.5272823805427979,0.362822010746169,-0.9108692989702851,1.3736922477074727,3,2.605899013799094,26.810341362407875,0.42621403735963037,1.0,V12.0
404.8154711217783,-0.45004864614460494,0.5235336428291978,0.36264043016945935,-0.916543746709883,1.37314485003955,3,2.605899013799094,26.810341362407875,0.4278850146874767,1.0,V12.0
405.4989207176935,-0.4539648775613841,0.5196174114124186,0.3623172192286277,-0.9186310249808215,1.3722370189454753,3,2.605899013799094,26.810341362407875,0.42948824168247657,1.0,V12.0
406.183524180947,-0.4583226310423555,0.5152596579314472,0.3617338846358603,-0.9203290842968593,1.3703790666987954,3,2.605899013799094,26.810341362407875,0.43102327633826015,1.0,V12.0
406.86928345961195,-0.4626803845233246,0.5109019044504781,0.36107990112994987,-0.9220271436128963,1.368521114452116,3,2.605899013799094,26.810341362407875,0.4324897144893885,1.0,V12.0
407.5562005050505,-0.467038138004296,0.5065441509695068,0.36035586110692197,-0.9237252029289341,1.3666631622054357,4,2.6072035829709,26.789714787441063,0.43388718964177075,1.0,V12.0
408.24427727191926,-0.47139589148526745,0.5021863974885352,0.35956239450780275,-0.9254347969723505,1.3648052099587558,4,2.6145066970772293,26.697301403111496,0.4352153730133969,1.0,V12.0
408.9335157181748,-0.47575364496623884,0.4978286440075639,0.35870016811225697,-0.928512676341586,1.3629472577120754,4,2.6145066970772293,26.697301403111496,0.4364739736746879,1.0,V12.0
409.6239178050795,-0.4801113984472102,0.49347089052659254,0.3577698848423995,-0.930496090191458,1.361089305465395,4,2.6145066970772293,26.697301403111496,0.4376627387057746,1.0,V12.0
410.31548549720674,-0.4844691519281817,0.48911313704562104,0.3567722835899467,-0.9324795040413303,1.3592313532187148,4,2.6145066970772293,26.697301403111496,0.43878145400247226,1.0,V12.0
411.0082207624468,-0.48882690540915075,0.484755383564652,0.35570845684098046,-0.9344629178912014,1.3573734009720357,4,2.6145066970772293,26.697301403111496,0.439830338062227,1.0,V12.0
411.7021255720123,-0.4931846588901222,0.4803976300836805,0.354579006382879,-0.9364463317410737,1.3555154487253556,4,2.6145066970772293,26.697301403111496,0.44080900408571844,1.0,V12.0
412.39720190044386,-0.49754241237109353,0.4760398766027092,0.3533853905129031,-0.9384297455909459,1.3536574964786754,4,2.6145066970772293,26.697301403111496,0.4417181274503659,1.0,V12.0
413.0934517256158,-0.501900165852065,0.47168212312173774,0.3521277020997078,-0.9420063013807254,1.351799544231995,4,2.5990030600253418,26.744780032551358,0.44255668224867106,1.0,V12.0
413.79087702874153,-0.5062579193330364,0.4673243696407663,0.3508068846801069,-0.9468925341336069,1.3499415919853148,4,2.668778540266794,26.658795631308912,0.4433246949880577,1.0,V12.0
414.48947979437946,-0.5106156728140079,0.46296661615979484,0.3494238359182751,-0.9517787668864881,1.3480836397386347,4,2.6151174413014493,26.744780032551358,0.44402213447151156,1.0,V12.0
415.1892620104385,-0.5149734262949769,0.45860886267882583,0.3479796293064855,-0.9566649996393671,1.3462256874919551,5,2.619158588375437,26.979889784414823,0.4446491934807139,1.0,V12.0
415.8902256681837,-0.5193311797759483,0.4542511091978544,0.3464748416394057,-0.9615512323922485,1.344367735245275,6,2.358925162920367,28.57744605669727,0.44520543088000414,1.0,V12.0
416.592372762242,-0.5236889332569197,0.44989335571688305,0.34491093661501265,-0.96643746514513,1.3425097829985948,6,2.577767956972947,29.019396301122704,0.44569154164783437,1.0,V12.0
417.29570529060794,-0.5280466867378911,0.4455356022359116,0.34328903335274774,-0.9713236978980113,1.3406518307519149,6,2.589427452797628,29.031830871722413,0.44610778872165324,1.0,V12.0
418.0002252546491,-0.5324044402188626,0.44117784875494015,0.3416103183627896,-0.9762099306508927,1.3387938785052345,6,2.589427452797628,29.031830871722413,0.44645452910257805,1.0,V12.0
418.7059346591121,-0.5367621936998317,0.43682009527397103,0.33987593862187493,-0.9810961634037716,1.3369359262585552,6,2.589427452797628,29.031830871722413,0.4467320760084215,1.0,V12.0
419.41283551212814,-0.541119947180803,0.4324623417929997,0.3380871008922478,-0.985982396156653,1.3350779740118748,6,2.589427452797628,29.031830871722413,0.4469408289091786,1.0,V12.0
420.1209298252187,-0.5454777006617745,0.42810458831202824,0.3362450603174299,-0.9908686289095344,1.3332200217651948,6,2.589427452797628,29.031830871722413,0.4470812608624314,1.0,V12.0
420.83021961330144,-0.5498354541427459,0.4237468348310568,0.33435107908985934,-0.9957548616624159,1.3313620695185144,5,2.0946956727158494,42.66125298625086,0.4471538653806828,1.0,V12.0
421.54070689469563,-0.5541932076237173,0.41938908135008546,0.33240647091180614,-1.000641094415297,1.3295041172718343,5,2.0946956727158494,42.66125298625086,0.4471592168405323,1.0,V12.0
422.2523936911282,-0.5585509611046887,0.415031327869114,0.33041253294069883,-1.0047623744646705,1.3276461650251539,5,2.088932756666924,40.59656415047924,0.4470978807786164,1.0,V12.0
422.96528202773925,-0.5629087145856578,0.4106735743881449,0.32837073663069044,-1.0087527617884917,1.325788212778475,5,2.0886600739096677,38.689041125467966,0.4469706733985664,1.0,V12.0
423.6793739330881,-0.5672664680666293,0.40631582090717344,0.3262824637257762,-1.0127431491123144,1.3239302605317944,5,2.0886600739096677,38.689041125467966,0.4467783075453442,1.0,V12.0
424.3946714391586,-0.5716242215476006,0.4019580674262021,0.32414916352271406,-1.0167335364361374,1.3220723082851145,5,2.088490416059381,36.78151810045669,0.4465216062356297,1.0,V12.0
425.11117658136556,-0.5759819750285721,0.39760031394523065,0.3219723175940549,-1.0207239237599601,1.320214356038434,5,2.088490416059381,36.78151810045669,0.44620145709637554,1.0,V12.0
425.8288913985598,-0.5803397285095434,0.3932425604642593,0.31975343879352947,-1.0247143110837833,1.3183564037917541,5,2.67897846457245,25.704971346346102,0.4458188129408639,1.0,V12.0
426.5478179330346,-0.5846974819905149,0.38888480698328787,0.3174940701199017,-1.028704698407606,1.3164984515450735,5,2.67897846457245,25.704971346346102,0.445374692167354,1.0,V12.0
427.2679582305312,-0.5890552354714862,0.38452705350231653,0.3151957834377595,-1.032695085731429,1.3146404992983936,5,2.67897846457245,25.704971346346102,0.44487017897051967,1.0,V12.0
427.9893143402445,-0.5934129889524553,0.3801693000213474,0.31286017805401395,-1.03668547305525,1.3127825470517143,5,2.67897846457245,25.704971346346102,0.44430642335582315,1.0,V12.0
428.71188831482925,-0.5977707424334268,0.37581154654037596,0.31048887904290906,-1.040675860379073,1.310924594805034,5,2.67897846457245,25.704971346346102,0.4436846407950571,1.0,V12.0
429.4356822104057,-0.6021284959143982,0.3714537930594045,0.3080835357322304,-1.0446662477028958,1.3090666425583537,5,2.67897846457245,25.704971346346102,0.44300611210071644,1.0,V12.0
430.16069808656516,-0.6064862493953695,0.3670960395784332,0.30564581976919414,-1.0486566350267186,1.3072086903116735,5,2.67897846457245,25.704971346346102,0.4422721826874251,1.0,V12.0
430.8869380063765,-0.610844002876341,0.3627382860974617,0.3031774231301899,-1.0554816776586509,1.3053507380649934,5,2.67897846457245,25.704971346346102,0.441484261723476,1.0,V12.0
431.6144040363915,-0.6152017563573124,0.3583805326164903,0.30068000393055994,-1.06627295751058,1.3034927858183132,5,2.67897846457245,25.704971346346102,0.4406437447513004,1.0,V12.0
432.34309824665087,-0.6195595098382816,0.35402277913552116,0.2981554200508114,-1.0743560328973396,1.3016348335716337,5,2.6461409279219077,25.73379760310297,0.4397523578271749,1.0,V12.0
433.0730227106902,-0.6239172633192529,0.3496650256545498,0.29560533473173245,-1.0794166475099158,1.2997768813249535,5,2.6461409279219077,25.73379760310297,0.4388115827368288,1.0,V12.0
433.8041795055459,-0.6282750168002244,0.3453072721735784,0.2930315002323763,-1.0844547660542847,1.2979189290782733,5,2.6461409279219077,25.73379760310297,0.43782307286117267,1.0,V12.0
434.536570711761,-0.6326327702811958,0.3409495186926069,0.2904356754208089,-1.0893509178596044,1.2960609768315932,5,2.6461409279219077,25.73379760310297,0.43678853486325303,1.0,V12.0
435.270198413391,-0.6369905237621671,0.3365917652116356,0.2878196260977347,-1.094247069664924,1.2942030245849128,5,2.6461409279219077,25.73379760310297,0.4357097309356479,1.0,V12.0
436.00506469801,-0.6413482772431363,0.33223401173066647,0.2851851212614736,-1.099143221470241,1.2923450723382337,5,2.6461409279219077,25.73379760310297,0.4345884749525064,1.0,V12.0
436.7411716567167,-0.6457060307241077,0.327876258249695,0.2825341791734512,-1.104039373275561,1.2904871200915535,5,2.5557182287220743,26.0085554576036,0.43342701167855185,1.0,V12.0
437.4785213841398,-0.6499314447406773,0.3236508442331254,0.2799255262696203,-1.1084701600430316,1.2881954109827622,5,2.1012642597257907,26.890732447729405,0.4322268856944023,1.0,V12.0
438.21711597844484,-0.65389432079618,0.3196879681776227,0.277416543889024,-1.1119777453396398,1.2850432054023226,4,1.8886888913935707,27.150029688405382,0.43099004474596725,1.0,V12.0
438.9569575413393,-0.6578571968516825,0.3157250921221202,0.2748957080820296,-1.1154853306362478,1.281890999821883,4,2.024278600688408,27.021319911124447,0.4297193504488377,1.0,V12.0
439.6980481780792,-0.6618200729071851,0.3117622160666176,0.2723641653491612,-1.118992915932856,1.2787387942414437,4,2.0120003866791305,27.07370978400704,0.4284159731280973,1.0,V12.0
440.44038999747477,-0.6657829489626877,0.307799340011115,0.26982327528968547,-1.122500501229464,1.2755865886610043,4,2.0120003866791305,27.07370978400704,0.4270814497691348,1.0,V12.0
441.18398511189656,-0.6697458250181884,0.30383646395561437,0.2672754749199763,-1.1260080865260707,1.2724343830805662,4,2.0120003866791305,27.07370978400704,0.4257190722846494,1.0,V12.0
441.9288356372819,-0.6737087010736931,0.29987358790010965,0.2647223420227877,-1.1295156718226806,1.269282177500125,4,2.0120003866791305,27.07370978400704,0.4243308389413822,1.0,V12.0
442.67494369313914,-0.6776715771291956,0.29591071184460715,0.2621654986429269,-1.1330232571192889,1.2661299719196855,4,2.010840350247532,27.09185322714979,0.4229188705066945,1.0,V12.0
443.42231140255615,-0.6816344531846982,0.29194783578910455,0.2596062156397755,-1.136530842415897,1.262977766339246,4,2.010840350247532,27.09185322714979,0.42148477215896263,1.0,V12.0
444.17094089220507,-0.6855973292402008,0.28798495973360194,0.25704605018579985,-1.1400384277125053,1.2598255607588065,4,2.010840350247532,27.09185322714979,0.42003065850955984,1.0,V12.0
444.92083429234816,-0.6895602052957035,0.2840220836780992,0.2544867802575419,-1.1435460130091135,1.2566733551783669,4,2.011676545766541,27.09185322714979,0.4185590624609423,1.0,V12.0
445.67199373684457,-0.693523081351206,0.28005920762259673,0.25192979985070946,-1.1470535983057215,1.2535211495979275,4,2.012884088185574,27.109996670292546,0.4170719477011863,1.0,V12.0
446.42442136315566,-0.6974859574067065,0.27609633156709623,0.2493768755988009,-1.150561183602328,1.2503689440174897,4,2.012884088185574,27.109996670292546,0.4155719507694145,1.0,V12.0
447.1781193123518,-0.7014488334622092,0.2721334555115935,0.24682941216952808,-1.1540687688989364,1.24721673843705,4,2.0064476727127865,27.12142141527798,0.41406117110882285,1.0,V12.0
447.9330897291178,-0.7054117095177117,0.268170579456091,0.24428883827341139,-1.1575763541955444,1.2440645328566104,4,2.004480419670369,27.07370978400704,0.4125418049651406,1.0,V12.0
448.68933476175965,-0.7093745855732143,0.2642077034005884,0.24175655719263947,-1.1610839394921526,1.240912327276171,4,2.004480419670369,27.07370978400704,0.41101606454055395,1.0,V12.0
449.4468565622102,-0.7133374616287169,0.2602448273450858,0.23923392801107907,-1.1645915247887608,1.2377601216957315,4,2.004480419670369,27.07370978400704,0.40948614640711023,1.0,V12.0
450.20565728603526,-0.7173003376842174,0.2562819512895853,0.23672226740115573,-1.168099110085367,1.2400863449737807,4,2.004480419670369,27.07370978400704,0.4079542340524068,1.0,V12.0
450.9657390924402,-0.7212632137397201,0.2523190752340826,0.2342228460948028,-1.1716066953819755,1.2424646545595472,4,2.004480419670369,27.07370978400704,0.40642249130613517,1.0,V12.0
451.7271041442754,-0.7252260897952226,0.2483561991785801,0.23173688710859552,-1.1751142806785835,1.2448429641453134,4,2.004480419670369,27.07370978400704,0.40489305855845376,1.0,V12.0
452.4897546080431,-0.7291889658507253,0.24439332312307738,0.22926556412985108,-1.178621865975192,1.2472212737310802,4,2.004480419670369,27.07370978400704,0.40336804910337937,1.0,V12.0
453.25369265390304,-0.7331518419062278,0.24043044706757488,0.2268100000478916,-1.1821294512718,1.2495995833168465,4,2.004480419670369,27.07370978400704,0.40184954558531893,1.0,V12.0
454.01892045567894,-0.7371147179617306,0.23646757101207216,0.22437126565087,-1.1856370365684084,1.251977892902613,4,2.004480419670369,27.07370978400704,0.4003395965902578,1.0,V12.0
454.7854401908645,-0.741077594017231,0.23250469495657178,0.22195037848869933,-1.1891446218650146,1.2543562024883783,4,2.004480419670369,27.07370978400704,0.3988402133897794,1.0,V12.0
455.55325404062984,-0.7450404700727336,0.22854181890106917,0.2195483019014007,-1.1926522071616228,1.2567345120741447,4,2.004480419670369,27.07370978400704,0.397353366844364,1.0,V12.0
456.32236418982734,-0.7490033461282362,0.22457894284556656,0.2171659441559789,-1.196159792458231,1.2591128216599112,4,2.004480419670369,27.07370978400704,0.39588098437028485,1.0,V12.0
457.0927728269982,-0.7529662221837388,0.22061606679006396,0.21480415798915348,-1.1996673777548392,1.2614911312456778,4,2.003059163254855,27.09185322714979,0.3944249475193299,1.0,V12.0
457.8644821443785,-0.7569290982392414,0.21665319073456135,0.21246374017026823,-1.2031749630514474,1.2638694408314441,3,1.9950826439158744,27.202484838809372,0.39298708948939526,1.0,V12.0
458.6374943379055,-0.760891974294744,0.21269031467905875,0.21014543106106828,-1.2066825483480554,1.266247750417211,3,1.9950826439158744,27.202484838809372,0.3915691925189511,1.0,V12.0
459.4118116072238,-0.7648548503502466,0.20872743862355614,0.20784991463814173,-1.2101901336446639,1.268626060002977,3,1.9950826439158744,27.202484838809372,0.3901729860337185,1.0,V12.0
460.18743615569167,-0.7688177264057471,0.20476456256805564,0.20557781845471151,-1.21369771894127,1.2710043695887423,3,1.9950826439158744,27.202484838809372,0.38880014459529894,1.0,V12.0
460.9643701903873,-0.7727806024612497,0.20080168651255303,0.20332971396642488,-1.2172053042378783,1.2733826791745089,3,1.9950826439158744,27.202484838809372,0.38745228645047775,1.0,V12.0
461.7426159221152,-0.7767434785167524,0.19683881045705032,0.2011061231217048,-1.2207128895344865,1.2757609887602754,3,1.9950826439158744,27.202484838809372,0.38613098404246776,1.0,V12.0
462.52217556541217,-0.780706354572255,0.1928759344015477,0.19890750173449445,-1.2242204748310948,1.278139298346042,3,1.9950826439158744,27.202484838809372,0.38483773008528527,1.0,V12.0
463.30305133855404,-0.7846692306277576,0.1889130583460451,0.1967342534319174,-1.227728060127703,1.2805176079318084,3,1.9950826439158744,27.202484838809372,0.38357396167747093,1.0,V12.0
464.0852454635616,-0.788632106683258,0.18495018229054472,0.19458650403172814,-1.2312356454243094,1.2828959175175738,3,1.9474825237268187,27.285125323511743,0.38234061481385206,1.0,V12.0
464.86876016620715,-0.7925949827387606,0.1809873062350421,0.192465109869613,-1.2347432307209176,1.2852742271033402,3,2.1700127737801314,27.07370978400704,0.38114010152107963,1.0,V12.0
465.65359767602064,-0.7965578587942632,0.1770244301795395,0.1903699524196641,-1.2382508160175258,1.2876525366891067,5,2.2939448134823377,26.890732447729405,0.3799729643444888,1.0,V12.0
466.4397602262963,-0.8005207348497659,0.1730615541240368,0.1883007256493656,-1.241758401314134,1.290030846274873,5,1.8810679527785747,27.285125323511743,0.3788393858902351,1.0,V12.0
467.22725005409876,-0.8044836109052685,0.16909867806853418,0.18625813240468736,-1.245265986610742,1.2924091558606396,5,1.6895697736575366,27.109996670292546,0.3777416006951644,1.0,V12.0
468.01606940026943,-0.808446486960771,0.16513580201303169,0.18424233074655186,-1.2487735719073503,1.2947874654464062,5,1.7176906372350325,26.542136700517975,0.37668080190816583,1.0,V12.0
468.806220509433,-0.8124093630162715,0.1611729259575312,0.18225340614910454,-1.252281157203957,1.2971657750321715,5,1.7176906372350325,26.542136700517975,0.37565807204693985,1.0,V12.0
469.5977056300037,-0.8163722390717741,0.15721004990202858,0.18029131752630473,-1.2563166139492596,1.299544084617938,5,1.7176906372350325,26.542136700517975,0.37467426627709455,1.0,V12.0
470.39052701419183,-0.8203351151272767,0.15324717384652597,0.1783560053555809,-1.2604139009087378,1.3019223942037041,5,1.7176906372350325,26.542136700517975,0.37373022953677537,1.0,V12.0
471.1846869180101,-0.8242979911827794,0.14928429779102337,0.17644742410128453,-1.2645111878682156,1.3043007037894707,5,1.7176279542519208,26.453788895285868,0.37282686461803366,1.0,V12.0
471.98018760127985,-0.8276393905545406,0.1459428984192621,0.17479649999747274,-1.267812072821445,1.3062898008780321,5,1.7133120185512665,26.453788895285868,0.371964687997016,1.0,V12.0
472.7770313276379,-0.8300299334970053,0.14355235547679746,0.1735239574965255,-1.2698944664173046,1.3076834046600665,5,1.7132181745307629,26.419266237744754,0.37114476393716556,1.0,V12.0
473.57522036454276,-0.8324204764394688,0.1411618125343339,0.17227531386213182,-1.271976860013163,1.3090770084421004,5,1.7168451221484375,26.453788895285868,0.3703677913678531,1.0,V12.0
474.3747569832809,-0.8348110193819337,0.13877126959186903,0.1710505631876954,-1.2740592536090225,1.3104706122241354,5,1.7168451221484375,26.453788895285868,0.369634423172075,1.0,V12.0
475.17564345897364,-0.8372015623243985,0.13638072664940426,0.16984967594038589,-1.2761416472048817,1.3118642160061698,5,1.7170184153484034,26.542136700517975,0.36894527447314324,1.0,V12.0
475.9778820705831,-0.8395921052668632,0.1339901837069395,0.16867259820987981,-1.2782240408007415,1.3132578197882048,5,1.7170184153484034,26.542136700517975,0.36830092000880393,1.0,V12.0
476.78147510091935,-0.841982648209328,0.13159964076447472,0.1675192538021085,-1.2803064343966009,1.3146514235702391,5,1.7171263122716514,26.630484505750083,0.36770189766742106,1.0,V12.0
477.58642483664613,-0.8443731911517928,0.12920909782200996,0.16638954625197186,-1.2823888279924607,1.3160450273522741,3,1.0570066380709129,64.59298785620669,0.36714871195727244,1.0,V12.0
478.39273356828795,-0.8467637340942564,0.1268185548795463,0.16528336057208506,-1.2844712215883192,1.317438631134308,3,1.0570066380709129,64.59298785620669,0.3666418370006794,1.0,V12.0
479.2004035902365,-0.8491542770367211,0.12442801193708164,0.1642005649878361,-1.2865536151841783,1.3188322349163426,3,1.0570066380709129,64.59298785620669,0.3661817195933853,1.0,V12.0
480.00943720075685,-0.851544819979186,0.12203746899461676,0.16314101267280223,-1.2886360087800377,1.3202258386983774,3,1.0570066380709129,64.59298785620669,0.36576878236311433,1.0,V12.0
480.8198367019944,-0.8539353629216507,0.11964692605215199,0.16210454341074948,-1.2907184023758975,1.3216194424804122,3,1.0570066380709129,64.59298785620669,0.3654034268647679,1.0,V12.0
481.6316043999813,-0.8563259058641155,0.11725638310968722,0.1610909851059415,-1.292800795971757,1.3230130462624468,3,1.0570066380709129,64.59298785620669,0.36508603643245113,1.0,V12.0
482.4447426046428,-0.8587164488065803,0.11486584016722245,0.16010015555284193,-1.2948831895676163,1.3244066500444813,3,1.0570066380709129,64.59298785620669,0.364816979715788,1.0,V12.0
483.25925362980416,-0.861106991749045,0.11247529722475769,0.15913186390389306,-1.2969655831634759,1.325800253826516,3,1.0570066380709129,64.59298785620669,0.36459661364069496,1.0,V12.0
484.0751397931969,-0.8634975346915086,0.11008475428229414,0.15818591200823695,-1.2990479767593344,1.323875723154351,6,2.2646648232653694,31.58158673926635,0.3644252861706675,1.0,V12.0
484.8924034164657,-0.8658880776339736,0.10769421133982915,0.15726209572113817,-1.3011303703551937,1.3206334036817686,6,2.2651001772404427,31.580021946037995,0.36430333909195034,1.0,V12.0
485.7110468251749,-0.8682786205764382,0.10530366839736449,0.15636020647374357,-1.3032127639510536,1.3173910842091865,6,2.2651001772404427,31.580021946037995,0.36423111149819176,1.0,V12.0
486.5310723488149,-0.870669163518903,0.10291312545489972,0.1554800308670137,-1.3068745954532326,1.3141487647366046,6,2.2651001772404427,31.580021946037995,0.36420893876385146,1.0,V12.0
487.3524823208092,-0.8730597064613679,0.10052258251243484,0.15462129419260792,-1.3106500316203251,1.3109064452640222,6,2.2651001772404427,31.580021946037995,0.3642370193932211,1.0,V12.0
488.17527907852065,-0.8754502494038314,0.0981320395699713,0.15378383503807802,-1.312602055562138,1.3076641257914416,6,2.2651001772404427,31.580021946037995,0.3643158247866734,1.0,V12.0
488.9994649632584,-0.8778407923462962,0.09574149662750653,0.15296743613128091,-1.3144464791833157,1.3044218063188595,6,2.2651001772404427,31.580021946037995,0.36444570399798093,1.0,V12.0
489.82504232028424,-0.880231335288761,0.09335095368504176,0.15217184981602103,-1.3162909028044933,1.3011794868462774,6,2.2651001772404427,31.580021946037995,0.3646269412737601,1.0,V12.0
490.65201349881966,-0.8826218782312258,0.09096041074257688,0.1513961450061558,-1.3181353264256717,1.297937167373695,6,2.2648858255698574,31.572195531287242,0.36485818037422857,1.0,V12.0
491.48038085205224,-0.8850124211736906,0.08856986780011211,0.15064077459548533,-1.3210214017907655,1.2946948479011129,6,2.261211151380555,31.559630146446153,0.36514138828326054,1.0,V12.0
492.31014673714253,-0.8874029641161554,0.08617932485764734,0.14990555873496986,-1.325568418892386,1.2914525284285308,6,2.2648455139545947,31.582357222951302,0.3654770351833184,1.0,V12.0
493.14131351523054,-0.8897935070586203,0.08378878191518246,0.14919028898708653,-1.3301154359940064,1.2882102089559484,6,2.1501736170057018,31.616494946212747,0.3658655321737845,1.0,V12.0
493.9738835514426,-0.8921840500010836,0.08139823897271914,0.14849472963549595,-1.3346624530956244,1.2893746133458621,6,2.1735987555386522,31.16125735925278,0.3663072327595847,1.0,V12.0
494.8078592148983,-0.8945745929435485,0.07900769603025426,0.14781869510839205,-1.339209470197245,1.2916486372921456,6,1.9564522852689232,31.027486872017768,0.36680262326403207,1.0,V12.0
495.64324287871676,-0.8969651358860132,0.07661715308778949,0.1471614539399875,-1.3452961762841,1.2939226612384291,6,1.7044175115212947,31.329599587505797,0.3673508389343725,1.0,V12.0
496.4800369200237,-0.899355678828478,0.07422661014532472,0.1465231815700146,-1.352765978791543,1.2961966851847126,6,1.606577313476699,31.502435826723847,0.36795327170021197,1.0,V12.0
497.31824371995816,-0.9017462217709429,0.07183606720285984,0.1459036483224776,-1.3567148897243684,1.2984707091309962,6,1.58193567774218,31.552172219915136,0.3686103236345918,1.0,V12.0
498.15786566367933,-0.9041367647134064,0.0694455242603963,0.14530263720504039,-1.3606638006571918,1.3007447330772786,6,1.58193567774218,31.552172219915136,0.3693224388214266,1.0,V12.0
498.9989051403732,-0.9065273076558712,0.06705498131793153,0.14471992207609793,-1.364612711590017,1.303018757023562,6,1.58193567774218,31.552172219915136,0.37009004880662033,1.0,V12.0
499.8413645432593,-0.908917850598336,0.06466443837546676,0.14415527385447155,-1.3685616225228427,1.3052927809698456,6,1.5811678708835777,31.547958039455693,0.37091358819009285,1.0,V12.0
500.6852462695979,-0.9113083935408008,0.06227389543300188,0.14360845875256742,-1.372510533455668,1.307566804916129,6,1.5814635347827235,31.53175840192505,0.3717934901460471,1.0,V12.0
501.5305527206963,-0.9136989364832656,0.05988335249053711,0.14307923913596388,-1.3764594443884934,1.3078386631228047,6,1.5814635347827235,31.53175840192505,0.3727301886178519,1.0,V12.0
502.377286301916,-0.9160894794257304,0.05749280954807234,0.14256737062088332,-1.3810212382392177,1.304169016204129,6,1.5806067108041926,31.53175840192505,0.3737241107334955,1.0,V12.0
503.22544942267956,-0.9184800223681939,0.055102266605608796,0.14207260161836607,-1.3856909139869393,1.3004993692854552,6,1.5799821828070992,31.552172219915136,0.37477567538826234,1.0,V12.0
504.07504449647735,-0.9208705653106588,0.05271172366314392,0.14159467180623894,-1.3903605897346634,1.2968297223667793,6,1.5799821828070992,31.552172219915136,0.3758852889271118,1.0,V12.0
504.9260739408743,-0.9232611082531235,0.05032118072067926,0.14113331090075,-1.3950302654823874,1.2931600754481034,6,1.5799821828070992,31.552172219915136,0.3770533414621868,1.0,V12.0
505.7785401775171,-0.9256516511955882,0.04793063777821449,0.14068823704965103,-1.3996999412301114,1.2894904285294275,6,1.5799821828070992,31.552172219915136,0.3782802020304714,1.0,V12.0
506.6324456321407,-0.928042194138053,0.04554009483574972,0.1402591554855171,-1.4043696169778352,1.2858207816107519,6,1.5799821828070992,31.552172219915136,0.37956621426773157,1.0,V12.0
507.4877927345755,-0.9304327370805179,0.04314955189328484,0.1398457570706733,-1.4090392927255593,1.282151134692076,6,1.5799821828070992,31.552172219915136,0.38091169161820687,1.0,V12.0
508.3445839187544,-0.9328232800229814,0.040759008950821296,0.1394477168106276,-1.413708968473281,1.278481487773402,6,1.5799821828070992,31.552172219915136,0.3823169122695796,1.0,V12.0
509.20282162271917,-0.9339614915298186,0.03962079744398417,0.13954531476289328,-1.4155920438155034,1.2743327892529488,6,1.5799821828070992,31.552172219915136,0.3837821138592328,1.0,V12.0
510.06250828862784,-0.9336019222867344,0.03998036668706828,0.1402384940196181,-1.4141423620885145,1.2696111479419947,6,1.5799821828070992,31.552172219915136,0.3853074879972979,1.0,V12.0
510.92364636276216,-0.93324235304365,0.040339935930152726,0.14095474348350095,-1.412692680361525,1.2648895066310375,6,1.5799821828070992,31.552172219915136,0.38689317440987925,1.0,V12.0
511.7862382955322,-0.9328827838005659,0.04069950517323684,0.14169415829028018,-1.4118122320052375,1.2601678653200832,6,1.5799821828070992,31.552172219915136,0.3885392555694705,1.0,V12.0
512.6502865414868,-0.9325232145574816,0.04105907441632117,0.14245681061109752,-1.4115103552547024,1.2554462240091289,6,1.5799821828070992,31.552172219915136,0.390245750714476,1.0,V12.0
513.5157935593181,-0.9321636453143974,0.041418643659405285,0.14324265082784146,-1.4112084785041674,1.2507245826981745,6,1.5799821828070992,31.552172219915136,0.39201234570677085,1.0,V12.0
514.3827618118695,-0.9318040760713133,0.0417782129024894,0.14405180508253984,-1.4108703780163876,1.2460029413872205,6,1.5799821828070992,31.552172219915136,0.3938392081736444,1.0,V12.0
515.2511937661421,-0.9314445068282293,0.0421377821455734,0.14488426173307417,-1.4104502434658792,1.2449985523445926,6,1.5799821828070992,31.552172219915136,0.3957261287504784,1.0,V12.0
516.1210918933023,-0.9310849375851451,0.04249735138865762,0.14573997671736752,-1.4100301089153713,1.245166095449871,6,1.5799821828070992,31.552172219915136,0.39767281043172487,1.0,V12.0
516.9924586686884,-0.930725368342061,0.042856920631741735,0.14661887140053756,-1.409609974364863,1.2453336385551494,6,1.5799821828070992,31.552172219915136,0.3996788631318248,1.0,V12.0
517.8652965718179,-0.9303657990989767,0.04321648987482607,0.14752083090181745,-1.4091898398143545,1.2455011816604278,6,1.5799821828070992,31.552172219915136,0.40174379958463413,1.0,V12.0
518.7396080863946,-0.9300062298558927,0.04357605911791007,0.14844570064785978,-1.4087697052638464,1.2456687247657063,6,1.5799821828070992,31.552172219915136,0.40386702644155087,1.0,V12.0
519.615395700315,-0.9296466606128087,0.04393562836099407,0.14939328332026017,-1.4083495707133384,1.2458362678709847,6,1.6078502401307642,31.49066611898648,0.4060478364933189,1.0,V12.0
520.4926619056768,-0.9292870913697243,0.04429519760407841,0.15036332749467377,-1.40792943616283,1.246003810976263,6,1.6450885024272972,31.308997778747113,0.40828537837736995,1.0,V12.0
521.3714091987842,-0.9289275221266402,0.04465476684716252,0.1513555476541487,-1.407509301612322,1.2461713540815416,6,1.6466703612347968,31.305948854478203,0.4105787115705659,1.0,V12.0
522.2516400801564,-0.928567952883556,0.04501433609024674,0.1523696247608147,-1.4070891670618135,1.2463388971868201,6,1.6913523416699687,31.30502427389426,0.41292680837290274,1.0,V12.0
523.1333570545344,-0.9282083836404718,0.045373905333330966,0.15340509066870353,-1.4066690325113054,1.2465064402920987,6,1.6784397978864314,31.308997778747113,0.4153282413916417,1.0,V12.0
524.0165626308873,-0.9278488143973875,0.04573347457641519,0.15446156856512067,-1.406248897960797,1.246673983397377,6,1.646992126352246,31.296004901707324,0.4177818358216839,1.0,V12.0
524.9012593224206,-0.9274892451543035,0.04609304381949919,0.15553855237176656,-1.4058287634102888,1.2468415265026553,6,1.6675467777204769,31.32319111809807,0.42028607213067654,1.0,V12.0
525.7874496465829,-0.9271296759112195,0.04645261306258319,0.15663553666800978,-1.405408628859781,1.247009069607934,6,1.6842966893207494,31.354564758974387,0.4228394384614541,1.0,V12.0
526.6751361250726,-0.9267701066681352,0.04681218230566753,0.1577519176244532,-1.4049884943092723,1.2471766127132122,6,1.6842966893207494,31.354564758974387,0.42544016342317703,1.0,V12.0
527.5643212838459,-0.9264105374250511,0.04717175154875164,0.15888703040847899,-1.4045683597587642,1.2473441558184908,6,1.6842966893207494,31.354564758974387,0.4280863181295403,1.0,V12.0
528.4550076531231,-0.9260509681819669,0.04753132079183586,0.16004015002834554,-1.404148225208256,1.2475116989237691,6,1.6848121197549555,31.360302072059064,0.4307758192329593,1.0,V12.0
529.3471977673968,-0.9256913989388827,0.047890890034919975,0.1612104901258272,-1.4037280906577478,1.2476792420290477,6,1.6837270057220168,31.360302072059064,0.4335064264246427,1.0,V12.0
530.2408941654382,-0.9253318296957987,0.048250459278003976,0.1623973590888909,-1.4033079561072395,1.2478467851343262,6,1.6830015045907984,31.362366282513776,0.4362761625852243,1.0,V12.0
531.1360993903049,-0.9249722604527146,0.04861002852108809,0.16359967057669672,-1.4028878215567313,1.2480143282396046,6,1.683257838725736,31.362366282513776,0.43908199882231463,1.0,V12.0
532.0328159893479,-0.9246126912096304,0.04896959776417231,0.16481645174440654,-1.4024676870062232,1.248181871344883,6,1.683257838725736,31.362366282513776,0.4419212222403248,1.0,V12.0
532.9310465142187,-0.9242531219665462,0.049329167007256536,0.16604666209114133,-1.4020475524557148,1.2483494144501615,6,1.683257838725736,31.362366282513776,0.444790949164762,1.0,V12.0
533.8307935208771,-0.923893552723462,0.04968873625034076,0.16728919760577196,-1.4016274179052066,1.24851695755544,6,1.683257838725736,31.362366282513776,0.4476881370585808,1.0,V12.0
534.7320595695978,-0.9235339834803777,0.05004830549342498,0.16854288928867073,-1.4012072833546985,1.2486845006607186,6,1.683257838725736,31.362366282513776,0.45060958133359436,1.0,V12.0
535.6348472249782,-0.9231744142372937,0.050407874736508984,0.16980650301837433,-1.4007871488041903,1.248852043765997,6,1.683257838725736,31.362366282513776,0.4535519157725069,1.0,V12.0
536.5391590559456,-0.9228148449942097,0.050767443979592985,0.17107865234309824,-1.4003670142536822,1.2490195868712752,6,1.683257838725736,31.362366282513776,0.4565113805945917,1.0,V12.0
537.4449976357639,-0.9224552757511255,0.05112701322267721,0.1723580713667928,-1.3999468797031738,1.2491782821629718,6,1.683257838725736,31.362366282513776,0.45948455182126224,1.0,V12.0
538.3523655420422,-0.9220957065080413,0.05148658246576143,0.17364333247666866,-1.3995267451526658,1.2493136639615354,6,1.683257838725736,31.362366282513776,0.4624675878865254,1.0,V12.0
539.2612653567409,-0.9217361372649571,0.051846151708845656,0.17493294552057467,-1.401559645826111,1.249449045760099,6,1.683257838725736,31.362366282513776,0.4654564955228593,1.0,V12.0
540.1716996661794,-0.921376568021873,0.05220572095192977,0.1762253589294024,-1.4037296628530151,1.2495844275586627,6,1.683257838725736,31.362366282513776,0.46844713346981465,1.0,V12.0
541.0836710610439,-0.921016998778789,0.05256529019501377,0.1775189610559593,-1.405899679879918,1.2497198093572262,6,1.683257838725736,31.362366282513776,0.4714352167362416,1.0,V12.0
541.9971821363945,-0.9206574295357047,0.05292485943809799,0.17881208173060995,-1.408069696906822,1.24985519115579,6,1.683257838725736,31.362366282513776,0.47441632141323803,1.0,V12.0
542.9122354916722,-0.9202978602926206,0.053284428681182106,0.1801029941135756,-1.4102397139337262,1.2499905729543537,5,1.7090305167738333,30.502090336152435,0.4773858902459084,1.0,V12.0
543.8288337307068,-0.9199382910495364,0.05364399792426633,0.18138991662536466,-1.4124097309606303,1.2501259547529173,6,1.7091044577713725,30.474087573468083,0.48033923838018555,1.0,V12.0
544.7469794617243,-0.9195787218064523,0.05400356716735044,0.18267101939089447,-1.4145797479875344,1.250261336551481,6,1.709179228909841,30.43829475816547,0.4832715710182064,1.0,V12.0
545.666675297354,-0.919219152563368,0.054363136410434776,0.18394441296455172,-1.4167497650144385,1.2503967183500444,6,1.7100820899081497,30.380029577904445,0.48617795414029075,1.0,V12.0
546.587923854636,-0.918859583320284,0.05472270565351878,0.18520816547000785,-1.418919782041341,1.2505321001486083,6,1.7100820899081497,30.380029577904445,0.4890533604245927,1.0,V12.0
547.5107277550289,-0.9185000140771998,0.05508227489660289,0.18646030031591418,-1.4210897990682452,1.2506674819471717,6,1.7100820899081497,30.380029577904445,0.49189266366349027,1.0,V12.0
548.4350896244172,-0.9181404448341156,0.05544184413968711,0.1876987992288562,-1.4232598160951493,1.2508028637457353,6,1.7100820899081497,30.380029577904445,0.49469064722566003,1.0,V12.0
549.3610120931185,-0.9165996256129804,0.05698266336082236,0.18950920883284847,-1.4237988448382382,1.2501312240624938,8,1.9129010572058078,28.743331270235693,0.49744201294316126,1.0,V12.0
550.2884977958911,-0.9139485549182386,0.05963373405556416,0.19186350485994702,-1.422804915122755,1.248701068564602,8,1.913761857731383,28.745962575959595,0.5001414188970096,1.0,V12.0
551.2175493719418,-0.9112974842234967,0.062284804750306066,0.19421002756096878,-1.4218109854072716,1.2472709130667103,8,1.909382300051154,28.745962575959595,0.5027836472750526,1.0,V12.0
552.148169464933,-0.9086464135287562,0.06493587544504653,0.19654620835876072,-1.4208170556917892,1.246216240455139,8,1.8852162746900891,28.743331270235693,0.5053632629537783,1.0,V12.0
553.0803607229905,-0.9059953428340144,0.06758694613978833,0.19886921917885853,-1.4198231259763059,1.2469059091952612,8,1.8900035001916236,28.745962575959595,0.5078743152930613,1.0,V12.0
554.0141257987108,-0.9033442721392724,0.07023801683453035,0.2011763649360399,-1.4188291962608228,1.2475955779353831,8,1.9330179232280602,28.88321241978337,0.5103113510657094,1.0,V12.0
554.9494673491688,-0.9006932014445306,0.07288908752927215,0.20346484263588432,-1.4178352665453398,1.2482852466755054,8,1.9380599574095345,29.452207772061488,0.512668790854221,1.0,V12.0
555.8863880359255,-0.8980421307497887,0.07554015822401405,0.20573178999035757,-1.4168413368298567,1.2489749154156273,8,2.5927536995401073,31.634220030668864,0.5149410549209816,1.0,V12.0
556.8248905250352,-0.8953910600550469,0.07819122891875585,0.20797428700658144,-1.4158474071143736,1.2496645841557497,8,3.5311222886408298,30.567203855563516,0.5171225671692495,1.0,V12.0
557.7649774870536,-0.8927399893603064,0.08084229961349632,0.2101893526870268,-1.4148534773988908,1.2503542528958713,8,2.9605144280422797,30.471788457437505,0.5192077468727911,1.0,V12.0
558.7066515970445,-0.8900889186655645,0.08349337030823822,0.21237397391247478,-1.413859547683408,1.2510439216359936,8,2.9605144280422797,30.471788457437505,0.5211910797087067,1.0,V12.0
559.6499155345887,-0.8874378479708227,0.08614444100298002,0.21452508836181766,-1.4128656179679246,1.2517335903761158,8,2.9587306314507633,30.45569267481178,0.5230670739653916,1.0,V12.0
560.5947719837906,-0.8847867772760808,0.08879551169772193,0.21663959729025153,-1.4118716882524416,1.2524232591162379,8,2.9587306314507633,30.45569267481178,0.5248302907728293,1.0,V12.0
561.5412236332861,-0.882135706581339,0.09144658239246373,0.21871437179396339,-1.4108777585369585,1.2531129278563602,8,2.9517417758948006,30.45569267481178,0.5264753574965104,1.0,V12.0
562.4892731762504,-0.8794846358865971,0.09409765308720563,0.22074625989634772,-1.4098838288214754,1.2538025965964823,8,2.9532806036439316,30.472659396203582,0.527996982586757,1.0,V12.0
563.4389233104058,-0.8768335651918566,0.0967487237819461,0.22273291931495223,-1.4088898991059926,1.254492265336604,8,2.956326536466219,30.47353033496966,0.5293919323458282,1.0,V12.0
564.3901767380288,-0.8741824944971146,0.09939979447668812,0.22467045626898915,-1.4078959693905095,1.255181934076726,8,2.95533729516409,30.472659396203582,0.5306533895554534,1.0,V12.0
565.3430361659583,-0.8715314238023729,0.1020508651714298,0.22655570308406792,-1.4069020396750265,1.2558716028168484,8,2.95533729516409,30.472659396203582,0.5317764110145498,1.0,V12.0
566.2975043056033,-0.8688803531076311,0.1047019358661716,0.2283854899526651,-1.4059081099595432,1.2565612715569703,8,2.95533729516409,30.472659396203582,0.5327561708244068,1.0,V12.0
567.2535838729502,-0.8662292824128891,0.10735300656091362,0.23015666390782624,-1.4049141802440603,1.2572509402970926,8,2.95533729516409,30.472659396203582,0.5335880007719302,1.0,V12.0
568.2112775885711,-0.8635782117181472,0.11000407725565553,0.23186609184542947,-1.4039202505285768,1.2579406090372147,8,2.95533729516409,30.472659396203582,0.5342673924773588,1.0,V12.0
569.170588177631,-0.8609271410234067,0.112655147950396,0.23351066842430807,-1.4029263208130944,1.2586302777773366,8,2.95533729516409,30.472659396203582,0.5347900106350952,1.0,V12.0
570.1315183698957,-0.8582760703286649,0.11530621864513779,0.23508732394901619,-1.4019323910976114,1.2593199465174587,8,2.95533729516409,30.472659396203582,0.5351517057355789,1.0,V12.0
571.0940708997402,-0.8556249996339231,0.11795728933987959,0.2365930323593433,-1.4009384613821283,1.2600096152575808,8,2.95533729516409,30.472659396203582,0.5353485265708311,1.0,V12.0
572.0582485061553,-0.8529739289391812,0.1206083600346215,0.23802481930745176,-1.399944531666645,1.260699283997703,8,2.95533729516409,30.472659396203582,0.5353767324896531,1.0,V12.0
573.0240539327565,-0.8503228582444393,0.1232594307293634,0.2393797703012238,-1.398950601951162,1.2613889527378253,8,2.95533729516409,30.472659396203582,0.5352328053650116,1.0,V12.0
573.9914899277909,-0.8476717875496975,0.1259105014241052,0.24065503889165596,-1.397956672235679,1.2620786214779474,8,2.95533729516409,30.472659396203582,0.5349134612362089,1.0,V12.0
574.9605592441459,-0.845020716854957,0.12856157211884567,0.24184785488138844,-1.396962742520196,1.262768290218069,8,2.95533729516409,30.472659396203582,0.534415661588551,1.0,V12.0
575.9312646393564,-0.8423696461602153,0.13121264281358747,0.2429555327959578,-1.3959688128047132,1.2634579589581911,8,2.95533729516409,30.472659396203582,0.5337366248160152,1.0,V12.0
576.9036088756129,-0.8397185754654732,0.13386371350832948,0.24397558189873425,-1.394216055909557,1.2641476276983135,8,2.95533729516409,30.472659396203582,0.5328740590701703,1.0,V12.0
577.8775947197691,-0.8370675047707314,0.13651478420307128,0.24490539693898888,-1.3910294485992227,1.2648372964384356,8,2.95533729516409,30.472659396203582,0.5318254766051316,1.0,V12.0
578.8532249433505,-0.8344164340759895,0.1391658548978132,0.24574270039797683,-1.3878428412888881,1.2655269651785577,8,2.95533729516409,30.472659396203582,0.5305891542486167,1.0,V12.0
579.830502322561,-0.8317653633812476,0.1418169255925551,0.24648517377265683,-1.3846562339785538,1.26621663391868,8,2.95533729516409,30.472659396203582,0.5291633200709213,1.0,V12.0
580.809429638292,-0.8291142926865072,0.14446799628729556,0.24713064781464558,-1.3814696266682207,1.2669063026588017,8,2.9819806980385395,30.188142601626424,0.5275465608651684,1.0,V12.0
581.7900096761301,-0.8264632219917654,0.14711906698203736,0.24767712056088462,-1.3782830193578863,1.2675959713989238,8,2.984835119823947,30.12284093061609,0.5257378503272236,1.0,V12.0
582.7722452263645,-0.8238121512970235,0.14977013767677927,0.24812272569258081,-1.3750964120475515,1.2682856401390457,8,2.97528497145022,30.112476641946937,0.5237364714425939,1.0,V12.0
583.7561390839951,-0.8211610806022817,0.15242120837152107,0.2484657373742326,-1.3719098047372171,1.2689753088791682,8,2.8434248823965973,30.381395252742223,0.5215420180382137,1.0,V12.0
584.7416940487409,-0.8185100099075397,0.15507227906626297,0.2487046093812869,-1.3687231974268825,1.26966497761929,8,2.51641261327538,31.141720948130395,0.5191544678579662,1.0,V12.0
585.7289129250476,-0.8158589392127978,0.15772334976100488,0.24883786295111948,-1.365536590116548,1.2703546463594124,8,2.5132821645998127,31.220683344601,0.5165739391829938,1.0,V12.0
586.7177985220954,-0.8132078685180574,0.16037442045574535,0.2488641129299925,-1.362349982806215,1.271044315099534,8,2.6114571684416337,31.312331472957062,0.5138007409682227,1.0,V12.0
587.7083536538076,-0.8105567978233156,0.16302549115048715,0.24878269930054975,-1.3591633754958807,1.2717339838396564,8,2.6726515834427937,31.33636502078611,0.5108366643963389,1.0,V12.0
588.7005811388582,-0.8079057271285738,0.16567656184522894,0.2485927219528869,-1.3559767681855461,1.2724236525797783,8,2.7774996136080197,31.28425813157368,0.5076829715358532,1.0,V12.0
589.6944838006796,-0.8052546564338319,0.16832763253997085,0.24829340727802748,-1.3527901608752115,1.2731133213199008,8,3.0288669374822823,31.141720948130395,0.5043411542231927,1.0,V12.0
590.6900644674712,-0.80260358573909,0.17097870323471276,0.24788418200502305,-1.349603553564877,1.2738029900600227,8,3.0288669374822823,31.141720948130395,0.5008130770862758,1.0,V12.0
591.6873259722075,-0.7999525150443481,0.17362977392945467,0.24736473605036668,-1.3464169462545426,1.2744926588001448,8,2.8968930498210317,31.171498255511185,0.4971010939155682,1.0,V12.0
592.6862711526455,-0.7963989967931125,0.17718329218069018,0.24718005733074994,-1.342267613878739,1.2744685484416107,8,2.8968930498210317,31.171498255511185,0.49320791583460816,1.0,V12.0
593.6869028513336,-0.7921801118620998,0.18140217711170292,0.24720325654585085,-1.337408472743701,1.2713376573018524,8,2.900120230072334,31.151755674256684,0.4891366032988429,1.0,V12.0
594.6892239156188,-0.787961226931087,0.18562106204271567,0.24710306172959007,-1.3325493316086625,1.2679106212714701,8,2.900341202665641,31.171498255511185,0.48489056506945954,1.0,V12.0
595.6932371976555,-0.7837423420000744,0.1898399469737283,0.24687918389909064,-1.3276901904736245,1.2644835852410887,8,2.899547355943978,31.151755674256684,0.4804735426167158,1.0,V12.0
596.6989455544137,-0.7795234570690617,0.19405883190474105,0.2465315726570364,-1.3228310493385862,1.2610565492107069,8,2.897753903500487,31.151755674256684,0.4758896160816469,1.0,V12.0
597.7063518476864,-0.7753045721380489,0.1982777168357538,0.24606042769374223,-1.319414042341996,1.2576295131803248,8,2.896319703851794,31.146738311193538,0.47114321262053865,1.0,V12.0
598.7154589440981,-0.7710856872070384,0.20249660176676432,0.24546619245057752,-1.3163136360540075,1.2542024771499447,8,2.896319703851794,31.146738311193538,0.46623908046542906,1.0,V12.0
599.7262697151135,-0.7668668022760258,0.20671548669777695,0.24474956318162236,-1.313213229766017,1.2507754411195628,8,2.896319703851794,31.146738311193538,0.4611822932367949,1.0,V12.0
600.7387870370446,-0.762647917345013,0.2109343716287897,0.24391148887379055,-1.3101128234780266,1.247348405089181,8,2.896319703851794,31.146738311193538,0.4559782369626128,1.0,V12.0
601.7530137910601,-0.7584290324140004,0.21515325655980233,0.2429538802961266,-1.3070124171900364,1.2439213690587991,8,2.896319703851794,31.146738311193538,0.45063391300858674,1.0,V12.0
602.7689528631925,-0.7542101474829876,0.21937214149081508,0.24187742683443006,-1.3039120109020461,1.240494333028417,8,2.896319703851794,31.146738311193538,0.4451538574454507,1.0,V12.0
603.7866071443467,-0.7499912625519771,0.2235910264218256,0.24068385604349626,-1.3008116046140572,1.2370672969980372,8,2.896319703851794,31.146738311193538,0.4395443624850148,1.0,V12.0
604.805979530309,-0.7457723776209644,0.22780991135283835,0.23937515363525091,-1.297711198326067,1.2336402609676553,8,2.896319703851794,31.146738311193538,0.43381199575431334,1.0,V12.0
605.8270729217538,-0.7415534926899517,0.23202879628385098,0.23795356308911586,-1.2946107920380767,1.2302132249372735,8,2.896319703851794,31.146738311193538,0.42796358914596017,1.0,V12.0
606.8498902242534,-0.7373346077589391,0.23624768121486361,0.23642158458686588,-1.291510385750086,1.2267861889068916,8,2.896319703851794,31.146738311193538,0.42200622696650064,1.0,V12.0
607.8744343482851,-0.7331157228279263,0.24046656614587647,0.23478197327093997,-1.288409979462096,1.2233591528765095,8,2.896319703851794,31.146738311193538,0.4159472334176812,1.0,V12.0
608.9007082092403,-0.7288968378969136,0.2446854510768891,0.2330377368278143,-1.2853095731741055,1.2199321168461277,8,2.896319703851794,31.146738311193538,0.4097941594480943,1.0,V12.0
609.9287147274322,-0.724677952965901,0.24890433600790174,0.23119101911752152,-1.282209166886115,1.216505080815746,8,2.8957959687417048,31.151755674256684,0.4035528257364429,1.0,V12.0
610.9584568281044,-0.7204590680348906,0.25312322093891215,0.22924654365019362,-1.2791087605981266,1.213078044785366,8,2.8957959687417048,31.151755674256684,0.39723335271646404,1.0,V12.0
611.9899374414393,-0.7162401831038778,0.2573421058699249,0.2272080443780364,-1.2760083543101362,1.209651008754984,8,2.8893611821167005,31.312331472957062,0.39084386479220645,1.0,V12.0
613.0231595025663,-0.7120212981728651,0.26156099080093764,0.22507949231494145,-1.2729079480221455,1.2062239727246022,7,2.8888619604935077,31.33636502078611,0.38439265707680986,1.0,V12.0
614.0581259515701,-0.7078024132418523,0.2657798757319504,0.2228650898154671,-1.2698075417341554,1.2027969366942202,7,2.8888619604935077,31.33636502078611,0.37788817958614457,1.0,V12.0
615.0948397334992,-0.7035835283108396,0.26999876066296313,0.22056926420817885,-1.266707135446165,1.1993699006638383,7,2.8888619604935077,31.33636502078611,0.37133902101909794,1.0,V12.0
616.1333037983741,-0.6993646433798268,0.2742176455939759,0.21819666053748166,-1.2636067291581745,1.1959428646334564,7,2.8868838363184546,31.36039856861516,0.364753891733895,1.0,V12.0
617.173521101196,-0.6951457584488164,0.2784365305249863,0.21575213457115447,-1.260506322870186,1.1925158286030764,4,1.5807938155500096,37.28408287862105,0.3581416078808006,1.0,V12.0
618.2154946019551,-0.6909268735178037,0.28265541545599904,0.21324084606762678,-1.2574059165821956,1.1890887925726947,4,1.5822984174759718,37.29890543519211,0.3515112414674343,1.0,V12.0
619.2592272656386,-0.686707988586791,0.28687430038701167,0.21066795419789158,-1.2543055102942053,1.1856617565423127,4,1.6095984529019212,37.27991956899052,0.34487161291726887,1.0,V12.0
620.3047220622398,-0.6824891036557783,0.2910931853180244,0.20803888520482616,-1.2512051040062149,1.1822347205119308,4,1.6466780732440984,37.27991956899052,0.3382317348610817,1.0,V12.0
621.3519819667661,-0.6782702187247656,0.29531207024903716,0.20535933119331523,-1.2481046977182246,1.178807684481549,4,1.6656513272901636,37.282001223805786,0.33160080363638145,1.0,V12.0
622.4010099592475,-0.6740513337937528,0.2995309551800499,0.20263501907024997,-1.2450042914302344,1.1753806484511669,4,1.6014554317875684,37.33920991303918,0.32498782249628927,1.0,V12.0
623.4518090247454,-0.6698324488627424,0.3037498401110603,0.19987198704244907,-1.2419038851422455,1.1719536124207872,4,1.4504731648033724,37.226950092161005,0.318402048567409,1.0,V12.0
624.5043821533608,-0.6656135639317297,0.30796872504207307,0.19707638633734745,-1.238803478854255,1.168526576390405,4,1.231051345441113,26.36751844288995,0.311852670619426,1.0,V12.0
625.5587323402428,-0.661394679000717,0.3121876099730857,0.19425435609695124,-1.235703072566265,1.1650995403600233,3,1.2497227649847424,26.073276919965025,0.305348614677401,1.0,V12.0
626.6148625855975,-0.6571757940697043,0.31640649490409845,0.19141214202222687,-1.2326026662782745,1.1616725043296414,3,1.2649640476061803,25.800007887226123,0.29889873794513894,1.0,V12.0
627.6727758946957,-0.6529569091386915,0.3206253798351112,0.1885561432111185,-1.229502259990284,1.1582454682992593,3,1.2653540331207527,25.679069646668623,0.29251190371831814,1.0,V12.0
628.7324752778825,-0.6487380242076789,0.3248442647661238,0.1856929104046454,-1.2264018537022938,1.1548184322688777,3,1.265337159500365,25.55813140611112,0.28619697848325193,1.0,V12.0
629.793963750585,-0.6445191392766684,0.32906314969713435,0.18282908293578556,-1.2233014474143051,1.1513913962384974,3,1.265337159500365,25.55813140611112,0.2799627352648391,1.0,V12.0
630.8572443333218,-0.6403002543456556,0.3332820346281471,0.17997136984440518,-1.2202010411263147,1.1479643602081158,3,1.2661642994504856,25.55813140611112,0.27381782789339454,1.0,V12.0
631.9223200517102,-0.636081369414643,0.33750091955915973,0.17712654612039438,-1.2171006348383244,1.144537324177734,3,1.2660805653577778,25.188630699969337,0.26777078912627233,1.0,V12.0
632.9891939364765,-0.6318624844836302,0.3417198044901725,0.17430117182009308,-1.214000228550334,1.1411102881473518,3,1.2630100731006775,25.373381053040227,0.26182961255007675,1.0,V12.0
634.057869023463,-0.6276435995526176,0.3459386894211851,0.17150233773353846,-1.2108998222623437,1.1376832521169702,3,1.2632237549265404,25.188630699969337,0.2560028826213112,1.0,V12.0
635.1283483536381,-0.6234247146216048,0.35015757435219796,0.16873692471163088,-1.2077994159743535,1.134256216086588,3,1.2632237549265404,25.188630699969337,0.25029865748853436,1.0,V12.0
636.2006349731038,-0.6192058296905943,0.3543764592832084,0.16601182749220839,-1.2046990096863648,1.130829180056208,3,1.2632237549265404,25.188630699969337,0.24472481530967208,1.0,V12.0
637.274731933105,-0.6149869447595817,0.358595344214221,0.16333394063408238,-1.201598603398374,1.1274021440258262,3,1.2632237549265404,25.188630699969337,0.2392890392073832,1.0,V12.0
638.3506422900381,-0.610768059828569,0.36281422914523376,0.16071014617105936,-1.198498197110384,1.1239751079954443,3,1.2632237549265404,25.188630699969337,0.2339988052832853,1.0,V12.0
639.4283691054594,-0.6057472395125585,0.36783504946124423,0.1583308333691093,-1.1941505926176792,1.120075014322624,3,1.2632237549265404,25.188630699969337,0.2288613711744765,1.0,V12.0
640.5079154460941,-0.6002669059461062,0.3733153830276965,0.15611418109775857,-1.189088336905294,1.115903856098981,3,1.2632237549265404,25.188630699969337,0.2238837601821097,1.0,V12.0
641.5892843838452,-0.5947865723796539,0.3787957165941488,0.1539600654872028,-1.184026081192909,1.1117326978753381,3,1.2632237549265404,25.188630699969337,0.21907276536590498,1.0,V12.0
642.6724789958015,-0.5893062388132045,0.3842760501605982,0.15187585714759172,-1.1789638254805266,1.1075615396516971,3,1.2632237549265404,25.188630699969337,0.2144349256636723,1.0,V12.0
643.7575023642472,-0.5838259052467523,0.38975638372705046,0.14986888613878185,-1.1739015697681412,1.1033903814280541,3,1.2632237549265404,25.188630699969337,0.20997652236724676,1.0,V12.0
644.8443575766704,-0.5783455716802999,0.39523671729350285,0.14794643400527507,-1.168839314055756,1.0992192232044111,3,1.2632237549265404,25.188630699969337,0.20570357786400464,1.0,V12.0
645.9330477257714,-0.5728652381138476,0.4007170508599551,0.14611570487822043,-1.163777058343371,1.0950480649807681,3,1.2632237549265404,25.188630699969337,0.20162182555057756,1.0,V12.0
647.0235759094724,-0.5673849045473953,0.4061973844264074,0.14438382790401444,-1.158714802630986,1.0908769067571251,3,1.2632237549265404,25.188630699969337,0.1977367240038765,1.0,V12.0
648.1159452309253,-0.5619045709809459,0.4116777179928568,0.1427578422199121,-1.1536525469186036,1.0867057485334846,3,1.2632237549265404,25.188630699969337,0.1940534467945327,1.0,V12.0
649.2101587985214,-0.5564242374144935,0.4171580515593092,0.14124466755223614,-1.1485902912062183,1.0825345903098413,3,1.2632237549265404,25.188630699969337,0.19057685335331503,1.0,V12.0
650.3062197259,-0.5509439038480413,0.42263838512576146,0.13985090838782838,-1.1444869785537328,1.0783634320861983,3,1.2632237549265404,25.188630699969337,0.1873112382146584,1.0,V12.0
651.4041311319567,-0.545463570281589,0.42811871869221374,0.13858344049062737,-1.1406911297061217,1.0741922738625553,3,1.250804757840664,26.292356850224103,0.1842611314326742,1.0,V12.0
652.503896140853,-0.5399832367151367,0.433599052258666,0.13744880518253808,-1.1368952808585102,1.0700211156389123,3,1.2284922722039056,27.83563431892359,0.18143049052171112,1.0,V12.0
653.6055178820252,-0.5345029031486844,0.4390793858251183,0.13645339360450656,-1.133099432010899,1.0658499574152693,3,1.225486896653088,27.844359903965632,0.1788229624914889,1.0,V12.0
654.7089994901924,-0.5290225695822349,0.4445597193915678,0.13560336497441097,-1.1293035831632894,1.0616787991916286,2,1.211932647016726,28.386163026485036,0.17644178855819245,1.0,V12.0
655.8143441053664,-0.5235422360157826,0.4500400529580201,0.13490477660137332,-1.125507734315678,1.0574938433023608,2,1.2116885107390534,28.398636861457405,0.17428998648194305,1.0,V12.0
656.9215548728605,-0.5180619024493304,0.45552038652447235,0.13436357432887,-1.121711885468067,1.0532411036028058,2,1.2102539930479173,28.411110696429773,0.17237034616167307,1.0,V12.0
658.0306349432979,-0.5125815688828781,0.46100072009092463,0.13398537165554517,-1.1179160366204557,1.0489883639032505,2,1.2069115970968647,29.230270274514933,0.17068515620916655,1.0,V12.0
659.1415874726208,-0.5071012353164258,0.4664810536573769,0.1337757478572581,-1.1141201877728444,1.0447356242036954,2,1.2005602448741526,29.97873458972122,0.16923659847357994,1.0,V12.0
660.2544156221003,-0.5016209017499734,0.4719613872238293,0.13374000167334896,-1.110324338925233,1.04048288450414,2,1.1983789264043638,29.97873458972122,0.16802644225661365,1.0,V12.0
661.3691225583439,-0.49614056818352126,0.47744172079028147,0.13388291831001842,-1.106528490077622,1.036230144804585,2,1.1983789264043638,29.97873458972122,0.16705576769059696,1.0,V12.0
662.4857114533056,-0.49066023461707176,0.48292205435673097,0.13420768420322102,-1.1027326412300127,1.0319774051050319,2,1.1981732093294828,30.184735777502446,0.1663236442070806,1.0,V12.0
663.6041854842948,-0.4851799010506195,0.48840238792318325,0.13472039287509582,-1.098936792382401,1.0277246654054768,2,1.215494446444731,29.72473103700238,0.1658327447971286,1.0,V12.0
664.7245478339848,-0.4796995674841672,0.4938827214896355,0.13542532969834634,-1.0951409435347896,1.0234719257059213,2,1.2155262627782533,29.88415517860963,0.16558345999777002,1.0,V12.0
665.8468016904226,-0.47421923391771487,0.49936305505608786,0.1363265196623095,-1.0913450946871786,1.0192191860063662,2,1.2155262627782533,29.88415517860963,0.1655758536985948,1.0,V12.0
666.9709502470371,-0.46873890035126253,0.5048433886225402,0.1374277251766423,-1.0875492458395672,1.0149664463068109,2,1.2155262627782533,29.88415517860963,0.16580967129105673,1.0,V12.0
668.096996702649,-0.46325856678481026,0.5103237221889925,0.13873243175434408,-1.083753396991956,1.0107137066072558,2,1.2156449681008632,29.97873458972122,0.16628433296879613,1.0,V12.0
669.2249442614793,-0.45777823321836086,0.5158040557554419,0.1402438440055927,-1.0799575481443466,1.006460966907703,2,1.2161322162434731,29.72473103700238,0.16699893956815487,1.0,V12.0
670.3547961331592,-0.45229789965190853,0.5212843893218941,0.14196488129939167,-1.0761616992967353,1.0022502507457394,2,1.216294574590529,29.455963050769228,0.16795227778848704,1.0,V12.0
671.4865555327381,-0.4468175660854562,0.5267647228883465,0.14389816935904154,-1.072365850449124,1.0008777727206337,2,1.216294574590529,29.455963050769228,0.1691428204311856,1.0,V12.0
672.6202256806937,-0.4413372325190039,0.5322450564547988,0.14604603459813206,-1.0685700016015127,0.9995052946955281,2,1.216294574590529,29.455963050769228,0.17056872983020746,1.0,V12.0
673.7558098029408,-0.4358568989525516,0.5377253900212511,0.1484104997004528,-1.0647741527539014,0.9981328166704224,2,1.216294574590529,29.455963050769228,0.17222786259524206,1.0,V12.0
674.8933111308405,-0.4303765653860993,0.5432057235877035,0.1509932771339314,-1.06097830390629,0.9967603386453168,2,1.216294574590529,29.455963050769228,0.17411777179265442,1.0,V12.0
676.0327329012093,-0.42489623181964997,0.5486860571541528,0.15379576547258852,-1.0571824550586808,0.9953878606202118,2,1.216294574590529,29.455963050769228,0.17623571226197882,1.0,V12.0
677.1740783563286,-0.4194158982531976,0.5541663907206051,0.15681904490138202,-1.0533866062110695,0.9940153825951062,2,1.216294574590529,29.455963050769228,0.17857864480284533,1.0,V12.0
678.3173507439534,-0.4139355646867453,0.5596467242870574,0.16006387331792707,-1.0495907573634582,0.9926429045700005,2,1.216294574590529,29.455963050769228,0.181143240881588,1.0,V12.0
679.4625533173224,-0.408455231120293,0.5651270578535097,0.16353068312810592,-1.0457949085158469,0.991270426544895,2,1.216294574590529,29.455963050769228,0.18392588794421255,1.0,V12.0
680.6096893351663,-0.40297489755384075,0.570607391419962,0.1672195780144514,-1.0419990596682356,0.9898979485197893,2,1.216294574590529,29.455963050769228,0.18692269450364718,1.0,V12.0
681.7587620617178,-0.39749456398738836,0.5760877249864144,0.1711303305044781,-1.0382032108206243,0.9885254704946835,2,1.216294574590529,29.455963050769228,0.19012949592990142,1.0,V12.0
682.9097747667203,-0.39201423042093897,0.5815680585528638,0.17526237990620266,-1.034407361973015,0.9871529924695785,2,1.216294574590529,29.455963050769228,0.19354186043546232,1.0,V12.0
684.0627307254376,-0.3865338968544867,0.587048392119316,0.17961489257357463,-1.0306115131254037,0.985780514444473,2,1.216294574590529,29.455963050769228,0.19715516326138624,1.0,V12.0
685.2176332186635,-0.3810535632880344,0.5925287256857683,0.18418646630434063,-1.0268156642777926,0.9844080364193672,2,1.216294574590529,29.455963050769228,0.20096426991776026,1.0,V12.0
686.3744855327304,-0.3755732297215821,0.5980090592522207,0.18897564627735736,-1.023019815430181,0.9830355583942616,2,1.216294574590529,29.455963050769228,0.20496411092159128,1.0,V12.0
687.5332909595189,-0.3700928961551298,0.6034893928186729,0.1939805258105729,-1.0192239665825698,0.981663080369156,2,1.216294574590529,29.455963050769228,0.2091492494146109,1.0,V12.0
688.6940527964675,-0.36461256258868036,0.6089697263851224,0.19919886477195253,-1.0154281177349604,0.980290602344051,2,1.216294574590529,29.455963050769228,0.21351401887376553,1.0,V12.0
689.8567743465818,-0.3584327185981755,0.6151495703756272,0.2047806150536178,-1.010645458974253,0.9790175206235989,2,1.216294574590529,29.455963050769228,0.21805252497934935,1.0,V12.0
691.0214589184437,-0.3519471142394491,0.6216351747343536,0.21064503016861377,-1.0054314594471778,0.9777878856477064,2,1.216294574590529,29.455963050769228,0.2227586574115303,1.0,V12.0
692.1881098262211,-0.3454615098807227,0.6281207790930801,0.21672363592216337,-0.9995601215983696,0.976558250671814,2,1.2165952951837422,29.346619206143323,0.2276256400898317,1.0,V12.0
693.3567303896772,-0.3389759055219963,0.6346063834518064,0.22301378042260456,-0.993622298664461,0.9753286156959214,3,1.2203458975996284,29.56530689539513,0.2326474417413902,1.0,V12.0
694.5273239341797,-0.33249030116326994,0.6410919878105328,0.229512011447038,-0.9876844757305523,0.9740989807200291,3,1.260126063063973,29.455963050769228,0.23781736392834119,1.0,V12.0
695.6998937907109,-0.3260046968045469,0.6475775921692558,0.23621452778100746,-0.9817466527966467,0.9728693457441373,4,1.2960769793345503,30.330096426305502,0.24312852786630698,1.0,V12.0
696.8744432958767,-0.31951909244582055,0.6540631965279822,0.2431171261902421,-0.9758088298627381,0.9716397107682447,4,1.2849421452820533,31.68800132578193,0.2485738261854744,1.0,V12.0
698.0509757919159,-0.3130334880870942,0.6605488008867085,0.250215251894912,-0.9698710069288294,0.9704100757923523,4,1.3089962372843547,31.450656977221957,0.2541459817267957,1.0,V12.0
699.2294946267104,-0.3065478837283678,0.6670344052454349,0.25750409388136425,-0.9650946086307778,0.9691804408164598,4,1.3290821414561285,31.275407930401546,0.2598376492732809,1.0,V12.0
700.410003153794,-0.3000622793696414,0.6735200096041614,0.26497845483723814,-0.961043552921977,0.9679508058405674,4,1.296463840365834,57.5258141446849,0.2656412873722669,1.0,V12.0
701.5925047323625,-0.293576675010915,0.6800056139628877,0.27263269930186923,-0.9569924972131761,0.9667211708646749,3,1.1350583035918966,61.93604189306676,0.2715491130301422,1.0,V12.0
702.7770027272828,-0.2870910706521921,0.6864912183216106,0.28046152674883673,-0.9529414415043777,0.9654915358887831,3,1.1350583035918966,61.93604189306676,0.2775538745315422,1.0,V12.0
703.9635005091029,-0.2806054662934656,0.6929768226803371,0.28845850801194123,-0.9483007593554157,0.9642619009128908,3,1.1350583035918966,61.93604189306676,0.28364739533487704,1.0,V12.0
705.1520014540613,-0.2741198619347393,0.6994624270390635,0.2966171786352606,-0.9431351384751382,0.9630322659369982,3,1.134696065830922,61.93604189306676,0.28982167167692346,1.0,V12.0
706.3425089440965,-0.2676342575760129,0.7059480313977898,0.3049307925866588,-0.9379695175948607,0.9618026309611059,3,1.1343814838123734,61.363338318594565,0.29606862800409645,1.0,V12.0
707.5350263668566,-0.2611486532172865,0.7124336357565162,0.3133923107842614,-0.9328038967145832,0.9605729959852134,3,1.1350835088473445,61.93604189306676,0.30238010814830685,1.0,V12.0
708.7295571157094,-0.2546630488585601,0.7189192401152427,0.3219943586995105,-0.9276382758343056,0.9593433610093208,5,2.1081563772538465,29.601020823362944,0.3087478371808083,1.0,V12.0
709.9261045897515,-0.24817744449983714,0.7254048444739656,0.3307292904896253,-0.922472654954031,0.958113726033429,5,2.111480456145542,29.57626857330842,0.3151634861961758,1.0,V12.0
711.1246721938181,-0.24169184014111075,0.7318904488326919,0.33958925570778425,-0.9173070340737535,0.9568840910575367,5,2.126895036871663,29.55151632325389,0.3216187371500191,1.0,V12.0
712.325263338493,-0.23520623578238434,0.7383760531914184,0.34856612107714285,-0.912141413193476,0.955654456081644,5,2.126895036871663,29.55151632325389,0.3281052088933621,1.0,V12.0
713.527881440118,-0.22872063142365795,0.7448616575501448,0.3576515109861757,-0.9069757923131985,0.9544248211057517,5,2.126895036871663,29.55151632325389,0.3346144969741461,1.0,V12.0
714.7325299208027,-0.22223502706493156,0.7513472619088711,0.36683681833192733,-0.901810171432921,0.9531951861298591,5,2.126895036871663,29.55151632325389,0.34113818442359567,1.0,V12.0
715.9392122084341,-0.21574942270620515,0.7578328662675976,0.3761132162368251,-0.8966445505526435,0.9519655511539667,5,2.126895036871663,29.55151632325389,0.3476678529620865,1.0,V12.0
717.1479317366868,-0.2092638183474822,0.7643184706263205,0.385471670156202,-0.8914789296723687,0.950735916178075,5,2.126895036871663,29.55151632325389,0.3541950941633424,1.0,V12.0
718.3586919450323,-0.20277821398875578,0.7708040749850469,0.3949022183423923,-0.8863133087920912,0.9495062812021825,5,2.126895036871663,29.55151632325389,0.36071085192542035,1.0,V12.0
719.5714962787489,-0.19629260963002942,0.7772896793437734,0.40439608188307513,-0.8811476879118139,0.94827664622629,5,2.126895036871663,29.55151632325389,0.3672073575389259,1.0,V12.0
720.7863481889316,-0.18980700527130304,0.7837752837024997,0.4139436674979827,-0.8759820670315362,0.9470470112503976,5,2.126895036871663,29.55151632325389,0.3736762890800375,1.0,V12.0
722.003251132502,-0.18332140091257665,0.7902608880612261,0.423535224743057,-0.8708164461512587,0.9458173762745052,5,2.126895036871663,29.55151632325389,0.38010937733057415,1.0,V12.0
723.2222085722179,-0.17683579655385023,0.7967464924199525,0.43316085954968253,-0.8656508252709813,0.9445877412986126,5,2.126895036871663,29.55151632325389,0.3864984163336863,1.0,V12.0
724.4432239766833,-0.17035019219512387,0.8032320967786788,0.44281054798516084,-0.8604852043907038,0.9433581063227202,5,2.126895036871663,29.55151632325389,0.39283527378141814,1.0,V12.0
725.6663008203581,-0.1638645878364009,0.8097177011374018,0.4524741502072253,-0.855319583510429,0.9421284713468284,5,2.126895036871663,29.55151632325389,0.3991119012168794,1.0,V12.0
726.8914425835685,-0.1573789834776745,0.8162033054961282,0.4621435046140425,-0.8501539626301516,0.940898836370936,5,2.126895036871663,29.55151632325389,0.4053221683201058,1.0,V12.0
728.1186527525161,-0.1508933791189481,0.8226889098548547,0.4718064551541639,-0.844988341749874,0.9396692013950435,6,2.2075415816484023,29.43336141998062,0.4114565999535569,1.0,V12.0
729.3479348192885,-0.14440777476022174,0.829174514213581,0.4814523148724625,-0.8398227208695966,0.938439566419151,6,2.327464722833347,29.315285705602165,0.41750720811534753,1.0,V12.0
730.579292281869,-0.13792217040149535,0.8356601185723074,0.4910709535104416,-0.8346570999893191,0.9372099314432586,6,2.338806020030815,29.31171133011073,0.4234666635610401,1.0,V12.0
731.8127286441464,-0.13143656604277235,0.8421457229310304,0.5006518905197038,-0.8294914791090444,0.9359802964673668,6,2.3645237609715344,29.2815902724835,0.42932749971029793,1.0,V12.0
733.0482474159253,-0.12495096168404599,0.8486313272897568,0.5101846422756668,-0.8243258582287668,0.9334743252892973,6,2.3880835395904674,29.27815303423657,0.43508241254660573,1.0,V12.0
734.2858521129357,-0.1184653573253196,0.8551169316484831,0.5196587080274462,-0.8191602373484893,0.9290615593858976,6,2.385617773083565,29.27815303423657,0.4407242442304462,1.0,V12.0
735.5255462568432,-0.1119797529665932,0.8616025360072095,0.5290636480565857,-0.8139946164682119,0.924648793482498,6,2.401391702544049,29.25059801468863,0.4462460450251432,1.0,V12.0
736.7673333752592,-0.10549414860786681,0.868088140365936,0.5383890916284217,-0.8088289955879344,0.9202360275790983,6,2.40094190633518,29.213258123669263,0.45164107430602973,1.0,V12.0
738.0112170017509,-0.0990085442491404,0.8745737447246623,0.5476243641977298,-0.8036633747076569,0.9158232616756986,6,2.467867352802582,29.147388633274822,0.4569024838671571,1.0,V12.0
739.2572006758506,-0.09252293989041743,0.8810593490833853,0.5567590217439006,-0.7984977538273821,0.9114104957723012,6,2.58550715640835,29.1543855856268,0.46202376423177877,1.0,V12.0
740.5052879430671,-0.08603733553169106,0.8875449534421117,0.5657836633376314,-0.7933321329471047,0.9069977298689016,6,2.7662116226799545,28.907557117712308,0.4669994062806606,1.0,V12.0
741.7554823548946,-0.07955173117296466,0.8940305578008381,0.5746872462243212,-0.7881665120668271,0.902584963965502,6,3.2832131767230703,29.11397402272923,0.4718226702816336,1.0,V12.0
743.0077874688235,-0.0730661268142383,0.9005161621595644,0.5834595582485526,-0.7829789214640902,0.8981721980621022,6,3.2978578897173803,29.023159672588484,0.4764876376077622,1.0,V12.0
744.2622068483504,-0.06596571788437205,0.9076165710894306,0.5923859784004396,-0.7766645266144548,0.8939966367988661,6,3.293160613692662,29.023159672588484,0.4809884146632715,1.0,V12.0
745.5187440629877,-0.05866683672942685,0.9149154522443759,0.6012629736029461,-0.7700112950666395,0.8898976503285678,6,3.2924763082619317,29.0030397559658,0.4853199320961831,1.0,V12.0
746.7774026882747,-0.051367955574485515,0.9222143333993172,0.6099856993019419,-0.7633580635188274,0.8857986638582718,6,3.2924763082619317,29.0030397559658,0.48947691885885913,1.0,V12.0
748.0381863057872,-0.04406907441954032,0.9295132145542624,0.6185440899835115,-0.756704831971012,0.8816996773879735,6,3.2924763082619317,29.0030397559658,0.4934543937880928,1.0,V12.0
749.3010985031475,-0.03677019326459514,0.9368120957092075,0.626928238675548,-0.7500516004231964,0.8789376188062774,6,3.2924763082619317,29.0030397559658,0.49724761681382645,1.0,V12.0
750.566142874035,-0.02947131210964995,0.9441109768641528,0.6351284066725467,-0.7433983688753809,0.8776548366632528,6,3.2929290281762453,29.023159672588484,0.5008520896895648,1.0,V12.0
751.8333230181966,-0.022172430954704767,0.9514098580190979,0.643135041313477,-0.7367451373275655,0.8763720545202284,6,3.2915645055794123,29.023159672588484,0.5042635630119024,1.0,V12.0
753.1026425414561,-0.01487354979975957,0.9587087391740432,0.6509387857462086,-0.7300919057797499,0.8750892723772039,6,3.2920833899482727,29.043279589211167,0.5074780367530317,1.0,V12.0
754.3741050557254,-0.007574668644818233,0.9660076203289845,0.6585305077172171,-0.723438674231938,0.8738064902341801,6,3.2920833899482727,29.043279589211167,0.5104917755235414,1.0,V12.0
755.6477141790144,-0.00027578748987303753,0.9733065014839297,0.6659013040253378,-0.7167854426841225,0.8725237080911556,6,3.2974054032062554,29.023159672588484,0.5133013045609228,1.0,V12.0
756.9234735354412,0.007023093665072144,0.9806053826388749,0.6730425201186878,-0.710132211136307,0.871240925948131,6,3.2974054032062554,29.023159672588484,0.5159034174603588,1.0,V12.0
758.2013867552423,0.014321974820017333,0.98790426379382,0.6799457643441519,-0.7034789795884915,0.8699581438051066,6,3.2974054032062554,29.023159672588484,0.5182951795712931,1.0,V12.0
759.4814574747835,0.021620855974962515,0.9952031449487653,0.6866029237009239,-0.6968257480406761,0.8686753616620821,6,3.2974054032062554,29.023159672588484,0.52047393242139,1.0,V12.0
760.7636893365694,0.02891973712990771,1.0025020261037105,0.6930061791189216,-0.6901725164928604,0.8673925795190577,6,3.2974054032062554,29.023159672588484,0.5224372976362525,1.0,V12.0
762.0480859892548,0.036218618284852906,1.0098009072586556,0.6991480206532056,-0.683519284945045,0.8661097973760332,6,3.2974054032062554,29.023159672588484,0.524183180667466,1.0,V12.0
763.3346510876539,0.04351749943979424,1.017099788413597,0.7050212625659172,-0.676866053397233,0.8648270152330093,6,3.2974054032062554,29.023159672588484,0.5257097743150301,1.0,V12.0
764.623388292752,0.05081638059473943,1.024398669568542,0.7106190583158292,-0.6702128218494174,0.8635442330899848,6,3.2974054032062554,29.023159672588484,0.5270155620668637,1.0,V12.0
765.9143012717147,0.058115261749684614,1.0316975507234873,0.7159349154135308,-0.663559590301602,0.8622614509469605,6,3.2974054032062554,29.023159672588484,0.5280993212313341,1.0,V12.0
767.2073936978992,0.06541414290462982,1.0389964318784326,0.7209627101298905,-0.6569063587537864,0.8612630648001717,6,3.2974054032062554,29.023159672588484,0.528960125861473,1.0,V12.0
768.502669250864,0.072713024059575,1.0462953130333776,0.7256967023332083,-0.650253127205971,0.8617724179500937,6,3.2974054032062554,29.023159672588484,0.5295973496796597,1.0,V12.0
769.8001316163803,0.08001190521451634,1.0535941941883191,0.7301320103605002,-0.643599895658159,0.8622817711000154,6,3.2974054032062554,29.023159672588484,0.5300110028532551,1.0,V12.0
771.0997844864418,0.08731078636946152,1.0608930753432642,0.734263316460354,-0.6369466641103435,0.8627911242499373,6,3.2974054032062554,29.023159672588484,0.5302007804422081,1.0,V12.0
772.4016315592752,0.0946096675244067,1.0681919564982094,0.7380863004897219,-0.630293432562528,0.8633004773998593,6,3.2974054032062554,29.023159672588484,0.5301671004831074,1.0,V12.0
773.7056765393512,0.1019085486793519,1.0754908376531547,0.7415967166880229,-0.6236402010147125,0.8638098305497812,6,3.2974054032062554,29.023159672588484,0.5299104254418033,1.0,V12.0
775.0119231373945,0.10920742983429707,1.0827897188080997,0.744790948372645,-0.615933092821252,0.8643191836997031,6,3.2947799751647366,29.043279589211167,0.5294316553638995,1.0,V12.0
776.3203750703948,0.1165063109892423,1.090088599963045,0.7476658587262633,-0.6078326487830562,0.8648285368496251,6,3.290548886975912,29.05158895080297,0.5287320110619353,1.0,V12.0
777.6310360616171,0.12380519214418362,1.0973874811179862,0.7502208374332288,-0.5997322047448647,0.8653378899995467,7,3.251553112783497,29.10664727283776,0.5278144657812893,1.0,V12.0
778.9439098406126,0.1311040732991288,1.1046863622729315,0.7524514558485449,-0.5916317607066689,0.8658472431494686,7,3.2158609804282405,29.11385403527378,0.5266792593637497,1.0,V12.0
780.2590001432286,0.138402954454074,1.1119852434278767,0.7543559802967372,-0.583531316668473,0.8663565962993905,7,3.1435226234779234,29.000525110695236,0.5253285035336575,1.0,V12.0
781.5763107116201,0.14570183560901923,1.119284124582822,0.7559332802298883,-0.5754308726302771,0.8668659494493125,7,3.207833312485207,28.95001626114728,0.5237646851877523,1.0,V12.0
782.8958452942597,0.15300071676396437,1.126583005737767,0.7571828212757662,-0.5673304285920813,0.8673753025992346,7,3.2859877873619943,28.96371885723468,0.5219906521638058,1.0,V12.0
784.2176076459489,0.16029959791890958,1.1338818868927123,0.7581051213820926,-0.5592299845538856,0.8678846557491564,7,3.306201366016901,28.97742145332208,0.5200099170900406,1.0,V12.0
785.5416015278288,0.16759847907385858,1.1411807680476613,0.7587017782046537,-0.5511295405156855,0.8683940088990787,7,3.3046504662628173,28.90947479763188,0.5178266595193453,1.0,V12.0
786.8678307073882,0.17489736022879993,1.1484796492026026,0.7589722041894759,-0.5430290964774939,0.8689033620490003,7,3.2987716947208043,28.90947479763188,0.5154434920845826,1.0,V12.0
788.1962989584789,0.18219624138374513,1.1557785303575479,0.758917890821589,-0.5349286524392982,0.8694127151989223,7,3.2987716947208043,28.90947479763188,0.5128643808525053,1.0,V12.0
789.5270100613236,0.1894951225386903,1.163077411512493,0.758541081948611,-0.5268282084011023,0.8699220683488442,7,3.2987716947208043,28.90947479763188,0.5100937199628831,1.0,V12.0
790.8599678025267,0.1967940036936355,1.1703762926674381,0.7578444228018606,-0.5187277643629065,0.8704314214987661,7,3.2987716947208043,28.90947479763188,0.5071360863054846,1.0,V12.0
792.1951759750858,0.2040928848485807,1.1776751738223834,0.7568312298484953,-0.5106273203247107,0.870940774648688,7,3.2997946023050773,28.907557117712308,0.5039964147813186,1.0,V12.0
793.5326383784021,0.21139176600352588,1.1849740549773287,0.7555053996167523,-0.5025268762865148,0.87145012779861,7,3.2992505995655126,28.903558014299463,0.50067992922178,1.0,V12.0
794.8723588182914,0.21869064715846723,1.19227293613227,0.7538714126264342,-0.49442643224832333,0.8719594809485316,7,3.2992505995655126,28.903558014299463,0.49719213802668827,1.0,V12.0
796.2143411069948,0.22598952831341237,1.1995718172872152,0.7519343360843727,-0.4863259882101275,0.8724688340984537,6,2.7625351529162017,29.49603595528795,0.493538829117086,1.0,V12.0
797.5585890631895,0.23328840946835758,1.2068706984421602,0.7496998192943903,-0.47822554417193175,0.8729781872483755,6,2.7627626617160677,29.509809990906987,0.48972606027332816,1.0,V12.0
798.9051065120001,0.2405872906233028,1.2141695795971055,0.7471740988653667,-0.47012510013373593,0.8734875403982975,6,2.7627626617160677,29.509809990906987,0.48576015611828666,1.0,V12.0
800.2538972850089,0.24788617177824798,1.2214684607520507,0.7443639937638672,-0.46202465609554005,0.8739968935482194,6,2.7627626617160677,29.509809990906987,0.48164769861487755,1.0,V12.0
801.6049652202669,0.25518505293319316,1.228767341906996,0.7412769012803072,-0.4539242120573443,0.8745062466981414,6,2.7627626617160677,29.509809990906987,0.4773955184199233,1.0,V12.0
802.9583141623052,0.2630141954259759,1.2365964843997785,0.738171612786448,-0.4458162592061814,0.8749122522156646,6,2.7627626617160677,29.509809990906987,0.473010686808751,1.0,V12.0
804.3139479621457,0.2709628454686323,1.244545134442435,0.7348570554435169,-0.4377066140576948,0.8752949657798598,6,2.7627626617160677,29.509809990906987,0.46850050582883984,1.0,V12.0
805.6718704773114,0.27891149551128874,1.2524937844850914,0.7312850459857128,-0.4295969689092082,0.875677679344055,7,2.5213210095921728,26.8511215633582,0.46387249742056696,1.0,V12.0
807.0320855718386,0.2868601455539451,1.2604424345277478,0.7274650244476305,-0.42151654703675845,0.8760603929082501,7,2.5213210095921728,26.8511215633582,0.45913439292148484,1.0,V12.0
808.3945971162868,0.29480879559660156,1.2683910845704043,0.7234069912648037,-0.41786696309815147,0.8764431064724455,7,2.5213210095921728,26.8511215633582,0.45429412122687113,1.0,V12.0
809.7594089877506,0.3027574456392579,1.2763397346130607,0.719121495392836,-0.41421737915954454,0.8768258200366406,7,2.5213210095921728,26.8511215633582,0.4493597964594456,1.0,V12.0
811.1265250698697,0.3107060956819101,1.2842883846557127,0.7146196208263514,-0.41056779522093945,0.8772085336008357,7,2.534755575668487,26.850054814618808,0.44433970500976283,1.0,V12.0
812.4959492528411,0.3186547457245665,1.2922370346983691,0.7099129707913681,-0.40691821128233246,0.8775912471650309,7,2.534755575668487,26.850054814618808,0.4392422915194984,1.0,V12.0
813.8676854334293,0.3266033957672229,1.3001856847410256,0.7050136530991067,-0.40326862734372554,0.8779739607292261,7,2.534755575668487,26.850054814618808,0.43407614599142746,1.0,V12.0
815.2417375149778,0.3345520458098793,1.308134334783682,0.6999342598813806,-0.3996190434051185,0.8783566742934213,7,2.540511998353862,26.848988065879418,0.4288499878336395,1.0,V12.0
816.6181094074202,0.34250069585253573,1.3160829848263385,0.6946872899620568,-0.3959694594665116,0.8787393878576165,7,2.514994934532503,26.87233971100723,0.4235723105257292,1.0,V12.0
817.9968050272911,0.3504493458951921,1.3240316348689949,0.6892867284979972,-0.3890516128339848,0.8791221014218117,6,2.269146508795963,27.288158974045338,0.4182523455776901,1.0,V12.0
819.3778282977373,0.35839799593784427,1.3319802849116469,0.6837464935649878,-0.38116309075800275,0.8795048149860067,6,2.269146508795963,27.288158974045338,0.41289910674537783,1.0,V12.0
820.7611831485293,0.3663466459805007,1.3399289349543033,0.6780808788163807,-0.3732745686820164,0.8798875285502019,6,2.2672490511758308,27.28868597101833,0.40752166126626604,1.0,V12.0
822.1468735160722,0.3742952960231571,1.3478775849969598,0.6723045776964537,-0.36538604660603013,0.8802702421143971,6,2.2672490511758308,27.28868597101833,0.4021291430709628,1.0,V12.0
823.5349033434167,0.3822439460658135,1.3558262350396162,0.6664325989301051,-0.3574975245300439,0.8806529556785925,6,2.2557965243541993,27.41981813015856,0.3967307008958769,1.0,V12.0
824.9252765802705,0.3901925961084699,1.3637748850822726,0.6604803626858735,-0.3496090024540576,0.8805946511410284,6,2.2546207929975464,27.41981813015856,0.3913355549112991,1.0,V12.0
826.3179971830101,0.3981412461511262,1.371723535124929,0.6544623595846741,-0.3417204803780713,0.8801711472373361,6,2.250440472773825,27.6310491223697,0.385952204232345,1.0,V12.0
827.713069114691,0.40608989619377855,1.3796721851675813,0.6483952739337209,-0.3338319583020892,0.8819655401392267,6,2.25635160823062,27.780307960841277,0.3805902769926944,1.0,V12.0
829.11049634506,0.4140385462364349,1.3876208352102375,0.6422949481652342,-0.325943436226103,0.8825738406100945,6,2.28869074843754,28.097357156661282,0.3752587306121354,1.0,V12.0
830.5102828505654,0.42198719627909126,1.395569485252894,0.6361779266195011,-0.3180549141501166,0.8831821410809619,6,2.3520810471535913,28.04172852474349,0.36996676507941745,1.0,V12.0
831.9124326143695,0.4299358463217477,1.4035181352955504,0.6300598269126388,-0.3101663920741303,0.8837904415518296,6,2.1828044055430658,26.522786624223926,0.3647228746049502,1.0,V12.0
833.3169496263591,0.4378844963644041,1.4114667853382068,0.6239578848647523,-0.30227786999814416,0.8843087921212403,5,1.4149185085252647,26.567901431301607,0.3595363302194221,1.0,V12.0
834.7238378831573,0.4458331464070605,1.4194154353808632,0.6178886656837224,-0.29438934792215776,0.8875062097851021,5,1.428104466929497,26.567901431301607,0.3544158492189671,1.0,V12.0
836.1331013881344,0.4537817964497127,1.4273640854235154,0.6118688181873745,-0.28737841197269204,0.8948864459009429,5,1.4293012210882072,26.845911294802804,0.34937003838318914,1.0,V12.0
837.5447441514199,0.4617304464923691,1.4353127354661719,0.6059149560959836,-0.28863988129292273,0.9022666820167875,5,1.4293012210882072,26.845911294802804,0.34440732899739973,1.0,V12.0
838.9587701899134,0.4696790965350255,1.443261385508828,0.600043704427199,-0.2899013506131535,0.9096196623475685,5,1.4293012210882072,26.845911294802804,0.3395360070519468,1.0,V12.0
840.3751835272963,0.4776277465776819,1.4512100355514845,0.5942715808672908,-0.29116281993338416,0.908013779384038,5,1.4287929416185816,26.706906363052205,0.33476414966932383,1.0,V12.0
841.7939881940431,0.48557639662033825,1.459158685594141,0.5886150106824269,-0.29242428925361486,0.9064078964205076,5,1.4287929416185816,26.706906363052205,0.3300996381218362,1.0,V12.0
843.2151882274331,0.49352504666299046,1.4671073356367932,0.583090288567955,-0.29368575857384493,0.904802013456978,5,1.4281017575934591,26.706906363052205,0.32555014087714385,1.0,V12.0
844.6387876715618,0.5014736967056469,1.4750559856794496,0.5777135095259643,-0.2949472278940756,0.9030331412039218,5,1.420952316216773,26.706906363052205,0.3211230798775722,1.0,V12.0
846.0647905773519,0.5094223467483032,1.4830046357221058,0.5725005585992591,-0.2962086972143063,0.902377933424197,5,1.420339819951666,26.567901431301607,0.31682563028095106,1.0,V12.0
847.4932010025657,0.5173709967909597,1.4909532857647623,0.5674670659925073,-0.29747016653453706,0.9110874179877949,5,1.4137716509219007,26.706906363052205,0.31266470113717937,1.0,V12.0
848.9240230118161,0.5253196468336161,1.4989019358074187,0.5626283676970327,-0.29873163585476775,0.9197969025513926,5,1.4137716509219007,26.706906363052205,0.30864691958954005,1.0,V12.0
850.3572606765781,0.5332682968762725,1.5068505858500751,0.5579994719560722,-0.29999310517499844,0.9238819618333464,5,1.4137716509219007,26.706906363052205,0.3047786186776138,1.0,V12.0
851.792918075201,0.5412169469189289,1.5147992358927316,0.5535950241869527,-0.30125457449522913,0.921709662294681,5,1.4137716509219007,26.706906363052205,0.30106582461735837,1.0,V12.0
853.2309992929191,0.5491655969615811,1.5227478859353838,0.549429272841256,-0.3025160438154592,0.9250128692083018,5,1.4137716509219007,26.706906363052205,0.29751424491759915,1.0,V12.0
854.6715084218641,0.5571142470042375,1.5306965359780402,0.5455160363105939,-0.3004599736093897,0.932119477929897,5,1.4137716509219007,26.706906363052205,0.29412925736586,1.0,V12.0
856.1144495610763,0.5650628970468938,1.5386451860206964,0.5418686709198385,-0.2969367431716794,0.9392260866514921,5,1.4137716509219007,26.706906363052205,0.2909158998800432,1.0,V12.0
857.5598268165164,0.5730115470895503,1.5465938360633529,0.5385000401109614,-0.2935568593187941,0.9463326953730873,5,1.4137716509219007,26.706906363052205,0.2878788612553336,1.0,V12.0
859.0076443010773,0.5809601971322067,1.5545424861060093,0.535422484915268,-0.29017697546590887,0.9534393040946824,5,1.4137716509219007,26.706906363052205,0.2850224728318773,1.0,V12.0
860.4579061345956,0.588908847174863,1.5624911361486657,0.5326477958058455,-0.2867970916130236,0.9605459128162775,5,1.4137716509219007,26.706906363052205,0.2823507011047449,1.0,V12.0
861.9106164438635,0.5968574972175152,1.570439786191318,0.5301871860157056,-0.2834172077601401,0.967652521537869,5,1.4137716509219007,26.706906363052205,0.27986714129362633,1.0,V12.0
863.3657793626403,0.6048061472601717,1.5783884362339744,0.5280512791409289,-0.28001337981697044,0.974759130259464,5,1.4137716509219007,26.706906363052205,0.27757501858277206,1.0,V12.0
864.8233990316646,0.612754797302828,1.5863370862766306,0.5262500354598,-0.27659841104236904,0.9818657389810592,5,1.4137716509219007,26.706906363052205,0.27547715724952127,1.0,V12.0
866.2834795986655,0.6209351643768884,1.5945174533506912,0.5248562276113248,-0.2727609180249523,0.988621229805335,5,1.4099547921281208,26.845911294802804,0.2735760324743818,1.0,V12.0
867.7460252183748,0.6291482730527328,1.6027305620265355,0.5238229418287217,-0.2688637223589276,0.995327107693075,5,1.4099380852657064,26.706906363052205,0.271873551880939,1.0,V12.0
869.2110400525389,0.6373613817285773,1.61094367070238,0.5231495597996683,-0.2649665266929029,1.002032985580815,5,1.4087496769635424,26.89275851020913,0.27037152783197776,1.0,V12.0
870.6785282699303,0.6455744904044173,1.61915677937822,0.5228435011934436,-0.2610693310268803,1.0087388634685515,5,1.4087000257005875,26.98974746805517,0.2690712368969393,1.0,V12.0
872.1484940463597,0.6537875990802618,1.6273698880540646,0.5229115058476079,-0.25717213536085565,1.0154447413562915,4,1.406769388562417,27.09420109115827,0.26797358576368907,1.0,V12.0
873.6209415646877,0.6620007077561063,1.6355829967299091,0.5233595617797325,-0.253274939694831,1.0221506192440315,4,1.4189807414990803,27.063772704008677,0.2670790822531072,1.0,V12.0
875.095875014837,0.6702138164319507,1.6437961054057535,0.5241929213247006,-0.2493777440288063,1.0288564971317715,4,1.4280623581382426,27.063772704008677,0.26638785184378716,1.0,V12.0
876.573298593804,0.6784269251077951,1.6520092140815978,0.5254160441407382,-0.24548054836278158,1.0355623750195115,4,1.4270059435430789,27.333295362092883,0.2658996167747679,1.0,V12.0
878.053216505671,0.6866400337836351,1.6602223227574378,0.5270326999678042,-0.24158335269675896,1.042268252907248,4,1.4641437961853585,27.28868597101833,0.26561375617919875,1.0,V12.0
879.535632961618,0.6948531424594796,1.6684354314332823,0.5290458882072665,-0.2376861570307343,1.048974130794988,4,1.499941119825382,27.039889210494884,0.265529272792918,1.0,V12.0
881.0205521799347,0.7030662511353242,1.676648540109127,0.5314581092858877,-0.23378896136470964,1.0563775363810737,4,1.5028734136431219,27.039889210494884,0.2656449363195324,1.0,V12.0
882.5079783860326,0.7112793598111685,1.6848616487849712,0.5342700869986545,-0.22989176569868494,1.064761187489701,4,1.5072265875269883,27.063772704008677,0.26595865217878634,1.0,V12.0
883.9979158124568,0.719492468487013,1.6930747574608156,0.5374829782740997,-0.22599457003266024,1.0731448385983284,4,1.5101816770529195,27.063772704008677,0.26646857464059415,1.0,V12.0
885.4903686988984,0.7277055771628573,1.70128786613666,0.5410977529275784,-0.2220973743666356,1.0815284897069557,4,1.5101816770529195,27.063772704008677,0.26717279552577144,1.0,V12.0
886.9853412922063,0.7359186858387019,1.7095009748125047,0.5451125520557,-0.21820017870061093,1.089912140815583,4,1.5101816770529195,27.063772704008677,0.2680680464142691,1.0,V12.0
888.4828378463993,0.7441317945145419,1.7177140834883446,0.5495257994935944,-0.2143029830345883,1.0982957919242058,4,1.5114516613230544,27.039889210494884,0.26915124995930867,1.0,V12.0
889.9828626226783,0.7523449031903863,1.725927192164189,0.5543351125449928,-0.2104057873685636,1.106679443032833,4,1.5137575128918095,27.05183095725178,0.27041898468564124,1.0,V12.0
891.4854198894384,0.7605580118662307,1.7341403008400333,0.5595373930342508,-0.20650859170253896,1.1150630941414603,4,1.5137575128918095,27.05183095725178,0.27186753609618647,1.0,V12.0
892.9905139222809,0.7687711205420753,1.7423534095158781,0.565125200655547,-0.2026113960365143,1.1234467452500876,4,1.5116786230179817,27.063772704008677,0.27349114738542685,1.0,V12.0
894.4981490040259,0.7769842292179197,1.7505665181917225,0.5710979690407588,-0.19867497576370907,1.1318303963587146,4,1.5116786230179817,27.063772704008677,0.2752874663697518,1.0,V12.0
896.0083294247238,0.7851973378937598,1.7587796268675624,0.5774503982489161,-0.19462859197886379,1.1401819431352835,4,1.5116786230179817,27.063772704008677,0.27725190523204124,1.0,V12.0
897.5210594816682,0.7934104465696041,1.7669927355434067,0.5841765354214379,-0.19058220819401633,1.148530535960748,4,1.5116786230179817,27.063772704008677,0.27937963598202564,1.0,V12.0
899.0363434794075,0.8016235552454486,1.7752058442192513,0.5912697327558606,-0.18653582440916894,1.156879128786213,4,1.5116786230179817,27.063772704008677,0.28166557513446616,1.0,V12.0
900.5541857297578,0.809836663921293,1.7834189528950959,0.5987226948542725,-0.1824894406243215,1.1652277216116778,4,1.5116786230179817,27.063772704008677,0.28410441115547014,1.0,V12.0
902.0745905518146,0.8180497725971374,1.7916320615709402,0.606527205462788,-0.17844305683947406,1.1735763144371425,4,1.5116786230179817,27.063772704008677,0.28669047972554534,1.0,V12.0
903.5975622719656,0.8262628812729819,1.7998451702467846,0.614674952035505,-0.17702332987743452,1.1819249072626072,3,1.3614877061628392,48.19795215296669,0.2894181588047948,1.0,V12.0
905.1231052239021,0.834475989948822,1.8080582789226247,0.6231567812090586,-0.18029423093958036,1.1902735000880675,3,1.3614877061628392,48.19795215296669,0.2922815186110539,1.0,V12.0
906.651223748633,0.8426890986246665,1.8162713875984693,0.6319629644642376,-0.18356513200172794,1.1986220929135325,3,1.3614877061628392,48.19795215296669,0.2952744516506882,1.0,V12.0
908.181922194496,0.8509022073005152,1.824484496274318,0.6410832203925796,-0.18683603306387722,1.2069706857390015,3,1.3614877061628392,48.19795215296669,0.2983906864792833,1.0,V12.0
909.715204917168,0.8591153159763596,1.8326976049501624,0.650506737780176,-0.19010693412602478,1.2153192785644664,3,1.3596987143708557,48.18500459161581,0.3016238015268294,1.0,V12.0
911.251076279682,0.867328424652204,1.8409107136260068,0.6602221994364679,-0.19337783518817234,1.223667871389931,3,1.301256751737722,48.19795215296669,0.3049672389523301,1.0,V12.0
912.7895406524364,0.8755415333280485,1.8491238223018511,0.6702178066975947,-0.19664873625031992,1.2320164642153957,3,1.301256751737722,48.19795215296669,0.3084143184946491,1.0,V12.0
914.3306024132081,0.883754642003893,1.8573369309776957,0.6804813126949935,-0.19991963731246748,1.2403650570408604,4,2.1569934777574318,30.06435184461355,0.31195825502876984,1.0,V12.0
915.8742659471649,0.8919677506797331,1.8655500396535358,0.6910000245918216,-0.20319053837461334,1.2487136498663207,4,2.1234127821312656,30.085473483557365,0.3155921615539707,1.0,V12.0
917.4205356468781,0.9001808593555776,1.8737631483293802,0.7017604634207188,-0.2064614394367609,1.2570622426917855,3,2.0878148785330994,30.087927231610227,0.31930889631975895,1.0,V12.0
918.9694159123351,0.9083939680314219,1.8819762570052245,0.7127494452598797,-0.20715313965999937,1.2654108355172502,3,2.0862161589019506,30.101676832631725,0.32310155768389576,1.0,V12.0
920.5209111509515,0.9166070767072663,1.8901893656810689,0.7239533029431672,-0.20116198425667697,1.273759428342715,3,2.0862161589019506,30.101676832631725,0.32696312815571904,1.0,V12.0
922.0750257775844,0.9248201853831107,1.8984024743569134,0.735357870227414,-0.19517082885335457,1.2821080211681797,3,2.085577382278454,30.186765266307454,0.3308864694126209,1.0,V12.0
923.6317642145441,0.9330332940589552,1.906615583032758,0.7469487417415547,-0.18917967345003217,1.2904566139936446,3,2.0845086746391455,30.32345174921238,0.33486444106231683,1.0,V12.0
925.1911308916071,0.9412464027347995,1.9148286917086024,0.7587112392902509,-0.18318851804670974,1.2988052068191092,3,2.0879845975168334,30.083019735504507,0.33888988562981204,1.0,V12.0
926.7531302460291,0.9494595114106397,1.9230418003844423,0.7706268130929783,-0.1771973626433905,1.3071537996445695,3,2.0887060239890216,30.083019735504507,0.3429540273037978,1.0,V12.0
928.3177667225565,0.9576726200864842,1.931254909060287,0.7826834116480189,-0.17120620724006808,1.3155023924700344,3,2.0539461046664265,32.79417817595326,0.3470510995254274,1.0,V12.0
929.8850447734405,0.9658857287623286,1.9394680177361314,0.794865551534207,-0.16521505183674567,1.3238509852954992,3,2.0442661390934442,32.16639441363581,0.35117390320147296,1.0,V12.0
931.4549688584488,0.974098837438173,1.9476811264119758,0.8071576244807346,-0.15922389643342325,1.332199578120964,4,3.0165288662845313,31.61940625194475,0.3553152883912234,1.0,V12.0
933.0275434448781,0.9823119461140175,1.9558942350878201,0.8195438923888154,-0.15323274103010084,1.3405481709464286,4,3.0297974657959963,31.854497183316,0.35946815123754533,1.0,V12.0
934.6027730075677,0.9904351404083982,1.964017429382201,0.8319756246108395,-0.1478487421180727,1.3483253797264945,4,3.032801213247709,31.92218994780676,0.36362535990344397,1.0,V12.0
936.1806620289118,0.9985522186071828,1.9721345075809855,0.8444670870201848,-0.14250604279666226,1.3560637222052063,3,2.959573497403875,31.92218994780676,0.3677801470719899,1.0,V12.0
937.7612149988719,1.0066692968059674,1.98025158577977,0.8570045483020654,-0.13748312844274457,1.3638020646839184,3,2.960053336916895,31.915089319157744,0.37192562504268917,1.0,V12.0
939.3444364149899,1.0147863750047519,1.9883686639785547,0.8695720854634125,-0.13829627534606453,1.3715404071626303,3,2.960053336916895,31.915089319157744,0.3760550057950117,1.0,V12.0
940.9303307824014,1.0229034532035364,1.996485742177339,0.8821536951475581,-0.13910942224938452,1.3792787496413423,3,2.960053336916895,31.915089319157744,0.38016156165479903,1.0,V12.0
942.5189026138473,1.0310205314023209,2.0046028203761237,0.8947334478382745,-0.13992256915270446,1.3870170921200542,3,2.9610693792399108,31.90798869050873,0.38423869046460873,1.0,V12.0
944.1101564296881,1.0391376096011056,2.0127198985749084,0.907295472416719,-0.14073571605602445,1.394755434598766,3,2.9614103554955733,31.854497183316,0.38827990679475705,1.0,V12.0
945.7040967579154,1.047254687799886,2.0208369767736887,0.9198239817552676,-0.141548862959344,1.4024937770774741,3,2.962268162274118,31.854497183316,0.3922788508379787,1.0,V12.0
947.3007281341656,1.0553717659986703,2.028954054972473,0.9323033003691519,-0.14236200986266392,1.410232119556186,3,2.950809255633709,31.649828194915507,0.39622929799454504,1.0,V12.0
948.9000551017328,1.063488844197455,2.0370711331712577,0.9447178858523184,-0.14317515676598389,1.4179704620348983,3,2.9505520329446697,31.73886640172486,0.40012516562704553,1.0,V12.0
950.5020822115814,1.0716059223962395,2.0451882113700424,0.9570523590811162,-0.14398830366930385,1.42570880451361,3,2.9493814785647743,31.90798869050873,0.40396052337710464,1.0,V12.0
952.1068140223591,1.0797230005950242,2.053305289568827,0.9692915228972897,-0.1448014505726238,1.4334471469923222,3,2.9493814785647743,31.90798869050873,0.40772959842460094,1.0,V12.0
953.71425510041,1.0878400787938045,2.0614223677676073,0.9814203996082501,-0.14561459747594335,1.44118548947103,3,2.9493814785647743,31.90798869050873,0.4114267885280075,1.0,V12.0
955.3244100197878,1.095957156992589,2.0695394459663916,0.9934242424600525,-0.1464277443792633,1.4489238319497417,3,2.9493814785647743,31.90798869050873,0.4150466639253426,1.0,V12.0
956.9372833622682,1.1040742351913737,2.0776565241651763,1.005288563990419,-0.1472171320643647,1.4566621744284538,3,2.9493814785647743,31.90798869050873,0.4185839762251246,1.0,V12.0
958.5528797173627,1.1121913133901582,2.085773602363961,1.0169991594930574,-0.14792816899357605,1.4644005169071657,3,2.9493814785647743,31.90798869050873,0.4220336650889165,1.0,V12.0
960.1712036823307,1.1203083915889427,2.0938906805627453,1.0285421299801654,-0.14863920592278743,1.4721388593858777,3,2.9493814785647743,31.90798869050873,0.4253908645717275,1.0,V12.0
961.7922598621936,1.1284254697877274,2.10200775876153,1.039903904675771,-0.14935024285199874,1.4798772018645898,3,2.9493814785647743,31.90798869050873,0.42865090914173637,1.0,V12.0
963.4160528697477,1.1365425479865117,2.1101248369603143,1.051071262951233,-0.1500612797812101,1.4876155443433017,3,2.9493814785647743,31.90798869050873,0.43180933935039634,1.0,V12.0
965.0425873255762,1.1446596261852922,2.118241915159095,1.0620313556542063,-0.15077231671042107,1.4953538868220098,3,2.9493814785647743,31.90798869050873,0.4348619071411126,1.0,V12.0
966.6718678580642,1.1527767043840766,2.1263589933578793,1.072771725931719,-0.15148335363963242,1.5030922293007214,3,2.9493814785647743,31.90798869050873,0.4378045808459482,1.0,V12.0
968.3038991034101,1.1608937825828614,2.134476071556664,1.0832803294975404,-0.15219439056884373,1.5108305717794337,4,2.9710159588697174,31.915089319157744,0.4406335498573107,1.0,V12.0
969.9386857056402,1.1690108607816456,2.1425931497554482,1.0935455532961702,-0.1529054274980551,1.5185689142581453,4,2.9908084890110422,31.854497183316,0.44334522855734887,1.0,V12.0
971.576232316621,1.1771279389804303,2.150710227954233,1.1035562344618246,-0.15361646442726645,1.5263072567368576,4,3.0140955165015093,31.854497183316,0.4459362602892257,1.0,V12.0
973.2165435960727,1.1852450171792106,2.158827306153013,1.113301678082395,-0.1543275013564774,1.5340455992155653,4,3.053827021311517,32.16639441363581,0.4484035207691727,1.0,V12.0
974.8596242115827,1.1933620953779953,2.166944384351798,1.1227716740659148,-0.15503853828568878,1.5417839416942773,4,3.0577286906083105,32.16639441363581,0.4507441210715237,1.0,V12.0
976.5054788386186,1.2014791735767798,2.1750614625505826,1.1319565148924324,-0.15574957521490013,1.5495222841729892,4,3.0565943746707323,32.41059887946486,0.45295541090987934,1.0,V12.0
978.1541121605414,1.2095962517755643,2.183178540749367,1.1408470079412263,-0.15646061214411147,1.5572606266517013,4,3.044807380246135,31.90798869050873,0.4550349796908644,1.0,V12.0
979.8055288686193,1.217713329974349,2.1912956189481516,1.149434115912281,-0.15717164907332282,1.5649989691304134,4,3.0408313555281925,31.854497183316,0.45698050968892323,1.0,V12.0
981.4597336620407,1.2258304081731335,2.1994126971469363,1.157710156698332,-0.15788268600253416,1.5727373116091252,4,3.04018829958309,31.73886640172486,0.4587902500512999,1.0,V12.0
983.1167312479273,1.2339474863719138,2.2075297753457166,1.1656694024296537,-0.15859372293174512,1.580475654087833,4,3.037765101560205,31.67672712732645,0.4604632443448385,1.0,V12.0
984.7765263413485,1.2420645645706982,2.215646853544501,1.1733035988940421,-0.1593047598609565,1.588213996566545,4,3.0422545897799607,31.649828194915507,0.4619975535967557,1.0,V12.0
986.4391236653335,1.250181642769483,2.2237639317432856,1.1806059762464274,-0.1600157967901678,1.5959523390452572,5,3.0418960953618024,31.621167757224654,0.46339184616351936,1.0,V12.0
988.1045279508857,1.2582987209682674,2.2318810099420703,1.187570304259304,-0.16072683371937918,1.603690681523969,5,3.4668670316276136,29.59045381600006,0.46464501844713346,1.0,V12.0
989.7727439369957,1.266415799167052,2.2399980881408545,1.194191697466604,-0.1614378706485905,1.611429024002681,5,3.8306723735005264,29.217549391681796,0.4657565053061658,1.0,V12.0
991.4437763706552,1.2745328773658366,2.2481151663396393,1.2004655385746672,-0.16214890757780187,1.619167366481393,5,3.8339554640106646,29.20781513867547,0.46672585299516534,1.0,V12.0
993.11763000687,1.2826499555646167,2.2562322445384195,1.2063879439145275,-0.16285994450701283,1.626905708960101,6,3.3581180034232903,29.217549391681796,0.4675528978051548,1.0,V12.0
994.7943096086736,1.2907670337634014,2.2643493227372042,1.2119534935439045,-0.1635709814362242,1.6346440514388128,6,3.358144261892889,29.20781513867547,0.4682368845432491,1.0,V12.0
996.4738199471417,1.298884111962186,2.2724664009359885,1.2171619813085415,-0.16428201836543552,1.6423823939175246,6,3.358144261892889,29.20781513867547,0.46877907550409376,1.0,V12.0
998.156165801404,1.3070011901609704,2.280583479134773,1.2220102990611763,-0.1649930552946469,1.6501207363962367,6,3.35785131950315,29.225813446829168,0.46917960305318673,1.0,V12.0
999.8413519586594,1.315118268359755,2.288700557333558,1.2264969555934966,-0.1657040922238582,1.6578590788749485,6,3.35785131950315,29.225813446829168,0.4694392167911929,1.0,V12.0
1001.5293832141889,1.3232353465585396,2.296817635532342,1.2306207968250957,-0.16641512915306958,1.6655974213536606,6,3.3594055560329927,29.225813446829168,0.46955878566758225,1.0,V12.0
1003.2202643713694,1.3313524247573199,2.3049347137311225,1.2343823133662961,-0.16712616608228056,1.6733357638323685,6,3.3600374610704815,29.217549391681796,0.4695397935146375,1.0,V12.0
1004.9140002416872,1.3394695029561046,2.313051791929907,1.2377801199923053,-0.1678372030114919,1.6810741063110806,6,3.3600374610704815,29.217549391681796,0.46938299455297133,1.0,V12.0
1006.610595644752,1.347586581154889,2.321168870128692,1.240815440586736,-0.16854823994070325,1.6887108471306564,6,3.361596594884376,29.225813446829168,0.46909012011851325,1.0,V12.0
1008.3100554083104,1.3552584303909725,2.3288407193647753,1.2432807886238972,-0.16911220051217535,1.695306681082163,6,3.361596594884376,29.225813446829168,0.4686628622210667,1.0,V12.0
1010.0123843682595,1.3629286835310332,2.336510972504836,1.2453865059546454,-0.16967563383135853,1.7019010822279454,6,3.361596594884376,29.225813446829168,0.46810317500417425,1.0,V12.0
1011.7175873686612,1.3705989366710936,2.3441812256448964,1.2471357209033784,-0.1702390671505417,1.708495483373728,6,3.362136040789358,29.217549391681796,0.4674130924157736,1.0,V12.0
1013.4256692617552,1.37826918981115,2.351851478784953,1.2485312857340976,-0.1708025004697246,1.7150898845195073,6,3.362136040789358,29.217549391681796,0.46659480171994766,1.0,V12.0
1015.1366349079735,1.3859394429512104,2.359521731925013,1.2495767726598217,-0.17136593378890777,1.7216842856652896,6,3.362136040789358,29.217549391681796,0.4656507334600607,1.0,V12.0
1016.850489175954,1.393609696091271,2.3671919850650736,1.2502762954863527,-0.17192936710809098,1.7282786868110722,6,3.362136040789358,29.217549391681796,0.464583491717412,1.0,V12.0
1018.5672369425541,1.4012799492313315,2.374862238205134,1.2506343041800196,-0.1724928004272742,1.734873087956855,6,3.362136040789358,29.217549391681796,0.463395775526691,1.0,V12.0
1020.2868830928651,1.408950202371392,2.3825324913451946,1.2506556786662437,-0.17305623374645737,1.7414674891026376,6,3.362136040789358,29.217549391681796,0.46209041218704755,1.0,V12.0
1022.0094325202253,1.4166204555114525,2.390202744485255,1.2503456876631034,-0.17361966706564058,1.7480618902484202,6,3.3608333797844043,29.225813446829168,0.46067034028259357,1.0,V12.0
1023.7348901262351,1.424290708651509,2.3978729976253117,1.249710021780078,-0.17418310038482346,1.7546562913941992,6,3.3608333797844043,29.225813446829168,0.45913862027473795,1.0,V12.0
1025.4632608207696,1.4319609617915696,2.4055432507653722,1.248754247442962,-0.17474653370400664,1.7612506925399816,6,3.3608333797844043,29.225813446829168,0.45749823272765305,1.0,V12.0
1027.1945495219938,1.43963121493163,2.4132135039054328,1.2474851546063959,-0.17530996702318985,1.7680019099880544,6,2.5492401430697944,30.362142379181435,0.4557525717970782,1.0,V12.0
1028.9287611563755,1.4473014680716902,2.420883757045493,1.2459110445729145,-0.17587340034237303,1.7751778576134305,6,2.5492401430697944,30.362142379181435,0.45390554430875574,1.0,V12.0
1030.6659006587004,1.4549717212117508,2.4285540101855534,1.2440385977471224,-0.1764368336615562,1.7823538052388064,6,2.5553289643068093,30.36806307545718,0.45196042466743913,1.0,V12.0
1032.405972972085,1.4626419743518113,2.436224263325614,1.2418743419042908,-0.1770002669807394,1.7895297528641825,6,2.5475417849889865,30.362142379181435,0.4499203955850481,1.0,V12.0
1034.1489830479918,1.4703122274918679,2.4438945164656705,1.239425348872481,-0.17409485213660092,1.7967057004895546,6,2.558974162295878,30.362142379181435,0.4477888010536461,1.0,V12.0
1035.8949358462426,1.4779824806319284,2.451564769605731,1.2366990822670134,-0.17469862819773233,1.8038816481149305,6,2.552590067407519,30.18290839747776,0.44556908925734423,1.0,V12.0
1037.6438363350328,1.485652733771989,2.4592350227457915,1.2337034256674133,-0.17597206245715188,1.8110470782898793,6,2.586886525861193,30.383248594559582,0.4432648212604615,1.0,V12.0
1039.3956894909459,1.4933229869120495,2.466905275885852,1.2304462148341007,-0.17724549671657144,1.8178474195156968,6,1.8117282112427484,27.91375637366563,0.44087950184557106,1.0,V12.0
1041.1505002989668,1.50099324005211,2.4745755290259126,1.226935412476068,-0.17851893097599106,1.8246477607415146,6,1.7850765031669467,27.306259218719987,0.4384166427339183,1.0,V12.0
1042.9082737524973,1.50866349319217,2.4822457821659727,1.2231790874802744,-0.17979236523541062,1.831448101967332,5,1.7605068923368783,26.871620154038386,0.4358797550889913,1.0,V12.0
1044.6690148533687,1.5163337463322268,2.4899160353060297,1.219185285760219,-0.18106579949482954,1.838248443193146,5,1.767205948884813,26.90341731366904,0.43327230362647523,1.0,V12.0
1046.4327286118578,1.5240039994722872,2.4975862884460898,1.2149621498336332,-0.18226152510687568,1.8450487844189636,5,1.5669478605147888,27.02556766787031,0.43059774962540315,1.0,V12.0
1048.1994200466995,1.5316742526123477,2.5052565415861503,1.2105183482057142,-0.1829350958968738,1.8518491256447809,5,1.5735022437369335,27.046504838795244,0.42785970274095525,1.0,V12.0
1049.969094185102,1.5393445057524082,2.512926794726211,1.2058666872989792,-0.1836086666868719,1.8586494668705986,5,1.5760095821591513,27.06662738720687,0.42506319218945937,1.0,V12.0
1051.7417560627614,1.5470147588924688,2.5205970478662714,1.2010091516653325,-0.18428223747687,1.8654498080964161,5,1.5808419124919781,27.123042865202216,0.4222093885631115,1.0,V12.0
1053.517410723875,1.5546850120325293,2.528267301006332,1.195954970212676,-0.18495580826686814,1.8722501493222339,5,1.5817005985527701,27.12562607966189,0.4193019897346058,1.0,V12.0
1055.2960632211561,1.5623552651725856,2.5359375541463884,1.190710846189206,-0.18562937905686588,1.8790504905480476,5,1.5855656407755798,27.14087077953863,0.416343770784378,1.0,V12.0
1057.0777186158496,1.5700255183126461,2.543607807286449,1.185284429804004,-0.18630294984686402,1.8858508317738651,5,1.5859761554854783,27.14087077953863,0.4133378073301888,1.0,V12.0
1058.8623819777438,1.5776957714527067,2.5512780604265095,1.1796832073287415,-0.18697652063686213,1.8926511729996827,5,1.585582131858977,27.14087077953863,0.41028708515436935,1.0,V12.0
1060.650058385187,1.5853660245927672,2.55894831356657,1.1739144520529,-0.18765009142686023,1.8994515142255002,5,1.5866478086605786,27.161246252894298,0.40719448438677497,1.0,V12.0
1062.440752925102,1.5930362777328275,2.56661856670663,1.167985254590362,-0.18832366221685834,1.9062518554513177,5,1.586272976091772,27.161246252894298,0.4040627913910587,1.0,V12.0
1064.2344706929985,1.600706530872888,2.5742888198466907,1.1619024975843781,-0.18899723300685645,1.9130521966771352,5,1.5860036630301115,27.166959770959345,0.40089469127780636,1.0,V12.0
1066.0312167929897,1.6083767840129446,2.581959072986747,1.1556683261508522,-0.18967080379685416,1.9198525379029492,5,1.586081919822503,27.16410301192682,0.39769121051947753,1.0,V12.0
1067.830996337806,1.6160470371530051,2.5896293261268077,1.1492930460981157,-0.19034437458685227,1.9266528791287665,5,1.5861091973784023,27.161246252894298,0.39445616566262176,1.0,V12.0
1069.6338144488097,1.6237172902930657,2.5972995792668683,1.142782728010436,-0.19101794537685038,1.9334532203545844,5,1.5861091973784023,27.161246252894298,0.3911918833887002,1.0,V12.0
1071.4396762560093,1.631387543433126,2.604969832406929,1.1361431741720587,-0.19169151616684849,1.9402535615804017,5,1.5861091973784023,27.161246252894298,0.38790057440435943,1.0,V12.0
1073.248586898074,1.6390577965731865,2.6126400855469893,1.1293799140190393,-0.19236508695684662,1.9470539028062195,5,1.5861091973784023,27.161246252894298,0.3845843334072478,1.0,V12.0
1075.0605515223497,1.646728049713247,2.62031033868705,1.1225000471436297,-0.19303865774684476,1.9538542440320368,5,1.5861091973784023,27.161246252894298,0.3812457665548684,1.0,V12.0
1076.875575284871,1.6543983028533034,2.627980591827106,1.1155079945878532,-0.1937122285368425,1.9606545852578507,5,1.5861091973784023,27.161246252894298,0.3778865455392295,1.0,V12.0
1078.6936633503788,1.662068555993364,2.6356508449671665,1.1084075709970038,-0.1943857993268406,1.9674549264836683,5,1.5861091973784023,27.161246252894298,0.37450811983378796,1.0,V12.0
1080.5148208923329,1.6697388091334247,2.6433210981072275,1.1012032561635425,-0.19505937011683872,1.9742552677094858,5,1.5861091973784023,27.161246252894298,0.371112148083514,1.0,V12.0
1082.3390530929275,1.677409062273485,2.6509913512472876,1.0938992701038228,-0.19573294090683682,1.9810556089353035,5,1.5861091973784023,27.161246252894298,0.36770018450732445,1.0,V12.0
1084.1663651431063,1.6850793154135455,2.658661604387348,1.0864995702105695,-0.19640651169683493,1.9878559501611208,5,1.5861091973784023,27.161246252894298,0.3642736792861105,1.0,V12.0
1085.9967622425766,1.692726296356921,2.666308585330724,1.0789995179564726,-0.19707119611834129,1.9946138747692652,5,1.5880834689148076,27.16410301192682,0.3608340013340507,1.0,V12.0
1087.830249599824,1.6999849796060291,2.673567268579832,1.0712724587266071,-0.19758761106436853,2.0006640761201715,5,1.5859898633705787,27.157389258924994,0.35738243859065133,1.0,V12.0
1089.6668324321279,1.7072436628551413,2.680825951828944,1.063463083057566,-0.19810402601039598,2.00671427747108,5,1.5907635020100306,27.175637583497675,0.35392015675683997,1.0,V12.0
1091.5065159655765,1.7145023461042534,2.6880846350780563,1.0555745435302295,-0.19862044095642348,2.0127644788219894,4,1.5859990102509982,27.161246252894298,0.3504482799768072,1.0,V12.0
1093.3493054350804,1.7217610293533654,2.695343318327168,1.0476097084964258,-0.19913685590245095,2.0188146801728983,4,1.5891226469165927,27.161246252894298,0.3469678274481231,1.0,V12.0
1095.195206084389,1.7290197126024773,2.70260200157628,1.0395714161065364,-0.19965327084847845,2.0248648815238073,4,1.58888770656047,27.15353226495569,0.3434797986122491,1.0,V12.0
1097.0442231661038,1.7362783958515893,2.709860684825392,1.0314622571284844,-0.2001696857945059,2.0309150828747162,4,1.59192428154792,27.16410301192682,0.3399851018048284,1.0,V12.0
1098.8963619416954,1.7435370791006974,2.7171193680745,1.023284866628245,-0.2006861007405331,2.0369652842256216,4,1.6056133565659734,27.180057981151556,0.3364846512556692,1.0,V12.0
1100.7516276815165,1.7507957623498098,2.7243780513236127,1.0150416943010538,-0.2012025156865606,2.043015485576531,4,1.6056133565659734,27.180057981151556,0.33297929167688306,1.0,V12.0
1102.6100256648178,1.7580544455989215,2.7316367345727244,1.0067346352970492,-0.20171893063258808,2.0490656869274395,4,1.6051622093779543,27.17129867722851,0.3294696782704995,1.0,V12.0
1104.4715611797637,1.7653131288480337,2.7388954178218365,0.9983628735301368,-0.20223534557861558,2.055115888278349,4,1.6026983854439516,27.157389258924994,0.32595557483578974,1.0,V12.0
1106.3362395234456,1.7725718120971456,2.7461541010709483,0.9899315603329236,-0.20275176052464303,2.061166089629258,4,1.6048598866022146,27.16410301192682,0.3224386911024766,1.0,V12.0
1108.2040660018986,1.7798304953462578,2.7534127843200604,0.9814429593235782,-0.20326817547067055,2.0672162909801672,5,1.6106923491844307,27.251839771554046,0.31891978230677653,1.0,V12.0
1110.0750459301157,1.7870891785953698,2.7606714675691726,0.9728981177966047,-0.203784590416698,2.073266492331076,6,1.533878919648712,28.373194192284885,0.3153992022619767,1.0,V12.0
1111.9491846320632,1.7943478618444781,2.7679301508182808,0.964300304130589,-0.20430100536272525,2.0793166936819816,6,1.5374188699105393,28.29135134565677,0.3118780198111308,1.0,V12.0
1113.8264874406964,1.80160654509359,2.775188834067393,0.9556521351560214,-0.20481742030875272,2.085366895032891,6,1.7191709288009303,28.885088457229685,0.3083570835509439,1.0,V12.0
1115.7069596979734,1.808865228342702,2.7824475173165046,0.9469562521486821,-0.2053338352547802,2.091417096383799,6,1.7219759378665895,28.9553570786016,0.3048372420158357,1.0,V12.0
1117.5906067548715,1.816123911591814,2.789706200565617,0.9382152416992714,-0.2058502502008077,2.097467297734709,6,1.7325106187777424,29.008876803184258,0.3013193182649773,1.0,V12.0
1119.4774339714022,1.8233825948409264,2.796964883814729,0.9294317879958147,-0.2063666651468352,2.1035174990856174,6,1.7337027866486032,29.008876803184258,0.29780415897215384,1.0,V12.0
1121.367446716626,1.8306412780900345,2.804223567063837,0.9206087727421717,-0.20688308009286238,2.1095677004365236,6,1.7338730748214066,29.007183392459552,0.2942926660929188,1.0,V12.0
1123.2606503686682,1.8378999613391462,2.811482250312949,0.9117494007756018,-0.20739949503888985,2.115617901787432,6,1.732839551198003,29.007183392459552,0.29078583628812954,1.0,V12.0
1125.157050314734,1.8451586445882584,2.818740933562061,0.9028570684253395,-0.2079159099849173,2.121668103138341,6,1.7322639164102993,28.9553570786016,0.2872847179425962,1.0,V12.0
1127.0566519511237,1.8524173278373706,2.825999616811173,0.8939352305126889,-0.2084323249309448,2.1277183044892505,6,1.7328066380537543,29.007183392459552,0.2837903683467273,1.0,V12.0
1128.959460683248,1.8596760110864825,2.8332583000602853,0.884987679475815,-0.2089487398769723,2.133768505840159,6,1.7328066380537543,29.007183392459552,0.2803039420019187,1.0,V12.0
1130.865481925644,1.8669346943355944,2.840516983309397,0.8760184687062232,-0.20946515482299977,2.1398187071910684,6,1.732368025827936,28.9553570786016,0.2768266652795533,1.0,V12.0
1132.7747211019896,1.8741933775847026,2.8477756665585052,0.8670319251063883,-0.209981569769027,2.145868908541974,6,1.7334147670539073,29.007183392459552,0.2733598395578151,1.0,V12.0
1134.68718364512,1.8814520608338148,2.8550343498076174,0.8580326596119775,-0.21049798471505446,2.151919109892883,5,1.7330963970155313,29.008876803184258,0.2699048436752657,1.0,V12.0
1136.6028749970426,1.8887107440829267,2.8622930330567296,0.8490255755647959,-0.21101439966108196,2.157969311243792,5,1.7330963970155313,29.008876803184258,0.2664631356763447,1.0,V12.0
1138.5218006089522,1.8959694273320387,2.8695517163058413,0.8400177754857856,-0.21153081460710943,2.1640195125947006,5,1.7330963970155313,29.008876803184258,0.2630368489837791,1.0,V12.0
1140.443965941247,1.9032281105811508,2.8768103995549534,0.8310126606350597,-0.21204722955313693,2.17006971394561,5,1.7330963970155313,29.008876803184258,0.25962694131114067,1.0,V12.0
1142.369376463544,1.9104867938302628,2.8840690828040656,0.8220160596361857,-0.2125636444991644,2.176119915296519,5,1.7330963970155313,29.008876803184258,0.2562351183508709,1.0,V12.0
1144.2980376546946,1.9177454770793712,2.8913277660531738,0.8130341022548433,-0.21308005944519162,2.1821701166474248,5,1.7330963970155313,29.008876803184258,0.25286316405150144,1.0,V12.0
1146.2299550028001,1.925004160328483,2.898586449302286,0.8040732158268672,-0.21359647439121907,2.1882203179983337,5,1.7330963970155313,29.008876803184258,0.24951293862789473,1.0,V12.0
1148.1651340052274,1.932262843577595,2.9058451325513976,0.7951401196869042,-0.21411288933724656,2.1942705193492427,5,1.7330963970155313,29.008876803184258,0.24618637597928056,1.0,V12.0
1150.1035801686246,1.9395215268267072,2.91310381580051,0.7862418171572972,-0.21462930428327406,2.2003207207001516,5,1.7354946791318742,29.01057021390896,0.2428854803883338,1.0,V12.0
1152.0452990089366,1.9467802100758194,2.920362499049622,0.7773803160782136,-0.21514571922930154,2.2063709220510606,5,1.7354946791318742,29.01057021390896,0.23961069845121719,1.0,V12.0
1153.9902960514205,1.9540388933249273,2.92762118229873,0.768569049658816,-0.21566213417532876,2.2124211234019664,5,1.7519550715019954,29.095623477429097,0.2363659865381406,1.0,V12.0
1155.9385768306627,1.9612975765740395,2.9348798655478423,0.7598165266917067,-0.2161785491213562,2.2184713247528753,5,1.7530224605064966,29.109822096343926,0.2331537546866876,1.0,V12.0
1157.8901468905929,1.9685562598231514,2.942138548796954,0.7511297595148057,-0.2166949640673837,2.2245215261037847,5,1.7517190181113944,29.095623477429097,0.22997593333544247,1.0,V12.0
1159.8450117845002,1.9758149430722636,2.949397232046066,0.7425169236453727,-0.2172113790134112,2.2305717274546932,5,1.750019148307449,29.095623477429097,0.22683479114491661,1.0,V12.0
1161.8031770750506,1.9830736263213757,2.9566559152951783,0.7339863895665416,-0.21772779395943867,2.23662136448787,5,1.758485505298528,29.167630957492378,0.22373263612644778,1.0,V12.0
1163.7646483343,1.9903323095704875,2.96391459854429,0.7255466924250854,-0.21824420890546614,2.2426386290134213,5,1.7660122842722707,29.145825836375565,0.22067180599153619,1.0,V12.0
1165.729431143713,1.9975909928195996,2.9711732817934022,0.7172064974836406,-0.21876062385149364,2.2486558935389724,3,1.1549637252126175,46.17150455364485,0.21765465734031608,1.0,V12.0
1167.6975310941766,2.004849676068708,2.9784319650425104,0.7089745953679473,-0.21927703879752086,2.2546731580645205,3,1.154008334934154,46.087745301070186,0.21468356401479444,1.0,V12.0
1169.668953786017,2.01210835931782,2.9856906482916226,0.7008599184655527,-0.21979345374354833,2.2606904225900712,3,1.1534236480379498,46.087745301070186,0.21176092186455486,1.0,V12.0
1171.6437048290154,2.019303209227364,2.992885498201167,0.6928579986290155,-0.22029275164845952,2.2666993714384533,3,1.1501787494827247,46.00398604849552,0.20888908573447806,1.0,V12.0
1173.6217898424243,2.0260147275471483,2.999597016520951,0.684889662920904,-0.2206624431948326,2.272430274307469,3,1.1499760727940282,45.115173294047196,0.20606974827723124,1.0,V12.0
1175.6032144549824,2.0327262458669333,3.006308534840736,0.6770685015260648,-0.2210321347412057,2.278161177176486,3,1.1424233198545615,45.635294840068106,0.20330596700261164,1.0,V12.0
1177.5879843049327,2.039437764186718,3.0130200531605205,0.6694033334242704,-0.22140182628757873,2.2838920800455025,3,1.1439475196866062,45.26660363164069,0.200600049483176,1.0,V12.0
1179.576105040036,2.046149282506499,3.0197315714803015,0.6619038429481546,-0.2217715178339516,2.2896229829145165,3,1.150297919731375,44.91111874276443,0.19795454356413475,1.0,V12.0
1181.5675823175889,2.0528608008262834,3.026443089800086,0.6545846992291361,-0.22214120938032472,2.295353885783533,4,1.374178087334258,29.85605080279389,0.19537346448511586,1.0,V12.0
1183.5624218044388,2.059572319146068,3.0331546081198706,0.6474461923853522,-0.22251090092669779,2.3010847886525494,4,1.3756384136907909,29.850326662192046,0.1928565122622645,1.0,V12.0
1185.5606291770007,2.0662838374658525,3.039866126439655,0.64049267049294,-0.22288059247307085,2.306815691521566,4,1.3752154198717415,29.839444468223576,0.19040459564882734,1.0,V12.0
1187.5622101212732,2.072995355785637,3.0465776447594397,0.6337370231092577,-0.2232502840194439,2.3125465943905827,4,1.3749072622786374,29.84314082371981,0.18802115030119287,1.0,V12.0
1189.5671703328542,2.0797068741054217,3.0532891630792243,0.6271869929172899,-0.223619975565817,2.3182774972595994,4,1.374803616837712,29.82146527946313,0.18570806059256828,1.0,V12.0
1191.5755155169575,2.0864183924252027,3.0600006813990053,0.6208500253921717,-0.2239896671121899,2.324008400128613,4,1.375117120002064,29.80572074832853,0.1834671081191617,1.0,V12.0
1193.5872513884296,2.093129910744987,3.06671219971879,0.6147332453844272,-0.22435935865856294,2.3297393029976297,4,1.375117120002064,29.80572074832853,0.18129996581118182,1.0,V12.0
1195.6023836717645,2.099841429064772,3.0734237180385744,0.6088433907854355,-0.22472905020493603,2.3354702058666463,4,1.3751663629040336,29.82146527946313,0.1792081794811384,1.0,V12.0
1197.6209181011218,2.1065529473845563,3.080135236358359,0.6031868218254265,-0.22509874175130912,2.341201108735663,4,1.3751835308686564,29.83720981059773,0.17719317180835414,1.0,V12.0
1199.642860420341,2.113264465704341,3.0868467546781435,0.5977694517842667,-0.22546843329768218,2.3469320116046792,4,1.3750448243763578,29.839444468223576,0.1752562232359514,1.0,V12.0
1201.6682163829598,2.119975984024122,3.0935582729979245,0.5925967436999581,-0.22583812484405505,2.352662914473693,4,1.3750448243763578,29.839444468223576,0.17339847240438114,1.0,V12.0
1203.6969917522295,2.1266875023439065,3.100269791317709,0.5876736727840989,-0.22620781639042814,2.357961986380213,4,1.3750448243763578,29.839444468223576,0.171620906565107,1.0,V12.0
1205.7291923011308,2.133399020663691,3.1069813096374936,0.583004699337999,-0.22657750793680118,2.3620338197482473,4,1.3750448243763578,29.839444468223576,0.16992435516735904,1.0,V12.0
1207.7648238123916,2.1401105389834756,3.113692827957278,0.5785937433989083,-0.22694719948317432,2.366105653116281,4,1.3750448243763578,29.839444468223576,0.16830948402329,1.0,V12.0
1209.8038920785025,2.14682205730326,3.1204043462770628,0.5744441197667727,-0.22731689102954739,2.370177486484315,4,1.3750448243763578,29.839444468223576,0.16677677803873678,1.0,V12.0
1211.8464029017339,2.1535335756230447,3.1271158645968473,0.5705586273714611,-0.22768658257592042,2.374249319852349,4,1.3750448243763578,29.839444468223576,0.16532656886758873,1.0,V12.0
1213.8923620941516,2.1602450939428293,3.133827382916632,0.5669394392504659,-0.22805627412229354,2.380095703558992,4,1.3750448243763578,29.839444468223576,0.16395900458060428,1.0,V12.0
1215.9417754776343,2.1669566122626103,3.140538901236413,0.5635880992368999,-0.2284259656686664,2.3867914320673624,4,1.3750448243763578,29.839444468223576,0.16267405048763264,1.0,V12.0
1217.9946488838896,2.173668130582395,3.1472504195561974,0.5605055140492381,-0.22879565721503947,2.3934871605757366,4,1.3742257624843242,29.84314082371981,0.16147148862562155,1.0,V12.0
1220.0509881544708,2.1803796489021794,3.153961937875982,0.5576909038632915,-0.22916534876141254,2.4001760723433714,4,1.3717699127827283,29.844602521590197,0.16035061778914925,1.0,V12.0
1222.110799140794,2.187091167221964,3.1606734561957666,0.5551449937655021,-0.2295350403077856,2.4068265789373005,4,1.370331410437274,29.952821826599173,0.15931117404243195,1.0,V12.0
1224.174087704153,2.1938026855417485,3.167384974515551,0.5528667002290663,-0.22990473185415872,2.412291581920955,4,1.3708677060952548,29.952821826599173,0.15835237745518038,1.0,V12.0
1226.2408597157385,2.200514203861533,3.1740964928353357,0.5508542561306726,-0.23027442340053178,2.416326109489203,4,1.3728228352424579,29.952821826599173,0.15747325866227196,1.0,V12.0
1228.3111210566528,2.207225722181314,3.1808080111551167,0.5491052752448932,-0.23064411494690465,2.4203606370574486,4,1.3711265046763648,29.952821826599173,0.15667267907931628,1.0,V12.0
1230.3848776179275,2.213937240501098,3.187519529474901,0.5476166600207516,-0.2310138064932777,2.424390368815308,4,1.36905112951561,29.956820622063653,0.1559493062565675,1.0,V12.0
1232.4621353005402,2.220648758820883,3.194231047794686,0.5463846459086238,-0.23138349803965078,2.428401276744693,4,1.3705809872450891,29.904436314696532,0.1553016283273152,1.0,V12.0
1234.5429000154306,2.2273602771406678,3.2009425661144704,0.5454047807304434,-0.23175318958602384,2.432412184674078,4,1.3701124087526975,29.956820622063653,0.1547279498634037,1.0,V12.0
1236.6271776835185,2.2340717954604523,3.207654084434255,0.5446719578283975,-0.23212288113239696,2.436423092603463,4,1.5192763491188075,29.7827629225438,0.15422640300563795,1.0,V12.0
1238.7149742357192,2.240783313780237,3.2143656027540395,0.5441804270327688,-0.23249257267877002,2.440903195272686,4,1.5460365330346668,29.41748672284688,0.15379495219881878,1.0,V12.0
1240.8062956129618,2.247494832100018,3.2210771210738205,0.5439237902220139,-0.23286226422514292,2.446205353421567,4,1.5492272788366654,29.400913532944955,0.15343139452673074,1.0,V12.0
1242.9011477662054,2.254206350419802,3.2277886393936046,0.5438942575748738,-0.23323195577151595,2.4515075115704508,4,1.5218394526627537,29.41748672284688,0.15313315189154858,1.0,V12.0
1244.9995366564556,2.260917868739587,3.2345001577133896,0.5440846277561375,-0.23360164731788904,2.4568096697193345,4,1.51894486076799,29.43476285720404,0.15289783102069288,1.0,V12.0
1247.1014682547825,2.2676293870593716,3.241211676033174,0.5444868565843307,-0.2339713388642621,2.462111827868218,4,1.5170091348199801,29.539314134808464,0.1527228202535365,1.0,V12.0
1249.2069485423372,2.274340905379156,3.2479231943529587,0.5450925234979984,-0.2343410304106352,2.467413986017102,5,1.5134124328156335,29.565846254545377,0.15260542218616024,1.0,V12.0
1251.3159835103681,2.2810524236989402,3.254634712672743,0.5458920782957574,-0.2347107219570083,2.4727161441659855,4,1.4938966063044354,29.29284341303282,0.15254264398641376,1.0,V12.0
1253.4285791602392,2.2877639420187212,3.261346230992524,0.5468759375256231,-0.23593517169016537,2.4780183023148665,4,1.5018729027627562,29.29284341303282,0.15253150595766748,1.0,V12.0
1255.5447415034466,2.2944754603385062,3.268057749312309,0.5480337770559708,-0.23944758834005433,2.48332046046375,4,1.5017524042188464,29.279496458963877,0.15256884447270547,1.0,V12.0
1257.6644765616352,2.301186978658291,3.2747692676320934,0.5493548170012299,-0.24296000498994327,2.4886226186126343,4,1.502662080617591,29.29284341303282,0.1526513928622669,1.0,V12.0
1259.7877903666167,2.307898496978075,3.2814807859518775,0.5508278518187465,-0.24647242163983224,2.493924776761518,4,1.502662080617591,29.29284341303282,0.15277579072166717,1.0,V12.0
1261.9146889603862,2.31461001529786,3.2881923042716625,0.5524412838759204,-0.2499848382897212,2.4992269349104013,4,1.5027304842318292,29.30619036710176,0.1529385940743841,1.0,V12.0
1264.045178395139,2.321157737193895,3.294740026167698,0.5541580783121969,-0.2534553806198004,2.5043486483348363,4,1.5004639337866048,29.316834130699675,0.15313628665799892,1.0,V12.0
1266.179264733289,2.326942695092848,3.3005249840666506,0.5558739886129652,-0.25673092343266635,2.508630070279617,4,1.5007167098743988,29.279496458963877,0.1533652895811767,1.0,V12.0
1268.3169540474848,2.3327276529918004,3.306309941965603,0.5576930309605723,-0.2600064662455323,2.512911492224397,4,1.5007167098743988,29.279496458963877,0.15362197138724587,1.0,V12.0
1270.4582524206278,2.3385126108907532,3.312094899864556,0.5596023355163369,-0.2632820090583982,2.5171929141691782,4,1.5011354161714865,29.279496458963877,0.1539026604838883,1.0,V12.0
1272.6031659458888,2.344297568789706,3.3178798577635087,0.5615888373963153,-0.2665575518712642,2.5230271840703757,4,1.500992506928132,29.26267820925287,0.15420365505107406,1.0,V12.0
1274.751700726726,2.350082526688659,3.3236648156624615,0.5636393167806245,-0.2698330946841301,2.5301874940811966,4,1.500409982044813,29.26267820925287,0.15452123427669492,1.0,V12.0
1276.903862876902,2.355867484587608,3.329449773561411,0.5657404412821377,-0.27310863749699427,2.537347804092014,4,1.5001943124657844,29.279496458963877,0.15485167010387665,1.0,V12.0
1279.059658520501,2.361652442486561,3.3352347314603636,0.5678788044261154,-0.27638418030986023,2.544508114102835,4,1.5001943124657844,29.279496458963877,0.1551912378040489,1.0,V12.0
1281.2190937919468,2.3674374003855143,3.341019689359317,0.5700409675544253,-0.27965972312272613,2.551668424113656,4,1.5001943124657844,29.279496458963877,0.1555362273842851,1.0,V12.0
1283.3821748360197,2.3732223582844667,3.3468046472582693,0.5722134998776547,-0.28293526593559204,2.5588287341244773,4,1.5001943124657844,29.279496458963877,0.15588295438222455,1.0,V12.0
1285.5489078078745,2.379007316183419,3.3525896051572217,0.5743830203138549,-0.286210808748458,2.565989044135298,4,1.5001943124657844,29.279496458963877,0.1562277710450324,1.0,V12.0
1287.7192988730574,2.384792274082372,3.3583745630561745,0.5765362392676698,-0.28948635156132396,2.5731493541461194,4,1.5001943124657844,29.279496458963877,0.15656707738679784,1.0,V12.0
1289.8933542075242,2.3905772319813248,3.3641595209551274,0.5786599943839741,-0.2927618943741899,2.5803096641569407,4,1.4982950399205885,29.29284341303282,0.15689733050812357,1.0,V12.0
1292.0710799976575,2.3963621898802745,3.369944478854077,0.5807412949970959,-0.29603743718705405,2.587469974167758,5,1.4999952866186776,29.245859959541857,0.1572150561821643,1.0,V12.0
1294.2524824402842,2.4021471477792273,3.37572943675303,0.5827684808436698,-0.29931297999991996,2.594630284178579,5,1.5070619418614126,29.016772504017755,0.1575171615075634,1.0,V12.0
1296.4375677426935,2.4079321056781797,3.3815143946519823,0.5847277750859174,-0.3025885228127859,2.6001995379944303,5,1.5190735572829999,28.476861958299715,0.1578000016991015,1.0,V12.0
1298.6263421226543,2.4137170635771326,3.387299352550935,0.5866069303153664,-0.3058640656256519,2.6052181498812392,5,1.5475618523347712,28.484999306173123,0.158060366799227,1.0,V12.0
1300.8188118084324,2.4195020214760854,3.393084310449888,0.5883940547822206,-0.3091396084385178,2.6102367617680486,5,1.5587291667618282,28.790509712453705,0.15829516251586126,1.0,V12.0
1303.01498303881,2.425286979375035,3.3988692683488377,0.5900775493249508,-0.3124151512513819,2.6152553736548545,5,1.5574644040156522,28.79783580161307,0.15850139238232003,1.0,V12.0
1305.2148620631012,2.4310719372739875,3.40465422624779,0.5916462744747408,-0.3156906940642479,2.620273985541664,5,1.5646933008779793,28.703472027944173,0.15867620181490805,1.0,V12.0
1307.418455141171,2.436856895172941,3.4104391841467434,0.5930894043041989,-0.31896623687711384,2.625292597428473,5,1.5666757338745887,28.703472027944173,0.1588168378777386,1.0,V12.0
1309.6257685434534,2.442641853071893,3.416224142045696,0.5943987472568241,-0.3222417796899798,2.630311209315282,5,1.5666679402776478,28.667546153283112,0.15892126900461964,1.0,V12.0
1311.8368085509683,2.448426810970846,3.4220090999446486,0.5955623909442435,-0.3255173225028457,2.635329821202091,5,1.5684048496822762,28.642416122966402,0.15898648289583509,1.0,V12.0
1314.0515814553396,2.454211768869799,3.4277940578436015,0.5965714493761369,-0.32879286531571167,2.6403484330888998,5,1.5698523767939159,28.612486850721993,0.15901029248745702,1.0,V12.0
1316.270093558814,2.459996726768748,3.4335790157425508,0.5974164575743833,-0.3320684081285758,2.645367044975706,5,1.5771272994518437,28.612486850721993,0.15899037009798211,1.0,V12.0
1318.4923511742782,2.465781684667701,3.4393639736415036,0.5980907468084385,-0.33534395094144176,2.650385656862515,5,1.5897864911131998,28.497363337651784,0.15892514537931524,1.0,V12.0
1320.7183606252765,2.471566642566654,3.4451489315404564,0.5985849402487664,-0.33861949375430767,2.655404268749324,5,1.5778940208072765,28.642416122966402,0.15881233913045012,1.0,V12.0
1322.9481282460292,2.4773516004656067,3.4509338894394093,0.5988921308600723,-0.3418950365671736,2.660422880636133,5,1.5731323981078946,28.623331860196327,0.15865034038585601,1.0,V12.0
1325.1816603814514,2.483136558364559,3.4567188473383617,0.5990058373846024,-0.34446742550232456,2.665441492522942,5,1.789032325390542,29.939947582800826,0.15843766065852966,1.0,V12.0
1327.4189633871697,2.488921516263512,3.4625038052373145,0.5989203312762638,-0.34548149101972503,2.670460104409751,5,1.7934206590371062,29.8510929320684,0.1581730193466845,1.0,V12.0
1329.6600436295407,2.4947064741624647,3.4682887631362673,0.5986373020981833,-0.34649555653712544,2.67547871629656,5,1.795626035286357,29.957652195929285,0.15785709977388312,1.0,V12.0
1331.90490748567,2.5004914320614144,3.474073721035217,0.5981462673431563,-0.34750962205452535,2.680497328183366,5,1.797477293792204,29.939947582800826,0.1574873762866963,1.0,V12.0
1334.1535613434291,2.5062763899603673,3.47985867893417,0.5974434670967667,-0.3485236875719258,2.685515940070175,5,1.7929138820405803,30.1018698916997,0.15706310591178307,1.0,V12.0
1336.4060116014746,2.51206134785932,3.4856436368331227,0.5965258026268779,-0.3495377530893262,2.6905345519569845,5,1.7889136017777734,30.1018698916997,0.1565837237442349,1.0,V12.0
1338.6622646692654,2.5178463057582725,3.491428594732075,0.5953908754957346,-0.35055181860672663,2.695553163843793,5,1.7889136017777734,30.1018698916997,0.15604885184871012,1.0,V12.0
1340.9223269670817,2.5236312636572253,3.497213552631028,0.5940369327097486,-0.3515658841241271,2.7005343635439343,5,1.4591041329800405,27.07489880760926,0.155458283489965,1.0,V12.0
1343.1862049260437,2.529416221556178,3.502998510529981,0.5924628967573854,-0.35257994964152756,2.705499130302802,5,1.4576268117709472,27.07489880760926,0.15481198968787546,1.0,V12.0
1345.453904988128,2.535201179455128,3.5087834684289305,0.5906683737031032,-0.35359401515892747,2.7104638970616666,5,1.4578947299905576,27.063058372279237,0.154110119987745,1.0,V12.0
1347.7254336061883,2.5409861373540803,3.514568426327883,0.5886536055108457,-0.3545833285907992,2.7154286638205347,5,1.4578947299905576,27.063058372279237,0.15335298869461791,1.0,V12.0
1350.000797243972,2.546771095253033,3.5203533842268357,0.586419514640477,-0.355506246525633,2.7203934305794024,5,1.4643822061183236,27.016997770654918,0.15254108523417795,1.0,V12.0
1352.2800023761397,2.552556053151986,3.5261383421257886,0.583967657814453,-0.35642916446046674,2.72535819733827,5,1.5091161991220259,26.71086437353675,0.15167506082884727,1.0,V12.0
1354.5630554882828,2.558341011050939,3.5319233000247414,0.5813002319154491,-0.3573520823953005,2.730322964097138,5,1.5517506257679827,26.30206220636326,0.15075572881358582,1.0,V12.0
1356.8499630769422,2.564125968949888,3.5377082579236907,0.5784200514450207,-0.35827500033013376,2.735287730856003,5,1.5517506257679827,26.30206220636326,0.1497840575844733,1.0,V12.0
1359.1407316496275,2.569910926848841,3.5434932158226435,0.5753234592051729,-0.35919791826496755,2.740252497614871,5,1.5517506257679827,26.30206220636326,0.14875933637921007,1.0,V12.0
1361.4353677248341,2.5756958847477938,3.5492781737215964,0.5720206489653867,-0.36012083619980123,2.7452172643737383,5,1.5517506257679827,26.30206220636326,0.14768443472802614,1.0,V12.0
1363.7338778320636,2.5811158651679005,3.554698154141703,0.5684626017134373,-0.3609973587576466,2.7498478355719085,5,1.5510462390681352,26.277473031672724,0.14656073008976522,1.0,V12.0
1366.0362685118403,2.585360157802814,3.5589424467766166,0.5645377399069366,-0.361724429688539,2.753401875582949,5,1.5526681838344214,26.225720671162193,0.14538972992019406,1.0,V12.0
1368.3425463157316,2.589604450437728,3.5631867394115306,0.5604254072621886,-0.3624515006194315,2.7569559155939887,5,1.5582714272683749,26.225720671162193,0.14417305882953002,1.0,V12.0
1370.6527178063654,2.59384874307264,3.5674310320464424,0.5561318690899191,-0.36317857155032357,2.7605099556050274,5,1.5583534827757788,26.426770135232537,0.14291247628870332,1.0,V12.0
1372.96678955745,2.598093035707554,3.5716753246813564,0.5516637086962011,-0.363905642481216,2.7640639956160675,5,1.5639761811018744,26.225720671162193,0.14160981572902606,1.0,V12.0
1375.2847681537912,2.6023373283424673,3.57591961731627,0.5470309920133879,-0.36463271341210846,2.767618035627108,5,1.5639761811018744,26.225720671162193,0.14026779560345684,1.0,V12.0
1377.6066601913124,2.6065816209773813,3.580163909951184,0.5422414855520621,-0.3653597843430009,2.7711720756381486,5,1.5708971046578544,26.198557485342203,0.1388885335749739,1.0,V12.0
1379.932472277073,2.610825913612295,3.5844082025860975,0.5373005572166621,-0.3660868552738934,2.7747261156491883,5,1.5746123015089672,26.198557485342203,0.13747352440141672,1.0,V12.0
1382.2622110292866,2.615070206247209,3.5886524952210115,0.5322164344415036,-0.36681392620478576,2.778280155660229,5,1.5878348584269237,26.03222848096553,0.13602498719939435,1.0,V12.0
1384.5958830773409,2.6193144988821206,3.5928967878559233,0.5269975888189025,-0.36754099713567784,2.7818341956712676,5,1.6110949517078603,25.942455076518847,0.13454519380186092,1.0,V12.0
1386.9334950618156,2.623558791517034,3.597141080490837,0.5216531666358557,-0.3682680680665703,2.7853882356823076,5,1.5824996556928939,25.75103349922678,0.13303657827206056,1.0,V12.0
1389.275053634502,2.6278030841519486,3.6013853731257512,0.5161921229723925,-0.3689951389974628,2.788942275693348,5,1.2574933248410254,27.24449394076696,0.13150151543539096,1.0,V12.0
1391.6205654584214,2.632047376786862,3.605629665760665,0.510624086423459,-0.3697222099283552,2.792496315704388,4,1.245901477807183,28.012968101361796,0.12994254125191357,1.0,V12.0
1393.9700372078441,2.636291669421776,3.609873958395579,0.5049584153622508,-0.3704492808592476,2.796050355715429,4,1.249430684424837,27.94356594390655,0.12836211204609563,1.0,V12.0
1396.3234755683088,2.6405359620566897,3.6141182510304923,0.49920438331402656,-0.3711763517901401,2.799604395726469,4,1.2710552096207006,28.28004099495252,0.12676265200780176,1.0,V12.0
1398.680887236643,2.644780254691606,3.6183625436654085,0.4933733247974589,-0.37190342272103294,2.8031584357375112,4,1.2727568151855586,27.37448058400692,0.12514709767077853,1.0,V12.0
1401.0422789209758,2.6490245473265177,3.6226068363003203,0.4874741810628237,-0.372630493651925,2.8067124757485495,4,1.2740406519120069,27.30948726238694,0.12351776652260027,1.0,V12.0
1403.407657340766,2.6532688399614317,3.6268511289352343,0.4815150502881641,-0.37326688967752497,2.81026651575959,4,1.2320937901128843,28.482778815586933,0.12187675270149498,1.0,V12.0
1405.7770292268158,2.6575131325963457,3.6310954215701483,0.47550835128946206,-0.3731621468879668,2.8138205557706306,4,1.2317383027862538,28.48393440715496,0.12022723378399952,1.0,V12.0
1408.1504013212902,2.6617574252312592,3.635339714205062,0.46946409184974386,-0.3730574040984086,2.8173745957816703,4,1.2318623921858374,28.52023500759146,0.11857176477095066,1.0,V12.0
1410.5277803777378,2.6660017178661732,3.639584006839976,0.46339245849014243,-0.37295266130885046,2.820928635792711,4,1.2318556454714753,28.48393440715496,0.11691293481458492,1.0,V12.0
1412.9091731611088,2.670246010501087,3.6438282994748894,0.4573036149958751,-0.3728479185192922,2.824482675803751,4,1.2310940346986279,28.482778815586933,0.11525331625878789,1.0,V12.0
1415.294586447775,2.6744903031360012,3.648072592109804,0.4512076551669619,-0.3727431757297341,2.8280367158147914,4,1.2302541617490326,28.52023500759146,0.11359545283347816,1.0,V12.0
1417.684027025548,2.6787345957709126,3.652316884744715,0.44511451281125575,-0.372638432940176,2.8315907558258298,4,1.2302541617490326,28.52023500759146,0.11194183717146941,1.0,V12.0
1420.0775016937002,2.6829788884058265,3.656561177379629,0.4390341501412348,-0.37253369015061777,2.8351447958368703,4,1.2325338594732274,28.52023500759146,0.11029495841026868,1.0,V12.0
1422.4750172629826,2.68722318104074,3.6608054700145427,0.43297637555659957,-0.37242894736105964,2.8386988358479104,4,1.2324754638298077,28.482778815586933,0.10865725648246229,1.0,V12.0
1424.876580555645,2.6914674736756545,3.665049762649457,0.42695089293948885,-0.3723242045715015,2.8422528758589514,4,1.2307122185771586,28.482778815586933,0.10703113473516385,1.0,V12.0
1427.282198405455,2.695711766310568,3.6692940552843707,0.42096729455555665,-0.3722194617819433,2.845806915869991,4,1.2306603226175399,28.481623224018904,0.10541895834672274,1.0,V12.0
1429.691877657718,2.69995605894548,3.6735383479192825,0.41503547964828646,-0.3721147189923852,2.8493609558810293,4,1.2312104565592912,28.28004099495252,0.10382315924276786,1.0,V12.0
1432.1056251692958,2.7042003515803934,3.677782640554196,0.40916437749277923,-0.372009976202827,2.8529149958920703,4,1.2314328791485474,28.07845876588614,0.10224591664668568,1.0,V12.0
1434.5234478086272,2.7084446442153074,3.68202693318911,0.40336295453502474,-0.37190523341326887,2.8564690359031104,4,1.2311352197068481,28.045713433623966,0.10068940982525808,1.0,V12.0
1436.9453524557468,2.7126889368502214,3.686271225824024,0.39764026678969117,-0.3718004906237107,2.8600230759141505,4,1.2300323524290457,27.97826702263417,0.09915583115437873,1.0,V12.0
1439.3713460023043,2.7169332294851354,3.690515518458938,0.39200489565325414,-0.37169574783415255,2.863577115925191,4,1.2300323524290457,27.97826702263417,0.09764724551249594,1.0,V12.0
1441.8014353515855,2.7211775221200494,3.694759811093852,0.3864654577679232,-0.37159100504459436,2.8671311559362316,4,1.2300323524290457,27.97826702263417,0.0961657178253215,1.0,V12.0
1444.23562741853,2.7254218147549607,3.6990041037287633,0.3810301775723102,-0.3714862622550362,2.87068519594727,4,1.2300323524290457,27.97826702263417,0.09471320681390052,1.0,V12.0
1446.6739291297524,2.7296661073898747,3.7032483963636773,0.37570735302595754,-0.37138151946547804,2.87423923595831,4,1.2300483224576013,28.012968101361796,0.09329168119805055,1.0,V12.0
1449.1163474235616,2.7339104000247887,3.7074926889985913,0.37050489164099915,-0.37127677667591996,2.8777932759693505,4,1.2309390414925714,27.97826702263417,0.09190300455730165,1.0,V12.0
1451.5628892499801,2.7381546926597027,3.7117369816335053,0.3654305994717074,-0.3711720338863617,2.88134731598039,4,1.2267847860165957,28.71315683955048,0.09054900749166309,1.0,V12.0
1454.0135615707645,2.7423989852946162,3.715981274268419,0.36049201014213067,-0.37106729109680353,2.8849013559914307,4,1.2162930733818047,30.1018698916997,0.0892314454746137,1.0,V12.0
1456.4683713594245,2.7466432779295302,3.720225566903333,0.3556964113477682,-0.3709625483072454,2.8884553960024717,4,1.1925922116744987,33.49233951564274,0.0879520058003096,1.0,V12.0
1458.9273256012436,2.750887570564442,3.7244698595382446,0.3510510484321227,-0.3708578055176873,2.8920094360135096,4,1.14437918796423,30.731308477152226,0.08671235822597405,1.0,V12.0
1461.3904312932984,2.755131863199356,3.7287141521731586,0.3465628996061794,-0.3707530627281291,2.89556347602455,4,1.143075108482613,30.732894801867985,0.08551409959932572,1.0,V12.0
1463.8576954444782,2.7593761558342695,3.732958444808072,0.3422386858238556,-0.37064831993857095,2.89911751603559,4,1.1484344710635257,30.732894801867985,0.08435875667417066,1.0,V12.0
1466.3291250755062,2.7636204484691835,3.737202737442986,0.3380849712883944,-0.3705435771490128,2.9026715560466307,4,1.150459201563259,30.506213116615047,0.08324781122470397,1.0,V12.0
1468.804727218958,2.7678647411040975,3.7414470300779,0.334113973371357,-0.3704388343594546,2.9062255960576713,4,1.1493688295141062,30.787457718548907,0.08218412938286096,1.0,V12.0
1471.2845089192829,2.77138823249379,3.7449705214675926,0.33026693085819614,-0.3704203747841689,2.909112377511216,4,1.148511354844425,30.734481126583745,0.08116750047318255,1.0,V12.0
1473.7684772328228,2.773205691571111,3.7467879805449136,0.32647325636795654,-0.37060613509964996,2.911408599518336,4,1.147921151769022,30.734481126583745,0.08019933218216183,1.0,V12.0
1476.256639227833,2.7750231506484333,3.748605439622236,0.32287878823915517,-0.3707918954151312,2.9137820445927085,4,1.1470439289176075,30.787457718548907,0.07928094193491901,1.0,V12.0
1478.7490019845022,2.776840609725756,3.7504228986995587,0.3194889334499911,-0.37097765573061237,2.9161554896670814,4,1.1510537851034928,30.787457718548907,0.07841359017712854,1.0,V12.0
1481.2455725949726,2.778658068803078,3.7522403577768806,0.31630898799823126,-0.3711634160460936,2.9185289347414534,5,1.1594359344912004,30.506213116615047,0.07759850788021794,1.0,V12.0
1483.74635816336,2.7804755278804008,3.7540578168542034,0.3133442167623492,-0.3713491763615748,2.920902379815826,5,1.1922132517482915,27.252318196047135,0.07683691619025033,1.0,V12.0
1486.2513658057737,2.782292986957723,3.7558752759315257,0.3105988329024422,-0.37153493667705595,2.923275824890198,6,2.390411080902043,28.00467428208495,0.07612977629439445,1.0,V12.0
1488.760602650338,2.7841104460350445,3.757692735008847,0.30807783297751096,-0.37172069699253707,2.9256492699645693,6,1.7832453828596364,27.74657970168424,0.07547823959847985,1.0,V12.0
1491.2740758372106,2.7859279051123673,3.75951019408617,0.30578624348954214,-0.37190645730801836,2.9280227150389417,6,1.334897788501416,26.88592908439258,0.074883462791177,1.0,V12.0
1493.791792518605,2.787745364189689,3.761327653163492,0.3037286781400359,-0.3720922176234995,2.9303961601133137,6,1.333531817647215,26.88530940198119,0.07434649945779982,1.0,V12.0
1496.3137598588087,2.7895628232670115,3.763145112240814,0.30190994369700624,-0.3722779779389807,2.9327696051876866,6,1.3337458724884605,26.79730931316047,0.07386844854731009,1.0,V12.0
1498.8399850342053,2.791380282344334,3.7649625713181365,0.30033449527678163,-0.3724637382544619,2.9351430502620586,6,1.3337606738437917,26.79730931316047,0.0734503210542808,1.0,V12.0
1501.3704752332942,2.7931977414216567,3.7667800303954593,0.2990066529043588,-0.3726494985699431,2.9375164953364314,6,1.332986257469585,26.783706778648735,0.07309309315312208,1.0,V12.0
1503.9052376567108,2.795015200498978,3.7685974894727807,0.2979306591471448,-0.3728352588854242,2.939889940410803,6,1.333614258080785,26.84130935757083,0.07279772035788531,1.0,V12.0
1506.444279517248,2.7968326595763005,3.770414948550103,0.2971107044430442,-0.3730210192009054,2.942263385485175,6,1.164210732345061,28.053929626309326,0.07256514375414942,1.0,V12.0
1508.9876080398753,2.7986501186536232,3.772232407627426,0.2965507728960885,-0.37320677951638664,2.9446368305595474,6,1.1645499028605582,28.01703738440873,0.0723962523854747,1.0,V12.0
1511.5352304617609,2.800467577730945,3.7740498667047477,0.2962549194835588,-0.3733925398318679,2.94701027563392,6,1.1647475346985277,28.029400486732516,0.07229195101272357,1.0,V12.0
1514.0871540322903,2.802285036808268,3.7758673257820705,0.2962269964499742,-0.373578300147349,2.949383720708292,6,1.164043259812592,28.053929626309326,0.07225309334364222,1.0,V12.0
1516.6433860130896,2.8041024958855902,3.777684784859393,0.2964708390359409,-0.3737640604628302,2.951757165782665,6,1.163739349361057,28.07845876588614,0.07228052742724989,1.0,V12.0
1519.2039336780435,2.8059199549629117,3.7795022439367143,0.29699019131089466,-0.37394982077831135,2.9541306108570358,6,1.1545134309273462,28.344459987053952,0.07237507759216709,1.0,V12.0
1521.768804313318,2.8077374140402336,3.781319703014036,0.2977886708452423,-0.3741355810937926,2.9565040559314086,5,1.1500096143913208,28.635664991070705,0.07253753589370457,1.0,V12.0
1524.33800521738,2.8095548731175564,3.783137162091359,0.29886979504235966,-0.37432134140927376,2.9588775010057806,5,1.3287080376600264,26.81026991387405,0.07276866859657202,1.0,V12.0
1526.9115437010182,2.811372332194879,3.7849546211686818,0.3002370244611006,-0.37450710172475493,2.961250946080153,5,1.3291216856881742,26.79730931316047,0.07306922677539356,1.0,V12.0
1529.4894270873644,2.813189791272201,3.7867720802460036,0.3018936525418762,-0.37469286204023616,2.9636243911545255,5,1.3288091566819877,26.80378961351726,0.07343991952258942,1.0,V12.0
1532.0716627119139,2.815007250349524,3.7885895393233264,0.3038430295484123,-0.3748786223557174,2.9659978362288983,5,1.3288091566819877,26.80378961351726,0.07388146849408021,1.0,V12.0
1534.6582579225467,2.8168247094268453,3.790406998400648,0.30608817673223865,-0.37506438267119846,2.9683712813032694,5,1.3273632882562025,26.79730931316047,0.07439451410449138,1.0,V12.0
1537.2492200795477,2.8186421685041676,3.79222445747797,0.3086322391561414,-0.3752501429866797,2.970744726377642,5,1.330349940867744,26.860608224012708,0.0749797257163322,1.0,V12.0
1539.844556555629,2.82045962758149,3.7940419165552925,0.31147792311870154,-0.37543590330216087,2.973118171452014,5,1.327848746150812,26.80378961351726,0.07563766496324223,1.0,V12.0
1542.4442747359492,2.8222770866588123,3.795859375632615,0.31462796655368036,-0.3756216636176421,2.9754916165263867,5,1.327848746150812,26.80378961351726,0.07636890016654013,1.0,V12.0
1545.048382018136,2.824094545736135,3.7976768347099377,0.31808013713141364,-0.3758074239331233,2.9778650616007587,5,1.3283360685080687,26.81026991387405,0.07717279275685315,1.0,V12.0
1547.6568858123055,2.8259120048134574,3.79949429378726,0.3218408054454133,-0.37599318424860445,2.9802385066751316,5,1.3284094036130225,26.81026991387405,0.07805079161701332,1.0,V12.0
1550.2697935410856,2.827729463890779,3.8013117528645815,0.325912134628809,-0.37617894456408557,2.9826119517495027,5,1.3280395333392994,26.80378961351726,0.07900332315946876,1.0,V12.0
1552.8871126396348,2.8295469229681007,3.8031292119419033,0.33029600564554445,-0.3763647048795668,2.984985396823875,5,1.3273922624172019,26.79730931316047,0.08003074467593681,1.0,V12.0
1555.5088505556648,2.8313643820454235,3.804946671019226,0.33499407526013053,-0.376550465195048,2.987358841898247,5,1.3256905859189447,26.770104244137,0.08113335852942308,1.0,V12.0
1558.135014749461,2.8331818411227463,3.806764130096549,0.34000512771453295,-0.3767362255105292,2.9897322869726195,5,1.3276371958949233,26.82308847995914,0.08231077115085368,1.0,V12.0
1560.7656126939046,2.834999300200068,3.808581589173871,0.3453325811148132,-0.3769219858260104,2.9921057320469924,5,1.3274634949668496,26.80378961351726,0.08356371096772326,1.0,V12.0
1563.4006518744925,2.8368167592773905,3.810399048251193,0.3509845852102323,-0.3771077461414916,2.9944791771213644,5,1.3256569056431338,26.676890605289465,0.08489404958819231,1.0,V12.0
1566.0401397893597,2.8386342183547124,3.812216507328515,0.3569566368317423,-0.3772935064569727,2.996852622195736,5,1.3232299382816064,26.61583733925386,0.08630059626350671,1.0,V12.0
1568.6840839493002,2.8404516774320347,3.8140339664058374,0.36324845642995335,-0.3774792667724539,2.9992260672701083,5,1.3179566219679346,26.536228301179165,0.08778318302331718,1.0,V12.0
1571.332491877789,2.842269136509357,3.8158514254831597,0.3698600898457391,-0.37766502708793515,3.0015995123444803,5,1.3182107509048044,26.537598499938536,0.0893417207920338,1.0,V12.0
1573.985371111002,2.8440865955866794,3.817668884560482,0.37679102113674623,-0.3778507874034163,3.0039729574188527,5,1.3180872711757545,26.572454071048043,0.09097598500816934,1.0,V12.0
1576.6427291978393,2.8459040546640018,3.8194863436378044,0.3840440800138273,-0.3780365477188975,3.0063464024932256,5,1.316792291066438,26.564114925291832,0.09268655895603453,1.0,V12.0
1579.3045736999452,2.847721513741324,3.8213038027151267,0.39161355398056596,-0.37822230803437873,3.0087198475675976,5,1.3177574360277449,26.66040821232169,0.09447196419432259,1.0,V12.0
1581.9709121917306,2.849538972818646,3.8231212617924486,0.3994996684921659,-0.3784080683498598,3.011093292641969,5,1.319220635839131,26.770104244137,0.09633215670360915,1.0,V12.0
1584.6417522603945,2.8513564318959683,3.824938720869771,0.4076997888213627,-0.378593828665341,3.013466737716341,5,1.3190280158719347,26.783706778648735,0.0982664031621827,1.0,V12.0
1587.3171015059447,2.8519622473014223,3.825544536275225,0.4160912004358849,-0.3789121545805902,3.0146049212420984,5,1.3192994817884391,26.783706778648735,0.10027431290108098,1.0,V12.0
1589.996967541221,2.8503869827260297,3.8239692716998324,0.4245646338861692,-0.379469111854642,3.0135195102430385,5,1.318689843802419,26.770104244137,0.1023551922764144,1.0,V12.0
1592.6813579919149,2.8488117181506376,3.82239400712444,0.43333146479719337,-0.38002606912869386,3.0124340992439795,5,1.319172960732185,26.783706778648735,0.10450841268659183,1.0,V12.0
1595.370280496593,2.8472364535752455,3.820818742549048,0.44238678495429606,-0.3805830264027456,3.01134868824492,5,1.3189839124597071,26.81026991387405,0.10673287242779676,1.0,V12.0
1598.0637427067184,2.8456611889998538,3.8192434779736564,0.4517262970533239,-0.38113998367679713,3.010263277245861,5,1.3190852277775897,26.80378961351726,0.10902761556868072,1.0,V12.0
1600.761752286671,2.844085924424462,3.8176682133982647,0.4613449850014463,-0.381696940950849,3.009177866246802,5,1.317123243624223,26.81026991387405,0.11139151117239418,1.0,V12.0
1603.4643169137719,2.8425106598490695,3.816092948822872,0.47123777147592927,-0.38225389822490075,3.008092455247742,5,1.3171817300853084,26.81026991387405,0.11382341179128588,1.0,V12.0
1606.1714442783027,2.8409353952736773,3.81451768424748,0.4813991510217911,-0.3828108554989526,3.007007044248683,5,1.3176789586695272,26.82308847995914,0.11632206477965602,1.0,V12.0
1608.883142083529,2.839360130698285,3.812942419672088,0.4918228414314069,-0.3833678127730044,3.0059216332496237,5,1.3174184405051237,26.83590704604423,0.11888602782309661,1.0,V12.0
1611.5994180457217,2.8377848661228935,3.811367155096696,0.5025020412439308,-0.3839247700470562,3.0048362222505647,5,1.316447108186595,26.88530940198119,0.12151373084507995,1.0,V12.0
1614.3202798941807,2.8362096015475005,3.809791890521303,0.5134297053062736,-0.3844817273211084,3.0037508112515043,5,1.316447108186595,26.88530940198119,0.12420354242435482,1.0,V12.0
1617.0457353712504,2.8346343369721088,3.8082166259459114,0.5245984031439903,-0.3850386845951599,3.0026654002524458,5,1.316447108186595,26.88530940198119,0.12695373540352378,1.0,V12.0
1619.7757922323515,2.8330590723967166,3.8066413613705192,0.5360003119913197,-0.38559564186921175,3.0015799892533863,5,1.3167535687160026,26.88592908439258,0.12976248501910712,1.0,V12.0
1622.5104582459967,2.831483807821325,3.8050660967951275,0.5476270003225774,-0.38615259914326355,3.000494578254327,5,1.3167535687160026,26.88592908439258,0.13262781628960063,1.0,V12.0
1625.2497411938139,2.8299085432459323,3.803490832219735,0.5594704656328753,-0.3867095564173153,2.999409167255268,5,1.3172895377463405,26.88592908439258,0.13554785516112816,1.0,V12.0
1627.9936488705687,2.82833327867054,3.801915567644343,0.5715208430380536,-0.38726651369136716,2.998323756256208,5,1.3177823105194812,26.895277409153923,0.1385202733304039,1.0,V12.0
1630.7421890841872,2.826758014095148,3.8003403030689507,0.5837665238407284,-0.38782347096541897,2.997238345257149,5,1.3126826081039749,26.82308847995914,0.1415423161252292,1.0,V12.0
1633.495369655777,2.8251827495197563,3.798765038493559,0.5961993992925718,-0.3883804282394705,2.99615293425809,5,1.3102816890143976,26.79730931316047,0.14461207359885933,1.0,V12.0
1636.2531984196505,2.8236074849443646,3.7971897739181673,0.6088091866498588,-0.38893738551352236,2.9950675232590305,5,1.3102816890143976,26.79730931316047,0.14772710536594327,1.0,V12.0
1639.0156832233465,2.8220322203689725,3.795614509342775,0.6215859132790547,-0.3894943427875742,2.9939821122599715,5,1.3101894219422752,26.783706778648735,0.1508850425852681,1.0,V12.0
1641.7828319276525,2.82045695579358,3.7940392447673825,0.6345188402350702,-0.39005130006162597,2.992896701260912,5,1.3101107022800922,26.79730931316047,0.154083326703818,1.0,V12.0
1644.554652406628,2.8188816912181878,3.7924639801919904,0.6475965419439087,-0.3906082573356778,2.991811290261852,5,1.309704787199269,26.783706778648735,0.15731922845091692,1.0,V12.0
1647.331152547626,2.817306426642797,3.7908887156165996,0.6608075380142024,-0.3911652146097293,2.9907258792627935,5,1.308250181721333,26.6615958171837,0.16059000105482485,1.0,V12.0
1650.1123402513158,2.8157311620674044,3.789313451041207,0.6741399668442484,-0.39172217188378117,2.9896404682637345,5,1.3081254882401112,26.79730931316047,0.16389280085855734,1.0,V12.0
1652.898223431705,2.8141558974920127,3.7877381864658153,0.6875816992941332,-0.392279129157833,2.988555057264675,5,1.3078795322070669,26.770104244137,0.16722471478015596,1.0,V12.0
1655.6888100161627,2.81258063291662,3.7861629218904227,0.7011204252816688,-0.3928360864318848,2.987469646265616,5,1.3059974106089451,26.80378961351726,0.1705827812484624,1.0,V12.0
1658.484107945442,2.811005368341228,3.7845876573150306,0.7147433816396124,-0.3933930437059366,2.9863842352665566,5,1.3045334021481267,26.783706778648735,0.17396392387236667,1.0,V12.0
1661.2841251737018,2.809430103765836,3.7830123927396384,0.7284376973164839,-0.39395000097998845,2.985298824267497,5,1.2946112841201305,26.572454071048043,0.177365035272484,1.0,V12.0
1664.0888696685306,2.8078548391904437,3.7814371281642463,0.7421908250743616,-0.39450695825404025,2.9842134132684377,6,1.2942959966529097,26.692185393395235,0.18078308217479258,1.0,V12.0
1666.8983494109682,2.8062795746150524,3.779861863588855,0.7559896182338867,-0.3950639155280917,2.9831280022693787,6,1.2724150362534512,26.40777351811157,0.18421488057978563,1.0,V12.0
1669.712572395529,2.8047043100396603,3.778286599013463,0.7698190805853499,-0.3956208728021436,2.9820425912703192,6,1.338367215319436,26.395609510144823,0.18765679074216446,1.0,V12.0
1672.531546630224,2.803129045464268,3.7767113344380707,0.7836676791220328,-0.3961778300761954,2.98095718027126,6,1.955026446241368,27.078502946689106,0.19110601186412887,1.0,V12.0
1675.355280136585,2.8015537808888755,3.775136069862678,0.7975220394281451,-0.39673478735024725,2.9798717692722008,6,1.954257822064103,27.07145725307328,0.19455928962207839,1.0,V12.0
1678.183780949686,2.799978516313484,3.7735608052872864,0.8113687524215826,-0.39729174462429906,2.9787863582731413,6,1.9504727173031355,27.07145725307328,0.19801335622776728,1.0,V12.0
1681.0170571181663,2.798403251738092,3.7719855407118947,0.8251943810960961,-0.3978487018983506,2.9777009472740827,6,1.9505972985396995,27.054652262539765,0.2014649320484625,1.0,V12.0
1683.8551167042547,2.7968279871627,3.7704102761365026,0.8389854859502102,-0.39840565917240245,2.9766155362750233,6,1.950229728796358,27.07145725307328,0.2049107317948241,1.0,V12.0
1686.6979677837903,2.795252722587308,3.7688350115611104,0.8527286667628513,-0.3989626164464542,2.975530125275964,6,1.9495233435753678,27.054652262539765,0.20834747471707227,1.0,V12.0
1689.5456184462475,2.7936774580119157,3.7672597469857183,0.8664162788154492,-0.399519573720506,2.9744447142769044,6,1.950352506492328,26.992038371091866,0.21177328179790228,1.0,V12.0
1692.3980767947578,2.7921021934365235,3.765684482410326,0.8800288459320518,-0.40007653099455787,2.9733593032778454,6,1.950673441994901,27.054652262539765,0.21518337811414565,1.0,V12.0
1695.2553509461331,2.7905269288611314,3.764109217834934,0.8935533771592682,-0.40063348826860967,2.972273892278786,6,1.9498139948832112,26.992038371091866,0.21857456775121484,1.0,V12.0
1698.117449030889,2.78895166428574,3.7625339532595428,0.9069770317822409,-0.4011904455426612,2.971188481279727,6,1.9498139948832112,26.992038371091866,0.22194368663112873,1.0,V12.0
1700.9843791932683,2.7873763997103476,3.76095868868415,0.9202871513980784,-0.40174740281671306,2.970103070280668,6,1.949955408742046,26.956391853954145,0.22528761042552062,1.0,V12.0
1703.8561495912627,2.785801135134956,3.7593834241087585,0.9334690116460219,-0.4023043600907648,2.969017659281608,6,1.949955408742046,26.956391853954145,0.22860270404031696,1.0,V12.0
1706.7327683966382,2.7842258705595637,3.7578081595333663,0.9465116668334472,-0.4028613173648167,2.967932248282549,6,1.949955408742046,26.956391853954145,0.23188625250729508,1.0,V12.0
1709.614243794956,2.782650605984171,3.7562328949579737,0.9594046267662759,-0.4034182746388685,2.9668468372834895,4,1.2718859651601426,38.91101960785133,0.23513564830136588,1.0,V12.0
1712.5005839855985,2.7800974798092843,3.753679768783087,0.9719030817446435,-0.4039972315949815,2.964728050002446,4,1.2438931524644539,38.47255764644987,0.2383479738420614,1.0,V12.0
1715.3917971817893,2.776178612172427,3.7497609011462294,0.9838927489742932,-0.4046069146558486,2.9611659860502946,4,1.221320772548938,38.74662428960979,0.24152041572275304,1.0,V12.0
1718.28789161062,2.772259744535572,3.7458420335093745,0.9956839786004374,-0.40521659771671537,2.9576039220981456,4,1.2171306319611872,38.47255764644987,0.24465020889820727,1.0,V12.0
1721.1888755130706,2.7683408768987143,3.741923165872517,1.0072664598348489,-0.4058262807775825,2.9540418581459944,4,1.2171306319611872,38.47255764644987,0.24773469413651877,1.0,V12.0
1724.0947571440354,2.7644220092618568,3.7380042982356594,1.0186302505398708,-0.40643596383844965,2.950479794193843,4,1.2156928203345558,38.07325143996634,0.2507712926998087,1.0,V12.0
1727.0055447723453,2.760503141624999,3.734085430598802,1.0297659820423675,-0.4070456468993167,2.946917730241692,4,1.2380462580161427,36.93390502636106,0.25375755720366583,1.0,V12.0
1729.9212466807905,2.7565842739881417,3.7301665629619443,1.0406646377206443,-0.40765532996018383,2.943355666289541,5,1.5088685798414587,25.816110276622815,0.2566911176380815,1.0,V12.0
1732.8418711661466,2.752665406351284,3.7262476953250867,1.051317811496737,-0.4082650130210509,2.9397936023373896,5,1.683025173679802,27.996997623867593,0.25956974556336765,1.0,V12.0
1735.767426539195,2.7487465387144288,3.7223288276882314,1.0617174133383513,-0.40887469608191773,2.93623153838524,5,1.6954485795570775,27.377499298589058,0.2623912820138949,1.0,V12.0
1738.6979211247494,2.744827671077571,3.718409960051374,1.0718560680209916,-0.40948437914278485,2.9326694744330895,5,1.6972038926869357,27.441629359190344,0.2651537364798732,1.0,V12.0
1741.6333632616777,2.7409088034407136,3.7144910924145162,1.081726727715459,-0.41009406220365197,2.929107410480938,5,1.6956886705486591,27.441629359190344,0.2678551917943101,1.0,V12.0
1744.5737613029264,2.736989935803856,3.7105722247776587,1.0913229666559412,-0.410703745264519,2.9255453465287866,5,1.7138808528091525,27.35408883676655,0.2704938775252554,1.0,V12.0
1747.5191236155442,2.733071068166999,3.7066533571408016,1.1006395988959934,-0.41131342832538614,2.921983282576636,5,1.7016269904231562,27.2822395691094,0.2730683239541881,1.0,V12.0
1750.4694585807065,2.729152200530141,3.7027344895039436,1.109674895452957,-0.4119231113862533,2.9184212186244842,5,1.7320287672480872,27.116445524178403,0.2755779141474555,1.0,V12.0
1753.4247745937375,2.7252333328932856,3.6988156218670882,1.118421506133525,-0.41253279444712004,2.914859154672335,5,1.73236723105084,27.138356635953038,0.2780206314297274,1.0,V12.0
1756.3850800641362,2.721314465256428,3.6948967542302307,1.1268740564965727,-0.41314247750798716,2.9112970907201836,5,1.7433238588006674,27.091836646841422,0.28039494287714406,1.0,V12.0
1759.3503834155988,2.717395597619571,3.6909778865933736,1.1350292089584575,-0.4137521605688543,2.907735026768033,5,1.7720477724080996,26.98531552571489,0.282699816897576,1.0,V12.0
1762.3206930860435,2.7134767299827134,3.687059018956516,1.142884257663075,-0.41436184362972145,2.9041729628158817,5,1.7849256410437753,27.0496234099422,0.2849343753643953,1.0,V12.0
1765.2960175276344,2.709557862345856,3.6831401513196584,1.1504370261084198,-0.41497152669058857,2.902169151909207,5,1.7891681789334366,26.921007641487577,0.28709786881904914,1.0,V12.0
1768.2763652068045,2.705638994709,3.6792212836828027,1.1576860024640345,-0.4155812097514553,2.9013223789784095,5,1.8138364965705533,26.752073927019495,0.2891897109031154,1.0,V12.0
1771.2617446042818,2.701720127072143,3.6753024160459455,1.1646295752020268,-0.41619089281232235,2.900475606047612,5,1.8230708868850636,26.541169747026217,0.2912092880311008,1.0,V12.0
1774.2521642151116,2.6978012594352854,3.671383548409088,1.1712679320386798,-0.4168005758731896,2.8996288331168145,5,1.8283848366963582,26.4406930364771,0.29315643454265655,1.0,V12.0
1777.2476325486816,2.693882391798428,3.6674646807722304,1.1775949624051663,-0.41741025893405664,2.898782060186017,5,1.841835961865552,26.43967206756584,0.2950294061824931,1.0,V12.0
1780.248158128746,2.6899635241615703,3.663545813135373,1.183617660043791,-0.41801994199492376,2.897935287255219,5,1.857759283188241,26.43967206756584,0.2968297381608514,1.0,V12.0
1783.2537494934493,2.6860446565247127,3.6596269454985153,1.189337568438795,-0.4186296250557909,2.897088514324422,5,1.854759673659691,26.43967206756584,0.2985576035590037,1.0,V12.0
1786.2644151953511,2.6821257888878556,3.655708077861658,1.1947568349296573,-0.41923930811665794,2.8962417413936237,5,1.86219968216013,26.41084161894589,0.30021332787409755,1.0,V12.0
1789.2801638014505,2.6782069212510002,3.651789210224803,1.1998782024226262,-0.41984899117752483,2.895394968462827,5,1.86219968216013,26.41084161894589,0.30179738768558356,1.0,V12.0
1792.3010038932102,2.6742880536141427,3.6478703425879453,1.2047049993428491,-0.4204586742383919,2.894548195532029,5,1.858949121162112,26.425256843255866,0.30331040887078203,1.0,V12.0
1795.3269440665806,2.670369185977285,3.6439514749510877,1.2092411270025663,-0.42106835729925896,2.8937014226012314,5,1.8608260916518367,26.43967206756584,0.30475316415867,1.0,V12.0
1798.357992932025,2.6664503183404276,3.64003260731423,1.2134910458761272,-0.4216780403601261,2.8925432843214023,5,1.8608260916518367,26.43967206756584,0.3061265703933851,1.0,V12.0
1801.3941591145435,2.66253145070357,3.6361137396773726,1.2174597599948238,-0.42228772342099324,2.8895215236639777,5,1.902257058724675,26.43967206756584,0.3074316853066975,1.0,V12.0
1804.4354512536984,2.658612583066713,3.6321948720405155,1.2211527996435056,-0.4228974064818603,2.886499763006553,5,1.902257058724675,26.43967206756584,0.30866970384204384,1.0,V12.0
1807.4818780036371,2.654693715429857,3.6282760044036597,1.2245762008680106,-0.42350708954272714,2.88347800234913,5,1.9338609171059848,26.44018255202147,0.3098419536497639,1.0,V12.0
1810.5334480331185,2.6507748477929995,3.624357136766802,1.2277364901403605,-0.4241167726035942,2.8804562416917046,5,1.9164923957070699,26.4406930364771,0.3109498918618229,1.0,V12.0
1813.5901700255372,2.646855980156142,3.6204382691299446,1.2306406546128643,-0.4247264556644614,2.87743448103428,5,1.9164923957070699,26.4406930364771,0.3119950981937708,1.0,V12.0
1816.652052678947,2.642937112519285,3.6165194014930875,1.2332961244231762,-0.4253361387253285,2.874412720376855,5,1.8746297614730993,26.72015177066342,0.3129792710637671,1.0,V12.0
1819.7191047060878,2.6390182448824273,3.61260053385623,1.235710746990867,-0.4259458217861956,2.87139095971943,5,1.8801861726674263,26.634095036739886,0.3139042216540516,1.0,V12.0
1822.7913348344084,2.6350993772455698,3.6086816662193724,1.2378927575874505,-0.42655550484706267,2.8683691990620055,5,1.8711816938701737,26.752073927019495,0.3147718669893206,1.0,V12.0
1825.8687518060922,2.6311805096087144,3.604762798582517,1.2398507489039212,-0.42675522159884693,2.865347438404582,5,1.8787471128668312,26.54803830281635,0.3155842227185104,1.0,V12.0
1828.9513643780822,2.627261641971857,3.6008439309456595,1.2415936465267676,-0.4267341337993182,2.862325677747157,5,1.9002170062075034,26.45783827300803,0.3163433973587485,1.0,V12.0
1832.039181322106,2.6233427743349993,3.596925063308802,1.243130678336371,-0.4267130459997894,2.8593039170897327,5,1.8746637681964096,26.544604024921284,0.31705158495473185,1.0,V12.0
1835.1322114247,2.619423906698142,3.593006195671945,1.2444713409178778,-0.42669195820026057,2.8562821564323078,5,1.8720847907336067,26.541169747026217,0.31771105693133284,1.0,V12.0
1838.2304634872353,2.615505039061284,3.589087328035087,1.2456253692008414,-0.42667087040073187,2.8532603957748828,5,1.8720847907336067,26.541169747026217,0.318324154722372,1.0,V12.0
1841.333946325942,2.611586171424427,3.5851684603982297,1.2466027017014938,-0.42664978260120306,2.8502386351174582,5,1.8718460197371152,26.508076628282588,0.31889328123016175,1.0,V12.0
1844.4426687719347,2.6076673037875713,3.581249592761374,1.2474134439740592,-0.42662869480167426,2.8472168744600346,5,1.8618789027884421,26.44018255202147,0.31942089177502536,1.0,V12.0
1847.556639671238,2.6031079205396033,3.576690209513406,1.2478629306195355,-0.4264715457968723,2.843749718144752,5,1.8584705980440275,26.44018255202147,0.3199094864199558,1.0,V12.0
1850.6758678848107,2.597847277172289,3.5714295661460915,1.2479411725629854,-0.42616543196530676,2.8397949262328215,5,1.8200147739945347,26.41084161894589,0.3203616004975887,1.0,V12.0
1853.800362288572,2.5925866338049732,3.566168922778776,1.247882705988741,-0.4258593181337413,2.8358401343208905,5,1.8427919474178052,25.581173382026265,0.32077979517096755,1.0,V12.0
1856.9301317734255,2.587325990437659,3.5609082794114615,1.2476980811652492,-0.42555320430217586,2.8318853424089605,5,1.8481099175964901,25.47401967170626,0.32116664836299563,1.0,V12.0
1860.0651852452863,2.5820653470703463,3.555647636044149,1.2473978274405981,-0.4252470904706105,2.827930550497032,5,1.8354101288308842,25.48474124172272,0.32152474658650726,1.0,V12.0
1863.205531625105,2.576804703703031,3.5503869926768337,1.246992412417752,-0.424940976639045,2.8239757585851013,5,1.8193412912595275,25.508331258200478,0.3218566744654532,1.0,V12.0
1866.3511798488933,2.5715440603357163,3.545126349309519,1.2464921503997664,-0.4246348628074795,2.820020966673171,5,1.8266856301935785,25.4632981016898,0.3221649910590568,1.0,V12.0
1869.5021388677492,2.566283416968401,3.5398657059422036,1.245907333997893,-0.424328748975914,2.8160661747612403,4,1.7937737955551134,25.48474124172272,0.3224522637491693,1.0,V12.0
1872.6584176478837,2.561022773601086,3.534605062574889,1.245240558242523,-0.42402263514434857,2.81211138284931,4,1.6914822779446823,25.581173382026265,0.32271907899796265,1.0,V12.0
1875.8200251706446,2.555762130233771,3.5293444192075736,1.2445117859868935,-0.42371652131278303,2.8081565909373793,4,1.6474429195560198,25.680976790720493,0.32297053369551415,1.0,V12.0
1878.9869704325438,2.550501486866456,3.524083775840259,1.2437341524861634,-0.42341040748121755,2.8042017990254484,4,1.6118998461226937,25.735989908445703,0.32320997831124665,1.0,V12.0
1882.159262445281,2.545240843499144,3.5188231324729466,1.242910692587796,-0.42310429364965224,2.8002470071135206,4,1.6118998461226937,25.735989908445703,0.3234381532686369,1.0,V12.0
1885.336910235771,2.539980200131829,3.5135624891056314,1.242050453526809,-0.4227981798180868,2.7962922152015897,4,1.6134609187603814,25.805514112139534,0.3236573697778023,1.0,V12.0
1888.5199228461688,2.534719556764514,3.5083018457383166,1.241162138622824,-0.4224920659865213,2.793648789213297,4,1.6134609187603814,25.805514112139534,0.3238698619978404,1.0,V12.0
1891.7083093338945,2.5294589133971987,3.5030412023710014,1.2402540790940084,-0.4233454448502791,2.7915271673789377,4,1.6118586868891827,25.98974986143177,0.32407777914225494,1.0,V12.0
1894.9020787716609,2.5241982700298835,3.497780559003686,1.2393342020203024,-0.42445112776537913,2.789405545544578,4,1.6166997415505053,25.805514112139534,0.3242831765116027,1.0,V12.0
1898.1012402474973,2.5189376266625714,3.492519915636374,1.2384099969842266,-0.4255568106804787,2.78728392371022,4,1.6082225375817145,26.173985610724003,0.32448800610547796,1.0,V12.0
1901.305802864777,2.5136769832952566,3.487259272269059,1.237488513482862,-0.4266624935955788,2.7851623018758613,4,1.6104930647581193,26.173985610724003,0.32469411523053565,1.0,V12.0
1904.5157757422423,2.5084163399279413,3.481998628901744,1.236576308097935,-0.42776817651067883,2.783040680041502,4,1.6091910798654396,25.98974986143177,0.3249032318962024,1.0,V12.0
1907.7311680140303,2.5031556965606265,3.476737985534429,1.235679430809497,-0.428873859425779,2.780919058207143,4,1.6091910798654396,25.98974986143177,0.32511696038809246,1.0,V12.0
1910.9519888296998,2.4978950531933117,3.4714773421671143,1.2348034032222874,-0.42997954234087904,2.7787974363727836,4,1.609822060771129,26.173985610724003,0.325336774673825,1.0,V12.0
1914.1782473542562,2.492634409825996,3.4662166987997987,1.2339531986133077,-0.43108522525597914,2.776675814538424,4,1.609822060771129,26.173985610724003,0.3255640122344314,1.0,V12.0
1917.4099527681792,2.4873737664586812,3.460956055432484,1.233133263627071,-0.43219090817107925,2.774554192704065,4,1.607507611711041,26.173985610724003,0.32579987884784145,1.0,V12.0
1920.6471142674466,2.482113123091369,3.4556954120651717,1.2323473834684047,-0.43329659108617885,2.772432570869707,4,1.6074145336151364,26.173985610724003,0.32604541200604975,1.0,V12.0
1923.8897410635625,2.4768524797240543,3.450434768697857,1.23159878121085,-0.4344022740012789,2.770310949035348,4,1.6028790387041925,26.226596455923087,0.3263015060532699,1.0,V12.0
1927.137842383583,2.471591836356739,3.4451741253305417,1.2308900766506503,-0.43550795691637906,2.768189327200989,4,1.6149041665246693,25.805514112139534,0.32656890027047397,1.0,V12.0
1930.3914274701415,2.4663311929894243,3.439913481963227,1.2302232738877865,-0.4366136398314791,2.76606770536663,4,1.6153250421588408,25.735989908445703,0.3268481744922709,1.0,V12.0
1933.6505055814762,2.461070549622109,3.4346528385959116,1.229599750788821,-0.4377193227465792,2.7639460835322702,4,1.6350248201968802,25.68548110188776,0.32713974518763844,1.0,V12.0
1936.9150859914562,2.4558099062547942,3.429392195228597,1.2290202548219549,-0.4388250056616793,2.761824461697911,4,1.6382030667593108,25.669143250140877,0.32744386320542446,1.0,V12.0
1940.185177989607,2.450549262887482,3.4241315518612847,1.2284849016264598,-0.4399306885767788,2.7597028398635532,4,1.649322560523523,25.51696086075907,0.3277606122303944,1.0,V12.0
1943.4607908811379,2.445288619520167,3.4188709084939695,1.2279931709184768,-0.4410363714918789,2.757581218029194,4,1.3573202572931546,28.048006089641028,0.328089906514603,1.0,V12.0
1946.7419339869684,2.4400279761528516,3.413610265126654,1.2275439122549434,-0.442142054406979,2.755459596194835,3,1.146544863419323,29.081716244186282,0.3284314912271631,1.0,V12.0
1950.0286166437545,2.434767332785537,3.4083496217593394,1.2271353447213948,-0.44267874608463875,2.753337974360476,3,1.1418382727162366,29.13738185658296,0.3287849411790067,1.0,V12.0
1953.3208482039147,2.4295066894182216,3.403088978392024,1.2267650649895838,-0.4430491938315591,2.7512163525261166,3,1.1421304362230154,29.393768737008145,0.32914966178252497,1.0,V12.0
1956.618638035658,2.4242460460509063,3.397828335024709,1.2264300570995268,-0.44341964157847946,2.7490947306917572,3,1.1437727177859747,29.393768737008145,0.3295248904826772,1.0,V12.0
1959.921995523009,2.418985402683594,3.392567691657397,1.2261267006803531,-0.44379008932539965,2.746973108857399,3,1.1387825806030867,30.605408224032224,0.3299096977801876,1.0,V12.0
1963.2309300658358,2.4137247593162794,3.387307048290082,1.2258507806638017,-0.44416053707232,2.7448514870230403,3,1.1365485480838808,30.605408224032224,0.33030298866563634,1.0,V12.0
1966.545451079876,2.4084641159489646,3.382046404922767,1.225597512549135,-0.44453098481924036,2.7427298651886813,5,1.9224301036078095,23.413491982609955,0.3307035082620074,1.0,V12.0
1969.8655679967642,2.4032034725816493,3.376785761555452,1.225361544388885,-0.44490143256616066,2.740608243354322,5,1.9273096591855163,23.41962224549452,0.3311098412250078,1.0,V12.0
1973.191290264058,2.3979428292143345,3.371525118188137,1.2251369923740618,-0.44527188031308107,2.738486621519962,5,1.9228316919353328,23.395876230117565,0.331520420230232,1.0,V12.0
1976.5226273452652,2.392682185847022,3.3662644748208246,1.224917440000059,-0.4456423280600012,2.7363649996856045,5,1.924382552205051,23.37245192253473,0.3319335246638575,1.0,V12.0
1979.8595887198715,2.387421542479707,3.36100383145351,1.2246959772663337,-0.44601277580692156,2.734243377851245,5,1.9303493612183822,23.028326424199943,0.332347290166142,1.0,V12.0
1983.2021838833662,2.382160899112392,3.3557431880861945,1.2244652195549286,-0.44638322355384197,2.7321217560168862,5,2.017251328557756,24.974393585156307,0.33275971273431837,1.0,V12.0
1986.55042234727,2.376900255745077,3.3504825447188797,1.224217334062169,-0.4467536713007623,2.730000134182527,5,2.0283497215489783,25.28562837520853,0.3331686549163188,1.0,V12.0
1989.9043136391617,2.371639612377762,3.3452219013515645,1.2239440459097357,-0.4471241190476827,2.727878512348168,5,2.030768155353242,25.355966125242517,0.3335718465196284,1.0,V12.0
1993.263867302706,2.3660351373297255,3.339617426303528,1.2235219246592834,-0.4472492702773348,2.724801046455253,5,1.8366402352838014,25.31553416873392,0.3339669150235269,1.0,V12.0
1996.62909289768,2.3601347846948033,3.333717073668606,1.2229575618933541,-0.4471633364160221,2.7209010477669473,5,1.8355472209687087,25.288348649427643,0.3343513530831954,1.0,V12.0
2000.0000000000002,2.354234432059877,3.3278167210336798,1.2223403318166535,-0.44707740255470935,2.717001049078641,5,1.8355472209687087,25.288348649427643,0.3347225563954109,1.0,V12.0
2003.3765982017503,2.348334079424952,3.3219163683987545,1.2216606238466758,-0.4469914686933967,2.713101050390334,5,1.8347892586400183,25.288348649427643,0.33507782470825914,1.0,V12.0
2006.7588971112086,2.342433726790026,3.3160160157638288,1.2209085548302117,-0.44690553483208395,2.709201051702027,5,1.8344161735576046,25.31553416873392,0.3354143653796109,1.0,V12.0
2010.1469063528746,2.336533374155101,3.3101156631289035,1.2200740230674798,-0.4468196009707713,2.7053010530137196,5,1.8336011371763672,25.288348649427643,0.3357293074929826,1.0,V12.0
2013.5406355674968,2.330633021520175,3.3042153104939778,1.219146739457371,-0.44673366710945855,2.701401054325413,5,1.8354200846371023,25.31553416873392,0.33601970980528206,1.0,V12.0
2016.940094412101,2.3247326688852494,3.298314957859052,1.2181163055289679,-0.4466477332481459,2.697501055637106,5,1.8361201047444373,25.288348649427643,0.3362825817160181,1.0,V12.0
2020.3452925600157,2.3188323162503273,3.29241460522413,1.2169721159263145,-0.44656179938683316,2.693601056948801,5,1.833387946801998,25.31553416873392,0.33651485589992414,1.0,V12.0
2023.756239700902,2.3129319636154015,3.286514252589204,1.215703522561005,-0.4464758655255205,2.6897010582604945,5,1.8316098234856262,25.288348649427643,0.3367134331453798,1.0,V12.0
2027.1729455407792,2.3070316109804763,3.280613899954279,1.2142998395753357,-0.44638993166420776,2.6858010595721873,5,1.8314955363418743,25.355966125242517,0.33687518347033046,1.0,V12.0
2030.595419802054,2.30113125834555,3.2747135473193527,1.2127503674792155,-0.4463039978028951,2.68190106088388,5,1.8274955039619318,25.34271968804019,0.3369969525771579,1.0,V12.0
2034.023672223547,2.295230905710625,3.2688131946844274,1.211044441359363,-0.44621806394158237,2.6780010621955737,5,1.8274955039619318,25.34271968804019,0.3370755750713036,1.0,V12.0
2037.4577125605206,2.289330553075702,3.262912842049505,1.2091714616375966,-0.44613213008026964,2.6741010635072686,5,1.8364494962018114,25.424624921391977,0.3371078829451776,1.0,V12.0
2040.8975505847075,2.283430200440777,3.2570124894145795,1.2071209245892929,-0.44604619621895697,2.6702010648189614,5,1.8284907989040569,24.85426996397717,0.33709071407896685,1.0,V12.0
2044.3431960843377,2.277529847805851,3.251112136779654,1.2048824862434846,-0.4459602623576443,2.6663010661306545,5,1.8291210312300223,24.78719885157629,0.33702093016288853,1.0,V12.0
2047.794658864167,2.2716294951709255,3.245211784144728,1.2024459710775164,-0.4458743284963315,2.6624010674423477,5,1.826463707951735,24.722795928084004,0.33689541933002254,1.0,V12.0
2051.2519487455043,2.265729142536,3.239311431509803,1.199801417239362,-0.4457883946350189,2.658501068754041,5,1.8272503711732284,24.722795928084004,0.33671110906638857,1.0,V12.0
2054.7150755662396,2.259828789901074,3.2334110788748767,1.196939112676202,-0.4457024607737061,2.6546010700657336,5,1.8262090492015215,24.78552847963917,0.33646497669320885,1.0,V12.0
2058.1840491808725,2.2539284372661488,3.2275107262399514,1.1938496237444232,-0.44561652691239345,2.6507010713774273,5,1.8282966323431566,24.722795928084004,0.3361540578366431,1.0,V12.0
2061.65887946054,2.248028084631226,3.2216103736050288,1.190523831606336,-0.4455305930510808,2.6468010726891222,5,1.8282717319014044,24.78552847963917,0.33577545717825896,1.0,V12.0
2065.1395762930442,2.2421277319963004,3.215710020970103,1.1869529731918511,-0.445444659189768,2.642901074000815,5,1.8292689239291944,24.722795928084004,0.3353263606026714,1.0,V12.0
2068.626149582881,2.2362273793613747,3.2098096683351773,1.1831286757210469,-0.44535872532845533,2.639001075312508,5,1.8292672747924643,24.78636366560773,0.3348040456447249,1.0,V12.0
2072.118609251269,2.2303270267264494,3.203909315700252,1.179042970393329,-0.4452727914671426,2.6351010766242013,5,1.8314710139233656,24.89777887490856,0.3342058861361773,1.0,V12.0
2075.616965236174,2.224426674091524,3.198008963065327,1.1746883292648715,-0.44518685760582993,2.6312010779358945,5,1.8307557988772665,24.946536031943296,0.33352936348293943,1.0,V12.0
2079.121227492343,2.2185263214566016,3.192108610430404,1.1700576967162604,-0.4451009237445173,2.6273010792475895,5,1.8373234878596458,25.013065886105217,0.3327720765172794,1.0,V12.0
2082.631405991329,2.212625968821676,3.1862082577954784,1.1651445152533562,-0.44501498988320454,2.6234010805592827,5,1.8408747926424092,25.75076883551371,0.3319317498350139,1.0,V12.0
2086.1475107215183,2.20672561618675,3.1803079051605527,1.1599427470160242,-0.4449290560218918,2.619501081870976,5,1.8399015971028159,25.705229921459186,0.3310062409921019,1.0,V12.0
2089.6695516881623,2.200825263551825,3.1744075525256275,1.1544468949405147,-0.44484312216057914,2.6156010831826686,5,1.8338082765846342,25.545659913373633,0.32999354767506517,1.0,V12.0
2093.1975389134036,2.194924910916899,3.1685071998907017,1.148652038455075,-0.4447571882992664,2.611701084494362,5,1.840093729051739,25.74310660566674,0.3288918191053691,1.0,V12.0
2096.7314824363048,2.1890245582819734,3.162606847255776,1.142553817046645,-0.4446712544379537,2.607801085806055,5,1.8558122689959302,26.062826309442077,0.3276993526083477,1.0,V12.0
2100.2713923128786,2.183124205647051,3.1567064946208534,1.1361485395430622,-0.444585320576641,2.60390108711775,5,1.8580275186612072,26.062826309442077,0.3264146262652038,1.0,V12.0
2103.817278616114,2.1772238530121255,3.150806141985928,1.1294331049851611,-0.44449938671532835,2.600001088429443,5,1.8596512836239394,26.062826309442077,0.3250362776756789,1.0,V12.0
2107.369151436007,2.1713235003772,3.1449057893510024,1.1223994549542922,-0.4444134528540156,2.596101089741136,5,1.8622299089807566,26.11651484308038,0.3235615060505068,1.0,V12.0
2110.9270208795883,2.165423147742274,3.1390054367160767,1.1150520235963173,-0.44432751899270284,2.5922010910528295,5,1.8677988518051107,26.242130448263268,0.3219910989622645,1.0,V12.0
2114.490897070952,2.1595227951073483,3.133105084081151,1.1073896060002932,-0.44424158513139017,2.5883010923645218,5,1.8695383036022741,26.242130448263268,0.3203242182031151,1.0,V12.0
2118.060790151286,2.153622442472423,3.1272047314462257,1.0994116623051504,-0.44415565127007745,2.5844010936762154,5,1.869717878038065,26.18563935642763,0.318560212534666,1.0,V12.0
2121.6367102788968,2.1477220898375005,3.121304378811303,1.0911183486186542,-0.44406971740876483,2.580501094987911,5,1.869104184583237,26.12914826459199,0.3166986282632477,1.0,V12.0
2125.218667629244,2.1418217372025747,3.1154040261763774,1.0825105175973333,-0.44398378354745205,2.5766010962996035,5,1.8703807017484906,26.26202917679545,0.31473921110299075,1.0,V12.0
2128.8066723949655,2.1359213845676495,3.109503673541452,1.0735897117480697,-0.44389784968613943,2.5727010976112967,5,1.8680717385616505,26.28192790532763,0.31268190593830303,1.0,V12.0
2132.400734785907,2.1300210319327237,3.1036033209065264,1.064358161635289,-0.44381191582482665,2.56880109892299,5,1.868192475987305,26.26202917679545,0.310526858015106,1.0,V12.0
2136.000865029151,2.124120679297798,3.0977029682716006,1.0548188142073216,-0.443725981963514,2.5649011002346827,5,1.868192475987305,26.26202917679545,0.3082744229468259,1.0,V12.0
2139.6070733690485,2.1182203266628727,3.0918026156366754,1.0449752825483256,-0.44364004810220126,2.561001101546376,5,1.8676881961249066,26.28192790532763,0.3059251538207743,1.0,V12.0
2143.2193700672433,2.11231997402795,3.0859022630017527,1.0348318726910246,-0.44355411424088864,2.5571011028580712,5,1.8676881961249066,26.28192790532763,0.30347981076989144,1.0,V12.0
2146.837765402706,2.1064196213930244,3.080001910366827,1.0243935613902424,-0.44346818037957586,2.553201104169764,5,1.8729597666615723,26.295756778296408,0.30093935623763635,1.0,V12.0
2150.4622696717597,2.100467290333395,3.074049579307198,1.0136504900485135,-0.4431095726501628,2.5498663314473675,5,1.8801153743944081,26.57256191529811,0.2983049565423511,1.0,V12.0
2154.0928931881126,2.0944799588126375,3.06806224778644,1.002619936140924,-0.44256735583341167,2.5467272357015873,5,1.879232126640181,26.57256191529811,0.2955796101130377,1.0,V12.0
2157.729646282883,2.0884926272918802,3.062074916265683,0.991313238556426,-0.4420251390166604,2.543588139955807,5,1.8895027821061572,26.73343892311681,0.29276307250272626,1.0,V12.0
2161.3725393046343,2.0825052957711225,3.056087584744925,0.979738052828025,-0.4414829221999093,2.540449044210027,5,1.884811925630575,26.57256191529811,0.2898571240157627,1.0,V12.0
2165.0215826193985,2.0765179642503653,3.050100253224168,0.9679026161073083,-0.44094070538315816,2.537309948464247,5,1.8849430006789136,26.644264490297736,0.2868637299712938,1.0,V12.0
2168.6767866107098,2.070530632729611,3.0441129217034137,0.9558157956610253,-0.44039848856640723,2.5341708527184683,5,1.8867884535305512,26.715967065297367,0.2837850567465388,1.0,V12.0
2172.3381616796332,2.0645433012088534,3.038125590182656,0.9434899830368076,-0.4398562717496561,2.531031756972688,5,1.885121516704967,26.73343892311681,0.28062433438521595,1.0,V12.0
2176.0057182447936,2.0585559696880957,3.0321382586618983,0.9309325964264417,-0.43931405493290493,2.5278926612269075,5,1.8853608244754532,26.843516183514936,0.2773833341053595,1.0,V12.0
2179.679466742405,2.0525686381673385,3.026150927141141,0.9181521182855755,-0.4387718381161538,2.5247535654811277,5,1.8868258731649596,26.879507134773505,0.2740641574648584,1.0,V12.0
2183.3594176263023,2.0465813066465808,3.0201635956203834,0.905158948874821,-0.43822962129940257,2.521614469735348,5,1.8852150093397326,26.9108424227379,0.27066949455286354,1.0,V12.0
2187.0455813679678,2.0405939751258266,3.0141762640996292,0.8919675657340368,-0.4376874044826517,2.518475373989569,5,1.8881673770508263,27.012206893241117,0.26720327617310496,1.0,V12.0
2190.7379684565644,2.034606643605069,3.0081889325788715,0.8785894598625338,-0.4371451876659005,2.515336278243789,5,1.8871985854727893,26.9108424227379,0.2636685651072048,1.0,V12.0
2194.4365893989625,2.0286193120843117,3.0022016010581143,0.8650370148789843,-0.4366029708491494,2.5121971824980087,5,1.8859759206744096,26.895174778755703,0.2600687145507325,1.0,V12.0
2198.141454719772,2.0226319805635544,2.996214269537357,0.8513226745611164,-0.4360607540323982,2.509058086752229,5,1.8907556833969177,26.961524657989507,0.2564071200057061,1.0,V12.0
2201.852574961372,2.0166446490427967,2.9902269380165993,0.8374594913221071,-0.43551853721564704,2.5059189910064483,5,1.8801923284740558,26.86474472300577,0.25268738515500083,1.0,V12.0
2205.5699606839385,2.010657317522039,2.9842396064958416,0.8234608685225413,-0.4349763203988959,2.502779895260668,5,2.3528812040415015,37.0255004269913,0.24891324585305383,1.0,V12.0
2209.293622465478,2.004669986001285,2.9782522749750875,0.809340239481879,-0.434434103582145,2.4996407995148897,5,2.3488259632315005,37.76303259186707,0.24508847412071563,1.0,V12.0
2213.0235709018557,1.9986826544805272,2.97226494345433,0.7951108467677385,-0.4338918867653938,2.49650170376911,5,2.3468539532885506,38.40495667208204,0.24121681151558602,1.0,V12.0
2216.7598166068246,1.99269532295977,2.9662776119335725,0.780784292492837,-0.4333496699486427,2.4933626080233293,5,2.351358378104348,38.121387205965476,0.23730152825075224,1.0,V12.0
2220.502370212058,1.9867079914390122,2.960290280412815,0.766377109986486,-0.4328074531318915,2.490223512277549,5,2.3245876116074777,38.40634251729986,0.23334741984881785,1.0,V12.0
2224.251242367178,1.9807206599182547,2.9543029488920576,0.7519035629779872,-0.4322652363151403,2.4870844165317694,5,2.2887764335249265,39.51890694149046,0.22935862455314257,1.0,V12.0
2228.0064437397864,1.9747333283975004,2.948315617371303,0.7373778796782697,-0.43172301949838937,2.4839453207859905,5,1.991705613141242,30.97226887907717,0.22533930003982755,1.0,V12.0
2231.7679850154964,1.968745996876743,2.9423282858505457,0.7228144741785828,-0.4311808026816383,2.4808062250402103,5,2.0319694345640475,23.79155168479666,0.22129369137826913,1.0,V12.0
2235.53587689796,1.9627586653559854,2.936340954329788,0.70822771631832,-0.43063858586488707,2.47766712929443,4,1.245003781369312,24.409196248170733,0.21722606124797372,1.0,V12.0
2239.3101301089005,1.956771333835228,2.930353622809031,0.6936319111817931,-0.430096369048136,2.47452803354865,4,1.2432684598725612,24.41068815405029,0.21314068380027848,1.0,V12.0
2243.090755388144,1.9507840023144705,2.924366291288273,0.6790413364160881,-0.42955415223138477,2.4713889378028697,4,1.2423966512885756,24.433089716706625,0.20904185625232144,1.0,V12.0
2246.877763493647,1.9447966707937132,2.918378959767516,0.6644702404742964,-0.4290119354146336,2.4682498420570895,4,1.2423966512885756,24.433089716706625,0.20493389855818986,1.0,V12.0
2250.671165201529,1.9388093392729555,2.912391628246758,0.6499326467712139,-0.42846971859788247,2.4651107463113093,4,1.24225910556424,24.41218005992985,0.20082109310578874,1.0,V12.0
2254.4709713061047,1.9328220077522014,2.906404296726004,0.6354424692965848,-0.4279275017811316,2.4619716505655314,4,1.24225910556424,24.41218005992985,0.1967077201579699,1.0,V12.0
2258.27719261991,1.9268346762314437,2.9004169652052463,0.6210134089176215,-0.4273852849643804,2.4588325548197507,4,1.2422913696595141,24.41218005992985,0.19259802567257975,1.0,V12.0
2262.0898399737366,1.9208473447106862,2.894429633684489,0.6066588723694332,-0.4268430681476293,2.4556934590739705,4,1.2425226073070443,24.41218005992985,0.18849619581271754,1.0,V12.0
2265.908924216663,1.9148600131899287,2.8884423021637313,0.5923921058826901,-0.42630085133087803,2.4525543633281908,4,1.2422986323793836,24.41218005992985,0.18440639798661207,1.0,V12.0
2269.7344562160824,1.9088726816691712,2.882454970642974,0.5782259013090025,-0.4257586345141268,2.4494152675824106,4,1.2424992338184153,24.41218005992985,0.18033268902114039,1.0,V12.0
2273.5664468577374,1.9028853501484138,2.8764676391222164,0.5641729846099901,-0.4252164176973757,2.44627617183663,4,1.2435471938887483,24.232156325185898,0.17627913551313562,1.0,V12.0
2277.404907045747,1.8968980186276565,2.870480307601459,0.5502455152007145,-0.4246742008806246,2.44313707609085,4,1.2429618194779781,24.320676286678314,0.1722496571946843,1.0,V12.0
2281.2498477026406,1.890910687106902,2.8644929760807045,0.5364555066523028,-0.42413198406387365,2.4399979803450713,4,1.2420966905560187,24.232156325185898,0.1682481574988746,1.0,V12.0
2285.101279769389,1.8849233555861442,2.858505644559947,0.5228143841447409,-0.4235897672471225,2.4368588845992916,4,1.2414947980868423,24.232156325185898,0.16427838434959222,1.0,V12.0
2288.9592142054316,1.878936024065387,2.8525183130391896,0.5093333041153445,-0.42304755043037134,2.4337197888535114,4,1.2415012327229027,24.519156504290358,0.16034402932498154,1.0,V12.0
2292.8236619887143,1.8729486925446295,2.8465309815184323,0.49602744863538306,-0.4225053336136202,2.430580693107731,4,1.2389214076714232,24.957699279080643,0.15645008159798873,1.0,V12.0
2296.694634115715,1.866961361023872,2.8405436499976746,0.4829028925543839,-0.42196311679686904,2.427441597361951,4,1.2393188826966155,25.048018396853383,0.15259869019187314,1.0,V12.0
2300.572141601477,1.8609740295031176,2.8345563184769205,0.46996936099998876,-0.42142089998011817,2.4243025016161726,4,1.239443656248626,25.046967712221935,0.14879317610950876,1.0,V12.0
2304.4561954796413,1.8549866979823602,2.8285689869561628,0.45723607825624585,-0.42087868316336696,2.421163405870392,4,1.239443656248626,25.046967712221935,0.1450367267136026,1.0,V12.0
2308.3468068024754,1.8489993664616027,2.8225816554354055,0.4447119469771429,-0.4203364663466158,2.4180243101246117,4,1.240412982880656,24.957699279080643,0.14133245141049913,1.0,V12.0
2312.243986640908,1.8430120349408452,2.816594323914648,0.4324051659446141,-0.4197942495298646,2.4148852143788315,4,1.240533594839746,24.955855479278007,0.13768325919641244,1.0,V12.0
2316.14774608456,1.8370247034200846,2.8106069923938874,0.4203235320517441,-0.4192520327131131,2.4117461186330496,4,1.2389483663479652,25.045917027590487,0.1340919530823518,1.0,V12.0
2320.0580962417685,1.8313607364129634,2.804943025386766,0.40851645172962603,-0.4185156483934301,2.4086979133065034,4,1.2388605554565881,24.957699279080643,0.13056116278203625,1.0,V12.0
2323.975048239631,1.8258650531092238,2.7994473420830266,0.39696760497696615,-0.41767821641671865,2.405697008706245,4,1.24014556485861,24.95401167947537,0.12709339926158592,1.0,V12.0
2327.8986132240307,1.8203693698054786,2.793951658779281,0.38566072801167206,-0.4168407844400063,2.402696104105984,4,1.2390752893838926,25.001808153335567,0.1236910169096135,1.0,V12.0
2331.8288023596647,1.814873686501739,2.7884559754755416,0.3746016688412904,-0.41600335246329484,2.399695199505725,4,1.2421494314291037,24.907551937818056,0.1203562409733416,1.0,V12.0
2335.7656268300834,1.8093780031979962,2.782960292171799,0.36379554295112143,-0.41516592048658285,2.396694294905465,4,1.2269701660423087,24.58431363509732,0.11709107667510887,1.0,V12.0
2339.7090978377155,1.8038823198942542,2.777464608868057,0.3532470053015953,-0.414328488509871,2.3936933903052053,4,1.2260683914950707,24.519156504290358,0.11389739496306392,1.0,V12.0
2343.6592266039042,1.7983866365905117,2.7719689255643143,0.3429603342665899,-0.41349105653315915,2.3906924857049456,4,1.2143687355711505,24.64737738930957,0.1107769584316684,1.0,V12.0
2347.616024368937,1.7928909532867694,2.766473242260572,0.33293926830828446,-0.41265362455644716,2.3876915811046855,4,1.2149012907276886,24.433089716706625,0.10773136751008286,1.0,V12.0
2351.579502392079,1.7873952699830298,2.7609775589568324,0.32318689073918216,-0.41181619257973573,2.384690676504427,4,1.222612839409825,23.91075093251741,0.10476202166298194,1.0,V12.0
2355.5496719516036,1.7818995866792875,2.75548187565309,0.3137019387896906,-0.4109787606030238,2.381689771904168,4,1.2228193516376793,23.91460513140739,0.10186891903509526,1.0,V12.0
2359.526544344826,1.776403903375545,2.749986192349348,0.30449040041323555,-0.4101413286263119,2.3786888673039073,4,1.2264152162239996,23.67702171145224,0.0990544165059333,1.0,V12.0
2363.5101308881344,1.770908220071803,2.7444905090456055,0.2955537768391859,-0.40930389664960004,2.3756879627036476,4,1.2285514299976035,23.511249960054265,0.09631942563999037,1.0,V12.0
2367.500442917022,1.7654125367680602,2.738994825741863,0.2868932960659473,-0.40846646467288805,2.372687058103388,4,1.2308782226927917,23.40324997187124,0.09366477533967449,1.0,V12.0
2371.49749178612,1.7599168534643206,2.733499142438123,0.2785095247861233,-0.4076290326961766,2.369686153503129,4,1.2303038544973166,23.40324997187124,0.0910910841761933,1.0,V12.0
2375.5012888692304,1.7544211701605783,2.728003459134381,0.27040281420843854,-0.40679160071946474,2.3666852489028694,4,1.2306773712959065,23.430917044609583,0.08859890457174713,1.0,V12.0
2379.5118455593556,1.748925486856836,2.7225077758306386,0.2625731264556492,-0.40595416874275286,2.3636843443026097,4,1.2301351528044098,23.471083502331922,0.086188665218636,1.0,V12.0
2383.529173268735,1.7434298035530937,2.7170120925268963,0.25502001103170985,-0.4051167367660409,2.36068343970235,4,1.2307544328358606,23.41708350824041,0.08386066222271188,1.0,V12.0
2387.5532834288742,1.737934120249351,2.7115164092231536,0.2477426082873359,-0.404279304789329,2.3576825351020894,4,1.2311279224582137,23.402519843424795,0.0816150590448371,1.0,V12.0
2391.5841874905786,1.7324384369456087,2.7060207259194113,0.24073977834437482,-0.4034418728126171,2.3546816305018297,4,1.231115135129078,23.402519843424795,0.07945192784717778,1.0,V12.0
2395.621896923986,1.7269427536418693,2.700525042615672,0.23400991887866043,-0.4026044408359056,2.3516807259015717,4,1.231115135129078,23.402519843424795,0.07737118841689715,1.0,V12.0
2399.6664232185994,1.7214470703381268,2.6950293593119294,0.22755119092856094,-0.40176700885919375,2.3486798213013116,4,1.2310317632830934,23.40162163245715,0.07537268157473033,1.0,V12.0
2403.7177778833193,1.7159513870343843,2.689533676008187,0.221361396422476,-0.4009295768824818,2.345678916701052,4,1.2307163318012733,23.40178971497835,0.07345612781390476,1.0,V12.0
2407.775972446477,1.7104557037306418,2.6840379927044444,0.2154380569604282,-0.4000921449057699,2.3426780121007913,4,1.230265620902694,23.402519843424795,0.07162115239143398,1.0,V12.0
2411.841018455867,1.7049600204268995,2.678542309400702,0.20977845348241372,-0.399254712929058,2.339677107500532,4,1.234365041224816,23.29519328349342,0.06986729766819276,1.0,V12.0
2415.9129274787797,1.6994643371231573,2.67304662609696,0.20437962042084257,-0.3984172809523461,2.336676202900272,4,1.236406007106722,22.919095657668592,0.06819402039776302,1.0,V12.0
2419.9917111020345,1.6939686538194176,2.6675509427932202,0.19923833352884882,-0.39757984897563464,2.3336752983000135,4,1.2374449013135589,22.957530763689753,0.066600686871388,1.0,V12.0
2424.0773809320135,1.6884729705156754,2.662055259489478,0.19435120381314067,-0.39674241699892276,2.330674393699754,4,1.2392312607165663,22.87746116093861,0.06508660354284256,1.0,V12.0
2428.1699485946924,1.6829772872119328,2.6565595761857357,0.18971454142307861,-0.39590498502221083,2.3276734890994937,4,1.2392492989621464,22.8982784093036,0.06365097081031151,1.0,V12.0
2432.269425735677,1.6774816039081906,2.6510638928819934,0.18532463096378346,-0.39506755304549895,2.324672584499234,4,1.239495222641745,22.87746116093861,0.062292974577536804,1.0,V12.0
2436.3758240202324,1.671985920604448,2.6455682095782507,0.18117742496938943,-0.3942301210687871,2.321671679898974,4,1.2402394583439766,22.867495751305107,0.06101168289649971,1.0,V12.0
2440.4891551333194,1.6664902373007056,2.6400725262745084,0.177268981504232,-0.39339268909207514,2.318670775298714,4,1.2400084654572165,22.867495751305107,0.05980619251074447,1.0,V12.0
2444.6094307796266,1.660994553996963,2.6345768429707657,0.1735950913164531,-0.3925552571153632,2.3156698706984544,4,1.241689728028185,22.79644508766833,0.05867550309899923,1.0,V12.0
2448.7366626836024,1.6554988706932239,2.6290811596670265,0.17015451797128464,-0.3917178251386517,2.3126689660981956,4,1.2414631443083934,22.867495751305107,0.05761961358191916,1.0,V12.0
2452.870862589491,1.6500031873894814,2.623585476363284,0.16693962229821735,-0.3908803931619399,2.309668061497936,4,1.2433764862798187,22.82698771466997,0.05663635066408859,1.0,V12.0
2457.0120422613636,1.6445075040857389,2.6180897930595415,0.16394595505156942,-0.39004296118522797,2.3066671568976758,4,1.245034400266241,22.695832290071245,0.05572460905492387,1.0,V12.0
2461.1602134831523,1.6390118207819966,2.612594109755799,0.1611690634062081,-0.38920552920851603,2.303666252297416,4,1.2449202907167745,22.677481657001834,0.054883273970904124,1.0,V12.0
2465.3153880586856,1.6335161374782543,2.607098426452057,0.15860445189613656,-0.3883680972318041,2.300665347697156,4,1.2458455194756217,22.677481657001834,0.05411120771996306,1.0,V12.0
2469.4775778117187,1.6280204541745118,2.6016027431483146,0.15624759422163212,-0.3875306652550922,2.297664443096896,4,1.247262840822686,22.38796034185458,0.053407253522139486,1.0,V12.0
2473.6467945859695,1.6225247708707722,2.596107059844575,0.1540939456542351,-0.3866932332783808,2.294663538496638,4,1.2457977024712135,22.552704215407225,0.052770239578108086,1.0,V12.0
2477.823050245151,1.6170290875670297,2.5906113765408323,0.15213480622342818,-0.38585580130166885,2.2916626338963777,4,1.2497985197334713,22.260783821561706,0.05219755958400387,1.0,V12.0
2482.0063566730078,1.6115334042632874,2.58511569323709,0.15037023190667437,-0.3850183693249569,2.2886617292961184,4,1.25925456893821,22.82698771466997,0.051689597388552215,1.0,V12.0
2486.196725773345,1.6060377209595451,2.5796200099333477,0.1487956603269211,-0.38418093734824504,2.2856608246958583,4,1.2586161403201235,22.746138688869788,0.05124514918760748,1.0,V12.0
2490.3941694700666,1.6005420376558026,2.5741243266296054,0.1474065023236892,-0.3833435053715331,2.282659920095598,4,1.260074345257662,22.79644508766833,0.050862992804240205,1.0,V12.0
2494.5986997072073,1.5950463543520632,2.568628643325866,0.1461982388496293,-0.3825060733948217,2.27965901549534,4,1.2632454845008494,22.957530763689753,0.0505419210121327,1.0,V12.0
2498.810328448967,1.5895506710483207,2.5631329600221235,0.14516602612741702,-0.3816686414181098,2.27665811089508,4,1.2578031074551916,23.29519328349342,0.050280604917567175,1.0,V12.0
2503.029067679745,1.5817223709454789,2.5553046599192815,0.14418892010257248,-0.38001766435736745,2.27228045758432,4,1.25151022459649,23.59884404611647,0.05007795270992399,1.0,V12.0
2507.254929404173,1.5729771584953571,2.5465594474691597,0.14333424897706454,-0.37804689643646133,2.267361627560674,4,1.091707490214129,27.992504882961995,0.04993277856946057,1.0,V12.0
2511.4879256471504,1.5642319460452352,2.537814235019038,0.14264366686487176,-0.37607612851555516,2.262442797537028,4,1.0918234088640082,27.992504882961995,0.04984405488390792,1.0,V12.0
2515.728068453879,1.5554867335951135,2.5290690225689163,0.14211182130585578,-0.37410536059464905,2.257523967513382,4,1.096091573590242,27.992504882961995,0.04981042470497436,1.0,V12.0
2519.9753698898962,1.5467415211449915,2.520323810118794,0.14173393204463983,-0.3721345926737429,2.2526051374897356,4,1.0967267102989824,28.713254750453306,0.049830715571227466,1.0,V12.0
2524.2298420411084,1.5379963086948742,2.511578597668677,0.1415052956980311,-0.37016382475283777,2.247686307466092,4,1.0969465239353664,28.35287981670765,0.04990376766721781,1.0,V12.0
2528.4914970138284,1.5292510962447525,2.502833385218555,0.14142127252566913,-0.36819305683193165,2.242767477442446,4,1.0963813743673352,27.99123824425869,0.050028429339146946,1.0,V12.0
2532.7603469348073,1.5205058837946304,2.494088172768433,0.14147729686303132,-0.3662222889110255,2.2378486474188,4,1.0963813743673352,27.99123824425869,0.050203560923682694,1.0,V12.0
2537.036403951269,1.5117606713445086,2.4853429603183113,0.1416688569706928,-0.3642515209901193,2.2329298173951537,5,1.1659784452102713,27.297345646791115,0.05042802776178837,1.0,V12.0
2541.3196802309476,1.503015458894387,2.4765977478681895,0.14199152020488778,-0.36228075306921326,2.228010987371508,5,1.1660285720698322,27.430085067514376,0.050700709264472114,1.0,V12.0
2545.610187962118,1.494270246444265,2.467852535418068,0.14244091604763645,-0.3603099851483071,2.2230921573478617,5,1.169924450956053,27.20120923759044,0.05102049305476461,1.0,V12.0
2549.9079393536326,1.4855250339941477,2.4591073229679505,0.14301272404086846,-0.358339217227402,2.218173327324218,5,1.1654458689845892,27.430085067514376,0.05138627076131946,1.0,V12.0
2554.2129466349575,1.4767798215440258,2.4503621105178284,0.1437026735683705,-0.35636844930649586,2.2132544973005728,5,1.1700518915254798,27.297345646791115,0.051796938002949613,1.0,V12.0
2558.5252220562047,1.468034609093904,2.4416168980677067,0.1445065707890425,-0.3543976813855897,2.208335667276926,5,1.171601361411857,27.297345646791115,0.05225140419037466,1.0,V12.0
2562.844777888168,1.4592893966437823,2.432871685617585,0.14542023893175018,-0.3524269134646836,2.20341683725328,5,1.1763331387041682,27.20120923759044,0.05274857108800613,1.0,V12.0
2567.171626422359,1.4505441841936604,2.424126473167463,0.14643952851333167,-0.35045614554377746,2.198498007229634,5,1.1869228183494493,25.999791404732008,0.0532873364104771,1.0,V12.0
2571.5057799710403,1.4417989717435384,2.415381260717341,0.14756044720864778,-0.3484853776228713,2.1935791772059883,5,1.1869228183494493,25.999791404732008,0.053866641166796916,1.0,V12.0
2575.8472508672603,1.4330537592934212,2.4066360482672238,0.14877888474222076,-0.3465146097019662,2.1886603471823443,5,1.1868896790141954,25.98069687436201,0.05448536960425157,1.0,V12.0
2580.1960514648913,1.4243085468432994,2.397890835817102,0.1500908295266922,-0.34454384178106007,2.183741517158698,5,1.1868363955359817,25.961602343992013,0.05514242788815366,1.0,V12.0
2584.5521941386605,1.4155633343931775,2.3891456233669803,0.1514922702045068,-0.3425730738601539,2.1788226871350522,5,1.187629683415608,25.98069687436201,0.05583670816551998,1.0,V12.0
2588.9156912841895,1.4068181219430556,2.380400410916858,0.15297922967404584,-0.34060230593924773,2.173903857111406,5,1.1872191360424673,25.562594798577244,0.05656710092025287,1.0,V12.0
2593.2865553180263,1.3980729094929338,2.3716551984667364,0.15454774164446075,-0.3386315380183416,2.16898502708776,5,1.191974886104546,24.5051083396515,0.057332486248722905,1.0,V12.0
2597.664798677681,1.3893276970428117,2.3629099860166143,0.1561938478435149,-0.3366607700974355,2.1640661970641144,5,1.204326932579598,23.53498084522873,0.05813173265154743,1.0,V12.0
2602.0504338216633,1.3825541583336685,2.3561364473074713,0.158029855166057,-0.33509974598436754,2.160243669075571,5,1.2067365614474637,23.53498084522873,0.05896369683521313,1.0,V12.0
2606.4434732295163,1.3780280172647303,2.351610306238533,0.16007337663041762,-0.3340057653012976,2.1576707528029204,5,1.2063948104752995,23.46821719758234,0.05982720547722517,1.0,V12.0
2610.8439294018513,1.3735018761957922,2.347084165169595,0.16219021285835292,-0.33291178461822774,2.1550978365302695,5,1.2147837715108873,23.173546114023097,0.060721088283769396,1.0,V12.0
2615.2518148603854,1.3689757351268543,2.342558024100657,0.1643767725757526,-0.33181780393515786,2.1525249202576187,5,1.2136445879353528,23.148509379550916,0.06164415313415225,1.0,V12.0
2619.667142147976,1.3644495940579162,2.338031883031719,0.166629395436358,-0.330723823252088,2.1499520039849678,5,1.2083673342646681,23.173546114023097,0.06259517385268135,1.0,V12.0
2624.0899238286565,1.359923452988978,2.3335057419627807,0.16894437407971616,-0.32962984256901817,2.1473790877123173,5,1.2125254794715772,23.12347264507873,0.06357289821895389,1.0,V12.0
2628.520172487672,1.3553973119200424,2.3289796008938453,0.17131805311628595,-0.32853586188594885,2.1448061714396673,5,1.2364663177161952,22.38796034185458,0.06457608505681899,1.0,V12.0
2632.9579007315147,1.3508711708511043,2.324453459824907,0.17374668409045782,-0.327441881202879,2.142233255167017,5,1.2352532721912468,21.77982544318467,0.06560344956553983,1.0,V12.0
2637.4031211879615,1.3463450297821662,2.319927318755969,0.17622639488935415,-0.3263479005198091,2.139660338894366,5,1.2309844407609332,22.341469331253464,0.0666536513759564,1.0,V12.0
2641.8558465061083,1.341818888713228,2.315401177687031,0.1787533242229247,-0.32525391983673924,2.137087422621715,5,1.237286813855057,21.904489586398896,0.06772534502531025,1.0,V12.0
2646.3160893564063,1.33729274764429,2.310875036618093,0.1813275396785925,-0.3241599391536693,2.1345145063490643,5,1.2372430404065602,21.70233753664125,0.06881866692036814,1.0,V12.0
2650.783862430698,1.3327666065753543,2.306348895549157,0.18394159708400276,-0.32306595847060005,2.131941590076415,5,1.231746940695432,21.904489586398896,0.06993089858667771,1.0,V12.0
2655.259178442254,1.3282404655064162,2.301822754480219,0.18659148260988787,-0.3219719777875302,2.1293686738037643,5,1.221656235030105,22.003428778289162,0.07106060920177765,1.0,V12.0
2659.742050125808,1.3237143244374783,2.297296613411281,0.18927295116587609,-0.32087799710446036,2.126795757531114,5,1.2226601484985256,21.855117435388536,0.07220626983640935,1.0,V12.0
2664.2324902375954,1.3191881833685402,2.292770472342343,0.19198186102824297,-0.3197840164213905,2.124222841258463,5,1.2294544637064493,21.855117435388536,0.07336638048494,1.0,V12.0
2668.7305115553854,1.3146620422996018,2.2882443312734044,0.1947108114389419,-0.31869003573832055,2.1216499249858116,5,1.2294544637064493,21.855117435388536,0.07453818313903549,1.0,V12.0
2673.236126878522,1.3101359012306637,2.2837181902044663,0.19745864807843874,-0.3175960550552507,2.119077008713161,5,1.2339650365033226,21.805745284378176,0.07572129602187988,1.0,V12.0
2677.749349027958,1.3056097601617258,2.2791920491355286,0.20022108861391824,-0.3165020743721808,2.1165040924405103,5,1.2332948840403721,21.754041410509714,0.07691413308764396,1.0,V12.0
2682.270190846291,1.3010836190927901,2.2746659080665927,0.2029938033438283,-0.31540809368911155,2.1139311761678607,5,1.2333037991944598,21.805745284378176,0.0781150790124559,1.0,V12.0
2686.7986651978003,1.296557478023852,2.2701397669976546,0.20577239261380512,-0.3143141130060416,2.11135825989521,5,1.2274365619602385,21.904489586398896,0.07932248023312852,1.0,V12.0
2691.3347849684865,1.292031336954914,2.2656136259287165,0.20855241407868183,-0.3132201323229718,2.1087853436225594,5,1.2280091878928276,22.003428778289162,0.0805346551404871,1.0,V12.0
2695.8785630661023,1.2875051958859758,2.2610874848597784,0.2113293838931806,-0.31212615163990187,2.1062124273499085,5,1.2272783533133311,21.904489586398896,0.0817498942944474,1.0,V12.0
2700.4300124201955,1.2829790548170377,2.2565613437908403,0.21409877695873852,-0.311032170956832,2.103639511077258,5,1.2303225671312819,21.635122131480607,0.08296646027559454,1.0,V12.0
2704.9891459821406,1.2784529137480998,2.2520352027219026,0.21685602350031635,-0.3099381902737622,2.101066594804607,5,1.237804203612336,21.333464784952454,0.08418258611051231,1.0,V12.0
2709.555976725179,1.273926772679164,2.2475090616529667,0.21959652127936768,-0.30884420959069286,2.0984936785319577,5,1.2264271146610248,21.805745284378176,0.08539647976105752,1.0,V12.0
2714.130517644455,1.269400631610226,2.2429829205840286,0.22231570081691168,-0.307750228907623,2.095920762259307,5,1.2353069125925231,21.70233753664125,0.08660634931199311,1.0,V12.0
2718.7127817570513,1.2648744905412879,2.2384567795150905,0.2250089044404097,-0.3066562482245531,2.093347845986656,5,1.2322899786990535,21.56790672631996,0.0878103557697779,1.0,V12.0
2723.3027821020296,1.2603483494723497,2.2339306384461524,0.22767155545064444,-0.30556226754148325,2.090774929714005,5,1.2821192741164358,19.858805916510637,0.08900667878071487,1.0,V12.0
2727.900531740463,1.2558222084034116,2.2294044973772142,0.23029899267955314,-0.3044682868584134,2.088202013441354,5,1.4092054747669407,21.29356626077167,0.0901934520029934,1.0,V12.0
2732.506043755477,1.2512960673344735,2.224878356308276,0.23288658480024632,-0.3033743061753435,2.0856290971687033,5,1.543489284122299,23.360588530641323,0.09136880754582519,1.0,V12.0
2737.119331252285,1.2467699262655378,2.2203522152393407,0.23542973081712945,-0.3022803254922742,2.083056180896054,5,1.5527988898498075,23.26706732233221,0.09253087614829915,1.0,V12.0
2741.740407358226,1.2422437851965997,2.2158260741704026,0.2379238315603322,-0.30118634480920436,2.080483264623403,5,1.550793480258215,23.360588530641323,0.09367777594367198,1.0,V12.0
2746.369285222802,1.2377176441276618,2.2112999331014644,0.2403643320048217,-0.3000923641261345,2.0779103483507524,5,1.530379546694638,23.447784687935027,0.09480762903889982,1.0,V12.0
2751.0059780177144,1.2331915030587237,2.2067737920325263,0.24274672583579662,-0.29899838344306456,2.0753374320781015,5,1.543156372087779,23.173546114023097,0.0959185633541351,1.0,V12.0
2755.6504989369037,1.2286653619897854,2.202247650963588,0.2450665347232055,-0.29790440275999475,2.0727645158054506,5,1.5365912197196254,23.08219364175248,0.09700870447069558,1.0,V12.0
2760.3028611965847,1.2241392209208497,2.1977215098946523,0.2473229491722824,-0.29681042207692543,2.0701915995328015,5,1.5380967441806033,23.08219364175248,0.09807761941443807,1.0,V12.0
2764.963078035286,1.2196130798519118,2.1931953688257146,0.24950495781301016,-0.29571644139385556,2.0676186832601506,5,1.5373069165488715,22.859978564891072,0.0991208191987451,1.0,V12.0
2769.6311627138857,1.2150869387829737,2.1886692277567765,0.25161146316453453,-0.2946224607107857,2.0650457669874998,5,1.5347474743585348,22.637763488029663,0.10013772807694753,1.0,V12.0
2774.307128515651,1.2105607977140356,2.1841430866878384,0.2536383685969778,-0.2935284800277158,2.062472850714849,5,1.553311239602887,22.510806475066417,0.10112657037444861,1.0,V12.0
2778.990988746275,1.2060346566450977,2.1796169456189003,0.25558075460085133,-0.29243449934464594,2.0598999344421984,5,1.558452311988442,22.18354676145615,0.1020852288977035,1.0,V12.0
2783.6827567339155,1.2015085155761593,2.175090804549962,0.25743565280671477,-0.29134051866157606,2.057327018169547,5,1.5359472344400211,21.22355457112372,0.10301235185986338,1.0,V12.0
2788.3824458292306,1.1969823745072237,2.1705646634810263,0.2591992591809921,-0.29024653797850675,2.054754101896898,5,1.491543346068589,21.07975910093741,0.10390624266726388,1.0,V12.0
2793.0900694054203,1.1927800321585256,2.166362321132328,0.2609018279400614,-0.28918713920808714,2.052328507878343,5,1.496058106282321,20.612361849518066,0.10476524676642446,1.0,V12.0
2797.8056408582606,1.1886790724828178,2.1622613614566206,0.2625172037909979,-0.28813856817268446,2.0499490410461476,5,1.4911210267563062,20.54017091115952,0.10558777751842803,1.0,V12.0
2802.5291736061445,1.18457811280711,2.1581604017809126,0.2640314656893987,-0.28708999713728184,2.0475695742139512,5,1.4785036606146391,20.558905364241276,0.10637228969578492,1.0,V12.0
2807.26068109012,1.180477153131402,2.1540594421052046,0.26544180403517853,-0.28604142610187916,2.0451901073817558,5,1.485196243773434,20.503459853724202,0.10711746074824001,1.0,V12.0
2812.0001767739263,1.176376193455694,2.1499584824294966,0.26674484213405897,-0.28499285506647654,2.04281064054956,5,1.4546208610537819,20.599292123911624,0.10782173012933818,1.0,V12.0
2816.747674144034,1.1722752337799884,2.1458575227537913,0.267941275747377,-0.28394428403107447,2.0404311737173653,5,1.4565518882236483,20.588465970617328,0.10848517580074611,1.0,V12.0
2821.5031867096836,1.1681742741042804,2.1417565630780833,0.2690242933573361,-0.2828957129956718,2.03805170688517,5,1.45552484432164,20.577639817323032,0.10910483160910127,1.0,V12.0
2826.266728002922,1.1640733144285726,2.1376556034023753,0.2699915086772415,-0.28184714196026917,2.0356722400529734,5,1.4638517184048863,20.54017091115952,0.1096795093109422,1.0,V12.0
2831.038311578642,1.1599723547528646,2.1335546437266673,0.2708407504468258,-0.28079857092486643,2.033292773220778,5,1.4638517184048863,20.54017091115952,0.1102081002280311,1.0,V12.0
2835.8179510146233,1.1558713950771569,2.1294536840509597,0.2715700716710272,-0.27974999988946386,2.030913306388582,5,1.4649497560141322,20.588465970617328,0.11068957967797118,1.0,V12.0
2840.605659911567,1.151770435401449,2.1253527243752517,0.27217775820045126,-0.27870142885406124,2.028533839556386,5,1.4680544078557696,20.54017091115952,0.11112301118056032,1.0,V12.0
2845.4014518931363,1.147669475725741,2.1212517646995437,0.27266233668539247,-0.2776528578186585,2.02615437272419,4,1.3987033298673595,20.653139617900898,0.11150755045028389,1.0,V12.0
2850.205340605996,1.1435685160500353,2.117150805023838,0.2730225821906957,-0.27660428678325644,2.0237749058919956,4,1.3987033298673595,20.653139617900898,0.11184244929011529,1.0,V12.0
2855.0173397198505,1.1394675563743275,2.1130498453481303,0.2732575243936088,-0.27555571574785376,2.0213954390598,4,1.3987033298673595,20.653139617900898,0.11212705894318287,1.0,V12.0
2859.837462927482,1.1353665966986197,2.1089488856724223,0.27336645415935656,-0.27450714471245113,2.019015972227604,4,1.3963806034456305,20.680847660677287,0.11236083363358719,1.0,V12.0
2864.6657239447914,1.1312656370229117,2.1048479259967143,0.2733489265924564,-0.2734585736770485,2.0166365053954083,4,1.4039618556362143,20.62543157512451,0.1125433326920805,1.0,V12.0
2869.502136510835,1.1271646773472037,2.1007469663210063,0.27320476617213235,-0.27241000264164583,2.014257038563212,4,1.4039618556362143,20.62543157512451,0.11267422356283444,1.0,V12.0
2874.346714387865,1.1230637176714982,2.096646006645301,0.2729340684291965,-0.2713614316062437,2.0118775717310178,4,1.4144181298610188,20.588465970617328,0.11275328341199797,1.0,V12.0
2879.1994713613694,1.1189627579957904,2.092545046969593,0.2725371927619521,-0.27031286057084103,2.009498104898822,4,1.4056422040142198,20.558905364241276,0.11278039708581543,1.0,V12.0
2884.060421240109,1.1148617983200826,2.0884440872938854,0.2720148043540685,-0.26926428953543846,2.007118638066626,5,1.939277243765358,19.937804758990218,0.11275557540166599,1.0,V12.0
2888.929577856158,1.1107608386443748,2.0843431276181774,0.27136782745768967,-0.26821571850003584,2.0047391712344305,5,1.9394695151328514,19.96309547333297,0.11267893682253702,1.0,V12.0
2893.806955064944,1.1066598789686668,2.0802421679424694,0.27059746876526125,-0.26716714746463316,2.0023597044022345,5,1.9397789434577208,19.978093883446974,0.11255071809623513,1.0,V12.0
2898.692566745286,1.1025589192929588,2.0761412082667614,0.26970520209897514,-0.2661185764292305,1.9999802375700386,5,1.9397789434577208,19.978093883446974,0.112371268886856,1.0,V12.0
2903.5864267994357,1.098457959617251,2.072040248591054,0.2686927755152294,-0.2650700053938278,1.997600770737843,5,1.9390419534722252,19.993092293560977,0.11214105570620636,1.0,V12.0
2908.488549153114,1.0943569999415452,2.067939288915348,0.2675622055448033,-0.26402143435842573,1.9952213039056481,5,1.9361691928957683,19.993092293560977,0.11186066050745247,1.0,V12.0
2913.3989477555547,1.0902560402658374,2.06383832923964,0.2663157740164469,-0.2629728633230231,1.9928418370734524,5,1.9473899816443716,20.08407554297355,0.11153078034618864,1.0,V12.0
2918.3176365795407,1.0861550805901297,2.0597373695639325,0.2649560186059152,-0.26192429228762043,1.9904623702412567,5,1.9396343988526557,20.08407554297355,0.11115222440575562,1.0,V12.0
2923.244629621446,1.0820541209144217,2.0556364098882245,0.2634857282156817,-0.2608757212522178,1.9880829034090606,5,1.927336821819768,20.257872842513265,0.11072591302182103,1.0,V12.0
2928.1799409012738,1.0779531612387139,2.0515354502125165,0.2619079326987784,-0.25982715021681513,1.9857034365768649,5,1.9363526429317197,20.365599415348896,0.11025287431595714,1.0,V12.0
2933.1235844626976,1.073852201563008,2.0474344905368107,0.2602259022293556,-0.258778579181413,1.9833239697446703,5,1.938037572964047,20.408315066834156,0.10973424486219861,1.0,V12.0
2938.0755743731015,1.0697512418873,2.0433335308611027,0.25844312850908246,-0.25773000814601044,1.9809445029124744,5,1.9681834121734345,20.08407554297355,0.1091712626876445,1.0,V12.0
2943.035924723619,1.0656502822115925,2.039232571185395,0.25656331849584585,-0.2566814371106077,1.9785650360802787,5,1.9471308495079074,20.117110906325593,0.1085652654990169,1.0,V12.0
2948.0046496291725,1.0615493225358845,2.035131611509687,0.2545903803190963,-0.25563286607520513,1.9761855692480828,5,1.9423815610033646,20.078906703695438,0.10791768557874032,1.0,V12.0
2952.981763228517,1.0574483628601765,2.031030651833979,0.25252841286255995,-0.2545842950398024,1.9738061024158868,5,1.9507010739903188,20.073737864417325,0.10723004618495138,1.0,V12.0
2957.9672796842765,1.0533474031844687,2.0269296921582716,0.2503816921209776,-0.25353572400439983,1.9714266355836911,5,1.9487869138939982,19.937804758990218,0.10650395654160906,1.0,V12.0
2962.9612131829854,1.049246443508761,2.0228287324825636,0.24815466128913344,-0.25248715296899715,1.9690471687514954,5,1.210399836870766,19.810928036530115,0.10574110836644239,1.0,V12.0
2967.9635779351297,1.0451454838330552,2.018727772806858,0.24585191220370997,-0.25143858193359503,1.9666677019193006,5,1.2170929879813528,19.57813588194452,0.1049432686713359,1.0,V12.0
2972.9743881751874,1.0410445241573474,2.01462681313115,0.24347817271194086,-0.2503900108981924,1.964288235087105,5,1.2218596807654136,19.296983869225254,0.10411227502128813,1.0,V12.0
2977.9936581616685,1.0369435644816394,2.010525853455442,0.24103829152901907,-0.24932336705312133,1.961908768254909,5,1.2240496624115316,19.668592969104,0.10325002966769337,1.0,V12.0
2983.0214021771544,1.0328426048059316,2.006424893779734,0.23853718768486987,-0.2482548894740285,1.959529301422713,5,1.2254770551257632,19.57813588194452,0.10235847842465466,1.0,V12.0
2988.057634528341,1.0287416451302238,2.0023239341040266,0.23597991759085718,-0.24718641189493562,1.9571498345905172,5,1.2191291905636272,19.440955019512046,0.10143963988262611,1.0,V12.0
2993.102369546078,1.0246681313139014,1.9982504202877043,0.2333743428137326,-0.24612214136259966,1.9547813778999255,5,1.2158818521926475,19.296983869225254,0.10049556711683881,1.0,V12.0
2998.15562158541,1.0210591695131799,1.9946414584869827,0.2307690453714979,-0.24512907982478624,1.9525992802299157,5,1.2161107597944074,19.281192277926863,0.09952835094888143,1.0,V12.0
3003.2174050256162,1.0174502077124583,1.9910324966862611,0.22812206065625737,-0.2441360182869728,1.950417182559906,5,1.2156483388167507,19.265400686628467,0.09854011179935429,1.0,V12.0
3008.287734270253,1.0138412459117407,1.9874235348855436,0.2254385698400565,-0.24314295674916037,1.9482350848898982,5,1.2154467016806718,19.252148565154933,0.0975329927593824,1.0,V12.0
3013.3666237471953,1.0102322841110192,1.983814573084822,0.22272376040030703,-0.24214989521134692,1.9460529872198884,5,1.2137331261757467,19.23118146514075,0.09650915305784717,1.0,V12.0
3018.4540879086744,1.0066233223102976,1.9802056112841004,0.21998280665152167,-0.2411568336735335,1.9438708895498786,5,1.2122730420004981,19.209339272543993,0.09547075973869508,1.0,V12.0
3023.5501412313233,1.0030143605095763,1.9765966494833789,0.21722085279687,-0.24016377213572007,1.9416887918798686,5,1.212672301167868,19.202842999247544,0.09441998035521024,1.0,V12.0
3028.654798216215,0.9994053987088548,1.9729876876826575,0.21444299688534918,-0.23917071059790665,1.9395066942098589,5,1.2123048715892306,19.216970213303654,0.09335897598967861,1.0,V12.0
3033.768073388904,0.9957964369081331,1.9693787258819357,0.21165427464882725,-0.23817764906009317,1.9373245965398491,5,1.2128990084744884,19.23118146514075,0.09228989415476437,1.0,V12.0
3038.8899812994705,0.9921874751074118,1.9657697640812146,0.20885964183534894,-0.23718458752227972,1.9351424988698394,5,1.2137490084312628,19.2388964436814,0.0912148609710314,1.0,V12.0
3044.0205365225565,0.9885785133066902,1.962160802280493,0.20606395851937315,-0.2361915259844663,1.9329604011998294,5,1.21274666167624,19.2388964436814,0.09013597413511695,1.0,V12.0
3049.1597536574127,0.9849695515059689,1.9585518404797715,0.20327197136913788,-0.23519846444665288,1.9307783035298198,5,1.2098741017346513,19.223466486600103,0.0890552949261952,1.0,V12.0
3054.307647327937,0.9813605897052473,1.95494287867905,0.20048830311884694,-0.23420540290883943,1.92859620585981,5,1.2059865845945121,19.548616573532712,0.08797484329798495,1.0,V12.0
3059.464232182717,0.977751627904526,1.9513339168783288,0.19771743627205962,-0.23321234137102598,1.9264141081898,5,1.196665730813922,19.2388964436814,0.08689659038866909,1.0,V12.0
3064.6295228950703,0.9741426661038044,1.9477249550776072,0.19496370152035963,-0.23221927983321253,1.9242320105197903,5,1.1813414608370112,18.128009647573226,0.08582245303507142,1.0,V12.0
3069.8035341630894,0.9705337043030831,1.9441159932768857,0.19223126235881358,-0.2312262182953991,1.9220499128497806,5,1.1813414608370112,18.128009647573226,0.08475428655763344,1.0,V12.0
3074.9862807096797,0.9669247425023653,1.940507031476168,0.18952410428199193,-0.2302331567575867,1.9198678151797728,5,1.1813414608370112,18.128009647573226,0.08369387949917634,1.0,V12.0
3080.1777772826053,0.9633157807016437,1.9368980696754465,0.18684602361929123,-0.22924009521977326,1.9176857175097632,5,1.178811398738931,18.00767283585678,0.08264294815373471,1.0,V12.0
3085.37803865453,0.9597068189009184,1.933289107874721,0.18420061732848844,-0.22824703368195876,1.9155036198397508,5,1.1745866409383503,17.866309417621622,0.08160313146741334,1.0,V12.0
3090.58707962305,0.956097857100197,1.9296801460739998,0.1815912744181294,-0.22725397214414533,1.9133215221697415,5,1.174601083547599,17.99515403892623,0.08057598661299989,1.0,V12.0
3095.8049150107536,0.9524888952994754,1.9260711842732783,0.17902117151118407,-0.22626091060633186,1.911139424499731,5,1.1740177986606795,17.99515403892623,0.07956298636250708,1.0,V12.0
3101.0315596652513,0.9488799334987541,1.9224622224725567,0.1764932550570202,-0.22526784906851843,1.9089573268297217,5,1.1740177986606795,17.99515403892623,0.07856551049092116,1.0,V12.0
3106.267028459219,0.9452709716980363,1.9188532606718391,0.17401275703535443,-0.22427478753070607,1.906775229159714,5,1.1746698877876722,18.02019163278733,0.07758596668899129,1.0,V12.0
3111.511336290445,0.9416620098973149,1.9152442988711176,0.17157990634189055,-0.2232817259928926,1.9045931314897042,5,1.1776435534020502,18.128009647573226,0.07662454388074176,1.0,V12.0
3116.7644980818663,0.9380530480965934,1.911635337070396,0.16919452114998157,-0.22228866445507917,1.9024110338196942,5,1.1771594918195312,18.128009647573226,0.07568124849270029,1.0,V12.0
3122.0265287816173,0.9344440862958718,1.9080263752696744,0.1668608415833924,-0.22129560291726572,1.9002289361496845,5,1.1747653775038842,18.24779497433974,0.07475806814364194,1.0,V12.0
3127.2974433630675,0.9308351244951505,1.9044174134689533,0.16458062938885115,-0.22030254137945227,1.8980468384796747,5,1.174305901714828,18.66736798969039,0.0738558911516456,1.0,V12.0
3132.5772568248663,0.9272261626944289,1.9008084516682318,0.16235541297244718,-0.21930947984163884,1.895864740809665,5,1.1723019070498777,18.429274553069888,0.07297550671680826,1.0,V12.0
3137.8659841909853,0.9236172008937075,1.8971994898675102,0.1601864677493865,-0.21831641830382542,1.893682643139655,5,1.1702867413950455,18.40894576142371,0.07211759526927235,1.0,V12.0
3143.1636405107615,0.920008239092986,1.8935905280667886,0.15807483446198378,-0.21732335676601197,1.8915005454696454,5,1.1670009400155161,18.24779497433974,0.07128273584451493,1.0,V12.0
3148.470240858939,0.9163992772922646,1.8899815662660673,0.15602130989463306,-0.2163302952281985,1.8893184477996354,5,1.176157579919514,18.368828029101763,0.07047140106309213,1.0,V12.0
3153.7858003357132,0.9127903154915431,1.886372604465346,0.1540264954242138,-0.21533723369038507,1.8871363501296257,5,1.1724692068659863,18.24779497433974,0.06968397822685178,1.0,V12.0
3159.1103340667723,0.9091813536908216,1.8827636426646244,0.1520906689305983,-0.21434417215257165,1.884954252459616,5,1.1700180092478918,18.24779497433974,0.06892071057682607,1.0,V12.0
3164.4438572033428,0.9055723918901001,1.8791546808639028,0.15021395698858273,-0.2133511106147582,1.882772154789606,5,1.1714470988831283,18.224980253680187,0.06818177427082846,1.0,V12.0
3169.7863849222285,0.9019634300893824,1.8755457190631852,0.1483962446516877,-0.2123580490769458,1.8805900571195984,5,1.1710867228836894,18.16336350234895,0.06746723681699049,1.0,V12.0
3175.1379324258587,0.898354468288661,1.8719367572624637,0.14663720130931146,-0.21136498753913235,1.8784079594495888,5,1.1717095114880656,18.124561471677268,0.06677706795602284,1.0,V12.0
3180.498514942328,0.8947455064879395,1.868327795461742,0.14493629861318702,-0.2103719260013189,1.8762258617795788,5,1.1717095114880656,18.124561471677268,0.06611114703345837,1.0,V12.0
3185.8681477254395,0.891136544687218,1.8647188336610208,0.14329280716197038,-0.20937886446350548,1.874043764109569,5,1.1722636274578295,18.02019163278733,0.06546926073960449,1.0,V12.0
3191.2468460547507,0.8875275828864965,1.8611098718602992,0.14170580986375317,-0.208385802925692,1.8718616664395593,5,1.1721526294909355,18.124561471677268,0.06485110845968514,1.0,V12.0
3196.6346252356157,0.883918621085775,1.8575009100595778,0.14017418682581803,-0.20739274138787858,1.8696795687695493,5,1.170800255302625,18.0723765522323,0.06425629462508635,1.0,V12.0
3202.031500599227,0.8803096592850536,1.8538919482588563,0.13869670058415992,-0.20639967985006513,1.8674974710995396,5,1.1709255064917918,18.02019163278733,0.06368436706084243,1.0,V12.0
3207.4374875026624,0.8767006974843321,1.8502829864581347,0.1372719405954088,-0.2054066183122517,1.8653153734295298,5,1.1679031401906312,17.720406324144363,0.06313479098629535,1.0,V12.0
3212.852601328926,0.8732558048762457,1.8468380938500484,0.13590861694066972,-0.20444567408711975,1.8631672194451214,5,1.1691261841619294,17.697612790386643,0.0626069583855773,1.0,V12.0
3218.276857486994,0.8701155924946051,1.8436978814684077,0.13461352046050667,-0.2035443724429225,1.8610820996577453,5,1.169863040982899,17.720406324144363,0.06210019724525645,1.0,V12.0
3223.710271411856,0.8669753801129647,1.8405576690867673,0.13336562913798952,-0.20264307079872526,1.858996979870369,5,1.1704544250287876,17.720406324144363,0.06161377411335616,1.0,V12.0
3229.1528585645624,0.8638351677313242,1.837417456705127,0.13216305003547466,-0.20174176915452802,1.8569118600829928,5,1.1707875320159429,17.743199857902084,0.06114690184317048,1.0,V12.0
3234.6046344322654,0.8606949553496871,1.8342772443234898,0.13100379694933573,-0.20084046751033166,1.8548267402956184,5,1.1264453146244675,17.745204681523383,0.06069874549341921,1.0,V12.0
3240.0656145282637,0.8575547429680466,1.8311370319418492,0.12988578361336583,-0.19993916586613442,1.8527416205082423,5,1.1264453146244675,17.745204681523383,0.06026841882634718,1.0,V12.0
3245.535814392048,0.8544145305864062,1.8279968195602088,0.12880686188488163,-0.1990378642219372,1.850656500720866,5,1.1275227412732933,17.743199857902084,0.05985500167808375,1.0,V12.0
3251.015249589344,0.8512743182047656,1.8248566071785683,0.12776482475867132,-0.19813656257773996,1.8485713809334898,5,1.1275227412732933,17.743199857902084,0.059457541113345294,1.0,V12.0
3256.503935712157,0.8481341058231252,1.821716394796928,0.1267574282464991,-0.19723526093354274,1.8464862611461137,5,1.1275227412732933,17.743199857902084,0.05907506138253402,1.0,V12.0
3262.0018883788157,0.8449938934414848,1.8185761824152875,0.1257823793675985,-0.19633395928934547,1.8444011413587373,5,1.126590519904398,17.697612790386643,0.058706558149339394,1.0,V12.0
3267.5091232340183,0.8418536810598444,1.815435970033647,0.12483736942898215,-0.19543265764514822,1.842316021571361,5,1.1259899067191024,17.720406324144363,0.05835101383669949,1.0,V12.0
3273.0256559488753,0.8387134686782038,1.8122957576520067,0.12392007610354402,-0.19453135600095095,1.8402309017839846,5,1.1404210457641648,17.567899985940144,0.05800739850225176,1.0,V12.0
3278.5515022209547,0.8355732562965634,1.8091555452703663,0.12302816982936407,-0.19363005435675373,1.8381457819966087,4,1.1384215277753724,17.621829826583927,0.05767467274726322,1.0,V12.0
3284.086677774327,0.8324330439149229,1.8060153328887256,0.12215934223162793,-0.19272875271255646,1.8360606622092324,4,1.139730126002519,17.615666002889327,0.057351800990547444,1.0,V12.0
3289.6311983596092,0.8292928315332825,1.8028751205070852,0.12131131100562788,-0.19182745106835924,1.833975542421856,4,1.14103737971568,17.621829826583927,0.057037753792520095,1.0,V12.0
3295.1850797540105,0.826152619151642,1.7997349081254446,0.12048182474881142,-0.19092614942416197,1.8318904226344797,4,1.1413352611893612,17.52013396899096,0.056731510175881066,1.0,V12.0
3300.748337761376,0.8230124067700049,1.7965946957438077,0.11966867595192933,-0.19002484777996567,1.8298053028471057,4,1.1372667639374832,17.466307037258872,0.05643206381449574,1.0,V12.0
3306.3209882122337,0.8198721943883645,1.7934544833621673,0.11886970728797054,-0.18912354613576846,1.8277201830597294,4,1.1367480218865957,17.466307037258872,0.056138426112101826,1.0,V12.0
3311.9030469638365,0.8167319820067239,1.7903142709805266,0.11808282860876594,-0.18822224449157118,1.8256350632723533,4,1.1356712143228769,17.403295244989643,0.05584963437285664,1.0,V12.0
3317.494529900211,0.8135917696250834,1.787174058598886,0.11730600826641142,-0.18732094284737397,1.823549943484977,4,1.1338659390482348,17.403295244989643,0.05556474788315154,1.0,V12.0
3323.0954529322,0.810451557243443,1.7840338462172456,0.1165373016794307,-0.1864196412031767,1.8214648236976008,5,1.1324700777560759,17.627993650278526,0.055282861626532113,1.0,V12.0
3328.705831997507,0.8073113448618026,1.7808936338356052,0.11577485613544841,-0.18551833955897942,1.8193797039102246,5,2.146865963461967,17.412480105526782,0.05500310883166303,1.0,V12.0
3334.325683060746,0.8041711324801621,1.7777534214539648,0.1150169012674981,-0.1846170379147822,1.8172945841228483,5,2.13491418663956,17.67325340918977,0.05472465672669795,1.0,V12.0
3339.9550221134823,0.8010309200985215,1.7746132090723243,0.11426176242928283,-0.18371573627058493,1.815209464335472,5,2.132354105409212,17.650623529734148,0.054446713167079955,1.0,V12.0
3345.5938651742795,0.7978907077168811,1.771472996690684,0.11350786526150569,-0.18281443462638772,1.8131243445480958,5,2.0490419350199676,17.13861334023119,0.05416852911911447,1.0,V12.0
3351.2422282887464,0.7947504953352407,1.7683327843090435,0.11275372579765937,-0.18191313298219045,1.8110392247607197,5,1.8976558883345207,17.327818621614746,0.05388939425465125,1.0,V12.0
3356.900127529581,0.7916102829536003,1.765192571927403,0.11199801136081852,-0.1810118313379932,1.8089541049733433,5,1.1037246663642626,17.341982513085853,0.05360866639066777,1.0,V12.0
3362.5675789966167,0.7884700705719597,1.7620523595457624,0.11123947959605238,-0.18011052969379596,1.806868985185967,4,1.0616037463670869,17.368046448769178,0.0533257427756688,1.0,V12.0
3368.2445988168683,0.7853298581903225,1.7589121471641254,0.11047700472051851,-0.178761308737048,1.8047838653985928,4,1.06174969760554,17.394110384452503,0.05304007298960974,1.0,V12.0
3373.931203144578,0.7821896458086821,1.755771934782485,0.10970957618960682,-0.17720728279353232,1.8026987456112165,4,1.0618327434137171,17.403295244989643,0.052751158697619704,1.0,V12.0
3379.6274081612614,0.7790494334270417,1.7526317224008445,0.10893630012374995,-0.17565325685001662,1.8006136258238403,4,1.0618421543221765,17.412480105526782,0.05245855473089536,1.0,V12.0
3385.333230075753,0.7759092210454012,1.7494915100192039,0.10815640184168432,-0.17409923090650092,1.7985285060364642,4,1.0624574601764971,17.466307037258872,0.052161870711038505,1.0,V12.0
3391.048685124252,0.7727690086637607,1.7463512976375635,0.10736922215152754,-0.17254520496298523,1.7964433862490878,4,1.061294298556317,17.574063809634744,0.05186076967411748,1.0,V12.0
3396.7737895703713,0.7696287962821202,1.7432110852559228,0.10657422150465516,-0.17099117901946953,1.7943582664617117,4,1.061763440333978,17.466307037258872,0.05155497048579424,1.0,V12.0
3402.508559705179,0.7664885839004798,1.7400708728742824,0.10577098024344869,-0.1694371530759538,1.7922731466743356,4,1.0615956212558042,17.394110384452503,0.05124424838604409,1.0,V12.0
3408.2530118472487,0.7633483715188394,1.736930660492642,0.1049591869590853,-0.1678831271324381,1.7901880268869594,4,1.0623924847842343,17.368046448769178,0.05092842976959479,1.0,V12.0
3414.007162342705,0.760208159137199,1.7337904481110016,0.1041386362186506,-0.16632910118892244,1.7881029070995829,4,1.0629262612670272,17.294324186396445,0.05060739147170695,1.0,V12.0
3419.7710275652694,0.7570679467555584,1.7306502357293612,0.10330923837713316,-0.16477507524540672,1.7860177873122067,4,1.062899400008456,17.368046448769178,0.05028106592917074,1.0,V12.0
3425.5446239163066,0.753927734373918,1.7275100233477207,0.10247100424751364,-0.16322104930189102,1.7839326675248304,4,1.062653428273637,17.368046448769178,0.0499494341332942,1.0,V12.0
3431.327967824872,0.7507875219922775,1.7243698109660803,0.1016240585397012,-0.1616670233583753,1.7818475477374542,4,1.0613774956035489,17.368046448769178,0.0496125325629284,1.0,V12.0
3437.121075747758,0.7476473096106404,1.721229598584443,0.10076858355642376,-0.16011299741486126,1.7797624279500803,4,1.0613774956035489,17.368046448769178,0.049270426080757795,1.0,V12.0
3442.9239641695417,0.7445070972289999,1.7180893862028026,0.09990325755542431,-0.15855897147134554,1.777677308162704,4,1.0613774956035489,17.368046448769178,0.048922443420346996,1.0,V12.0
3448.7366496026307,0.741542116942129,1.7151244059159318,0.09903870566719579,-0.15714867897158924,1.7754655332062101,4,1.061156803601168,17.394110384452503,0.048569594335540464,1.0,V12.0
3454.5591485873097,0.7386739006457415,1.712256189619544,0.0981715051357304,-0.15581775675843693,1.7731838186670437,4,1.0620401318402743,17.368046448769178,0.04821212562602076,1.0,V12.0
3460.391477691789,0.7358056843493539,1.7093879733231567,0.0972976280872536,-0.15448683454528456,1.770902104127877,4,1.0627779435842182,17.341982513085853,0.04785036497731788,1.0,V12.0
3466.233653512252,0.7329374680529664,1.7065197570267692,0.09641730626215385,-0.15315591233213224,1.7686203895887103,4,1.0655091607023406,17.13688810943941,0.04748440833098516,1.0,V12.0
3472.0856926728998,0.7300692517565789,1.7036515407303816,0.09553140805770641,-0.15182499011897993,1.7663386750495436,5,2.033172146539659,16.719000320780964,0.0471146661611214,1.0,V12.0
3477.9476118260004,0.7272010354601914,1.7007833244339943,0.09464055285293402,-0.1504940679058276,1.7640569605103766,5,1.220893486518,16.53929711041483,0.04674142828161806,1.0,V12.0
3483.819427651937,0.7243328191638038,1.6979151081376065,0.0937455449858474,-0.14916314569267525,1.7617752459712097,5,1.2185346159904435,16.47511368833412,0.04636507762867468,1.0,V12.0
3489.701156859253,0.7214646028674164,1.6950468918412191,0.09284720972793185,-0.14783222347952293,1.7594935314320432,5,1.212068805018689,16.44338155564062,0.04598600968254862,1.0,V12.0
3495.592816184701,0.7185963865710288,1.6921786755448314,0.09194618768246751,-0.1465013012663706,1.7572118168928763,5,1.205346331440455,16.132081171222453,0.04560453058008937,1.0,V12.0
3501.494422393291,0.7157281702746414,1.689310459248444,0.09104352844129185,-0.14517037905321828,1.7549301023537098,5,1.2002910280755437,16.05910909611562,0.04522115134653892,1.0,V12.0
3507.4059922783367,0.7128599539782567,1.6864422429520594,0.09014040309141244,-0.14383255062248682,1.7526483878145453,5,1.1973728102004917,15.99504273355562,0.04483644635591679,1.0,V12.0
3513.327542661504,0.7099917376818693,1.683574026655672,0.0892389314148444,-0.14248412409424616,1.7503666732753786,5,1.19614760545267,15.935489383379782,0.04445146582619954,1.0,V12.0
3519.259090392859,0.7071235213854817,1.6807058103592845,0.08833845460472226,-0.14113569756600547,1.748084958736212,5,1.1973358839078312,15.809278629574742,0.044065879942009174,1.0,V12.0
3525.200652350916,0.7042553050890943,1.677837594062897,0.08743993837313682,-0.13978727103776478,1.7458032441970452,5,1.1803893617435677,15.638442944479372,0.04368016851776056,1.0,V12.0
3531.152245442684,0.7013870887927067,1.6749693777665096,0.0865443559918629,-0.13843884450952412,1.7435215296578785,5,1.1727383376713032,15.617425629870452,0.043294817903551275,1.0,V12.0
3537.113886603718,0.6985188724963192,1.6721011614701218,0.0856526543701083,-0.13709041798128344,1.7412398151187116,5,1.1472486042304526,15.573320812954265,0.04291030403773381,1.0,V12.0
3543.085592798164,0.6956506561999316,1.6692329451737344,0.08476572534756938,-0.1357419914530428,1.738958100579545,5,1.1460582189822792,15.545947741848284,0.042527077969691233,1.0,V12.0
3549.067381018808,0.6927824399035442,1.6663647288773469,0.08388459143205355,-0.13439356492480212,1.736676386040378,5,1.1414830755146463,15.518574670742304,0.04214565899960359,1.0,V12.0
3555.0592682871275,0.6899142236071566,1.6634965125809593,0.0830101744881407,-0.13304513839656143,1.7343946715012115,5,1.1389553735740232,15.518574670742304,0.04176651878676633,1.0,V12.0
3561.061271653334,0.6870460073107691,1.660628296284572,0.08214337138880588,-0.13169671186832077,1.7321129569620446,5,1.1389553735740232,15.518574670742304,0.04139011912441002,1.0,V12.0
3567.0734081964274,0.6841777910143816,1.6577600799881842,0.08128504905008267,-0.13034828534008008,1.7298312424228781,5,1.1375583523474435,15.515406706324722,0.04101690936276587,1.0,V12.0
3573.0956950242407,0.681309574717997,1.6548918636917997,0.08043604054856156,-0.12899985881184087,1.7275495278837136,5,1.1375432048198255,15.518574670742304,0.040647324356917626,1.0,V12.0
3579.128149273491,0.6784413584216096,1.6520236473954122,0.0795971426197067,-0.12765143228360018,1.725267813344547,5,1.1363381469279172,15.51223874190714,0.04028178309557326,1.0,V12.0
3585.170788109826,0.675573142125222,1.6491554310990248,0.07876913192911557,-0.12630300575535952,1.7229860988053802,5,1.1380638760593238,15.515406706324722,0.039920696832123154,1.0,V12.0
3591.2236287278756,0.6727049258288345,1.646287214802637,0.07795269430249994,-0.12495457922711883,1.7207043842662135,5,1.1398307822478329,15.518574670742304,0.03956443310942874,1.0,V12.0
3597.286688351298,0.6698367095324469,1.6434189985062497,0.07714849323240155,-0.12360615269887816,1.7184226697270468,5,1.1412268293237786,15.573320812954265,0.039213350262073655,1.0,V12.0
3603.3599842328313,0.6669684932360593,1.640550782209862,0.07635714250657057,-0.1222577261706375,1.71614095518788,5,1.1405425226606822,15.518574670742304,0.03886778341627204,1.0,V12.0
3609.443533654341,0.6641002769396719,1.6376825659134746,0.07557920434846686,-0.12090929964239681,1.7138592406487132,5,1.1366061313450013,15.515406706324722,0.0385280433722825,1.0,V12.0
3615.537353926869,0.6612320606432843,1.634814349617087,0.07481518616327654,-0.11956087311415615,1.7115775261095465,5,1.1387719257192621,15.265493117899837,0.03819441476509552,1.0,V12.0
3621.641462390684,0.6583638443468969,1.6319461333206995,0.07406554030588852,-0.11821244658591548,1.7092958115703796,5,1.1344568676352254,14.179355947773914,0.037867155753961476,1.0,V12.0
3627.75587641533,0.6554956280505093,1.6290779170243121,0.07333066198225652,-0.11686402005767482,1.7070140970312129,5,1.1335007499711565,14.352812830802222,0.03754649675344587,1.0,V12.0
3633.8806133996763,0.6526274117541218,1.6262097007279244,0.07260832685730963,-0.11551559352943414,1.7047323824920462,5,1.1356106550949905,14.428445004493769,0.03723132631321639,1.0,V12.0
3640.015690771966,0.6497591954577343,1.623341484431537,0.0719016637335029,-0.11416716700119348,1.7024506679528797,5,1.1394599515807646,14.675369228332364,0.03692327540269878,1.0,V12.0
3646.1611259898677,0.6468909791613467,1.6204732681351495,0.0712108629120368,-0.1128187404729528,1.7001689534137128,5,1.1374806211579853,14.675369228332364,0.03662247339586175,1.0,V12.0
3652.316936540522,0.6440227628649622,1.617605051838765,0.07053605970922111,-0.11147031394471354,1.6978872388745485,5,1.1377655529558441,14.640676366241152,0.0363290221116261,1.0,V12.0
3658.4831399405944,0.6411545465685747,1.6147368355423775,0.06987733194896209,-0.11012188741647287,1.6956055243353818,5,1.1377715325379818,14.56875766289555,0.036042994316650465,1.0,V12.0
3664.6597537363223,0.6382863302721872,1.61186861924599,0.06923470604937548,-0.1087734608882322,1.6933238097962149,5,1.1361827380236391,14.640676366241152,0.035764436654257416,1.0,V12.0
3670.8467955035685,0.6354181139757997,1.6090004029496026,0.06860812308954944,-0.10742503435999153,1.6910420952570482,5,1.1352942238639636,14.711725316552986,0.035493351895785404,1.0,V12.0
3677.044282847867,0.632549897679412,1.6061321866532148,0.06799753162330277,-0.10607660783175087,1.6887603807178815,5,1.0933877714657683,14.710062090423577,0.035229746701728855,1.0,V12.0
3683.2522334044775,0.6296816813830246,1.6032639703568274,0.06740278499901124,-0.10472818130351019,1.6864786661787146,5,1.087932904162102,14.56875766289555,0.03497357837256657,1.0,V12.0
3689.4706648384304,0.626813465086637,1.6003957540604397,0.06682366640558517,-0.10337975477526952,1.684196951639548,5,1.0901160518534694,14.675369228332364,0.034724767496001355,1.0,V12.0
3695.699594844582,0.6239452487902496,1.5975275377640523,0.06625995191097081,-0.10203132824702885,1.6819152371003814,5,1.0921802061960666,14.710062090423577,0.03448323047966875,1.0,V12.0
3701.9390411476625,0.621146674786605,1.5947289637604078,0.0657137254031232,-0.10092754726239273,1.6791577579278416,5,1.0919557476389272,14.711725316552986,0.0342488429174964,1.0,V12.0
3708.1890215023263,0.6183526664168764,1.5919349553906792,0.0651824352444407,-0.09983980483632812,1.6763690884101758,5,1.0920731842802887,14.710893703488281,0.03402148547748,1.0,V12.0
3714.4495536932036,0.6155586580471477,1.5891409470209505,0.0646655263188478,-0.09875206241026352,1.6735804188925099,5,1.0935248582494583,14.675369228332364,0.033800981092527306,1.0,V12.0
3720.7206555349494,0.612764649677422,1.5863469386512246,0.06416255836212208,-0.09766431998420007,1.6707917493748468,5,1.1190302414568627,14.400014722777245,0.033587129367209416,1.0,V12.0
3727.0023448722964,0.6099706413076933,1.583552930281496,0.06367309719693844,-0.09657657755813547,1.668003079857181,5,1.1157368447249358,14.156107981087004,0.0333797319229758,1.0,V12.0
3733.2946395801036,0.6071766329379646,1.5807589219117673,0.06319913635290864,-0.09548883513207088,1.665214410339515,5,1.1127789642855503,14.12463517451291,0.03317986377562116,1.0,V12.0
3739.5975575634084,0.6043826245682358,1.5779649135420386,0.06273736298330498,-0.09440109270600627,1.6624257408218492,5,1.1091301655870511,14.132860014400094,0.03298581629110866,1.0,V12.0
3745.9111167574774,0.6015886161985071,1.57517090517231,0.062287247802277936,-0.09331335027994168,1.6596370713041833,5,1.1101388833069668,14.400014722777245,0.03279733646389866,1.0,V12.0
3752.235335127857,0.5987946078287785,1.5723768968025813,0.061848226223376594,-0.09222560785387708,1.6568484017865173,4,1.1080849115389235,14.37158444106072,0.032614151182476826,1.0,V12.0
3758.570230670425,0.5960005994590498,1.5695828884328527,0.06141971316358938,-0.09113786542781248,1.6540597322688515,4,1.1080499801499761,14.400014722777245,0.032435974899087665,1.0,V12.0
3764.915821411442,0.5932065910893211,1.5667888800631238,0.06100109637588761,-0.09005012300174789,1.6512710627511857,4,1.1077434084998505,14.400014722777245,0.032262506011537705,1.0,V12.0
3771.272125407601,0.5904125827195923,1.563994871693395,0.06059174212473598,-0.08896238057568329,1.6484823932335197,4,1.107160553705623,14.462641982021857,0.03209342975053025,1.0,V12.0
3777.639160746082,0.5876185743498636,1.5612008633236663,0.06019099796374356,-0.08787463814961868,1.6456937237158535,4,1.107160553705623,14.462641982021857,0.031928419555501276,1.0,V12.0
3784.0169455446,0.584824565980135,1.5584068549539376,0.05979819770151818,-0.08678689572355408,1.642905054198188,4,1.1072904450057703,14.428445004493769,0.03176713962516727,1.0,V12.0
3790.405497951459,0.5820305576104062,1.555612846584209,0.059412663718680446,-0.08569915329748949,1.6401163846805222,4,1.1080306943331768,14.462641982021857,0.031609246081562,1.0,V12.0
3796.804836145602,0.5792365492406804,1.552818838214483,0.059033710217269046,-0.08461141087142603,1.6373277151628591,4,1.1100837150834177,14.499010684294396,0.03145438864126818,1.0,V12.0
3803.214978336665,0.5764425408709518,1.5500248298447545,0.058660646215652784,-0.08352366844536144,1.6345390456451931,4,1.1100415708486715,14.499010684294396,0.03130221216579797,1.0,V12.0
3809.6359427650254,0.5736485325012232,1.5472308214750259,0.05829277853075176,-0.08243592601929685,1.6317503761275274,4,1.1049849859065624,14.499010684294396,0.031152358219080627,1.0,V12.0
3816.067747701857,0.5708545241314944,1.544436813105297,0.05792941480789286,-0.08134818359323223,1.6289617066098616,4,1.1045040514330988,14.570929387639998,0.031004466664419236,1.0,V12.0
3822.5104114491805,0.5680605157617657,1.5416428047355684,0.05756986653835608,-0.08026044116716766,1.6261730370921954,4,1.104395667216508,14.640676366241152,0.03085817726919917,1.0,V12.0
3828.9639523399155,0.565266507392037,1.5388487963658397,0.0572134517080385,-0.07917269874110304,1.6233843675745299,4,1.1047560847942084,14.640676366241152,0.030713131126015647,1.0,V12.0
3835.4283887379343,0.5624724990223082,1.536054787996111,0.05685949739707965,-0.07808495631503845,1.6205956980568637,4,1.1040490135857803,14.640676366241152,0.03056897206024513,1.0,V12.0
3841.9037390381113,0.5596784906525796,1.5332607796263824,0.05650734233418349,-0.07699721388897385,1.6178070285391979,4,1.1022108994529876,14.570929387639998,0.030425348025929215,1.0,V12.0
3848.390021666378,0.5568844822828509,1.5304667712566538,0.05615633707865147,-0.07590947146290924,1.615018359021532,4,1.1013341749904062,14.501182409038844,0.030281911235036894,1.0,V12.0
3854.8872550797737,0.5540904739131222,1.5276727628869249,0.055805854286150404,-0.07482172903684466,1.6122296895038661,4,1.0977751007431829,14.499010684294396,0.030138323733685395,1.0,V12.0
3861.3954577665,0.5512964655433935,1.5248787545171962,0.05545528638754698,-0.07373398661078004,1.6094410199862004,4,1.0979820468948633,14.496838959549947,0.02999425622099186,1.0,V12.0
3867.91464824597,0.5485024571736647,1.5220847461474674,0.055104033145830025,-0.07264624418471545,1.6066523504685344,4,1.0979820468948633,14.496838959549947,0.02984938137424621,1.0,V12.0
3874.444845068865,0.545708448803939,1.5192907377777418,0.05475152414482036,-0.07155850175865201,1.603863680950871,4,1.097195776673043,14.462641982021857,0.029703386064309615,1.0,V12.0
3880.986066817185,0.5429144404342103,1.5164967294080132,0.05439721364921917,-0.0704707593325874,1.6010750114332055,4,1.097195776673043,14.462641982021857,0.029555968670628846,1.0,V12.0
3887.538332104301,0.5401204320644817,1.5137027210382845,0.054040580419092245,-0.06938301690652281,1.5982863419155398,4,1.0970838755475192,14.428445004493769,0.029406839067773197,1.0,V12.0
3894.10165957501,0.5373264236947529,1.5109087126685556,0.053681127801355116,-0.0682952744804582,1.5954976723978735,4,1.0974309574681644,14.695514985665396,0.029255718762811876,1.0,V12.0
3900.676067905587,0.5345324153250243,1.508114704298827,0.053318389810571507,-0.06720753205439359,1.592709002880208,4,1.1051273943304358,14.806243636786007,0.029102344303046444,1.0,V12.0
3907.261575803837,0.5317384069552955,1.5053206959290981,0.05295192823702118,-0.06611978962832901,1.5899203333625418,4,1.918576891028152,14.999392345959727,0.028946465809979328,1.0,V12.0
3913.85820200915,0.5289443985855669,1.5025266875593695,0.052581334313755716,-0.06503204720226441,1.587131663844876,4,1.8901481401347533,14.999392345959727,0.028787847995835152,1.0,V12.0
3920.4659652925548,0.5261503902158381,1.4997326791896408,0.052206229336050666,-0.06394430477619982,1.58434299432721,3,1.0993652996499512,14.996463167371743,0.02862627061499319,1.0,V12.0
3927.0848844567695,0.5233563818461094,1.4969386708199122,0.05182626653917821,-0.0628565623501352,1.5815543248095443,3,1.1002655035566635,14.996463167371743,0.02846152961061004,1.0,V12.0
3933.714978336258,0.5205623734763807,1.4941446624501835,0.05144112890086692,-0.061768819924070614,1.5787656552918785,3,1.0998585286767413,14.901353402078875,0.02829343603032811,1.0,V12.0
3940.3562657972816,0.517768365106652,1.4913506540804549,0.05105052968037643,-0.06068107749800601,1.5759769857742125,3,1.1003727441312714,14.996463167371743,0.02812181643946923,1.0,V12.0
3947.008765737955,0.5149743567369233,1.488556645710726,0.05065422027881813,-0.059593335071941415,1.5731883162565465,3,1.1061964513706712,14.710062090423577,0.027946517377265657,1.0,V12.0
3953.672497088296,0.5121803483671975,1.4857626373410002,0.05025197754290152,-0.05850559264587796,1.5705974343302305,3,1.108386034750324,14.758152863604792,0.027767398495561504,1.0,V12.0
3960.347478810285,0.5093863399974689,1.4829686289712716,0.049843611803421194,-0.05741785021981337,1.5681502686625672,3,1.1129808364261187,14.695514985665396,0.02758433710883103,1.0,V12.0
3967.033729897913,0.5065868677413594,1.4801691567151622,0.04942881209542419,-0.056398270137946876,1.5655121903361449,4,1.0164979870548199,14.436383425049783,0.027397225512731483,1.0,V12.0
3973.731269377241,0.5037693795201914,1.477351668493994,0.04900719425451956,-0.0556034404124808,1.5622446194562873,4,1.0163721128951133,14.436383425049783,0.027206019432271973,1.0,V12.0
3980.4401163064495,0.5009518912990234,1.4745341802728262,0.04857908413881444,-0.054808610687014724,1.55897704857643,4,1.0163721128951133,14.436383425049783,0.027010604490659142,1.0,V12.0
3987.1602897758967,0.4981344030778552,1.471716692051658,0.04814444379037918,-0.05401378096154863,1.5557094776965723,4,1.0163721128951133,14.436383425049783,0.026810939738335846,1.0,V12.0
3993.8918089081703,0.4953169148566872,1.46889920383049,0.04770320774992667,-0.05321895123608256,1.5524419068167148,4,1.0163721128951133,14.436383425049783,0.026606968629165662,1.0,V12.0
4000.6346928581424,0.4924994266355191,1.4660817156093218,0.04725536478539186,-0.05242412151061647,1.549174335936857,4,1.0163721128951133,14.436383425049783,0.026398664554419596,1.0,V12.0
4007.3889608130244,0.4896819384143511,1.4632642273881538,0.046800930582363766,-0.0516292917851504,1.5459067650569998,4,1.0163721128951133,14.436383425049783,0.02618601579852281,1.0,V12.0
4014.154631992422,0.486864450193183,1.4604467391669858,0.04634088177853771,-0.05083446205968431,1.542639194177142,4,1.0163672511934534,14.501182409038844,0.02596954909193516,1.0,V12.0
4020.931725648388,0.48404696197201497,1.4576292509458177,0.04587446134704186,-0.05003963233421823,1.5393716232972845,4,1.0163672511934534,14.501182409038844,0.025748821410548083,1.0,V12.0
4027.7202610654804,0.48122947375084685,1.4548117627246495,0.04540177359514705,-0.049244802608752136,1.536104052417427,4,1.0161359992596166,14.103377649791042,0.025523871146347684,1.0,V12.0
4034.520257560813,0.47841198552968184,1.4519942745034846,0.0449229456208137,-0.048449972883286896,1.5328364815375728,4,1.015259268322128,14.061997379181946,0.02529474976769357,1.0,V12.0
4041.3317344841157,0.4755944973085138,1.4491767862823166,0.04443812898881948,-0.047655143157820816,1.5295689106577155,4,1.0152533747358783,14.093364247016211,0.025061522868484752,1.0,V12.0
4048.1547112177827,0.4727770090873457,1.4463592980611484,0.04394749626594977,-0.046860313432354736,1.5263013397778578,4,1.0152533747358783,14.093364247016211,0.024824268323423715,1.0,V12.0
4054.989207176935,0.46995952086617765,1.4435418098399804,0.0434512368893126,-0.046065483706888656,1.5230337688980002,4,1.0147574812504072,14.03063051134768,0.024583074048344485,1.0,V12.0
4061.83524180947,0.46714203264500953,1.4407243216188124,0.042949562846036085,-0.04527065398142257,1.5197661980181425,4,1.0143238386522673,14.027792995501166,0.024338041298859005,1.0,V12.0
4068.6928345961196,0.4643245444238415,1.4379068333976441,0.0424427041262246,-0.04447582425595649,1.516498627138285,4,1.0141611622066953,14.02495547965465,0.024089282196243223,1.0,V12.0
4075.562005050505,0.4615070562026734,1.4350893451764761,0.04193090822965859,-0.04368099453049041,1.5132310562584277,4,1.0137389065196296,13.707008601033927,0.023836919534022415,1.0,V12.0
4082.4427727191924,0.4586895679815054,1.4322718569553081,0.04141443861141984,-0.04288616480502432,1.50996348537857,4,1.0129757289359642,13.408348745741563,0.023581085978526473,1.0,V12.0
4089.3351571817484,0.4558720797603373,1.42945436873414,0.04089369709116681,-0.042091335079558236,1.5066959144987124,4,1.0126193274455046,13.174197264901268,0.023321993959172907,1.0,V12.0
4096.239178050795,0.45305459153916927,1.426636880512972,0.040368867444239134,-0.04129650535409216,1.5034283436188547,4,1.012619118819276,13.64250022658186,0.023059732720424463,1.0,V12.0
4103.154854972067,0.4502371033180012,1.4238193922918039,0.039840256698796,-0.04050167562862608,1.5001607727389974,4,1.0126178662267986,13.656497760582006,0.02279446260086465,1.0,V12.0
4110.082207624468,0.44741961509683315,1.4210019040706359,0.03930828920167086,-0.039706845903159996,1.4968932018591397,4,1.0125262693746127,13.64250022658186,0.02252641220646494,1.0,V12.0
4117.021255720128,0.4446021268756651,1.4181844158494679,0.03877321225975262,-0.038912016177693916,1.4936256309792821,4,1.0125262693746127,13.64250022658186,0.02225571000162213,1.0,V12.0
4123.972019004443,0.441784638654497,1.4153669276282996,0.03823536076060293,-0.038117186452227836,1.4903580600994248,4,1.0121457312134512,13.408348745741563,0.021982535635585606,1.0,V12.0
4130.9345172561625,0.43896715043332896,1.4125494394071316,0.037695104013154075,-0.03732235672676175,1.4870904892195669,4,1.012050146539939,13.174197264901268,0.021707089745391178,1.0,V12.0
4137.908770287419,0.4361496622121609,1.4097319511859636,0.03715278292249659,-0.036527527001295676,1.4838229183397096,4,1.0115215250099971,13.067045000561322,0.0214295578890993,1.0,V12.0
4144.894797943799,0.43333217399099283,1.4069144629647956,0.036608910579808744,-0.03573269727582958,1.4805553474598516,4,1.0104469755193493,13.067045000561322,0.021150226310769127,1.0,V12.0
4151.89262010439,0.43051468576982477,1.4040969747436276,0.036063739144347386,-0.0349378675503635,1.4772877765799943,4,1.010442706805703,13.098553088280298,0.020869232126118777,1.0,V12.0
4158.902256681841,0.4276971975486567,1.4012794865224594,0.03551765522644038,-0.03414303782489743,1.4740202057001368,4,1.0103264899875313,12.944338140631956,0.02058679127725941,1.0,V12.0
4165.923727622425,0.42487970932748864,1.3984619983012914,0.034971052552731655,-0.03334820809943134,1.470752634820279,4,1.008762138503464,12.756950217141934,0.020303125250725165,1.0,V12.0
4172.957052906084,0.4220622211063235,1.3956445100801262,0.03442387562209339,-0.0325533783739661,1.467485063940425,4,1.003197391207147,12.197181430052474,0.020018195749367067,1.0,V12.0
4180.002252546496,0.4192447328851555,1.3928270218589582,0.03387693374697521,-0.031758548648500015,1.4642174930605676,4,1.0026009025724225,12.096514569405102,0.019732467956949253,1.0,V12.0
4187.059346591125,0.41642724466398745,1.3900095336377902,0.03333061488292315,-0.031098157766429664,1.4609499221807098,4,1.002471605078994,12.079982635360786,0.019446164282622868,1.0,V12.0
4194.1283551212855,0.4136097564428194,1.3871920454166222,0.032783065305624665,-0.030697244775795014,1.4576823513008526,4,1.002471605078994,12.079982635360786,0.01915819857800564,1.0,V12.0
4201.209298252192,0.4107922682216513,1.384374557195454,0.03223724087434884,-0.030296331785160353,1.4544147804209948,4,1.002471605078994,12.079982635360786,0.018870292852608876,1.0,V12.0
4208.302196133019,0.40797478000048326,1.381557068974286,0.03169355591650847,-0.0298954187945257,1.4511472095411373,4,1.0016828031564353,11.867497334110674,0.018582690333760463,1.0,V12.0
4215.407068946961,0.4051572917793152,1.378739580753118,0.031152529484822375,-0.02949450580389104,1.4478796386612798,3,1.0015506906441984,11.786084033728386,0.0182956973632121,1.0,V12.0
4222.523936911286,0.40233980355814714,1.3759220925319497,0.030614589096344208,-0.029093592813256387,1.4447942548540897,3,1.0015506906441984,11.786084033728386,0.018009568466224955,1.0,V12.0
4229.652820277397,0.3995223153369791,1.3731046043107817,0.030082011659698395,-0.02869267982262173,1.4417748264141315,3,1.0015356461608598,11.755979682217728,0.0177256496014769,1.0,V12.0
4236.793739330885,0.396704827115811,1.3702871160896137,0.02955300178507492,-0.028291766831987072,1.438755397974173,3,1.0015356461608598,11.755979682217728,0.017442892112255186,1.0,V12.0
4243.946714391591,0.39388733889464295,1.3674696278684457,0.029028004742814934,-0.027890853841352415,1.4357359695342145,3,1.0015086063065568,11.725875330707067,0.017161565049162827,1.0,V12.0
4251.11176581366,0.3910698506734749,1.3646521396472777,0.02850749208884734,-0.02748994085071776,1.4327165410942557,3,1.0013544958664549,11.65072915802829,0.016881954824602245,1.0,V12.0
4258.288913985602,0.3882387359784456,1.3618210249522482,0.027991715339456408,-0.0271387760461686,1.4291299615859134,3,1.0010999513802536,11.575582985349511,0.016604353454777693,1.0,V12.0
4265.47817933035,0.38539538790684597,1.3589776768806487,0.027481192854307775,-0.026832273441098325,1.4250342134797838,3,1.0009269883345524,11.398128339248515,0.016329058822641847,1.0,V12.0
4272.679582305316,0.3825520398352463,1.356134328809049,0.026976622686773512,-0.026525770836028046,1.4209384653736543,3,1.0008838722967017,11.220673693147518,0.01605637519628804,1.0,V12.0
4279.89314340245,0.37970869176364663,1.3532909807374494,0.02647850589939773,-0.026219268230957774,1.4168427172675246,3,1.0008838722967017,11.220673693147518,0.015786614590325345,1.0,V12.0
4287.118883148297,0.376865343692047,1.3504476326658497,0.025987350441985312,-0.025818909101898477,1.4127469691613952,3,1.0008838722967017,11.220673693147518,0.015520095251877973,1.0,V12.0
4294.356822104061,0.3740219956204473,1.34760428459425,0.025504024602250035,-0.025309062835615,1.4086512210552653,3,1.0008144402701329,11.220031592382853,0.015257353159489492,1.0,V12.0
4301.606980865656,0.37117864754884766,1.3447609365226505,0.025028746238132223,-0.02479921656933153,1.4045554729491359,3,1.0008088737408496,11.220673693147518,0.0149985381730305,1.0,V12.0
4308.869380063769,0.368335299477248,1.3419175884510508,0.024562056417071366,-0.024289370303048056,1.4004597248430062,3,1.0008088737408496,11.220673693147518,0.014743995190161096,1.0,V12.0
4316.144040363919,0.36549195140564833,1.339074240379451,0.024104508973311588,-0.02377952403676458,1.3963639767368765,3,1.0012065614658492,11.398128339248515,0.014494079143940524,1.0,V12.0
4323.430982466513,0.3626486033340487,1.3362308923078514,0.023656802004112625,-0.02326967777048111,1.392268228630747,3,1.0012065614658492,11.398128339248515,0.014249234293056957,1.0,V12.0
4330.730227106907,0.359805255262449,1.3333875442362517,0.023219405457062414,-0.02275983150419763,1.3881724805246174,3,1.0012065614658492,11.398128339248515,0.01400977028737167,1.0,V12.0
4338.041795055464,0.35696190719085236,1.3305441961646551,0.022792904106110935,-0.022249985237914695,1.384076732418492,3,1.0011635409779684,11.220673693147518,0.013776068306548981,1.0,V12.0
4345.365707117614,0.3541185591192527,1.3277008480930554,0.022377731552219792,-0.021740138971631223,1.3799809843123625,3,1.0011635409779684,11.220673693147518,0.013548420628539443,1.0,V12.0
4352.701984133914,0.351275211047653,1.3248575000214557,0.02197466162513791,-0.021230292705347747,1.375885236206233,3,1.0011635409779684,11.220673693147518,0.013327327891416593,1.0,V12.0
4360.050646980105,0.3484318629760534,1.322014151949856,0.021584327987015102,-0.02072044643906427,1.3717894881001034,3,1.0011635409779684,11.220673693147518,0.01311320903596745,1.0,V12.0
4367.411716567171,0.34558851490445375,1.3191708038782566,0.021207380416288512,-0.0202106001727808,1.3676937399939737,3,1.0011635409779684,11.220673693147518,0.012906495710884187,1.0,V12.0
4374.785213841403,0.34274516683285405,1.3163274558066567,0.020842416829474426,-0.019700753906497323,1.363597991887844,3,1.0011635409779684,11.220673693147518,0.012706371660603967,1.0,V12.0
4382.171159784452,0.33990181876125447,1.3134841077350572,0.020494463822520664,-0.019190907640213854,1.3595022437817148,3,1.0011587597113851,11.398128339248515,0.012515940945796507,1.0,V12.0
4389.569575413398,0.3370584706896548,1.3106407596634575,0.02016191249743139,-0.018681061373930375,1.3554064956755847,3,1.001163615781949,11.398128339248515,0.012334269888757425,1.0,V12.0
4396.980481780796,0.33421512261805514,1.3077974115918578,0.01984547666460427,-0.018171215107646906,1.3513107475694552,3,1.0010634489148975,11.220031592382853,0.01216184172228138,1.0,V12.0
4404.403899974753,0.33137177454645544,1.3049540635202581,0.01954588832238091,-0.017790507638237585,1.3472149994633258,3,1.0010634489148975,11.220031592382853,0.011999154218653102,1.0,V12.0
4411.83985111897,0.3285284264748558,1.3021107154486584,0.019263891427848887,-0.01770319077501165,1.3431192513571961,3,1.000829416723476,11.220673693147518,0.011846715985994192,1.0,V12.0
4419.288356372819,0.3256850784032561,1.299267367377059,0.019000247610054196,-0.017615873911785707,1.3390235032510664,3,1.0008190704724127,11.116508820125873,0.011705050082774103,1.0,V12.0
4426.749436931391,0.3228417303316595,1.2964240193054621,0.018755734154804662,-0.01752855704855986,1.3349277551449412,3,1.000800133738889,11.220673693147518,0.011574692900956323,1.0,V12.0
4434.223114025562,0.31999838226005983,1.2935806712338627,0.01853114420899481,-0.01744124018533392,1.3308320070388115,3,1.0008041469270441,11.116508820125873,0.011456194409502452,1.0,V12.0
4441.70940892205,0.31715503418846014,1.2907373231622628,0.0183271319066577,-0.01735392332210798,1.326736258932682,3,1.0008048024038672,11.012343947104227,0.011350022360224126,1.0,V12.0
4449.208342923482,0.31431168611686056,1.2878939750906633,0.01814465341429604,-0.01726660645888204,1.3226405108265527,2,1.0007946106729788,11.398128339248515,0.011256835184532622,1.0,V12.0
4456.719937368445,0.31146833804526086,1.2850506270190636,0.017983558394195995,-0.0171792895956561,1.318544762720423,1,1.0,11.398128339248515,0.0111766082862208,1.0,V12.0
4464.244213631557,0.30862498997366117,1.282207278947464,0.017845562695993265,-0.017091972732430162,1.3144490146142933,1,1.0,11.398128339248515,0.011110478765532434,1.0,V12.0
4471.781193123517,0.3057816419020616,1.2793639308758644,0.01773145759905788,-0.017004655869204223,1.3103532665081639,1,1.0,11.398128339248515,0.01105901513923607,1.0,V12.0
4479.330897291178,0.3029382938304619,1.2765205828042645,0.017642144090793385,-0.01691733900597828,1.3062575184020342,1,1.0,11.398128339248515,0.01102285850992278,1.0,V12.0
4486.893347617597,0.3000949457588622,1.273677234732665,0.017578485046557336,-0.01683002214275234,1.3021617702959043,1,1.0,11.398128339248515,0.0110026306891605,1.0,V12.0
4494.468565622102,0.29725159768726256,1.2708338866610653,0.017541350313046426,-0.016742705279526402,1.2980660221897748,1,1.0,11.220673693147518,0.010998962294186693,1.0,V12.0
4502.056572860353,0.2944082496156629,1.2679905385894656,0.017531615091890194,-0.01665538841630046,1.2939702740836454,1,1.0,11.398128339248515,0.011012491811198807,1.0,V12.0
4509.657390924402,0.2915649015440633,1.265147190517866,0.017550158494341356,-0.016568071553074524,1.2898745259775157,1,1.0,11.398128339248515,0.011043864756255524,1.0,V12.0
4517.271041442754,0.2887215534724666,1.2623038424462694,0.01759786146996986,-0.01648075468984867,1.2857787778713905,1,1.0,11.398128339248515,0.01109373243252416,1.0,V12.0
4524.89754608043,0.28587820540086695,1.2594604943746697,0.01767560512400519,-0.016281338910967676,1.2816830297652608,1,1.0,11.180201449348424,0.011162750919583454,1.0,V12.0
4532.53692653903,0.28303485732926725,1.25661714630307,0.017784268183170845,-0.015985670393155287,1.2775872816591314,1,1.0,11.180201449348424,0.01125157951309348,1.0,V12.0
4540.189204556789,0.28019150925766767,1.2537737982314705,0.017924726486599867,-0.015690001875342897,1.273491533553002,1,1.0,11.220673693147518,0.011360880431111829,1.0,V12.0
4547.854401908645,0.27734816118606803,1.2509304501598708,0.01809784805221113,-0.015394333357530508,1.2693957854468723,1,1.0,11.220673693147518,0.011491315707845949,1.0,V12.0
4555.532540406298,0.27450481311446834,1.2480871020882711,0.018304494344470835,-0.01509866483971812,1.2653000373407426,1,1.0,11.220673693147518,0.011643547998417676,1.0,V12.0
4563.223641898273,0.2716614650428687,1.2452437540166714,0.018545520602512702,-0.014802996321905727,1.2612042892346131,1,1.0,11.180201449348424,0.011818240793585063,1.0,V12.0
4570.927728269982,0.2691872700335114,1.2427695590073142,0.018826184458437905,-0.01458274557369948,1.2565311008624076,1,1.0,11.220673693147518,0.012016041100765663,1.0,V12.0
4578.644821443785,0.2667934695373411,1.240375758511144,0.019144015725712393,-0.014378919380761213,1.2517321569870408,1,1.0,11.180201449348424,0.0122375982579895,1.0,V12.0
4586.374943379055,0.2643996690411709,1.2379819580149736,0.019498892889562025,-0.014175093187822944,1.246933213111674,1,1.0,11.180201449348424,0.01248355198081457,1.0,V12.0
4594.118116072238,0.2620058685450007,1.2355881575188035,0.01989162664814378,-0.013971266994884676,1.242134269236307,1,1.0,11.13972920554933,0.012754534429282679,1.0,V12.0
4601.8743615569165,0.25961206804883047,1.2331943570226331,0.02032300071520586,-0.013767440801946407,1.2373353253609403,1,1.0,11.13972920554933,0.013051164321598235,1.0,V12.0
4609.643701903873,0.2572182675526628,1.2308005565264655,0.020793770760481597,-0.013563614609008354,1.2325363814855785,1,1.0,11.13972920554933,0.013374046149137864,1.0,V12.0
4617.4261592211515,0.2548244670564926,1.2284067560302954,0.021304659532011,-0.013359788416070086,1.2277374376102117,1,1.0,11.13972920554933,0.013723766924719681,1.0,V12.0
4625.221755654122,0.2524306665603223,1.226012955534125,0.02185635652690165,-0.013155962223131819,1.2229384937348449,1,1.0,11.180201449348424,0.01410089583522199,1.0,V12.0
4633.030513385541,0.25003686606415215,1.223619155037955,0.02244951376923873,-0.01295213603019355,1.218139549859478,1,1.0,11.180201449348424,0.014505981375573141,1.0,V12.0
4640.852454635617,0.24764306556798193,1.2212253545417846,0.023084742257914112,-0.012748309837255284,1.2133406059841112,1,1.0,11.180201449348424,0.014939548889647202,1.0,V12.0
4648.687601662072,0.24524926507181172,1.2188315540456145,0.023762604513761134,-0.012544483644317017,1.2085416621087444,1,1.0,11.13972920554933,0.015402095559971955,1.0,V12.0
4656.535976760207,0.2428554645756415,1.2164377535494442,0.02448361753910888,-0.012340657451378748,1.2037427182333775,1,1.0,11.13972920554933,0.015894092110178115,1.0,V12.0
4664.397602262963,0.24046166407947128,1.214043953053274,0.025248245860260952,-0.012136831258440483,1.1989437743580107,1,1.0,11.13972920554933,0.016415978075433643,1.0,V12.0
4672.2725005409875,0.23806786358330106,1.2116501525571037,0.026056898139905495,-0.011933005065502213,1.1941448304826439,1,1.0,10.973914047698216,0.016968159353368997,1.0,V12.0
4680.160694002694,0.23567406308713088,1.2092563520609336,0.026909924238303386,-0.011729178872563948,1.1893458866072772,1,1.0,11.13972920554933,0.017551006024759376,1.0,V12.0
4688.06220509433,0.23328026259096063,1.2068625515647633,0.02780761323026293,-0.011525352679625678,1.1845469427319102,1,1.0,11.13972920554933,0.018164850778111374,1.0,V12.0
4695.9770563000375,0.23088646209479044,1.2044687510685932,0.028750185729127926,-0.011321526486687413,1.1797479988565436,1,1.0,11.266257110798115,0.018809983594774444,1.0,V12.0
4703.905270141919,0.22849266159862275,1.2020749505724255,0.029737791343188626,-0.011117700293749358,1.1749490549811819,1,1.0,11.266257110798115,0.019486649747216398,1.0,V12.0
4711.846869180101,0.22609886110245253,1.1996811500762552,0.030770508861009207,-0.010913874100811091,1.170150111105815,1,1.0,11.266257110798115,0.020195049569450084,1.0,V12.0
4719.801876012798,0.2237050606062823,1.197287349580085,0.03184833935617803,-0.01071004790787282,1.1653511672304482,1,1.0,11.266257110798115,0.020935333570913133,1.0,V12.0
4727.770313276379,0.2213112601101121,1.1948935490839148,0.03297122454078244,-0.010506221714934554,1.1605522233550813,1,1.0,11.13972920554933,0.021707614127414034,1.0,V12.0
4735.7522036454275,0.21891745961394188,1.1924997485877447,0.0341389907081445,-0.010302395521996285,1.1557532794797145,1,1.0,11.13972920554933,0.022511928214885738,1.0,V12.0
4743.747569832809,0.21652365911777166,1.1901059480915743,0.035351396339682636,-0.010098569329058019,1.1509543356043477,1,1.0,11.13972920554933,0.02334826825588629,1.0,V12.0
4751.756434589736,0.21412985862160144,1.1877121475954042,0.03660811188624516,-0.009894743136119752,1.1461553917289808,1,1.0,11.13972920554933,0.024216568392028365,1.0,V12.0
4759.778820705831,0.21173605812543123,1.185318347099234,0.03790871919249786,-0.009690916943181483,1.141356447853614,1,1.0,11.13972920554933,0.025116703640426324,1.0,V12.0
4767.814751009193,0.209342257629261,1.1829245466030638,0.039252707593056074,-0.009487090750243217,1.1365575039782472,1,1.0,11.13972920554933,0.026048486833439546,1.0,V12.0
4775.864248366461,0.2069484571330908,1.1805307461068935,0.04063946973846245,-0.009283264557304948,1.1317585601028803,1,1.0,11.13972920554933,0.02701166534963892,1.0,V12.0
4783.92733568288,0.20455465663692057,1.1781369456107234,0.042068306381902586,-0.009079438364366681,1.1269596162275135,1,1.0,11.13972920554933,0.02800592377890314,1.0,V12.0
4792.004035902365,0.20216085614075036,1.175743145114553,0.04353841935990623,-0.008875612171428413,1.122160672352147,1,1.0,11.13972920554933,0.029030878740934334,1.0,V12.0
4800.094372007568,0.19976705564458266,1.1733493446183854,0.045048911260348524,-0.00867178597849036,1.117361728476785,1,1.0,11.13972920554933,0.030086078120208998,1.0,V12.0
4808.198367019944,0.19737325514841247,1.1709555441222153,0.0465987840870539,-0.008467959785552091,1.112562784601418,1,1.0,11.13972920554933,0.031170999622383327,1.0,V12.0
4816.316043999813,0.19497945465224226,1.168561743626045,0.04818693961964561,-0.008264133592613824,1.1077638407260515,1,1.0,11.13972920554933,0.03228505045261386,1.0,V12.0
4824.447426046428,0.19258565415607204,1.1661679431298748,0.04981217872965776,-0.008060307399675557,1.1029648968506847,1,1.0,11.13972920554933,0.033427566290354954,1.0,V12.0
4832.5925362980415,0.19019185365990182,1.1637741426337045,0.051473200048279585,-0.00785648120673729,1.0981659529753178,1,1.0,11.13972920554933,0.03459780981845711,1.0,V12.0
4840.751397931969,0.1877980531637316,1.1613803421375344,0.053168601146912,-0.007652655013799022,1.093367009099951,1,1.0,11.13972920554933,0.03579497092975588,1.0,V12.0
4848.924034164657,0.1854042526675614,1.158986541641364,0.05489687780858858,-0.007448828820860755,1.0885680652245842,1,1.0,10.781198813867078,0.03701816564828986,1.0,V12.0
4857.110468251749,0.18301045217139117,1.156592741145194,0.056656424792091334,-0.007245002627922486,1.0837691213492173,1,1.0,10.781198813867078,0.038266436048237595,1.0,V12.0
4865.310723488149,0.18061665167522095,1.1541989406490236,0.058445537948254335,-0.0070411764349842185,1.0789701774738505,1,1.0,10.960464009708204,0.0395387510868301,1.0,V12.0
4873.524823208092,0.17822285117905076,1.1518051401528535,0.060262414982826557,-0.00683735024204595,1.0741712335984837,1,1.0,10.960464009708204,0.0408340065282735,1.0,V12.0
4881.752790785206,0.17582905068288052,1.1494113396566832,0.06210515744642357,-0.006633524049107682,1.069372289723117,1,1.0,10.960464009708204,0.04215102569976043,1.0,V12.0
4889.994649632584,0.1734352501867103,1.147017539160513,0.06397177193590892,-0.006429697856169415,1.0645733458477502,1,1.0,10.960464009708204,0.04348855971878616,1.0,V12.0
4898.250423202842,0.1711106833179298,1.1446929722917325,0.06586327837359163,-0.00623510689518127,1.0597341416378123,1,1.0,10.960464009708204,0.044845289272296564,1.0,V12.0
4906.520134988196,0.16931684875022732,1.14289913772403,0.06779911588177576,-0.006111311530043692,1.0545863090803715,1,1.0,10.960464009708204,0.04621982376842676,1.0,V12.0
4914.803808520523,0.16752301418252485,1.1411053031563276,0.06975397456001903,-0.005987516164906114,1.0494384765229308,1,1.0,10.960464009708204,0.04761070711943103,1.0,V12.0
4923.101467371425,0.1657291796148224,1.1393114685886252,0.07172407806075755,-0.005863720799768536,1.04429064396549,1,1.0,10.960464009708204,0.04901541873786177,1.0,V12.0
4931.413135152306,0.1639353450471199,1.1375176340209225,0.07370867560914675,-0.005739925434630958,1.0391428114080494,1,1.0,11.13972920554933,0.050433495841058766,1.0,V12.0
4939.738835514427,0.16214151047941744,1.13572379945322,0.07570669358691355,-0.005616130069493381,1.0339949788506086,1,1.0,11.13972920554933,0.051864252201725934,1.0,V12.0
4948.078592148983,0.16034767591171498,1.1339299648855177,0.07771394836114302,-0.0054923347043558035,1.028847146293168,1,1.0,11.13972920554933,0.053304865021427575,1.0,V12.0
4956.432428787168,0.1585538413440125,1.1321361303178152,0.07972781909200385,-0.005368539339218226,1.0236993137357273,1,1.0,10.907431253941184,0.05475357084957854,1.0,V12.0
4964.800369200237,0.15676000677631002,1.1303422957501128,0.08174561707085284,-0.005244743974080647,1.0185514811782863,1,1.0,10.907431253941184,0.056208550868291456,1.0,V12.0
4973.182437199582,0.15496617220860753,1.1285484611824104,0.08376459618607154,-0.00512094860894307,1.0134036486208458,1,1.0,11.13972920554933,0.05766793775572248,1.0,V12.0
4981.578656636793,0.15317233764090504,1.1267546266147077,0.08578195006961079,-0.004997153243805492,1.008255816063405,1,1.0,11.13972920554933,0.059129813419298995,1.0,V12.0
4989.9890514037315,0.1513785030732045,1.1249607920470073,0.08779482533276838,-0.004873357878668045,1.0031079835059697,1,1.0,11.266257110798115,0.060592217816207015,1.0,V12.0
4998.4136454325935,0.149584668505502,1.1231669574793046,0.0898003066246165,-0.004749562513530467,0.9979601509485291,2,1.4839210167563712,11.3927850160469,0.06205313836857781,1.0,V12.0
5006.852462695979,0.14779083393779954,1.1213731229116022,0.09179547788068018,-0.0046257671483928885,0.9928123183910883,2,1.4839210167563712,11.3927850160469,0.0635105520136139,1.0,V12.0
5015.305527206962,0.14599699937009708,1.1195792883438997,0.09377736955124703,-0.004501971783255313,0.9876644858336476,3,1.4874910665078962,11.266257110798115,0.06496238858191619,1.0,V12.0
5023.77286301916,0.1442031648023946,1.1177854537761973,0.09574298838273872,-0.004378176418117735,0.982516653276207,3,1.4874910665078962,11.266257110798115,0.0664065511605512,1.0,V12.0
5032.254494226796,0.14240933023469213,1.1159916192084949,0.09768932267338845,-0.0042543810529801565,0.9773688207187663,3,1.4874910665078962,11.266257110798115,0.06784091957630962,1.0,V12.0
5040.750444964773,0.14061549566698964,1.1141977846407924,0.09961334912573558,-0.004130585687842578,0.9722209881613254,3,1.4874910665078962,11.266257110798115,0.06926335501533484,1.0,V12.0
5049.260739408743,0.13882166109928717,1.11240395007309,0.1015120398343471,-0.004006790322705001,0.9670731556038848,3,1.671388077240893,11.033959159189969,0.07067170477151048,1.0,V12.0
5057.785401775171,0.1370278265315847,1.1106101155053874,0.10338236890333341,-0.003882994957567423,0.9619253230464442,3,1.671388077240893,11.033959159189969,0.07206380677241665,1.0,V12.0
5066.324456321407,0.13523399196388222,1.108816280937685,0.10522132114342199,-0.0037591995924298456,0.9567774904890032,3,1.671388077240893,11.033959159189969,0.07343749559067785,1.0,V12.0
5074.877927345756,0.13344015739617976,1.1070224463699825,0.10702590081376157,-0.0036441098356551817,0.9516296579315627,3,1.671388077240893,11.033959159189969,0.07479060853178203,1.0,V12.0
5083.445839187544,0.13164632282847727,1.10522861180228,0.10879313031218316,-0.003883696056852163,0.946481825374122,3,1.671388077240893,11.033959159189969,0.07612098473482551,1.0,V12.0
5092.0282162271915,0.1298524882607748,1.1034347772345776,0.11052006609326807,-0.0041232822780491426,0.9413339928166813,3,1.7872559974699815,10.675133302333036,0.07742647633567372,1.0,V12.0
5100.6250828862785,0.12805865369307423,1.101640942666877,0.11220380439879837,-0.004362868499245871,0.9361861602592458,3,1.7872559974699815,10.675133302333036,0.07870495256833264,1.0,V12.0
5109.236463627616,0.12626481912537174,1.0998471080991745,0.11384148787171466,-0.004602454720442851,0.9310383277018052,3,1.7872559974699815,10.675133302333036,0.07995430451783758,1.0,V12.0
5117.862382955317,0.12447098455766928,1.098053273531472,0.11543031154654859,-0.00484204094163983,0.9258904951443645,3,1.7872559974699815,10.675133302333036,0.08117244947064119,1.0,V12.0
5126.502865414863,0.1226771499899668,1.0962594389637694,0.11696753158111571,-0.005081627162836811,0.9207426625869239,3,1.7872559974699815,10.675133302333036,0.08235733722810404,1.0,V12.0
5135.157935593176,0.12088331542226433,1.094465604396067,0.11845047437623228,-0.005321213384033792,0.9155948300294829,3,1.7872559974699815,10.675133302333036,0.08350695674144545,1.0,V12.0
5143.827618118689,0.11908948085456186,1.0926717698283646,0.11987653802922774,-0.00556079960523077,0.9104469974720424,3,1.7897012510515755,11.033959159189969,0.08461933738562626,1.0,V12.0
5152.511937661416,0.11729564628685937,1.0908779352606621,0.12124320160764905,-0.005800385826427751,0.9052991649146015,3,1.7897012510515755,11.033959159189969,0.08569255577009569,1.0,V12.0
5161.210918933018,0.11550181171915691,1.0890841006929597,0.12254802631565656,-0.006039972047624731,0.9001513323571608,3,1.7897012510515755,11.033959159189969,0.08672473686403745,1.0,V12.0
5169.924586686879,0.11370797715145442,1.0872902661252573,0.12378867899943374,-0.006279558268821712,0.8950034997997203,3,1.8026563830645321,11.3927850160469,0.08771407095915577,1.0,V12.0
5178.652965718174,0.11191414258375196,1.0854964315575546,0.12496292275299072,-0.006519144490018692,0.8898556672422794,3,1.9095499661748359,11.110689401950728,0.08865880742034944,1.0,V12.0
5187.39608086394,0.11012030801604948,1.0837025969898522,0.1260686268792114,-0.00675873071121567,0.8847078346848388,3,1.9095499661748359,11.110689401950728,0.08955726213827901,1.0,V12.0
5196.1539570031455,0.108326473448347,1.0819087624221497,0.1271037751691317,-0.0069983169324126515,0.879560002127398,3,1.9095499661748359,11.110689401950728,0.09040782384276055,1.0,V12.0
5204.926619056762,0.10653263888064642,1.080114927854449,0.12806646698202284,-0.007237903153609379,0.8744121695699628,3,1.9095499661748359,11.110689401950728,0.09120895533728615,1.0,V12.0
5213.714091987837,0.10473880431294395,1.0783210932867466,0.12895492333425765,-0.007477489374806359,0.8692643370125219,3,1.9523201046515433,11.54624550156842,0.09195919831483972,1.0,V12.0
5222.516400801559,0.10294496974524148,1.0765272587190442,0.12976749319664677,-0.00771707559600334,0.8641165044550814,3,1.9523201046515433,11.54624550156842,0.09265717835957382,1.0,V12.0
5231.333570545338,0.101151135177539,1.0747334241513418,0.13050265856899695,-0.00795666181720032,0.8589686718976406,3,1.9523201046515433,11.54624550156842,0.09330160911276213,1.0,V12.0
5240.165626308867,0.09935730060983652,1.0729395895836393,0.13115903991378838,-0.008196248038397299,0.8538208393401999,3,1.9523201046515433,11.54624550156842,0.09389129672792716,1.0,V12.0
5249.012593224201,0.09756346604213406,1.071145755015937,0.13173539618258223,-0.008435834259594282,0.8486730067827591,3,1.630219516090023,10.962095032034703,0.09442514048452193,1.0,V12.0
5257.8744964658235,0.09599287658933407,1.0695751655631367,0.1322518202527679,-0.00860896121740438,0.8435208830676606,3,1.630219516090023,10.962095032034703,0.09490213984501511,1.0,V12.0
5266.751361250721,0.09474403926592913,1.068326328239732,0.13271702573776586,-0.00868630372984333,0.8383625747195202,3,1.630219516090023,10.962095032034703,0.09532138725202817,1.0,V12.0
5275.643212838453,0.09349520194252416,1.067077490916327,0.13309973245776796,-0.008763646242282278,0.83320426637138,3,1.630219516090023,10.962095032034703,0.09568208111802474,1.0,V12.0
5284.550076531225,0.09224636461911921,1.065828653592922,0.13339919246477994,-0.008840988754721227,0.8280459580232397,3,1.630219516090023,10.962095032034703,0.09598352543624773,1.0,V12.0
5293.471977673962,0.09099752729571425,1.064579816269517,0.1336148098958341,-0.008918331267160177,0.8228876496750994,3,1.630219516090023,10.962095032034703,0.09622513122285478,1.0,V12.0
5302.408941654377,0.08974868997231061,1.0633309789461134,0.1337461452177031,-0.008995673779599044,0.8177293413269645,3,1.630219516090023,10.962095032034703,0.09640642005827833,1.0,V12.0
5311.360993903044,0.08849985264890566,1.0620821416227084,0.13379292275760435,-0.009073016292037994,0.8125710329788244,3,1.630219516090023,10.962095032034703,0.09652703001846101,1.0,V12.0
5320.328159893474,0.0872510153255007,1.0608333042993034,0.13375499372507327,-0.009120931641662168,0.8074127246306839,3,1.630219516090023,10.962095032034703,0.0965866894976207,1.0,V12.0
5329.310465142182,0.08600217800209575,1.0595844669758985,0.13363238256050763,-0.009058138666455851,0.8022544162825437,3,1.630219516090023,10.962095032034703,0.09658525111512552,1.0,V12.0
5338.307935208765,0.0847533406786908,1.0583356296524935,0.13342526720542808,-0.008995345691249537,0.7970961079344033,3,1.630219516090023,10.962095032034703,0.09652267800372726,1.0,V12.0
5347.320595695973,0.08350450335528584,1.0570867923290885,0.1331339846459123,-0.00893255271604322,0.7919377995862631,3,1.630219516090023,10.962095032034703,0.09639904832308596,1.0,V12.0
5356.348472249777,0.08225566603188089,1.0558379550056836,0.1327590250480683,-0.008869759740836905,0.7867794912381229,3,1.630219516090023,10.962095032034703,0.0962145515301043,1.0,V12.0
5365.3915905594495,0.08100682870847593,1.0545891176822786,0.13230103099754048,-0.008806966765630588,0.7816211828899826,3,1.630219516090023,10.962095032034703,0.09596948833139074,1.0,V12.0
5374.449976357634,0.07975799138507099,1.0533402803588736,0.13176079777837968,-0.008744173790424272,0.7764628745418424,3,1.630219516090023,10.962095032034703,0.09566427139008896,1.0,V12.0
5383.523655420417,0.07850915406166603,1.0520914430354686,0.13113926828421882,-0.008681380815217955,0.771304566193702,3,1.630219516090023,10.962095032034703,0.09529942213583163,1.0,V12.0
5392.612653567403,0.07726031673826109,1.050842605712064,0.13043752881827936,-0.00861858784001164,0.7661462578455618,3,1.630219516090023,10.962095032034703,0.09487556820381131,1.0,V12.0
5401.716996661788,0.07601147941485611,1.049593768388659,0.12965681206133728,-0.008555794864805323,0.7609879494974214,3,1.8263323194241088,11.54624550156842,0.0943934460783377,1.0,V12.0
5410.836710610433,0.07476264209145247,1.0483449310652553,0.12879849057630446,-0.008493001889599073,0.7558296411492866,3,1.8263323194241088,11.54624550156842,0.09385389685497506,1.0,V12.0
5419.971821363939,0.07351380476804752,1.0470960937418503,0.12786407293350435,-0.008430208914392757,0.7506713328011463,3,1.8263323194241088,11.54624550156842,0.09325786389092759,1.0,V12.0
5429.122354916716,0.07226496744464257,1.0458472564184453,0.12685519956866503,-0.008367415939186442,0.7455130244530059,3,1.8263323194241088,11.54624550156842,0.09260639024745085,1.0,V12.0
5438.288337307063,0.07101613012123761,1.0445984190950404,0.1257736354621451,-0.008337873188822446,0.7403547161048657,3,1.9903579811264405,11.612173377637532,0.09190061379559095,1.0,V12.0
5447.469794617237,0.06976729279783266,1.0433495817716354,0.12462127366504804,-0.008401679160768635,0.7351964077567255,3,1.9817280102861474,11.678101253706645,0.0911417702279749,1.0,V12.0
5456.666752973534,0.06851845547442771,1.0421007444482304,0.12340012129440088,-0.008465485132714822,0.7300380994085852,3,1.9817280102861474,11.678101253706645,0.0903311832541497,1.0,V12.0
5465.879238546354,0.06726961815102275,1.0408519071248254,0.12211229972993615,-0.00852929110466101,0.724879791060445,3,1.7763578155445043,11.612173377637532,0.08947026514744347,1.0,V12.0
5475.1072775502835,0.0660207808276178,1.0396030698014205,0.12076003036168098,-0.008593097076607199,0.7197214827123047,3,1.7763578155445043,11.612173377637532,0.08856050669837975,1.0,V12.0
5484.350896244172,0.06477194350421284,1.0383542324780155,0.11934563721880716,-0.008656903048553388,0.7145631743641644,3,1.7763578155445043,11.612173377637532,0.08760347950421485,1.0,V12.0
5493.610120931185,0.06352310618080789,1.0371053951546105,0.1178715375644133,-0.008720709020499576,0.709404866016024,3,1.7763578155445043,11.612173377637532,0.0866008294295875,1.0,V12.0
5502.884977958911,0.062274268857402934,1.0358565578312056,0.11634023530276948,-0.008784514992445761,0.7042465576678838,3,1.7763578155445043,11.612173377637532,0.08555427209936356,1.0,V12.0
5512.175493719417,0.061025431533997976,1.0346077205078008,0.1147543141815497,-0.008848320964391952,0.6990882493197436,3,1.7888228393143335,11.54624550156842,0.08446558821572224,1.0,V12.0
5521.48169464933,0.05977659421059302,1.0333588831843958,0.11311642812307057,-0.008912126936338138,0.6939299409716032,3,1.7888228393143335,11.54624550156842,0.08333661673423463,1.0,V12.0
5530.803607229905,0.058527756887188066,1.0321100458609909,0.11142930245942906,-0.008975932908284327,0.688771632623463,3,1.7888228393143335,11.54624550156842,0.08216925604289833,1.0,V12.0
5540.141257987108,0.057278919563783115,1.030861208537586,0.10969572065594856,-0.009039738880230515,0.6836133242753227,3,1.7888228393143335,11.54624550156842,0.08096545443673986,1.0,V12.0
5549.4946734916875,0.05603008224037816,1.029612371214181,0.10791851157363935,-0.009103544852176704,0.6784550159271824,3,1.7888228393143335,11.54624550156842,0.07972720093789663,1.0,V12.0
5558.863880359255,0.054781244916973205,1.028363533890776,0.10610055072876326,-0.009167350824122891,0.6732967075790421,3,1.7888228393143335,11.54624550156842,0.07845652641505667,1.0,V12.0
5568.248905250352,0.053532407593568254,1.027114696567371,0.1042447514903529,-0.00923115679606908,0.6681383992309018,3,1.7888228393143335,11.54624550156842,0.07715549726180479,1.0,V12.0
5577.649774870535,0.052283570270163296,1.025865859243966,0.1023540504797302,-0.009294962768015268,0.6629800908827616,3,1.7888228393143335,11.54624550156842,0.07582620474458672,1.0,V12.0
5587.066515970445,0.05103473294675966,1.0246170219205624,0.1004314126022351,-0.009358768739961389,0.6578217825346268,3,1.7896458574094807,10.90763419124493,0.07447076884894407,1.0,V12.0
5596.499155345888,0.0497858956233547,1.0233681845971574,0.09847981259192246,-0.009585137692191768,0.6525528601636587,3,1.7896458574094807,10.90763419124493,0.07309132471515822,1.0,V12.0
5605.947719837905,0.04853705829994975,1.0221193472737524,0.09650224473225896,-0.009884691123484278,0.6472715837598347,2,1.0230421664624851,10.325205102106743,0.07169002992990428,1.0,V12.0
5615.412236332861,0.047288220976544795,1.0208705099503474,0.09450172491829238,-0.010184244554776789,0.6419903073560109,2,1.0180118436487524,10.381387323292046,0.0702690661638466,1.0,V12.0
5624.892731762505,0.04603938365313984,1.0196216726269425,0.09248116482707222,-0.010483797986069299,0.6367090309521871,1,1.0,10.49416078231917,0.06883054563294312,1.0,V12.0
5634.389233104058,0.044790546329734886,1.0183728353035375,0.0904435204425104,-0.010783351417361808,0.6314277545483633,1,1.0,10.49416078231917,0.06737662142014476,1.0,V12.0
5643.901767380287,0.04388560271895808,1.0174678916927609,0.08841439071730244,-0.010904845973569255,0.6264161823397274,1,1.0,10.49416078231917,0.06590943757334157,1.0,V12.0
5653.430361659583,0.043125350485636545,1.0167076394594392,0.0863823190785965,-0.01095142324295776,0.6215180866794383,1,1.0,10.49416078231917,0.06443112396321322,1.0,V12.0
5662.9750430560325,0.042365098252315006,1.0159473872261178,0.08434041031168084,-0.01099800051234627,0.6166199910191491,1,1.0,10.49416078231917,0.06294379130644351,1.0,V12.0
5672.535838729502,0.041604846018993474,1.0151871349927961,0.08229147912795237,-0.011044577781734777,0.61172189535886,1,1.0,10.49416078231917,0.06144952607238519,1.0,V12.0
5682.112775885711,0.04084459378567193,1.0144268827594747,0.08023829550760476,-0.011091155051123285,0.6068237996985709,1,1.0,10.49416078231917,0.0599503860499539,1.0,V12.0
5691.705881776309,0.04008434155235039,1.013666630526153,0.0781835783993276,-0.011137732320511793,0.6019257040382817,1,1.0,10.49416078231917,0.05844839555615371,1.0,V12.0
5701.315183698957,0.03932408931902965,1.0129063782928325,0.07612999012051415,-0.01118430958990025,0.5970276083779978,1,1.0,10.49416078231917,0.056945541152236975,1.0,V12.0
5710.940708997402,0.03856383708570811,1.0121461260595108,0.07408013062711953,-0.011230886859288757,0.5921295127177088,1,1.0,10.49416078231917,0.05544376724768234,1.0,V12.0
5720.582485061554,0.03780358485238658,1.0113858738261894,0.07203653257660458,-0.011277464128677264,0.5872314170574197,1,1.0,10.49416078231917,0.053944972283062324,1.0,V12.0
5730.240539327564,0.037043332619065034,1.0106256215928677,0.07000165640938741,-0.011324041398065773,0.5823333213971305,1,1.0,10.49416078231917,0.05245100491373267,1.0,V12.0
5739.914899277909,0.036283080385743495,1.0098653693595463,0.0679778857413654,-0.01137061866745428,0.5774352257368414,1,1.0,10.49416078231917,0.05096366041368261,1.0,V12.0
5749.6055924414595,0.035522828152421956,1.0091051171262246,0.06596752317320716,-0.011418107829121558,0.5725371300765523,1,1.0,10.49416078231917,0.049484677379714806,1.0,V12.0
5759.312646393564,0.03476257591910042,1.0083448648929032,0.06397278634216998,-0.011476812634365422,0.5676390344162632,1,1.0,10.49416078231917,0.04801573460637231,1.0,V12.0
5769.036088756129,0.03400232368577888,1.0075846126595815,0.06199580450518136,-0.01153551743960928,0.562740938755974,1,1.0,10.49416078231917,0.04655844834913607,1.0,V12.0
5778.775947197692,0.03324207145245735,1.0068243604262601,0.060038615243011004,-0.011594222244853142,0.557842843095685,1,1.0,10.49416078231917,0.045114369669231706,1.0,V12.0
5788.532249433504,0.0324818192191358,1.0060641081929385,0.05810316172894937,-0.011621128371016368,0.5529447474353958,1,1.0,10.49416078231917,0.04368498219375564,1.0,V12.0
5798.305023225609,0.03172156698581426,1.005303855959617,0.05619129020779012,-0.011652930290544693,0.5480466517751067,1,1.0,10.49416078231917,0.04227170002632272,1.0,V12.0
5808.09429638292,0.03096131475249272,1.0045436037262954,0.05430474796108297,-0.011701518759348342,0.5431485561148175,1,1.0,10.49416078231917,0.04087586601656193,1.0,V12.0
5817.900096761301,0.030201062519171984,1.0037833514929746,0.05244518156685493,-0.01175010722815194,0.5382504604545337,1,1.0,10.49416078231917,0.03949875024544397,1.0,V12.0
5827.722452263644,0.02944081028585045,1.0030230992596532,0.05061413552483391,-0.011798695696955588,0.5333523647942445,1,1.0,10.49416078231917,0.03814154878083575,1.0,V12.0
5837.561390839951,0.028680558052528907,1.0022628470263317,0.04881305130844724,-0.011847284165759238,0.5284542691339554,1,1.0,10.49416078231917,0.03680538275056581,1.0,V12.0
5847.416940487409,0.027920305819207368,1.00150259479301,0.04704326666911641,-0.011895872634562887,0.5235561734736662,1,1.0,10.49416078231917,0.03549129760264223,1.0,V12.0
5857.2891292504755,0.02716005358588583,1.0007423425596886,0.04530601537623596,-0.011944461103366534,0.5186580778133772,1,1.0,10.49416078231917,0.034200262691809084,1.0,V12.0
5867.177985220955,0.02639980135256429,0.999982090326367,0.04360242721334309,-0.011993049572170181,0.513759982153088,1,1.0,10.49416078231917,0.03293317105818081,1.0,V12.0
5877.083536538077,0.025639549119242752,0.9992218380930454,0.041933528408880566,-0.01204163804097383,0.5088618864927988,1,1.0,10.49416078231917,0.0316908395335529,1.0,V12.0
5887.005811388582,0.024879296885921214,0.9984615858597239,0.0403002423888292,-0.012090226509777478,0.5039637908325098,1,1.0,10.49416078231917,0.030474009091468905,1.0,V12.0
5896.944838006795,0.024119044652599675,0.9977013336264025,0.038703390493973186,-0.012138814978581127,0.4990656951722207,1,1.0,10.49416078231917,0.02928334517173643,1.0,V12.0
5906.900644674713,0.023358792419278136,0.9969410813930809,0.03714369373736277,-0.012187403447384774,0.49416759951193157,1,1.0,10.49416078231917,0.028119438793539717,1.0,V12.0
5916.873259722075,0.022598540185956598,0.9961808291597594,0.03562177403498439,-0.012235991916188424,0.4892695038516424,1,1.0,10.49416078231917,0.026982807273363156,1.0,V12.0
5926.862711526455,0.02183828795263506,0.9954205769264378,0.034138156296803675,-0.012284580384992073,0.4843714081913534,1,1.0,10.49416078231917,0.02587389559748823,1.0,V12.0
5936.869028513335,0.021078035719314322,0.994660324693117,0.03269327037869197,-0.01233316885379567,0.4794733125310694,1,1.0,10.49416078231917,0.024793077693738626,1.0,V12.0
5946.892239156187,0.020317783485992783,0.9939000724597955,0.03128745348545751,-0.01237752392543879,0.4745752168707803,1,1.0,10.49416078231917,0.02374065804992178,1.0,V12.0
5956.932371976556,0.019557531252671245,0.993139820226474,0.029920952787537303,-0.012267561015700156,0.46967712121049116,1,1.0,10.49416078231917,0.022716873500092712,1.0,V12.0
5966.989455544138,0.018797279019349702,0.9923795679931524,0.02859392803822494,-0.012081247219685712,0.464779025550202,1,1.0,10.49416078231917,0.021721895017415085,1.0,V12.0
5977.0635184768635,0.018037026786028167,0.9916193157598309,0.02730645468729245,-0.011894933423671266,0.45988092988991297,1,1.0,10.49416078231917,0.020755829890551036,1.0,V12.0
5987.154589440982,0.017276774552706625,0.9908590635265093,0.026058526947192864,-0.011708619627656824,0.4549828342296238,1,1.0,10.606934241346297,0.019818723871536912,1.0,V12.0
5997.2626971511345,0.016516522319385087,0.9900988112931878,0.02485006106291712,-0.011522305831642378,0.4500847385693347,1,1.0,10.606934241346297,0.01891056348609298,1.0,V12.0
6007.387870370447,0.015756270086063548,0.9893385590598662,0.02368089871196302,-0.01158529124038465,0.4451866429090455,1,1.0,10.606934241346297,0.018031278451028355,1.0,V12.0
6017.530137910601,0.01499601785274201,0.9885783068265447,0.02255081051612252,-0.011650525101270768,0.4402885472487565,1,1.0,10.606934241346297,0.017180744185237868,1.0,V12.0
6027.689528631924,0.01423576561942047,0.9878180545932231,0.02145949964691299,-0.011715758962156882,0.43539045158846734,1,1.0,10.606934241346297,0.016358784400816076,1.0,V12.0
6037.866071443467,0.013475513386098932,0.9870578023599017,0.020406605506694254,-0.011780992823042995,0.43049235592817825,1,1.0,10.606934241346297,0.015565173760916021,1.0,V12.0
6048.059795303089,0.012715261152777393,0.9862975501265802,0.019391707467818254,-0.011846226683929113,0.4255942602678891,1,1.0,10.606934241346297,0.014799640591151023,1.0,V12.0
6058.270729217538,0.01233320315905637,0.9859154921328591,0.01841964677064367,-0.011795136300098968,0.42137341143216395,1,1.0,10.49416078231917,0.01406186963157642,1.0,V12.0
6068.498902242534,0.01195187021144916,0.9855341591852519,0.017484048341851504,-0.01174382290800268,0.417153860964117,1,1.0,10.49416078231917,0.01335150481658343,1.0,V12.0
6078.744343482852,0.01157053726384195,0.9851528262376447,0.01658435419902677,-0.011692509515906387,0.41293431049607016,1,1.0,10.49416078231917,0.012668152070411517,1.0,V12.0
6089.007082092403,0.01118920431623474,0.9847714932900374,0.015719971608750202,-0.011641196123810095,0.40871476002802337,1,1.0,10.49416078231917,0.012011382106372322,1.0,V12.0
6099.287147274322,0.01080787136862753,0.9843901603424302,0.0148902660756648,-0.011589882731713807,0.4044952095599765,1,1.0,10.49416078231917,0.011380733218368293,1.0,V12.0
6109.584568281044,0.010426538421020322,0.9840088273948231,0.014094565196052657,-0.011538569339617517,0.40027565909192964,1,1.0,10.381387323292046,0.010775714179808916,1.0,V12.0
6119.899374414393,0.01004520547341311,0.9836274944472159,0.013332161789466166,-0.011487255947521225,0.39605610862388274,1,1.0,10.381387323292046,0.010195806595489491,1.0,V12.0
6130.2315950256625,0.009663872525805903,0.9832461614996086,0.012602317931125092,-0.011435942555424934,0.39183655815583596,1,1.0,10.381387323292046,0.00964046794665035,1.0,V12.0
6140.5812595157,0.00928253957819869,0.9828648285520014,0.011904268559443138,-0.01138462916332864,0.38761700768778906,1,1.0,10.381387323292046,0.00910913431625683,1.0,V12.0
6150.948397334991,0.008901206630591482,0.9824834956043942,0.011237224629749123,-0.01133331577123235,0.38339745721974217,1,1.0,10.381387323292046,0.00860122277169919,1.0,V12.0
6161.333037983741,0.00851987368298427,0.982102162656787,0.010600376561991863,-0.011282002379136059,0.3791779067516953,1,1.0,10.381387323292046,0.008116133976753929,1.0,V12.0
6171.735211011961,0.008138540735377063,0.9817208297091797,0.009992897490102522,-0.01123068898703977,0.3749583562836485,1,1.0,10.381387323292046,0.007653254656217582,1.0,V12.0
6182.154946019551,0.007757207787770254,0.981339496761573,0.009413946403731135,-0.011179375594943532,0.37073880581560603,1,1.0,10.381387323292046,0.007211959982409162,1.0,V12.0
6192.592272656387,0.0073758748401630434,0.9809581638139657,0.008862671174992367,-0.011128062202847242,0.36651925534755914,1,1.0,10.49416078231917,0.00679161587773756,1.0,V12.0
6203.047220622398,0.006994541892555834,0.9805768308663586,0.00833821146364654,-0.01107674881075095,0.36229970487951235,1,1.0,10.49416078231917,0.0063915812281229115,1.0,V12.0
6213.51981966766,0.0066132089449486234,0.9801954979187514,0.007839701418564216,-0.01102543541865466,0.35808015441146546,1,1.0,10.49416078231917,0.006011209944098456,1.0,V12.0
6224.010099592475,0.006231875997341414,0.9798141649711442,0.007366272562339981,-0.01097412202655837,0.3538606039434186,1,1.0,10.49416078231917,0.005649853166002823,1.0,V12.0
6234.518090247454,0.005850543049734204,0.9794328320235369,0.006917056054191156,-0.010922808634462077,0.3496410534753718,1,1.0,10.49416078231917,0.005306860996054921,1.0,V12.0
6245.043821533608,0.005469210102126995,0.9790514990759297,0.006491185249365242,-0.010871495242365786,0.3454215030073249,1,1.0,10.49416078231917,0.004981584461022306,1.0,V12.0
6255.587323402428,0.005087877154519784,0.9786701661283225,0.006087797615395468,-0.010820181850269495,0.341201952539278,1,1.0,10.49416078231917,0.004673376984612919,1.0,V12.0
6266.148625855974,0.004706544206912574,0.9782888331807152,0.005706037047535561,-0.010768868458173203,0.33698240207123115,1,1.0,10.49416078231917,0.004381596168978532,1.0,V12.0
6276.727758946957,0.004325211259305365,0.9779075002331081,0.005345056016486075,-0.010717555066076913,0.3327628516031843,1,1.0,10.606934241346297,0.004105605450530111,1.0,V12.0
6287.324752778824,0.003943878311698155,0.9775261672855009,0.005004016996210217,-0.010666241673980623,0.3285433011351374,1,1.0,11.51796043762326,0.003844775205529596,1.0,V12.0
6297.93963750585,0.003562545364090945,0.9771448343378937,0.004682042031681443,-0.01088224893495525,0.32432375066709057,1,1.0,12.428986633900225,0.0035984439998992092,1.0,V12.0
6308.572443333217,0.003181212416484138,0.9767635013902869,0.004378376996469311,-0.01113942118313501,0.3201042001990481,1,1.0,12.428986633900225,0.0033660448218963868,1.0,V12.0
6319.223200517102,0.002799879468876928,0.9763821684426797,0.004092204415219456,-0.011188553284612242,0.31588464973100133,1,1.0,12.428986633900225,0.0031469612784825116,1.0,V12.0
6329.891939364764,0.002418546521269718,0.9760008354950724,0.0038227635987608147,-0.011129616370154086,0.31166509926295444,1,1.0,12.428986633900225,0.0029406199355402015,1.0,V12.0
6340.57869023463,0.002037213573662508,0.9756195025474652,0.00356928934240974,-0.011065237044242785,0.3074455487949076,1,1.0,12.428986633900225,0.0027464432113896474,1.0,V12.0
6351.283483536381,0.001655880626055299,0.975238169599858,0.0033310345979023197,-0.011000039928911734,0.3032259983268607,1,1.0,12.428986633900225,0.002563866821080535,1.0,V12.0
6362.0063497310375,0.0012745476784480885,0.9748568366522508,0.00310666620640382,-0.010932048386841238,0.29900644785881386,1,1.0,12.428986633900225,0.0023918745605926296,1.0,V12.0
6372.747319331051,0.000893214730840879,0.9744755037046436,0.002896148176300534,-0.010864056844770743,0.294786897390767,1,1.0,12.428986633900225,0.00223044803630862,1.0,V12.0
6383.506422900381,0.000511881783233669,0.9740941707570364,0.002698785542115266,-0.010781767175468445,0.2905673469227201,1,1.0,12.428986633900225,0.0020790611798487354,1.0,V12.0
6394.283691054594,0.00013054883562645938,0.9737128378094292,0.0025139049044688995,-0.010578797874505995,0.2863477964546733,1,1.0,12.428986633900225,0.0019372039232242585,1.0,V12.0
6405.079154460941,-0.00025078411198075105,0.973331504861822,0.002340854780240966,-0.010668399866489901,0.28212824598662645,1,1.0,12.428986633900225,0.0018043824922647767,1.0,V12.0
6415.892843838452,-0.0006321170595879606,0.9729501719142147,0.0021790039325465306,-0.010611155383270324,0.27790869551857955,1,1.0,12.428986633900225,0.00168011814290309,1.0,V12.0
6426.724789958015,-0.0010134500071951704,0.9725688389666075,0.00202774744238239,-0.01055020243695236,0.27368914505053266,1,1.0,12.428986633900225,0.0015639518661897237,1.0,V12.0
6437.575023642473,-0.0013947829548019795,0.9721875060190007,0.0018865006419158522,-0.010485823111041124,0.2694695945824903,1,1.0,12.428986633900225,0.0014554397368410639,1.0,V12.0
6448.443575766704,-0.0017761159024091892,0.9718061730713935,0.0017547012395449358,-0.010421443785129821,0.2652500441144434,1,1.0,12.428986633900225,0.0013541545754053893,1.0,V12.0
6459.330477257715,-0.0021574488500163995,0.9714248401237863,0.001631809237274972,-0.010357064459218517,0.2610304936463965,1,1.0,12.428986633900225,0.0012596859091287514,1.0,V12.0
6470.235759094724,-0.002538781797623609,0.9710435071761792,0.0015173067791757206,-0.010292685133307215,0.2568109431783497,1,1.0,12.428986633900225,0.0011716398795332016,1.0,V12.0
6481.159452309253,-0.002920114745230819,0.9706621742285719,0.0014106168705795342,-0.01022830580739591,0.25259139271030284,1,1.0,12.428986633900225,0.0010895764846710577,1.0,V12.0
6492.101587985215,-0.003227196107142056,0.9703550928666607,0.0013114305343553023,-0.010156186824005025,0.24865466770554137,1,1.0,12.428986633900225,0.0010132041576376405,1.0,V12.0
6503.062197259,-0.003354518339159819,0.9702277706346429,0.0012193774633764219,-0.010065330542532721,0.24540264806720904,1,1.0,12.428986633900225,0.0009421771320106279,1.0,V12.0
6514.041311319566,-0.0034818405711775826,0.9701004484026251,0.0011337636119373442,-0.009974474261060417,0.24215062842887666,1,1.0,12.428986633900225,0.0008761120152212293,1.0,V12.0
6525.038961408531,-0.0036091628031953453,0.9699731261706074,0.0010542507741213704,-0.009883617979588113,0.23889860879054434,1,1.0,12.428986633900225,0.0008147488987880572,1.0,V12.0
6536.055178820251,-0.003736485035213109,0.9698458039385897,0.0009804564539602247,-0.009792761698115809,0.235646589152212,1,1.0,12.428986633900225,0.0007577935401980117,1.0,V12.0
6547.089994901923,-0.0038638072672308723,0.9697184817065718,0.0009120104108613385,-0.009701905416643505,0.23239456951387966,1,1.0,12.428986633900225,0.0007049610542007195,1.0,V12.0
6558.143441053665,-0.003991129499248635,0.9695911594745541,0.0008485613505134624,-0.009611049135171199,0.2291425498755473,1,1.0,12.428986633900225,0.0006559810898239514,1.0,V12.0
6569.215548728605,-0.004118451731266264,0.9694638372425365,0.0007896810764079261,-0.00952019285369899,0.22589053023721836,1,1.0,12.428986633900225,0.0006105237344835852,1.0,V12.0
6580.306349432978,-0.004245773963284028,0.9693365150105187,0.0007351604063537123,-0.009429336572226688,0.22263851059888604,1,1.0,12.428986633900225,0.0005684282882255791,1.0,V12.0
6591.415874726209,-0.00437309619530179,0.9692091927785009,0.0006847004704253624,-0.009338480290754382,0.21938649096055365,1,1.0,12.428986633900225,0.0005294646341488079,1.0,V12.0
6602.544156221003,-0.004500418427319554,0.9690818705464832,0.0006380191903720881,-0.009247624009282076,0.21613447132222136,1,1.0,12.428986633900225,0.0004934155506493483,1.0,V12.0
6613.691225583439,-0.004627740659337317,0.9689545483144654,0.0005951563576421439,-0.009156767727809774,0.21288245168388897,1,1.0,12.428986633900225,0.00046031267472396197,1.0,V12.0
6624.857114533056,-0.004755062891355081,0.9688272260824476,0.0005555221333508494,-0.009065911446337468,0.20963043204555662,1,1.0,12.428986633900225,0.00042970063193960105,1.0,V12.0
6636.041854842948,-0.0048823851233728436,0.9686999038504299,0.0005188846848987982,-0.008975055164865164,0.2063784124072243,1,1.0,12.428986633900225,0.0004014008163391568,1.0,V12.0
6647.245478339849,-0.005009707355390607,0.9685725816184121,0.00048502617384190485,-0.00888419888339286,0.20312639276889194,1,1.0,12.428986633900225,0.0003752453783108578,1.0,V12.0
6658.468016904226,-0.005137029587408371,0.9684452593863944,0.0004537421702585824,-0.008793342601920558,0.1998743731305596,1,1.0,12.428986633900225,0.00035107677676115634,1.0,V12.0
6669.709502470371,-0.005264351819426133,0.9683179371543766,0.00042484107194586926,-0.008702486320448252,0.19662235349222726,1,1.0,12.428986633900225,0.00032874733475958475,1.0,V12.0
6680.96996702649,-0.005391674051443897,0.9681906149223588,0.0003981435280365437,-0.008611630038975948,0.1933703338538949,1,1.0,12.428986633900225,0.0003081187983422636,1.0,V12.0
6692.249442614794,-0.0055189962834616595,0.9680632926903411,0.0003734818690561142,-0.008520773757503642,0.19011831421556255,1,1.0,12.428986633900225,0.0002890619000387865,1.0,V12.0
6703.547961331592,-0.0056463185154792895,0.9679359704583235,0.0003506995445620611,-0.008429917476031435,0.18686629457723367,1,1.0,12.428986633900225,0.00027145592800998785,1.0,V12.0
6714.865555327381,-0.005773640747497052,0.9678086482263056,0.000329650570226417,-0.00833906119455913,0.18361427493890126,0,0.0,,0.0002551883022411638,1.0,V12.0
6726.202256806937,-0.005900962979514815,0.9676813259942879,0.0003101989919743353,-0.008248204913086827,0.18036225530056896,0,0.0,,0.0002401541636892815,1.0,V12.0
6737.558098029408,-0.006028285211532578,0.9675540037622702,0.0002922183552383354,-0.008337908790333014,0.1771102356622366,0,0.0,,0.0002262559671480901,1.0,V12.0
6748.9331113084045,-0.006155607443550341,0.9674266815302524,0.0002755911907495439,-0.008450210264480116,0.17385821602390425,0,0.0,,0.00021340308667775523,1.0,V12.0
6760.327329012093,-0.006282929675568106,0.9672993592982346,0.00026020851493663245,-0.008392160525019857,0.1706061963855719,0,0.0,,0.00020151143211359903,1.0,V12.0
6771.740783563285,-0.006410251907585869,0.9671720370662169,0.00024596934571068584,-0.008304484366448754,0.16735417674723954,0,0.0,,0.0001905030772643326,1.0,V12.0
6783.173507439535,-0.0065375741396036325,0.9670447148341991,0.0002327802342715488,-0.00834545675844683,0.1641021571089072,0,0.0,,0.0001803059003001313,1.0,V12.0
6794.625533173224,-0.006664896371621395,0.9669173926021813,0.00022055481343730103,-0.00844586062373193,0.16085013747057486,0,0.0,,0.00017085323672757352,1.0,V12.0
6806.096893351663,-0.006792218603639158,0.9667900703701635,0.00020897192331284829,-0.008546264489017031,0.1575981178322425,0,0.0,,0.00016189649515427945,1.0,V12.0
6817.587620617177,-0.006919540835656921,0.9666627481381458,0.00019822622724416586,-0.00864666835430213,0.15434609819391015,0,0.0,,0.00015358664845885689,1.0,V12.0
6829.097747667202,-0.007046863067674685,0.9665354259061281,0.00018824726741962583,-0.00874707221958723,0.15109407855557783,0,0.0,,0.00014586929166620984,1.0,V12.0
6840.627307254376,-0.007174185299692314,0.9664081036741105,0.00017897030525456685,-0.008847476084872224,0.14784205891724891,0,0.0,,0.00013869443048826195,1.0,V12.0
6852.176332186636,-0.0073015075317100775,0.9662807814420926,0.00017024407162624793,-0.008947879950157323,0.14459003927891653,0,0.0,,0.00013194498677248588,1.0,V12.0
6863.744855327304,-0.00742882976372784,0.9661534592100749,0.0001621098608422425,-0.009048283815442424,0.1413380196405842,0,0.0,,0.0001256530941320198,1.0,V12.0
6875.332909595189,-0.007556151995745604,0.9660261369780572,0.00015452374217881965,-0.009148687680727524,0.13808600000225185,0,0.0,,0.00011978483350920987,1.0,V12.0
6886.940527964675,-0.007683474227763366,0.9658988147460393,0.00014755935484425534,-0.009249091546012625,0.13483398036391953,0,0.0,,0.00011439742016150304,1.0,V12.0
6898.567743465818,-0.00781079645978113,0.9657714925140216,0.0001410406039197013,-0.009349495411297723,0.13158196072558714,0,0.0,,0.0001093544630080488,1.0,V12.0
6910.2145891844375,-0.007938118691798893,0.9656441702820038,0.0001349300884873514,-0.009449899276582824,0.1283299410872548,0,0.0,,0.00010462706276957678,1.0,V12.0
6921.881098262212,-0.008065440923816655,0.965516848049986,0.00012919373467421574,-0.009550303141867923,0.1250779214489225,0,0.0,,0.00010018888885434441,1.0,V12.0
6933.567303896772,-0.00819276315583442,0.9653895258179683,0.00012380053598284066,-0.009650707007153023,0.12182590181059012,0,0.0,,9.601597923469341e-05,1.0,V12.0
6945.273239341797,-0.008320085387852182,0.9652622035859505,0.00011872328399271099,-0.009751110872438124,0.11857388217225777,0,0.0,,9.208730838265051e-05,1.0,V12.0
6956.998937907109,-0.008447407619869946,0.9651348813539328,0.00011393530768457592,-0.009851514737723223,0.11532186253392541,0,0.0,,8.83822593383638e-05,1.0,V12.0
6968.744432958767,-0.008496762143459893,0.9650855268303429,0.00010942002830514564,-0.00987832704218971,0.11280465479491351,0,0.0,,8.488290223368164e-05,1.0,V12.0
6980.50975791916,-0.008491157746881913,0.9650911312269208,0.0001051537768506405,-0.00985326514389178,0.11080541108649447,0,0.0,,8.157299072642143e-05,1.0,V12.0
6992.294946267104,-0.008485553350303926,0.9650967356234988,0.00010111274070824678,-0.009828203245593824,0.10880616737807335,0,0.0,,7.843781790757555e-05,1.0,V12.0
7004.10003153794,-0.008479948953725941,0.9651023400200768,9.72797757330005e-05,-0.009803141347295867,0.1068069236696522,0,0.0,,7.546408205168714e-05,1.0,V12.0
7015.925047323624,-0.008474344557147956,0.9651079444166548,9.363938793769472e-05,-0.00977807944899791,0.10480767996123108,0,0.0,,7.263976175699226e-05,1.0,V12.0
7027.770027272828,-0.00846874016056997,0.9651135488132327,9.017758409511363e-05,-0.009753017550699954,0.10280843625280993,0,0.0,,6.99540000243607e-05,1.0,V12.0
7039.63500509103,-0.008463135763991984,0.9651191532098108,8.699097252650782e-05,-0.009727955652401999,0.1008091925443888,0,0.0,,6.748173727528303e-05,1.0,V12.0
7051.520014540613,-0.008457531367414,0.9651247576063887,8.394685231533147e-05,-0.009702893754104042,0.09880994883596766,0,0.0,,6.512003073964833e-05,1.0,V12.0
7063.425089440965,-0.008451926970836013,0.9651303620029668,8.173811808147469e-05,-0.009677831855806085,0.09681070512754653,0,0.0,,6.340637527871123e-05,1.0,V12.0
7075.350263668566,-0.008446322574258027,0.9651359663995447,7.957561122405676e-05,-0.009652769957508129,0.09481146141912539,0,0.0,,6.172859433519089e-05,1.0,V12.0
7087.295571157095,-0.008440718177680042,0.9651415707961227,7.749925157289594e-05,-0.009627708059210174,0.09281221771070423,0,0.0,,6.011765401789341e-05,1.0,V12.0
7099.261045897515,-0.008435113781102056,0.9651471751927007,7.546817016412902e-05,-0.009602646160912217,0.0908129740022831,0,0.0,,5.854185075473867e-05,1.0,V12.0
7111.246721938181,-0.008429509384524077,0.9651527795892787,7.348338641176542e-05,-0.009577584262614286,0.08881373029386407,0,0.0,,5.700197485956146e-05,1.0,V12.0
7123.25263338493,-0.00842390498794609,0.9651583839858566,7.154579322090433e-05,-0.009552522364316331,0.08681448658544294,0,0.0,,5.549871849834828e-05,1.0,V12.0
7135.27881440118,-0.008418300591368106,0.9651639883824347,6.96561580882957e-05,-0.009527460466018375,0.0848152428770218,0,0.0,,5.4032676545082e-05,1.0,V12.0
7147.325299208026,-0.008412696194790119,0.9651695927790126,6.781512468539882e-05,-0.00950239856772042,0.08281599916860066,0,0.0,,5.260434781183907e-05,1.0,V12.0
7159.392122084341,-0.008407091798212134,0.9651751971755906,6.602321489378731e-05,-0.009477336669422461,0.08081675546017952,0,0.0,,5.121413662973878e-05,1.0,V12.0
7171.479317366868,-0.008401487401634149,0.9651808015721686,6.428083126678182e-05,-0.009452274771124505,0.07881751175175838,0,0.0,,4.9862354760474684e-05,1.0,V12.0
7183.586919450323,-0.008395883005056162,0.9651864059687466,6.258825988777636e-05,-0.00942721287282655,0.07681826804333725,0,0.0,,4.854922361550797e-05,1.0,V12.0
7195.714962787489,-0.008390278608478177,0.9651920103653245,6.094567359475917e-05,-0.009402150974528593,0.07481902433491612,0,0.0,,4.727487675925619e-05,1.0,V12.0
7207.863481889316,-0.008384674211900192,0.9651976147619026,5.9353135539802295e-05,-0.009377089076230636,0.07281978062649498,0,0.0,,4.603936267204686e-05,1.0,V12.0
7220.03251132502,-0.008379069815322205,0.9652032191584805,5.781060305179725e-05,-0.00935202717793268,0.07082053691807384,0,0.0,,4.4842647748221673e-05,1.0,V12.0
7232.222085722179,-0.00837346541874422,0.9652088235550585,5.631793177043858e-05,-0.009326965279634725,0.06882129320965269,0,0.0,,4.368461950456363e-05,1.0,V12.0
7244.432239766832,-0.008367861022166235,0.9652144279516365,5.4874880019444994e-05,-0.009301903381336766,0.06682204950123155,0,0.0,,4.256508997421127e-05,1.0,V12.0
7256.663008203581,-0.00836225662558825,0.9652200323482145,5.348111338749374e-05,-0.00927684148303881,0.06482280579281041,0,0.0,,4.1483799261601594e-05,1.0,V12.0
7268.914425835685,-0.00835665222901027,0.9652256367447924,5.213620948318646e-05,-0.00925177958474088,0.06282356208439138,0,0.0,,4.044041923231109e-05,1.0,V12.0
7281.186527525161,-0.008351047832432283,0.9652312411413705,5.0839662836489965e-05,-0.009226717686442926,0.06087449792431439,0,0.0,,3.943455731641602e-05,1.0,V12.0
7293.4793481928855,-0.008345443435854298,0.9652368455379484,4.959088991214937e-05,-0.009201655788144967,0.058934506917126026,0,0.0,,3.8465760398606127e-05,1.0,V12.0
7305.79292281869,-0.008339839039276313,0.9652424499345265,4.838923421328345e-05,-0.009176593889847012,0.05699451590993767,0,0.0,,3.7533518778147564e-05,1.0,V12.0
7318.127286441472,-0.008334234642698321,0.9652480543311044,4.723397143581194e-05,-0.00915153199154903,0.055054524902747266,0,0.0,,3.663727016817052e-05,1.0,V12.0
7330.48247415926,-0.008328630246120336,0.9652536587276824,4.612431465178747e-05,-0.009126470093251073,0.05311425397069428,0,0.0,,3.5776403717272494e-05,1.0,V12.0
7342.858521129364,-0.00832302584954235,0.9652592631242604,4.505941949820558e-05,-0.009101408194953116,0.05117282138640046,0,0.0,,3.495026403526579e-05,1.0,V12.0
7355.25546256844,-0.00831742145296437,0.9652648675208384,4.403838934155928e-05,-0.009076346296655186,0.04923138880210867,0,0.0,,3.4158155200006256e-05,1.0,V12.0
7367.6733337526,-0.008311817056386384,0.9652704719174163,4.30602803974572e-05,-0.00905128439835723,0.047289956217814844,0,0.0,,3.339934472926313e-05,1.0,V12.0
7380.112170017516,-0.0083062126598084,0.9652760763139944,4.212410678258901e-05,-0.009026222500059274,0.04534852363352102,0,0.0,,3.267306750001113e-05,1.0,V12.0
7392.572006758513,-0.008300608263230412,0.9652816807105723,4.1228845478498504e-05,-0.009001160601761317,0.043407091049227194,0,0.0,,3.197852959921534e-05,1.0,V12.0
7405.052879430678,-0.008295003866652427,0.9652872851071503,4.0373441188460644e-05,-0.00897609870346336,0.041465658464933365,0,0.0,,3.131491209160366e-05,1.0,V12.0
7417.554823548954,-0.008289399470074442,0.9652928895037283,3.9556811070235285e-05,-0.008949657245585912,0.03952422588063954,0,0.0,,3.068137469106756e-05,1.0,V12.0
7430.077874688243,-0.008283795073496455,0.9652984939003063,3.8777849329107165e-05,-0.008923181078560069,0.03758279329634571,0,0.0,,3.0077059323601506e-05,1.0,V12.0
7442.622068483511,-0.00827819067691847,0.9653040982968842,3.803543165726055e-05,-0.008896704911534227,0.03564136071205188,0,0.0,,2.9501093570963475e-05,1.0,V12.0
7455.187440629885,-0.008272586280340485,0.9653097026934623,3.732841950715564e-05,-0.008873858631292197,0.03369992812775805,0,0.0,,2.895259398549431e-05,1.0,V12.0
7467.774026882755,-0.008266981883762499,0.9653153070900402,3.6655664188187035e-05,-0.008865689940273619,0.03175849554346423,0,0.0,,2.84306692677857e-05,1.0,V12.0
7480.38186305788,-0.008217288512790194,0.9653650004610125,3.601724237755747e-05,-0.008811404252912816,0.030643529591783077,0,0.0,,2.793442330011142e-05,1.0,V12.0
7493.010985031482,-0.008161627215576554,0.9654206617582262,3.541088736124733e-05,-0.008750876124297187,0.029633572585133022,0,0.0,,2.7462958029561876e-05,1.0,V12.0
7505.661428740358,-0.008105965918362858,0.9654763230554398,3.483527661607411e-05,-0.00869034799568149,0.028623615578481903,0,0.0,,2.7015376190585323e-05,1.0,V12.0
7518.333230181973,-0.00805030462114916,0.9655319843526535,3.4289261433410087e-05,-0.008629819867065795,0.027613658571830783,0,0.0,,2.659078388492977e-05,1.0,V12.0
7531.026425414569,-0.007994643323935463,0.9655876456498672,3.377170035393779e-05,-0.0085692917384501,0.026603701565179664,0,0.0,,2.618829299015875e-05,1.0,V12.0
7543.7410505572625,-0.007938982026721764,0.965643306947081,3.3281383507553766e-05,-0.008508763609834404,0.025593744558528548,0,0.0,,2.5806962490252893e-05,1.0,V12.0
7556.477141790153,-0.007883320729508066,0.9656989682442947,3.28172796369848e-05,-0.008448235481218709,0.024583787551877425,0,0.0,,2.544599002515716e-05,1.0,V12.0
7569.23473535442,-0.007827659432294368,0.9657546295415084,3.237969159513382e-05,-0.008387707352603014,0.023573830545226306,0,0.0,,2.5105607776224047e-05,1.0,V12.0
7582.013867552431,-0.007771998135080671,0.965810290838722,3.196597074721547e-05,-0.008327179223987317,0.022563873538575186,0,0.0,,2.478375954623868e-05,1.0,V12.0
7594.814574747842,-0.007716336837866973,0.9658659521359357,3.157506665456786e-05,-0.008266651095371622,0.021553916531924067,0,0.0,,2.4479628548015316e-05,1.0,V12.0
7607.636893365702,-0.007660675540653274,0.9659216134331494,3.120594888693279e-05,-0.008206122966755927,0.020543959525272944,0,0.0,,2.419241364686643e-05,1.0,V12.0
7620.480859892556,-0.007605014243439577,0.9659772747303631,3.085760882577745e-05,-0.008145594838140232,0.019579661900120768,0,0.0,,2.392133075519066e-05,1.0,V12.0
7633.346510876548,-0.007549352946225879,0.9660329360275769,3.052906126679223e-05,-0.008085066709524536,0.018639123190486905,0,0.0,,2.366561407102438e-05,1.0,V12.0
7646.233882927529,-0.007493691649012181,0.9660885973247906,3.0219345819297006e-05,-0.008024538580908841,0.017698584480853048,0,0.0,,2.3424517158846354e-05,1.0,V12.0
7659.143012717155,-0.007438030351798543,0.9661442586220041,2.9927528123049358e-05,-0.007964010452293209,0.016758045771220177,0,0.0,,2.3197313888567836e-05,1.0,V12.0
7672.073936978999,-0.007382369054584845,0.9661999199192178,2.965270088075407e-05,-0.007903482323677515,0.015817507061586324,0,0.0,,2.298329923143286e-05,1.0,V12.0
7685.026692508648,-0.007326707757371147,0.9662555812164316,2.9393984716590012e-05,-0.007820028433300626,0.014876394892033882,0,0.0,,2.2781789920867406e-05,1.0,V12.0
7698.001316163812,-0.00727104646015745,0.9663112425136453,2.9150528869058702e-05,-0.00772933503611202,0.013933692529183793,0,0.0,,2.2592124984754137e-05,1.0,V12.0
7710.997844864426,-0.007215385162943752,0.966366903810859,2.8921511726617606e-05,-0.007638641638923413,0.0129909901663337,0,0.0,,2.2413666155730347e-05,1.0,V12.0
7724.01631559276,-0.007159723865730054,0.9664225651080727,2.8706141214976577e-05,-0.007556151256014401,0.012048287803483613,0,0.0,,2.2245798166426156e-05,1.0,V12.0
7737.0567653935195,-0.007104062568516356,0.9664782264052864,2.850365504486301e-05,-0.007499891195187681,0.011105585440633515,0,0.0,,2.2087928936501333e-05,1.0,V12.0
7750.119231373953,-0.0070484012713026584,0.9665338877025,2.8313320829224374e-05,-0.0074436311343609625,0.010156875973033976,0,0.0,,2.1939489658463087e-05,1.0,V12.0
7763.203750703956,-0.006992739974088961,0.9665895489997137,2.8134436078835286e-05,-0.007387371073534241,0.009117047423705532,0,0.0,,2.179993478924351e-05,1.0,V12.0
7776.310360616179,-0.0069370786768752635,0.9666452102969274,2.7966328085236604e-05,-0.007331111012707522,0.00807721887437709,0,0.0,,2.166874195448235e-05,1.0,V12.0
7789.439098406134,-0.006881417379661565,0.9667008715941412,2.780835369992131e-05,-0.007274850951880803,0.007080367279144057,0,0.0,,2.1545411772448388e-05,1.0,V12.0
7802.590001432293,-0.006825756082447927,0.9667565328913548,2.7659899018354685e-05,-0.007218590891054142,0.006200435795227063,0,0.0,,2.1429467604276928e-05,1.0,V12.0
7815.763107116209,-0.006770094785234229,0.9668121941885685,2.7520378977458848e-05,-0.007162330830227422,0.005320504311309139,0,0.0,,2.1320455237231384e-05,1.0,V12.0
7828.958452942606,-0.006714433488020531,0.9668678554857822,2.7389236874874043e-05,-0.007106070769400702,0.004439883405392019,0,0.0,,2.1217942507448745e-05,1.0,V12.0
7842.1760764594965,-0.006658772190806833,0.9669235167829959,2.7265943818086362e-05,-0.0070498107085739834,0.003502859527726985,0,0.0,,2.1121518868453723e-05,1.0,V12.0
7855.416015278287,-0.006603110893593135,0.9669791780802096,2.714999811124888e-05,-0.006993550647747262,0.0025115399682518386,0,0.0,,2.1030794911520963e-05,1.0,V12.0
7868.678307073881,-0.0065474495963794375,0.9670348393774233,2.7040924587230374e-05,-0.006937290586920544,0.0015988474294109688,0,0.0,,2.09454018437356e-05,1.0,V12.0
7881.962989584789,-0.00649178829916574,0.967090500674637,2.6938273892144786e-05,-0.006881030526093824,0.0007768411436341281,0,0.0,,2.0864990929382873e-05,1.0,V12.0
7895.270100613236,-0.006436127001952042,0.9671461619718507,2.684162172910265e-05,-0.0068247704652671035,0.00041452265805163484,0,0.0,,2.078923289989904e-05,1.0,V12.0
7908.599678025267,-0.006380465704738344,0.9672018232690643,2.6750568067965477e-05,-0.006768510404440384,0.00039861899971892336,0,0.0,,2.071781733764485e-05,1.0,V12.0
7921.951759750858,-0.006324804407524646,0.967257484566278,2.6664736327148133e-05,-0.006712250343613664,0.0003827153413862119,0,0.0,,2.0650452038191008e-05,1.0,V12.0
7935.326383784021,-0.006269143110310949,0.9673131458634918,2.6582488641430484e-05,-0.0066559902827869446,0.0003668116830535004,0,0.0,,2.0585868090991174e-05,1.0,V12.0
7948.723588182914,-0.006213481813097251,0.9673688071607055,2.650491845788661e-05,-0.006599730221960224,0.00035090802472078893,0,0.0,,2.0524911881302756e-05,1.0,V12.0
7962.143411069947,-0.006157820515883612,0.9674244684579191,2.6431676013604187e-05,-0.006593840809854303,0.00033500436638809425,0,0.0,,2.046731210187893e-05,1.0,V12.0
7975.585890631895,-0.006102159218669914,0.9674801297551328,2.6362477305707155e-05,-0.007076499767334586,0.00031910070805538283,0,0.0,,2.041284841119508e-05,1.0,V12.0
7989.051065120001,-0.0060464979214562165,0.9675357910523465,2.6297037751247707e-05,-0.007952481107394127,0.00030319704972267135,0,0.0,,2.0361300056572647e-05,1.0,V12.0
8002.538972850089,-0.005990836624242519,0.9675914523495602,2.623509218547774e-05,-0.008883610852591909,0.00028729339138995987,0,0.0,,2.0312461357884613e-05,0.92,V12.0
8016.049652202669,-0.005934413921240043,0.9676478750525627,2.617640930941403e-05,-0.009704042428289606,0.0002727837473747055,0,0.0,,2.0266140943106543e-05,0.92,V12.0
8029.583141623052,-0.005874401916676067,0.9677078870571266,2.6120816948918464e-05,-0.010002637791946586,0.00026484555033312303,0,0.0,,2.0222160998064226e-05,0.92,V12.0
8043.139479621456,-0.005814389912112092,0.9677678990616906,2.6068029489101677e-05,-0.010301233155603568,0.00025690735329154057,0,0.0,,2.01803565308723e-05,0.92,V12.0
8056.718704773114,-0.005754377907548116,0.9678279110662547,2.6017849815315278e-05,-0.010599828519260546,0.0002489691562499581,0,0.0,,2.0140574650701417e-05,0.92,V12.0
8070.320855718386,-0.005694365902984141,0.9678879230708186,2.5970095533263863e-05,-0.010898423882917528,0.0002410309592083757,0,0.0,,2.0102673889716292e-05,0.92,V12.0
8083.945971162869,-0.0056343538984201655,0.9679479350753826,2.592459804912887e-05,-0.01119701924657451,0.00023309276216679326,0,0.0,,2.0066523488407083e-05,0.92,V12.0
8097.594089877505,-0.00557434189385619,0.9680079470799465,2.5881201754655654e-05,-0.011495614610231492,0.00022515456512521077,0,0.0,,2.0032002762361334e-05,0.92,V12.0
8111.265250698697,-0.005514329889292214,0.9680679590845105,2.583976319955804e-05,-0.01179420997388847,0.00021721636808362828,0,0.0,,1.9999000459396572e-05,0.92,V12.0
8124.959492528411,-0.005454317884728302,0.9681279710890744,2.5800150301007297e-05,-0.012092805337545138,0.00020927817104205422,0,0.0,,1.9967414145572654e-05,0.92,V12.0
8138.676854334293,-0.005394305880164326,0.9681879830936384,2.5762241582194104e-05,-0.012391400701202116,0.00020133997400047175,0,0.0,,1.993714961387453e-05,0.92,V12.0
8152.417375149778,-0.00533429387560035,0.9682479950982024,2.572592544100398e-05,-0.0126899960648591,0.0001934017769588893,0,0.0,,1.9908120316363195e-05,0.92,V12.0
8166.181094074202,-0.0052742818710363746,0.9683080071027663,2.5691099448904425e-05,-0.01298859142851608,0.0001938748509993376,0,0.0,,1.9880246819863253e-05,0.92,V12.0
8179.968050272911,-0.0052142698664724,0.9683680191073303,2.5657669694298485e-05,-0.013291952841100517,0.00019617988918527743,0,0.0,,1.9853456296209453e-05,0.92,V12.0
8193.778282977373,-0.005154257861908424,0.9684280311118943,2.5625550146569972e-05,-0.013605482411500263,0.0001984849273712173,0,0.0,,1.9827682028645374e-05,0.92,V12.0
8207.611831485294,-0.005094245857344448,0.9684880431164583,2.5594661989977015e-05,-0.013919011981900004,0.00020078996555715714,0,0.0,,1.9802862895030946e-05,0.92,V12.0
8221.46873516072,-0.005034233852780473,0.9685480551210223,2.5564933081620586e-05,-0.014232541552299745,0.000203095003743097,0,0.0,,1.9778942947187583e-05,0.92,V12.0
8235.349033434166,-0.004974221848216497,0.9686080671255862,2.5536297400896255e-05,-0.01454607112269949,0.00020540004192903688,0,0.0,,1.9755870983771634e-05,0.92,V12.0
8249.252765802705,-0.004914209843652522,0.9686680791301502,2.550869452804965e-05,-0.014859600693099233,0.00020770508011497675,0,0.0,,1.9733600145781496e-05,0.92,V12.0
8263.1799718301,-0.004854197839088546,0.9687280911347141,2.5482069151295243e-05,-0.015173130263498976,0.0002100101183009166,0,0.0,,1.9712087534273057e-05,0.92,V12.0
8277.130691146911,-0.00479418583452457,0.9687881031392781,2.5456370601853122e-05,-0.015488398630173702,0.00021231515648685643,0,0.0,,1.9691293849777015e-05,0.92,V12.0
8291.1049634506,-0.004734173829960659,0.9688481151438421,2.5431552416193312e-05,-0.01581341923553166,0.00021462019467279384,0,0.0,,1.9671183052861574e-05,0.92,V12.0
8305.102828505655,-0.004674161825396683,0.968908127148406,2.540757192472768e-05,-0.01613843984088996,0.00021692523285873373,0,0.0,,1.9651722045245773e-05,0.92,V12.0
8319.124326143696,-0.004614149820832707,0.96896813915297,2.5384389866074055e-05,-0.016463460446248256,0.00021024331456300898,0,0.0,,1.963288037077978e-05,0.92,V12.0
8333.169496263592,-0.004554137816268731,0.969028151157534,2.536197002613943e-05,-0.016788481051606557,0.00020333733821438802,0,0.0,,1.961462993570322e-05,0.92,V12.0
8347.238378831573,-0.004494125811704756,0.969088163162098,2.5340278901058913e-05,-0.017113501656964857,0.00019643136186576706,0,0.0,,1.9596944747430274e-05,0.92,V12.0
8361.331013881345,-0.004434113807140781,0.969148175166662,2.5319285383046468e-05,-0.017438522262323154,0.00018952538551714613,0,0.0,,1.9579800671125595e-05,0.92,V12.0
8375.4474415142,-0.004374101802576805,0.9692081871712259,2.5298960468297208e-05,-0.017763542867681455,0.00018261940916852515,0,0.0,,1.9563175203399967e-05,0.92,V12.0
8389.587701899134,-0.0043140897980128295,0.9692681991757899,2.5279276985957485e-05,-0.01808856347303975,0.00017571343281990424,0,0.0,,1.9547047262359565e-05,0.92,V12.0
8403.751835272962,-0.004254077793448854,0.9693282111803538,2.5260209347220544e-05,-0.018413584078398052,0.00016880745647128323,0,0.0,,1.9531396993274886e-05,0.92,V12.0
8417.939881940432,-0.004194065788884879,0.9693882231849178,2.5241733313599935e-05,-0.01873860468375635,0.0001619014801226623,0,0.0,,1.9516205589131515e-05,0.92,V12.0
8432.151882274331,-0.004134053784320902,0.9694482351894819,2.5223825783438427e-05,-0.019063625289114646,0.00015499550377404134,0,0.0,,1.9501455125329346e-05,0.92,V12.0
8446.387876715618,-0.004074041779756927,0.9695082471940458,2.520646459567628e-05,-0.019388645894472947,0.00014808952742542038,0,0.0,,1.9487128407771065e-05,0.92,V12.0
8460.64790577352,-0.004014029775192952,0.9695682591986098,2.5190921258490725e-05,-0.019713666499831244,0.00014118355107679945,0,0.0,,1.947420833538324e-05,0.92,V12.0
8474.932010025657,-0.0039540177706290395,0.9696282712031736,2.5175739266901857e-05,-0.020038687105189204,0.00013427757472818575,0,0.0,,1.9461568792259527e-05,0.92,V12.0
8489.240230118161,-0.0038940057660650637,0.9696882832077377,2.5160913187550073e-05,-0.0203637077105475,0.000138035852745034,0,0.0,,1.9449205539411608e-05,0.92,V12.0
8503.572606765782,-0.0038339937615010883,0.9697482952123017,2.5146436441325516e-05,-0.020688728315905798,0.00014324460121285419,0,0.0,,1.943711345302205e-05,0.92,V12.0
8517.92918075201,-0.003773981756937113,0.9698083072168656,2.5132301310457795e-05,-0.0210137489212641,0.00014845334968067436,0,0.0,,1.94252865301293e-05,0.92,V12.0
8532.309992929191,-0.003713969752373137,0.9698683192214296,2.5118498948829087e-05,-0.0213387695266224,0.0001536620981484945,0,0.0,,1.941371789680242e-05,0.92,V12.0
8546.71508421864,-0.0036539577478091616,0.9699283312259935,2.510501939264214e-05,-0.0216637901319807,0.00015887084661631473,0,0.0,,1.9402399816587835e-05,0.92,V12.0
8561.144495610763,-0.0035939457432451857,0.9699883432305575,2.5091851571780825e-05,-0.021988810737338996,0.00016407959508413488,0,0.0,,1.9391323699488913e-05,0.92,V12.0
8575.598268165164,-0.0035339337386812103,0.9700483552351216,2.507898332373715e-05,-0.022313831342697297,0.00016928834355195508,0,0.0,,1.9380480112926386e-05,0.92,V12.0
8590.076443010774,-0.003473921734117235,0.9701083672396855,2.5066401409198737e-05,-0.022638851948055597,0.00017449709201977523,0,0.0,,1.9369858793978812e-05,0.92,V12.0
8604.579061345956,-0.003420773945141636,0.9701615150286611,2.505395864135869e-05,-0.022800996718093307,0.00017766662684177973,0,0.0,,1.9359448662509538e-05,0.92,V12.0
8619.106164438635,-0.0033753903850727504,0.97020689858873,2.504162247455367e-05,-0.02277890991024434,0.00017852957304750967,0,0.0,,1.9349237835328604e-05,0.92,V12.0
8633.657793626404,-0.003330006825003864,0.9702522821487989,2.5029526928541653e-05,-0.022756823102395372,0.00017939251925323964,0,0.0,,1.9339213641345397e-05,0.92,V12.0
8648.233990316647,-0.0032846232649350266,0.9702976657088677,2.5017654629841824e-05,-0.02273473629454643,0.0001823068711472082,0,0.0,,1.9329362637674102e-05,0.92,V12.0
8662.834795986655,-0.00323923970486614,0.9703430492689366,2.5005987225614756e-05,-0.022712649486697465,0.0001885657018379019,0,0.0,,1.9319670626660093e-05,0.92,V12.0
8677.460252183748,-0.003193856144797254,0.9703884328290054,2.4994505406689835e-05,-0.0226905626788485,0.00019482453252859556,0,0.0,,1.9310122673802655e-05,0.92,V12.0
8692.11040052539,-0.003148472584728368,0.9704338163890743,2.4983188931734133e-05,-0.022668475870999526,0.00020108336321928924,0,0.0,,1.9300703126555783e-05,0.92,V12.0
8706.785282699304,-0.003103089024659482,0.9704791999491432,2.4972016652549593e-05,-0.02264638906315056,0.00020734219390998291,0,0.0,,1.929139563399662e-05,0.92,V12.0
8721.484940463597,-0.003057705464590596,0.9705245835092121,2.496096654049395e-05,-0.022624302255301598,0.00021360102460067656,0,0.0,,1.928218316735789e-05,0.92,V12.0
8736.209415646877,-0.00301232190452171,0.970569967069281,2.4950015714030764e-05,-0.022602215447452625,0.00021985985529137024,0,0.0,,1.9273048041428176e-05,0.92,V12.0
8750.95875014837,-0.002966938344452824,0.9706153506293499,2.4939140467422554e-05,-0.02258012863960366,0.0002261186859820639,0,0.0,,1.9263971936830692e-05,0.92,V12.0
8765.73298593804,-0.002921554784383938,0.9706607341894188,2.4928316300590445e-05,-0.02255804183175469,0.00023237751667275758,0,0.0,,1.925493592319838e-05,0.92,V12.0
8780.532165056711,-0.002876171224315052,0.9707061177494877,2.4917517952714022e-05,-0.022535955023905728,0.00023863634736345123,0,0.0,,1.924592048523305e-05,0.92,V12.0
8795.356329616181,-0.0028307876642461654,0.9707515013095566,2.490671943095298e-05,-0.02251386821605676,0.0002448951780541449,0,0.0,,1.923690554499125e-05,0.92,V12.0
8810.205521799347,-0.002785404104177328,0.9707968848696253,2.4895894043081404e-05,-0.022491781408207814,0.00025115400874483197,0,0.0,,1.92278704871874e-05,0.92,V12.0
8825.079783860325,-0.0027400205441084416,0.9708422684296942,2.488501443443262e-05,-0.022469694600358844,0.00025741283943552564,0,0.0,,1.921879418782055e-05,0.92,V12.0
8839.979158124568,-0.0026946369840395554,0.9708876519897631,2.4874052624214552e-05,-0.02244760779250988,0.0002569223672678754,0,0.0,,1.9209655042309093e-05,0.92,V12.0
8854.903686988984,-0.002649253423970669,0.970933035549832,2.486298004325714e-05,-0.02242552098466091,0.00025634478009715304,0,0.0,,1.920043099472537e-05,0.92,V12.0
8869.853412922062,-0.0026038698639017834,0.9709784191099009,2.4851767573291995e-05,-0.022403434176811947,0.00025576719292643086,0,0.0,,1.9191099568207445e-05,0.92,V12.0
8884.828378463993,-0.002558486303832897,0.9710238026699698,2.484038558784428e-05,-0.022381347368962974,0.00025518960575570857,0,0.0,,1.9181637896609356e-05,0.92,V12.0
8899.828626226783,-0.0025131027437640114,0.9710691862300387,2.4828803994797564e-05,-0.022359260561114012,0.00025461201858498634,0,0.0,,1.91720227574366e-05,0.92,V12.0
8914.854198894383,-0.0024677191836951252,0.9711145697901076,2.4816992280663897e-05,-0.022337173753265042,0.00025403443141426405,0,0.0,,1.9162230606091315e-05,0.92,V12.0
8929.90513922281,-0.002422335623626239,0.9711599533501765,2.480491955666418e-05,-0.022315086945416077,0.0002534568442435418,0,0.0,,1.9152237611508044e-05,0.92,V12.0
8944.98149004026,-0.002376952063557353,0.9712053369102454,2.4792554606672195e-05,-0.022293000137567107,0.0002558842399165638,0,0.0,,1.91420196932209e-05,0.92,V12.0
8960.083294247239,-0.002331568503488467,0.9712507204703142,2.477986593708155e-05,-0.022270913329718138,0.000265933608735265,0,0.0,,1.9131552559907566e-05,0.92,V12.0
8975.21059481668,-0.0022861849434195813,0.9712961040303831,2.476682182864843e-05,-0.022248826521869176,0.00027598297755396624,0,0.0,,1.912081174945055e-05,0.92,V12.0
8990.363434794075,-0.002240801383350743,0.971341487590452,2.475339039035553e-05,-0.02222673971402023,0.00028603234637265693,0,0.0,,1.91097726705504e-05,0.92,V12.0
9005.541857297578,-0.0021954178232818566,0.9713868711505209,2.473953961533298e-05,-0.02220465290617126,0.0002960817151913582,0,0.0,,1.9098410645918137e-05,0.92,V12.0
9020.745905518146,-0.002150034263212971,0.9714322547105898,2.4725237438861945e-05,-0.022182566098322296,0.0003061310840100595,0,0.0,,1.9086700957066327e-05,0.92,V12.0
9035.975622719656,-0.002104650703144084,0.9714776382706587,2.471045179847375e-05,-0.022160479290473326,0.00031618045282876065,0,0.0,,1.9074618890708298e-05,0.92,V12.0
9051.231052239022,-0.0020592671430751984,0.9715230218307275,2.469515069614469e-05,-0.022138392482624357,0.00032622982164746197,0,0.0,,1.9062139786765308e-05,0.92,V12.0
9066.51223748633,-0.0020138835830063127,0.9715684053907964,2.4679302262479547e-05,-0.022116305674775395,0.00033627919046616317,0,0.0,,1.9049239087898615e-05,0.92,V12.0
9081.81922194495,-0.0019685000229374265,0.9716137889508653,2.466287482315898e-05,-0.02209421886692643,0.00034632855928486443,0,0.0,,1.90358923907785e-05,0.92,V12.0
9097.152049171671,-0.0019231164628685405,0.9716591725109341,2.4645836967279265e-05,-0.022072132059077456,0.00035637792810356574,0,0.0,,1.9022075498803087e-05,0.92,V12.0
9112.51076279681,-0.0018777329027996545,0.971704556071003,2.4628157617570497e-05,-0.02205004525122849,0.00036642729692226695,0,0.0,,1.9007764476255797e-05,0.92,V12.0
9127.895406524354,-0.0018323493427307683,0.9717499396310719,2.460980610251071e-05,-0.022027958443379524,0.0003764766657409682,0,0.0,,1.8992935703914725e-05,0.92,V12.0
9143.30602413207,-0.001786965782661882,0.9717953231911408,2.4590752230187106e-05,-0.022005871635530555,0.0003865260345596694,0,0.0,,1.89775659359985e-05,0.92,V12.0
9158.74265947164,-0.0017415822225929963,0.9718407067512097,2.4570966363779346e-05,-0.02198378482768159,0.0003965754033783707,0,0.0,,1.8961632358352097e-05,0.92,V12.0
9174.205356468772,-0.0016961986625241103,0.9718860903112786,2.4550419498713836e-05,-0.021961675458909362,0.00040553028692878187,0,0.0,,1.8945112647909747e-05,0.92,V12.0
9189.69415912334,-0.001650815102455272,0.9719314738713475,2.4529083340562328e-05,-0.021933300384229647,0.0004123380530092142,0,0.0,,1.8927985032719824e-05,0.92,V12.0
9205.209111509506,-0.001605431542386386,0.9719768574314164,2.450693038458166e-05,-0.021904925309549905,0.0004234960064009575,0,0.0,,1.8910228353223375e-05,0.92,V12.0
9220.750257775835,-0.0015600479823174999,0.9720222409914853,2.4483933996066454e-05,-0.021876550234870156,0.0004346539597927009,0,0.0,,1.8891822124147164e-05,0.92,V12.0
9236.31764214543,-0.0015285082348930339,0.9720537807389097,2.4459807220582438e-05,-0.02175270224510383,0.0004383320327127032,0,0.0,,1.8872746596884005e-05,0.92,V12.0
9251.911308916062,-0.0015012574805877755,0.9720810314932149,2.4434706364610046e-05,-0.02159927550514819,0.0004396927414282193,0,0.0,,1.8852982822199623e-05,0.92,V12.0
9267.53130246028,-0.0014740067262825167,0.9721082822475202,2.440868895631079e-05,-0.02144584876519254,0.0004410534501437355,0,0.0,,1.8832512713068794e-05,0.92,V12.0
9283.177667225556,-0.0014467559719772579,0.9721355330018254,2.4381732693807565e-05,-0.021292422025236898,0.0004424141588592516,0,0.0,,1.8811319107402046e-05,0.92,V12.0
9298.850447734396,-0.0014195052176719995,0.9721627837561307,2.4353816553083086e-05,-0.021138995285281254,0.00044377486757476786,0,0.0,,1.87893858304439e-05,0.92,V12.0
9314.549688584479,-0.0013922544633667407,0.972190034510436,2.4324920868243763e-05,-0.020985568545325607,0.0004450296933435512,0,0.0,,1.8766697756592745e-05,0.92,V12.0
9330.275434448771,-0.0013650037090614823,0.9722172852647413,2.4295027410711735e-05,-0.020832141805369964,0.0004460026150537643,0,0.0,,1.8743240870385947e-05,0.92,V12.0
9346.027730075668,-0.0013377529547562235,0.9722445360190465,2.4264119466993474e-05,-0.02067871506541432,0.00044697553676397746,0,0.0,,1.8719002326379227e-05,0.92,V12.0
9361.806620289108,-0.0013105022004509938,0.9722717867733517,2.4232181914690496e-05,-0.020525288325458836,0.0004479484584741895,0,0.0,,1.8693970507662287e-05,0.92,V12.0
9377.612149988709,-0.001283251446145735,0.972299037527657,2.4199201296352874e-05,-0.020371861585503193,0.00044892138018440264,0,0.0,,1.8668135082702936e-05,0.92,V12.0
9393.44436414989,-0.0012560006918404764,0.9723262882819622,2.4165165890840147e-05,-0.020218434845547546,0.00044989430189461575,0,0.0,,1.8641487060261206e-05,0.92,V12.0
9409.303307824004,-0.001228749937535218,0.9723535390362675,2.4130065781805392e-05,-0.020065008105591906,0.00045086722360482886,0,0.0,,1.8614018842077338e-05,0.92,V12.0
9425.189026138463,-0.0012014991832299592,0.9723807897905727,2.4093892925793213e-05,-0.019911581365636255,0.00045184014531504197,0,0.0,,1.8585724275255292e-05,0.92,V12.0
9441.10156429687,-0.0011742484289247008,0.9724080405448781,2.405664120786477e-05,-0.01975815462568062,0.0004528130670252551,0,0.0,,1.855659869501839e-05,0.92,V12.0
9457.040967579143,-0.0011469976746194418,0.9724352912991833,2.401830650169033e-05,-0.019604727885724964,0.00045378598873546823,0,0.0,,1.8526638970905594e-05,0.92,V12.0
9473.007281341646,-0.0011197469203141834,0.9724625420534886,2.3978886723095476e-05,-0.019451301145769328,0.00045475891044568134,0,0.0,,1.8495843547912506e-05,0.92,V12.0
9489.000551017318,-0.0010924961660089246,0.9724897928077938,2.3938381878421944e-05,-0.01929787440581368,0.00045573183215589445,0,0.0,,1.8464212483627625e-05,0.92,V12.0
9505.020822115805,-0.0010652454117036662,0.972517043562099,2.3896794107780167e-05,-0.019144447665858037,0.0004567047538661076,0,0.0,,1.84317474814238e-05,0.92,V12.0
9521.06814022358,-0.0010379946573984074,0.9725442943164043,2.3854127722855267e-05,-0.01899102092590239,0.00045767767557632066,0,0.0,,1.8398451919444672e-05,0.92,V12.0
9537.142551004092,-0.001010743903093149,0.9725715450707095,2.381038923894468e-05,-0.018837594185946747,0.0004586505972865338,0,0.0,,1.836433087513847e-05,0.92,V12.0
9553.244100197868,-0.0009834931487879188,0.9725987958250149,2.3765555402701115e-05,-0.018684167445991263,0.0004596235189967459,0,0.0,,1.8329366466231513e-05,0.92,V12.0
9569.372833622672,-0.0009562423944826603,0.9726260465793201,2.3719665284971052e-05,-0.01853074070603562,0.000460596440706959,0,0.0,,1.8293588878954567e-05,0.92,V12.0
9585.528797173616,-0.0009289916401774018,0.9726532973336253,2.3672731695902784e-05,-0.018377313966079972,0.0004615693624171721,0,0.0,,1.825700804408767e-05,0.92,V12.0
9601.712036823297,-0.0009017408858721432,0.9726805480879306,2.3624769667844228e-05,-0.018223887226124332,0.0004625422841273853,0,0.0,,1.821963560535643e-05,0.92,V12.0
9617.922598621926,-0.0008744901315668845,0.9727077988422358,2.3575796449903333e-05,-0.018070460486168685,0.0004635152058375984,0,0.0,,1.8181484915057087e-05,0.92,V12.0
9634.160528697466,-0.0008472393772616259,0.9727350495965411,2.3525831495245808e-05,-0.01791703374621304,0.00046448812754781144,0,0.0,,1.814257102408127e-05,0.92,V12.0
9650.425873255752,-0.0008199886229563672,0.9727623003508463,2.3474896440783705e-05,-0.017763607006257395,0.0004654460491336996,0,0.0,,1.8102910666074163e-05,0.92,V12.0
9666.718678580632,-0.0007927378686511086,0.9727895511051516,2.342301507892879e-05,-0.01761018026630175,0.00046622372760653707,0,0.0,,1.8062522235475473e-05,0.92,V12.0
9683.038991034091,-0.00076548711434585,0.9728168018594568,2.3370213321333584e-05,-0.017456753526346104,0.00046061789938316974,0,0.0,,1.802142575938464e-05,0.92,V12.0
9699.386857056392,-0.0007382363600405914,0.9728440526137622,2.331651915490698e-05,-0.017303326786390464,0.000454364121841032,0,0.0,,1.7979642863472394e-05,0.92,V12.0
9715.7623231662,-0.0007109856057353327,0.9728713033680674,2.3261962589653826e-05,-0.017149900046434817,0.0004481103442988944,0,0.0,,1.793719673159219e-05,0.92,V12.0
9732.165435960718,-0.0006837348514300741,0.9728985541223727,2.3206575598501087e-05,-0.016996473306479173,0.0004418565667567568,0,0.0,,1.789411205921763e-05,0.92,V12.0
9748.596242115818,-0.0006564840971248443,0.9729258048766779,2.3150392049470677e-05,-0.01684304656652369,0.0004356027892146257,0,0.0,,1.7850415000984664e-05,0.92,V12.0
9765.054788386185,-0.0006292333428195569,0.9729530556309832,2.309344762963087e-05,-0.016689619826567886,0.0004307129165595618,0,0.0,,1.7806133111901247e-05,0.92,V12.0
9781.541121605414,-0.0006019825885142983,0.9729803063852884,2.3035779761460515e-05,-0.01653619308661224,0.0004323150403648058,0,0.0,,1.776129528271445e-05,0.92,V12.0
9798.055288686193,-0.0005747318342090396,0.9730075571395936,2.2977427512654743e-05,-0.016382766346656596,0.00043391716417004987,0,0.0,,1.771593167022902e-05,0.92,V12.0
9814.597336620407,-0.000547481079903781,0.973034807893899,2.2918431497740323e-05,-0.016229339606700952,0.0004355192879752939,0,0.0,,1.767007362132e-05,0.92,V12.0
9831.167312479274,-0.0005202303255985223,0.9730620586482042,2.2858833773038154e-05,-0.01607591286674531,0.00043712141178053784,0,0.0,,1.762375359182563e-05,0.92,V12.0
9847.765263413485,-0.0004929795712932637,0.9730893094025095,2.279867772407591e-05,-0.01592248612678966,0.00043872353558578196,0,0.0,,1.757700505962986e-05,0.92,V12.0
9864.391236653335,-0.0004657288169880339,0.9731165601568147,2.2738007947919786e-05,-0.01576905938683418,0.00044032565939102424,0,0.0,,1.752986243383867e-05,0.92,V12.0
9881.045279508857,-0.0004384780626827753,0.9731438109111199,2.2676870128819624e-05,-0.015615632646878534,0.0004419277831962683,0,0.0,,1.748236095881288e-05,0.92,V12.0
9897.727439369957,-0.0004120738410462102,0.9731702151327565,2.2615296149838877e-05,-0.01546178563644794,0.00044329562940294357,0,0.0,,1.7434536614273456e-05,0.92,V12.0
9914.437763706552,-0.0003994948807148826,0.9731827940930878,2.255310794479718e-05,-0.01530107492264246,0.00044083733972856046,0,0.0,,1.7386426011658685e-05,0.92,V12.0
9931.176300068699,-0.00038691592038355495,0.9731953730534192,2.249059537206125e-05,-0.01514036420883698,0.00043837905005417746,0,0.0,,1.7338066286104222e-05,0.92,V12.0
9947.943096086738,-0.0003743369600522273,0.9732079520137505,2.2427807130622572e-05,-0.0149796534950315,0.0004359207603797944,0,0.0,,1.7289494986689423e-05,0.92,V12.0
9964.738199471416,-0.0003617579997208997,0.9732205309740818,2.236479230892275e-05,-0.01481894278122602,0.0004334624707054113,0,0.0,,1.7240749961259626e-05,0.92,V12.0
9981.56165801404,-0.00034917903938957203,0.9732331099344131,2.230160023355057e-05,-0.01465823206742054,0.0004310041810310283,0,0.0,,1.719186923977516e-05,0.92,V12.0
9998.413519586595,-0.0003366000790582444,0.9732456888947445,2.2238280317729864e-05,-0.014497521353615058,0.00042854589135664524,0,0.0,,1.7142890917505903e-05,0.92,V12.0
10015.29383214189,-0.0003240211187269167,0.9732582678550759,2.217488190633548e-05,-0.014336810639809579,0.00042608760168226213,0,0.0,,1.7093853035556275e-05,0.72,V12.0
10032.202643713694,-0.0003114421583955891,0.9732708468154071,2.2111454119717266e-05,-0.014176099926004099,0.00042362931200787913,0,0.0,,1.7044793460478292e-05,0.72,V12.0
10049.140002416872,-0.0002988631980642615,0.9732834257757385,2.2048045698028925e-05,-0.014015389212198621,0.000421171022333496,0,0.0,,1.6995749764280852e-05,0.72,V12.0
10066.10595644752,-0.0002862842377329471,0.9732960047360698,2.1984704841648705e-05,-0.013854678498393306,0.00041871273265911546,0,0.0,,1.6946759101433377e-05,0.72,V12.0
10083.100554083105,-0.0002737052774016195,0.973308583696401,2.192148749478754e-05,-0.01369396778458783,0.0004162544429847325,0,0.0,,1.689786459418675e-05,0.72,V12.0
10100.123843682595,-0.0002611263170702918,0.9733211626567324,2.185843093215843e-05,-0.013533257070782345,0.0004137961533103494,0,0.0,,1.6849094972143855e-05,0.72,V12.0
10117.175873686612,-0.0002485473567389642,0.9733337416170638,2.1795580894212327e-05,-0.013372546356976869,0.00041133786363596635,0,0.0,,1.6800485489359602e-05,0.72,V12.0
10134.256692617551,-0.0002359683964076365,0.9733463205773951,2.1732981955825718e-05,-0.013211835643171388,0.0004088795739615833,0,0.0,,1.6752070500081354e-05,0.72,V12.0
10151.366349079735,-0.0002233894360763089,0.9733588995377264,2.167067737597898e-05,-0.013051124929365906,0.00040642128428720024,0,0.0,,1.6703883342923763e-05,0.72,V12.0
10168.50489175954,-0.00021081047574498125,0.9733714784980577,2.1608708952872788e-05,-0.012890414215560426,0.00040396299461281713,0,0.0,,1.6655956229241984e-05,0.72,V12.0
10185.672369425542,-0.00019823151541365364,0.9733840574583891,2.154711688296527e-05,-0.012729703501754949,0.00040150470493843413,0,0.0,,1.6608320134533436e-05,0.72,V12.0
10202.86883092865,-0.000185652555082326,0.9733966364187204,2.148593962449754e-05,-0.012568992787949465,0.0003990464152640511,0,0.0,,1.6561004693305504e-05,0.72,V12.0
10220.094325202253,-0.00017307359475099838,0.9734092153790517,2.142521376602443e-05,-0.012408282074143987,0.00039658812558966797,0,0.0,,1.6514038097807154e-05,0.72,V12.0
10237.34890126235,-0.0001604946344196707,0.973421794339383,2.136497390049101e-05,-0.012247571360338504,0.00039412983591528486,0,0.0,,1.646744700104106e-05,0.72,V12.0
10254.632608207698,-0.0001479156740883431,0.9734343732997144,2.130525250536145e-05,-0.012086860646533028,0.0003916715462409019,0,0.0,,1.6421256424446195e-05,0.72,V12.0
10271.945495219938,-0.00013533671375702867,0.9734469522600457,2.1246079829239193e-05,-0.011926149932727717,0.00039500738642547724,0,0.0,,1.637548967058905e-05,0.72,V12.0
10289.287611563755,-0.00012275775342570104,0.973459531220377,2.118748378540155e-05,-0.011765439218922235,0.0004024871637590554,0,0.0,,1.6330168241189166e-05,0.72,V12.0
10306.659006587004,-0.00011017879309437342,0.9734721101807083,2.1129489852586537e-05,-0.011604728505116756,0.00040905190183518125,0,0.0,,1.628531176073901e-05,0.72,V12.0
10324.05972972085,-9.759983276304576e-05,0.9734846891410397,2.1072120983613282e-05,-0.011444017791311276,0.00040638427144884564,0,0.0,,1.6240937906165917e-05,0.72,V12.0
10341.489830479919,-8.502087243171813e-05,0.973497268101371,2.101539752196791e-05,-0.011283307077505795,0.00040355742288830226,0,0.0,,1.6197062342637235e-05,0.72,V12.0
10358.949358462427,-7.244191210039049e-05,0.9735098470617023,2.0959337126801207e-05,-0.011122596363700317,0.0004006238822309802,0,0.0,,1.615369866585237e-05,0.72,V12.0
10376.43836335033,-5.986295176906286e-05,0.9735224260220336,2.0903954706548243e-05,-0.010961885649894835,0.00039766078490515924,0,0.0,,1.6110858350983142e-05,0.72,V12.0
10393.95689490946,-4.72839914377352e-05,0.973535004982365,2.0849262361429196e-05,-0.010801174936089356,0.0003946093354169433,0,0.0,,1.606855070846191e-05,0.72,V12.0
10411.505002989668,-3.470503110640757e-05,0.9735475839426964,2.0795269335045914e-05,-0.010640464222283876,0.0003915578859287274,0,0.0,,1.602678284678226e-05,0.72,V12.0
10429.082737524972,-2.212607077507994e-05,0.9735601629030276,2.0741981975261766e-05,-0.010479753508478394,0.0003885064364405115,0,0.0,,1.598555964245641e-05,0.72,V12.0
10446.690148533688,-9.547110443752297e-06,0.973572741863359,2.0689403704504228e-05,-0.010319042794672915,0.00038182615986538155,0,0.0,,1.59448837172362e-05,0.72,V12.0
10464.327286118578,3.031849887575347e-06,0.9735853208236903,2.0637534999423353e-05,-0.010158332080867435,0.0003794132030237626,0,0.0,,1.5904755422545758e-05,0.72,V12.0
10481.994200466994,1.561081021888971e-05,0.9735978997840216,2.0586373380293605e-05,-0.009997621367062124,0.0003798366640661725,0,0.0,,1.5865172831423938e-05,0.72,V12.0
10499.69094185102,2.818977055021734e-05,0.9736104787443529,2.053591341006581e-05,-0.009836910653256644,0.0003771396314170281,0,0.0,,1.582613173790411e-05,0.72,V12.0
10517.417560627613,4.0768730881544976e-05,0.9736230577046843,2.0486146702947797e-05,-0.009676199939451163,0.00037422201631508444,0,0.0,,1.5787625663737304e-05,0.72,V12.0
10535.174107238749,5.334769121287262e-05,0.9736356366650156,2.043706194261942e-05,-0.009515489225645683,0.00037128847565776236,0,0.0,,1.5749645872539585e-05,0.72,V12.0
10552.960632211563,6.592665154420027e-05,0.9736482156253469,2.0388644909993428e-05,-0.009354778511840205,0.0003683549350004403,0,0.0,,1.5712181391294974e-05,0.72,V12.0
10570.777186158495,7.850561187552789e-05,0.9736607945856782,2.0340878520433726e-05,-0.009194067798034722,0.0003654213943431182,0,0.0,,1.5675219039145232e-05,0.72,V12.0
10588.623819777438,9.108457220685553e-05,0.9736733735460096,2.029374287031483e-05,-0.009033357084229244,0.0003624878536857961,0,0.0,,1.5638743463376456e-05,0.72,V12.0
10606.500583851872,0.00010366353253818317,0.9736859525063409,2.0247215292777984e-05,-0.008872646370423763,0.000359554313028474,0,0.0,,1.560273718249068e-05,0.72,V12.0
10624.40752925102,0.00011295023104240158,0.9736952392048451,2.0201219171278662e-05,-0.008726339805694181,0.0003563477412024171,0,0.0,,1.556718063623033e-05,0.72,V12.0
10642.344706929985,0.00011617426581208827,0.9736984632396148,2.015568383259482e-05,-0.008606558322144405,0.0003526383854994964,0,0.0,,1.5532052242403152e-05,0.72,V12.0
10660.312167929897,0.00011939830058177496,0.9737016872743846,2.0110673326604544e-05,-0.008486776838594631,0.0003489290297965756,0,0.0,,1.5497328460336686e-05,0.72,V12.0
10678.30996337806,0.00012262233535145827,0.9737049113091542,2.0066154657935686e-05,-0.00836699535504498,0.00034521967409365873,0,0.0,,1.5462983860773097e-05,0.72,V12.0
10696.338144488098,0.00012584637012114496,0.9737081353439239,2.0022092478914005e-05,-0.008247213871495204,0.000341510318390738,0,0.0,,1.5428991202027176e-05,0.72,V12.0
10714.396762560093,0.00012907040489083165,0.9737113593786936,1.997844919605346e-05,-0.00812743238794543,0.0003378009626878172,0,0.0,,1.5395321512069888e-05,0.72,V12.0
10732.485868980742,0.00013229443966051834,0.9737145834134633,1.993518508414559e-05,-0.008007650904395654,0.0003340916069848964,0,0.0,,1.536194417646652e-05,0.72,V12.0
10750.605515223497,0.000135518474430205,0.9737178074482329,1.989225840748972e-05,-0.007887869420845876,0.00033038225128197564,0,0.0,,1.532882703181619e-05,0.72,V12.0
10768.75575284871,0.0001387425091998917,0.9737210314830026,1.9849625547937606e-05,-0.007768087937296101,0.00032667289557905484,0,0.0,,1.5295936464441076e-05,0.72,V12.0
10786.936633503788,0.0001419665439695784,0.9737242555177723,1.9807241139395332e-05,-0.007648306453746326,0.0003229635398761341,0,0.0,,1.5263237514050104e-05,0.72,V12.0
10805.148208923329,0.0001451905787392651,0.973727479552542,1.9765058208403356e-05,-0.007528524970196549,0.0003192541841732133,0,0.0,,1.5230693982084806e-05,0.72,V12.0
10823.390530929277,0.0001484146135089518,0.9737307035873117,1.9723028320400096e-05,-0.007408743486646773,0.0003155448284702925,0,0.0,,1.519826854444322e-05,0.72,V12.0
10841.663651431065,0.00015163864827863845,0.9737339276220813,1.9681101730672663e-05,-0.007288962003096998,0.0003118354727673717,0,0.0,,1.5165922867813928e-05,0.72,V12.0
10859.967622425766,0.00015486268304832517,0.973737151656851,1.9639227541321308e-05,-0.007169180519547222,0.000308126117064451,0,0.0,,1.5133617730642448e-05,0.72,V12.0
10878.30249599824,0.00015808671781801184,0.9737403756916208,1.9597353862806643e-05,-0.007049399035997446,0.0003044167613615302,0,0.0,,1.5101313147627185e-05,0.72,V12.0
10896.66832432128,0.00016131075258769514,0.9737435997263905,1.9555427977983312e-05,-0.006929617552447796,0.0003007074056586133,0,0.0,,1.5068968496129545e-05,0.72,V12.0
10915.065159655765,0.00016453478735738186,0.9737468237611601,1.9513396510374723e-05,-0.006809836068898021,0.00029699804995569256,0,0.0,,1.5036542645850205e-05,0.72,V12.0
10933.493054350805,0.00016775882212706852,0.9737500477959298,1.947120559546945e-05,-0.0066900545853482455,0.00029328869425277175,0,0.0,,1.5003994090831896e-05,0.72,V12.0
10951.952060843889,0.00017098285689675524,0.9737532718306995,1.9428801054598025e-05,-0.006570273101798468,0.000289579338549851,0,0.0,,1.4971281083448554e-05,0.72,V12.0
10970.442231661038,0.0001742068916664419,0.9737564958654692,1.938612857085752e-05,-0.006450491618248692,0.0002858699828469302,0,0.0,,1.4938361769970473e-05,0.72,V12.0
10988.963619416954,0.0001774309264361286,0.9737597199002389,1.934313386659358e-05,-0.006330710134698917,0.00028216062714400946,0,0.0,,1.4905194327327549e-05,0.72,V12.0
11007.516276815164,0.00018065496120581528,0.9737629439350085,1.9299762881931532e-05,-0.00621092865114914,0.00027845127144108866,0,0.0,,1.4871737100678868e-05,0.72,V12.0
11026.10025664818,0.000183878995975502,0.9737661679697782,1.9255961953837022e-05,-0.006091147167599365,0.00027474191573816786,0,0.0,,1.4837948741388246e-05,0.72,V12.0
11044.715611797637,0.00018710303074518866,0.9737693920045479,1.9211677995180285e-05,-0.005971365684049589,0.0002710325600352471,0,0.0,,1.4803788345000584e-05,0.72,V12.0
11063.362395234455,0.00019032706551487538,0.9737726160393176,1.9166858673273536e-05,-0.005851584200499813,0.00026732320433232637,0,0.0,,1.4769215588810108e-05,0.72,V12.0
11082.040660018985,0.00019355110028456207,0.9737758400740872,1.912145258734379e-05,-0.005731802716950037,0.00026811984073458827,0,0.0,,1.4734190868606263e-05,0.72,V12.0
11100.750459301156,0.00019677513505424876,0.973779064108857,1.9076326911072223e-05,-0.005612021233400261,0.00027062196733280194,0,0.0,,1.4699382393833057e-05,0.72,V12.0
11119.491846320632,0.00019999916982393204,0.9737822881436267,1.9030627564876394e-05,-0.005492239749850612,0.00026950221024649656,0,0.0,,1.4664132048177482e-05,0.72,V12.0
11138.264874406963,0.00020322320459361876,0.9737855121783964,1.898431977391047e-05,-0.005372458266300835,0.0002658440294066062,0,0.0,,1.4628413039092052e-05,0.72,V12.0
11157.069596979734,0.00020644723936330545,0.9737887362131661,1.893737171114054e-05,-0.00525267678275106,0.0002642174908979199,0,0.0,,1.4592200845733413e-05,0.72,V12.0
11175.906067548714,0.00020967127413299214,0.9737919602479357,1.8889754783761484e-05,-0.005132895299201284,0.0002663992106495092,0,0.0,,1.455547343963223e-05,0.72,V12.0
11194.774339714022,0.0002128953089026788,0.9737951842827054,1.884144392498858e-05,-0.005013113815651508,0.00026858093040109854,0,0.0,,1.4518211509501274e-05,0.72,V12.0
11213.67446716626,0.0002161193436723655,0.9737984083174751,1.879241789068909e-05,-0.004893332332101732,0.0002707626501526878,0,0.0,,1.448039868976958e-05,0.72,V12.0
11232.606503686682,0.00021934337844205218,0.9738016323522448,1.8742659561267355e-05,-0.004773550848551956,0.00027294436990427714,0,0.0,,1.4442021793161248e-05,0.72,V12.0
11251.57050314734,0.00022256741321173887,0.9738048563870144,1.869215624907881e-05,-0.004653769365002181,0.00027512608965586644,0,0.0,,1.4403071047531046e-05,0.72,V12.0
11270.566519511236,0.00022579144798142556,0.9738080804217841,1.8640900011020085e-05,-0.004533987881452404,0.0002773078094074558,0,0.0,,1.436354033668483e-05,0.72,V12.0
11289.59460683248,0.00022901548275111225,0.9738113044565538,1.8588887966486455e-05,-0.004414206397902628,0.00027948952915904504,0,0.0,,1.432342744533217e-05,0.72,V12.0
11308.654819256439,0.00023223951752079894,0.9738145284913235,1.8536122620734774e-05,-0.004294424914352852,0.0002816712489106344,0,0.0,,1.4282734308200384e-05,0.72,V12.0
11327.747211019896,0.00023546355229048563,0.9738177525260933,1.8482612193871524e-05,-0.004174643430803077,0.00028385296866222375,0,0.0,,1.4241467263479228e-05,0.72,V12.0
11346.871836451202,0.00023868758706017235,0.9738209765608629,1.8428370955464158e-05,-0.0040548619472533,0.00028603468841381305,0,0.0,,1.4199637310594727e-05,0.72,V12.0
11366.028749970426,0.00024191162182985563,0.9738242005956326,1.8373419564919633e-05,-0.003935080463703651,0.00028821640816540007,0,0.0,,1.4157260372422956e-05,0.72,V12.0
11385.218006089523,0.0002451356565995423,0.9738274246304023,1.831778541774887e-05,-0.003815298980153875,0.00029039812791698937,0,0.0,,1.4114357562035162e-05,0.72,V12.0
11404.43965941247,0.00024542564412590833,0.9738277146179286,1.8261461712992692e-05,-0.003727645270098505,0.0002898536017434517,0,0.0,,1.407095545406945e-05,0.72,V12.0
11423.69376463544,0.00024410892330514104,0.9738263978971079,1.820450938616239e-05,-0.0036575849924480775,0.00028781616092983406,0,0.0,,1.4027086360822578e-05,0.72,V12.0
11442.980376546946,0.00024279220248437375,0.9738250811762871,1.814700086292659e-05,-0.00358752471479765,0.0002857787201162165,0,0.0,,1.3982788613154535e-05,0.72,V12.0
11462.299550028001,0.00024147548166360652,0.9738237644554664,1.8088994072956333e-05,-0.0035174644371472226,0.00028374127930259885,0,0.0,,1.3938106846291608e-05,0.72,V12.0
11481.651340052274,0.00024015876084283925,0.9738224477346455,1.803055550491375e-05,-0.003447404159496795,0.00028170383848898117,0,0.0,,1.389309229060461e-05,0.72,V12.0
11501.035801686246,0.00023884204002207196,0.9738211310138248,1.7971760590321707e-05,-0.0033773438818463677,0.0002796663976753636,0,0.0,,1.3847803067425855e-05,0.72,V12.0
11520.452990089365,0.0002375253192013047,0.973819814293004,1.7912694094032704e-05,-0.00330728360419594,0.00027762895686174596,0,0.0,,1.3802304489952965e-05,0.72,V12.0
11539.902960514206,0.0002362085983805374,0.9738184975721833,1.7853450511319066e-05,-0.0032372233265455124,0.0002755915160481284,0,0.0,,1.3756669369256314e-05,0.72,V12.0
11559.385768306627,0.00023489187755977014,0.9738171808513625,1.779413447157756e-05,-0.0031671630488950848,0.00027355407523451075,0,0.0,,1.3710978325385074e-05,0.72,V12.0
11578.901468905928,0.0002335751567390043,0.9738158641305418,1.7734861148599647e-05,-0.0030971027712447313,0.00027151663442089534,0,0.0,,1.3665320103534144e-05,0.72,V12.0
11598.450117845003,0.00023225843591823697,0.973814547409721,1.7675756677409396e-05,-0.003027042493594303,0.0002694791936072777,0,0.0,,1.361979189527363e-05,0.72,V12.0
11618.031770750506,0.00023094171509746976,0.9738132306889002,1.7616958577280116e-05,-0.002956982215943876,0.0002674417527936601,0,0.0,,1.3574499664541221e-05,0.72,V12.0
11637.646483343002,0.00022962499427670244,0.9738119139680794,1.755861618056285e-05,-0.0028869219382934488,0.00026540431198004245,0,0.0,,1.3529558478114783e-05,0.72,V12.0
11657.294311437132,0.0002283082734559352,0.9738105972472587,1.750089106833998e-05,-0.0028168616606430216,0.00026336687116642487,0,0.0,,1.3485092841345977e-05,0.72,V12.0
11676.975310941767,0.0002269915526351679,0.9738092805264379,1.7443957510646487e-05,-0.002746801382992593,0.00026132943035280724,0,0.0,,1.3441237037415482e-05,0.72,V12.0
11696.68953786017,0.00022567483181440065,0.9738079638056171,1.7388002911683403e-05,-0.0026767411053421663,0.00025929198953918966,0,0.0,,1.339813547043693e-05,0.72,V12.0
11716.437048290154,0.00022435811099363336,0.9738066470847964,1.733322825951991e-05,-0.002606680827691738,0.000257254548725572,0,0.0,,1.335594301202166e-05,0.72,V12.0
11736.217898424242,0.0002230413901728661,0.9738053303639755,1.7279848579463277e-05,-0.0025366205500413114,0.0002552171079119544,0,0.0,,1.3314825350671769e-05,0.72,V12.0
11756.032144549825,0.00022172466935209883,0.9738040136431548,1.7228093390280815e-05,-0.0024665602723908833,0.00025317966709833677,0,0.0,,1.3274959343372873e-05,0.72,V12.0
11775.879843049328,0.00022040794853133154,0.973802696922334,1.7178207162326543e-05,-0.002396499994740456,0.0002511422262847192,0,0.0,,1.3236533368656721e-05,0.72,V12.0
11795.76105040036,0.0002190912277105643,0.9738013802015133,1.7130449776476518e-05,-0.0023264397170900284,0.00024910478547110156,0,0.0,,1.3199747680289e-05,0.72,V12.0
11815.675823175889,0.0002177745068897984,0.9738000634806925,1.708509698263344e-05,-0.0022563794394396745,0.0002470673446574861,0,0.0,,1.316481476062748e-05,0.72,V12.0
11835.624218044388,0.00021645778606903113,0.9737987467598718,1.7042440856395586e-05,-0.0021863191617892473,0.00024502990384386847,0,0.0,,1.3131959672567752e-05,0.72,V12.0
11855.606291770007,0.00021514106524826384,0.973797430039051,1.7002790252317652e-05,-0.0021162588841388197,0.0002429924630302509,0,0.0,,1.3101420408865112e-05,0.72,V12.0
11875.622101212732,0.00021382434442749658,0.9737961133182302,1.6966471252013066e-05,-0.002046198606488392,0.00024095502221663326,0,0.0,,1.3073448237483616e-05,0.72,V12.0
11895.67170332854,0.00021250762360672931,0.9737947965974094,1.6933827605164872e-05,-0.0019761383288379644,0.00023891758140301563,0,0.0,,1.3048308041482992e-05,0.72,V12.0
11915.755155169576,0.00021119090278596202,0.9737934798765887,1.6905221161321727e-05,-0.001906078051187537,0.00023688014058939803,0,0.0,,1.3026278651807107e-05,0.72,V12.0
11935.872513884296,0.0002098741819651948,0.9737921631557679,1.6880492922581463e-05,-0.0018360177735371097,0.0002348426997757804,0,0.0,,1.3007237562338432e-05,0.72,V12.0
11956.023836717646,0.0002085574611444275,0.9737908464349472,1.6860515478580805e-05,-0.0017659574958866818,0.0002328052589621628,0,0.0,,1.2991857155442107e-05,0.72,V12.0
11976.209181011218,0.0002072407403236602,0.9737895297141264,1.6845699926197227e-05,-0.0016958972182362544,0.0002307678181485452,0,0.0,,1.2980454212962743e-05,0.72,V12.0
11996.428604203411,0.00020592401950289297,0.9737882129933056,1.6836476267545404e-05,-0.0016258369405858268,0.00022873037733492756,0,0.0,,1.2973360085476023e-05,0.72,V12.0
12016.682163829599,0.00020460729868212568,0.9737868962724848,1.6833293684955803e-05,-0.0015557766629353993,0.00022669293652130996,0,0.0,,1.2970920904247818e-05,0.45,V12.0
12036.969917522294,0.00020329057786135841,0.9737855795516641,1.6836620784202065e-05,-0.0014867823052783758,0.00022465549570769235,0,0.0,,1.2973497768728589e-05,0.45,V12.0
12057.291923011308,0.00020197385704059253,0.9737842628308433,1.684694580220366e-05,-0.001418544633098258,0.0002226180548940769,0,0.0,,1.2981466906675247e-05,0.45,V12.0
12077.648238123917,0.00020065713621982524,0.9737829461100226,1.6864776775137163e-05,-0.0013503069609180677,0.00022058061408045929,0,0.0,,1.2995219803766715e-05,0.45,V12.0
12098.038920785026,0.00019934041539905798,0.9737816293892018,1.6890641662747485e-05,-0.0012820692887378778,0.00021854317326684168,0,0.0,,1.3015163299469927e-05,0.45,V12.0
12118.46402901734,0.00019802369457829071,0.973780312668381,1.6925088424481338e-05,-0.0012137878479202171,0.00021650573245322405,0,0.0,,1.3041719645782774e-05,0.45,V12.0
12138.923620941516,0.00019670697375752345,0.9737789959475602,1.6968685042906167e-05,-0.001145504913211647,0.00021446829163960645,0,0.0,,1.3075326525357914e-05,0.45,V12.0
12159.417754776343,0.0001953902529367562,0.9737776792267395,1.702201948974019e-05,-0.0010772219785030767,0.00021243085082598884,0,0.0,,1.3116437025405234e-05,0.45,V12.0
12179.946488838896,0.0001940735321159889,0.9737763625059187,1.7085699629703096e-05,-0.0010089390437945066,0.0002103934100123712,0,0.0,,1.3165519563681426e-05,0.45,V12.0
12200.509881544709,0.00019275681129522163,0.973775045785098,1.7160353057277043e-05,-0.0009406561090859364,0.00020833986434264112,0,0.0,,1.3223057762782523e-05,0.45,V12.0
12221.107991407938,0.00019144009047445437,0.9737737290642772,1.7246626861517786e-05,-0.0008723731743773662,0.00020625681416771262,0,0.0,,1.3289550268994054e-05,0.45,V12.0
12241.74087704153,0.00018933928251727483,0.97377162825632,1.7345176834068528e-05,-0.0008418361675694175,0.0002037697569911708,0,0.0,,1.3365510511751137e-05,0.45,V12.0
12262.408597157384,0.0001871887711164188,0.9737694777449192,1.7456697710709147e-05,-0.0008136918828382669,0.00020125708972830428,0,0.0,,1.3451466399921878e-05,0.45,V12.0
12283.111210566527,0.00018503825971556275,0.9737673272335183,1.758189349190673e-05,-0.0007855475981071163,0.00019874442246543773,0,0.0,,1.354795995105904e-05,0.45,V12.0
12303.848776179275,0.00018288774831470896,0.9737651767221175,1.7721485249459154e-05,-0.0007574033133759952,0.00019623175520257387,0,0.0,,1.3655546849854923e-05,0.45,V12.0
12324.621353005403,0.00018073723691385292,0.9737630262107165,1.7876211117181326e-05,-0.0007292590286448446,0.00019386519878777583,0,0.0,,1.377479593209101e-05,0.45,V12.0
12345.429000154307,0.00017858672551299685,0.9737608756993157,1.8046825519646988e-05,-0.000701114743913694,0.00019153657219872218,0,0.0,,1.3906288590440804e-05,0.45,V12.0
12366.271776835185,0.00017643621411214083,0.9737587251879148,1.8234098295178812e-05,-0.0006729704591825434,0.00018920794560966855,0,0.0,,1.4050618098777833e-05,0.45,V12.0
12387.149742357193,0.00017428570271128477,0.973756574676514,1.8438813708749847e-05,-0.0006435500253148843,0.0001868793190206149,0,0.0,,1.4208388851645989e-05,0.45,V12.0
12408.06295612962,0.00017213519131042873,0.9737544241651132,1.8661769350864374e-05,-0.0006139937038153338,0.0001845506924315612,0,0.0,,1.4380215515861331e-05,0.45,V12.0
12429.011477662054,0.00016998467990957268,0.9737522736537123,1.8903774918787415e-05,-0.0005844373823157831,0.00018222206584250758,0,0.0,,1.4566722091446645e-05,0.45,V12.0
12449.995366564557,0.00016783416850871662,0.9737501231423115,1.9165243119640787e-05,-0.0005548810608162326,0.0001798934392534539,0,0.0,,1.476822667251401e-05,0.45,V12.0
12471.014682547826,0.00016568365710786058,0.9737479726309106,1.944736152788133e-05,-0.0005253247393166818,0.00017756481266440025,0,0.0,,1.4985644448435205e-05,0.45,V12.0
12492.069485423372,0.00016353314570700453,0.9737458221195098,1.9750961944590544e-05,-0.0004957684178171313,0.00017523618607534662,0,0.0,,1.5219616464238062e-05,0.45,V12.0
12513.159835103681,0.00016138263430614847,0.9737436716081088,2.0076881577822684e-05,-0.0004662120963175806,0.0001729075594862929,0,0.0,,1.5470787935689737e-05,0.45,V12.0
12534.285791602391,0.00015923212290529243,0.973741521096708,2.0425961141639447e-05,-0.0004366557748180302,0.0001705789328972393,0,0.0,,1.5739806784488242e-05,0.45,V12.0
12555.447415034465,0.00015708161150443866,0.9737393705853071,2.0799042821202234e-05,-0.0004077504220610924,0.00016825030630818812,0,0.0,,1.6027322070226074e-05,0.45,V12.0
12576.644765616353,0.00015493110010358262,0.9737372200739063,2.119696810369581e-05,-0.00038011469179260744,0.00016592167971913444,0,0.0,,1.6333982318950497e-05,0.45,V12.0
12597.877903666167,0.00015278058870272655,0.9737350695625054,2.1620575475604916e-05,-0.00035247896152412246,0.00016359305313008078,0,0.0,,1.6660433748721117e-05,0.45,V12.0
12619.146889603862,0.00015063007730187054,0.9737329190511046,2.207071909366624e-05,-0.0003248432312556376,0.00016126442654102716,0,0.0,,1.7007334657120553e-05,0.45,V12.0
12640.45178395139,0.00014847956590101444,0.9737307685397038,2.254820056602606e-05,-0.0002971847647948594,0.0001583159591706593,0,0.0,,1.7375302852944805e-05,0.45,V12.0
12661.79264733289,0.0001463290545001584,0.9737286180283029,2.3053834492593704e-05,-0.0002694882424859608,0.00015514098022750464,0,0.0,,1.7764966160358096e-05,0.45,V12.0
12683.169540474848,0.00014417854309930236,0.9737264675169021,2.3588421939297153e-05,-0.00024179172017706224,0.00015216354860995022,0,0.0,,1.8176941978570043e-05,0.45,V12.0
12704.582524206278,0.00014202803169844632,0.9737243170055012,2.415274750503815e-05,-0.00021409519786816364,0.00014996437525451278,0,0.0,,1.8611835021577943e-05,0.45,V12.0
12726.03165945889,0.00013987752029759028,0.9737221664941003,2.474757627519788e-05,-0.00018455800788729908,0.00014776520189907537,0,0.0,,1.9070234970463607e-05,0.45,V12.0
12747.51700726726,0.0001377270088967342,0.9737200159826994,2.537365066825564e-05,-0.00015409207950902088,0.00014556602854363793,0,0.0,,1.95527140433006e-05,0.45,V12.0
12769.03862876902,0.00013557649749587817,0.9737178654712986,2.6031687183039054e-05,-0.00012692033629195203,0.00014336685518820052,0,0.0,,2.005982448846479e-05,0.45,V12.0
12790.59658520501,0.00013342598609502213,0.9737157149598977,2.6722373055089037e-05,-0.00010104930424091359,0.0001411676818327631,0,0.0,,2.05920960078843e-05,0.45,V12.0
12812.190937919468,0.00013127547469416834,0.9737135644484969,2.7446362831587103e-05,-7.468969634459969e-05,0.00013896850847732798,0,0.0,,2.115003311750842e-05,0.45,V12.0
12833.821748360197,0.0001291249632933123,0.973711413937096,2.8204274875259e-05,-4.558823941014096e-05,0.00013676933512189054,0,0.0,,2.1734112453019684e-05,0.45,V12.0
12855.489078078745,0.00012697445189245626,0.9737092634256952,2.8996687808601776e-05,-2.0225170615399013e-05,0.00013457016176645313,0,0.0,,2.2344780029532507e-05,0.45,V12.0
12877.192988730574,0.00012482394049160021,0.9737071129142943,2.9824136910733297e-05,-7.991686939744227e-06,0.00013237098841101572,0,0.0,,2.298244846475551e-05,0.45,V12.0
12898.933542075243,0.00012267342909074417,0.9737049624028935,3.068711048004198e-05,-7.490998976001157e-06,0.00013017181505557828,0,0.0,,2.3647494175771856e-05,0.45,V12.0
12920.710799976576,0.0001205229176898881,0.9737028118914927,3.158604617669902e-05,-6.990311012258086e-06,0.00012797264170014087,0,0.0,,2.4340254560273747e-05,0.45,V12.0
12942.524824402843,0.00011837240628903206,0.9737006613800917,3.2521327359922294e-05,-6.489623048515017e-06,0.00012593277462496805,0,0.0,,2.5061025173724507e-05,0.45,V12.0
12964.375677426935,0.00011622189488817602,0.9736985108686909,3.3493279435594644e-05,-5.988935084771948e-06,0.00014031646709535133,0,0.0,,2.581005691447168e-05,0.45,V12.0
12986.263421226542,0.00011407138348731996,0.97369636035729,3.450216623065852e-05,-5.488247121028878e-06,0.00016757468147450024,0,0.0,,2.6587553229466234e-05,0.45,V12.0
13008.188118084325,0.00011192087208646391,0.9736942098458892,3.5548186411296446e-05,-4.987559157285809e-06,0.00019483289585364922,0,0.0,,2.7393667353695556e-05,0.45,V12.0
13030.149830388127,0.00010977036068560561,0.9736920593344883,3.663146996255562e-05,-4.486871193542212e-06,0.00022209111023282677,0,0.0,,2.8228499596938355e-05,0.45,V12.0
13052.14862063104,0.00010761984928474957,0.9736899088230875,3.775207474737077e-05,-3.986183229799143e-06,0.0002493493246119757,0,0.0,,2.909209469167761e-05,0.45,V12.0
13074.184551411738,0.00010546933788389352,0.9736877583116866,3.8909983163620235e-05,-4.0453770499346936e-06,0.0002769640920894749,0,0.0,,2.998443921653258e-05,0.45,V12.0
13096.257685434563,0.00010331882648303746,0.9736856078002858,4.010509891799284e-05,-4.295277606619634e-06,0.0003053071427817722,0,0.0,,3.0905459109680926e-05,0.45,V12.0
13118.368085509708,0.00010130415660578021,0.9736835931304085,4.1337248262964623e-05,-4.4942115486385325e-06,0.0003283247962064644,0,0.0,,3.185501728696382e-05,0.45,V12.0
13140.515814553424,9.973263348478684e-05,0.9736820216072876,4.260617889535283e-05,-4.526880497678926e-06,0.00033394453249280194,0,0.0,,3.283291137944188e-05,0.45,V12.0
13162.70093558817,9.816111036379346e-05,0.9736804500841665,4.391152689924202e-05,-4.552845367564741e-06,0.00033956426877913956,0,0.0,,3.3838871605153344e-05,0.45,V12.0
13184.923511742809,9.658958724280009e-05,0.9736788785610455,4.52528520081852e-05,-4.394329533473917e-06,0.0003451840050654772,0,0.0,,3.4872558789824166e-05,0.45,V12.0
13207.183606252791,9.501806412180672e-05,0.9736773070379245,4.662962155364618e-05,-4.2358136993830935e-06,0.0003508037413518148,0,0.0,,3.593356255094925e-05,0.45,V12.0
13229.48128246032,9.344654100081333e-05,0.9736757355148036,4.804120833968904e-05,-4.077297865292268e-06,0.0003564234776381524,0,0.0,,3.702139965955961e-05,0.45,V12.0
13251.816603814541,9.187501787981995e-05,0.9736741639916825,4.948688876630184e-05,-3.918782031201445e-06,0.00036204321392449,0,0.0,,3.81355125935798e-05,0.45,V12.0
13274.189633871723,9.030349475882658e-05,0.9736725924685615,5.0965841218710275e-05,-3.7602661971106203e-06,0.0003676629502108276,0,0.0,,3.92752682961518e-05,0.45,V12.0
13296.600436295434,8.87319716378332e-05,0.9736710209454406,5.247714473943956e-05,-3.601750363019796e-06,0.00037328268649716517,0,0.0,,4.0439957151841486e-05,0.45,V12.0
13319.049074856726,8.716044851683981e-05,0.9736694494223196,5.401977799899576e-05,-3.443234528928972e-06,0.00037890242278350284,0,0.0,,4.1628792192960124e-05,0.45,V12.0
13341.535613434318,8.558892539584643e-05,0.9736678778991986,5.559261858008755e-05,-3.284718694838148e-06,0.00038452215906984046,0,0.0,,4.2840908547501376e-05,0.45,V12.0
13364.060116014773,8.401740227485308e-05,0.9736663063760775,5.7194442589233744e-05,-3.126202860747324e-06,0.0003901418953561781,0,0.0,,4.407536313936531e-05,0.45,V12.0
13386.62264669268,8.244587915386134e-05,0.9736647348529566,5.8823924608448964e-05,-2.967687026656667e-06,0.0003957616316425097,0,0.0,,4.533113465065265e-05,0.45,V12.0
13409.223269670845,8.087435603286797e-05,0.9736631633298356,6.0479637998283254e-05,-2.809171192565843e-06,0.00040138136792884735,0,0.0,,4.660712375472096e-05,0.45,V12.0
13431.862049260464,7.93028329118746e-05,0.9736615918067146,6.216005556208976e-05,-2.7225386554814615e-06,0.00040700110421518497,0,0.0,,4.7902153627614166e-05,0.45,V12.0
13454.539049881309,7.773130979088121e-05,0.9736600202835936,6.386355058028851e-05,-2.825734780701406e-06,0.00041262084050152254,0,0.0,,4.921497074462483e-05,0.45,V12.0
13477.254336061911,7.615978666988783e-05,0.9736584487604726,6.558839822117851e-05,-2.9289309059213506e-06,0.00041824057678786016,0,0.0,,5.0544245967040724e-05,0.45,V12.0
13500.00797243975,7.458826354889446e-05,0.9736568772373516,6.733277733356088e-05,-3.0321270311412953e-06,0.0004238603130741978,0,0.0,,5.1888575923134034e-05,0.45,V12.0
13522.800023761425,7.301674042790107e-05,0.9736553057142306,6.90947583907048e-05,-3.1353231563612397e-06,0.00042948004936053534,0,0.0,,5.3246473716973734e-05,0.45,V12.0
13545.630554882855,7.144521730690769e-05,0.9736537341911097,7.087234701300474e-05,-3.2385192815811844e-06,0.000435099785646873,0,0.0,,5.4616402467813254e-05,0.45,V12.0
13568.499630769451,6.987369418591432e-05,0.9736521626679886,7.266344750661262e-05,-3.341715406801129e-06,0.0004407195219332106,0,0.0,,5.599674721150638e-05,0.45,V12.0
13591.407316496303,6.830217106492093e-05,0.9736505911448676,7.44658788669837e-05,-3.444911532021074e-06,0.0004463392582195482,0,0.0,,5.7385827232887144e-05,0.45,V12.0
13614.35367724837,6.673064794392756e-05,0.9736490196217467,7.627737849283876e-05,-3.5481076572410182e-06,0.00045195899450588576,0,0.0,,5.8781898927475214e-05,0.45,V12.0
13637.338778320664,6.515912482293418e-05,0.9736474480986257,7.809560627412428e-05,-3.8117922057646896e-06,0.00045757873079222344,0,0.0,,6.018315895141767e-05,0.45,V12.0
13660.36268511843,6.358760170194245e-05,0.9736458765755047,7.991814904588658e-05,-4.220389747236536e-06,0.0004631984670785551,0,0.0,,6.158774765344e-05,0.45,V12.0
13683.425463157344,6.201607858094908e-05,0.9736443050523836,8.174252539802087e-05,-4.628987288708811e-06,0.00046881820336489266,0,0.0,,6.299375278107201e-05,0.45,V12.0
13706.527178063683,6.04445554599557e-05,0.9736427335292627,8.356619082886166e-05,-5.037584830181087e-06,0.00047443793965123033,0,0.0,,6.439921345187773e-05,0.45,V12.0
13729.667895574528,5.887303233896233e-05,0.9736411620061417,8.538654322872769e-05,-5.446182371653361e-06,0.0004800576759375679,0,0.0,,6.580212437898966e-05,0.45,V12.0
13752.84768153794,5.730150921796895e-05,0.9736395904830207,8.720092867758785e-05,-5.548002281562378e-06,0.00048567741222390557,0,0.0,,6.72004403387475e-05,0.45,V12.0
13776.066601913151,5.572998609697557e-05,0.9736380189598997,8.900664753923102e-05,-5.595212599206955e-06,0.0004912971485102431,0,0.0,,6.859208086686741e-05,0.45,V12.0
13799.324722770756,5.4158462975982197e-05,0.9736364474367787,9.080096083255687e-05,-5.6424229168515325e-06,0.0004969168847965808,0,0.0,,6.997493516820576e-05,0.45,V12.0
13822.622110292894,5.258693985498881e-05,0.9736348759136577,9.258109685892888e-05,-6.006875111836751e-06,0.0005025366210829183,0,0.0,,7.134686722389117e-05,0.45,V12.0
13845.958830773438,5.1015416733995435e-05,0.9736333043905367,9.434425806295253e-05,-6.5911466048825265e-06,0.0005081563573692559,0,0.0,,7.270572107838086e-05,0.45,V12.0
13869.334950618186,4.944389361300206e-05,0.9736317328674158,9.608762810255887e-05,-7.175418097928303e-06,0.0005137760936555936,0,0.0,,7.404932628785535e-05,0.45,V12.0
13892.75053634505,4.787237049200868e-05,0.9736301613442947,9.78083791029105e-05,-7.759689590974079e-06,0.0005193958299419311,0,0.0,,7.53755035103146e-05,0.45,V12.0
13916.205654584242,4.63008473710153e-05,0.9736285898211737,9.950367906740414e-05,-8.343961084019854e-06,0.0005250155662282687,0,0.0,,7.668207021678034e-05,0.45,V12.0
13939.70037207847,4.472932425002357e-05,0.9736270182980528,0.00010117069941793462,-8.928232577065017e-06,0.0005306353025146005,0,0.0,,7.796684650215511e-05,0.45,V12.0
13963.234755683117,4.3157801129030194e-05,0.9736254467749318,0.00010280662263564071,-9.51250407011079e-06,0.0005362550388009382,1,1.0,15.400449989766742,7.922766097355919e-05,0.45,V12.0
13986.808872366444,4.1586278008036816e-05,0.9736238752518107,0.00010440864997243649,-1.0045285330544078e-05,0.0005418309260262851,1,1.0,15.400449989766742,8.046235669326141e-05,0.45,V12.0
14010.422789209773,4.001475488704344e-05,0.9736223037286897,0.00010597400920312658,-1.0602793444517169e-05,0.0005471618610219364,1,1.0,15.400449989766742,8.16687971529289e-05,0.45,V12.0
14034.076573407676,3.844323176605006e-05,0.9736207322055688,0.00010749996238729366,-1.1236324838956952e-05,0.0005524927960175875,1,1.0,15.400449989766742,8.284487225545131e-05,0.45,V12.0
14057.770292268171,3.6871708645056684e-05,0.9736191606824478,0.00010898381360979729,-1.186388403922538e-05,0.0005578237310132386,1,1.0,15.400449989766742,8.398850428032527e-05,0.45,V12.0
14081.504013212916,3.5708899421615844e-05,0.9736179978732243,0.00011042295144915643,-1.2176094849494883e-05,0.0005584701246308148,1,1.0,15.400449989766742,8.509765380846112e-05,0.45,V12.0
14105.277803777391,3.491021299071973e-05,0.9736171991867935,0.00011181478449295128,-1.2241103359625846e-05,0.0005549430651346352,1,1.0,15.400449989766742,8.617032558228465e-05,0.45,V12.0
14129.091731611103,3.411152655982363e-05,0.9736164005003626,0.00011315675799091171,-1.2306111869756809e-05,0.0005514160056384555,1,1.0,15.400449989766742,8.720457427715056e-05,0.45,V12.0
14152.945864477762,3.331284012892752e-05,0.9736156018139317,0.00011444641991713932,-1.2371120379887772e-05,0.0005478889461422758,1,1.0,15.400449989766742,8.819851016028107e-05,0.45,V12.0
14176.840270255494,3.251415369803142e-05,0.9736148031275007,0.00011568139755453242,-1.2436128890018735e-05,0.0005443618866460962,1,1.0,15.400449989766742,8.915030461386858e-05,0.45,V12.0
14200.775016937016,3.1715467267136154e-05,0.9736140044410698,0.00011685940445538773,-1.250113740014963e-05,0.0005408348271499202,1,1.0,15.400449989766742,9.0058195499481e-05,0.45,V12.0
14224.75017262984,3.091678083624005e-05,0.9736132057546389,0.00011797824716722073,-1.2566145910280594e-05,0.0005373077676537406,1,1.0,15.400449989766742,9.092049234155152e-05,0.45,V12.0
14248.765805556464,3.0118094405343943e-05,0.9736124070682081,0.00011903583169592726,-1.2631154420411555e-05,0.0005337807081575609,1,1.0,15.400449989766742,9.173558130846817e-05,0.45,V12.0
14272.821984054564,2.931940797444784e-05,0.9736116083817772,0.00012003016967958352,-1.269616293054252e-05,0.0005302536486613812,1,1.0,15.400449989766742,9.250192997068359e-05,0.45,V12.0
14296.918776577193,2.8520721543551736e-05,0.9736108096953463,0.00012095938424740965,-1.2761171440673483e-05,0.0005267265891652016,1,1.0,15.400449989766742,9.321809181621183e-05,0.45,V12.0
14321.056251692973,2.772203511265563e-05,0.9736100110089154,0.00012182171553985543,-1.2826179950804448e-05,0.0005231995296690219,1,1.0,15.400449989766742,9.38827105049833e-05,0.45,V12.0
14345.234478086288,2.6923348681759524e-05,0.9736092123224844,0.000122615525867291,-1.289118846093541e-05,0.0005196724701728423,1,1.0,15.400449989766742,9.449452384470381e-05,0.45,V12.0
14369.453524557483,2.6124662250863417e-05,0.9736084136360535,0.0001233393044865188,-1.2956196971066373e-05,0.0005161454106766625,1,1.0,15.400449989766742,9.50523674721994e-05,0.45,V12.0
14393.713460023058,2.5325975819967313e-05,0.9736076149496227,0.00012399167197570238,-1.3021205481197336e-05,0.0005126183511804828,1,1.0,15.400449989766742,9.555517822529141e-05,0.45,V12.0
14418.01435351587,2.4527289389071213e-05,0.9736068162631918,0.00012457138419078883,-1.30862139913283e-05,0.0005090912916843033,1,1.0,15.400449989766742,9.600199719215858e-05,0.45,V12.0
14442.356274185315,2.3728602958175102e-05,0.9736060175767609,0.00012507733578802382,-1.3151222501459262e-05,0.0005055642321881236,1,1.0,15.400449989766742,9.63919724263157e-05,0.45,V12.0
14466.73929129754,2.2929916527278998e-05,0.97360521889033,0.00012550856329913632,-1.3213230958138404e-05,0.0005020371726919439,1,1.0,15.400449989766742,9.672436131686304e-05,0.45,V12.0
14491.163474235631,2.213123009638289e-05,0.9736044202038991,0.00012586424774798646,-1.3175706556695398e-05,0.0004985101131957641,1,1.0,15.400449989766742,9.699853260536856e-05,0.45,V12.0
14515.628892499817,2.133254366548763e-05,0.9736036215174683,0.00012614371679953157,-1.3013408092065456e-05,0.0004949830536995882,1,1.0,15.400449989766742,9.721396804233343e-05,0.45,V12.0
14540.13561570766,2.0533857234591523e-05,0.9736028228310373,0.00012634644643411217,-1.2851109627435342e-05,0.0004914559942034086,1,1.0,15.400449989766742,9.737026367784677e-05,0.45,V12.0
14564.68371359426,1.9735170803695416e-05,0.9736020241446064,0.00012647206214222117,-1.2688811162805228e-05,0.00048792893470722893,1,1.0,15.400449989766742,9.746713078269974e-05,0.45,V12.0
14589.273256012451,1.8936484372799316e-05,0.9736012254581755,0.00012652033963710284,-1.2526512698175117e-05,0.0004844018752110493,1,1.0,15.400449989766742,9.750439639791308e-05,0.45,V12.0
14613.904312932998,1.813779794190321e-05,0.9736004267717446,0.00012649120508468982,-1.2408794107175867e-05,0.00048087481571486957,1,1.0,15.400449989766742,9.7482003512297e-05,0.45,V12.0
14638.576954444798,1.73391115110071e-05,0.9735996280853138,0.00012638473485254345,-1.2490250157227961e-05,0.00047734775621868986,1,1.0,15.400449989766742,9.74000108693259e-05,0.45,V12.0
14663.291250755077,1.6540425080110997e-05,0.9735988293988829,0.0001262011547815884,-1.2571706207280057e-05,0.0004738206967225102,1,1.0,15.400449989766742,9.725859240624707e-05,0.45,V12.0
14688.047272189597,1.574173864921489e-05,0.973598030712452,0.00012594083898651172,-1.2653162257332149e-05,0.00047029363722633056,1,1.0,15.400449989766742,9.705803632994641e-05,0.45,V12.0
14712.845089192844,1.4943052218318788e-05,0.973597232026021,0.00012560430819273267,-1.2734618307384243e-05,0.00046676657773015085,1,1.0,15.400449989766742,9.679874383566214e-05,0.45,V12.0
14737.684772328243,1.4144365787422679e-05,0.9735964333395901,0.00012519222761981134,-1.2816074357436336e-05,0.00046323951823397125,1,1.0,15.400449989766742,9.648122747615053e-05,0.45,V12.0
14762.566392278344,1.3345679356526575e-05,0.9735956346531592,0.00012470540442306504,-1.2897530407488432e-05,0.0004597124587377915,1,1.0,15.400449989766742,9.610610919037134e-05,0.45,V12.0
14787.490019845038,1.2546992925630471e-05,0.9735948359667284,0.0001241447847069686,-1.2978986457540526e-05,0.0004561853992416119,1,1.0,15.400449989766742,9.567411800215473e-05,0.45,V12.0
14812.45572594974,1.1748306494735208e-05,0.9735940372802975,0.00012351145012563498,-1.3060442507592535e-05,0.00045265833974543593,1,1.0,15.400449989766742,9.518608740063676e-05,0.45,V12.0
14837.463581633614,1.0949620063839102e-05,0.9735932385938666,0.0001228066140872919,-1.3141898557644629e-05,0.0004491312802492562,1,1.0,15.400449989766742,9.464295241549755e-05,0.45,V12.0
14862.513658057751,1.0150933632942998e-05,0.9735924399074357,0.00012203161758119109,-1.322335460769672e-05,0.00044560422075307657,1,1.0,15.400449989766742,9.404574640121044e-05,0.45,V12.0
14887.606026503394,9.35224720204689e-06,0.9735916412210047,0.00012118792464676554,-1.3304810657748816e-05,0.00044207716125689697,1,1.0,15.400449989766742,9.339559754557122e-05,0.45,V12.0
14912.740758372121,8.553560771150787e-06,0.9735908425345738,0.00012027711750615155,-1.338626670780091e-05,0.00043855010176071726,1,1.0,15.400449989766742,9.269372511878055e-05,0.45,V12.0
14937.917925186064,7.754874340254678e-06,0.973590043848143,0.00011930089138233341,-1.3467722757853005e-05,0.00043502304226453756,1,1.0,15.400449989766742,9.194143548023165e-05,0.45,V12.0
14963.137598588102,6.956187909358576e-06,0.9735892451617121,0.0001182610490261981,-1.3549178807905098e-05,0.0004314959827683579,1,1.0,15.400449989766742,9.114011786094943e-05,0.45,V12.0
14988.399850342068,6.157501478462472e-06,0.9735884464752812,0.00011715949497668424,-1.363063485795719e-05,0.0004279689232721782,1,1.0,15.400449989766742,9.029123994031789e-05,0.45,V12.0
15013.704752332957,5.358815047566365e-06,0.9735876477888503,0.00011599822957896948,-1.3712090908009287e-05,0.0004244418637759986,1,1.0,15.400449989766742,8.939634323631862e-05,0.2,V12.0
15039.052376567124,4.560128616670261e-06,0.9735868491024194,0.00011477934278626794,-1.41965786225958e-05,0.0004209148042798189,1,1.0,15.400449989766742,8.845703832898695e-05,0.2,V12.0
15064.442795172496,3.7614421857741535e-06,0.9735860504159884,0.00011350500777130112,-1.4767706798399106e-05,0.0004173877447836392,1,1.0,15.400449989766742,8.74749999371715e-05,0.2,V12.0
15089.87608039877,2.9627557548780505e-06,0.9735852517295576,0.00011217747437386198,-1.484144376486417e-05,0.00041386068528745954,1,1.0,15.400449989766742,8.645196186895713e-05,0.2,V12.0
15115.352304617623,2.6032224236491928e-06,0.9735848921962263,0.00011079909991027361,-1.4758837884449399e-05,0.00040930033721877116,1,1.0,15.400449989766742,8.538971186628522e-05,0.2,V12.0
15140.87154032292,2.338085020525147e-06,0.9735846270588232,0.00010937226536996568,-1.4644502301095353e-05,0.00040451788384357566,1,1.0,15.400449989766742,8.429010833116783e-05,0.2,V12.0
15166.433860130912,2.0729476174011014e-06,0.9735843619214202,0.0001078993701652367,-1.452784319544035e-05,0.00039973543046838025,1,1.0,15.400449989766742,8.315500668944231e-05,0.2,V12.0
15192.039336780452,1.8078102142770554e-06,0.973584096784017,0.00010638290321206555,-1.4411104253947412e-05,0.0003949529770931848,1,1.0,15.400449989766742,8.198632505720992e-05,0.2,V12.0
15217.688043133197,1.5426728111530095e-06,0.9735838316466139,0.00010482539577771317,-1.4294365312454475e-05,0.00039017052371798935,1,1.0,15.400449989766742,8.078601419109368e-05,0.2,V12.0
15243.380052173816,1.2775354080289642e-06,0.9735835665092107,0.00010322941450604786,-1.417762637096154e-05,0.00038538807034279394,1,1.0,15.400449989766742,7.9556052113083e-05,0.2,V12.0
15269.115437010198,1.0123980049049183e-06,0.9735833013718076,0.0001015975544627411,-1.40608874294686e-05,0.0003806056169675985,1,1.0,15.400449989766742,7.829843875068544e-05,0.2,V12.0
15294.89427087366,7.472606017808728e-07,0.9735830362344045,9.99324322250592e-05,-1.3944148487975664e-05,0.00037582316359240303,1,1.0,15.400449989766742,7.701519061144057e-05,0.2,V12.0
15320.716627119155,4.821231986568269e-07,0.9735827710970014,9.823667904024921e-05,-1.3742379783673904e-05,0.0003710407102172076,1,1.0,15.400449989766742,7.570833551029109e-05,0.2,V12.0
15346.582579225482,2.1698579553278121e-07,0.9735825059595983,9.651293407570268e-05,-1.3533101691505218e-05,0.0003662582568420122,1,1.0,15.400449989766742,7.437990736767824e-05,0.2,V12.0
15372.492200795494,-4.8151607591265126e-08,0.9735822408221951,9.476383778317587e-05,-1.3440542835153533e-05,0.0003614758034668167,1,1.0,15.400449989766742,7.303194109553101e-05,0.2,V12.0
15398.445565556305,-3.132890107150311e-07,0.973581975684792,9.299202539836323e-05,-1.3487649326798676e-05,0.0003566933500916263,1,1.0,15.400449989766742,7.16664675875622e-05,0.2,V12.0
15424.442747359508,-5.784264138390766e-07,0.9735817105473888,9.120012059611414e-05,-1.3378374189181998e-05,0.00035191089671643086,1,1.0,15.400449989766742,7.028550882950854e-05,0.2,V12.0
15450.483820181375,-8.435638169631225e-07,0.9735814454099858,8.939072932017291e-05,-1.326909905156532e-05,0.00034712844334123546,1,1.0,15.400449989766742,6.88910731438652e-05,0.2,V12.0
15476.568858123072,-1.1087012200871686e-06,0.9735811802725827,8.756643380573276e-05,-1.3158139717492857e-05,0.00034234598996603995,1,1.0,15.400449989766742,6.748515058321129e-05,0.2,V12.0
15502.697935410872,-1.3738386232112143e-06,0.9735809151351795,8.57297868112768e-05,-1.3043804134138812e-05,0.00033756353659084455,1,1.0,15.400449989766742,6.606970848482145e-05,0.2,V12.0
15528.871126396363,-1.6389760263352603e-06,0.9735806499977764,8.38833060751785e-05,-1.2929468550784764e-05,0.0003327810832156491,1,1.0,15.400449989766742,6.464668719848868e-05,0.2,V12.0
15555.088505556663,-1.904113429459306e-06,0.9735803848603732,8.202946901118453e-05,-1.2815132967430716e-05,0.0003279986298404537,1,1.0,15.400449989766742,6.321799599844205e-05,0.2,V12.0
15581.350147494626,-2.1692508325833517e-06,0.9735801197229701,8.017070765556429e-05,-1.270079738407667e-05,0.00032321617646525824,1,1.0,15.400449989766742,6.17855091892127e-05,0.2,V12.0
15607.656126939062,-2.4343882357073967e-06,0.9735798545855671,7.83094038773474e-05,-1.258646180072262e-05,0.0003184337230900628,1,1.0,15.400449989766742,6.035106241425019e-05,0.2,V12.0
15634.00651874494,-2.6995256388314435e-06,0.9735795894481639,7.644788486171321e-05,-1.2472126217368573e-05,0.0003136512697148674,1,1.0,15.400449989766742,5.891644917504559e-05,0.2,V12.0
15660.401397893613,-2.9646630419554886e-06,0.9735793243107608,7.458841887519841e-05,-1.2357790634014527e-05,0.00030886881633967187,0,0.0,,5.748341756744058e-05,0.2,V12.0
15686.84083949302,-3.2298004450795345e-06,0.9735790591733576,7.273321132003609e-05,-1.224345505066048e-05,0.00030408636296447647,0,0.0,,5.605366724075874e-05,0.2,V12.0
15713.324918777906,-3.4949378482035804e-06,0.9735787940359545,7.088440108356273e-05,-1.2129119467306431e-05,0.00029930390958928107,0,0.0,,5.4628846584334834e-05,0.2,V12.0
15739.853711110036,-3.760075251327347e-06,0.9735785288985513,6.904405718728061e-05,-1.2014783883952505e-05,0.0002945214562140906,0,0.0,,5.321055014497749e-05,0.2,V12.0
15766.427291978409,-4.025212654451392e-06,0.9735782637611483,6.721417573881686e-05,-1.1900448300598457e-05,0.0002897390028388952,0,0.0,,5.1800316277863815e-05,0.2,V12.0
15793.045736999467,-4.290350057575438e-06,0.9735779986237452,6.53966771887552e-05,-1.1786112717244411e-05,0.0002849565494636998,0,0.0,,5.0399625032389164e-05,0.2,V12.0
15819.709121917324,-4.555487460699484e-06,0.973577733486342,6.359340389297454e-05,-1.1671777133890364e-05,0.0002801740960885043,0,0.0,,4.9009896273460856e-05,0.2,V12.0
15846.41752260396,-4.82062486382353e-06,0.9735774683489389,6.180611797995415e-05,-1.1557441550536317e-05,0.0002753916427133089,0,0.0,,4.763248803782011e-05,0.2,V12.0
15873.171015059464,-5.085762266947575e-06,0.9735772032115357,6.0036499521267116e-05,-1.1443105967182268e-05,0.00027060918933811344,0,0.0,,4.6268695124022015e-05,0.2,V12.0
15899.969675412225,-5.3508996700716215e-06,0.9735769380741327,5.8286145002357815e-05,-1.1328770383828222e-05,0.000265826735962918,0,0.0,,4.491974791383526e-05,0.2,V12.0
15926.813579919164,-5.6160370731956665e-06,0.9735766729367296,5.655680404367792e-05,-1.1214434800474174e-05,0.0002610442825877225,0,0.0,,4.358699480757223e-05,0.2,V12.0
15953.702804965948,-5.8811744763197124e-06,0.9735764077993264,5.484967789435804e-05,-1.1100099217120128e-05,0.00025626182921252707,0,0.0,,4.227136158971889e-05,0.2,V12.0
15980.637427067199,-6.146311879443758e-06,0.9735761426619233,5.316610675325721e-05,-1.098576363376608e-05,0.00025147937583733167,0,0.0,,4.097388113083981e-05,0.2,V12.0
16007.617522866727,-6.411449282567804e-06,0.9735758775245201,5.150734403275538e-05,-1.0871428050412032e-05,0.0002466969224621362,0,0.0,,3.969551941801048e-05,0.2,V12.0
16034.643169137735,-6.676586685691571e-06,0.973575612387117,4.987455624686321e-05,-1.0757092467058106e-05,0.00024191446908694583,0,0.0,,3.8437175468517725e-05,0.2,V12.0
16061.714442783043,-6.9417240888156174e-06,0.973575347249714,4.826882316058198e-05,-1.0642756883704058e-05,0.00023713201571175035,0,0.0,,3.71996814448996e-05,0.2,V12.0
16088.831420835306,-7.2068614919396625e-06,0.9735750821123108,4.669113819111009e-05,-1.052842130035001e-05,0.00023234956233655492,0,0.0,,3.598380296407784e-05,0.2,V12.0
16115.994180457234,-7.4719988950637084e-06,0.9735748169749077,4.514240905075487e-05,-1.0414085716995964e-05,0.0002275671089613595,0,0.0,,3.4790239592767546e-05,0.2,V12.0
16143.202798941807,-7.737136298187753e-06,0.9735745518375045,4.3623458620908725e-05,-1.0661289285213731e-05,0.00022278465558616404,0,0.0,,3.361962552096358e-05,0.2,V12.0
16170.457353712503,-8.002273701311799e-06,0.9735742867001014,4.213502604582887e-05,-1.0716538352110309e-05,0.0002180022022109686,0,0.0,,3.247253040482563e-05,0.2,V12.0
16197.757922323515,-8.236850705263653e-06,0.9735740521230974,4.067776899258495e-05,-1.0607720183568507e-05,0.00021338315034114872,0,0.0,,3.1349460369954466e-05,0.2,V12.0
16225.104582459966,-8.241476999853656e-06,0.9735740474968029,3.925226916383575e-05,-1.0552288897705834e-05,0.0002099936076757144,0,0.0,,3.0250859165705564e-05,0.2,V12.0
16252.497411938137,-8.24610329444366e-06,0.9735740428705083,3.785901562751319e-05,-1.052439509907299e-05,0.00020660406501028008,0,0.0,,2.9177109460938742e-05,0.2,V12.0
16279.936488705687,-8.250729589033664e-06,0.9735740382442137,3.6498427515234445e-05,-1.049650130044015e-05,0.00020321452234484574,0,0.0,,2.812853427142652e-05,0.2,V12.0
16307.421890841872,-8.255355883623669e-06,0.973574033617919,3.517084856532238e-05,-1.0468607501807308e-05,0.0001998249796794114,0,0.0,,2.7105398508994306e-05,0.2,V12.0
16334.953696557772,-8.259982178213672e-06,0.9735740289916245,3.3876549277768084e-05,-1.0440713703174468e-05,0.0001964354370139771,0,0.0,,2.6107910642301518e-05,0.2,V12.0
16362.531984196507,-8.264608472803675e-06,0.9735740243653299,3.261572920084832e-05,-1.0412819904541626e-05,0.00019304589434854277,0,0.0,,2.513622445908635e-05,0.2,V12.0
16390.156832233464,-8.269234767393675e-06,0.9735740197390353,3.138851933633562e-05,-1.0384926105908813e-05,0.000189656351683112,0,0.0,,2.4190440919807207e-05,0.2,V12.0
16417.828319276527,-8.273861061983678e-06,0.9735740151127408,3.019498465020022e-05,-1.0357032307275972e-05,0.00018626680901767767,0,0.0,,2.3270610092584548e-05,0.2,V12.0
16445.54652406628,-8.278487356573681e-06,0.9735740104864461,2.9035126675744613e-05,-1.032913850864313e-05,0.00018287726635224337,0,0.0,,2.237673315937845e-05,0.2,V12.0
16473.311525476263,-8.283113651163686e-06,0.9735740058601515,2.790888619630847e-05,-1.030124471001029e-05,0.00017948772368680903,0,0.0,,2.1508764483489416e-05,0.2,V12.0
16501.12340251316,-8.287739945753689e-06,0.973574001233857,2.6816145994897255e-05,-1.0273350911377446e-05,0.00017609818102137472,0,0.0,,2.0666613728635792e-05,0.2,V12.0
16528.98223431705,-8.292366240343694e-06,0.9735739966075624,2.57567336583079e-05,-1.0245457112744606e-05,0.0001727086383559404,0,0.0,,1.9850148020030967e-05,0.2,V12.0
16556.88810016163,-8.296992534933697e-06,0.9735739919812678,2.473042442364528e-05,-1.0217563314111764e-05,0.00016931909569050605,0,0.0,,1.9059194138130242e-05,0.2,V12.0
16584.841079454418,-8.3016188295237e-06,0.9735739873549732,2.3736944055506818e-05,-1.0189669515478922e-05,0.00016592955302507174,0,0.0,,1.8293540736012996e-05,0.2,V12.0
16612.84125173702,-8.306245124113703e-06,0.9735739827286786,2.277597174227332e-05,-1.0161775716846082e-05,0.00016254001035963738,0,0.0,,1.755294057148967e-05,0.2,V12.0
16640.888696685306,-8.310871418703708e-06,0.973573978102384,2.1847143000628672e-05,-1.0133881918213238e-05,0.00015915046769420307,0,0.0,,1.6837112745550605e-05,0.2,V12.0
16668.98349410968,-8.315497713293711e-06,0.9735739734760894,2.0950052577711042e-05,-1.01059881195804e-05,0.00015576092502876877,0,0.0,,1.6145744938989562e-05,0.2,V12.0
16697.125723955287,-8.320124007883711e-06,0.9735739688497949,2.0084257340805586e-05,-1.0078094320947587e-05,0.000152371382363338,0,0.0,,1.5478495639425796e-05,0.2,V12.0
16725.31546630224,-8.324750302473714e-06,0.9735739642235003,1.9249279144974203e-05,-1.0050200522314743e-05,0.00014898183969790365,0,0.0,,1.4834996351322783e-05,0.2,V12.0
16753.55280136585,-8.329376597063719e-06,0.9735739595972056,1.844460766955259e-05,-1.0022306723681904e-05,0.00014559229703246934,0,0.0,,1.4214853782013675e-05,0.2,V12.0
16781.83780949686,-8.334002891653722e-06,0.973573954970911,1.766970321494645e-05,-9.99441292504906e-06,0.00014220275436703503,0,0.0,,1.3617651997130217e-05,0.2,V12.0
16810.170571181665,-8.338629186243725e-06,0.9735739503446165,1.692399945173858e-05,-9.96651912641622e-06,0.0001388132117016007,0,0.0,,1.3042954539278808e-05,0.2,V12.0
16838.551167042548,-8.34325548083373e-06,0.9735739457183219,1.620690611465958e-05,-9.938625327783379e-06,0.00013542366903616636,0,0.0,,1.2490306504224164e-05,0.2,V12.0
16866.979677837902,-8.347881775423733e-06,0.9735739410920273,1.5517811634548995e-05,-9.910731529150538e-06,0.00013203412637073205,0,0.0,,1.1959236569283631e-05,0.2,V12.0
16895.456184462477,-8.352508070013736e-06,0.9735739364657328,1.4856085702006692e-05,-9.882837730517695e-06,0.0001286445837052977,0,0.0,,1.144925896907669e-05,0.2,V12.0
16923.980767947578,-8.357134364603741e-06,0.9735739318394381,1.4221081757009388e-05,-9.854943931884853e-06,0.00012525504103986338,0,0.0,,1.095987541421751e-05,0.2,V12.0
16952.55350946133,-8.361760659193744e-06,0.9735739272131435,1.3612139399342519e-05,-9.827050133252012e-06,0.00012186549837442905,0,0.0,,1.0490576948981621e-05,0.2,V12.0
16981.17449030889,-8.366386953783747e-06,0.9735739225868489,1.3028586715268168e-05,-9.79915633461917e-06,0.00011847595570899472,0,0.0,,1.004084574441762e-05,0.2,V12.0
17009.843791932683,-8.371013248373752e-06,0.9735739179605544,1.2469742516417575e-05,-9.77126253598633e-06,0.0001150864130435604,0,0.0,,9.610156823812326e-06,0.08,V12.0
17038.56149591263,-8.375639542963755e-06,0.9735739133342598,1.1934918487450521e-05,-9.743368737353486e-06,0.00011169687037812607,0,0.0,,9.1979797178446e-06,0.08,V12.0
17067.32768396638,-8.380265837553755e-06,0.9735739087079651,1.1423421239571913e-05,-9.715474938720675e-06,0.0001083073277126953,0,0.0,,8.803780047185402e-06,0.08,V12.0
17096.142437949562,-8.384892132143758e-06,0.9735739040816705,1.0934554267524436e-05,-9.687581140087835e-06,0.00010491778504726099,0,0.0,,8.427021030709032e-06,0.08,V12.0
17125.005839855985,-8.389518426733761e-06,0.973573899455376,1.0467619808204969e-05,-9.659687341454991e-06,0.00010152824238182665,0,0.0,,8.067164917887964e-06,0.08,V12.0
17153.917971817893,-8.394144721323766e-06,0.9735738948290814,1.0021920599533972e-05,-9.631793542822153e-06,9.813869971639233e-05,0,0.0,,7.723674344314889e-06,0.08,V12.0
17182.878916106198,-8.39877101591377e-06,0.9735738902027868,9.596761538708297e-06,-9.603899744189309e-06,9.474915705095801e-05,0,0.0,,7.396013609681781e-06,0.08,V12.0
17211.888755130705,-8.403397310503772e-06,0.9735738855764923,9.191451239416616e-06,-9.576005945556469e-06,9.135961438552366e-05,0,0.0,,7.083649877891712e-06,0.08,V12.0
17240.947571440356,-8.408023605093777e-06,0.9735738809501976,8.805303488042436e-06,-9.548112146923627e-06,8.797007172008935e-05,0,0.0,,6.786054299322626e-06,0.08,V12.0
17270.05544772345,-8.412649899683782e-06,0.973573876323903,8.43763859929602e-06,-9.520218348290783e-06,8.458052905465502e-05,0,0.0,,6.502703055583206e-06,0.08,V12.0
17299.212466807905,-8.417276194273784e-06,0.9735738716976085,8.08778467210914e-06,-9.492324549657943e-06,8.11909863892207e-05,0,0.0,,6.233078327403522e-06,0.08,V12.0
17328.418711661463,-8.421902488863788e-06,0.9735738670713139,7.755078746996355e-06,-9.4644307510251e-06,7.780144372378637e-05,0,0.0,,5.976669186588098e-06,0.08,V12.0
17357.67426539195,-8.426528783453792e-06,0.9735738624450193,7.438867866433045e-06,-9.43653695239226e-06,7.441190105835203e-05,0,0.0,,5.7329724132261415e-06,0.08,V12.0
17386.979211247493,-8.395673691002813e-06,0.9735738933001117,7.138510235314612e-06,-9.377795477678205e-06,7.163071731903274e-05,0,0.0,,5.501493239595327e-06,0.08,V12.0
17416.333632616777,-8.314083768177421e-06,0.9735739748900345,6.853375760028129e-06,-9.27494491524386e-06,6.971942592319076e-05,0,0.0,,5.2817460224235665e-06,0.08,V12.0
17445.73761302926,-8.232493845352031e-06,0.9735740564799573,6.58284662314646e-06,-9.172094352809516e-06,6.780813452734877e-05,0,0.0,,5.073254845380173e-06,0.08,V12.0
17475.191236155442,-8.150903922526639e-06,0.9735741380698802,6.326318613125978e-06,-9.069243790375175e-06,6.589684313150677e-05,0,0.0,,4.875554053847682e-06,0.08,V12.0
17504.694585807065,-8.069313999701247e-06,0.9735742196598031,6.0832014423628354e-06,-8.966393227940829e-06,6.39855517356648e-05,0,0.0,,4.6881887241979936e-06,0.08,V12.0
17534.247745937377,-7.987724076875855e-06,0.9735743012497259,5.852919274192559e-06,-8.863542665506486e-06,6.20742603398228e-05,0,0.0,,4.510715069935884e-06,0.08,V12.0
17563.85080064136,-7.906134154050463e-06,0.9735743828396487,5.634911171204847e-06,-8.760692103072141e-06,6.016296894398079e-05,0,0.0,,4.342700787201763e-06,0.08,V12.0
17593.50383415599,-7.824544231225071e-06,0.9735744644295715,5.427804449009182e-06,-8.657841540637799e-06,5.826445593657446e-05,0,0.0,,4.183087976929917e-06,0.08,V12.0
17623.206930860437,-7.74295430839968e-06,0.9735745460194943,5.23198597549892e-06,-8.554990978203456e-06,5.6392453637780834e-05,0,0.0,,4.032174787984143e-06,0.08,V12.0
17652.960175276345,-7.661364385574289e-06,0.9735746276094172,5.0469320004810215e-06,-8.45214041576911e-06,5.4520451338987194e-05,0,0.0,,3.889557576167611e-06,0.08,V12.0
17682.763652068046,-7.579774462748897e-06,0.97357470919934,4.872135668726652e-06,-8.349289853334767e-06,5.264844904019355e-05,0,0.0,,3.754845717955111e-06,0.08,V12.0
17712.61744604282,-7.498184539923505e-06,0.9735747907892628,4.707107044792796e-06,-8.246439290900424e-06,5.077644674139991e-05,0,0.0,,3.6276616296184192e-06,0.08,V12.0
17742.521642151118,-7.416594617098113e-06,0.9735748723791856,4.551373087057339e-06,-8.14358872846608e-06,4.890444444260628e-05,0,0.0,,3.5076407472116267e-06,0.08,V12.0
17772.476325486816,-7.3350046942728085e-06,0.9735749539691084,4.404477574756647e-06,-8.040738166031846e-06,4.703237298684136e-05,0,0.0,,3.3944314703365483e-06,0.08,V12.0
17802.48158128746,-7.2534147714474166e-06,0.9735750355590312,4.26598099088837e-06,-7.937887603597501e-06,4.515935044287852e-05,0,0.0,,3.2876950718944887e-06,0.08,V12.0
17832.53749493449,-7.171824848622025e-06,0.9735751171489541,4.135460364062006e-06,-7.835037041163157e-06,4.3286327898915694e-05,0,0.0,,3.187105576200008e-06,0.08,V12.0
17862.64415195351,-7.090234925796633e-06,0.9735751987388769,4.012509072990441e-06,-7.732186478728814e-06,4.1413305354952855e-05,0,0.0,,3.092349608302987e-06,0.08,V12.0
17892.801638014505,-7.0086450029712415e-06,0.9735752803287997,3.896736616678657e-06,-7.62933591629447e-06,3.9540282810990044e-05,0,0.0,,3.0031262168743276e-06,0.08,V12.0
17923.0100389321,-6.9270550801458496e-06,0.9735753619187226,3.787768353465536e-06,-7.526485353860125e-06,3.7667260267027206e-05,0,0.0,,2.9191466730875196e-06,0.08,V12.0
17953.269440665805,-6.845465157320459e-06,0.9735754435086454,3.6852452120060804e-06,-7.4236347914257815e-06,3.579423772306438e-05,0,0.0,,2.8401342478754055e-06,0.08,V12.0
17983.57992932025,-6.763875234495066e-06,0.9735755250985683,3.588823377199754e-06,-7.320784228991438e-06,3.392121517910154e-05,0,0.0,,2.765823969878569e-06,0.08,V12.0
18013.941591145438,-6.682285311669675e-06,0.9735756066884911,3.4981739539786065e-06,-7.21693851695342e-06,3.2048192635138725e-05,0,0.0,,2.6959623663308673e-06,0.08,V12.0
18044.354512536982,-6.6006953888442834e-06,0.9735756882784139,3.412982611767548e-06,-7.11300538743807e-06,3.0175170091175894e-05,0,0.0,,2.6303071890495253e-06,0.08,V12.0
18074.81878003637,-6.5191054660188915e-06,0.9735757698683367,3.3329492123196737e-06,-7.00907225792272e-06,2.8302147547213065e-05,0,0.0,,2.5686271276128725e-06,0.08,V12.0
18105.334480331185,-6.437515543193586e-06,0.9735758514582595,3.257787423513159e-06,-6.906062039535558e-06,2.6429125003252202e-05,0,0.0,,2.510701511719093e-06,0.08,V12.0
18135.90170025537,-6.355925620368194e-06,0.9735759330481824,3.1872243215735885e-06,-6.816794183657772e-06,2.4556102459289378e-05,0,0.0,,2.456320004624834e-06,0.08,V12.0
18166.52052678947,-6.274335697542803e-06,0.9735760146381052,3.1209999840602298e-06,-6.727526327779987e-06,2.2597750936537976e-05,0,0.0,,2.4052822894659245e-06,0.08,V12.0
18197.19104706088,-6.192745774717411e-06,0.973576096228028,3.0588670758217043e-06,-6.6382584719022005e-06,2.061426771701356e-05,0,0.0,,2.357397750159881e-06,0.08,V12.0
18227.913348344082,-6.11115585189202e-06,0.9735761778179508,3.0005904299961273e-06,-6.548990616024415e-06,1.8630784497489142e-05,0,0.0,,2.3124851484894286e-06,0.08,V12.0
18258.68751806092,-6.029565929066628e-06,0.9735762594078736,2.9459466259918685e-06,-6.45972276014663e-06,1.6647301277964726e-05,0,0.0,,2.270372298859173e-06,0.08,V12.0
18289.51364378082,-5.947976006241236e-06,0.9735763409977964,2.894723566262364e-06,-6.370454904268844e-06,1.474913664891362e-05,0,0.0,,2.230895742123006e-06,0.08,V12.0
18320.39181322106,-5.866386083415844e-06,0.9735764225877193,2.8467200535413633e-06,-6.281187048391059e-06,1.2907871657407908e-05,0,0.0,,2.19390041976647e-06,0.08,V12.0
18351.322114247,-5.784796160590452e-06,0.9735765041776422,2.8017453700626303e-06,-6.148314066946147e-06,1.1064338702624488e-05,0,0.0,,2.159239349618631e-06,0.08,V12.0
18382.30463487235,-5.703206237765061e-06,0.973576585767565,2.7596188601831137e-06,-6.020234610438975e-06,9.218692072255543e-06,0,0.0,,2.126773304187033e-06,0.08,V12.0
18413.339463259417,-5.62161631493967e-06,0.9735766673574878,2.720169517681955e-06,-5.939115635815064e-06,7.285455305551924e-06,0,0.0,,2.0963704925963447e-06,0.08,V12.0
18444.426687719348,-5.540026392114278e-06,0.9735767489474106,2.6832355788856497e-06,-5.857996661191153e-06,5.34878856982243e-06,0,0.0,,2.0679062470171952e-06,0.08,V12.0
18475.56639671238,-5.458436469288972e-06,0.9735768305373335,2.648664122628672e-06,-5.776877686567325e-06,3.6264814188958784e-06,0,0.0,,2.041262714363064e-06,0.08,V12.0
18506.758678848106,-5.37684654646358e-06,0.9735769121272563,2.6163106779959294e-06,-5.695758711943414e-06,1.7305751687193886e-06,0,0.0,,2.0163285539845557e-06,0.08,V12.0
18538.003622885717,-5.295256623638189e-06,0.9735769937171791,2.586038840616722e-06,-5.6146397373195026e-06,3.435996741843258e-07,0,0.0,,1.99299864195423e-06,0.08,V12.0
18569.301317734255,-5.213666700812797e-06,0.9735770753071019,2.5577198982061768e-06,-5.533520762695591e-06,3.142023963669421e-07,0,0.0,,1.971173782478354e-06,0.08,V12.0
18600.651852452866,-5.132076777987406e-06,0.9735771568970247,2.5312324659411946e-06,-5.452401788071678e-06,2.848051185495584e-07,0,0.0,,1.9507604268879872e-06,0.08,V12.0
18632.05531625105,-5.050486855162013e-06,0.9735772384869475,2.5064621321601967e-06,-6.504560158980339e-06,2.554078407321746e-07,0,0.0,,1.9316704005864744e-06,0.08,V12.0
18663.511798488933,-4.959737803593298e-06,0.9735773292359992,2.4833011323139226e-06,-7.86294058409926e-06,2.3153453650946583e-07,0,0.0,,1.9138206382603287e-06,0.08,V12.0
18695.02138867749,-4.865170379056223e-06,0.9735774238034237,2.461647970773735e-06,-9.025455521561408e-06,2.099641359845784e-07,0,0.0,,1.8971329275945855e-06,0.08,V12.0
18726.584176478835,-4.77060295451915e-06,0.9735775183708482,2.4414071309339117e-06,-1.0187970459023555e-05,1.8839373545969093e-07,0,0.0,,1.8815336616725418e-06,0.08,V12.0
18758.200251706447,-4.6760355299820765e-06,0.9735776129382727,2.4224887694797717e-06,-1.1350485396485702e-05,1.7039353170436e-07,0,0.0,,1.866953600182987e-06,0.08,V12.0
18789.869704325436,-4.581468105445003e-06,0.9735777075056973,2.4048084106857757e-06,-1.2545044079173304e-05,1.8099957343886908e-07,0,0.0,,1.8533276395059394e-06,0.08,V12.0
18821.59262445281,-4.48690068090793e-06,0.9735778020731218,2.388286659639886e-06,-1.3754061062256113e-05,1.9160561517337823e-07,0,0.0,,1.8405945917001068e-06,0.08,V12.0
18853.369102357712,-4.392333256370856e-06,0.9735778966405464,2.372848926992235e-06,-1.4982158132503375e-05,2.0221165690788732e-07,0,0.0,,1.8286969723719525e-06,0.08,V12.0
18885.199228461686,-4.297765831833882e-06,0.9735779912079708,2.3584251651512274e-06,-1.6225519655474052e-05,1.8904453950775414e-07,0,0.0,,1.8175807973671114e-06,0.08,V12.0
18917.083093338944,-4.203198407296808e-06,0.9735780857753954,2.3455237449771253e-06,-1.746888117844604e-05,1.724829526825423e-07,0,0.0,,1.807637855518619e-06,0.08,V12.0
18949.020787716607,-4.108630982759734e-06,0.97357818034282,2.3334548828674395e-06,-1.8712242701418024e-05,1.5592136585733055e-07,0,0.0,,1.79833654723579e-06,0.08,V12.0
18981.012402474975,-4.014063558222661e-06,0.9735782749102445,2.3221663968118176e-06,-1.9955604224390012e-05,1.393597790321187e-07,0,0.0,,1.7896366569834838e-06,0.08,V12.0
19013.05802864777,-3.9194961336855865e-06,0.9735783694776691,2.311609169612316e-06,-2.1198965747361997e-05,1.4700045352785959e-07,0,0.0,,1.7815003312138253e-06,0.08,V12.0
19045.15775742242,-3.824928709148513e-06,0.9735784640450936,2.3017369876019617e-06,-2.244232727033398e-05,1.6360455993944615e-07,0,0.0,,1.773891954069715e-06,0.08,V12.0
19077.3116801403,-3.7303612846114397e-06,0.9735785586125181,2.2925063857995816e-06,-2.3685688793305966e-05,1.8020866635103274e-07,0,0.0,,1.7667780280486685e-06,0.08,V12.0
19109.519888296996,-3.6357938600743667e-06,0.9735786531799426,2.2838764993893504e-06,-2.4929050316277957e-05,1.9681277276261933e-07,0,0.0,,1.7601270595410087e-06,0.08,V12.0
19141.782473542564,-3.541226435537293e-06,0.9735787477473672,2.275808921511273e-06,-2.6172411839249938e-05,2.46446933928659e-07,0,0.0,,1.7539094492317905e-06,0.08,V12.0
19174.099527681792,-3.446659011000218e-06,0.9735788423147917,2.268267567269771e-06,-2.7415773362221923e-05,2.9822828852286473e-07,0,0.0,,1.7480973872949112e-06,0.08,V12.0
19206.471142674465,-3.352091586463145e-06,0.9735789368822163,2.2612185438459175e-06,-2.8659134885193914e-05,3.2725198706084347e-07,0,0.0,,1.7426647532911955e-06,0.08,V12.0
19238.897410635625,-3.257524161926171e-06,0.9735790314496408,2.254630026585695e-06,-2.9902496408164587e-05,3.396104119086573e-07,0,0.0,,1.7375870206720978e-06,0.08,V12.0
19271.37842383583,-3.162956737389097e-06,0.9735791260170653,2.2484721409214604e-06,-3.1145857931136575e-05,3.953257009667705e-07,0,0.0,,1.73284116577895e-06,0.08,V12.0
19303.914274701416,-3.0683893128520236e-06,0.9735792205844899,2.242716849969563e-06,-3.2389219454108556e-05,4.639861158222136e-07,0,0.0,,1.728405581216723e-06,0.08,V12.0
19336.505055814763,-2.97382188831495e-06,0.9735793151519144,2.2373378476445933e-06,-3.3632580977080544e-05,5.326465306776569e-07,0,0.0,,1.7242599934793463e-06,0.08,V12.0
19369.15085991456,-2.8792544637778763e-06,0.973579409719339,2.2323104571088453e-06,-3.487594250005253e-05,6.013069455331005e-07,0,0.0,,1.720385384686787e-06,0.08,V12.0
19401.851779896067,-2.784687039240803e-06,0.9735795042867634,2.227611534375757e-06,-3.611825163237537e-05,6.675840482268819e-07,0,0.0,,1.7167639182941978e-06,0.08,V12.0
19434.60790881138,-2.6901196147037295e-06,0.973579598854188,2.2232193768806662e-06,-3.7334143894598736e-05,7.343124186407313e-07,0,0.0,,1.7133788686292836e-06,0.08,V12.0
19467.419339869684,-2.5955521901666556e-06,0.9735796934216125,2.2191136368507815e-06,-3.85500361568221e-05,8.07478958793654e-07,0,0.0,,1.710214554128333e-06,0.08,V12.0
19500.286166437545,-2.5009847656295818e-06,0.9735797879890371,2.2152752392552613e-06,-3.976592841904546e-05,8.773174886633038e-07,0,0.0,,1.70725627410205e-06,0.08,V12.0
19533.208482039146,-2.4064173410925083e-06,0.9735798825564617,2.2116863041612355e-06,-4.0981820681268826e-05,9.464892251800112e-07,0,0.0,,1.7044902488969636e-06,0.08,V12.0
19566.18638035658,-2.3118499165554345e-06,0.9735799771238862,2.2083300733024465e-06,-4.219771294349218e-05,1.015660961696718e-06,0,0.0,,1.7019035633034177e-06,0.08,V12.0
19599.219955230088,-2.2172824920184606e-06,0.9735800716913107,2.2051908406718232e-06,-4.341360520571426e-05,1.0848326982133521e-06,0,0.0,,1.6994841130647318e-06,0.08,V12.0
19632.30930065836,-2.1227150674813868e-06,0.9735801662587352,2.202253886952191e-06,-4.462949746793762e-05,1.1540044347300595e-06,0,0.0,,1.6972205543443355e-06,0.08,V12.0
19665.45451079876,-2.028147642944313e-06,0.9735802608261598,2.1995054176021578e-06,-4.5845389730160984e-05,1.2109325438648877e-06,0,0.0,,1.6951022560098766e-06,0.08,V12.0
19698.65567996764,-1.9335802184072395e-06,0.9735803553935843,2.196932504417876e-06,-4.706128199238435e-05,1.2270880891038312e-06,0,0.0,,1.6931192545961188e-06,0.08,V12.0
19731.91290264058,-1.839012793870166e-06,0.9735804499610089,2.1951298526881993e-06,-4.82771742546077e-05,1.2432436343427747e-06,0,0.0,,1.691729874077499e-06,0.08,V12.0
19765.226273452652,-1.7444453693330924e-06,0.9735805445284333,2.1934342913132836e-06,-4.9493066516831053e-05,1.3088511119351984e-06,0,0.0,,1.6904230255254973e-06,0.08,V12.0
19798.595887198713,-1.6498779447960184e-06,0.9735806390958579,2.191840024208623e-06,-5.070895877905442e-05,1.3766119066949165e-06,0,0.0,,1.6891942420301124e-06,0.08,V12.0
19832.02183883366,-1.555310520258945e-06,0.9735807336632825,2.190341516623802e-06,-5.192485104127778e-05,1.4443727014546344e-06,0,0.0,,1.6880392580860336e-06,0.08,V12.0
19865.504223472697,-1.4607430957218711e-06,0.973580828230707,2.1889334875286578e-06,-5.314074330350114e-05,1.5121334962143528e-06,0,0.0,,1.6869540037247828e-06,0.08,V12.0
19899.043136391618,-1.3661756711847977e-06,0.9735809227981316,2.187610901837687e-06,-5.4356635565724506e-05,1.5798942909740707e-06,0,0.0,,1.6859345985221934e-06,0.08,V12.0
19932.63867302706,-1.2716082466477239e-06,0.973581017365556,2.186368962516748e-06,-5.557252782794786e-05,1.6476550857337888e-06,0,0.0,,1.6849773455151867e-06,0.08,V12.0
19966.2909289768,-1.1770408221106502e-06,0.9735811119329806,2.1852031026126567e-06,-5.678842009017122e-05,1.7154158804935072e-06,0,0.0,,1.684078725059121e-06,0.08,V12.0
20000.0,-1.0824733975736763e-06,0.9735812065004051,2.1841089772428175e-06,-5.80043123523933e-05,1.7831766752531537e-06,0,0.0,,1.6832353886543472e-06,0.08,V12.0
