frequency_hz,target_db,uncertainty_db,mooer_db,error_db
20.0,-10.590055528061075,0.55,-8.398457712291036,2.1915978157700398
20.072333319509255,-10.589884975636972,0.55,-8.414894619276632,2.1749903563603397
20.14492824447408,-10.58971442321287,0.55,-8.43132154486132,2.1583928783515507
20.21778572103401,-10.589543870788766,0.55,-8.44773841644486,2.1418054543439062
20.29090669875047,-10.589373318364663,0.55,-8.464145160057857,2.125228158306806
20.364292130619134,-10.589202765940561,0.55,-8.480541700363483,2.1086610655770777
20.437942973082333,-10.589032213516457,0.55,-8.496927960659523,2.0921042528569345
20.51186018604153,-10.588861661092354,0.55,-8.513303862880711,2.0755577982116424
20.58604473286984,-10.588691108668252,0.55,-8.52966932760135,2.0590217810669014
20.66049758042457,-10.588520556244148,0.55,-8.546024274038198,2.042496282205951
20.735219699059822,-10.588350003820045,0.55,-8.562368620053665,2.0259813837663803
20.81021206263916,-10.588179451395943,0.55,-8.578702282159261,2.009477169236682
20.885475648548276,-10.58800889897184,0.55,-8.595025175519377,1.992983723452463
20.96101143770774,-10.587838346547736,0.55,-8.611337213955284,1.9765011325924515
21.03682041458579,-10.587667794123634,0.55,-8.62763830994945,1.9600294841741839
21.11290356721114,-10.58749724169953,0.55,-8.643928374650145,1.943568867049386
21.189261887185907,-10.587326689275427,0.55,-8.660207317876276,1.9271193713991508
21.265896369698464,-10.587156136851325,0.55,-8.676475048122544,1.910681088728781
21.342808013536473,-10.586985584427222,0.55,-8.692731472564851,1.8942541118623701
21.41999782109987,-10.586815032003118,0.55,-8.708976497065983,1.8778385349371352
21.497466798413928,-10.586644479579016,0.55,-8.725210026181564,1.861434453397452
21.575215955142397,-10.586473927154913,0.55,-8.741431963166281,1.8450419639886313
21.653246304600625,-10.58630337473081,0.55,-8.757642209980373,1.8286611647504376
21.73155886376879,-10.586132822306707,0.55,-8.773840667296374,1.8122921550103328
21.810154653305155,-10.585962269882604,0.55,-8.790027234506162,1.7959350353764414
21.889034697559346,-10.585791717458502,0.55,-8.806201809728204,1.7795899077302977
21.968200024585734,-10.585621165034398,0.55,-8.822364289815111,1.7632568752192874
22.047651666156817,-10.585485142933466,0.55,-8.838514570361436,1.74697057257203
22.127390657776665,-10.585372206015226,0.55,-8.854652545711721,1.7307196603035049
22.207418038694424,-10.585259269096985,0.55,-8.870778108968793,1.7144811601281926
22.287734851917847,-10.585146332178745,0.55,-8.886891152002331,1.6982551801764139
22.368342144226922,-10.585033395260504,0.55,-8.902991565457684,1.6820418298028201
22.44924096618746,-10.584920458342266,0.55,-8.919079238764873,1.665841219577393
22.53043237216484,-10.584807521424025,0.55,-8.935154060147946,1.6496534612760794
22.611917420337715,-10.584694584505785,0.55,-8.951215916634451,1.6334786678713336
22.693697172711826,-10.584581647587544,0.55,-8.967264694065273,1.6173169535222716
22.77577269513383,-10.584468710669304,0.55,-8.983300277104602,1.6011684335647018
22.8581450573052,-10.584355773751064,0.55,-8.999322549250193,1.5850332245008705
22.940815332796156,-10.584242836832823,0.55,-9.015331392843843,1.5689114439889806
23.023784599059653,-10.584129899914583,0.55,-9.031326689082102,1.5528032108324812
23.107053937445457,-10.584016962996342,0.55,-9.047308318027198,1.5367086449691438
23.190624433214207,-10.583904026078102,0.55,-9.063276158618192,1.5206278674599094
23.27449717555155,-10.583791089159861,0.55,-9.079230088682364,1.5045610004774979
23.358673257582375,-10.583678152241621,0.55,-9.095169984946802,1.4885081672948193
23.44315377638503,-10.58356521532338,0.55,-9.111095723050207,1.4724694922731736
23.527939833005625,-10.58345227840514,0.55,-9.12700717755493,1.4564451008502104
23.613032532472396,-10.5833393414869,0.55,-9.142904221959181,1.4404351195277183
23.698432983810086,-10.58322640456866,0.55,-9.158786728709492,1.4244396758591673
23.78414230005442,-10.583113467650419,0.55,-9.174654569213336,1.4084588984370825
23.870161598266595,-10.583000530732178,0.55,-9.190507613851985,1.3924929168801938
23.95649199954785,-10.582887593813938,0.55,-9.206345731993537,1.3765418618204013
24.043134629054062,-10.582774656895698,0.55,-9.22216879200615,1.360605864889548
24.130090616010435,-10.582661719977457,0.55,-9.237976661271464,1.344685058705993
24.2173610937262,-10.582548783059217,0.55,-9.253769206198227,1.32877957686099
24.30494719960938,-10.582435846140976,0.55,-9.269546292236065,1.3128895539049115
24.392850075181627,-10.582322909222736,0.55,-9.285307783889474,1.297015125333262
24.481070866093106,-10.582209972304495,0.55,-9.301053544731987,1.2811564275725082
24.5696107221374,-10.582097035386255,0.55,-9.316783437420456,1.2653135979657986
24.65847079726652,-10.581984098468014,0.55,-9.332497323709607,1.2494867747584077
24.74765224960594,-10.581871161549776,0.55,-9.348195064466674,1.2336760970831016
24.83715624146968,-10.581758224631535,0.55,-9.363876519686247,1.2178817049452881
24.92698393937546,-10.581645287713295,0.55,-9.379541548505244,1.2021037392080505
25.01713651405991,-10.581551718176076,0.55,-9.395190009218082,1.1863617089579943
25.10761514049382,-10.581519215674318,0.55,-9.41082175929197,1.1706974563823476
25.198420997897465,-10.581490159502874,0.55,-9.426436655382375,1.1550535041204988
25.28955526975595,-10.58146110333143,0.55,-9.442034553348595,1.1394265499828347
25.381019143834664,-10.581432047159984,0.55,-9.457615308269544,1.12381673889044
25.472813812194744,-10.58140299098854,0.55,-9.473178774459594,1.1082242165289458
25.56494047120861,-10.581373934817096,0.55,-9.488724805484631,1.0926491293324645
25.657400321575565,-10.581344878645652,0.55,-9.504253254178172,1.0770916244674797
25.750194568337438,-10.581315822474206,0.55,-9.519763972657687,1.061551849816519
25.843324420894294,-10.581286766302762,0.55,-9.535256812340954,1.046029953961808
25.936791093020194,-10.581257710131318,0.55,-9.55073162396263,1.0305260861686882
26.03059580287901,-10.581228653959872,0.55,-9.566188257590872,1.0150403963690007
26.12473977304031,-10.581199597788428,0.55,-9.581626562644106,0.9995730351443228
26.21922423049529,-10.581170541616984,0.55,-9.597046387907877,0.9841241537091072
26.314050406672752,-10.581141485445539,0.55,-9.612447581551848,0.9686939038936906
26.409219537455183,-10.581112429274095,0.55,-9.627829991146859,0.9532824381272356
26.504732863194825,-10.58108337310265,0.55,-9.643193463682103,0.937889909420548
26.600591628729873,-10.581054316931205,0.55,-9.658537845582408,0.9225164713487963
26.69679708340069,-10.58102526075976,0.55,-9.673862982725586,0.9071622780341748
26.793350481066057,-10.580996204588317,0.55,-9.689168720459877,0.8918274841284397
26.890253080119585,-10.580967148416873,0.55,-9.704454903621505,0.8765122447953679
26.987506143506042,-10.580938092245427,0.55,-9.71972137655226,0.8612167156931676
27.085110938737852,-10.580909036073983,0.55,-9.734967983117196,0.8459410529567872
27.183068737911626,-10.580879979902539,0.55,-9.75019456672239,0.8306854131801487
27.281380817724703,-10.580850923731093,0.55,-9.765400970332776,0.8154499533983177
27.38004845949181,-10.58082186755965,0.55,-9.78058703649001,0.8002348310696394
27.479072949161782,-10.580792811388205,0.55,-9.795752607330453,0.7850402040577524
27.57845557733428,-10.58076375521676,0.55,-9.810897524603146,0.7698662306136139
27.67819763927664,-10.580734699045315,0.55,-9.826021629687883,0.7547130693574324
27.778300434940746,-10.580705642873871,0.55,-9.84112476361333,0.7395808792605418
27.87876526897999,-10.580676586702426,0.55,-9.856206767075147,0.724469819627279
27.979593450766224,-10.580650249296639,0.55,-9.871267480454206,0.709382768842433
28.080786294406895,-10.580884870450042,0.55,-9.886306743834801,0.6945781266152409
28.18234511876212,-10.581189623392213,0.55,-9.901324397022924,0.679865226369289
28.284271247461902,-10.581494376334383,0.55,-9.916320279564543,0.6651740967698405
28.38656600892336,-10.581799129276556,0.55,-9.93129423076393,0.6505048985126258
28.489230736368064,-10.582103882218727,0.55,-9.94624608970198,0.635857792516747
28.5922667678394,-10.582408635160897,0.55,-9.961175695254589,0.6212329399063083
28.695675446220005,-10.58271338810307,0.55,-9.976082886110992,0.6066305019920772
28.799458119249273,-10.58301814104524,0.55,-9.990967500792165,0.5920506402530759
28.903616139540933,-10.583322893987413,0.55,-10.005829377669194,0.5774935163182189
29.00815086460065,-10.583627646929584,0.55,-10.020668354981668,0.5629592919479158
29.113063656843746,-10.583932399871754,0.55,-10.035484270856042,0.5484481290157124
29.21835588361294,-10.584237152813927,0.55,-10.050276963324052,0.5339601894898749
29.32402891719617,-10.584541905756097,0.55,-10.065046270341035,0.5194956354150619
29.430084134844485,-10.58484665869827,0.55,-10.07979202980432,0.5050546288939497
29.536522918789988,-10.58515141164044,0.55,-10.094514079571546,0.4906373320688946
29.643346656263855,-10.585456164582611,0.55,-10.109212257478982,0.47624390710362974
29.750556739514415,-10.585760917524784,0.55,-10.123886401359826,0.4618745161649578
29.858154565825295,-10.586065670466954,0.55,-10.138536349062454,0.44752932140450064
29.96614153753363,-10.586370423409127,0.55,-10.153161938468664,0.4332084849404634
30.07451906204833,-10.586675176351298,0.55,-10.167763007511851,0.41891216883944615
30.183288551868458,-10.586979929293468,0.55,-10.182339394195202,0.4046405350982667
30.29245142460158,-10.58728468223564,0.55,-10.196890936609753,0.3903937456258877
30.402009102982298,-10.587589435177811,0.55,-10.211417472952505,0.3761719622253068
30.511963014890764,-10.587894188119982,0.55,-10.225918841544415,0.3619753465755675
30.622314593371303,-10.588198941062155,0.55,-10.240394880848354,0.34780406021380017
30.73306527665107,-10.588503694004325,0.55,-10.25484542948703,0.33365826451729497
30.844216508158816,-10.588808446946498,0.55,-10.269270326260807,0.31953812068569043
30.955769736543687,-10.589429762762874,0.55,-10.28366941016551,0.305760352597364
31.067726415694107,-10.590146413431208,0.55,-10.298042520410101,0.29210389302110684
31.18008800475674,-10.590863064099544,0.55,-10.312389496434353,0.27847356766519127
31.292855968155486,-10.59157971476788,0.55,-10.32671017792639,0.2648695368414895
31.406031775610572,-10.592296365436214,0.55,-10.341004404840186,0.25129196059602776
31.51961690215773,-10.59301301610455,0.55,-10.35527201741295,0.23774099869159926
31.63361282816739,-10.593729666772886,0.55,-10.369512856182473,0.22421681059041276
31.748021039363987,-10.59444631744122,0.55,-10.383726762004322,0.21071955543689747
31.862843026845336,-10.595162968109555,0.55,-10.39791357606901,0.19724939204054515
31.978080287102046,-10.59587961877789,0.55,-10.412073139919015,0.1838064788588749
32.09373432203703,-10.596596269446225,0.55,-10.42620529546575,0.1703909739804761
32.209806638985086,-10.597312920114561,0.55,-10.44030988500637,0.15700303510819147
32.32629875073255,-10.598029570782895,0.55,-10.454386751240547,0.14364281954234848
32.443212175536964,-10.598746221451231,0.55,-10.468435737287072,0.13031048416415913
32.560548437146956,-10.599462872119567,0.55,-10.482456686700397,0.11700618541916974
32.678309064821995,-10.6001795227879,0.55,-10.49644944348702,0.10373007930088107
32.7964955933524,-10.600896173456237,0.55,-10.51041385212179,0.09048232133444678
32.9151095630793,-10.601612824124572,0.55,-10.52434975756406,0.07726306656051207
33.03415251991472,-10.602329474792906,0.55,-10.538257005273751,0.06407246951915546
33.153626015361745,-10.603046125461242,0.55,-10.552135441227259,0.05091068423398326
33.273531606534725,-10.603762776129578,0.55,-10.565984911933247,0.03777786419633067
33.393870856179575,-10.604479426797912,0.55,-10.579805264448304,0.02467416234960851
33.514645332694116,-10.605196077466248,0.55,-10.593596346392461,0.011599731073786756
33.63585661014858,-10.605912728134584,0.55,-10.607358005964612,-0.0014452778300277913
33.75750626830606,-10.606629378802918,0.55,-10.62109009195772,-0.014460713154802463
33.87959589264312,-10.607346029471254,0.55,-10.634792453773944,-0.027446424302690176
34.00212707437047,-10.608062680139588,0.55,-10.648464941439594,-0.040402261300005904
34.12510141045371,-10.608779330807923,0.55,-10.66210740561995,-0.05332807481202728
34.24852050363412,-10.60949598147626,0.55,-10.675719697633916,-0.06622371615765665
34.372385962449556,-10.610212632144593,0.55,-10.68930166946852,-0.0790890373239268
34.49669940125543,-10.61092928281293,0.55,-10.702853173793288,-0.09192389098035925
34.62146244024572,-10.611645933481265,0.55,-10.716374063974431,-0.1047281304931662
34.74667670547412,-10.612362584149599,0.55,-10.729864194088872,-0.11750160993927317
34.87234382887522,-10.613079234817935,0.55,-10.743323418938134,-0.13024418412019934
34.99846544828576,-10.613831195447839,0.55,-10.756751594062033,-0.14292039861419426
35.12504320746599,-10.61492170282043,0.55,-10.770148575752232,-0.15522687293180226
35.2520787561211,-10.616052550592944,0.55,-10.783514221065607,-0.16746167047266347
35.3795737499227,-10.617183398365457,0.55,-10.796848387837455,-0.17966498947199838
35.507529850530425,-10.618314246137968,0.55,-10.81015093469451,-0.1918366885565419
35.635948725613574,-10.619445093910482,0.55,-10.823421721067797,-0.20397662715731535
35.76483204887283,-10.620575941682995,0.55,-10.836660607205317,-0.21608466552232208
35.894181500062146,-10.621706789455507,0.55,-10.84986745418454,-0.2281606647290335
36.02399876501051,-10.62283763722802,0.55,-10.86304212392471,-0.24020448669669037
36.154285535644036,-10.623968485000534,0.55,-10.876184479198988,-0.25221599419845475
36.285043510007974,-10.625099332773045,0.55,-10.889294383646378,-0.26419505087333306
36.41627439228881,-10.626230180545559,0.55,-10.902371701783517,-0.27614152123795854
36.54797989283652,-10.627361028318072,0.55,-10.915416299016217,-0.28805527069814474
36.680161728186846,-10.628491876090584,0.55,-10.928428041650859,-0.29993616556027547
36.812821621083664,-10.629622723863097,0.55,-10.941406796905595,-0.31178407304249767
36.945961300501416,-10.63075357163561,0.55,-10.954352432921306,-0.3235988612856957
37.07958250166771,-10.631884419408122,0.55,-10.967264818772447,-0.3353803993643254
37.21368696608587,-10.633015267180635,0.55,-10.980143824477636,-0.3471285572970011
37.34827644155763,-10.634146114953149,0.55,-10.992989321010041,-0.3588432060568927
37.483352682206,-10.63527696272566,0.55,-11.005801180307625,-0.3705242175819645
37.61891744849801,-10.636407810498174,0.55,-11.018579275283132,-0.38217146478495856
37.75497250726774,-10.637538658270687,0.55,-11.031323479833901,-0.39378482156321404
37.891519631739314,-10.638669506043199,0.55,-11.044033668851462,-0.4053641628082634
38.028560601550005,-10.639800353815712,0.55,-11.056709718230966,-0.41690936441525395
38.166097202773464,-10.640931201588225,0.55,-11.069351504880345,-0.42842030329211944
38.304131227942946,-10.642062049360737,0.55,-11.081958906729328,-0.4398968573685913
38.44266447607471,-10.64319289713325,0.55,-11.094531802738214,-0.45133890560496326
38.581698752691466,-10.644323744905764,0.55,-11.107070072906458,-0.46274632800069426
38.721235869845884,-10.645454592678275,0.55,-11.119573598281029,-0.4741190056027538
38.86127764614423,-10.646585440450789,0.55,-11.132042260964576,-0.4854568205137877
39.00182590677006,-10.647716288223302,0.55,-11.14447594412338,-0.4967596559000782
39.142882483508004,-10.648847135995814,0.55,-11.156874531995074,-0.5080273959992603
39.284449214767655,-10.649977983768327,0.55,-11.169237909896204,-0.5192599261278765
39.4265279456075,-10.65110883154084,0.55,-11.1815659642295,-0.5304571326886602
39.56912052775902,-10.652239679313352,0.55,-11.19385858249102,-0.5416189031776675
39.712228819650754,-10.653370527085865,0.55,-11.206115653277013,-0.552745126191148
39.855854686432586,-10.654501374858379,0.55,-11.218337066290603,-0.5638356914322245
40.0,-10.65563222263089,0.55,-11.23052271234826,-0.5748904897173688
40.14466663901851,-10.656763070403404,0.55,-11.242672483386022,-0.5859094129826179
40.28985648894816,-10.657893918175917,0.55,-11.254786272465562,-0.5968923542896452
40.43557144206802,-10.659024765948429,0.55,-11.266863973779989,-0.6078392078315602
40.58181339750094,-10.660155613720942,0.55,-11.278905482659452,-0.6187498689385098
40.72858426123827,-10.661286461493455,0.55,-11.29091069557653,-0.6296242340830744
40.875885946164665,-10.662417309265967,0.55,-11.302879510151405,-0.6404622008854375
41.02372037208306,-10.66354815703848,0.55,-11.314811825156838,-0.6512636681183572
41.17208946573968,-10.664685318398794,0.55,-11.326707540522888,-0.6620222221240937
41.32099516084914,-10.666520801135118,0.55,-11.338566557341458,-0.6720457562063409
41.470439398119645,-10.668526891723513,0.55,-11.35038877787061,-0.6818618861470966
41.620424125278326,-10.670532982311908,0.55,-11.362174105538651,-0.6916411232267432
41.77095129709655,-10.672539072900303,0.55,-11.373922444948038,-0.7013833720477347
41.92202287541548,-10.6745451634887,0.55,-11.38563370187904,-0.7110885383903405
42.07364082917158,-10.676551254077095,0.55,-11.397307783293197,-0.7207565292161018
42.22580713442228,-10.67855734466549,0.55,-11.40894459733657,-0.7303872526710791
42.3785237743718,-10.680563435253886,0.55,-11.420544053342766,-0.7399806180888806
42.53179273939693,-10.68256952584228,0.55,-11.432106061835766,-0.7495365359934851
42.685616027072946,-10.684575616430678,0.55,-11.443630534532538,-0.7590549181018602
42.83999564219974,-10.686581707019073,0.55,-11.455117384345417,-0.7685356773263443
42.994933596827856,-10.688587797607468,0.55,-11.466566525384307,-0.7779787277768389
43.150431910284794,-10.690593888195863,0.55,-11.477977872958657,-0.7873839847627941
43.30649260920125,-10.692599978784258,0.55,-11.489351343579234,-0.7967513647949751
43.463117727537586,-10.694606069372655,0.55,-11.500686854959664,-0.8060807855870085
43.62030930661031,-10.69661215996105,0.55,-11.511984326017805,-0.8153721660567541
43.77806939511869,-10.698618250549446,0.55,-11.523243676876897,-0.8246254263274508
43.93640004917147,-10.700624341137841,0.55,-11.534464828866472,-0.8338404877286312
44.095303332313634,-10.702630431726236,0.55,-11.545647704523132,-0.8430172727968959
44.25478131555333,-10.704636522314633,0.55,-11.556792227591055,-0.8521557052764219
44.41483607738885,-10.706642612903028,0.55,-11.567898323022328,-0.8612557101193001
44.575469703835694,-10.708648703491424,0.55,-11.578965916977083,-0.8703172134856594
44.736684288453844,-10.71065479407982,0.55,-11.589994936823441,-0.8793401427436205
44.89848193237492,-10.712660884668216,0.55,-11.600985311137197,-0.8883244264689818
45.06086474432968,-10.71466697525661,0.55,-11.611936969701402,-0.897269994444791
45.22383484067543,-10.716673065845006,0.55,-11.622849843505664,-0.906176777660658
45.38739434542365,-10.718679156433401,0.55,-11.633723864745324,-0.9150447083119229
45.55154539026766,-10.720685247021796,0.55,-11.644558966820359,-0.9238737197985625
45.7162901146104,-10.722691337610193,0.55,-11.655355084334175,-0.932663746723982
45.88163066559231,-10.724697428198589,0.55,-11.66611215309214,-0.9414147248935514
46.047569198119305,-10.726703518786984,0.55,-11.676830110099996,-0.9501265913130119
46.214107874890914,-10.728709609375379,0.55,-11.687508893562011,-0.9587992841866324
46.381248866428415,-10.730715699963776,0.55,-11.698148442878992,-0.9674327429152161
46.5489943511031,-10.732721790552171,0.55,-11.708748698646106,-0.9760269080939352
46.71734651516474,-10.734727881140566,0.55,-11.71930960265051,-0.9845817215099437
46.88630755277006,-10.736733971728961,0.55,-11.729831097868797,-0.9930971261398351
47.05587966601125,-10.738740062317357,0.55,-11.740313128464262,-1.0015730661469053
47.22606506494479,-10.740746152905754,0.55,-11.750755639784026,-1.010009486878273
47.39686596762017,-10.742752243494149,0.55,-11.761158578355916,-1.0184063348617673
47.56828460010884,-10.744758334082544,0.55,-11.771521891885238,-1.0267635578026937
47.74032319653319,-10.746764424670939,0.55,-11.781845529251315,-1.0350811045803763
47.9129839990957,-10.748770515259336,0.55,-11.792129440503931,-1.0433589252445952
48.086269258108125,-10.751518387222987,0.55,-11.80237357685952,-1.0508551896365326
48.26018123202087,-10.7550158131634,0.55,-11.812577890697264,-1.0575620775338646
48.4347221874524,-10.758513239103811,0.55,-11.822742335554976,-1.0642290964511645
48.60989439921876,-10.762010665044224,0.55,-11.83286686612483,-1.0708562010806055
48.78570015036325,-10.765508090984635,0.55,-11.842951438248964,-1.077443347264328
48.96214173218621,-10.769005516925048,0.55,-11.852996008914879,-1.0839904919898302
49.1392214442748,-10.772502942865462,0.55,-11.863000536250697,-1.0904975933852352
49.31694159453304,-10.776000368805873,0.55,-11.872964979520287,-1.096964610714414
49.49530449921188,-10.779497794746286,0.55,-11.8828892991182,-1.1033915043719134
49.67431248293936,-10.782995220686697,0.55,-11.892773456564488,-1.1097782358777906
49.85396787875092,-10.78649264662711,0.55,-11.90261741449935,-1.1161247678722397
50.03427302811982,-10.789990072567523,0.55,-11.912421136677658,-1.1224310641101347
50.21523028098764,-10.793487498507934,0.55,-11.922184587963304,-1.12869708945537
50.39684199579493,-10.796984924448347,0.55,-11.931907734323453,-1.1349228098751052
50.5791105395119,-10.800482350388759,0.55,-11.9415905428226,-1.1411081924338422
50.76203828766933,-10.803979776329172,0.55,-11.951232981616544,-1.147253205287372
50.94562762438948,-10.807477202269583,0.55,-11.960835019946199,-1.153357817676616
51.12988094241722,-10.810974628209996,0.55,-11.970396628131269,-1.159421999921273
51.31480064315113,-10.814472054150409,0.55,-11.979917777563813,-1.165445723413404
51.500389136674876,-10.81796948009082,0.55,-11.989398440701683,-1.1714289606108625
51.686648841788596,-10.821466906031233,0.55,-11.998838591061787,-1.177371685030554
51.87358218604039,-10.824964331971646,0.55,-12.008238203213319,-1.1832738712416724
52.06119160575802,-10.828461757912057,0.55,-12.017597252770786,-1.1891354948587285
52.24947954608062,-10.83195918385247,0.55,-12.026915716386963,-1.1949565325344924
52.43844846099058,-10.835456609792882,0.55,-12.036193571745725,-1.2007369619528436
52.6281008133455,-10.838954035733295,0.55,-12.045430797554733,-1.2064767618214383
52.818439074910366,-10.842451461673708,0.55,-12.054627373538093,-1.2121759118643851
53.00946572638965,-10.845948887614119,0.55,-12.06378328042879,-1.2178343928146713
53.201183257459746,-10.849446313554532,0.55,-12.072898499961127,-1.223452186406595
53.39359416680138,-10.852943739494943,0.55,-12.081973014862996,-1.2290292753680525
53.58670096213211,-10.856441165435356,0.55,-12.091006808848057,-1.2345656434127008
53.78050616023916,-10.859938591375768,0.55,-12.099999866607845,-1.2400612752320779
53.975012287012085,-10.86343601731618,0.55,-12.10895217380377,-1.2455161564875894
54.170221877475704,-10.866933443256594,0.55,-12.117863717058986,-1.2509302738023926
54.36613747582325,-10.870430869197005,0.55,-12.126734483950246,-1.2563036147532411
54.562761635449405,-10.873928295137418,0.55,-12.135564462999598,-1.2616361678621804
54.76009691898362,-10.877425721077831,0.55,-12.144353643666049,-1.2669279225882182
54.958145898323565,-10.880988331737758,0.55,-12.153102016337089,-1.272113684599331
55.15691115466856,-10.88590950969133,0.55,-12.161809572320204,-1.2759000626288728
55.35639527855328,-10.891293745411241,0.55,-12.170476303834247,-1.279182558423006
55.55660086988149,-10.89667798113115,0.55,-12.179102204000802,-1.2824242228696523
55.75753053795998,-10.902062216851062,0.55,-12.187687266835388,-1.2856250499843256
55.95918690153245,-10.907446452570973,0.55,-12.196231487238673,-1.2887850346677006
56.16157258881378,-10.912830688290882,0.55,-12.204734860987596,-1.2919041726967144
56.36469023752424,-10.918214924010794,0.55,-12.21319738472639,-1.2949824607155964
56.568542494923804,-10.923599159730704,0.55,-12.221619055957603,-1.298019896226899
56.77313201784671,-10.928983395450613,0.55,-12.229999873033005,-1.301016477582392
56.97846147273613,-10.934367631170524,0.55,-12.238339835144473,-1.3039722039739488
57.1845335356788,-10.939751866890436,0.55,-12.24663894231481,-1.306887075424374
57.39135089244001,-10.945136102610345,0.55,-12.254897195388498,-1.3097610927781531
57.598916238498546,-10.950520338330255,0.55,-12.263114596022428,-1.3125942576921723
57.807232279081866,-10.955904574050166,0.55,-12.271291146676582,-1.3153865726264158
58.0163017292013,-10.961288809770076,0.55,-12.279426850604622,-1.3181380408345458
58.2261273136875,-10.966673045489989,0.55,-12.287521711844516,-1.320848666354527
58.43671176722588,-10.972057281209898,0.55,-12.295575735209054,-1.3235184539991565
58.64805783439233,-10.977441516929808,0.55,-12.303588926276362,-1.3261474093465537
58.86016826968897,-10.982825752649719,0.55,-12.311561291380388,-1.328735538730669
59.073045837579976,-10.98820998836963,0.55,-12.319492837601333,-1.3312828492317035
59.2866933125277,-10.99359422408954,0.55,-12.327383572756053,-1.3337893486665138
59.50111347902884,-10.99897845980945,0.55,-12.335233505388468,-1.3362550455790174
59.71630913165059,-11.00436269552936,0.55,-12.343042644759892,-1.3386799492305315
59.932283075067254,-11.009746931249271,0.55,-12.350811000839416,-1.3410640695901446
60.14903812409667,-11.015131166969182,0.55,-12.35853858429417,-1.343407417324988
60.366577103736915,-11.020515402689092,0.55,-12.366225406479666,-1.3457100037905736
60.58490284920315,-11.025899638409003,0.55,-12.373871479430052,-1.3479718410210495
60.804018205964596,-11.031283874128913,0.55,-12.381476815848426,-1.3501929417195129
61.02392602978153,-11.036668109848824,0.55,-12.38904142909706,-1.3523733192482368
61.24462918674261,-11.042052345568734,0.55,-12.396565333187665,-1.3545129876189304
61.46613055330214,-11.047436581288645,0.55,-12.404048542771635,-1.3566119614829901
61.68843301631763,-11.052820817008556,0.55,-12.411491073130321,-1.3586702561217656
61.91153947308737,-11.058397351866054,0.55,-12.418892940165232,-1.3604955882991785
62.135452831388214,-11.064031798788763,0.55,-12.426254160388309,-1.362222361599546
62.36017600951348,-11.06966624571147,0.55,-12.433574750912157,-1.363908505200687
62.58571193631096,-11.07530069263418,0.55,-12.440854729440304,-1.3655540368061239
62.81206355122115,-11.080935139556887,0.55,-12.448094114257465,-1.367158974700578
63.03923380431546,-11.086569586479596,0.55,-12.45529292421981,-1.3687233377402137
63.26722565633477,-11.092204033402304,0.55,-12.462451178745237,-1.3702471453429332
63.49604207872798,-11.097838480325013,0.55,-12.469568897803686,-1.3717304174786733
63.72568605369067,-11.10347292724772,0.55,-12.476646101907436,-1.3731731746597156
63.956160574204084,-11.10910737417043,0.55,-12.483682812101437,-1.3745754379310071
64.18746864407406,-11.114741821093137,0.55,-12.490679049953677,-1.3759372288605398
64.41961327797017,-11.120376268015846,0.55,-12.497634837545526,-1.3772585695296797
64.65259750146508,-11.126010714938554,0.55,-12.50455019746217,-1.3785394825236157
64.88642435107393,-11.131645161861263,0.55,-12.511425152783,-1.3797799909217368
65.12109687429391,-11.13727960878397,0.55,-12.518259727072085,-1.3809801182881145
65.35661812964399,-11.14291405570668,0.55,-12.525053944368643,-1.382139888661964
65.5929911867048,-11.148548502629387,0.55,-12.531807829177566,-1.3832593265481794
65.8302191261586,-11.154182949552094,0.55,-12.53852140645995,-1.3843384569078552
66.06830503982944,-11.159817396474804,0.55,-12.54519470162371,-1.3853773051489071
66.3072520307235,-11.165451843397511,0.55,-12.551827740514158,-1.3863758971166469
66.54706321306945,-11.17108629032022,0.55,-12.558420549404707,-1.3873342590844864
66.78774171235914,-11.176720737242928,0.55,-12.564973154987538,-1.38825241774461
67.02929066538825,-11.182355184165637,0.55,-12.571485584364371,-1.3891304001987343
67.27171322029716,-11.187989631088344,0.55,-12.57795786503724,-1.3899682339488955
67.5150125366121,-11.193624078011053,0.55,-12.584390024899328,-1.3907659468882745
67.75919178528623,-11.19925852493376,0.55,-12.590782092225862,-1.3915235672921007
68.00425414874094,-11.20489297185647,0.55,-12.597134095665036,-1.3922411238085655
68.25020282090742,-11.210527418779177,0.55,-12.603446064228995,-1.392918645449818
68.49704100726824,-11.216161865701887,0.55,-12.609718027284893,-1.3935561615830068
68.74477192489911,-11.221796312624594,0.55,-12.615950014545948,-1.3941537019213541
68.99339880251085,-11.227430759547303,0.55,-12.622142056062634,-1.3947112965153305
69.24292488049144,-11.23306520647001,0.55,-12.628294182213846,-1.3952289757438354
69.49335341094825,-11.23869965339272,0.55,-12.634406423698197,-1.3957067703054769
69.74468765775045,-11.244334100315427,0.55,-12.640478811525314,-1.396144711209887
69.99693089657153,-11.250009709254408,0.55,-12.646511377007249,-1.3965016677528403
70.25008641493199,-11.256002903678185,0.55,-12.652504151749914,-1.3965012480717292
70.50415751224219,-11.26204217674596,0.55,-12.658457167644604,-1.396414990898645
70.7591474998454,-11.268081449813735,0.55,-12.664370456859565,-1.39628900704583
71.01505970106085,-11.27412072288151,0.55,-12.670244051831656,-1.3961233289501465
71.27189745122715,-11.280159995949283,0.55,-12.676077985258054,-1.3959179893087708
71.52966409774568,-11.28619926901706,0.55,-12.68187229008803,-1.3956730210709711
71.78836300012429,-11.292238542084833,0.55,-12.687626999514835,-1.395388457430002
72.04799753002101,-11.298277815152607,0.55,-12.693342146967602,-1.3950643318149947
72.30857107128809,-11.304317088220383,0.55,-12.69901776610335,-1.394700677882966
72.57008702001595,-11.310356361288157,0.55,-12.704653890799062,-1.3942975295109044
72.83254878457763,-11.316395634355931,0.55,-12.710250555143835,-1.3938549207879039
73.09595978567305,-11.322434907423705,0.55,-12.715807793431114,-1.393372886007409
73.36032345637369,-11.328474180491481,0.55,-12.72132564015099,-1.392851459659509
73.62564324216731,-11.334513453559255,0.55,-12.726804129982565,-1.3922906764233094
73.89192260100285,-11.34055272662703,0.55,-12.732243297786447,-1.3916905711594172
74.15916500333542,-11.346591999694805,0.55,-12.737643178597272,-1.391051178902467
74.42737393217172,-11.35263127276258,0.55,-12.743003807616326,-1.3903725348537463
74.69655288311527,-11.358670545830353,0.55,-12.748325220204249,-1.3896546743738956
74.966705364412,-11.364709818898127,0.55,-12.753607451873837,-1.3888976329757092
75.23783489699602,-11.370749091965903,0.55,-12.758850538282905,-1.3881014463170018
75.50994501453548,-11.376788365033677,0.55,-12.764054515227233,-1.3872661501935557
75.78303926347863,-11.382827638101451,0.55,-12.769219418633622,-1.3863917805321702
76.05712120310001,-11.388866911169226,0.55,-12.77434528455302,-1.385478373383794
76.33219440554694,-11.394906184237001,0.55,-12.779432149153727,-1.384525964916726
76.60826245588589,-11.400945457304775,0.55,-12.784480048714698,-1.3835345914099229
76.88532895214942,-11.406984730372551,0.55,-12.789489019618935,-1.3825042892463841
77.16339750538295,-11.413024003440325,0.55,-12.794459098346985,-1.38143509490666
77.44247173969177,-11.419063276508098,0.55,-12.79939032147046,-1.3803270449623621
77.72255529228846,-11.425102549575874,0.55,-12.804282725645727,-1.3791801760698537
78.00365181354013,-11.43114182264365,0.55,-12.809136347607659,-1.3779945249640093
78.28576496701601,-11.437181095711422,0.55,-12.813951224163459,-1.376770128452037
78.5688984295353,-11.443220368779198,0.55,-12.818727392186576,-1.375507023407378
78.853055891215,-11.449259641846973,0.55,-12.823464888610761,-1.374205246763788
79.13824105551804,-11.455298914914746,0.55,-12.828163750424157,-1.3728648355094109
79.42445763930151,-11.461338187982522,0.55,-12.832824014663489,-1.371485826680967
79.71170937286517,-11.467377461050296,0.55,-12.837445718408395,-1.3700682573580991
80.0,-11.473531467948224,0.55,-12.842028898775803,-1.3684974308275795
80.28933327803705,-11.48106376397486,0.55,-12.846573592914401,-1.3655098289395422
80.57971297789629,-11.488710793831647,0.55,-12.851079837999235,-1.362369044167588
80.87114288413603,-11.496357823688435,0.55,-12.855547671226368,-1.3591898475379338
81.1636267950019,-11.504004853545224,0.55,-12.85997712980766,-1.3559722762624364
81.45716852247654,-11.51165188340201,0.55,-12.864368250965615,-1.3527163675636054
81.75177189232933,-11.519298913258798,0.55,-12.868721071928334,-1.3494221586695367
82.04744074416612,-11.526945943115585,0.55,-12.873035629924589,-1.3460896868090035
82.34417893147935,-11.534592972972373,0.55,-12.877311962178934,-1.3427189892065616
82.64199032169827,-11.542240002829162,0.55,-12.881550105906978,-1.3393101030778158
82.9408787962393,-11.54988703268595,0.55,-12.885750098310687,-1.3358630656247374
83.24084825055664,-11.557534062542738,0.55,-12.889911976573845,-1.3323779140311078
83.5419025941931,-11.565181092399525,0.55,-12.894035777857548,-1.3288546854580225
83.84404575083097,-11.572828122256313,0.55,-12.898121539295863,-1.3252934170395498
84.14728165834313,-11.5804751521131,0.55,-12.902169297991497,-1.3216941458783964
84.45161426884457,-11.58812218196989,0.55,-12.90617909101165,-1.3180569090417595
84.75704754874363,-11.595769211826678,0.55,-12.910150955383886,-1.3143817435572078
85.06358547879385,-11.603416241683465,0.55,-12.914084928092171,-1.3106686864087056
85.37123205414589,-11.611063271540253,0.55,-12.917981046072924,-1.3069177745326712
85.67999128439948,-11.61871030139704,0.55,-12.921839346211236,-1.3031290448141952
85.9898671936557,-11.626357331253828,0.55,-12.925659865337153,-1.2993025340833242
86.30086382056959,-11.634004361110618,0.55,-12.92944264022204,-1.2954382791114227
86.6129852184025,-11.641651390967406,0.55,-12.933187707575073,-1.291536316607667
86.92623545507516,-11.649298420824193,0.55,-12.936895104039786,-1.2875966832155932
87.24061861322062,-11.65694545068098,0.55,-12.94056486619074,-1.2836194155097598
87.5561387902374,-11.664592480537769,0.55,-12.94419703053029,-1.2796045499925217
87.87280009834294,-11.672239510394556,0.55,-12.94779163348541,-1.2755521230908542
88.19060666462727,-11.679886540251346,0.55,-12.951348711404654,-1.271462171153308
88.50956263110668,-11.687533570108133,0.55,-12.954868300555153,-1.2673347304470202
88.82967215477768,-11.695180599964921,0.55,-12.958350437119796,-1.2631698371548747
89.15093940767139,-11.702827629821709,0.55,-12.961795157194388,-1.258967527372679
89.4733685769077,-11.710474659678496,0.55,-12.965202496785015,-1.2547278371065183
89.79696386474983,-11.718121689535284,0.55,-12.96857249180538,-1.2504508022700964
90.12172948865935,-11.72663762818637,0.55,-12.971905178074362,-1.2452675498879913
90.44766968135086,-11.73660546316331,0.55,-12.975200591313522,-1.2385951281502123
90.7747886908473,-11.746573298140248,0.55,-12.978458767144858,-1.2318854690046095
91.10309078053533,-11.756541133117189,0.55,-12.981679741088476,-1.225138607971287
91.43258022922082,-11.766508968094127,0.55,-12.984863548560519,-1.2183545804663911
91.7632613311846,-11.776476803071064,0.55,-12.988010224871037,-1.211533421799972
92.09513839623861,-11.786444638048007,0.55,-12.991119805222068,-1.2046751671740612
92.42821574978186,-11.796412473024947,0.55,-12.994192324705693,-1.197779851680746
92.76249773285681,-11.806380308001884,0.55,-12.997227818302303,-1.1908475103004186
93.0979887022062,-11.816348142978825,0.55,-13.00022632087882,-1.1838781778999952
93.4346930303295,-11.826315977955764,0.55,-13.00318786718711,-1.1768718892313466
93.7726151055401,-11.836283812932702,0.55,-13.006112491862421,-1.1698286789297185
94.1117593320225,-11.846251647909641,0.55,-13.009000229421929,-1.1627485815122878
94.45213012988958,-11.856219482886582,0.55,-13.011851114263367,-1.1556316313767852
94.79373193524033,-11.86618731786352,0.55,-13.014665180663723,-1.1484778628002026
95.13656920021768,-11.87615515284046,0.55,-13.017442462778044,-1.141287309937585
95.4806463930664,-11.886122987817398,0.55,-13.020182994638294,-1.1340600068208957
95.82596799819137,-11.896090822794338,0.55,-13.02288681015232,-1.1267959873579816
96.17253851621625,-11.906058657771277,0.55,-13.025553943102894,-1.1194952853316167
96.52036246404177,-11.916026492748216,0.55,-13.028184427146806,-1.1121579343985903
96.86944437490479,-11.925994327725157,0.55,-13.030778295814072,-1.104783968088915
97.21978879843752,-11.935962162702095,0.55,-13.033335582507219,-1.0973734198051233
97.57140030072651,-11.945929997679034,0.55,-13.035856320500603,-1.0899263228215688
97.92428346437241,-11.955897832655975,0.55,-13.038340542939876,-1.0824427102839014
98.2784428885496,-11.965865667632913,0.55,-13.040788282841465,-1.0749226152085516
98.6338831890661,-11.975833502609852,0.55,-13.043199573092156,-1.0673660704823043
98.99060899842375,-11.985801337586791,0.55,-13.04557444644876,-1.05977310886197
99.34862496587871,-11.995769172563731,0.55,-13.047912935537836,-1.0521437629741044
99.70793575750186,-12.00573700754067,0.55,-13.050215072855485,-1.0444780653148147
100.06854605623964,-12.016111617245755,0.55,-13.052480890767251,-1.0363692735214958
100.43046056197528,-12.027958112667498,0.55,-13.054710421508036,-1.0267523088405373
100.79368399158986,-12.039846794902237,0.55,-13.05690369718214,-1.0170569022799025
101.15822107902378,-12.051735477136976,0.55,-13.059060749763338,-1.0073252726263622
101.52407657533865,-12.063624159371713,0.55,-13.061181611095058,-0.9975574517233454
101.89125524877898,-12.075512841606452,0.55,-13.063266312890574,-0.9877534712841225
102.25976188483443,-12.08740152384119,0.55,-13.065314886733328,-0.9779133628921368
102.62960128630226,-12.09929020607593,0.55,-13.067327364077276,-0.968037158001346
103.00077827334977,-12.111178888310667,0.55,-13.069303776247317,-0.9581248879366502
103.37329768357718,-12.123067570545405,0.55,-13.071244154439798,-0.9481765838943925
103.74716437208077,-12.134956252780142,0.55,-13.07314852972305,-0.9381922769429067
104.12238321151605,-12.146844935014881,0.55,-13.075016933038013,-0.9281719980231316
104.49895909216123,-12.15873361724962,0.55,-13.076849395198918,-0.9181157779492981
104.87689692198116,-12.170622299484357,0.55,-13.078645946894044,-0.9080236474096868
105.25620162669101,-12.182510981719096,0.55,-13.080406618686505,-0.8978956369674087
105.63687814982072,-12.194399663953835,0.55,-13.082131441015102,-0.8877317770612674
106.0189314527793,-12.206288346188572,0.55,-13.083820444195286,-0.8775320980067143
106.40236651491952,-12.21817702842331,0.55,-13.0854736584201,-0.8672966299967886
106.78718833360273,-12.230065710658046,0.55,-13.087091113761234,-0.8570254031031883
107.17340192426423,-12.241954392892785,0.55,-13.088672840170101,-0.8467184472773166
107.56101232047834,-12.253843075127525,0.55,-13.090218867479015,-0.8363757923514896
107.95002457402416,-12.265731757362264,0.55,-13.091729225402368,-0.8259974680401037
108.34044375495141,-12.277620439597,0.55,-13.093203943537898,-0.8155835039408981
108.7322749516465,-12.28950912183174,0.55,-13.09464305136798,-0.8051339295362396
109.12552327089878,-12.301397804066475,0.55,-13.096046578261015,-0.79464877419454
109.52019383796724,-12.313286486301214,0.55,-13.097414553472815,-0.7841280671716007
109.91629179664713,-12.32520817980793,0.55,-13.09874700614807,-0.7735388263401397
110.3138223093371,-12.33802143460762,0.55,-13.100043965321856,-0.7620225307142352
110.71279055710656,-12.351123585829024,0.55,-13.10130545992119,-0.7501818740921671
111.11320173976301,-12.364225737050432,0.55,-13.102531518766632,-0.7383057817161998
111.51506107591993,-12.377327888271832,0.55,-13.103722170573926,-0.7263942823020937
111.9183738030649,-12.390430039493236,0.55,-13.104877443955697,-0.7144474044624616
112.32314517762758,-12.403532190714639,0.55,-13.105997367423198,-0.702465176708559
112.72938047504849,-12.416634341936042,0.55,-13.107081969388057,-0.6904476274520146
113.13708498984761,-12.429736493157446,0.55,-13.108131278164137,-0.6783947850066916
113.54626403569344,-12.44283864437885,0.55,-13.109145321969356,-0.6663066775905051
113.95692294547224,-12.455940795600254,0.55,-13.11012412892762,-0.6541833333273654
114.3690670713576,-12.469042946821657,0.55,-13.111067727070731,-0.6420247802490735
114.78270178488003,-12.482145098043064,0.55,-13.111976144340394,-0.6298310462973298
115.19783247699708,-12.495247249264466,0.55,-13.112849408590211,-0.6176021593257452
115.61446455816373,-12.50834940048587,0.55,-13.113687547587727,-0.6053381471018575
116.03260345840262,-12.521451551707273,0.55,-13.11449058901652,-0.5930390373092482
116.45225462737498,-12.534553702928676,0.55,-13.11525856047833,-0.5807048575496534
116.87342353445176,-12.547655854150081,0.55,-13.11599148949518,-0.5683356353450986
117.29611566878468,-12.560758005371484,0.55,-13.116689403511575,-0.5559313981400908
117.72033653937791,-12.573860156592888,0.55,-13.117352329896717,-0.5434921733038287
118.14609167515995,-12.586962307814291,0.55,-13.117980295946744,-0.5310179881324526
118.57338662505542,-12.600064459035694,0.55,-13.118573328886985,-0.5185088698512903
119.00222695805765,-12.6131666102571,0.55,-13.11913145587428,-0.5059648456171804
119.43261826330118,-12.626268761478503,0.55,-13.119654703999277,-0.4933859425207743
119.86456615013454,-12.639370912699906,0.55,-13.120143100288828,-0.48077218758892215
120.29807624819333,-12.653209860258247,0.55,-13.120596671708302,-0.467386811450055
120.73315420747383,-12.667384183315203,0.55,-13.121015445164039,-0.4536312618488356
121.16980569840632,-12.681558506372161,0.55,-13.121399447505725,-0.4398409411335642
121.60803641192916,-12.695732829429119,0.55,-13.121748705528868,-0.4260158760997488
122.04785205956306,-12.709907152486075,0.55,-13.122063245977252,-0.412156093491177
122.48925837348523,-12.72408147554303,0.55,-13.12234309554541,-0.39826162000237986
122.93226110660427,-12.738255798599987,0.55,-13.122588280881132,-0.38433248228114536
123.37686603263526,-12.752430121656946,0.55,-13.12279882858798,-0.37036870693103374
123.82307894617476,-12.766604444713902,0.55,-13.122974765227825,-0.35637032051392303
124.27090566277641,-12.78077876777086,0.55,-13.123116117323399,-0.3423373495525386
124.72035201902696,-12.794953090827816,0.55,-13.123222911360859,-0.328269820533043
125.17142387262194,-12.809127413884774,0.55,-13.123295173792362,-0.3141677599075887
125.62412710244229,-12.82330173694173,0.55,-13.123332931038664,-0.3000311940969347
126.07846760863092,-12.837476059998687,0.55,-13.12333620949171,-0.28586014949302196
126.53445131266957,-12.851650383055643,0.55,-13.123305035517264,-0.27165465246162057
126.99208415745595,-12.865824706112601,0.55,-13.123239435457512,-0.2574147293449105
127.45137210738135,-12.879999029169557,0.55,-13.12313943563371,-0.24314040646415336
127.91232114840818,-12.894173352226513,0.55,-13.123005062348817,-0.22883171012230363
128.3749372881481,-12.908347675283471,0.55,-13.12283634189013,-0.214488666606659
128.83922655594034,-12.922521998340429,0.55,-13.122633300531955,-0.20011130219152662
129.3051950029302,-12.936696321397385,0.55,-13.12239596453825,-0.18569964314086462
129.77284870214785,-12.950870644454342,0.55,-13.122124360165277,-0.17125371571093417
130.24219374858782,-12.963455867591275,0.55,-13.121818513664273,-0.1583626460729981
130.713236259288,-12.97454799573599,0.55,-13.121478451284128,-0.14693045554813722
131.1859823734096,-12.985640123880705,0.55,-13.12110419927401,-0.13546407539330474
131.6604382523172,-12.99673225202542,0.55,-13.120695783886061,-0.12396353186064069
132.1366100796589,-13.007824380170135,0.55,-13.120253231378063,-0.11242885120792856
132.61450406144698,-13.01891650831485,0.55,-13.119776568016068,-0.10086005970121725
133.0941264261389,-13.030008636459566,0.55,-13.119265820077077,-0.08925718361751045
133.5754834247183,-13.041100764604282,0.55,-13.118721013851683,-0.07762024924740096
134.05858133077646,-13.052192892748998,0.55,-13.118142175646737,-0.06594928289773883
134.54342644059432,-13.063285020893712,0.55,-13.11752933178796,-0.05424431089424786
135.03002507322424,-13.07437714903843,0.55,-13.116882508622611,-0.042505359584181335
135.51838357057244,-13.085469277183144,0.55,-13.116201732522077,-0.030732455338933207
136.00850829748188,-13.09656140532786,0.55,-13.115487029884523,-0.01892562455666358
136.50040564181487,-13.107653533472575,0.55,-13.114738427137492,-0.007084893664917047
136.99408201453647,-13.11874566161729,0.55,-13.113955950740483,0.0047897108768069074
137.48954384979822,-13.129837789762005,0.55,-13.113139627187566,0.016698162574439124
137.98679760502174,-13.140929917906721,0.55,-13.112289483009935,0.02864043489678636
138.4858497609829,-13.152022046051435,0.55,-13.111405544778485,0.040616501272950245
138.9867068218965,-13.163114174196153,0.55,-13.110487839106328,0.052626335089824394
139.4893753155009,-13.174206302340867,0.55,-13.109536392651366,0.06466990968950093
139.99386179314303,-13.185298430485583,0.55,-13.108551232118762,0.07674719836682087
140.50017282986397,-13.193762326739325,0.55,-13.10753238426348,0.08622994247584437
141.0083150244844,-13.199770388857699,0.55,-13.106479875892733,0.09329051296496615
141.5182949996908,-13.205778450976075,0.55,-13.105393733868448,0.10038471710762664
142.0301194021217,-13.21178651309445,0.55,-13.10427398510973,0.10751252798472066
142.5437949024543,-13.217794575212825,0.55,-13.103120656595259,0.11467391861756582
143.05932819549133,-13.223802637331199,0.55,-13.101933775365703,0.12186886196549551
143.57672600024858,-13.229810699449576,0.55,-13.10071336852609,0.12909733092348574
144.09599506004207,-13.235818761567952,0.55,-13.099459463248179,0.136359298319773
144.61714214257614,-13.241826823686326,0.55,-13.098172086772763,0.14365473691356279
145.1401740400319,-13.247834885804702,0.55,-13.096851266412008,0.15098361939269367
145.66509756915525,-13.253842947923076,0.55,-13.095497029551703,0.15834591837137246
146.1919195713461,-13.259851010041452,0.55,-13.094109403653555,0.16574160638789692
146.72064691274738,-13.265859072159827,0.55,-13.092688416257392,0.1731706559024353
147.25128648433466,-13.271867134278203,0.55,-13.091234094983363,0.18063303929483965
147.78384520200566,-13.277875196396577,0.55,-13.08974646753413,0.1881287288624467
148.31833000667083,-13.283883258514953,0.55,-13.088225561697,0.1956576968179533
148.85474786434347,-13.289891320633327,0.55,-13.08667140534604,0.20321991528728667
149.39310576623052,-13.295899382751701,0.55,-13.085084026444184,0.21081535630751702
149.933410728824,-13.301907444870078,0.55,-13.08346345304524,0.21844399182483798
150.47566979399204,-13.307915506988454,0.55,-13.081809713295975,0.2261057936924793
151.01989002907095,-13.313923569106827,0.55,-13.080122835438047,0.23380073366877951
151.56607852695726,-13.317033618201037,0.55,-13.078402847809988,0.2386307703910493
152.11424240620005,-13.317450679708523,0.55,-13.076649778849148,0.24080090085937478
152.66438881109383,-13.317867741216007,0.55,-13.074863657093529,0.24300408412247876
153.21652491177178,-13.318284802723493,0.55,-13.073044511183697,0.24524029153979576
153.77065790429887,-13.318701864230977,0.55,-13.07119236986455,0.24750949436642777
154.32679501076586,-13.319118925738463,0.55,-13.069307261987147,0.24981166375131636
154.88494347938354,-13.31953598724595,0.55,-13.067389216510414,0.2521467707355356
155.44511058457695,-13.319953048753433,0.55,-13.065438262502864,0.254514786250569
156.00730362708023,-13.320370110260917,0.55,-13.063454429144286,0.2569156811166309
156.57152993403201,-13.320787171768403,0.55,-13.06143774572735,0.2593494260410534
157.13779685907062,-13.321204233275889,0.55,-13.059388241659205,0.26181599161668423
157.70611178242999,-13.321621294783373,0.55,-13.057305946463053,0.26431534832032
158.27648211103607,-13.322038356290857,0.55,-13.055190889779626,0.2668474665112317
158.84891527860304,-13.322455417798343,0.55,-13.053043101368692,0.26941231642965136
159.42341874573032,-13.322872479305829,0.55,-13.050862611110471,0.272009868195358
160.0,-13.323289540813313,0.55,-13.048649449007033,0.2746400918062797
160.5786665560741,-13.323706602320799,0.55,-13.046403645183636,0.277302957137163
161.15942595579259,-13.324123663828285,0.55,-13.044125229890042,0.27999843393824264
161.74228576827207,-13.324540725335769,0.55,-13.041814233501778,0.2827264918339907
162.3272535900038,-13.324957786843253,0.55,-13.039470686521373,0.2854871003218804
162.91433704495307,-13.325374848350739,0.55,-13.037094619579499,0.2882802287712405
163.50354378465866,-13.322345966422093,0.55,-13.034686063436151,0.2876599029859417
164.09488148833225,-13.316132591162585,0.55,-13.032245048981707,0.28388754218087797
164.6883578629587,-13.30991921590308,0.55,-13.029771607237997,0.28014760866508226
165.28398064339655,-13.303705840643573,0.55,-13.02726576935928,0.27644007128429315
165.8817575924786,-13.297492465384066,0.55,-13.02472756663324,0.2727648987508253
166.48169650111328,-13.291279090124558,0.55,-13.022157030481857,0.26912205964270086
167.0838051883862,-13.285065714865052,0.55,-13.019554192462309,0.26551152240274334
167.68809150166194,-13.278852339605544,0.55,-13.016919084267782,0.26193325533776246
168.29456331668626,-13.272638964346037,0.55,-13.014251737728253,0.25838722661778313
168.90322853768913,-13.26642558908653,0.55,-13.011552184811222,0.25487340427530825
169.51409509748726,-13.260212213827023,0.55,-13.008820457622386,0.2513917562046366
170.1271709575877,-13.253998838567517,0.55,-13.006056588406322,0.24794225016119498
170.74246410829178,-13.24778546330801,0.55,-13.003260609547027,0.2445248537609821
171.35998256879896,-13.241572088048503,0.55,-13.000432553568507,0.2411395344799967
171.9797343873114,-13.235358712788996,0.55,-12.997572453135287,0.23778625965370814
172.60172764113918,-13.229145337529488,0.55,-12.99468034105283,0.23446499647665853
173.225970436805,-13.222931962269982,0.55,-12.991756250267994,0.2311757120019884
173.85247091015032,-13.216718587010474,0.55,-12.98880021386938,0.22791837314109387
174.48123722644124,-13.210505211750966,0.55,-12.98581226508765,0.22469294666331585
175.1122775804748,-13.20429183649146,0.55,-12.982792437295819,0.22149939919564154
175.74560019668587,-13.198078461231955,0.55,-12.979740764009465,0.21833769722248952
176.38121332925454,-13.188340545790737,0.55,-12.97665727888695,0.21168326690378692
177.01912526221335,-13.175363470934945,0.55,-12.973542015729503,0.20182145520544204
177.65934430955537,-13.162386396079155,0.55,-12.970395008481395,0.1919913875977599
178.30187881534277,-13.149409321223363,0.55,-12.967216291229917,0.18219302999344578
178.9467371538154,-13.136432246367573,0.55,-12.964005898205437,0.1724263481621353
179.59392772949965,-13.123455171511782,0.55,-12.960763863781336,0.16269130773044616
180.2434589773187,-13.110478096655992,0.55,-12.95749022247394,0.1529878741820525
180.89533936270172,-13.097501021800202,0.55,-12.954185008942387,0.1433160128578148
181.5495773816946,-13.08452394694441,0.55,-12.950848257988484,0.1336756889559254
182.20618156107065,-13.07154687208862,0.55,-12.947480004556455,0.12406686753216434
182.86516045844164,-13.058569797232831,0.55,-12.944080283732735,0.11448951350009651
183.5265226623692,-13.045592722377037,0.55,-12.94064913074563,0.10494359163140743
184.19027679247722,-13.032615647521247,0.55,-12.937186580965031,0.09542906655621586
184.8564314995637,-13.019638572665457,0.55,-12.933692669901996,0.08594590276346104
185.52499546571363,-13.006661497809665,0.55,-12.930167433208355,0.07649406460130947
186.1959774044124,-12.993684422953875,0.55,-12.926610906676245,0.06707351627762925
186.869386060659,-12.980707348098084,0.55,-12.92302312623762,0.05768422186046429
187.5452302110802,-12.967730273242292,0.55,-12.91940412796371,0.04832614527858148
188.223518664045,-12.954753198386502,0.55,-12.915753948064447,0.03899925032205509
188.90426025977916,-12.941776123530712,0.55,-12.912072622887868,0.029703500642844105
189.58746387048066,-12.928799048674922,0.55,-12.908360188919445,0.020438859755476102
190.27313840043536,-12.91236882261157,0.55,-12.904616682781425,0.007752139830145666
190.9612927861328,-12.892782556192042,0.55,-12.900842141232095,-0.008059585040053108
191.65193599638275,-12.873196289772515,0.55,-12.897036601165029,-0.023840311392513414
192.3450770324325,-12.853610023352989,0.55,-12.893200099608313,-0.03959007625532429
193.04072492808353,-12.834023756933462,0.55,-12.889332673723713,-0.05530891679025096
193.73888874980958,-12.814437490513935,0.55,-12.885434360805826,-0.07099687029189106
194.43957759687504,-12.794851224094407,0.55,-12.881505198281202,-0.08665397418679532
195.14280060145302,-12.77526495767488,0.55,-12.877545223707397,-0.10228026603251728
195.84856692874482,-12.755678691255353,0.55,-12.87355447477209,-0.11787578351673744
196.5568857770992,-12.736092424835828,0.55,-12.869532989292054,-0.13344056445622599
197.2677663781322,-12.7165061584163,0.55,-12.865480805212174,-0.14897464679587458
197.9812179968475,-12.696919891996778,0.55,-12.86139796060443,-0.1644780686076519
198.69724993175743,-12.677333625577246,0.55,-12.857284493666823,-0.17995086808957694
199.41587151500372,-12.65774735915772,0.55,-12.853140442722328,-0.19539308356460872
200.13709211247928,-12.638161092738192,0.55,-12.848965846217752,-0.21080475347955918
200.86092112395056,-12.618574826318666,0.55,-12.844760742722645,-0.22618591640397945
201.58736798317972,-12.598988559899137,0.55,-12.840525170928144,-0.24153661102900692
202.31644215804755,-12.579402293479616,0.55,-12.836259169645789,-0.25685687616617336
203.0481531506773,-12.559816027060084,0.55,-12.831962777806368,-0.272146750746284
203.78251049755795,-12.540229760640557,0.55,-12.827636034458695,-0.28740627381813866
204.51952376966887,-12.52064349422103,0.55,-12.823278978768398,-0.302635484547368
205.25920257260452,-12.499761161100308,0.55,-12.818891650016672,-0.31913048891636464
206.00155654669953,-12.477700813026857,0.55,-12.814474087599052,-0.3367732745721952
206.74659536715436,-12.455640464953404,0.55,-12.810026331024138,-0.35438586607073397
207.49432874416155,-12.433580116879954,0.55,-12.805548419912308,-0.37196830303235373
208.2447664230321,-12.411519768806501,0.55,-12.80104039399446,-0.38952062518795927
208.99791818432246,-12.389459420733056,0.55,-12.796502293110708,-0.4070428723776516
209.7537938439623,-12.367399072659598,0.55,-12.791934157209065,-0.42453508454946665
210.51240325338202,-12.345338724586147,0.55,-12.787336026344166,-0.4419973017580183
211.27375629964143,-12.323278376512702,0.55,-12.782707940675937,-0.4594295641632353
212.0378629055586,-12.30121802843925,0.55,-12.778049940468275,-0.4768319120290254
212.80473302983904,-12.279157680365792,0.55,-12.773362066087754,-0.4942043857219627
213.57437666720546,-12.257097332292346,0.55,-12.768644358002287,-0.511547025709941
214.34680384852845,-12.235036984218896,0.55,-12.76389685677981,-0.5288598725609148
215.12202464095668,-12.212976636145449,0.55,-12.75911960308698,-0.546142966941531
215.9000491480483,-12.190916288071993,0.55,-12.754312637687855,-0.5633963496158625
216.68088750990282,-12.168855939998538,0.55,-12.749476001442595,-0.5806200614440566
217.464549903293,-12.14679559192509,0.55,-12.744609735306158,-0.5978141433810684
218.25104654179756,-12.124735243851637,0.55,-12.739713880327026,-0.6149786364753886
219.04038767593448,-12.102674895778186,0.55,-12.734788477645896,-0.6321135818677099
219.83258359329426,-12.080614547704734,0.55,-12.72983356849445,-0.649219020789717
220.6276446186742,-12.058554199631283,0.55,-12.724849194194084,-0.6662949945628007
221.42558111421312,-12.037420954682638,0.55,-12.719835396154664,-0.6824144414720266
222.22640347952603,-12.017125716178423,0.55,-12.714792215873317,-0.6976664996948934
223.03012215183986,-11.996830477674216,0.55,-12.709719694933217,-0.7128892172590007
223.8367476061298,-11.976535239170005,0.55,-12.704617875002404,-0.7280826358323989
224.64629035525516,-11.956240000665794,0.55,-12.69948679783264,-0.7432467971668455
225.45876095009697,-11.935944762161583,0.55,-12.694326505258251,-0.7583817430966686
226.27416997969522,-11.915649523657372,0.55,-12.689137039195021,-0.7734875155376493
227.09252807138688,-11.895354285153159,0.55,-12.683918441639094,-0.7885641564859345
227.9138458909445,-11.875059046648948,0.55,-12.678670754665955,-0.8036117080170069
228.7381341427152,-11.854763808144737,0.55,-12.67339402042935,-0.8186302122846136
229.56540356976006,-11.834468569640526,0.55,-12.668088281160326,-0.8336197115198001
230.39566495399416,-11.814173331136313,0.55,-12.662753579166278,-0.8485802480299647
231.22892911632746,-11.793878092632102,0.55,-12.657389956829977,-0.863511864197875
232.06520691680524,-11.773582854127891,0.55,-12.651997456608733,-0.8784146024808415
232.90450925474997,-11.75328761562368,0.55,-12.64657612103351,-0.8932885054098296
233.74684706890352,-11.73299237711947,0.55,-12.64112599270815,-0.9081336155886799
234.59223133756936,-11.712697138615258,0.55,-12.635647114308542,-0.9229499756932835
235.44067307875582,-11.692401900111046,0.55,-12.630139528581994,-0.9377376284709484
236.2921833503199,-11.672106661606835,0.55,-12.62460327834648,-0.952496616739646
237.14677325011084,-11.651811423102624,0.55,-12.61903840649004,-0.9672269833874161
238.0044539161153,-11.631516184598413,0.55,-12.613444955970191,-0.9819287713717788
238.86523652660236,-11.613575916964823,0.55,-12.607822969813423,-0.9942470528485998
239.72913230026907,-11.597752547876631,0.55,-12.602172491114695,-1.004419943238064
240.59615249638665,-11.58192917878844,0.55,-12.596493563037031,-1.0145643842485903
241.46630841494766,-11.566105809700248,0.55,-12.590786228811144,-1.0246804191108954
242.33961139681264,-11.550282440612056,0.55,-12.585050531735153,-1.0347680911230963
243.21607282385833,-11.534459071523864,0.55,-12.579286515174303,-1.0448274436504388
244.0957041191261,-11.518635702435672,0.55,-12.573494222560809,-1.054858520125137
244.97851674697046,-11.502812333347483,0.55,-12.567673697393737,-1.0648613640462532
245.86452221320855,-11.486988964259288,0.55,-12.561824983238914,-1.0748360189796262
246.75373206527053,-11.471165595171097,0.55,-12.555948123728989,-1.0847825285578914
247.64615789234952,-11.455342226082905,0.55,-12.550043162563467,-1.094700936480562
248.54181132555283,-11.439518856994713,0.55,-12.544110143508886,-1.1045912865141734
249.44070403805392,-11.423695487906521,0.55,-12.538149110399035,-1.1144536224925137
250.3428477452439,-11.407872118818329,0.55,-12.532160107135237,-1.1242879883169081
251.24825420488457,-11.392048749730137,0.55,-12.526143177686738,-1.134094427956601
252.15693521726183,-11.376225380641944,0.55,-12.520098366091126,-1.1438729854491818
253.06890262533915,-11.360402011553756,0.55,-12.514025716454901,-1.153623704901145
253.9841683149119,-11.344578642465562,0.55,-12.507925272954035,-1.1633466304884728
254.9027442147627,-11.32875527337737,0.55,-12.501797079834674,-1.173041806457304
255.82464229681636,-11.312931904289178,0.55,-12.495641181413927,-1.182709277124749
256.7498745762962,-11.297108535200985,0.55,-12.4894576220807,-1.1923490868797142
257.6784531118807,-11.284624741438275,0.55,-12.48324644629664,-1.1986217048583647
258.6103900058604,-11.275126331880584,0.55,-12.477007698597168,-1.2018813667165844
259.5456974042957,-11.26562792232289,0.55,-12.470741423592601,-1.205113501269711
260.48438749717565,-11.256129512765197,0.55,-12.464447665969342,-1.2083181532041447
261.426472518576,-11.246631103207504,0.55,-12.458126470491203,-1.2114953672836997
262.3719647468192,-11.23713269364981,0.55,-12.451777882000794,-1.2146451883509837
263.3208765046344,-11.227634284092119,0.55,-12.445401945420986,-1.2177676613288675
264.2732201593178,-11.218135874534426,0.55,-12.438998705756543,-1.2208628312221173
265.22900812289396,-11.208637464976732,0.55,-12.432568208095766,-1.223930743119034
266.1882528522778,-11.199139055419039,0.55,-12.426110497612285,-1.2269714421932463
267.1509668494366,-11.189640645861346,0.55,-12.41962561956695,-1.229984973705605
268.1171626615529,-11.180142236303652,0.55,-12.413113619309799,-1.2329713830061468
269.08685288118863,-11.17064382674596,0.55,-12.406574542282161,-1.2359307155362007
270.0600501464485,-11.161145417188267,0.55,-12.400008434018828,-1.2388630168305603
271.0367671411449,-11.151647007630574,0.55,-12.393415340150366,-1.2417683325197917
272.01701659496376,-11.14214859807288,0.55,-12.386795306405498,-1.244646708332617
273.00081128362973,-11.132650188515187,0.55,-12.38014837861362,-1.2474981900984332
273.98816402907295,-11.123151778957496,0.55,-12.373474602707436,-1.25032282374994
274.97908769959645,-11.113653369399803,0.55,-12.366774024725643,-1.2531206553258407
275.97359521004347,-11.10415495984211,0.55,-12.360046690815794,-1.2558917309736852
276.9716995219658,-11.094656550284416,0.55,-12.353292647237257,-1.2586360969528414
277.973413643793,-11.08783148800158,0.55,-12.34651194036423,-1.2586804523626505
278.9787506310018,-11.08338303671058,0.55,-12.339704616688953,-1.2563215799783727
279.98772358628605,-11.078934585419582,0.55,-12.332870722824977,-1.253936137405395
281.00034565972794,-11.074486134128582,0.55,-12.32601030551057,-1.2515241713819876
282.0166300489688,-11.070037682837581,0.55,-12.319123411612233,-1.2490857287746522
283.0365899993816,-11.065589231546582,0.55,-12.31221008812832,-1.2466208565817372
284.0602388042434,-11.061140780255583,0.55,-12.305270382192806,-1.2441296019372228
285.0875898049086,-11.056692328964584,0.55,-12.298304341079133,-1.2416120121145493
286.11865639098266,-11.052243877673584,0.55,-12.291312012204212,-1.239068134530628
287.15345200049717,-11.047795426382583,0.55,-12.28429344313252,-1.2364980167499375
288.19199012008414,-11.043346975091584,0.55,-12.277248681580327,-1.2339017064887425
289.2342842851523,-11.038898523800585,0.55,-12.270177775420025,-1.2312792516194406
290.2803480800638,-11.034450072509584,0.55,-12.263080772684592,-1.2286307001750085
291.3301951383105,-11.030001621218585,0.55,-12.25595772157219,-1.2259561003536064
292.3838391426922,-11.025553169927585,0.55,-12.248808670450861,-1.2232555005232761
293.44129382549477,-11.021104718636586,0.55,-12.241633667863352,-1.2205289492267664
294.5025729686693,-11.016656267345585,0.55,-12.234432762532045,-1.2177764951864596
295.56769040401133,-11.012207816054588,0.55,-12.227206003364046,-1.2149981873094582
296.63666001334167,-11.007759364763587,0.55,-12.219953439456367,-1.2121940746927802
297.70949572868693,-11.003310913472585,0.55,-12.21267512010124,-1.2093642066286545
298.78621153246104,-10.998862462181588,0.55,-12.205371094791534,-1.2065086326099461
299.866821457648,-10.996333512845306,0.55,-12.198041413226333,-1.2017079003810274
300.9513395879841,-10.995501572854106,0.55,-12.190686125316597,-1.1951845524624911
302.0397800581419,-10.994669632862907,0.55,-12.183305281190965,-1.1886356483280576
303.1321570539145,-10.993837692871708,0.55,-12.175898931201674,-1.1820612383299665
304.2284848124001,-10.99300575288051,0.55,-12.16846712593061,-1.1754613730500996
305.32877762218766,-10.99217381288931,0.55,-12.161009916195445,-1.168836103306134
306.43304982354357,-10.991341872898111,0.55,-12.153527353055956,-1.162185480157845
307.54131580859774,-10.990509932906912,0.55,-12.1460194878204,-1.155509554913488
308.6535900215317,-10.989677992915713,0.55,-12.13848637205206,-1.148808379136348
309.7698869587671,-10.988846052924515,0.55,-12.13092805757587,-1.1420820046513551
310.8902211691539,-10.988014112933316,0.55,-12.123344596485188,-1.135330483551872
312.01460725416047,-10.987182172942116,0.55,-12.115736041148688,-1.1285538682065717
313.14305986806403,-10.986350232950917,0.55,-12.108102444217334,-1.1217522112664167
314.27559371814124,-10.985518292959718,0.55,-12.100443858631536,-1.1149255656718182
315.41222356485997,-10.98468635296852,0.55,-12.092760337628352,-1.108073984659832
316.55296422207215,-10.98385441297732,0.55,-12.085051934748847,-1.1011975217715264
317.6978305572061,-10.983022472986121,0.55,-12.077318703845572,-1.0942962308594506
318.84683749146063,-10.982190532994922,0.55,-12.069560699090136,-1.087370166095214
320.0,-10.981358593003723,0.55,-12.061777974980895,-1.0804193819771726
321.157333112148,-10.980526653012525,0.55,-12.053970586350772,-1.0734439333382468
322.31885191158534,-10.979694713021326,0.55,-12.046138588375165,-1.0664438753538388
323.48457153654414,-10.981113620076625,0.55,-12.03828203657998,-1.0571684165033552
324.6545071800075,-10.98451147243356,0.55,-12.03040098684977,-1.04588951441621
325.82867408990626,-10.987909324790495,0.55,-12.022495495435981,-1.0345861706454862
327.0070875693173,-10.991307177147432,0.55,-12.014565618965303,-1.0232584418178714
328.18976297666444,-10.994705029504367,0.55,-12.00661141444815,-1.0119063849437833
329.3767157259175,-10.998102881861302,0.55,-11.998632939287178,-1.0005300574258769
330.5679612867931,-11.001500734218238,0.55,-11.99063025128602,-0.9891295170677825
331.7635151849571,-11.004898586575173,0.55,-11.98260340865799,-0.9777048220828171
332.9633930022266,-11.008296438932108,0.55,-11.97455247003499,-0.9662560311028816
334.1676103767724,-11.011694291289045,0.55,-11.966477494476472,-0.9547832031874268
335.3761830033238,-11.01509214364598,0.55,-11.958378541478496,-0.9432863978325159
336.5891266333727,-11.018489996002915,0.55,-11.950255670982902,-0.931765674979987
337.80645707537826,-11.021887848359851,0.55,-11.94210894338656,-0.920221095026708
339.0281901949744,-11.025285700716786,0.55,-11.933938419550705,-0.9086527188339186
340.2543419151755,-11.028683553073723,0.55,-11.92574416081041,-0.8970606077366874
341.48492821658357,-11.032081405430658,0.55,-11.91752622898407,-0.8854448235534118
342.7199651375978,-11.035479257787593,0.55,-11.909284686383042,-0.8738054285954497
343.9594687746229,-11.03887711014453,0.55,-11.90101959582134,-0.8621424856768112
345.20345528227836,-11.042274962501464,0.55,-11.892731020625412,-0.8504560581239478
346.45194087360994,-11.0456728148584,0.55,-11.884419024643998,-0.8387462097855991
347.7049418203007,-11.049070667215336,0.55,-11.876083672258089,-0.8270130050427529
348.9624744528825,-11.055223636947044,0.55,-11.867725028390925,-0.812501391443881
350.2245551609494,-11.063785508969472,0.55,-11.859343158518099,-0.795557649548627
351.49120039337186,-11.072347380991902,0.55,-11.85093812867771,-0.7785907476858078
352.76242665850907,-11.08090925301433,0.55,-11.84251000548062,-0.7616007524662898
354.03825052442653,-11.08947112503676,0.55,-11.834058856120741,-0.7445877310839819
355.31868861911084,-11.098032997059187,0.55,-11.825584748385406,-0.7275517513262191
356.60375763068555,-11.106594869081617,0.55,-11.81708775066582,-0.7104928815842033
357.89347430763064,-11.115156741104045,0.55,-11.80856793196752,-0.6934111908634755
359.1878554589994,-11.123718613126474,0.55,-11.800025361920952,-0.6763067487944774
360.4869179546374,-11.132280485148902,0.55,-11.79146011079208,-0.6591796256431781
361.7906787254034,-11.140842357171332,0.55,-11.782872249493032,-0.6420298923217
363.09915476338927,-11.149404229193761,0.55,-11.774261849592826,-0.6248576203990641
364.4123631221413,-11.15796610121619,0.55,-11.765628983328135,-0.6076628821119456
365.7303209168831,-11.166527973238617,0.55,-11.756973723614074,-0.5904457503754568
367.05304532473855,-11.175089845261049,0.55,-11.748296144055068,-0.5732062987940196
368.38055358495444,-11.183651717283475,0.55,-11.73959631895575,-0.5559446016722749
369.71286299912725,-11.192213589305902,0.55,-11.730874323331854,-0.5386607340259513
371.0499909314274,-11.200775461328334,0.55,-11.722130232921213,-0.521354771592879
372.3919548088248,-11.209337333350762,0.55,-11.713364124194747,-0.5040267908439855
373.73877212131794,-11.21789920537319,0.55,-11.704576074367477,-0.4866768689942873
375.09046042216056,-11.22646107739562,0.55,-11.695766161409574,-0.4693050840139552
376.44703732809,-11.237272737192928,0.55,-11.68693446405745,-0.4496617268645213
377.8085205195583,-11.250040586872025,0.55,-11.678081061824848,-0.42804047495282305
379.1749277409615,-11.26280843655112,0.55,-11.669206035013929,-0.4063975984628083
380.5462768008707,-11.275576286230216,0.55,-11.660309464726444,-0.38473317849622823
381.92258557226546,-11.288344135909309,0.55,-11.651391432874828,-0.36304729696551874
383.30387199276566,-11.301111985588406,0.55,-11.642452022193375,-0.3413400366049686
384.690154064865,-11.313879835267503,0.55,-11.633491316249383,-0.3196114809818802
386.0814498561669,-11.326647684946595,0.55,-11.624509399454293,-0.2978617145076985
387.47777749961926,-11.339415534625694,0.55,-11.615506357074871,-0.27609082244917715
388.8791551937501,-11.352183384304789,0.55,-11.60648227524434,-0.2542988909395518
390.2856012029059,-11.364951233983884,0.55,-11.597437240973516,-0.23248600698963173
391.6971338574898,-11.377719083662981,0.55,-11.588371342161958,-0.2106522584989765
393.1137715541984,-11.390486933342077,0.55,-11.579284667609075,-0.18879773426699842
394.5355327562643,-11.403254783021168,0.55,-11.57017730702522,-0.16692252400405216
395.9624359936952,-11.416022632700267,0.55,-11.561049351042797,-0.14502671834253
397.39449986351485,-11.42879048237936,0.55,-11.551900891227287,-0.12311040884792668
398.83174303000726,-11.441558332058456,0.55,-11.542732020088307,-0.10117368802985105
400.2741842249586,-11.454326181737555,0.55,-11.533542831090594,-0.07921664935303951
401.7218422479011,-11.467094031416647,0.55,-11.524333418664984,-0.05723938724833744
403.1747359663593,-11.479861881095744,0.55,-11.515103878219328,-0.03524199712358467
404.63288431609527,-11.49262973077484,0.55,-11.505854306149402,-0.013224575374561454
406.0963063013546,-11.50689939441915,0.55,-11.496584799849753,0.010314594569397428
407.5650209951158,-11.522467656983066,0.55,-11.487295457724475,0.035172199258591164
409.03904753933784,-11.538035919546985,0.55,-11.477986379197997,0.06004954034898802
410.51840514520904,-11.553604182110899,0.55,-11.468657664725761,0.08494651738513781
412.00311309339895,-11.569172444674814,0.55,-11.459309415804867,0.10986302886994714
413.4931907343088,-11.584740707238735,0.55,-11.449941734984646,0.13479897225408877
414.9886574883231,-11.600308969802647,0.55,-11.44055472587719,0.15975424392545712
416.4895328460641,-11.615877232366564,0.55,-11.431148493167795,0.18472873919876953
417.99583636864503,-11.631445494930484,0.55,-11.421723142625343,0.2097223523051408
419.5075876879246,-11.647013757494399,0.55,-11.41227878111261,0.2347349763817892
421.0248065067639,-11.662582020058313,0.55,-11.402815516596483,0.2597665034618295
422.547512599283,-11.67815028262223,0.55,-11.393333458158123,0.28481682446410694
424.0757258111172,-11.693718545186144,0.55,-11.38383271600302,0.30988582918312346
425.6094660596779,-11.709286807750061,0.55,-11.374313401470973,0.33497340627908834
427.1487533344111,-11.724855070313982,0.55,-11.364775627045967,0.360079443268015
428.6936076970569,-11.740423332877894,0.55,-11.355219506365977,0.3852038265119173
430.24404928191325,-11.75599159544181,0.55,-11.345645154232646,0.41034644120916397
431.80009829609673,-11.77155985800573,0.55,-11.336052686620885,0.4355071713848453
433.36177501980563,-11.787128120569642,0.55,-11.326442220688362,0.4606858998812804
434.92909980658595,-11.802696383133558,0.55,-11.31681387478488,0.4858825083486771
436.5020930835953,-11.818264645697479,0.55,-11.307167768461643,0.5110968772358362
438.08077535186897,-11.83324581784006,0.55,-11.297504022480403,0.535741795359657
439.66516718658846,-11.84772215160177,0.55,-11.2878227588225,0.5598993927792701
441.25528923734856,-11.862198485363482,0.55,-11.278124100697786,0.584074384665696
442.85116222842623,-11.876674819125189,0.55,-11.2684081725534,0.6082666465717885
444.4528069590519,-11.891151152886899,0.55,-11.258675100082446,0.6324760528044528
446.0602443036799,-11.905627486648612,0.55,-11.248925010232485,0.6567024764161271
447.6734952122596,-11.920103820410318,0.55,-11.239158031213982,0.6809457891963362
449.29258071051026,-11.934580154172028,0.55,-11.229374292508528,0.7052058616635009
450.917521900194,-11.949056487933738,0.55,-11.21957392487696,0.7294825630567789
452.54833995939043,-11.963532821695447,0.55,-11.209757060367364,0.7537757613280824
454.18505614277365,-11.978009155457157,0.55,-11.199923832322847,0.7780853231343094
455.82769178188914,-11.992485489218867,0.55,-11.190074375389248,0.8024111138296188
457.4762682854304,-12.006961822980577,0.55,-11.180208825522664,0.8267529974579126
459.13080713952,-12.021438156742287,0.55,-11.17032731999679,0.8511108367454963
460.7913299079885,-12.035914490503995,0.55,-11.160429997410125,0.8754844930938699
462.4578582326549,-12.050390824265705,0.55,-11.150516997693034,0.8998738265726711
464.1304138336103,-12.064867158027415,0.55,-11.140588462114597,0.9242786959128182
465.80901850950005,-12.079343491789125,0.55,-11.130644533289333,0.9486989584997918
467.49369413780704,-12.093819825550835,0.55,-11.12068535518372,0.9731344703671141
469.18446267513855,-12.108296159312543,0.55,-11.11071107312256,0.9975850861899822
470.8813461575118,-12.122772493074253,0.55,-11.100721833795157,1.0220506592790954
472.5843667006398,-12.134303168929979,0.55,-11.090717785261322,1.0435853836686562
474.29354650022157,-12.143314908736507,0.55,-11.080699076957165,1.0626158317793415
476.00890783223076,-12.152326648543035,0.55,-11.070665859700762,1.0816607888422727
477.7304730532047,-12.161338388349561,0.55,-11.060618285697561,1.1007201026519997
479.458264600538,-12.170350128156091,0.55,-11.05055650854564,1.1197936196104514
481.1923049927734,-12.17936186796262,0.55,-11.040480683240762,1.138881184721857
482.9326168298953,-12.188373607769146,0.55,-11.030390966181232,1.157982641587914
484.6792227936251,-12.197385347575674,0.55,-11.020287515172539,1.1770978324031347
486.4321456477168,-12.206397087382202,0.55,-11.010170489431811,1.1962265979503908
488.1914082382522,-12.215408827188728,0.55,-11.000040049592075,1.2153687775966535
489.9570334939408,-12.224420566995258,0.55,-10.989896357706268,1.23452420928899
491.7290444264172,-12.233432306801786,0.55,-10.979739577251099,1.2536927295506874
493.50746413054105,-12.242444046608314,0.55,-10.969569873130624,1.2728741734776907
495.29231578469887,-12.25145578641484,0.55,-10.95938741167967,1.2920683747351713
497.08362265110577,-12.260467526221369,0.55,-10.949192360667013,1.3112751655543562
498.88140807610785,-12.269479266027897,0.55,-10.938984889298338,1.3304943767295594
500.6856954904876,-12.278491005834425,0.55,-10.928765168218964,1.3497258376154608
502.49650840976926,-12.287502745640953,0.55,-10.918533369516371,1.368969376124582
504.31387043452366,-12.296514485447481,0.55,-10.9082896667225,1.3882248187249822
506.13780525067807,-12.30552622525401,0.55,-10.89803423481577,1.4074919904382401
507.96833662982397,-12.314537965060538,0.55,-10.887767250222947,1.4267707148375912
509.8054884295254,-12.318051132945662,0.55,-10.877488890820715,1.4405622421249475
511.6492845936326,-12.316888336832037,0.55,-10.867199335937041,1.4496890008949954
513.4997491525926,-12.315725540718413,0.55,-10.856898766352298,1.4588267743661145
515.3569062237614,-12.314562744604787,0.55,-10.846587364300143,1.4679753803046438
517.2207800117205,-12.313399948491162,0.55,-10.836265313468168,1.4771346350229937
519.0913948085916,-12.312237152377538,0.55,-10.825932798998268,1.4863043533792695
520.9687749943513,-12.311074356263912,0.55,-10.815590007486843,1.4954843487770688
522.8529450371518,-12.309911560150287,0.55,-10.805237126984679,1.504674433165608
524.7439294936386,-12.308748764036661,0.55,-10.794874346996602,1.5138744170400589
526.6417530092688,-12.307585967923037,0.55,-10.78450185848091,1.5230841094421272
528.5464403186354,-12.306423171809412,0.55,-10.774119853848516,1.5323033179608956
530.458016245788,-12.305260375695786,0.55,-10.763728526961861,1.541531848733925
532.3765057045556,-12.304097579582162,0.55,-10.753328073133579,1.5507695064485834
534.3019336988731,-12.302934783468537,0.55,-10.742918689124872,1.5600160943436645
536.2343253231061,-12.301771987354911,0.55,-10.732500573143676,1.5692714142112347
538.1737057623773,-12.300609191241287,0.55,-10.722073924842544,1.5785352663987435
540.1201002928967,-12.299446395127662,0.55,-10.711638945316237,1.5878074498114252
542.0735342822899,-12.298283599014036,0.55,-10.701195837099132,1.5970877619149046
544.0340331899275,-12.297120802900412,0.55,-10.690744804162314,1.6063759987380983
546.0016225672592,-12.295958006786787,0.55,-10.680286051910402,1.615671954876385
547.976328058146,-12.294795210673161,0.55,-10.669819787178136,1.6249754234950249
549.9581753991929,-12.289370674039127,0.55,-10.6593462182267,1.6300244558124266
551.9471904200867,-12.280342064369478,0.55,-10.648865554739752,1.6314765096297261
553.9433990439317,-12.271313454699824,0.55,-10.638378007819218,1.6329354468806052
555.946827287586,-12.262284845030171,0.55,-10.627883789980809,1.6344010550493628
557.9575012620035,-12.25325623536052,0.55,-10.617383115149266,1.6358731202112544
559.9754471725723,-12.244227625690867,0.55,-10.606876198653332,1.637351427037535
562.0006913194559,-12.235199016021216,0.55,-10.596363257220483,1.6388357588007327
564.0332600979375,-12.226170406351565,0.55,-10.585844508971348,1.640325897380217
566.0731799987633,-12.217141796681911,0.55,-10.575320173413887,1.641821623268024
568.1204776084868,-12.208113187012259,0.55,-10.564790471437313,1.6433227155749464
570.1751796098171,-12.199084577342608,0.55,-10.554255625305688,1.6448289520369208
572.2373127819656,-12.190055967672954,0.55,-10.543715858651318,1.6463401090216365
574.3069040009943,-12.181027358003302,0.55,-10.533171396467818,1.647855961535484
576.3839802401681,-12.171998748333653,0.55,-10.52262246510295,1.649376283230703
578.4685685703048,-12.162970138663999,0.55,-10.51206929225115,1.6509008464128492
580.5606961601276,-12.153941528994348,0.55,-10.50151210694583,1.6524294220485185
582.6603902766209,-12.144912919324696,0.55,-10.490951139551347,1.6539617797733488
584.7676782853845,-12.135884309655042,0.55,-10.480386621754766,1.6554976879002758
586.8825876509895,-12.126855699985393,0.55,-10.469818786557322,1.6570369134280707
589.0051459373385,-12.11782709031574,0.55,-10.459247868265585,1.6585792220501556
591.1353808080228,-12.108798480646087,0.55,-10.448674102482412,1.6601243781636743
593.2733200266833,-12.09768948603375,0.55,-10.438097726097565,1.659591759936184
595.4189914573736,-12.0848309086683,0.55,-10.427518977278124,1.6573119313901756
597.5724230649222,-12.07197233130285,0.55,-10.416938095458574,1.6550342358442762
599.733642915296,-12.059113753937403,0.55,-10.406355321330652,1.6527584326067508
601.9026791759679,-12.046255176571954,0.55,-10.39577089683292,1.6504842797390342
604.0795601162839,-12.033396599206505,0.55,-10.385185065140075,1.64821153406643
606.264314107829,-12.020538021841055,0.55,-10.374598070651972,1.6459399511890833
608.4569696248,-12.007679444475606,0.55,-10.36401015898241,1.6436692854931962
610.6575552443755,-11.994820867110155,0.55,-10.353421576947632,1.6413992901625232
612.8660996470871,-11.98196228974471,0.55,-10.342832572554553,1.6391297171901567
615.0826316171953,-11.96910371237926,0.55,-10.332243394988753,1.6368603173905072
617.3071800430636,-11.95624513501381,0.55,-10.321654294602169,1.6345908404116418
619.5397739175341,-11.943386557648362,0.55,-10.311065522900577,1.6323210347477843
621.7804423383076,-11.930527980282914,0.55,-10.300477332530743,1.6300506477521708
624.029214508321,-11.917669402917465,0.55,-10.289889977267373,1.6277794256500915
626.2861197361281,-11.904810825552016,0.55,-10.279303711999784,1.6255071135522314
628.5511874362824,-11.891952248186566,0.55,-10.268718792718309,1.6232334554682577
630.8244471297202,-11.879093670821117,0.55,-10.258135476500458,1.620958194320659
633.1059284441443,-11.866235093455668,0.55,-10.247554021496814,1.6186810719588536
635.395661114412,-11.85337651609022,0.55,-10.236974686916694,1.616401829173526
637.6936749829215,-11.840517938724771,0.55,-10.226397733013522,1.6141202057112487
640.0,-11.826143266360075,0.55,-10.21582342107,1.6103198452900749
642.314666224296,-11.810500649482004,0.55,-10.20525201338299,1.605248636099013
644.6377038231707,-11.79485803260393,0.55,-10.194683773248165,1.6001742593557644
646.9691430730883,-11.779215415725858,0.55,-10.184118964944414,1.595096450781444
649.309014360015,-11.763572798847784,0.55,-10.173557853717995,1.5900149451297896
651.6573481798125,-11.747930181969712,0.55,-10.163000705766468,1.5849294762032446
654.0141751386346,-11.732287565091639,0.55,-10.15244778822236,1.579839776869278
656.3795259533289,-11.716644948213567,0.55,-10.141899369136617,1.57474557907695
658.753431451835,-11.701002331335495,0.55,-10.131355717461771,1.569646613873724
661.1359225735862,-11.685359714457423,0.55,-10.12081710303497,1.5645426114224534
663.5270303699142,-11.66971709757935,0.55,-10.110283796560653,1.5594333010186965
665.9267860044532,-11.654074480701277,0.55,-10.099756069593093,1.5543184111081843
668.3352207535448,-11.638431863823204,0.55,-10.089234194518665,1.5491976693045384
670.7523660066475,-11.622789246945132,0.55,-10.078718444537904,1.5440708024072283
673.1782532667454,-11.607146630067058,0.55,-10.068209093647305,1.5389375364197537
675.6129141507565,-11.591504013188986,0.55,-10.057706416620974,1.5337975965680126
678.0563803899488,-11.575861396310914,0.55,-10.047210688991992,1.5286507073189224
680.508683830351,-11.56021877943284,0.55,-10.036722187033586,1.5234965923992547
682.9698564331671,-11.544576162554769,0.55,-10.026241187740094,1.5183349748146746
685.4399302751956,-11.528933545676695,0.55,-10.015767968807708,1.5131655768689871
687.9189375492458,-11.513290928798623,0.55,-10.005302808615019,1.5079881201836045
690.4069105645567,-11.496459906099014,0.55,-9.994845986203332,1.5016139198956822
692.9038817472199,-11.478640511359838,0.55,-9.984397781256812,1.4942427301030268
695.4098836406014,-11.460821116620664,0.55,-9.973958474082405,1.4868626425382594
697.924948905765,-11.443001721881489,0.55,-9.963528345589564,1.4794733762919243
700.4491103218988,-11.425182327142315,0.55,-9.953107677269776,1.472074649872539
702.9824007867437,-11.407362932403139,0.55,-9.942696751175907,1.4646661812272317
705.5248533170181,-11.389543537663965,0.55,-9.932295849901369,1.457247687762596
708.0765010488531,-11.371724142924794,0.55,-9.921905256559057,1.4498188863657369
710.6373772382217,-11.353904748185613,0.55,-9.911525254760141,1.442379493425472
713.2075152613711,-11.336085353446439,0.55,-9.90115612859267,1.4349292248537697
715.7869486152613,-11.318265958707263,0.55,-9.890798162599987,1.4274677961072761
718.3757109179988,-11.300446563968089,0.55,-9.880451641758963,1.419994922209126
720.9738359092748,-11.282627169228913,0.55,-9.870116851458103,1.4125103177708098
723.5813574508068,-11.26480777448974,0.55,-9.85979407747542,1.4050136970143186
726.1983095267785,-11.246988379750563,0.55,-9.849483605956188,1.3975047737943758
728.8247262442826,-11.22916898501139,0.55,-9.839185723390523,1.3899832616208663
731.4606418337662,-11.211349590272219,0.55,-9.828900716590802,1.3824488736814171
734.1060906494771,-11.19353019553304,0.55,-9.818628872668912,1.3749013228641278
736.7611071699089,-11.175710800793864,0.55,-9.808370479013394,1.3673403217804694
739.4257259982545,-11.157891406054693,0.55,-9.798125823266371,1.359765582788322
742.0999818628547,-11.140072011315514,0.55,-9.787895193300384,1.3521768180151295
744.7839096176496,-11.12110823684117,0.55,-9.777678877195065,1.3434293596461053
747.4775442426359,-11.10119799324899,0.55,-9.76747716321367,1.33372083003532
750.1809208443211,-11.081287749656799,0.55,-9.757290339779484,1.3239974098773146
752.89407465618,-11.061377506064611,0.55,-9.747118695452087,1.3142588106125235
755.6170410391165,-11.04146726247243,0.55,-9.736962518903516,1.3045047435689145
758.349855481923,-11.021557018880237,0.55,-9.726822098894251,1.294734919985986
761.0925536017414,-11.001646775288052,0.55,-9.716697724249137,1.2849490510389145
763.8451711445309,-10.98173653169587,0.55,-9.706589683833153,1.2751468478627164
766.6077439855313,-10.961826288103678,0.55,-9.696498266527088,1.2653280215765896
769.38030812973,-10.941916044511492,0.55,-9.686423761203102,1.2554922833083904
772.1628997123338,-10.92200580091931,0.55,-9.676366456700146,1.245639344219164
774.9555549992385,-10.902095557327119,0.55,-9.666326641799369,1.2357689155277498
777.7583103875002,-10.882185313734933,0.55,-9.656304605199312,1.2258807085356214
780.5712024058118,-10.86227507014275,0.55,-9.646300635491109,1.215974434651642
783.3942677149796,-10.84236482655056,0.55,-9.636315021133523,1.2060498054170363
786.2275431083968,-10.822454582958374,0.55,-9.626348050427953,1.19610653253042
789.0710655125285,-10.802544339366191,0.55,-9.616400011493308,1.1861443278728832
791.9248719873904,-10.782634095774,0.55,-9.606471192240845,1.1761629035331556
794.7889997270297,-10.762723852181818,0.55,-9.596561880348903,1.1661619718329153
797.6634860600145,-10.742813608589632,0.55,-9.586672363237561,1.156141245352071
800.5483684499172,-10.72290336499744,0.55,-9.576802928043287,1.1461004369541534
803.4436844958022,-10.701697740676702,0.55,-9.566953861593435,1.134743879083267
806.3494719327186,-10.67942671546994,0.55,-9.557125450380761,1.1223012650891793
809.2657686321905,-10.657155690263176,0.55,-9.547317980537827,1.1098377097253493
812.1926126027092,-10.63488466505642,0.55,-9.53753173781141,1.0973529272450104
815.1300419902316,-10.612613639849659,0.55,-9.5277670075368,1.0848466323128587
818.0780950786757,-10.590342614642895,0.55,-9.518024074612114,1.0723185400307802
821.0368102904181,-10.568071589436139,0.55,-9.50830322347254,1.059768365963599
824.0062261867979,-10.545800564229378,0.55,-9.498604738064548,1.0471958261648293
826.9863814686177,-10.523529539022611,0.55,-9.488928901820087,1.0346006372025247
829.9773149766462,-10.501258513815857,0.55,-9.47927599763072,1.0219825161851368
832.9790656921282,-10.478987488609096,0.55,-9.469646307821804,1.0093411807872918
835.9916727372901,-10.45671646340233,0.55,-9.460040114126574,0.9966763492757558
839.0151753758493,-10.434445438195576,0.55,-9.45045769766026,0.9839877405353157
842.0496130135278,-10.412174412988815,0.55,-9.440899338894184,0.9712750740946312
845.095025198566,-10.389903387782049,0.55,-9.431365317629863,0.9585380701521853
848.1514516222344,-10.367632362575295,0.55,-9.421855912973088,0.9457764496022065
851.2189321193558,-10.345361337368534,0.55,-9.412371403308015,0.9329899340605188
854.2975066688222,-10.323090312161767,0.55,-9.402912066271284,0.920178245890483
857.3872153941138,-10.300819286955013,0.55,-9.393478178726106,0.9073411082289073
860.4880985638265,-10.278548261748252,0.55,-9.384070016736421,0.8944782450118307
863.6001965921935,-10.256277236541486,0.55,-9.37468785554103,0.881589381000456
866.7235500396113,-10.233126912983854,0.55,-9.365331969527773,0.8677949434560812
869.8581996131719,-10.209257422182846,0.55,-9.35600263220773,0.8532547899751162
873.0041861671906,-10.18538793138184,0.55,-9.346700116189453,0.8386878151923867
876.1615507037379,-10.161518440580833,0.55,-9.337424693153261,0.8240937474275718
879.3303343731769,-10.137648949779827,0.55,-9.328176633825514,0.8094723159543129
882.5105784746971,-10.11377945897882,0.55,-9.318956207953013,0.7948232510258073
885.7023244568525,-10.089909968177814,0.55,-9.309763684277378,0.7801462839004358
888.9056139181038,-10.066040477376808,0.55,-9.300599330509545,0.7654411468672624
892.1204886073598,-10.042170986575801,0.55,-9.291463413304244,0.7507075732715567
895.3469904245192,-10.018301495774793,0.55,-9.28235619823463,0.7359452975401624
898.5851614210205,-9.994432004973786,0.55,-9.273277949766902,0.7211540552068847
901.835043800388,-9.97056251417278,0.55,-9.264228931235039,0.7063335829377415
905.0966799187809,-9.946693023371774,0.55,-9.255209404815604,0.6914836185561697
908.3701122855473,-9.922823532570767,0.55,-9.246219631502612,0.6766039010681553
911.6553835637783,-9.89895404176976,0.55,-9.237259871082479,0.6616941706872819
914.9525365708608,-9.875084550968754,0.55,-9.228330382109112,0.6467541688596423
918.26161427904,-9.851215060167746,0.55,-9.219431421879015,0.6317836382887307
921.582659815977,-9.82734556936674,0.55,-9.210563246406537,0.6167823229602032
924.9157164653099,-9.803476078565733,0.55,-9.201726110399216,0.6017499681665175
928.2608276672206,-9.779606587764727,0.55,-9.19292026723322,0.5866863205315074
931.6180370190001,-9.75573709696372,0.55,-9.184145968928899,0.5715911280348216
934.9873882756141,-9.731199749861453,0.55,-9.175403466126456,0.5557962837349972
938.3689253502771,-9.706119210802179,0.55,-9.166693008061717,0.5394262027404615
941.7626923150236,-9.681038671742899,0.55,-9.158014842542055,0.5230238292008433
945.1687334012796,-9.655958132683626,0.55,-9.149369215922402,0.5065889167612241
948.5870930004431,-9.630877593624351,0.55,-9.140756373081423,0.49012122054292817
952.0178156644615,-9.605797054565077,0.55,-9.13217655739779,0.47362049716728727
955.4609461064094,-9.580716515505802,0.55,-9.123630010726643,0.45708650477915924
958.916529201076,-9.555635976446526,0.55,-9.115116973376129,0.4405190030703974
962.3846099855468,-9.530555437387248,0.55,-9.106637684084143,0.42391775330310466
965.8652336597906,-9.505474898327975,0.55,-9.098192379995192,0.4072825183327833
969.3584455872502,-9.4803943592687,0.55,-9.08978129663741,0.3906130626312905
972.8642912954336,-9.45531382020943,0.55,-9.081404667899744,0.373909152309686
976.3828164765044,-9.43023328115015,0.55,-9.07306272600929,0.3571705551408595
979.9140669878816,-9.405152742090873,0.55,-9.064755701508803,0.34039704058207043
983.4580888528344,-9.380072203031599,0.55,-9.056483823234375,0.3235883797972239
987.0149282610821,-9.354991663972324,0.55,-9.048247318293283,0.3067443456790411
990.5846315693977,-9.329911124913048,0.55,-9.040046412042015,0.289864712871033
994.1672453022115,-9.304830585853772,0.55,-9.03188132806447,0.27294925778930157
997.7628161522157,-9.279750046794497,0.55,-9.023752288150373,0.2559977586441242
1001.3713909809752,-9.254669507735215,0.55,-9.01565951227382,0.23900999546139623
1004.9930168195385,-9.229588968675946,0.55,-9.007603218572092,0.22198575010385468
1008.6277408690473,-9.204251230049191,0.55,-8.999583623324593,0.20466760672459827
1012.2756105013561,-9.17870546628982,0.55,-8.991600940932035,0.18710452535778543
1015.9366732596479,-9.153159702530436,0.55,-8.9836553838958,0.16950431863463677
1019.6109768590508,-9.12761393877106,0.55,-8.975747162797532,0.15186677597352727
1023.2985691872652,-9.102068175011684,0.55,-8.967876486278907,0.13419168873277698
1026.9994983051852,-9.076522411252302,0.55,-8.960043561021658,0.11647885023064397
1030.7138124475227,-9.050976647492925,0.55,-8.952248591727788,0.09872805576513777
1034.441560023441,-9.025430883733554,0.55,-8.944491781100009,0.08093910263354509
1038.1827896171833,-8.99988511997417,0.55,-8.936773329822405,0.06311179015176549
1041.9375499887026,-8.974339356214792,0.55,-8.92909343654134,0.045245919673451596
1045.7058900743036,-8.94879359245542,0.55,-8.921452297846571,0.027341294608849154
1049.4878589872771,-8.923247828696036,0.55,-8.913850108252621,0.009397720443415025
1053.2835060185375,-8.897702064936658,0.55,-8.906287060180372,-0.008584995243714033
1057.0928806372708,-8.872156301177286,0.55,-8.898763343938901,-0.026607042761614963
1060.916032491576,-8.846610537417902,0.55,-8.891279147707566,-0.044668610289663846
1064.7530114091112,-8.82106477365853,0.55,-8.883834657518346,-0.06276988385981497
1068.6038673977462,-8.795519009899152,0.55,-8.87643005723842,-0.08091104733926713
1072.4686506462122,-8.769973246139768,0.55,-8.869065528552994,-0.09909228241322587
1076.3474115247545,-8.744427482380392,0.55,-8.861741250948418,-0.11731376856802633
1080.2402005857934,-8.718881718621018,0.55,-8.854457401695516,-0.13557568307449763
1084.1470685645797,-8.693335954861634,0.55,-8.847214155833209,-0.15387820097157423
1088.068066379855,-8.668441319259522,0.55,-8.840011686152415,-0.17157036689289384
1092.0032451345185,-8.644070387654944,0.55,-8.832850163180183,-0.18877977552523895
1095.952656116292,-8.619699456050352,0.55,-8.825729755164113,-0.20603029911376147
1099.9163507983858,-8.595328524445774,0.55,-8.818650628057082,-0.22332210361130755
1103.8943808401734,-8.57095759284119,0.55,-8.811612945502185,-0.2406553526609958
1107.8867980878633,-8.5465866612366,0.55,-8.804616868818009,-0.2580302075814096
1111.893654575172,-8.522215729632022,0.55,-8.797662556984172,-0.27544682735215
1115.915002524007,-8.497844798027437,0.55,-8.790750166627136,-0.2929053685996994
1119.9508943451447,-8.473473866422847,0.55,-8.783879852006335,-0.310405985583488
1124.0013826389118,-8.449102934818264,0.55,-8.777051765000556,-0.32794883018229193
1128.066520195875,-8.424732003213684,0.55,-8.770266055094648,-0.3455340518809642
1132.1463599975266,-8.400361071609094,0.55,-8.763522869366502,-0.3631617977574084
1136.2409552169736,-8.375990140004516,0.55,-8.756822352474353,-0.3808322124698371
1140.3503592196341,-8.351619208399931,0.55,-8.750164646644343,-0.3985454382444118
1144.474625563931,-8.327248276795341,0.55,-8.743549891658432,-0.4163016148630909
1148.6138080019887,-8.302877345190764,0.55,-8.736978224842588,-0.4341008796518242
1152.7679604803361,-8.278506413586179,0.55,-8.730449781055272,-0.45194336746909336
1156.9371371406096,-8.254135481981592,0.55,-8.723964692676262,-0.46982921069466954
1161.1213923202552,-8.229764550377011,0.55,-8.717523089595767,-0.4877585392187562
1165.3207805532418,-8.205393618772426,0.55,-8.711125099203864,-0.5057314804314377
1169.535356570769,-8.181022687167843,0.55,-8.704770846380224,-0.5237481592123814
1173.765175301979,-8.157218377166174,0.55,-8.698460453484207,-0.5412420763180332
1178.010291874677,-8.133867261955107,0.55,-8.692194040345226,-0.5583267783901196
1182.2707616160455,-8.11051614674404,0.55,-8.685971724253438,-0.5754555775093984
1186.5466400533667,-8.087165031532972,0.55,-8.679793619950782,-0.59262858841781
1190.8379829147473,-8.063813916321909,0.55,-8.673659839622331,-0.6098459233004228
1195.1448461298444,-8.040462801110838,0.55,-8.667570492887931,-0.627107691777093
1199.467285830592,-8.01711168589977,0.55,-8.661525686794251,-0.6444140008944803
1203.8053583519359,-7.993760570688709,0.55,-8.655525525807056,-0.6617649551183469
1208.1591202325678,-7.970409455477636,0.55,-8.649570111803893,-0.6791606563262569
1212.528628215658,-7.947058340266569,0.55,-8.643659544067068,-0.6966012038004994
1216.9139392496,-7.923707225055502,0.55,-8.63779391927696,-0.714086694221459
1221.315110488751,-7.900356109844434,0.55,-8.631973331505696,-0.7316172216612618
1225.7321992941743,-7.877004994633367,0.55,-8.626197872211087,-0.7491928775777197
1230.1652632343905,-7.8536538794223,0.55,-8.620467630231001,-0.7668137508087014
1234.6143600861271,-7.830302764211233,0.55,-8.614782691777988,-0.7844799275667551
1239.0795478350683,-7.806951649000165,0.55,-8.609143140434288,-0.8021914914341224
1243.5608846766152,-7.783600533789098,0.55,-8.603549057147166,-0.8199485233580681
1248.058429016642,-7.760249418578031,0.55,-8.598000520224566,-0.8377511016465355
1252.5722394722561,-7.736898303366961,0.55,-8.59249760533115,-0.8555993019641894
1257.1023748725647,-7.713547188155896,0.55,-8.587040385484631,-0.8734931973287345
1261.6488942594403,-7.690196072944829,0.55,-8.581628931052476,-0.8914328581076472
1266.2118568882886,-7.667527779670324,0.55,-8.576263309748944,-0.9087355300786202
1270.791322228824,-7.645402574266698,0.55,-8.570943586632456,-0.9255410123657581
1275.387349965843,-7.623277368863073,0.55,-8.565669824103324,-0.9423924552402507
1280.0,-7.601152163459447,0.55,-8.560442081901824,-0.9592899184423773
1284.629332448592,-7.579026958055822,0.55,-8.555260417106583,-0.9762334590507606
1289.2754076463414,-7.556901752652196,0.55,-8.550124884133353,-0.993223131481157
1293.9382861461766,-7.534776547248571,0.55,-8.5450355347341,-1.0102589874855283
1298.61802872003,-7.512651341844945,0.55,-8.539992417996439,-1.0273410761514938
1303.314696359625,-7.49052613644132,0.55,-8.53499558034343,-1.044469443902111
1308.0283502772693,-7.468400931037694,0.55,-8.530045065533702,-1.0616441344960084
1312.7590519066578,-7.446275725634068,0.55,-8.525140914661929,-1.0788651890278604
1317.50686290367,-7.424150520230443,0.55,-8.520283166159642,-1.096132645929199
1322.2718451471724,-7.402025314826817,0.55,-8.515471855796406,-1.1134465409695888
1327.0540607398284,-7.379900109423193,0.55,-8.5107070166813,-1.1308069072581066
1331.8535720089064,-7.357774904019568,0.55,-8.505988679264796,-1.1482137752452282
1336.6704415070897,-7.335649698615942,0.55,-8.50131687134092,-1.1656671727249783
1341.504732013295,-7.313524493212311,0.55,-8.496691618049816,-1.1831671248375049
1346.3565065334908,-7.291399287808691,0.55,-8.492112941880595,-1.2007136540719046
1351.225828301513,-7.269274082405065,0.55,-8.487580862674568,-1.2183067802695025
1356.1127607798976,-7.24714887700144,0.55,-8.48309539762879,-1.2359465206273512
1361.017367660702,-7.225023671597816,0.55,-8.478656561299974,-1.2536328897021587
1365.9397128663343,-7.204550157303663,0.55,-8.474264365608716,-1.2697142083050537
1370.8798605503912,-7.1853829967040586,0.55,-8.469918819844061,-1.2845358231400024
1375.8378750984916,-7.166215836104454,0.55,-8.46561993066843,-1.2994040945639753
1380.8138211291134,-7.14704867550485,0.55,-8.461367702122864,-1.3143190266180138
1385.8077634944398,-7.127881514905246,0.55,-8.45716213563258,-1.3292806207273333
1390.8197672812028,-7.108714354305641,0.55,-8.453003230012932,-1.3442888757072913
1395.84989781153,-7.089547193706036,0.55,-8.448890981475621,-1.3593437877695855
1400.8982206437977,-7.070380033106437,0.55,-8.444825383635289,-1.3744453505288519
1405.9648015734874,-7.051212872506827,0.55,-8.440806427516417,-1.38959355500959
1411.0497066340363,-7.032045711907223,0.55,-8.436834101560596,-1.4047883896533726
1416.1530020977061,-7.012878551307624,0.55,-8.432908391634033,-1.4200298403264089
1421.2747544764434,-6.993711390708015,0.55,-8.4290292810355,-1.435317890327486
1426.4150305227422,-6.97454423010841,0.55,-8.42519675050452,-1.45065252039611
1431.5738972305226,-6.955377069508811,0.55,-8.421410778229895,-1.466033708721084
1436.7514218359977,-6.936209908909201,0.55,-8.417671339858568,-1.4814614309493672
1441.9476718185497,-6.917042748309598,0.55,-8.413978408504821,-1.4969356601952235
1447.1627149016135,-6.8978755877099935,0.55,-8.410331954759728,-1.5124563670497349
1452.396619053557,-6.878708427110389,0.55,-8.406731946700983,-1.5280235195905938
1457.6494524885652,-6.859541266510783,0.55,-8.403178349903012,-1.5436370833922286
1462.9212836675324,-6.840374105911184,0.55,-8.39967112744741,-1.559297021536226
1468.2121812989542,-6.821206945311576,0.55,-8.396210239933664,-1.5750032946220882
1473.5222143398178,-6.805479926153835,0.55,-8.392795645490207,-1.587315719336372
1478.851451996509,-6.792458584087933,0.55,-8.389427299785766,-1.596968715697833
1484.1999637257095,-6.7794372420220235,0.55,-8.386105156040996,-1.6066679140189724
1489.567819235299,-6.766415899956119,0.55,-8.382829165040452,-1.6164132650843328
1494.9550884852717,-6.753394557890218,0.55,-8.379599275144797,-1.6262047172545788
1500.3618416886422,-6.7403732158243095,0.55,-8.376415432303387,-1.636042216479078
1505.78814931236,-6.727351873758405,0.55,-8.373277580067072,-1.6459257063086667
1511.234082078233,-6.714330531692502,0.55,-8.370185659601315,-1.6558551279088132
1516.699710963846,-6.701309189626594,0.55,-8.367139609699606,-1.6658304200730125
1522.1851072034829,-6.688287847560693,0.55,-8.364139366797152,-1.6758515192364598
1527.6903422890618,-6.675266505494788,0.55,-8.361184864984835,-1.6859183594900475
1533.2154879710627,-6.6622451634288815,0.55,-8.358276036023474,-1.6960308725945925
1538.76061625946,-6.649223821362978,0.55,-8.355412809358338,-1.7061889879953602
1544.3257994246676,-6.636202479297073,0.55,-8.352595112133939,-1.7163926328368655
1549.911109998477,-6.623181137231164,0.55,-8.349822869209106,-1.7266417319779421
1555.5166207750003,-6.61015979516526,0.55,-8.3470960031723,-1.73693620800704
1561.1424048116237,-6.597138453099358,0.55,-8.344414434357208,-1.7472759812578502
1566.7885354299592,-6.58411711103345,0.55,-8.341778080858603,-1.757660969825153
1572.4550862167937,-6.571095768967548,0.55,-8.339186858548437,-1.7680910895808895
1578.142131025057,-6.558074426901643,0.55,-8.336640681092213,-1.7785662541905696
1583.8497439747807,-6.545053084835735,0.55,-8.334139459965577,-1.789086375129842
1589.5779994540594,-6.537509627248708,0.55,-8.331683104471196,-1.794173477222488
1595.326972120029,-6.534250457339616,0.55,-8.329271521755823,-1.7950210644162068
1601.0967368998345,-6.530991287430525,0.55,-8.326904616827663,-1.7959133293971385
1606.8873689916045,-6.527732117521436,0.55,-8.324582292573933,-1.796850175052497
1612.6989438654373,-6.5244729476123435,0.55,-8.32230444977865,-1.7978315021663072
1618.531537264381,-6.5212137777032515,0.55,-8.32007098714069,-1.7988572094374389
1624.3852252054185,-6.517954607794161,0.55,-8.31788180129202,-1.799927193497858
1630.2600839804632,-6.514695437885071,0.55,-8.315736786816181,-1.8010413489311103
1636.1561901573514,-6.511436267975979,0.55,-8.313635836266986,-1.802199568291007
1642.0736205808362,-6.508177098066889,0.55,-8.311578840187428,-1.8034017421205393
1648.0124523735958,-6.504917928157797,0.55,-8.30956568712876,-1.8046477589709635
1653.9727629372353,-6.501658758248705,0.55,-8.307596263669872,-1.8059375054211673
1659.9546299532924,-6.498399588339615,0.55,-8.305670454436768,-1.807270866097153
1665.9581313842564,-6.495140418430524,0.55,-8.303788142122293,-1.8086477236917693
1671.9833454745801,-6.491881248521433,0.55,-8.301949207506064,-1.8100679589846314
1678.0303507516985,-6.488622078612342,0.55,-8.300153529474539,-1.811531450862197
1684.0992260270557,-6.485362908703252,0.55,-8.298400985041315,-1.8130380763380636
1690.190050397132,-6.48210373879416,0.55,-8.296691449367607,-1.8145877105734476
1696.3029032444688,-6.478844568885068,0.55,-8.295024795782869,-1.8161802268978002
1702.4378642387117,-6.475585398975977,0.55,-8.293400895805616,-1.8178154968296392
1708.5950133376443,-6.472326229066886,0.55,-8.291819619164414,-1.819493390097528
1714.7744307882276,-6.472390559410472,0.55,-8.290280833819008,-1.8178902744085361
1720.976197127653,-6.475039683490005,0.55,-8.288784405981636,-1.8137447224916308
1727.200393184387,-6.477688807569539,0.55,-8.287330200138495,-1.809641392568956
1733.4471000792225,-6.480337931649072,0.55,-8.285918079071347,-1.8055801474222752
1739.7163992263438,-6.482987055728606,0.55,-8.284547903879263,-1.8015608481506566
1746.0083723343812,-6.48563617980814,0.55,-8.283219534000548,-1.7975833541924073
1752.3231014074759,-6.488285303887674,0.55,-8.281932827234744,-1.7936475233470697
1758.6606687463538,-6.490934427967209,0.55,-8.280687639764821,-1.7897532117976116
1765.0211569493943,-6.4935835520467435,0.55,-8.27948382617947,-1.785900274132727
1771.404648913705,-6.496232676126278,0.55,-8.278321239495511,-1.7820885633692338
1777.8112278362075,-6.498881800205811,0.55,-8.277199731180453,-1.7783179309746417
1784.2409772147196,-6.501530924285345,0.55,-8.276119151175122,-1.7745882268897768
1790.6939808490383,-6.504180048364879,0.55,-8.275079347916444,-1.7708992995515649
1797.170322842041,-6.506829172444414,0.55,-8.274080168360308,-1.7672509959158944
1803.670087600776,-6.509478296523947,0.55,-8.273121458004528,-1.763643161480581
1810.1933598375617,-6.512127420603482,0.55,-8.272203060911924,-1.7600756403084414
1816.7402245710946,-6.514776544683016,0.55,-8.271324819733465,-1.7565482750504486
1823.3107671275566,-6.5174256687625505,0.55,-8.270486575731512,-1.7530609069689618
1829.9050731417217,-6.520074792842084,0.55,-8.269688168803162,-1.7496133759610784
1836.52322855808,-6.522723916921618,0.55,-8.268929437503626,-1.7462055205820084
1843.165319631954,-6.525373041001153,0.55,-8.268210219069713,-1.7428371780685605
1849.8314329306197,-6.529735155088844,0.55,-8.26753034944339,-1.7377951943545469
1856.5216553344412,-6.535422061241286,0.55,-8.266889663295363,-1.7314676020540762
1863.2360740380002,-6.541108967393728,0.55,-8.266287994048755,-1.7251790266550264
1869.9747765512282,-6.54679587354617,0.55,-8.265725173902815,-1.7189293003566455
1876.7378507005542,-6.552482779698612,0.55,-8.265201033856705,-1.7127182541580934
1883.5253846300473,-6.558169685851054,0.55,-8.264715403733291,-1.7065457178822374
1890.3374668025592,-6.5638565920034955,0.55,-8.264268112203002,-1.7004115201995065
1897.1741860008863,-6.569543498155937,0.55,-8.263858986807717,-1.69431548865178
1904.035631328923,-6.575230404308379,0.55,-8.263487853984676,-1.6882574496762972
1910.9218922128189,-6.580917310460822,0.55,-8.263154539090426,-1.682237228629604
1917.833058402152,-6.586604216613264,0.55,-8.26285886642478,-1.6762546498115167
1924.7692199710937,-6.5922911227657055,0.55,-8.262600659254794,-1.6703095364890883
1931.7304673195813,-6.597978028918148,0.55,-8.262379739838755,-1.6644017109206066
1938.7168911745005,-6.60366493507059,0.55,-8.262195929450176,-1.6585309943795856
1945.7285825908673,-6.609351841223031,0.55,-8.2620490484018,-1.6526972071787682
1952.765632953009,-6.615038747375474,0.55,-8.261938916069571,-1.6469001686940974
1959.8281339757632,-6.620725653527916,0.55,-8.261865350916649,-1.6411396973887324
1966.9161777056688,-6.626412559680357,0.55,-8.261828170517369,-1.6354156108370113
1974.0298565221642,-6.632099465832799,0.55,-8.261827191581187,-1.6297277257483875
1981.1692631387955,-6.637786371985241,0.55,-8.26186222997664,-1.6240758579913983
1988.334490604423,-6.643473278137683,0.55,-8.261933100755222,-1.618459822617539
1995.5256323044314,-6.65021834223381,0.55,-8.262039618175299,-1.6118212759414892
2002.7427819619504,-6.657777181337352,0.55,-8.262181595725924,-1.604404414388572
2009.986033639077,-6.665336020440897,0.55,-8.262358846150645,-1.5970228257097485
2017.2554817380947,-6.67289485954444,0.55,-8.26257118147127,-1.589676321926829
2024.5512210027123,-6.680453698647984,0.55,-8.262818413011573,-1.5823647143635888
2031.8733465192959,-6.688012537751528,0.55,-8.26310035142094,-1.5750878136694118
2039.2219537181015,-6.695571376855072,0.55,-8.263416806697986,-1.5678454298429143
2046.5971383745305,-6.703130215958614,0.55,-8.263767588214058,-1.560637372255444
2053.9989966103703,-6.7106890550621605,0.55,-8.264152504736748,-1.5534634496745872
2061.4276248950455,-6.718247894165705,0.55,-8.264571364453245,-1.5463234702875397
2068.883120046882,-6.725806733269247,0.55,-8.265023974993694,-1.5392172417244474
2076.3655792343666,-6.733365572372792,0.55,-8.2655101434544,-1.5321445710816075
2083.875099977405,-6.740924411476335,0.55,-8.266029676421017,-1.5251052649446812
2091.4117801486072,-6.748483250579878,0.55,-8.266582379991608,-1.5180991294117296
2098.9757179745543,-6.756042089683424,0.55,-8.267168059799603,-1.5111259701161792
2106.567012037075,-6.763600928786968,0.55,-8.267786521036708,-1.5041855922497405
2114.1857612745416,-6.771159767890509,0.55,-8.268437568475655,-1.4972778005851453
2121.832064983152,-6.7787186069940555,0.55,-8.269121006492897,-1.4904023994988416
2129.5060228182224,-6.786277446097598,0.55,-8.269836639091157,-1.4835591929935585
2137.2077347954923,-6.793836285201142,0.55,-8.270584269921885,-1.4767479847207436
2144.9373012924243,-6.801395124304686,0.55,-8.27136370230759,-1.4699685780029048
2152.694823049509,-6.809737754265548,0.55,-8.27217473926406,-1.4624369849985115
2160.480401171587,-6.818679779366809,0.55,-8.27301718352242,-1.454337404155611
2168.2941371291595,-6.82762180446807,0.55,-8.273890837551136,-1.446269033083066
2176.13613275971,-6.836563829569328,0.55,-8.274795503577788,-1.4382316740084606
2184.006490269037,-6.845505854670587,0.55,-8.27573098361081,-1.430225128940223
2191.905312232584,-6.854447879771849,0.55,-8.276697079460991,-1.4222491996891424
2199.8327015967716,-6.863389904873106,0.55,-8.277693592762915,-1.4143036878898094
2207.788761680347,-6.872331929974366,0.55,-8.278720324996186,-1.4063883950218203
2215.7735961757267,-6.881273955075627,0.55,-8.279777077506564,-1.3985031224309372
2223.787309150344,-6.890215980176885,0.55,-8.280863651526886,-1.390647671350001
2231.830005048014,-6.899158005278144,0.55,-8.281979848197878,-1.3828218429197339
2239.9017886902893,-6.908100030379407,0.55,-8.283125468588775,-1.3750254382093683
2248.0027652778235,-6.917042055480664,0.55,-8.284300313717782,-1.3672582582371184
2256.13304039175,-6.925984080581923,0.55,-8.285504184572378,-1.3595201039904552
2264.292719995053,-6.934926105683186,0.55,-8.286736882129432,-1.3518107764462464
2272.481910433947,-6.943868130784445,0.55,-8.287998207375162,-1.3441300765907176
2280.7007184392683,-6.952810155885702,0.55,-8.289287961324888,-1.336477805439186
2288.949251127862,-6.961752180986965,0.55,-8.290605945042634,-1.328853764055669
2297.2276160039773,-6.970694206088222,0.55,-8.29195195966054,-1.3212577535723184
2305.5359209606722,-6.979636231189481,0.55,-8.293325806398059,-1.3136895752085778
2313.874274281219,-6.988578256290744,0.55,-8.294727286580986,-1.3061490302902428
2322.2427846405103,-6.99796560445016,0.55,-8.296156201660304,-1.2981905972101444
2330.6415611064836,-7.00769159829766,0.55,-8.297612353230813,-1.2899207549331528
2339.070713141538,-7.01741759214516,0.55,-8.299095543049567,-1.2816779509044078
2347.530350603958,-7.0271435859926585,0.55,-8.30060557305411,-1.2734619870614514
2356.020583749354,-7.036869579840158,0.55,-8.302142245380505,-1.2652726655403468
2364.541523232091,-7.046595573687657,0.55,-8.303705362381166,-1.2571097886935085
2373.0932801067333,-7.056321567535157,0.55,-8.305294726642465,-1.248973159107308
2381.6759658294945,-7.066047561382657,0.55,-8.306910141002136,-1.2408625796194794
2390.2896922596888,-7.075773555230157,0.55,-8.308551408566467,-1.2327778533363105
2398.934571661184,-7.085499549077656,0.55,-8.310218332727267,-1.2247187836496112
2407.6107167038717,-7.095225542925155,0.55,-8.311910717178616,-1.2166851742534615
2416.3182404651357,-7.1049515367726555,0.55,-8.313628365933415,-1.2086768291607592
2425.057256431316,-7.114677530620154,0.55,-8.315371083339658,-1.2006935527195033
2433.8278784992,-7.124403524467654,0.55,-8.317138674096542,-1.1927351496288878
2442.630220977502,-7.134129518315154,0.55,-8.318930943270324,-1.18480142495517
2451.4643985883486,-7.143855512162653,0.55,-8.320747696309919,-1.176892184147266
2460.330526468781,-7.153581506010152,0.55,-8.322588739062311,-1.1690072330521595
2469.2287201722543,-7.163307499857652,0.55,-8.324453877787716,-1.1611463779300646
2478.1590956701366,-7.173033493705152,0.55,-8.326342919174497,-1.1533094254693452
2487.1217693532303,-7.1827594875526515,0.55,-8.328255670353853,-1.1454961828012014
2496.116858033284,-7.1924854814001495,0.55,-8.330191938914266,-1.137706457514117
2505.1444789445122,-7.208777451847291,0.55,-8.332151532915725,-1.1233740810684347
2514.2047497451294,-7.230034489943243,0.55,-8.334134260903667,-1.104099770960424
2523.2977885188807,-7.251291528039197,0.55,-8.336139931922723,-1.0848484038835258
2532.423713776577,-7.27254856613515,0.55,-8.338168355530186,-1.0656197893950363
2541.582644457648,-7.293805604231102,0.55,-8.340219341809249,-1.0464137375781464
2550.774699931686,-7.315062642327055,0.55,-8.342292701381991,-1.0272300590549364
2560.0,-7.336319680423008,0.55,-8.34438824542212,-1.0080685649991121
2569.258664897184,-7.357576718518962,0.55,-8.346505785667453,-0.9889290671484918
2578.5508152926827,-7.378833756614913,0.55,-8.348645134432159,-0.9698113778172459
2587.876572292353,-7.4000907947108665,0.55,-8.350806104618748,-0.9507153099078813
2597.23605744006,-7.42134783280682,0.55,-8.352988509729805,-0.931640676922985
2606.62939271925,-7.436827392897351,0.55,-8.355192163879476,-0.9183647709821248
2616.0567005545386,-7.44989384033796,0.55,-8.35741688180468,-0.9075230414667192
2625.5181038133155,-7.4629602877785715,0.55,-8.359662478876112,-0.8967021910975408
2635.01372580734,-7.476026735219181,0.55,-8.361928771108925,-0.8859020358897443
2644.5436902943447,-7.489093182659791,0.55,-8.364215575173224,-0.8751223925134335
2654.108121479657,-7.502159630100401,0.55,-8.366522708404252,-0.8643630783038514
2663.707144017813,-7.51522607754101,0.55,-8.368849988812348,-0.8536239112713382
2673.3408830141793,-7.52829252498162,0.55,-8.371197235092636,-0.8429047101110152
2683.00946402659,-7.5413589724222305,0.55,-8.373564266634451,-0.8322052942122209
2692.7130130669816,-7.5544254198628416,0.55,-8.37595090353054,-0.8215254836676991
2702.451656603026,-7.567491867303451,0.55,-8.378356966585944,-0.8108650992824931
2712.225521559795,-7.580558314744061,0.55,-8.380782277326695,-0.800223962582634
2722.034735321404,-7.593624762184671,0.55,-8.383226658008189,-0.7896018958235178
2731.8794257326686,-7.606691209625281,0.55,-8.38568993162334,-0.7789987219980583
2741.7597211007824,-7.619757657065891,0.55,-8.38817192191048,-0.7684142648445889
2751.6757501969832,-7.6328241045065015,0.55,-8.390672453360956,-0.7578483488544547
2761.627642258227,-7.645890551947112,0.55,-8.393191351226534,-0.7473007992794223
2771.6155269888795,-7.658956999387722,0.55,-8.395728441526469,-0.736771442138747
2781.6395345624055,-7.672023446828332,0.55,-8.398283551054412,-0.7262601042260801
2791.69979562306,-7.685610291873356,0.55,-8.400856507384958,-0.715246215511602
2801.7964412875954,-7.700683318751717,0.55,-8.403447138880026,-0.7027638201283084
2811.929603146975,-7.715824574265312,0.55,-8.406055274694907,-0.6902307004295949
2822.0994132680726,-7.730965829778905,0.55,-8.408680744784128,-0.6777149150052235
2832.3060041954122,-7.746107085292494,0.55,-8.411323379907014,-0.6652162946145195
2842.5495089528868,-7.761248340806089,0.55,-8.413983011633004,-0.6527346708269146
2852.8300610454844,-7.776389596319678,0.55,-8.41665947234672,-0.6402698760270411
2863.147794461045,-7.79153085183327,0.55,-8.419352595252786,-0.6278217434195152
2873.5028436719954,-7.806672107346867,0.55,-8.42206221438039,-0.6153901070335221
2883.8953436370994,-7.821813362860459,0.55,-8.424788164587598,-0.6029748017271395
2894.325429803227,-7.8369546183740475,0.55,-8.427530281565408,-0.5905756631913608
2904.793238107114,-7.852095873887643,0.55,-8.430288401841574,-0.5781925279539308
2915.2989049771304,-7.867237129401232,0.55,-8.433062362784167,-0.5658252333829346
2925.842567335065,-7.882378384914825,0.55,-8.43585200260489,-0.5534736176900648
2936.4243625979084,-7.8975196404284205,0.55,-8.438657160362165,-0.5411375199337449
2947.0444286796355,-7.912660895942009,0.55,-8.441477675963938,-0.5288167800219288
2957.702903993018,-7.927802151455602,0.55,-8.444313390170299,-0.5165112387146973
2968.399927451419,-7.9429434069691975,0.55,-8.44716414459579,-0.5042207376265928
2979.135638470598,-7.958084662482786,0.55,-8.45002978171155,-0.49194511922876316
2989.9101769705435,-7.973255726600613,0.55,-8.45291014484713,-0.47965441824651744
3000.7236833772845,-7.99064080207749,0.55,-8.455805078192178,-0.46516427611468814
3011.57629862472,-8.008894545424528,0.55,-8.458714426797792,-0.4498198813732639
3022.468164156466,-8.027148288771578,0.55,-8.46163803657769,-0.43448974780611316
3033.399421927692,-8.045402032118618,0.55,-8.464575754309148,-0.4191737221905303
3044.3702144069657,-8.063655775465667,0.55,-8.467527427633673,-0.40387165216800547
3055.3806845781237,-8.081909518812708,0.55,-8.470492905057496,-0.38858338624478783
3066.4309759421253,-8.100163262159755,0.55,-8.473472035951792,-0.3733087737920364
3077.52123251892,-8.118417005506796,0.55,-8.47646467055269,-0.3580476650458948
3088.651598849335,-8.136670748853845,0.55,-8.479470659961091,-0.34279991110724595
3099.822219996954,-8.154924492200884,0.55,-8.482489856142216,-0.32756536394133207
3111.0332415500006,-8.173178235547933,0.55,-8.485522111924952,-0.3123438763770192
3122.2848096232474,-8.191431978894974,0.55,-8.488567281000993,-0.29713530210601924
3133.5770708599184,-8.209685722242023,0.55,-8.491625217923765,-0.28193949568174226
3144.9101724335874,-8.227939465589063,0.55,-8.494695778107104,-0.2667563125180408
3156.284262050114,-8.246193208936113,0.55,-8.497778817823773,-0.2515856088876607
3167.6994879495614,-8.264446952283151,0.55,-8.500874194203728,-0.23642724192057685
3179.155998908119,-8.2827006956302,0.55,-8.503981765232204,-0.22128106960200356
3190.653944240058,-8.300954438977241,0.55,-8.507101389747573,-0.20614695077033218
3202.193473799669,-8.319208182324289,0.55,-8.510232927439027,-0.19102474511473844
3213.774737983209,-8.338272232617115,0.55,-8.513376238844037,-0.17510400622692224
3225.3978877308746,-8.359860038111083,0.55,-8.516531185345622,-0.15667114723453857
3237.063074528762,-8.381447843605041,0.55,-8.519697629169436,-0.13824978556439405
3248.770450410837,-8.40303564909901,0.55,-8.522875433380635,-0.11983978428162523
3260.5201679609263,-8.424623454592968,0.55,-8.526064461880582,-0.10144100728761352
3272.3123803147028,-8.446211260086939,0.55,-8.529264579403343,-0.08305331931640403
3284.1472411616724,-8.467799065580897,0.55,-8.53247565151201,-0.0646765859311138
3296.0249047471916,-8.489386871074855,0.55,-8.53569754459483,-0.046310673519975865
3307.9455258744706,-8.510974676568823,0.55,-8.538930125861171,-0.027955449292347723
3319.909259906585,-8.532562482062792,0.55,-8.542173263337286,-0.009610781274494329
3331.9162627685128,-8.554150287556752,0.55,-8.545426825861927,0.008723461694824408
3343.9666909491602,-8.57573809305072,0.55,-8.548690683081784,0.02704740996893662
3356.060701503397,-8.597325898544678,0.55,-8.551964705446713,0.045361193097965824
3368.1984520541114,-8.618913704038636,0.55,-8.555248764204855,0.06366493983378163
3380.380100794264,-8.640501509532605,0.55,-8.558542731397571,0.08195877813503394
3392.6058064889376,-8.662089315026574,0.55,-8.561846479854191,0.10024283517238253
3404.8757284774233,-8.683677120520532,0.55,-8.565159883186634,0.11851723733389719
3417.1900266752887,-8.705264926014502,0.55,-8.568482815783858,0.13678211023064435
3429.5488615764552,-8.72685273150846,0.55,-8.571815152806165,0.15503757870229506
3441.952394255306,-8.748440537002418,0.55,-8.575156770179344,0.173283766823074
3454.400786368774,-8.770888687843962,0.55,-8.578507544588685,0.1923811432552771
3466.894200158445,-8.793615130847325,0.55,-8.581867353472829,0.21174777737449624
3479.4327984526876,-8.8163415738507,0.55,-8.58523607501748,0.2311054988332195
3492.0167446687624,-8.839068016854075,0.55,-8.588613588149006,0.2504544287050692
3504.6462028149517,-8.861794459857437,0.55,-8.591999772527856,0.2697946873295809
3517.3213374927077,-8.8845209028608,0.55,-8.595394508541892,0.28912639431890774
3530.0423138987885,-8.907247345864175,0.55,-8.598797677299554,0.3084496685646201
3542.80929782741,-8.929973788867537,0.55,-8.60220916062292,0.3277646282446174
3555.622455672415,-8.95270023187091,0.55,-8.605628841040643,0.3470713908302674
3568.481954429439,-8.975426674874285,0.55,-8.609056601780754,0.3663700730935311
3581.3879616980767,-8.998153117877647,0.55,-8.612492326763357,0.3856607911142902
3594.340645684082,-9.02087956088101,0.55,-8.615935900593204,0.40494366028780604
3607.340175201552,-9.043606003884385,0.55,-8.619387208552167,0.4242187953322176
3620.3867196751235,-9.066332446887747,0.55,-8.622846136591587,0.44348631029616037
3633.480449142189,-9.089058889891122,0.55,-8.626312571324538,0.4627463185665839
3646.621534255113,-9.111785332894495,0.55,-8.629786400017974,0.48199893287652174
3659.8101462834434,-9.134511775897858,0.55,-8.633267510584764,0.501244265313094
3673.04645711616,-9.157238218901222,0.55,-8.636755791575675,0.5204824273255468
3686.330639263908,-9.179964661904595,0.55,-8.640251132171208,0.5397135297333868
3699.6628658612394,-9.202433697279067,0.55,-8.643753422173393,0.5586802751056741
3713.0433106688824,-9.224245980062133,0.55,-8.647262551997446,0.5769834280646862
3726.4721480760004,-9.246048579284363,0.55,-8.650778412663405,0.5952701666209581
3739.9495531024563,-9.26785117850658,0.55,-8.65430089578761,0.61355028271897
3753.4757014011084,-9.289653777728798,0.55,-8.657829893574185,0.6318238841546133
3767.0507692600945,-9.311456376951027,0.55,-8.661365298806377,0.6500910781446496
3780.6749336051184,-9.333258976173244,0.55,-8.664907004837866,0.6683519713353778
3794.3483720017725,-9.355061575395474,0.55,-8.668454905584003,0.6866066698114714
3808.071262657846,-9.376864174617692,0.55,-8.672008895512947,0.7048552791047449
3821.8437844256378,-9.39866677383992,0.55,-8.67556886963679,0.7230979042031311
3835.666116804304,-9.420469373062138,0.55,-8.679134723502589,0.7413346495595494
3849.5384399421873,-9.442271972284367,0.55,-8.682706353183363,0.7595656191010036
3863.4609346391626,-9.464074571506586,0.55,-8.686283655269001,0.7777909162375849
3877.433782349001,-9.485877170728815,0.55,-8.68986652685718,0.7960106438716341
3891.4571651817346,-9.507679769951032,0.55,-8.69345486554418,0.8142249044068528
3905.531265906018,-9.52948236917326,0.55,-8.697048569415681,0.8324337997575793
3919.6562679515264,-9.551284968395478,0.55,-8.70064753703752,0.8506374313579581
3933.8323554113376,-9.573087567617709,0.55,-8.704251667446403,0.8688359001713053
3948.0597130443284,-9.594890166839926,0.55,-8.70786086014059,0.8870293066993362
3962.338526277591,-9.616612696245117,0.55,-8.711475015070542,0.9051376811745744
3976.668981208846,-9.636565928115438,0.55,-8.715094032629537,0.9214718954859009
3991.0512646088628,-9.655897101521967,0.55,-8.718717813644274,0.9371792878776937
4005.485563923901,-9.675228274928486,0.55,-8.722346259365441,0.9528820155630449
4019.972067278154,-9.694559448335013,0.55,-8.725979271458275,0.9685801768767384
4034.5109634761893,-9.713890621741532,0.55,-8.729616751993083,0.9842738697484492
4049.1024420054246,-9.73322179514806,0.55,-8.733258603435786,0.9999631917122738
4063.7466930385917,-9.752552968554578,0.55,-8.736904728638418,1.0156482399161604
4078.443907436203,-9.771884141961108,0.55,-8.740555030829633,1.031329111131475
4093.194276749061,-9.791215315367626,0.55,-8.744209413605205,1.0470059017624216
4107.997993220741,-9.810546488774154,0.55,-8.747867780918533,1.0626787078556212
4122.855249790091,-9.829877662180673,0.55,-8.751530037071129,1.0783476251095436
4137.766240093764,-9.849208835587202,0.55,-8.755196086703137,1.0940127488840652
4152.731158468733,-9.86854000899372,0.55,-8.758865834783816,1.1096741742099052
4167.75019995481,-9.887871182400248,0.55,-8.762539186602078,1.1253319957981702
4182.8235602972145,-9.907202355806767,0.55,-8.76621604775702,1.1409863080497473
4197.951435949109,-9.926533529213295,0.55,-8.769896324148466,1.156637205064829
4213.13402407415,-9.945864702619815,0.55,-8.773579921967512,1.1722847806523031
4228.371522549083,-9.965195876026343,0.55,-8.777266747687142,1.187929128339201
4243.664129966304,-9.984527049432861,0.55,-8.780956708052809,1.2035703413800523
4259.012045636445,-10.002705413922087,0.55,-8.784649710073083,1.2180557038490036
4274.415469590985,-10.018105453615048,0.55,-8.788345661010299,1.2297597926047494
4289.874602584849,-10.033505493308015,0.55,-8.792044468371254,1.2414610249367612
4305.389646099018,-10.048905533000974,0.55,-8.795746039897937,1.2531594931030376
4320.960802343174,-10.064305572693943,0.55,-8.799450283558285,1.2648552891356584
4336.588274258319,-10.079705612386903,0.55,-8.803157107536984,1.2765485048499183
4352.27226551942,-10.09510565207987,0.55,-8.806866420226305,1.2882392318535647
4368.012980538074,-10.11050569177283,0.55,-8.810578130217001,1.2999275615558297
4383.810624465168,-10.125905731465798,0.55,-8.814292146289231,1.3116135851765662
4399.665403193543,-10.141305771158757,0.55,-8.818008377403535,1.3232973937552224
4415.577523360694,-10.156705810851726,0.55,-8.821726732691872,1.3349790781598543
4431.547192351453,-10.172105850544686,0.55,-8.8254471214487,1.346658729095985
4447.574618300688,-10.187505890237652,0.55,-8.82916945312213,1.358336437115522
4463.660010096028,-10.202905929930614,0.55,-8.832893637305089,1.3700122926255247
4479.803577380579,-10.21830596962358,0.55,-8.836619583726623,1.3816863858969572
4496.005530555647,-10.23370600931654,0.55,-8.840347202243176,1.3933588070733638
4512.2660807835,-10.249106049009509,0.55,-8.844076402830012,1.4050296461794964
4528.585439990106,-10.264506088702468,0.55,-8.847807095572636,1.4166989931298328
4544.963820867894,-10.279906128395435,0.55,-8.851539190658336,1.428366937737099
4561.4014368785365,-10.295306168088395,0.55,-8.85527259836777,1.4400335697206241
4577.898502255724,-10.306401131347933,0.55,-8.859007229066629,1.4473939022813038
4594.455232007955,-10.316458586097559,0.55,-8.86274299319738,1.4537155929001795
4611.0718419213445,-10.32651604084719,0.55,-8.866479801271089,1.4600362395761017
4627.748548562438,-10.336573495596816,0.55,-8.870217563859311,1.466355931737505
4644.485569281021,-10.34663095034645,0.55,-8.873956191586075,1.472674758760375
4661.283122212967,-10.356688405096076,0.55,-8.877695595119949,1.478992809976127
4678.141426283076,-10.366745859845707,0.55,-8.881435685166176,1.4853101746795314
4695.060701207916,-10.376803314595334,0.55,-8.885176372458924,1.49162694213641
4712.041167498708,-10.386860769344965,0.55,-8.888917567753596,1.4979432015913687
4729.083046464182,-10.396918224094591,0.55,-8.892659181819251,1.50425904227534
4746.186560213467,-10.406975678844223,0.55,-8.896401125431106,1.5105745534131163
4763.351931658989,-10.41703313359385,0.55,-8.90014330936314,1.5168898242307112
4780.5793845193775,-10.427090588343482,0.55,-8.903885644380779,1.5232049439627033
4797.869143322368,-10.437148043093108,0.55,-8.9076280412337,1.5295200018594084
4815.2214334077435,-10.447205497842734,0.55,-8.911370410648715,1.5358350871940196
4832.636480930271,-10.457262952592366,0.55,-8.915112663322764,1.5421502892696015
4850.114512862632,-10.467320407341997,0.55,-8.918854709916005,1.5484656974259927
4867.6557569984,-10.477377862091624,0.55,-8.922596461045003,1.55478140104662
4885.260441955004,-10.487435316841255,0.55,-8.92633782727606,1.5610974895651957
4902.928797176697,-10.496012306084332,0.55,-8.930078719118567,1.5659335869657642
4920.661052937562,-10.501419430122764,0.55,-8.933819047018568,1.567600383104196
4938.4574403445085,-10.506826554161197,0.55,-8.937558721352353,1.569267832808844
4956.318191340273,-10.512233678199628,0.55,-8.9412976524202,1.570936025779428
4974.243538706461,-10.517640802238063,0.55,-8.945035750440214,1.572605051797849
4992.233716066568,-10.523047926276496,0.55,-8.948772925542272,1.5742750007342234
5010.2889578890245,-10.528455050314928,0.55,-8.952509087762097,1.5759459625528311
5028.409499490259,-10.53386217435336,0.55,-8.956244147035447,1.5776180273179126
5046.595577037761,-10.539269298391794,0.55,-8.95997801319239,1.5792912851994032
5064.847427553154,-10.544676422430225,0.55,-8.963710595951742,1.580965826478483
5083.165288915296,-10.55008354646866,0.55,-8.967441804915563,1.582641741553097
5101.549399863372,-10.55549067050709,0.55,-8.971171549563834,1.584319120943256
5120.0,-10.560897794545525,0.55,-8.974899739249214,1.5859980552963115
5138.517329794372,-10.566304918583958,0.55,-8.978626283191915,1.5876786353920433
5157.101630585362,-10.57171204262239,0.55,-8.982351090474708,1.5893609521476826
5175.753144584706,-10.577119166660822,0.55,-8.986074070038072,1.59104509662275
5194.472114880123,-10.582526290699255,0.55,-8.989795130675413,1.5927311600238419
5213.2587854384965,-10.587933414737687,0.55,-8.993514181028452,1.5944192337092353
5232.113401109077,-10.59334053877612,0.55,-8.997231129582715,1.5961094091934047
5251.036207626635,-10.59860502950209,0.55,-9.000945884663146,1.5976591448389446
5270.027451614677,-10.601444937734486,0.55,-9.00465835442985,1.5967865833046364
5289.0873805886895,-10.603590759168004,0.55,-9.008368446873959,1.5952223122940445
5308.216242959316,-10.605736580601521,0.55,-9.01207606981363,1.59366051078789
5327.414288035624,-10.607882402035038,0.55,-9.015781130890137,1.5921012711449016
5346.681766028359,-10.610028223468555,0.55,-9.01948353756414,1.5905446859044154
5366.018928053183,-10.612174044902073,0.55,-9.023183197112031,1.5889908477900416
5385.42602613396,-10.61431986633559,0.55,-9.026880016622435,1.5874398497131548
5404.903313206052,-10.616465687769107,0.55,-9.030573902992828,1.5858917847762797
5424.451043119594,-10.618611509202625,0.55,-9.034264762926277,1.5843467462763474
5444.069470642804,-10.620757330636142,0.55,-9.03795250292832,1.5828048277078217
5463.758851465337,-10.622903152069659,0.55,-9.041637029303953,1.5812661227657063
5483.519442201568,-10.625048973503176,0.55,-9.045318248154768,1.5797307253484085
5503.351500393964,-10.627194794936694,0.55,-9.048996065376185,1.5781987295605084
5523.255284516454,-10.62934061637021,0.55,-9.052670386654851,1.5766702297153596
5543.231053977762,-10.631486437803728,0.55,-9.056341117466117,1.5751453203376116
5563.279069124808,-10.633632259237245,0.55,-9.06000816307169,1.573624096165556
5583.39959124612,-10.635778080670763,0.55,-9.063671428517381,1.5721066521533817
5603.592882575194,-10.63792390210428,0.55,-9.067330818630987,1.5705930834732929
5623.859206293946,-10.640069723537797,0.55,-9.070986238020277,1.5690834855175204
5644.198826536145,-10.64157208258319,0.55,-9.074637591071156,1.5669344915120345
5664.612008390828,-10.641844449638711,0.55,-9.078284781945904,1.5635596676928074
5685.09901790577,-10.64211681669423,0.55,-9.081927714581541,1.5601891021126892
5705.660122090969,-10.642389183749751,0.55,-9.08556629268836,1.5568228910613904
5726.295588922094,-10.642661550805272,0.55,-9.089200419748542,1.5534611310567303
5747.005687343988,-10.642933917860793,0.55,-9.092829999014878,1.550103918845915
5767.790687274199,-10.643206284916312,0.55,-9.0964549335097,1.5467513514066127
5788.650859606458,-10.643478651971833,0.55,-9.100075126023803,1.5434035259480297
5809.5864762142255,-10.643751019027352,0.55,-9.10369047911562,1.5400605399117318
5830.597809954261,-10.644023386082873,0.55,-9.10730089511042,1.536722490972453
5851.685134670133,-10.644295753138394,0.55,-9.110906276099662,1.5333894770387317
5872.848725195813,-10.644568120193915,0.55,-9.114506523940491,1.5300615962534234
5894.088857359271,-10.644840487249434,0.55,-9.118101540255307,1.5267389469941275
5915.40580798604,-10.645112854304955,0.55,-9.12169122643147,1.5234216278734856
5936.799854902834,-10.645385221360476,0.55,-9.125275483621134,1.5201097377393413
5958.271276941196,-10.645657588415995,0.55,-9.128854212741185,1.5168033756748098
5979.820353941091,-10.645929955471516,0.55,-9.132427314473276,1.5135026409982402
6001.447366754564,-10.646202322527035,0.55,-9.135994689264013,1.5102076332630219
6023.15259724944,-10.646474689582556,0.55,-9.13955623732521,1.506918452257345
6044.936328312935,-10.646747056638077,0.55,-9.143111858634303,1.5036351980037743
6066.79884385538,-10.646296032148449,0.55,-9.146661452934822,1.4996345792136268
6088.740428813931,-10.645723331501014,0.55,-9.150204919737014,1.4955184117639995
6110.761369156251,-10.645150630853577,0.55,-9.153742158318558,1.491408472535019
6132.861951884247,-10.644577930206141,0.55,-9.157273067725363,1.4873048624807783
6155.04246503784,-10.644005229558706,0.55,-9.160797546772532,1.4832076827861744
6177.303197698674,-10.643432528911271,0.55,-9.164315494045352,1.4791170348659186
6199.644439993904,-10.642859828263836,0.55,-9.167826807900456,1.4750330203633801
6222.066483100001,-10.642287127616399,0.55,-9.171331386467044,1.4709557411493552
6244.569619246499,-10.641714426968964,0.55,-9.174829127648206,1.466885299320758
6267.154141719831,-10.641141726321528,0.55,-9.17831992912238,1.4628217971991493
6289.820344867175,-10.640569025674093,0.55,-9.181803688344852,1.4587653373292415
6312.568524100233,-10.639996325026656,0.55,-9.185280302549405,1.4547160224772515
6335.398975899119,-10.639423624379221,0.55,-9.188749668750019,1.4506739556292025
6358.311997816238,-10.638850923731786,0.55,-9.192211683742695,1.446639239989091
6381.30788848012,-10.63827822308435,0.55,-9.195666244107349,1.442611978977002
6404.386947599334,-10.637705522436915,0.55,-9.199113246209802,1.438592276227114
6427.549475966418,-10.63713282178948,0.55,-9.202552586203879,1.4345802355856012
6450.795775461753,-10.636560121142043,0.55,-9.20598416003354,1.430575961108504
6474.12614905752,-10.635987420494608,0.55,-9.209407863435167,1.4265795570594406
6497.540900821674,-10.635335712788946,0.55,-9.212823591939873,1.4225121208490723
6521.040335921857,-10.63454865055091,0.55,-9.216231240875933,1.4183174096749767
6544.624760629402,-10.633761588312874,0.55,-9.219630705371264,1.4141308829416097
6568.294482323345,-10.632974526074838,0.55,-9.223021880356008,1.40995264571883
6592.049809494387,-10.632187463836802,0.55,-9.22640466056518,1.405782803271622
6615.891051748937,-10.631400401598766,0.55,-9.229778940541387,1.4016214610573794
6639.81851981317,-10.63061333936073,0.55,-9.233144614637634,1.3974687247230957
6663.832525537028,-10.629826277122694,0.55,-9.23650157702017,1.3933247001025233
6687.933381898316,-10.629039214884658,0.55,-9.239849721671455,1.3891894932132036
6712.121403006794,-10.62825215264662,0.55,-9.243188942393127,1.3850632102534934
6736.396904108227,-10.627465090408585,0.55,-9.246519132809109,1.3809459575994758
6760.760201588523,-10.626678028170549,0.55,-9.249840186368704,1.3768378418018443
6785.211612977875,-10.625890965932513,0.55,-9.253151996349825,1.372738969582688
6809.751456954851,-10.625103903694477,0.55,-9.256454455862213,1.3686494478322633
6834.380053350574,-10.62431684145644,0.55,-9.259747457850779,1.3645693836056623
6859.0977231529105,-10.623529779218405,0.55,-9.263030895098954,1.3604988841194512
6883.9047885106165,-10.622742716980367,0.55,-9.266304660232112,1.3564380567482548
6908.801572737543,-10.621955654742331,0.55,-9.269568645721053,1.3523870090212782
6933.78840031689,-10.621168592504295,0.55,-9.27282274388552,1.3483458486187754
6958.865596905379,-10.620385849648788,0.55,-9.276066846897766,1.3443190027510212
6984.03348933752,-10.619681784147739,0.55,-9.279300846786189,1.3403809373615498
7009.292405629903,-10.618993818411909,0.55,-9.282524635438978,1.3364691829729303
7034.642674985418,-10.618305852676079,0.55,-9.285738104607821,1.3325677480682572
7060.0846277975725,-10.61761788694025,0.55,-9.288941145911663,1.3286767410285876
7085.61859565482,-10.61692992120442,0.55,-9.292133650840476,1.3247962703639438
7111.244911344835,-10.61624195546859,0.55,-9.295315510759082,1.3209264447095084
7136.963908858874,-10.61555398973276,0.55,-9.298486616911017,1.317067372821743
7162.775923396153,-10.614866023996932,0.55,-9.301646860422416,1.3132191635745158
7188.681291368167,-10.614178058261102,0.55,-9.304796132305905,1.309381925955197
7214.6803504031,-10.613490092525272,0.55,-9.307934323464591,1.30555576906068
7240.773439350247,-10.612802126789441,0.55,-9.311061324696006,1.3017408020934358
7266.960898284383,-10.612114161053611,0.55,-9.314177026696097,1.2979371343575146
7293.243068510221,-10.611426195317783,0.55,-9.317281320063286,1.2941448752544975
7319.620292566887,-10.610738229581953,0.55,-9.320374095302462,1.290364134279491
7346.092914232324,-10.610050263846123,0.55,-9.323455242829073,1.2865950210170496
7372.661278527811,-10.609362298110293,0.55,-9.326524652973179,1.2828376451371142
7399.325731722479,-10.608674332374463,0.55,-9.32958221598357,1.279092116390892
7426.08662133777,-10.607986366638633,0.55,-9.332627822031839,1.275358544606794
7452.944296151996,-10.607298400902804,0.55,-9.335661361216513,1.2716370396862917
7479.899106204913,-10.606691646062584,0.55,-9.338682723567175,1.2680089224954099
7506.951402802222,-10.606208421310388,0.55,-9.341691799048581,1.264516622261807
7534.1015385201845,-10.605725633864111,0.55,-9.34468847756481,1.2610371562993006
7561.349867210237,-10.605242846417834,0.55,-9.347672648963398,1.2575701974544362
7588.69674400355,-10.604760058971557,0.55,-9.350644203039455,1.2541158559321026
7616.142525315687,-10.60427727152528,0.55,-9.353603029539833,1.2506742419854469
7643.6875688512755,-10.603794484079003,0.55,-9.35654901816725,1.2472454659117531
7671.332233608613,-10.603311696632726,0.55,-9.3594820585844,1.243829638048327
7699.07687988437,-10.602828909186451,0.55,-9.362402040418104,1.2404268687683473
7726.921869278325,-10.602346121740174,0.55,-9.365308853263418,1.2370372684767563
7754.867564698006,-10.601863334293897,0.55,-9.368202386687729,1.2336609476061682
7782.914330363465,-10.60138054684762,0.55,-9.371082530234853,1.2302980166127675
7811.062531812036,-10.600897759401343,0.55,-9.373949173429114,1.226948585972229
7839.312535903056,-10.600414971955066,0.55,-9.376802205779422,1.2236127661756449
7867.664710822672,-10.59993218450879,0.55,-9.379641516783295,1.2202906677254948
7896.119426088657,-10.599449397062513,0.55,-9.382466995930898,1.2169824011316148
7924.677052555187,-10.598966609616236,0.55,-9.385278532709057,1.2136880769071787
7953.337962417689,-10.59848382216996,0.55,-9.388076016605234,1.210407805564726
7982.1025292177255,-10.598001034723683,0.55,-9.390859337111486,1.2071416976121974
8010.971127847806,-10.597528494141892,0.55,-9.393628383728412,1.20390011041348
8039.944134556303,-10.597217352162495,0.55,-9.396383045969044,1.2008343061934514
8069.021926952379,-10.596935278336083,0.55,-9.399123213362735,1.1978120649733484
8098.2048840108555,-10.596653204509671,0.55,-9.40184877545901,1.1948044290506612
8127.493386077178,-10.596371130683261,0.55,-9.404559621831357,1.1918115088519041
8156.887814872406,-10.596089056856849,0.55,-9.407255642081036,1.1888334147758126
8186.388553498127,-10.595806983030437,0.55,-9.409936725840819,1.1858702571896185
8215.995986441476,-10.595524909204025,0.55,-9.412602762778668,1.1829221464253568
8245.710499580182,-10.595242835377615,0.55,-9.415253642601463,1.1799891927761514
8275.532480187534,-10.594960761551203,0.55,-9.417889255058586,1.1770715064926165
8305.46231693746,-10.594678687724791,0.55,-9.420509489945504,1.1741691977792872
8335.50039990962,-10.594396613898379,0.55,-9.423114237107358,1.1712823767910212
8365.647120594434,-10.594114540071969,0.55,-9.425703386442432,1.1684111536295365
8395.902871898212,-10.593832466245557,0.55,-9.42827682790562,1.1655556383399368
8426.2680481483,-10.593550392419145,0.55,-9.430834451511837,1.162715940907308
8456.743045098172,-10.593268318592733,0.55,-9.433376147339375,1.1598921712533574
8487.328259932603,-10.592986244766323,0.55,-9.435901805533218,1.1570844392331043
8518.02409127289,-10.59270417093991,0.55,-9.438411316308317,1.1542928546315938
8548.830939181973,-10.592422097113499,0.55,-9.440904569952773,1.1515175271607259
8579.74920516969,-10.592140023287087,0.55,-9.443381456831016,1.1487585664560704
8610.779292198036,-10.591922218814956,0.55,-9.445841867386902,1.1460803514280542
8641.921604686355,-10.591793612623647,0.55,-9.448285692146762,1.1435079204768854
8673.176548516634,-10.591665006432338,0.55,-9.450712821722382,1.1409521847099562
8704.54453103884,-10.591536400241031,0.55,-9.453123146813956,1.1384132534270748
8736.025961076153,-10.591407794049722,0.55,-9.455516558212949,1.1358912358367732
8767.621248930333,-10.591279187858413,0.55,-9.457892946804908,1.1333862410535058
8799.330806387086,-10.591150581667106,0.55,-9.460252203572235,1.1308983780948711
8831.155046721393,-10.591021975475797,0.55,-9.462594219596856,1.128427755878942
8863.094384702901,-10.590893369284489,0.55,-9.464918886062891,1.1259744832215972
8895.149236601375,-10.59076476309318,0.55,-9.467226094259168,1.123538668834012
8927.32002019206,-10.590636156901873,0.55,-9.469515735581783,1.1211204213200894
8959.60715476115,-10.590507550710564,0.55,-9.471787701536503,1.1187198491740613
8992.011061111294,-10.590378944519255,0.55,-9.474041883741156,1.1163370607780987
9024.532161567005,-10.590250338327948,0.55,-9.476278173927925,1.113972164400023
9057.170879980207,-10.59012173213664,0.55,-9.478496463945612,1.1116252681910268
9089.927641735789,-10.58999312594533,0.55,-9.480696645761787,1.1092964801835432
9122.802873757078,-10.589864519754023,0.55,-9.482878611464901,1.106985908289122
9155.797004511443,-10.589735913562714,0.55,-9.485042253266329,1.1046936602963857
9188.91046401591,-10.589607307371406,0.55,-9.487187463502323,1.1024198438690824
9222.143683842694,-10.589481972285034,0.55,-9.489314134635912,1.1001678376491224
9255.49709712487,-10.58944542918005,0.55,-9.49142215925873,1.0980232699213186
9288.971138562041,-10.589419186022075,0.55,-9.493511430092774,1.0959077559293018
9322.56624442594,-10.589392942864102,0.55,-9.495581839992063,1.0938111028720385
9356.282852566146,-10.58936669970613,0.55,-9.49763328194428,1.0917334177618496
9390.121402415833,-10.589340456548156,0.55,-9.499665649072286,1.0896748074758698
9424.082334997422,-10.589314213390182,0.55,-9.501678834635593,1.0876353787545892
9458.166092928359,-10.589287970232208,0.55,-9.503672732031758,1.0856152382004502
9492.373120426933,-10.589261727074234,0.55,-9.50564723479769,1.0836144922765438
9526.703863317984,-10.58923548391626,0.55,-9.507602236610909,1.0816332473053514
9561.15876903875,-10.589209240758287,0.55,-9.509537631290716,1.079671609467571
9595.738286644735,-10.589182997600313,0.55,-9.511453312799265,1.0777296848010476
9630.442866815494,-10.58915675444234,0.55,-9.513349175242618,1.0758075791997221
9665.272961860537,-10.589130511284367,0.55,-9.515225112871677,1.0739053984126894
9700.229025725264,-10.589104268126393,0.55,-9.517081020083065,1.0720232480433278
9735.311513996807,-10.589078024968419,0.55,-9.518916791419894,1.070161233548525
9770.520883910003,-10.589051781810445,0.55,-9.520732321572543,1.0683194602379018
9805.857594353394,-10.589025538652471,0.55,-9.522527505379273,1.0664980332731986
9841.322105875131,-10.588999295494498,0.55,-9.524302237826792,1.064697057667706
9876.914880689012,-10.588973052336526,0.55,-9.5260564140508,1.062916638285726
9912.636382680546,-10.588969374444693,0.55,-9.527789929336365,1.061179445108328
9948.487077412929,-10.588993966874229,0.55,-9.529502679118313,1.0594912877559164
9984.467432133131,-10.589018559303767,0.55,-9.53119455898149,1.0578240003222774
10020.577915778049,-10.589043151733303,0.55,-9.53286546466097,1.0561776870723332
10056.818998980523,-10.58906774416284,0.55,-9.534515292042185,1.0545524521206548
10093.191154075517,-10.589092336592378,0.55,-9.53614393716098,1.052948399431397
10129.694855106309,-10.589116929021914,0.55,-9.537751296203613,1.0513656328183014
10166.330577830597,-10.58914152145145,0.55,-9.539337265506639,1.049804255944812
10203.098799726738,-10.589166113880989,0.55,-9.540901741556777,1.048264372324212
10240.0,-10.589190706310525,0.55,-9.542444620990658,1.0467460853198673
10277.034659588744,-10.589215298740061,0.55,-9.543965800594535,1.0452494981455267
10314.203261170724,-10.589239891169598,0.55,-9.545465177303894,1.0437747138657034
10351.506289169412,-10.589264483599136,0.55,-9.546942648203018,1.042321835396118
10388.944229760245,-10.589289076028672,0.55,-9.548398110524472,1.0408909655042002
10426.517570876993,-10.589313668458209,0.55,-9.5498314616485,1.0394822068097085
10464.226802218154,-10.589338260887747,0.55,-9.551242599102391,1.0380956617853556
10502.07241525327,-10.589362853317283,0.55,-9.552631420559736,1.0367314327575468
10540.054903229355,-10.58938744574682,0.55,-9.553997823839651,1.0353896219071679
10578.174761177379,-10.589412038176357,0.55,-9.555341706905901,1.0340703312704562
10616.432485918633,-10.589438215286044,0.55,-9.55666296786599,1.032775247420055
10654.828576071248,-10.589477834678572,0.55,-9.557961504970153,1.0315163297084187
10693.363532056717,-10.589519795306384,0.55,-9.559237216610306,1.0302825786960774
10732.037856106366,-10.589561755934195,0.55,-9.560490001318923,1.0290717546152717
10770.85205226792,-10.589603716562006,0.55,-9.561719757767845,1.0278839587941615
10809.806626412104,-10.589645677189818,0.55,-9.562926384767028,1.02671929242279
10848.902086239188,-10.58968763781763,0.55,-9.564109781263234,1.0255778565543956
10888.138941285608,-10.589729598445441,0.55,-9.565269846338653,1.0244597521067877
10927.517702930674,-10.589771559073252,0.55,-9.566406479209467,1.023365079863785
10967.038884403137,-10.589813519701064,0.55,-9.567519579224363,1.0222939404767004
11006.703000787928,-10.589855480328875,0.55,-9.56860904586296,1.0212464344659153
11046.510569032907,-10.589897440956687,0.55,-9.569674778734214,1.0202226622224728
11086.462107955524,-10.589939401584498,0.55,-9.570716677574744,1.0192227240097544
11126.558138249617,-10.58998136221231,0.55,-9.571734642247083,1.0182467199652265
11166.79918249224,-10.590023322840121,0.55,-9.57272857273794,1.017294750102181
11207.185765150389,-10.590065283467933,0.55,-9.573698369156315,1.016366914311618
11247.718412587892,-10.590107244095744,0.55,-9.574643931731641,1.015463312364103
11288.39765307229,-10.590149204723556,0.55,-9.575565160811829,1.0145840439117269
11329.224016781656,-10.590191165351367,0.55,-9.576461956861285,1.0137292084900817
11370.19803581154,-10.590233125979179,0.55,-9.577334220458834,1.0128989055203448
11411.320244181938,-10.59027442377104,0.55,-9.578181852295678,1.0120925714753621
11452.591177844188,-10.59031497108216,0.55,-9.579004753173207,1.011310217908953
11494.011374687976,-10.590355518393277,0.55,-9.579802824000826,1.0105526943924517
11535.581374548397,-10.590396065704397,0.55,-9.580575965793738,1.0098200999106588
11577.301719212915,-10.590436613015514,0.55,-9.581324079670631,1.009112533344883
11619.172952428451,-10.590477160326634,0.55,-9.582047066851388,1.008430093475246
11661.195619908522,-10.590517707637753,0.55,-9.582744828654693,1.0077728789830598
11703.370269340267,-10.59055825494887,0.55,-9.583417266495637,1.0071409884532336
11745.697450391626,-10.59059880225999,0.55,-9.584064281883272,1.006534520376718
11788.177714718542,-10.59063934957111,0.55,-9.584685776418116,1.0059535731529934
11830.81161597208,-10.590679896882227,0.55,-9.585281651789641,1.0053982450925858
11873.599709805669,-10.590720444193346,0.55,-9.585851809773692,1.0048686344196547
11916.542553882393,-10.590760991504466,0.55,-9.58639615222992,1.0043648392745457
11959.640707882181,-10.590801538815583,0.55,-9.586914581099112,1.003886957716471
12002.894733509129,-10.590842086126703,0.55,-9.587406998400574,1.0034350877261282
12046.30519449888,-10.59088263343782,0.55,-9.587873306229397,1.0030093272084226
12089.87265662587,-10.59092318074894,0.55,-9.588313406753755,1.002609773995184
12133.59768771076,-10.590963728060059,0.55,-9.588727202212146,1.0022365258479127
12177.480857627863,-10.591004275371176,0.55,-9.589114594910601,1.0018896804605752
12221.522738312502,-10.59104463716562,0.55,-9.589475487219891,1.0015691499457287
12265.723903768494,-10.59106477102836,0.55,-9.589809781572688,1.0012549894556724
12310.08493007568,-10.591084332099328,0.55,-9.5901173804607,1.0009669516386275
12354.606395397348,-10.591103893170294,0.55,-9.590398186431813,1.000705706738481
12399.288879987807,-10.591123454241261,0.55,-9.59065210208717,1.0004713521540918
12444.132966200003,-10.591143015312227,0.55,-9.590879030078256,1.0002639852339712
12489.139238492999,-10.591162576383194,0.55,-9.59107887310398,1.0000837032792145
12534.308283439663,-10.59118213745416,0.55,-9.59125153390769,0.9999306035464706
12579.64068973435,-10.591201698525126,0.55,-9.591396915274231,0.9998047832508945
12625.137048200466,-10.591221259596093,0.55,-9.591514920026938,0.9997063395691548
12670.797951798239,-10.591240820667059,0.55,-9.59160545102466,0.9996353696423981
12716.623995632475,-10.591260381738026,0.55,-9.591668411158727,0.9995919705792993
12762.61577696024,-10.591279942808992,0.55,-9.591703703349953,0.9995762394590386
12808.773895198668,-10.59129950387996,0.55,-9.591711230545602,0.9995882733343571
12855.098951932836,-10.591319064950925,0.55,-9.59169089571635,0.9996281692345743
12901.591550923506,-10.59133862602189,0.55,-9.591642601853259,0.9996960241686317
12948.25229811504,-10.591358187092858,0.55,-9.591566251964698,0.9997919351281599
12995.081801643348,-10.591377748163824,0.55,-9.59146174907334,0.9999159990904847
13042.080671843714,-10.591397309234791,0.55,-9.591328996213079,1.0000683130217123
13089.249521258804,-10.591416870305757,0.55,-9.591167896425997,1.00024897387976
13136.58896464669,-10.591429688658804,0.55,-9.590978352759315,1.0004513358994895
13184.099618988774,-10.591435603245012,0.55,-9.59076026826234,1.000675334982672
13231.782103497873,-10.59144151783122,0.55,-9.590513545983427,1.0009279718477924
13279.63703962634,-10.591447432417427,0.55,-9.59023808896694,1.001209343450487
13327.665051074056,-10.591453347003634,0.55,-9.589933800250238,1.0015195467533964
13375.866763796632,-10.591459261589842,0.55,-9.589600582860621,1.0018586787292207
13424.242806013588,-10.59146517617605,0.55,-9.589238339812354,1.002226836363695
13472.793808216455,-10.591471090762258,0.55,-9.588846974103642,1.002624116658616
13521.520403177046,-10.591477005348466,0.55,-9.588426388713655,1.0030506166348108
13570.42322595575,-10.591482919934673,0.55,-9.587976486599553,1.0035064333351205
13619.502913909702,-10.59148883452088,0.55,-9.58749717069351,1.003991663827371
13668.760106701147,-10.591494749107088,0.55,-9.586988343899794,1.0045064052072945
13718.195446305821,-10.591500663693296,0.55,-9.58644990909183,1.0050507546014664
13767.809577021233,-10.591506578279503,0.55,-9.585881769109292,1.005624809170211
13817.603145475086,-10.59151249286571,0.55,-9.585283826755232,1.006228666110479
13867.57680063378,-10.591518407451918,0.55,-9.584655984793203,1.006862422658715
13917.731193810758,-10.591524322038126,0.55,-9.583998145944426,1.0075261760937
13968.06697867504,-10.591530236624333,0.55,-9.583310212884992,1.0082200237393408
14018.584811259807,-10.59153615121054,0.55,-9.582592088243034,1.0089440629675064
14069.285349970836,-10.591541358068657,0.55,-9.581843674596008,1.0096976834726483
14120.169255595145,-10.59154204065433,0.55,-9.581064874467945,1.0104771661863854
14171.23719130964,-10.591542054763465,0.55,-9.580255590326747,1.0112864644367185
14222.48982268967,-10.591542068872602,0.55,-9.579415724581526,1.012126344291076
14273.927817717748,-10.591542082981737,0.55,-9.578545179579963,1.012996903401774
14325.551846792307,-10.591542097090874,0.55,-9.577643857605711,1.0138982394851634
14377.362582736334,-10.59154211120001,0.55,-9.576711660875812,1.0148304503241974
14429.3607008062,-10.591542125309145,0.55,-9.57574849153821,1.0157936337709348
14481.546878700494,-10.591542139418282,0.55,-9.574754251669201,1.0167878877490804
14533.921796568766,-10.591542153527417,0.55,-9.573728843271034,1.0178133102563827
14586.486137020442,-10.591542167636554,0.55,-9.572672168269477,1.0188699993670767
14639.240585133773,-10.59154218174569,0.55,-9.571584128511445,1.0199580532342445
14692.185828464648,-10.591542195854824,0.55,-9.570464625762693,1.0210775700921317
14745.322557055622,-10.591542209963961,0.55,-9.569313561705517,1.0222286482584444
14798.651463444958,-10.591542224073097,0.55,-9.568130837936536,1.0234113861365604
14852.17324267554,-10.591542238182234,0.55,-9.5669163559645,1.0246258822177339
14905.888592303992,-10.591542252291369,0.55,-9.565670017208147,1.025872235083222
14959.798212409825,-10.591542266400504,0.55,-9.56439172299412,1.0271505434063837
15013.902805604444,-10.59154228050964,0.55,-9.563081374554937,1.028460905954704
15068.203077040369,-10.591542294618776,0.55,-9.56173887302699,1.0298034215917866
15122.699734420474,-10.591541630834769,0.55,-9.560364119448618,1.0311775113861508
15177.3934880071,-10.591540339307837,0.55,-9.55895701475825,1.032583324549588
15232.285050631373,-10.591539047780907,0.55,-9.557517459792557,1.0340215879883505
15287.375137702551,-10.591537756253976,0.55,-9.556045355284695,1.0354924009692805
15342.664467217226,-10.591536464727046,0.55,-9.554540601862616,1.0369958628644298
15398.15375976874,-10.591535173200114,0.55,-9.553003100047393,1.0385320731527212
15453.84373855665,-10.591533881673183,0.55,-9.551432750251658,1.0401011314215243
15509.735129396013,-10.591532590146253,0.55,-9.54982945277807,1.0417031373681827
15565.82866072693,-10.591531298619321,0.55,-9.548193107817841,1.0433381908014798
15622.125063624071,-10.591530007092391,0.55,-9.546523615449354,1.045006391643037
15678.625071806113,-10.59152871556546,0.55,-9.54482087563683,1.0467078399286294
15735.329421645343,-10.59152742403853,0.55,-9.54308478822904,1.04844263580949
15792.238852177314,-10.591526132511598,0.55,-9.541315252958125,1.0502108795534735
15849.354105110375,-10.591524840984668,0.55,-9.539512169438458,1.0520126715462101
15906.675924835377,-10.591523549457737,0.55,-9.537675437165582,1.0538481122921546
15964.205058435451,-10.591522257930807,0.55,-9.535804955515212,1.0557173024155944
16021.942255695612,-10.591520966403875,0.55,-9.533900623742323,1.0576203426615525
16079.888269112605,-10.591519674876944,0.55,-9.53196234098028,1.059557333896663
16138.043853904757,-10.591518383350014,0.55,-9.529990006240093,1.061528377109921
16196.409768021711,-10.591517113837119,0.55,-9.527983518409698,1.0635335954274208
16254.986772154356,-10.591516236171095,0.55,-9.525942776253315,1.0655734599177809
16313.775629744812,-10.591515367102549,0.55,-9.523867678410927,1.067647688691622
16372.777106996255,-10.591514498034002,0.55,-9.521758123397792,1.06975637463621
16431.99197288295,-10.591513628965453,0.55,-9.519614009604034,1.0718996193614192
16491.420999160364,-10.591512759896906,0.55,-9.517435235294364,1.0740775246025418
16551.064960375068,-10.59151189082836,0.55,-9.515221698607812,1.0762901922205472
16610.92463387492,-10.591511021759812,0.55,-9.512973297557563,1.0785377242022491
16671.00079981924,-10.591510152691265,0.55,-9.51068993003092,1.0808202226603463
16731.29424118887,-10.591509283622718,0.55,-9.508371493789276,1.083137789833442
16791.805743796423,-10.591508414554172,0.55,-9.506017886468241,1.0854905280859306
16852.5360962966,-10.591507545485623,0.55,-9.503629005577777,1.0878785399078463
16913.486090196344,-10.591506676417076,0.55,-9.501204748502484,1.0903019279145916
16974.656519865206,-10.591505807348529,0.55,-9.498745012501946,1.0927607948465834
17036.04818254578,-10.591504938279982,0.55,-9.496249694711164,1.0952552435688183
17097.661878363946,-10.591504069211435,0.55,-9.493718692141057,1.0977853770703785
17159.49841033938,-10.591503200142888,0.55,-9.491151901679093,1.1003512984637958
17221.558584396073,-10.591502331074341,0.55,-9.488549220089986,1.1029531109843553
17283.84320937271,-10.591501462005795,0.55,-9.48591054401646,1.1055909179893337
17346.35309703327,-10.591500592937246,0.55,-9.483235769980148,1.1082648229570982
17409.08906207768,-10.591500011442108,0.55,-9.480524794382552,1.110975217059556
17472.051922152306,-10.591499670698806,0.55,-9.477777513506105,1.1137221571927007
17535.242497860665,-10.591499329955504,0.55,-9.474993823515321,1.1165055064401823
17598.661612774173,-10.591498989212202,0.55,-9.472173620458026,1.1193253687541755
17662.310093442786,-10.5914986484689,0.55,-9.469316800266732,1.1221818482021675
17726.188769405802,-10.591498307725598,0.55,-9.466423258760022,1.1250750489655754
17790.29847320275,-10.591497966982296,0.55,-9.463492891644123,1.128005075338173
17854.64004038412,-10.591497626238993,0.55,-9.460525594514497,1.1309720317244967
17919.2143095223,-10.591497285495691,0.55,-9.457521262857565,1.1339760226381266
17984.02212222259,-10.59149694475239,0.55,-9.454479792052535,1.1370171526998547
