frequency_hz,target_db,uncertainty_db,mooer_db,error_db
20.0,4.4822335063432135,0.5570974543675197,6.435910083188847,1.9536765768456332
20.07233331950925,4.485619838391317,0.5570826157434248,6.431088514097838,1.945468675706521
20.14492824447408,4.489414691039208,0.5571013068504527,6.426230667917893,1.9368159768786848
20.21778572103401,4.493616360260617,0.5571090942745961,6.421336643244234,1.9277202829836169
20.29090669875047,4.498214395783133,0.5571110072232528,6.416406538974302,1.9181921431911686
20.36429213061913,4.50319003138252,0.5571279778490414,6.411440454297022,1.9082504229145023
20.437942973082333,4.508517075134044,0.5571432779850889,6.406438488682018,1.8979214135479738
20.51186018604153,4.514163180984907,0.5571463437609272,6.401400741868642,1.8872375608837348
20.58604473286984,4.5200913933933915,0.5571391608464769,6.396327313855004,1.8762359204616121
20.66049758042457,4.526261840299636,0.5571272719288336,6.391218304886799,1.8649564645871628
20.735219699059822,4.53263344716134,0.5571398015386547,6.386073815446141,1.8534403682848017
20.81021206263916,4.53916555495659,0.5571557078760062,6.380893946240216,1.8417283912836266
20.88547564854828,4.545819345235625,0.5571624749634755,6.3756787981898615,1.8298594529542367
20.96101143770774,4.552559001889367,0.5571678366049007,6.370428472418064,1.8178694705286969
21.03682041458579,4.559352568478266,0.5571645968072598,6.365143070238365,1.8057905017600993
21.11290356721114,4.56617248833043,0.5571688285812084,6.359822693143138,1.7936502048127076
21.189261887185907,4.572995839538738,0.5571725961528188,6.354467442791802,1.7814716032530642
21.265896369698464,4.579804296803207,0.557173052425991,6.349077420998946,1.7692731241957391
21.342808013536477,4.586583866018987,0.5571855260506045,6.343652729722327,1.7570688637033394
21.41999782109987,4.593324445622805,0.5571832872384084,6.338193471050825,1.7448690254280201
21.497466798413928,4.60001927153438,0.5571910812547844,6.33269974719226,1.7326804756578795
21.5752159551424,4.6066643008833825,0.5571971021658004,6.327171660461168,1.7205073595777858
21.653246304600625,4.61325758457502,0.5572014305284749,6.321609313266461,1.708351728691441
21.73155886376879,4.619798671014891,0.5572077126221164,6.316012808098997,1.6962141370841062
21.810154653305155,4.626288073863,0.5572104357487552,6.310382247519096,1.6840941736560957
21.889034697559342,4.632726826335615,0.5572096123068453,6.304717734143955,1.6719909078083397
21.96820002458573,4.639116134172797,0.5572050429104548,6.299019370634967,1.6599032364621698
22.047651666156817,4.645422599435173,0.5571959785910157,6.2932872596849885,1.647864660249815
22.127390657776665,4.651658576004463,0.5571786874508607,6.287521504005525,1.6358629280010621
22.207418038694424,4.657847725483659,0.5571683042428162,6.2817222063138205,1.6238744808301613
22.287734851917847,4.663990389771927,0.5571702977545365,6.275889469319884,1.6118990795479569
22.36834214422692,4.670086677346571,0.5571459495606093,6.270023395713454,1.599936718366883
22.44924096618746,4.676136560321369,0.5571207170254593,6.264124088150885,1.5879875278295152
22.53043237216484,4.682139995875211,0.5570989230569543,6.258191649241942,1.576051653366731
22.611917420337715,4.688097061978539,0.5570465636507718,6.252226181536575,1.5641291195580367
22.693697172711826,4.694008099246513,0.5570250140950691,6.246227787511587,1.5522196882650734
22.77577269513383,4.6998738515464,0.5569993591090144,6.240196569557255,1.540322718010855
22.8581450573052,4.705695597549575,0.5570141586620819,6.234132629963888,1.5284370324143133
22.94081533279616,4.711475263990637,0.5570630745376529,6.228036070908323,1.5165608069176857
23.023784599059653,4.717215509545019,0.5570797077548268,6.221906994440379,1.5046914848953596
23.107053937445457,4.722919766789305,0.5570961182204708,6.215745502469219,1.4928257356799142
23.190624433214207,4.72859222942429,0.557070198421216,6.209551696749726,1.4809594673254356
23.27449717555155,4.734237773478883,0.557039672693636,6.203325678868734,1.4690879053898511
23.35867325758237,4.739861804905814,0.5569202936346381,6.197067550231298,1.457205745325484
23.44315377638503,4.745470031829953,0.5568260515591453,6.19077741204687,1.4453073802169172
23.527939833005625,4.751068167006576,0.556846490960964,6.184455365315458,1.433387198308882
23.6130325324724,4.756661574001912,0.5569232795504372,6.178101510813705,1.421439936811793
23.698432983810086,4.762254877912927,0.5568116252763621,6.17171594908097,1.4094610711680433
23.78414230005442,4.767851566888126,0.556724638298026,6.165298780405364,1.3974472135172382
23.870161598266595,4.773453613326545,0.5567419590176695,6.158850104809722,1.385396491483177
23.95649199954785,4.7790611429319405,0.5568214416689866,6.152370022037582,1.3733088791056414
24.043134629054062,4.78467217593276,0.5568465165790075,6.145858631539122,1.3611864556063615
24.130090616010435,4.790282458493735,0.55682867559081,6.139316032457052,1.3490335739633172
24.2173610937262,4.7958853948006315,0.5567350431473745,6.132742323612509,1.3368569288118772
24.30494719960938,4.801472082770939,0.5567225361331375,6.126137603490931,1.324665520719992
24.392850075181627,4.8070314499263205,0.5568012165039682,6.119501970227883,1.312470520301562
24.481070866093106,4.812550481407083,0.5567286201189284,6.112835521594883,1.3002850401878003
24.5696107221374,4.818014529759367,0.5567108524928899,6.106138354985254,1.2881238252258873
24.65847079726652,4.8234076957645,0.556730380347531,6.0994105673999,1.2760028716354004
24.74765224960594,4.828713270564558,0.5566126230039777,6.0926522554331095,1.2639389848685516
24.83715624146968,4.8339142304587615,0.5564598105948834,6.085863515258364,1.2519492847996023
24.92698393937546,4.838993775770499,0.5564705255690532,6.079044442614127,1.2400506668436284
25.01713651405991,4.843916535817511,0.5565609471835934,6.072195132789639,1.2282785969721273
25.10761514049382,4.848626194875822,0.5566042509225345,6.065315680610729,1.216689485734907
25.198420997897465,4.853167733214432,0.5567203999493595,6.058406180425601,1.205238447211169
25.28955526975595,4.857534490925788,0.5566731951682078,6.051466726090692,1.1939322351649038
25.381019143834664,4.861719392160417,0.5566091532604573,6.044497410956456,1.1827780187960393
25.472813812194744,4.865718790398146,0.5565887997477333,6.037498327853265,1.1717795374551185
25.56494047120861,4.869532736941425,0.5564095044193498,6.030469569077239,1.160936832135814
25.657400321575565,4.873165092026346,0.556113902382186,6.023411226376158,1.1502461343498123
25.75019456833744,4.876623462187766,0.5556759431465709,6.016323390935382,1.139699928747616
25.84332442089429,4.879918961267341,0.5555773486085638,6.009206153363793,1.1292871920964513
25.936791093020197,4.883065807486272,0.5562089136972015,6.002059603679772,1.1189937961935001
26.03059580287901,4.8860807829535915,0.556526712326737,5.994883831297221,1.1088030483436295
26.12473977304031,4.8889825926917485,0.5567556471000047,5.987678925011629,1.0986963323198804
26.21922423049529,4.891791165880235,0.5568668694146951,5.980444972986131,1.0886538071058958
26.314050406672752,4.894526942045452,0.5569619704543504,5.973182062737686,1.0786551206922335
26.409219537455183,4.897210179802077,0.5569740624779198,5.965890281123254,1.0686801013211777
26.504732863194825,4.899860317085466,0.5569759344709011,5.958569714326028,1.0587093972405626
26.600591628729877,4.902495401832031,0.5570086568877352,5.95122044784175,1.0487250460097188
26.69679708340069,4.905131603060298,0.5570248782165259,5.943842566465035,1.0387109634047373
26.793350481066057,4.907782806052069,0.5570448774213954,5.936436154275807,1.028653348223738
26.890253080119585,4.910460292632383,0.5569559302101853,5.929001294625778,1.0185410019933956
26.98750614350604,4.913172508082566,0.5565350803394981,5.921538070124986,1.0083655620424201
27.08511093873785,4.915924918725096,0.5556719441198326,5.9140465626284175,0.9981216439033211
27.183068737911626,4.91871996686606,0.5564133220010632,5.906526853222694,0.9878068863566334
27.281380817724703,4.921557130660167,0.5569115155373917,5.89897902221285,0.9774218915526829
27.38004845949181,4.924433094124176,0.5570388807188703,5.891403149109181,0.9669700549850058
27.479072949161782,4.927342026575031,0.5571155623402935,5.883799312614177,0.9564572860391456
27.57845557733428,4.930275961648304,0.5571245602173712,5.876167590609539,0.9458916289612347
27.67819763927664,4.933225255473669,0.5571123423736952,5.86850806014331,0.9352828046696411
27.778300434940743,4.936179093751761,0.557132360762224,5.860820797417066,0.924641703665305
27.87876526897999,4.939126010599459,0.5571210491601993,5.853105877773219,0.9139798671737598
27.979593450766224,4.942051661144685,0.5571110713156213,5.84536337568244,0.9033117145377547
28.08078629440689,4.944686447402448,0.5570713271750051,5.837593364731154,0.8929069173287054
28.18234511876212,4.947210443897275,0.5570347977514599,5.829795917609154,0.8825854737118792
28.284271247461906,4.949683870031839,0.5570814136798083,5.821971106097345,0.8722872360655058
28.38656600892336,4.952097783742817,0.5571474351843677,5.81411900105556,0.8620212173127433
28.489230736368064,4.954444254851069,0.5571683454463727,5.806239672410547,0.8517954175594786
28.5922667678394,4.956716342879735,0.5571807573272377,5.798333189144022,0.8416168462642863
28.695675446220005,4.958908042030563,0.5571748565400025,5.790399619280888,0.8314915772503246
28.799458119249277,4.9610142242215804,0.5571758030639035,5.782439029877537,0.8214248056559565
28.903616139540933,4.963030605905695,0.5571708546721236,5.774451487010356,0.8114208811046604
29.00815086460065,4.964953755376426,0.5571581655285212,5.7664370557642615,0.8014833003878357
29.113063656843742,4.966781146349861,0.5571487204212277,5.758395800221478,0.7916146538716164
29.21835588361294,4.968511252848426,0.5571411068524723,5.750327783450355,0.7818165306019287
29.32402891719617,4.97014367158372,0.5571450464512924,5.74223306749442,0.7720893959107
29.430084134844485,4.97167925235844,0.557135832449,5.734111713361519,0.7624324610030788
29.536522918789988,4.973120215041535,0.5571390128254863,5.725963781013099,0.7528435659715642
29.64334665626385,4.974470233290681,0.5571157754311631,5.717789329353697,0.7433190960630158
29.750556739514412,4.975734469628456,0.557129612755502,5.70958841622053,0.7338539465920739
29.85815456582529,4.976919552528646,0.5571246324405678,5.701361098373263,0.7244415458446172
29.96614153753363,4.9780334924051886,0.5571411043966725,5.693107431483955,0.7150739390787662
30.07451906204833,4.979085538683966,0.5571262067001709,5.68482747012713,0.7057419314431641
30.183288551868458,4.9800859837826135,0.55712016160908,5.6765212677700525,0.696435283987439
30.29245142460158,4.9810459217271585,0.5571293101040218,5.668188876763158,0.6871429550359993
30.402009102982294,4.981976969784155,0.5571254243108539,5.659830348330644,0.6778533785464891
30.511963014890764,4.982890961301825,0.557120755662782,5.651445732561254,0.6685547712594291
30.622314593371303,4.983799617715615,0.5571196989947902,5.643035078399244,0.6592354606836288
30.73306527665107,4.984714207639378,0.5570849929156656,5.634598433635507,0.6498842259961286
30.844216508158816,4.985645201673231,0.5570508041278813,5.626135844898903,0.6404906432256725
30.955769736543687,4.9862853703149295,0.5570464584027036,5.617647357647765,0.6313619873328351
31.067726415694107,4.986863817208816,0.5570228988314514,5.6091330161616035,0.6222691989527878
31.18008800475674,4.987482008785687,0.5570378291668419,5.600592863532994,0.6131108547473074
31.29285596815549,4.988144098449201,0.557003649516534,5.592026941659654,0.603882843210453
31.40603177561057,4.988852098494744,0.5569477820094231,5.583435291236748,0.5945831927420038
31.51961690215773,4.989605806483839,0.5569739060223324,5.574817951749354,0.5852121452655155
31.63361282816739,4.990402835681506,0.5570389158980512,5.566174961465158,0.5757721257836526
31.748021039363987,4.991238758524084,0.5570545844301606,5.557506357427344,0.5662675989032602
31.862843026845336,4.992107364162656,0.5570672913446271,5.5488121754477,0.5567048112850435
31.97808028710205,4.993001021863659,0.557076057118313,5.540092450099916,0.5470914282362571
32.09373432203703,4.9939111322189405,0.5570568775434938,5.531347214713124,0.5374360824941835
32.209806638985086,4.994828638848606,0.5570978214990114,5.522576501365632,0.5277478625170255
32.32629875073255,4.995744565764651,0.557118305376475,5.513780340878857,0.518035775114206
32.443212175536964,4.996650540736139,0.5571427514574161,5.504958762811542,0.5083082220754029
32.56054843714696,4.997539263588829,0.557148293923635,5.496111795454114,0.4985725318652854
32.678309064821995,4.998404880720992,0.5571454605595367,5.487239465823336,0.4888345851023441
32.7964955933524,4.999243233173754,0.5571536241842939,5.478341799657138,0.4790985664833842
32.9151095630793,5.000051954974635,0.5571535395932544,5.469418821409701,0.46936686643506587
33.03415251991472,5.000830410505873,0.5571321052826914,5.460470554246765,0.45964014374089146
33.153626015361745,5.001579473347274,0.5571315286795921,5.451497020041159,0.44991754669388495
33.273531606534725,5.002301163214252,0.5571284745704062,5.442498239368582,0.44019707615433035
33.393870856179575,5.0029981708308835,0.5571134462815963,5.433474231503633,0.43047606067274913
33.51464533269412,5.003673311493348,0.557094484594135,5.424425014416039,0.4207517029226917
33.63585661014858,5.004328955516945,0.5570916973702922,5.415350604767137,0.41102164925019213
33.75750626830606,5.004966486778873,0.5570799572168174,5.406251017906647,0.4012845311277742
33.87959589264312,5.005585838781792,0.5570840978993757,5.397126267869606,0.3915404290878133
34.00212707437047,5.006185150875057,0.5570194511901143,5.387976367373616,0.3817912164985593
34.12510141045371,5.006760576017925,0.5570001423367198,5.378801327816308,0.3720407517983828
34.24852050363412,5.007306256666743,0.5569245773796289,5.369601159273059,0.36229490260631625
34.37238596244956,5.007814468564078,0.5569303971626905,5.360375870494971,0.3525614019308927
34.49669940125543,5.0082759154085075,0.5569702127244971,5.35112546890709,0.34284955349858226
34.62146244024572,5.008680142721239,0.5568508976944493,5.341849960606868,0.3331698178856284
34.74667670547412,5.00901602874883,0.5567308360792314,5.33254935036292,0.3235333216140903
34.87234382887522,5.009272305472722,0.5568186812323245,5.323223641613986,0.31395133614126447
34.99846544828576,5.009402754562629,0.5568339696260478,5.313872836468211,0.3044700819055821
35.12504320746599,5.0090940441590455,0.5568523263867806,5.304496935702619,0.29540289154357335
35.2520787561211,5.008635476128065,0.5566673053325394,5.295095938762889,0.2864604626348237
35.3795737499227,5.008059969960335,0.5563957694281065,5.2856698437633955,0.2776098738030601
35.507529850530425,5.007361805152591,0.5568749963973961,5.276218647487482,0.26885684233489116
35.635948725613574,5.0065371239068615,0.5570299708136665,5.2667423453880335,0.2602052214811721
35.76483204887283,5.005584068311546,0.5570169318452209,5.257240931588277,0.25165686327673153
35.894181500062146,5.004502922269353,0.5570098403522027,5.247714398882885,0.24321147661353226
36.02399876501051,5.003296280571675,0.5570314811905097,5.238162738739326,0.23486645816765073
36.15428553564404,5.0019692531451465,0.5570000356978154,5.228585941299473,0.22661668815432634
36.28504351000797,5.000529693384108,0.5569477986369379,5.218983995381519,0.21845430199741145
36.41627439228881,4.998988419028819,0.5568223664305124,5.209356888482107,0.2103684694532877
36.54797989283652,4.9973593760682675,0.5566859023245817,5.19970460677879,0.2023452307105229
36.680161728186846,4.995659684432528,0.556468193388523,5.190027135132702,0.1943674507001738
36.812821621083664,4.993909501906364,0.5563599059832025,5.180324457091565,0.18641495518520124
36.945961300501416,4.992131651588796,0.5566256561238875,5.170596554892913,0.1784649033041168
37.07958250166771,4.9903509782445585,0.556603195295789,5.160843409467613,0.1704924312230549
37.21368696608587,4.9885934281266415,0.5567851820728693,5.151065000443657,0.16247157231701514
37.34827644155763,4.986884881498508,0.556894192219666,5.141261306150245,0.15437642465173695
37.483352682206,4.985249802339975,0.557030627252259,5.131432303622104,0.14618250128212829
37.61891744849801,4.983709800371486,0.5570638404278017,5.121577968604123,0.1378681682326377
37.75497250726774,4.9822822220017695,0.5570902792780097,5.1116982755562175,0.12941605355444796
37.891519631739314,4.980978895581446,0.5571003890256434,5.101793197658525,0.1208143020770791
38.028560601550005,4.979805150807492,0.5570955950660883,5.091862706816828,0.11205755600933642
38.16609720277346,4.978759212488523,0.5570861671529531,5.081906773668274,0.10314756117975143
38.30413122794295,4.977832037230753,0.5570793992123735,5.0719253675873786,0.09409333035662559
38.44266447607471,4.977007621606102,0.5570663621026698,5.0619184566922835,0.08491083508618136
38.581698752691466,4.976263766568861,0.5570266953796397,5.0518860078512935,0.07562224128243233
38.72123586984589,4.975573240362765,0.5569579520030684,5.041827986689721,0.0662547463269556
38.86127764614423,4.974905245668163,0.556951906688043,5.03174435759696,0.05683911192879698
39.00182590677006,4.9742270703985465,0.5568712589966486,5.021635083733873,0.047408013335326515
39.142882483508,4.973505788088511,0.5568039827003742,5.011500127040432,0.03799433895192106
39.284449214767655,4.972709874435832,0.5565570599947436,5.001339448243634,0.028629573807801734
39.4265279456075,4.97181062060247,0.5564923066213449,4.9911530068657095,0.019342386263239142
39.56912052775902,4.970783249314971,0.5567579312149741,4.9809407612325955,0.010157511917624262
39.712228819650754,4.9696076732918755,0.5568385248779856,4.970702668482667,0.0010949951907912592
39.855854686432586,4.968268872962618,0.5569340473005095,4.960438684575777,-0.007830188386840575
40.0,4.966756907527879,0.556919496578283,4.950148764302531,-0.01660814322534776
40.14466663901851,4.965066605939096,0.5569404894493536,4.939832861293873,-0.025233744645223766
40.28985648894816,4.963197009078636,0.5568988829513469,4.9294909280309,-0.03370608104773609
40.43557144206802,4.9611506489943515,0.5568320787796842,4.919122915854995,-0.04202773313935637
40.58181339750094,4.95893275471154,0.5568174259115358,4.908728774978197,-0.05020397973334312
40.72858426123827,4.956550467501975,0.5567686656301905,4.898308454493859,-0.05824201300811627
40.875885946164665,4.954012133358583,0.5567175240511897,4.887861902387552,-0.06615023097103112
41.02372037208306,4.951326719511803,0.5565811397485404,4.877389065548288,-0.07393765396351526
41.17208946573968,4.948497064978161,0.5565599098904089,4.866889889779938,-0.08160717519822303
41.32099516084914,4.944840213023454,0.5563247807355953,4.856364319812986,-0.08847589321046812
41.470439398119645,4.940892671938309,0.5557329576234169,4.845812299316517,-0.09508037262179236
41.620424125278326,4.936833536858908,0.5560844662907759,4.835233770910463,-0.10159976594844444
41.77095129709655,4.93267100649471,0.556265568841006,4.824628676178129,-0.1080423303165805
41.92202287541548,4.928413048315756,0.5565206485712039,4.813996955678975,-0.11441609263678121
42.07364082917158,4.9240674693099376,0.5567295009067751,4.803338548961673,-0.12072892034826488
42.22580713442228,4.919641984425413,0.5569728971215184,4.7926533945773935,-0.1269885898480192
42.3785237743718,4.915144276286265,0.5570460832602308,4.7819414300933945,-0.13320284619287026
42.53179273939693,4.9105820470064945,0.557093359350335,4.77120259210683,-0.13937945489966452
42.68561602707295,4.905963066517119,0.5571157152663366,4.760436816258844,-0.14552625025827481
42.83999564219974,4.901295221392383,0.5571321475349845,4.7496440372489035,-0.15165118414347933
42.994933596827856,4.8965865642077215,0.5571496260918026,4.7388241888493905,-0.15776237535833104
43.1504319102848,4.891845357554256,0.5571619585464355,4.727977203920455,-0.16386815363380158
43.30649260920125,4.887080100880791,0.5571720109578381,4.717103014425106,-0.16997708645568466
43.46311772753759,4.882299524412156,0.5571776476444511,4.706201551444576,-0.17609797296757979
43.62030930661031,4.877512533988405,0.5571813488132519,4.69527274519389,-0.18223978879451508
43.77806939511869,4.872728094497468,0.5571815921137352,4.684316525037742,-0.18841156945972592
43.93640004917147,4.867955047331982,0.5571736006033244,4.673332819506571,-0.19462222782541083
44.095303332313634,4.863201867844689,0.55716338033235,4.662321556312888,-0.20088031153180097
44.25478131555333,4.858476380507939,0.5571539652974205,4.651282662367885,-0.20719371814005427
44.41483607738885,4.853785460235647,0.5571515363865552,4.640216063798219,-0.21356939643742834
44.575469703835694,4.849134756108972,0.5571278658475077,4.6291216859630895,-0.22001307014588267
44.73668428845384,4.844528476645122,0.5571273033302352,4.617999453471524,-0.22652902317359835
44.89848193237492,4.83996927252776,0.5571285685723286,4.60684929019993,-0.23311998232783004
45.06086474432968,4.835458243074363,0.557108184948706,4.595671119309828,-0.23978712376453526
45.22383484067543,4.830995077502584,0.5571201529066672,4.584464863265884,-0.2465302142366994
45.38739434542365,4.826578323295909,0.557143102857018,4.573230443854098,-0.2533478794418107
45.55154539026766,4.822205754430346,0.5571274350530316,4.561967782200305,-0.2602379722300414
45.7162901146104,4.817874794975431,0.5571148211092198,4.55067679878881,-0.26719799618662066
45.88163066559231,4.813582941558749,0.5571193310248559,4.539357413481329,-0.2742255280774204
46.047569198119305,4.809328123594227,0.5571158735155091,4.528009545536109,-0.28131857805811844
46.214107874890914,4.805108944350302,0.5571320147296965,4.516633113627249,-0.28847583072305305
46.381248866428415,4.800924758772339,0.5571462743656508,4.505228035864314,-0.2956967229080254
46.5489943511031,4.796775564150295,0.5571511710273342,4.493794229812078,-0.3029813343382166
46.71734651516474,4.792661704600382,0.5571355871840781,4.482331612510539,-0.31033009208984375
46.88630755277006,4.788583416422615,0.5571407120551206,4.470840100495107,-0.3177433159275074
47.05587966601125,4.78454026483592,0.5571434071926857,4.459319609817066,-0.3252206550188541
47.22606506494479,4.780530539648819,0.55714416942586,4.447770056064136,-0.3327604835846829
47.39686596762017,4.776550685238872,0.5571409705890553,4.436191354381349,-0.340359330857523
47.56828460010884,4.7725948370852525,0.5571276155658046,4.424583419492064,-0.3480114175931881
47.74032319653319,4.768654523234092,0.5571078265914013,4.412946165719188,-0.3557083575149038
47.9129839990957,4.764718566358049,0.5570551521467684,4.401279507006628,-0.3634390593514203
48.086269258108125,4.760031412748004,0.557010544587993,4.3895833569409115,-0.37044805580709284
48.26018123202087,4.754569220278771,0.5569258480265871,4.377857628772973,-0.37671159150579836
48.4347221874524,4.749063616339241,0.5568454006177435,4.36610223544021,-0.3829613808990304
48.60989439921876,4.7434953388846886,0.5568674367358336,4.354317089588645,-0.3891782492960436
48.78570015036325,4.737844328390901,0.5567073879052457,4.342502103595332,-0.39534222479556913
48.96214173218621,4.732090224995247,0.5567022752969024,4.330657189590896,-0.4014330354043505
49.1392214442748,4.726212785998198,0.5567392139381926,4.318782259482305,-0.40743052651589373
49.31694159453304,4.7201922102513585,0.5568455675626945,4.306877224975782,-0.4133149852755764
49.49530449921188,4.714009383034007,0.5568297467984468,4.294941997599896,-0.4190673854341114
49.67431248293936,4.707646078457717,0.5568812404094717,4.282976488728861,-0.4246695897288566
49.85396787875092,4.7010851713745225,0.5569225120261041,4.270980609605942,-0.43010456176858014
50.03427302811982,4.6943109140073584,0.5569800013356632,4.258954271367105,-0.43535664264025353
50.21523028098764,4.687309322948977,0.5569918566440168,4.246897385064765,-0.4404119378842122
50.39684199579493,4.680068701068205,0.5569490667103432,4.2348098616917165,-0.44525883937648825
50.5791105395119,4.67258028971618,0.5568574626787499,4.222691612205276,-0.4498886775109039
50.76203828766933,4.66483901443992,0.5568386614919838,4.210542547551465,-0.45429646688845526
50.94562762438948,4.6568442579199605,0.556781662300425,4.198362578689486,-0.45848167923047445
51.12988094241722,4.6486005722855595,0.5568187048337608,4.186151616616223,-0.46244895566933675
51.31480064315113,4.6401182332840385,0.5568549455443744,4.173909572390998,-0.4662086608930407
51.50038913667488,4.63141354286782,0.5569273012054089,4.161636357160375,-0.46977718570744553
51.6866488417886,4.622508804212725,0.5569234951187706,4.1493318821831995,-0.4731769220295252
51.87358218604039,4.6134319215273045,0.5569539502779949,4.136996058855687,-0.4764358626716172
52.06119160575802,4.604215612335118,0.5569703410375856,4.124628798736727,-0.4795868135983907
52.24947954608062,4.594896257569561,0.5570302289594029,4.11223001357327,-0.48266624399629077
52.43844846099058,4.585512450383932,0.5570383001513131,4.099799615325869,-0.48571283505806306
52.6281008133455,4.576103334373114,0.5570263454083504,4.087337516194334,-0.48876581817877973
52.818439074910366,4.56670684335179,0.5569941454035976,4.074843628643526,-0.491863214708264
53.00946572638965,4.557357966731541,0.5569409411794968,4.062317865429266,-0.4950401013022745
53.20118325745975,4.548087166386596,0.5569709210215172,4.049760139624355,-0.49832702676224105
53.39359416680138,4.538919063139316,0.5569317974944242,4.037170364644726,-0.5017486984945903
53.58670096213211,4.52987149421679,0.5569549538680999,4.0245484542756955,-0.5053230399410946
53.78050616023916,4.520955018090197,0.5570131241559338,4.011894322698326,-0.509060695391871
53.975012287012085,4.5121729110919375,0.5570805729078739,3.9992078845159043,-0.5129650265760333
54.1702218774757,4.503521662649131,0.5570950380878293,3.986489054780519,-0.5170326078686123
54.36613747582325,4.494991935105306,0.5571058302287679,3.9737377490197217,-0.5212541860855842
54.562761635449405,4.4865699130548915,0.5571179890988932,3.9609538832633144,-0.5256160297915771
54.76009691898362,4.4782389298008525,0.5571187939465926,3.9481373740702117,-0.5301015557306408
54.958145898323565,4.469916044500735,0.5571222039544784,3.9352881385553955,-0.5346279059453396
55.15691115466856,4.4602907676164385,0.5571347274673867,3.9224060944169663,-0.5378846731994722
55.35639527855328,4.450243706105219,0.5571340608510391,3.909491159963263,-0.540752546141956
55.55660086988149,4.440226447398446,0.5571327271600118,3.8965432541400786,-0.5436831932583677
55.75753053795998,4.430231742763521,0.5571050606716276,3.8835622965579577,-0.5466694462055632
55.95918690153245,4.420256851785336,0.5571264066282,3.8705482075195383,-0.5497086442657975
56.16157258881378,4.410303317748891,0.5571537042629843,3.8575009080470073,-0.5528024097018838
56.36469023752424,4.4003762800492545,0.5571666384331101,3.8444203199095863,-0.5559559601396682
56.56854249492381,4.3904834230907,0.5571668536642738,3.8313063656511184,-0.5591770574395816
56.77313201784671,4.380633699317281,0.5571648096936013,3.8181589686176745,-0.5624747306996065
56.97846147273613,4.370835984368572,0.557171915931664,3.804978052985253,-0.5658579313833192
57.1845335356788,4.361097822436344,0.5571664129637572,3.7917635437875292,-0.5693342786488147
57.39135089244001,4.351424400535697,0.5571554586234948,3.7785153669436315,-0.5729090335920652
57.59891623849855,4.341817855022471,0.557146401552513,3.7652334492859914,-0.57658440573648
57.807232279081866,4.332276967786147,0.5571194659218824,3.7519177185882318,-0.5803592491979148
58.0163017292013,4.32279725967474,0.5570936647018231,3.7385681035930927,-0.5842291560816473
58.2261273136875,4.31337144119998,0.5570706280575555,3.725184534040399,-0.5881869071595807
58.43671176722588,4.303990140853051,0.5570302127863996,3.71176694069506,-0.5922232001579908
58.64805783439233,4.294642803272955,0.55699422417779,3.698315255375092,-0.5963275478978631
58.86016826968897,4.285318634971329,0.5569981771943652,3.6848294109796895,-0.6004892239916395
59.073045837579976,4.276007474717394,0.5570318450302212,3.6713093415173104,-0.6046981332000838
59.2866933125277,4.266700477578604,0.5570279687056182,3.6577549821337767,-0.6089454954448277
59.50111347902884,4.257390523750217,0.556977896302086,3.6441662691403884,-0.613224254609829
59.71630913165059,4.248072292779048,0.5568437185341748,3.6305431400420747,-0.6175291527369731
59.93228307506725,4.238741977747793,0.5565981959041891,3.6168855335655272,-0.6218564441822658
60.14903812409667,4.229396649848818,0.5560109881739328,3.6031933896873687,-0.6262032601614491
60.36657710373692,4.220033319211806,0.5556574155931777,3.5894666496622936,-0.6305666695495127
60.58490284920315,4.2106477705472365,0.5559369020358674,3.575705256051243,-0.6349425144959935
60.8040182059646,4.201233279760702,0.556116263601331,3.561909152749539,-0.6393241270111631
61.02392602978153,4.1917793377950545,0.5564497567078147,3.548078285015059,-0.6437010527799956
61.24462918674261,4.182270518219081,0.5567496749611384,3.5342125994963385,-0.6480579187227424
61.46613055330214,4.17268562387391,0.556840451858588,3.520312044260726,-0.6523735796131844
61.68843301631763,4.162997234090888,0.5569016805550898,3.506376568822473,-0.6566206652684148
61.91153947308737,4.152979448555268,0.5569036317213877,3.4924061241708086,-0.6605733243844591
62.13545283138821,4.142727469089651,0.5568759678742449,3.478400662798029,-0.6643268062916223
62.36017600951348,4.132255599865433,0.5567938936187091,3.464360138727499,-0.6678954611379337
62.58571193631096,4.121517497639067,0.5565565520690835,3.450284507541668,-0.6712329900973986
62.81206355122115,4.11046620742116,0.5558658526741758,3.4361737264100247,-0.6742924810111353
63.03923380431546,4.099056588059177,0.5552843265359546,3.422027754117045,-0.6770288339421322
63.26722565633477,4.087247871221884,0.5557380940787351,3.407846551090043,-0.6794013201318405
63.49604207872798,4.075006165609789,0.5560229023276545,3.3936300794270386,-0.6813760861827505
63.72568605369067,4.062306715664262,0.5563881949155648,3.3793783029245277,-0.6829284127397339
63.95616057420408,4.049135739280391,0.5565656685995826,3.3650911871052194,-0.6840445521751719
64.18746864407406,4.03549170072556,0.5563763043893645,3.350768699245726,-0.6847230014798336
64.41961327797017,4.021385920120032,0.5558242258527224,3.3364108084041777,-0.6849751117158545
64.65259750146508,4.00684247471027,0.5550054194363498,3.3220174854477453,-0.6848249892625247
64.88642435107393,3.9918974044357114,0.5555113531649164,3.3075887030801945,-0.6843087013555169
65.12109687429391,3.9765972887764853,0.5561607285020899,3.293124435869233,-0.6834728529072525
65.35661812964399,3.960997308096541,0.5563148631769493,3.278624660273894,-0.6823726478226471
65.5929911867048,3.9451589358957566,0.5564631300693504,3.264089354671773,-0.6810695812239835
65.8302191261586,3.9291474255560104,0.5566622758087723,3.2495184993862494,-0.679628926169761
66.06830503982944,3.9130292554064123,0.5569290072484469,3.2349120767135195,-0.6781171786928928
66.3072520307235,3.896869680648461,0.5570586164204776,3.2202700709496663,-0.6765996096987945
66.54706321306945,3.88073051328241,0.5571052084885043,3.2055924684175285,-0.6751380448648816
66.78774171235914,3.8646682164443167,0.5571264872313774,3.1908792574935534,-0.6737889589507633
67.02929066538825,3.848732362845789,0.557145796412233,3.1761304286344827,-0.6726019342113063
67.27171322029716,3.8329644731218657,0.5571610290938229,3.161345974403984,-0.6716184987178817
67.5150125366121,3.8173972228927617,0.557168356493452,3.146525889499166,-0.6708713333935958
67.75919178528623,3.8020539896049463,0.5571723098940302,3.1316701707769568,-0.6703838188279896
68.00425414874094,3.7869487024420607,0.5571740715665479,3.1167788172803945,-0.6701698851616662
68.25020282090742,3.772085959740499,0.5571728426624074,3.1018518302648,-0.6702341294756993
68.49704100726824,3.757461385852853,0.5571690473202995,3.0868892132238024,-0.6705721726290506
68.74477192489911,3.743062209763341,0.557165496872272,3.0718909719152863,-0.6711712378480548
68.99339880251085,3.728868057098417,0.5571574464562304,3.0568571143871353,-0.6720109427112817
69.24292488049144,3.714851952195362,0.5571439968908217,3.0417876510029416,-0.6730643011924204
69.49335341094825,3.7009815252923968,0.5571265768464123,3.026682594467496,-0.6742989308249006
69.74468765775045,3.6872204110868854,0.5571116903741833,3.0115419598521638,-0.6756784512347216
69.99693089657153,3.673488647749652,0.5570847720350817,2.996365764620162,-0.6771228831294902
70.25008641493199,3.6594702529369183,0.5570335198959309,2.9811540286516016,-0.6783162242853167
70.50415751224219,3.6453981376038502,0.5569408179767729,2.965906774268476,-0.6794913633353743
70.7591474998454,3.6312824315604892,0.5569450602350268,2.950624026259414,-0.6806584053010751
71.01505970106085,3.6170913841330545,0.5568501171221464,2.9353058119043323,-0.6817855722287223
71.27189745122715,3.6027987644942243,0.556636630739684,2.9199521609989105,-0.6828466034953138
71.52966409774568,3.588384866057675,0.5565175956955518,2.9045631058788755,-0.6838217601787995
71.78836300012429,3.5738371243560074,0.5562072608184248,2.8891386814441598,-0.6846984429118477
72.04799753002101,3.559150306162481,0.5557210970322762,2.8736789251828534,-0.6854713809796276
72.30857107128809,3.544326260568896,0.5551896131330111,2.8581838771950165,-0.6861423833738796
72.57008702001595,3.5293732579745942,0.5553899444091395,2.8426535802162656,-0.6867196777583287
72.83254878457763,3.5143049766787247,0.5555050484753623,2.827088079641243,-0.6872168970374815
73.09595978567305,3.499139224978995,0.5560806931751184,2.8114874235468243,-0.6876518014321706
73.36032345637369,3.4838965059488682,0.5562765716484825,2.7958516627151875,-0.6880448432336808
73.62564324216731,3.468598540014076,0.5565041112498594,2.78018085065671,-0.6884176893573661
73.89192260100285,3.4532668562348743,0.5565486050445964,2.7644750436325847,-0.6887918126022896
74.15916500333542,3.4379215475600144,0.5564462901591299,2.74873430067733,-0.6891872468826845
74.42737393217172,3.422580260542821,0.5565415482508285,2.7329586836210296,-0.6896215769217915
74.69655288311527,3.4072574596700154,0.5564608222704266,2.7171482571114356,-0.6901092025585798
74.966705364412,3.3919639747201806,0.5565140008219804,2.7013030886357576,-0.690660886084423
75.23783489699602,3.3767068109405205,0.5566521576785971,2.6854232485423517,-0.6912835623981688
75.50994501453548,3.361489180192402,0.5568694074034201,2.6695088100621165,-0.6919803701302856
75.78303926347863,3.346310699190573,0.5569291374667122,2.653559849329711,-0.6927508498608619
76.05712120310001,3.3311676994745607,0.5569485110450311,2.637576445404509,-0.6935912540700517
76.33219440554694,3.31605360180823,0.5569407951961963,2.6215586802913684,-0.6944949215168617
76.60826245588589,3.3009593227009333,0.5569795811637653,2.605506638961167,-0.6954526837397661
76.88532895214942,3.285873698771253,0.556981498536638,2.589420409371045,-0.6964532894002078
77.16339750538295,3.27078393147681,0.5569845173095738,2.573300082484492,-0.6974838489923183
77.44247173969177,3.2556760662490927,0.5569911846943089,2.5571457522911545,-0.6985303139579382
77.72255529228846,3.240535523482718,0.5569921013974046,2.540957515826392,-0.699578007656326
78.00365181354013,3.225347692997934,0.5569718831951965,2.5247354731906033,-0.7006122198073306
78.28576496701601,3.210098589361648,0.5569098719710135,2.5084797275683,-0.7016188617933476
78.5688984295353,3.194775545721823,0.556828094935619,2.492190385246922,-0.7025851604749014
78.853055891215,3.179367902864067,0.5567721345794072,2.47586755563539,-0.7035003472286769
79.13824105551804,3.1638676328523907,0.5567178982251446,2.4595113512824276,-0.7043562815699631
79.42445763930151,3.148269827338803,0.556575007153611,2.4431218878945744,-0.7051479394442284
79.71170937286517,3.1325729824772104,0.5566843724875543,2.4266992843539836,-0.7058736981232268
80.0,3.1166642925870676,0.5567588819689624,2.410243662735906,-0.7064206298511615
80.28933327803705,3.0992853035728114,0.5567513598106856,2.3937551483259294,-0.705530155246882
80.57971297789629,3.081707303244718,0.5567065058961401,2.3772338696369335,-0.7044734336077845
80.87114288413603,3.0640546037645713,0.5567353951141867,2.360679958425762,-0.7033746453388092
81.1636267950019,3.046337671858714,0.5568327293387486,2.344093549709629,-0.7022441221490849
81.45716852247654,3.028566830046458,0.556863328741599,2.327474781782211,-0.7010920482642469
81.75177189232933,3.010751258927197,0.5568863430955575,2.3108237962294833,-0.6999274626977137
82.04744074416612,2.9928981439215043,0.5569421001020861,2.2941407379452405,-0.6987574059762638
82.34417893147935,2.975012061787263,0.5569554034308053,2.277425755146346,-0.6975863066409169
82.64199032169827,2.9570946759870775,0.5569450268037144,2.2606789993876593,-0.6964156765994183
82.9408787962393,2.93914477532544,0.5569759738308683,2.243900625576681,-0.6952441497487589
83.24084825055664,2.92115865164304,0.5569912102529099,2.227090791987895,-0.6940678596551453
83.5419025941931,2.903130774721605,0.557023720725378,2.2102496602767934,-0.6928811144448117
83.84404575083097,2.885054690425921,0.5570180182932559,2.1933773954935862,-0.6916772949323349
84.14728165834313,2.8669240452434988,0.557047832781957,2.176474166096645,-0.6904498791468536
84.45161426884457,2.8487336290179908,0.5570509800140644,2.1595401439655677,-0.6891934850524231
84.75704754874363,2.8304803285490703,0.5570210590037281,2.1425755044139727,-0.6879048241350976
85.06358547879385,2.8121638970790706,0.5569449602484512,2.125580426201949,-0.6865834708771215
85.37123205414589,2.7937874665852824,0.5568432690638323,2.108555091548201,-0.6852323750370815
85.67999128439948,2.7753577586885356,0.5568409172476315,2.0914996861418547,-0.683858072546681
85.9898671936557,2.7568849824599173,0.5569076976356785,2.0744143991539277,-0.6824705833059896
86.30086382056959,2.7383824401044947,0.5569562215014006,2.0572994232485007,-0.681083016855994
86.6129852184025,2.7198658906665845,0.5570389892751649,2.0401549545935103,-0.6797109360730742
86.92623545507516,2.701352744304085,0.5570729908186072,2.022981192871251,-0.6783715514328339
87.24061861322062,2.6828611726411022,0.5570722385347902,2.005778341288495,-0.6770828313526072
87.5561387902374,2.664409222765647,0.5570562772879704,1.9885466065863084,-0.6758626161793384
87.87280009834294,2.6460140135853916,0.5570307689912055,1.9712861990494877,-0.6747278145359039
88.19060666462727,2.627691074828883,0.5570200309527967,1.9539973325156796,-0.6736937423132034
88.50956263110668,2.6094538636782563,0.5570049933625247,1.9366802243841468,-0.6727736392941095
88.82967215477768,2.5913134653166168,0.5569488603886401,1.9193350956241417,-0.671978369692475
89.15093940767139,2.5732784554844628,0.5570199308181695,1.9019621707829941,-0.6713162847014686
89.4733685769077,2.555354879463506,0.5570456149498282,1.8845616779937842,-0.6707932014697218
89.79696386474983,2.5375462863680216,0.5570807909053609,1.8671338489826892,-0.6704124373853324
90.12172948865935,2.5189848441485196,0.557048754061358,1.8496789190759422,-0.6693059250725775
90.44766968135086,2.499086124738799,0.557052943356039,1.832197127206464,-0.6668889975323349
90.7747886908473,2.479297914242343,0.5570144968630917,1.8146887159200848,-0.6646091983222582
91.10309078053533,2.459613162855929,0.5569036633582929,1.7971539313814413,-0.6624592314744875
91.43258022922082,2.4400215177133493,0.5567785609460837,1.7795930233794466,-0.6604284943339027
91.7632613311846,2.4205089233667856,0.5566689864351599,1.762006245332467,-0.6585026780343186
92.0951383962386,2.4010572712182565,0.5567507047822148,1.7443938542930508,-0.6566634169252057
92.42821574978186,2.381644198993861,0.5568355080338505,1.7267561109523035,-0.6548880880415575
92.7624977328568,2.3622431422325576,0.5569406527264681,1.7090932796439073,-0.6531498625886503
93.0979887022062,2.3428237236638587,0.5569370934874412,1.691405628347718,-0.6514180953161408
93.4346930303295,2.3233525338934875,0.5569461910930105,1.6736934286930198,-0.6496591052004677
93.7726151055401,2.303794311354446,0.556912025279799,1.6559569559613638,-0.6478373553930823
94.1117593320225,2.2841134767103117,0.556727809030897,1.6381964890890302,-0.6459169876212816
94.45213012988958,2.264275924242595,0.5565948650072122,1.6204123106691048,-0.6438636135734901
94.79373193524032,2.24425092824014,0.5564895842608667,1.6026047069531615,-0.6416462212869785
95.13656920021768,2.2240129932892305,0.5564258067897279,1.584773967852543,-0.6392390254366875
95.4806463930664,2.203543469001346,0.5562300589518807,1.5669203869392645,-0.6366230820620815
95.82596799819136,2.182831764241067,0.5561634240368973,1.549044261446519,-0.6337875027945481
96.17253851621624,2.161876032153085,0.5560693344498611,1.5311458922687347,-0.6307301398843503
96.52036246404175,2.1406832506254485,0.5562418864702959,1.513225583961335,-0.6274576666641134
96.8694443749048,2.1192686860924113,0.5562911921452388,1.4952836447399844,-0.6239850413524268
97.21978879843752,2.097654793074513,0.5564322149751708,1.4773203864795124,-0.6203344065950007
97.57140030072652,2.0758696588208707,0.5564234824511328,1.4593361247123966,-0.6165335341084741
97.9242834643724,2.053945144244137,0.5561217004217547,1.441331178626825,-0.6126139656173122
98.2784428885496,2.03191489382837,0.5559050991912026,1.4233058710644018,-0.6086090227639682
98.6338831890661,2.009812386503972,0.5556314629043888,1.4052605285173987,-0.6045518579865734
98.99060899842377,1.9876691783311777,0.5557949107531638,1.3871954811256146,-0.6004736972055631
99.34862496587871,1.9655134511066805,0.5563431077597825,1.3691110626727974,-0.5964023884338832
99.70793575750186,1.943368935709449,0.556439646613867,1.3510076105827022,-0.5923613251267468
100.06854605623964,1.9208474580836938,0.5564959019132105,1.3328854659147011,-0.5879619921689927
100.43046056197528,1.8968970779964582,0.5566074046265612,1.3147449733589718,-0.5821521046374865
100.79368399158986,1.8729552675434071,0.5566590480980917,1.2965864812312689,-0.5763687863121383
101.15822107902378,1.8490668891691477,0.5567308975599423,1.2784103414673407,-0.5706565477018071
101.52407657533864,1.8252300197504905,0.5568167514379783,1.2602169096167974,-0.565013110133693
101.89125524877898,1.801438771676768,0.5568461573353463,1.242006544836691,-0.5594322268400769
102.25976188483445,1.777684010874097,0.5568478531489575,1.2237796098846119,-0.5539044009894851
102.62960128630226,1.7539541202192925,0.5568455665885373,1.2055364711113532,-0.5484176491079393
103.00077827334977,1.7302357812898617,0.556811694334609,1.1872774984531742,-0.5429582828366875
103.37329768357718,1.7065147540961565,0.5567710013447368,1.1690030654236443,-0.5375116886725122
103.74716437208076,1.6827766358369072,0.5567087470753322,1.1507135491050384,-0.5320630867318688
104.12238321151604,1.6590075768410752,0.5565518729401694,1.1324093301393348,-0.5265982467017405
104.49895909216124,1.6351949270123658,0.5563265918899073,1.1140907927187622,-0.5211041342936036
104.87689692198116,1.6113277823155805,0.5562265431973213,1.0957583245759352,-0.5155694577396452
105.256201626691,1.5873974007653722,0.5561833464161825,1.0774123169735605,-0.5099850837918116
105.63687814982072,1.5633974627293092,0.5560454823294256,1.0590531646937047,-0.5043442980356045
106.0189314527793,1.5393241613615913,0.5560127831823476,1.0406812660266476,-0.49864289533494377
106.40236651491952,1.515176124261009,0.5563528314808517,1.0222970227593011,-0.4928791015017078
106.78718833360271,1.4909541843872205,0.5565390676770551,1.0039008401631944,-0.48705334422402613
107.17340192426424,1.4666610335821915,0.5566961411867801,0.9854931269820301,-0.4811679066001614
107.56101232047834,1.442300802704171,0.556778452700828,0.9670742954188252,-0.4752265072853459
107.95002457402416,1.4178786162785606,0.5567769108429749,0.9486447611225993,-0.4692338551559613
108.3404437549514,1.39340016610414,0.5567363615739878,0.9302049431746529,-0.4631952229294871
108.7322749516465,1.3688713383930633,0.5566658047170492,0.9117552640743867,-0.4571160743186766
109.12552327089878,1.3442979149201655,0.5566000020392188,0.8932961497247297,-0.4510017651954358
109.52019383796724,1.3196853529828978,0.5565575430953732,0.8748280294171127,-0.4448573235657851
109.91629179664712,1.2950056231591027,0.5565917951489335,0.8563513358160018,-0.43865428734310097
110.3138223093371,1.269404578931951,0.5564569217587978,0.8378665049430378,-0.4315380739889132
110.71279055710656,1.2434886279581079,0.5562354244951153,0.819373976160695,-0.4241146517974129
111.113201739763,1.2175496581302987,0.5560213498427395,0.8008741921555527,-0.41667546597474603
111.51506107591992,1.191589786284558,0.5560438421702549,0.7823675989211285,-0.4092221873634294
111.9183738030649,1.1656100826317584,0.5562114665276108,0.7638546457402494,-0.40175543689150894
112.32314517762758,1.1396103462775713,0.5564107893579369,0.7453357851670434,-0.39427456111052794
112.72938047504849,1.1135888383411796,0.5564598050903836,0.7268114730084771,-0.38677736533270246
113.1370849898476,1.0875419970413631,0.5565785694439142,0.7082821683054442,-0.3792598287359189
113.54626403569344,1.0614641721452713,0.5567265522198865,0.689748333313468,-0.37171583883180337
113.95692294547224,1.0353474263671973,0.5567787839120755,0.6712104334829578,-0.3641369928842395
114.3690670713576,1.0091814569709907,0.5568308720083047,0.6526689374390292,-0.3565125195319615
114.78270178488005,0.9829536903894098,0.5568419427932827,0.6341243169609083,-0.3488293734285015
115.19783247699708,0.9566495947271587,0.5568108882454148,0.6155770469609311,-0.34107254776622764
115.61446455816372,0.9302532387990858,0.5568036119028033,0.5970276054630634,-0.3332256333360224
116.03260345840262,0.9037481021311251,0.5567718923392881,0.5784764735810559,-0.3252716285500692
116.45225462737498,0.8771181097017635,0.5566461494915275,0.5599241354961618,-0.3171939742056017
116.87342353445176,0.8503488313468051,0.5564554037376376,0.5413710784344149,-0.30897775291239016
117.29611566878468,0.8234287533440874,0.555978865354381,0.5228177926434834,-0.300610960700604
117.72033653937793,0.7963505041488279,0.5558793876570622,0.504264771369156,-0.29208573277967187
118.14609167515997,0.7691119027871025,0.55567918958252,0.48571251083134637,-0.28339939195575614
118.57338662505542,0.7417167007157595,0.55561093507638,0.46716151019972607,-0.2745551905160334
119.00222695805763,0.714174907574753,0.5557813086236711,0.4486122715689137,-0.2655626360058393
119.43261826330118,0.6865026269956633,0.5560427776629977,0.43006529993327447,-0.25643732706238886
119.86456615013454,0.6587213768755955,0.5563041585261328,0.4115211031612951,-0.24720027371430042
120.29807624819333,0.6301201271681975,0.5564965334114526,0.3929801919695452,-0.23713993519865234
120.73315420747385,0.6011287454115433,0.5566275067359385,0.37444307989624137,-0.2266856655153019
121.16980569840632,0.5721118950770236,0.5567909825881764,0.3559102832743972,-0.21620161180262643
121.60803641192916,0.5430977588719514,0.5568854782405875,0.3373823212045604,-0.20571543766739103
122.04785205956306,0.5141115383644159,0.5569430094469694,0.31885971552715514,-0.19525182283726078
122.48925837348524,0.4851738212332659,0.5569728959028463,0.300342990794439,-0.18483083043882692
122.93226110660429,0.4562993399496573,0.557018754638357,0.2818326742420338,-0.17446666570762354
123.37686603263526,0.42749623118306523,0.557062578477031,0.2633292957600414,-0.16416693542302385
123.82307894617476,0.39876585627352945,0.5570736804903382,0.24483338786383468,-0.15393246840969477
124.2709056627764,0.3701031897923741,0.5570661291633477,0.2263454856643819,-0.14375770412799221
124.72035201902696,0.34149773037345454,0.5570413136948739,0.20786612683821615,-0.1336316035352384
125.17142387262194,0.3129348403754424,0.5569813856104486,0.1893958515970053,-0.12353898877843708
125.62412710244227,0.28439738233304546,0.5568737415308586,0.17093520265674733,-0.11346217967629812
126.07846760863092,0.25586749381795215,0.5567730218923653,0.15248472520654752,-0.10338276861140464
126.53445131266956,0.2273283307158973,0.5565358966998504,0.13404496687707346,-0.09328336383882385
126.99208415745596,0.19876561337299314,0.556477298830088,0.11561647770855407,-0.08314913566443907
127.45137210738136,0.17016883088030355,0.5565135288653138,0.09719981011848088,-0.07296902076182267
127.91232114840818,0.14153199452850274,0.5563643560943,0.07879551886886037,-0.06273647565964237
128.3749372881481,0.11285387925185475,0.5559813956791231,0.0604041610331713,-0.05244971821868345
128.83922655594034,0.08413774710109578,0.5562321390011936,0.042026295962866264,-0.04211145113822952
129.3051950029302,0.055390603564962504,0.5564473910119307,0.02366248525358823,-0.03172811831137427
129.77284870214783,0.02662208938828492,0.5566835375786268,0.005313292710990274,-0.021308796677294645
130.24219374858782,-0.0005677491258353484,0.5568329471084722,-0.013020715683829676,-0.012452966557994327
130.713236259288,-0.02626404922722614,0.5567991326229667,-0.03133897180920681,-0.0050749225819806745
131.1859823734096,-0.05195038607128133,0.5567518596583719,-0.0496409054381627,0.0023094806331186296
131.6604382523172,-0.07761958979121353,0.5566365385402311,-0.06792594427401286,0.009693645517200672
132.1366100796589,-0.10326746141299914,0.5567315633532423,-0.08619351398632151,0.01707394742667763
132.61450406144698,-0.12889295060263883,0.5566866089735684,-0.1044430382471669,0.024449912355471934
133.0941264261389,-0.15449788771527118,0.5566893218683998,-0.12267393876782662,0.03182394894744456
133.5754834247183,-0.1800863258450338,0.5565450893930056,-0.14088563533568693,0.03920069050934688
134.05858133077646,-0.20566359735069817,0.5564033282192393,-0.15907754585159575,0.046586051499102415
134.54342644059432,-0.23123522227020743,0.5562807657637423,-0.17724908636748155,0.053986135902725885
135.03002507322424,-0.25680581953861825,0.556240572723599,-0.19539967112431128,0.06140614841430697
135.51838357057244,-0.2823781653905204,0.5556969925950848,-0.2135287125903782,0.06884945280014221
136.00850829748188,-0.30795251908703314,0.556147834483788,-0.23163562149990752,0.07631689758712562
136.5004056418149,-0.3335262982484437,0.5565192544730948,-0.24971980689197926,0.08380649135646445
136.99408201453647,-0.35909414066493284,0.5564557024584634,-0.267780676149743,0.09131346451518985
137.48954384979822,-0.3846483425123193,0.5566466860705132,-0.2858176350399767,0.09883070747234257
137.98679760502174,-0.410179620299985,0.5566726159029642,-0.30383008775292397,0.10634953254706103
138.4858497609829,-0.43567811015241453,0.5568426239408023,-0.3218174369424051,0.11386067321000942
138.9867068218965,-0.46113449573274856,0.5569345729777376,-0.33977908376629673,0.12135541196645183
139.4893753155009,-0.4865411463568705,0.5569436572184442,-0.3577144279272438,0.12882671842962673
139.99386179314303,-0.511893149095819,0.5569599749507137,-0.37562286771363956,0.1362702813821794
140.50017282986397,-0.5345608997343927,0.5569284162035884,-0.3935038000409819,0.1410570996934108
141.0083150244844,-0.5547194962693549,0.5568710418211197,-0.41135662049339466,0.14336287577596024
141.5182949996908,-0.5748317330332426,0.5567854759012861,-0.4291807233654994,0.14565100966774325
142.0301194021217,-0.5949086508670547,0.55665663420402,-0.4469755017045398,0.14793314916251488
142.5437949024543,-0.6149648355807624,0.55656103403712,-0.46474034735273845,0.15022448822802398
143.05932819549133,-0.6350175671811762,0.5566489750146311,-0.4824746509899491,0.15254291619122706
143.57672600024858,-0.6550857223483284,0.5566754073999846,-0.5001778021765667,0.1549079201717617
144.09599506004207,-0.6751885196534086,0.5566725268896763,-0.5178491893966561,0.1573393302567525
144.61714214257614,-0.6953442103647536,0.5565624427179046,-0.5354882001013458,0.1598560102634078
145.1401740400319,-0.7155688219451584,0.5564109718128523,-0.5530942207524655,0.16247460119269286
145.66509756915525,-0.7358750560649003,0.5560790317800068,-0.5706666368664177,0.16520841919848261
146.1919195713461,-0.7562714287337311,0.5562856495390783,-0.5882048330582766,0.16806659567545446
146.72064691274738,-0.7767617188615201,0.5563780364678327,-0.6057081930861138,0.17105352577540633
147.25128648433466,-0.7973447652196679,0.5562094516171854,-0.6231760998955351,0.17416866532413278
147.78384520200566,-0.8180146232710666,0.5558717395692877,-0.6406079356644548,0.1774066876066117
148.31833000667083,-0.838761065008951,0.5558252964946687,-0.6580030818480712,0.18075798316087976
148.85474786434347,-0.8595703793059677,0.5559330946867782,-0.67536091922404,0.18420946008192773
149.39310576623052,-0.8804264093135892,0.5559368279760591,-0.6926808279378369,0.18774558137575226
149.933410728824,-0.901311748555834,0.5561454664251023,-0.7099621875483648,0.19134956100746914
150.47566979399204,-0.922209009051814,0.5561761723056485,-0.7272043770736865,0.19500463197812756
151.01989002907095,-0.943102072553895,0.5562435585282703,-0.7444067750369939,0.19869529751690107
151.56607852695726,-0.9610792259432834,0.5562131693857457,-0.7615687595127121,0.19951046643057135
152.11424240620005,-0.9763351792335957,0.5558970334293419,-0.7786897081728128,0.1976454710607829
152.66438881109383,-0.9915567050461167,0.5564035523412826,-0.7957689983332762,0.19578770671284051
153.21652491177178,-1.0067420986366287,0.5566417018760726,-0.8128060070007121,0.19393609163591652
153.77065790429887,-1.0218942310712897,0.556757021620797,-0.8298001109191528,0.1920941201521369
154.32679501076586,-1.0370202537171984,0.5568163063676101,-0.8467506866169856,0.1902695671002128
154.88494347938354,-1.0521309496775295,0.5567852648388102,-0.8636571104540203,0.18847383922350924
155.44511058457695,-1.067239768133021,0.5566748747482075,-0.8805187586687291,0.18672100946429193
156.00730362708023,-1.0823616065721495,0.5565553060377025,-0.8973350074255697,0.18502659914657982
156.571529934032,-1.0975114333607188,0.5563402807331277,-0.9141052328624887,0.1834062004982301
157.13779685907062,-1.1127028657558178,0.556343355734172,-0.9308288111385079,0.18187405461730988
157.70611178243,-1.1279468326593776,0.5564018240259594,-0.9475051184814451,0.18044171417793242
158.27648211103607,-1.1432504537255355,0.5564291868486518,-0.9641335312357233,0.17911692248981215
158.84891527860304,-1.1586162546137349,0.5565393773856216,-0.9807134259103294,0.17790282870340546
159.42341874573032,-1.1740418114869833,0.5568447413376109,-0.9972441792268095,0.17679763226017375
160.0,-1.1895198777665659,0.556983238111201,-1.0137251681674084,0.17579470959915744
160.5786665560741,-1.2050389963964943,0.5570600716198288,-1.03015577002325,0.17488322637324427
161.1594259557926,-1.2205845470783192,0.5571033185914098,-1.0465353624426454,0.17404918463567376
161.74228576827207,-1.2361401267359433,0.5571235946943883,-1.0628633234794247,0.17327680325651862
162.3272535900038,-1.2516891200602647,0.5571155900945176,-1.079139031641372,0.17255008841889263
162.91433704495307,-1.267216290824127,0.5570753208180235,-1.0953618659386948,0.17185442488543212
163.50354378465866,-1.2792632744963868,0.5570822818110074,-1.1115312059325833,0.16773206856380352
164.09488148833225,-1.2880830338389249,0.5570632807554502,-1.1276464317837693,0.16043660205515553
164.6883578629587,-1.2968561810432657,0.5570182871054525,-1.1437069243011715,0.15314925674209423
165.28398064339655,-1.3055835881002338,0.5569557146527601,-1.159712064990551,0.14587152310968277
165.8817575924786,-1.314270482005206,0.5568640717176606,-1.1756612361031988,0.13860924590200718
166.48169650111328,-1.3229255451682373,0.5566133549632792,-1.19155382068466,0.13137172448357726
167.0838051883862,-1.3315596165357757,0.5564839448101719,-1.207389202623461,0.12417041391231476
167.68809150166194,-1.3401841423219238,0.5560903335336085,-1.2231667666998471,0.1170173756220767
168.29456331668626,-1.3488095544492413,0.5555172190563518,-1.2388858986345306,0.10992365581471075
168.90322853768913,-1.3574437632714567,0.5559573334595328,-1.2545459851374359,0.10289777813402079
169.51409509748726,-1.366090938605275,0.5562657210943573,-1.2701464139564338,0.09594452464884129
170.1271709575877,-1.374750721369855,0.5565362122682765,-1.2856865739260481,0.08906414744380697
170.74246410829178,-1.383417961168714,0.5565854400375935,-1.3011658550161767,0.08225210615253742
171.35998256879896,-1.3920830181325279,0.5566534143869545,-1.3165836483807243,0.0754993697518036
171.9797343873114,-1.4007326064791599,0.5567029184838643,-1.3319393464062728,0.06879326007288711
172.60172764113918,-1.4093510989001565,0.5567851097458522,-1.3472323427606514,0.06211875613950513
173.225970436805,-1.4179221612160493,0.5569757217583354,-1.3624620324414842,0.055460128774565076
173.85247091015032,-1.426430550854965,0.5570614686922022,-1.377627811824677,0.04880273903028809
174.48123722644124,-1.4348638940435539,0.5570525717192774,-1.392729078712872,0.04213481533068175
175.1122775804748,-1.443214256871311,0.557045360830065,-1.4077652323837766,0.03544902448753451
175.74560019668587,-1.451479344394171,0.556971210745286,-1.422735673638465,0.02874367075570583
176.38121332925454,-1.4561386573256616,0.5568896153174855,-1.4376398048496113,0.01849885247605032
177.01912526221335,-1.457488066125455,0.5567803600005136,-1.4524770300095582,0.005011036115896816
177.65934430955537,-1.4587831727342273,0.5567140220772975,-1.4672467547784227,-0.008463582044195395
178.30187881534275,-1.4600453017131798,0.5566472514878263,-1.4819483865319518,-0.021903084818772012
178.9467371538154,-1.4612991034418847,0.5566114786349838,-1.4965813344093972,-0.035282230967512485
179.59392772949963,-1.4625706480970457,0.5565586209560299,-1.5111450093612075,-0.048574361264161814
180.2434589773187,-1.4638853372966594,0.5562461987568823,-1.5256388241966392,-0.06175348689997984
180.8953393627017,-1.4652658153938187,0.5558365486942631,-1.5400621936311927,-0.07479637823737395
181.5495773816946,-1.4667300579580438,0.5552396092885326,-1.5544145343340028,-0.087684476375959
182.20618156107065,-1.4682897925574885,0.5550165047550563,-1.568695264974982,-0.10040547241749342
182.86516045844164,-1.4699493696894272,0.5557742503960232,-1.5829038062719303,-0.11295443658250304
183.5265226623692,-1.4717051548178297,0.5563651548224751,-1.5970395810374012,-0.12533442621957147
184.1902767924772,-1.4735454622755366,0.55653766129625,-1.6111020142254755,-0.13755655194993888
184.8564314995637,-1.4754510047296225,0.5563902884918245,-1.6250905329783394,-0.14963952824871685
185.52499546571363,-1.4773957934559956,0.5562071612470247,-1.639004566672707,-0.16160877321671152
186.1959774044124,-1.479348398422614,0.5562843131258299,-1.6528435469660552,-0.17349514854344128
186.869386060659,-1.481273464595425,0.5564412671096457,-1.6666069078426977,-0.18533344324727263
187.5452302110802,-1.4831333812851142,0.5565223158160831,-1.6802940856596447,-0.19716070437453048
188.223518664045,-1.4848900119464545,0.5565615300641067,-1.6939045191922975,-0.20901450724584292
188.9042602597792,-1.486506408535023,0.5565008515190507,-1.7074376496799137,-0.2209312411448907
189.58746387048063,-1.4879484524097606,0.5565965262496158,-1.7208929208708899,-0.23294446846112926
190.27313840043536,-1.4857332270713428,0.5565962145527384,-1.7342697790678232,-0.2485365519964804
190.9612927861328,-1.4801338031952938,0.5567511581098614,-1.7475676731723595,-0.26743386997706575
191.65193599638275,-1.4742890916622837,0.5568138784539001,-1.7607860547297927,-0.28649696306750894
192.3450770324325,-1.4681898350183253,0.5568194728469167,-1.7739243779734863,-0.305734542955161
193.04072492808356,-1.461835340703022,0.5568438061620572,-1.7869820998690082,-0.32514675916598623
193.7388887498096,-1.4552338569968875,0.5568269838208956,-1.7999586801580343,-0.34472482316114683
194.43957759687504,-1.44840258475271,0.5568103577590653,-1.812853581402052,-0.3644509966493421
195.14280060145305,-1.4413672867195846,0.556830720319905,-1.8256662690257155,-0.3842989823061309
195.8485669287448,-1.4341614742399056,0.5568134412687484,-1.8383962113600603,-0.4042347371201547
196.5568857770992,-1.4268251771927183,0.5567541820823102,-1.8510428796853464,-0.42421770249262813
197.2677663781322,-1.4194033348659456,0.5566418448074736,-1.8636057482736963,-0.4442024134077507
197.9812179968475,-1.4119438791018943,0.5567167844810741,-1.8760842944314353,-0.464140415329541
198.69724993175743,-1.4044956124133456,0.556727136329138,-1.8884779985411535,-0.48398238612780786
199.4158715150037,-1.3971060079805255,0.5567388143057256,-1.900786344103495,-0.5036803361229694
200.13709211247928,-1.389819072041849,0.5567373319958064,-1.9130088177786027,-0.5231897457367536
200.86092112395056,-1.382673409537766,0.5567122351822957,-1.9251449094273454,-0.5424714998895794
201.5873679831797,-1.375700620260842,0.5566563048133785,-1.937194112152196,-0.5614934918913541
202.31644215804755,-1.3689241263331535,0.5566612301642723,-1.9491559223377704,-0.5802317960046168
203.0481531506773,-1.362358495449815,0.5565413523587396,-1.9610298396911432,-0.5986713442413283
203.78251049755795,-1.3560092822674772,0.5564517845129718,-1.9728153672817492,-0.616806085014272
204.5195237696689,-1.3498733673986134,0.5565447528970908,-1.9845120115810349,-0.6346386441824214
205.2592025726045,-1.3426436680544178,0.5565328411298156,-1.9961192825017282,-0.6534756144473104
206.00155654669956,-1.3344204494603922,0.556490184701075,-2.0076366934368224,-0.6732162439764302
206.7465953671544,-1.3263585370269908,0.5565003682458487,-2.0190637612981788,-0.692705224271188
207.49432874416155,-1.3184308340916466,0.5565318185274724,-2.0304000065548236,-0.7119691724631769
208.2447664230321,-1.310607856499752,0.5564926533040968,-2.041644953270866,-0.731037096771114
208.9979181843225,-1.3028591893560755,0.5564032044187494,-2.0527981291430972,-0.7499389397870218
209.7537938439623,-1.2951548182114898,0.5562479246442662,-2.0638590655381934,-0.7687042473267036
210.512403253382,-1.2874662963988222,0.5559645252110597,-2.074827297529597,-0.7873610011307748
211.27375629964143,-1.2797677301874053,0.555812974104,-2.0857023639340158,-0.8059346337466105
212.0378629055586,-1.2720365753506204,0.5558160551731071,-2.096483807347531,-0.8244472319969107
212.80473302983904,-1.264254241633962,0.555801054538738,-2.1071711741813903,-0.8429169325474284
213.57437666720543,-1.256406496951831,0.5557927053371603,-2.1177640146973316,-0.8613575177455006
214.34680384852845,-1.248483655054951,0.5560951953785823,-2.128261883042638,-0.8797782279876869
215.12202464095668,-1.2404805243623507,0.556438333558566,-2.138664337284702,-0.8981838129223512
215.9000491480483,-1.232396096772213,0.5565726264834909,-2.1489709394452547,-0.9165748426730418
216.6808875099028,-1.224232967174304,0.5565325958652639,-2.1591812555341985,-0.9349482883598945
217.464549903293,-1.215996497749945,0.5565041064159452,-2.1692948555830363,-0.9532983578330914
218.2510465417976,-1.2076937734733413,0.5563903732179682,-2.179311313677877,-0.9716175402045355
219.04038767593448,-1.1993324307739623,0.5561124257769297,-2.1892302079920736,-0.9898977772181112
219.83258359329423,-1.1909194725668772,0.5555570654770339,-2.1990511208184236,-1.0081316482515463
220.6276446186742,-1.1824602012641918,0.5551386768434707,-2.2087736386009804,-1.0263134373367886
221.42558111421312,-1.1748845033455417,0.5550412910330416,-2.2183973519664213,-1.0435128486208796
222.22640347952603,-1.1681030822664056,0.5547996515554349,-2.2279218557550275,-1.059818773488622
223.03012215183983,-1.1612746981944202,0.5547339668724348,-2.237346749051213,-1.076072050856793
223.8367476061298,-1.15439344524124,0.5550880876059513,-2.2466716352136498,-1.0922781899724097
224.6462903552552,-1.1474514483233254,0.5553457695817204,-2.2558961219049585,-1.1084446735816331
225.45876095009697,-1.1404397818835204,0.5552705375653375,-2.2650198211209673,-1.124580039237447
226.2741699796952,-1.1333494404480646,0.5552972497562361,-2.2740423492195263,-1.1406929087714617
227.09252807138688,-1.1261721909017357,0.5551269750684094,-2.282963326948916,-1.1567911360471803
227.9138458909445,-1.118901162780281,0.5552127763593278,-2.291782379475782,-1.172881216695501
228.7381341427152,-1.1115310884896026,0.5551278804716022,-2.3004991364126317,-1.1889680479230291
229.5654035697601,-1.1040581801504512,0.5548054398243429,-2.3091132318449312,-1.20505505169448
230.39566495399416,-1.0964797094807128,0.5546723375695322,-2.3176243043576794,-1.2211445948769666
231.22892911632744,-1.0887934263117351,0.5550960842507927,-2.3260319970616226,-1.2372385707498874
232.06520691680524,-1.08099699592392,0.5552470586469598,-2.3343359576189266,-1.2533389616950066
232.90450925475,-1.07308764562082,0.5552804529222286,-2.3425358382684647,-1.2694481926476446
233.74684706890352,-1.065062183246722,0.5548957610284142,-2.3506312958506235,-1.2855691126039015
234.59223133756936,-1.0569174880001189,0.5549407460280307,-2.3586219918316473,-1.3017045038315285
235.44067307875585,-1.048651487030277,0.5551367588968164,-2.366507592327537,-1.3178561052972602
236.2921833503199,-1.0402645349419402,0.5552679333125434,-2.3742877681274774,-1.3340232331855373
237.14677325011084,-1.031761024634143,0.5550733070283677,-2.381962194716807,-1.3502011700826637
238.0044539161153,-1.0231509928359745,0.5551273393371523,-2.38953055229952,-1.3663795594635455
238.8652365266024,-1.0168064250656652,0.5553222244457182,-2.3969925258203206,-1.3801861007546554
239.72913230026907,-1.0125140498774066,0.5552452709653134,-2.4043478049861773,-1.3918337551087707
240.59615249638665,-1.00818963623243,0.5554103778310132,-2.4115960842874467,-1.4034064480550166
241.4663084149477,-1.003872953724402,0.5557056755568422,-2.4187370630184954,-1.4148641092940935
242.33961139681264,-0.9996092529416671,0.5557849546916381,-2.4257704452978777,-1.4261611923562105
243.21607282385835,-0.9954468866934594,0.5556547982744238,-2.43269594008803,-1.4372490533945705
244.0957041191261,-0.99143437192234,0.5555639346426734,-2.4395132612144854,-1.4480788892921455
244.97851674697048,-0.9876171653608612,0.5555740108182715,-2.4462221273846483,-1.458604962023787
245.86452221320852,-0.9840344660006082,0.5554609909087407,-2.452822262206039,-1.4687877962054308
246.75373206527053,-0.9807163580884541,0.5556694830884353,-2.459313394204136,-1.4785970361156817
247.64615789234952,-0.9776815705937967,0.555721133699527,-2.4656952568396817,-1.488013686245885
248.54181132555283,-0.9749360588741922,0.5556464435992271,-2.4719675885255454,-1.4970315296513532
249.44070403805392,-0.9724725215648427,0.5558265086830604,-2.478130132643102,-1.5056576110782594
250.3428477452439,-0.9702708631315549,0.5558201841287849,-2.484182637558151,-1.513911774426596
251.24825420488455,-0.9682995131810248,0.555884469175731,-2.490124856636322,-1.5218253434552973
252.15693521726183,-0.966517429906208,0.5557541902573124,-2.495956548258056,-1.5294391183518479
253.06890262533915,-0.9648765567419453,0.5560766540035633,-2.5016774758330804,-1.5368009190911351
253.9841683149119,-0.963324474500924,0.556203247501708,-2.507287407814394,-1.5439629333134701
254.9027442147627,-0.9618069974377619,0.5562926240118952,-2.5127861177118227,-1.5509791202740608
255.8246422968164,-0.9602704979060093,0.5564223094489392,-2.518173384105073,-1.5579028861990638
256.7498745762962,-0.9586638035041233,0.5565275701479592,-2.523448990656293,-1.5647851871521699
257.6784531118807,-0.9602791583896959,0.5565739632018047,-2.528612726122221,-1.568333567732525
258.6103900058604,-0.964719747330447,0.5565971848224802,-2.5336643843657805,-1.5689446370353335
259.5456974042957,-0.9689626719509139,0.5566065897673587,-2.538603764367268,-1.569641092416354
260.48438749717565,-0.9729755745693858,0.556693777994307,-2.5434306702350504,-1.5704550956656647
261.426472518576,-0.976731077862711,0.5567746403718583,-2.548144911215775,-1.571413833353064
262.3719647468192,-0.9802065229362196,0.5570613286740822,-2.55274630170414,-1.5725397787679203
263.3208765046344,-0.9833837400285397,0.5573719981964836,-2.557234661252157,-1.5738509212236171
264.2732201593178,-0.9862489353231254,0.5573598562841907,-2.5616098145780017,-1.5753608792548763
265.229008122894,-0.988792733006445,0.5572362127077173,-2.5658715915743437,-1.5770788585678988
266.1882528522778,-0.9910103656905473,0.5571059323073523,-2.570019827316256,-1.5790094616257084
267.1509668494366,-0.992901965871761,0.5570366695834078,-2.574054362068611,-1.5811523961968499
268.1171626615529,-0.9944728820480595,0.5570739825409677,-2.577975041293081,-1.5835021592450214
269.08685288118863,-0.9957339292120864,0.5571278333441053,-2.5817817156546323,-1.586047786442546
270.0600501464485,-0.9967014857298953,0.5569634156558849,-2.585474241027555,-1.5887727552976596
271.0367671411449,-0.9973973656280375,0.5568651213999438,-2.5890524785010838,-1.5916551128730463
272.01701659496376,-0.9978484231477083,0.5567983370424693,-2.5925162943845046,-1.5946678712367963
273.00081128362973,-0.9980858798295671,0.5568996401564362,-2.5958655602118696,-1.5977796803823026
273.98816402907295,-0.9981443976868647,0.5568936124275432,-2.5991001527462037,-1.600955755059339
274.97908769959645,-0.998060950195919,0.5568318750969976,-2.602219953983311,-1.6041590037873918
275.97359521004347,-0.9978735623072126,0.5568032779318816,-2.605224851155103,-1.6073512888478905
276.9716995219658,-0.9976199994685686,0.5569217720327732,-2.6081147367324826,-1.610494737263914
277.973413643793,-1.0000098310960492,0.5566344561414206,-2.6108895084278183,-1.610879677331769
278.9787506310018,-1.0047798104395014,0.5560215545734414,-2.6135490691969587,-1.6087692587574574
279.98772358628605,-1.0095830388715523,0.5562173153614822,-2.616093327240769,-1.6065102883692166
281.00034565972794,-1.0144445824492951,0.5566511491791971,-2.618522196006329,-1.6040776135570338
282.0166300489688,-1.0193841796032377,0.5565434681426263,-2.620835594187605,-1.6014514145843672
283.0365899993816,-1.0244157466027737,0.5567511505554272,-2.6230334457257363,-1.5986176991229626
284.0602388042434,-1.0295470625870227,0.5567148724757486,-2.6251156798089053,-1.5955686172218826
285.0875898049086,-1.0347796286336592,0.5565178051573458,-2.627082230871733,-1.5923026022380737
286.11865639098266,-1.0401087036113026,0.5561663463052136,-2.6289330385943392,-1.5888243349830367
287.1534520004972,-1.0455235309753714,0.555960987101634,-2.630668047900885,-1.5851445169255136
288.19199012008414,-1.0510077804125117,0.5560396253157538,-2.6322872089577665,-1.5812794285452547
289.2342842851523,-1.0565402311654175,0.5563639457654059,-2.6337904771713916,-1.577250246005974
290.2803480800638,-1.0620957161186606,0.5564615316675964,-2.6351778131855115,-1.5730820970668509
291.3301951383105,-1.0676463256543212,0.5564623665150941,-2.636449182878181,-1.5688028572238597
292.3838391426922,-1.0731628392953816,0.556483105482079,-2.637604557358314,-1.5644417180629322
293.4412938254948,-1.0786163155450854,0.5565667158754536,-2.638643912961808,-1.5600275974167226
294.5025729686693,-1.0839797325527307,0.5565386957635222,-2.6395672312473115,-1.5555874986945808
295.56769040401133,-1.08922954202116,0.5565694303037269,-2.640374498991562,-1.551144956970402
296.63666001334167,-1.0943469833702473,0.5567178731815184,-2.641065708184394,-1.5467187248141467
297.70949572868693,-1.0993190102337351,0.5567161774012703,-2.641640856023278,-1.5423218457895427
298.78621153246104,-1.1041387093433208,0.5566502082322654,-2.642099944907522,-1.5379612355642012
299.866821457648,-1.1107246429183064,0.5566048996450642,-2.6424429824321445,-1.531718339513838
300.9513395879841,-1.1188586080758096,0.5565107883689445,-2.6426699813812484,-1.5238113733054388
302.0397800581419,-1.126851851388297,0.556397400404902,-2.6427809597211485,-1.5159291083328514
303.1321570539145,-1.134714945119704,0.5563153695402117,-2.6427759405930487,-1.5080609954733446
304.2284848124001,-1.1424589268133456,0.5561426684515005,-2.642654952305398,-1.5001960254920523
305.32877762218766,-1.150093461662955,0.5559025249219929,-2.642418028325863,-1.4923245666629081
306.4330498235436,-1.1576252340957307,0.5558582237379984,-2.6420652072729545,-1.4844399731772238
307.54131580859774,-1.1650567565259724,0.5557672878536202,-2.641596532907301,-1.4765397763813284
308.6535900215317,-1.1723857305443683,0.5554028595682688,-2.641012054122573,-1.4686263235782047
309.7698869587671,-1.179605026324273,0.5549360487407126,-2.64031182493605,-1.4607067986117772
310.8902211691539,-1.1867032700867313,0.5551291972347816,-2.6394959044788715,-1.4527926343921402
312.01460725416047,-1.1936659580240327,0.5555167359866462,-2.638564356985919,-1.4448983989618864
313.14305986806403,-1.20047695783407,0.5558012214485749,-2.637517251785394,-1.4370402939513243
314.27559371814124,-1.2071202227956146,0.5556030761505567,-2.636354663288044,-1.4292344404924293
315.41222356486,-1.213581531445822,0.5554747304123088,-2.6350766709760944,-1.4214951395302724
316.5529642220721,-1.2198500780685695,0.5553333142230791,-2.6336833593917928,-1.4138332813232233
317.6978305572061,-1.2259197717225536,0.5553298909069916,-2.6321748181257414,-1.4062550464031878
318.84683749146063,-1.231790148318611,0.5555132783062656,-2.6305511418048058,-1.3987609934861949
320.0,-1.2374668536283728,0.5558300775401824,-2.628812430079788,-1.3913455764514153
321.157333112148,-1.242961707072773,0.5556993695927587,-2.6269587876127773,-1.3839970805400044
322.31885191158534,-1.248292399565658,0.5556889396322712,-2.6249903240641737,-1.3766979244985156
323.48457153654414,-1.2557327551109818,0.5556505949468764,-2.622907154079455,-1.3671743989684733
324.6545071800075,-1.265038361484864,0.5556613270731536,-2.6207093972756264,-1.3556710357907624
325.82867408990626,-1.274261404948268,0.555045997653979,-2.618397178227384,-1.344135773279116
327.0070875693173,-1.2834357638571117,0.5550282906146398,-2.615970626452998,-1.3325348625958862
328.18976297666444,-1.292597187264203,0.5552932546658751,-2.6134298763999326,-1.3208326891357296
329.3767157259175,-1.3017824494684618,0.5556508395045227,-2.610775067430149,-1.308992617961687
330.5679612867931,-1.3110285168255267,0.5558446545292071,-2.6080063438051786,-1.296977826979652
331.7635151849571,-1.3203716870007316,0.5560102468691593,-2.6051238546709086,-1.284752167670177
332.9633930022266,-1.3298466523289125,0.5560905158048203,-2.602127754042103,-1.2722811017131903
334.1676103767724,-1.339485445387412,0.5561600594509943,-2.5990182007866798,-1.2595327553992677
335.3761830033238,-1.3493162457669357,0.5561821110678965,-2.595795358609717,-1.2464791128427812
336.5891266333727,-1.359362058947534,0.5561335491207746,-2.5924593960372144,-1.2330973370896805
337.80645707537826,-1.3696393161250615,0.5559421820231174,-2.589010486399611,-1.2193711702745493
339.0281901949744,-1.3801564814629828,0.5558871894310062,-2.585448807815063,-1.20529232635208
340.2543419151755,-1.39091278409043,0.5557374092377084,-2.581774543172473,-1.190861759082043
341.4849282165836,-1.4018972109366423,0.5555714246076066,-2.5779878801142946,-1.1760906691776523
342.7199651375978,-1.4130878990606135,0.5555642545757777,-2.57408901101911,-1.1610011119584964
343.9594687746229,-1.4244520509458045,0.5557499154179458,-2.570078132983968,-1.1456260820381634
345.2034552822784,-1.4359464639340302,0.555868874218525,-2.565955447806517,-1.1300089838724867
346.45194087360994,-1.4475187186935194,0.5556000548864489,-2.5617211619669114,-1.114202443273392
347.7049418203007,-1.4591090162592018,0.5556354562647845,-2.5573754866095126,-1.0982664703503109
348.9624744528825,-1.473407712106484,0.5555587591129101,-2.5529186375243653,-1.0795109254178814
350.2245551609494,-1.490001738575737,0.5559707620529296,-2.5483508351284843,-1.0583490965527473
351.49120039337186,-1.5064164078992182,0.5558431090586994,-2.543672304446931,-1.037255896547713
352.76242665850907,-1.522590243058465,0.5561034200712279,-2.5388832750937156,-1.0162930320352506
354.03825052442653,-1.538469183920192,0.5563246642783869,-2.5339839812524563,-0.9955147973322642
355.31868861911084,-1.554009350181655,0.556401918868248,-2.528974661656901,-0.9749653114752461
356.60375763068555,-1.5691792683146613,0.5563904135672932,-2.5238555595712477,-0.9546762912565865
357.89347430763064,-1.5839614097629688,0.5562614706170321,-2.518626922770277,-0.934665513007308
359.1878554589994,-1.5983529379438828,0.5560249434355935,-2.5132890035192905,-0.9149360655754077
360.4869179546374,-1.6123656196241214,0.5560261002799088,-2.5078420585539263,-0.8954764389298049
361.7906787254034,-1.6260249169798957,0.5559120220753263,-2.502286349059747,-0.8762614320798514
363.09915476338927,-1.6393683347185206,0.5556663955322231,-2.4966221406517053,-0.8572538059331847
364.4123631221413,-1.6524431471160046,0.5554872327217079,-2.49084970335344,-0.8384065562374352
365.7303209168831,-1.6653036689031175,0.5553673484559127,-2.4849693115763714,-0.8196656426732538
367.05304532473855,-1.6780082587646525,0.5555115775903511,-2.4789812440987053,-0.8009729853340528
368.3805535849544,-1.690616253665718,0.5555279783782661,-2.472885784044258,-0.7822695303785401
369.71286299912725,-1.7031850264014068,0.555331420980562,-2.4666832188610974,-0.7634981924596906
371.0499909314274,-1.7157673392228503,0.5555975734032618,-2.4603738403001127,-0.7446065010772625
372.3919548088248,-1.7284091355257534,0.556042986990189,-2.4539579443934056,-0.7255488088676523
373.73877212131794,-1.7411478725380185,0.5561519610805954,-2.4474358314325007,-0.7062879588944821
375.09046042216056,-1.7540114542282002,0.5563367865463641,-2.4408078059465215,-0.6867963517183213
376.44703732809,-1.7692675667335322,0.5564772724653737,-2.434074176680145,-0.6648066099466128
377.8085205195583,-1.786630639616579,0.5563661476826575,-2.427235256571486,-0.6406046169549069
379.1749277409615,-1.8041432969619606,0.5562283159649206,-2.4202913627298233,-0.6161480657678626
380.5462768008707,-1.8217962263847003,0.5560462456141375,-2.41324281641324,-0.5914465900285397
381.9225855722655,-1.8395733936622793,0.5560535581663189,-2.4060899430061036,-0.5665165493438242
383.30387199276566,-1.8574536427894817,0.5559467540141707,-2.39883307199648,-0.5413794292069984
384.690154064865,-1.8754123696082114,0.5557526527958975,-2.3914725369533962,-0.5160601673451848
386.0814498561669,-1.8934231551743252,0.5555189776758819,-2.3840086755040155,-0.49058552032969027
387.47777749961926,-1.9114592598138778,0.5555697448092166,-2.376441829310724,-0.46498256949684613
388.8791551937501,-1.929494898343009,0.5552288263996831,-2.368772344048073,-0.4392774457050641
390.2856012029059,-1.947506239061516,0.5547649425260834,-2.361000569379644,-0.413494330318128
391.6971338574898,-1.965472091996773,0.5547309838842834,-2.353126858934852,-0.3876547669380792
393.1137715541984,-1.983374273905163,0.5546463876510772,-2.345151570285603,-0.3617772963804402
394.5355327562643,-2.0011976581016526,0.5546757635008073,-2.337075064922864,-0.33587740682121137
395.9624359936952,-2.0189299360814132,0.5553289947603889,-2.328897708233217,-0.3099677721518037
397.39449986351485,-2.036561135394008,0.5557400321946846,-2.320619869475213,-0.2840587340812051
398.83174303000726,-2.0540829544548664,0.5557929381472094,-2.3122419217557577,-0.2581589673008913
400.2741842249586,-2.0714879895970686,0.5559102567430256,-2.30376424200634,-0.2322762524092714
401.7218422479011,-2.0887689412121393,0.5560289733448596,-2.295187210959208,-0.2064182697470689
403.1747359663593,-2.105917892080754,0.5560975021254448,-2.2865112131234824,-0.1805933210427284
404.63288431609527,-2.1229257491386946,0.5560707993547491,-2.277736636761181,-0.15481088762248651
406.0963063013546,-2.1412837417267365,0.5559204201618798,-2.2688638738631863,-0.1275801321364498
407.5650209951158,-2.1607765612902856,0.5558019203301187,-2.259893320125121,-0.0991167588348354
409.0390475393378,-2.1800923104926753,0.5556544261496662,-2.2508253749231883,-0.07073306443051308
410.518405145209,-2.1992170952022754,0.5556030294215555,-2.241660441289932,-0.042443346087656764
412.00311309339895,-2.218137283992615,0.5557938649570032,-2.2323989258899353,-0.014261641897320487
413.4931907343088,-2.236840525251713,0.5559396673166109,-2.2230412389954637,0.013799286256249488
414.9886574883231,-2.2553168090282227,0.5560611585101538,-2.2135877944620495,0.041729014566173284
416.4895328460641,-2.2735594518105167,0.5562703828707363,-2.204039009704017,0.06952044210649966
417.995836368645,-2.2915658924365587,0.5562462382617128,-2.1943953056699694,0.0971705867665893
419.5075876879246,-2.3093382141496175,0.5560769537594294,-2.1846571068181904,0.12468110733142712
421.0248065067639,-2.326883347591682,0.5561405216685299,-2.1748248410920388,0.15205850649964336
422.547512599283,-2.3442129555270252,0.5562486948163344,-2.1648989398952576,0.17931401563176763
424.0757258111172,-2.3613430444706403,0.556012740107247,-2.1548798380672713,0.2064632064033689
425.6094660596779,-2.3782933833970876,0.5557819618260765,-2.1447679738583836,0.23352540953870404
427.1487533344111,-2.395086829292582,0.5560501274476425,-2.134563788904995,0.2605230403875871
428.6936076970569,-2.4117486602257188,0.5559840588255782,-2.124267728204736,0.28748093202098257
430.2440492819133,-2.4283059990764535,0.5559281131355115,-2.1138802400915737,0.3144257589848798
431.80009829609673,-2.444787378241056,0.5558858089084031,-2.10340177621087,0.341385602030186
433.3617750198056,-2.4612224538002128,0.5556883613197962,-2.092832791494415,0.36838966230579784
434.929099806586,-2.4776418341199253,0.555804847148351,-2.0821737441354102,0.3954680899845151
436.5020930835953,-2.494076950745482,0.5559517327351584,-2.0714250955634257,0.4226518551820564
438.08077535186897,-2.5099727849347406,0.5561115071614121,-2.060587310419307,0.44938547451543354
439.66516718658846,-2.5254439611991444,0.556143480125729,-2.049660856530056,0.47578310466908835
441.25528923734856,-2.5410274069048775,0.5562119656331908,-2.0386462048836935,0.502381202021184
442.85116222842623,-2.5567540420161166,0.5563459412223964,-2.027543829604064,0.5292102124120523
444.4528069590519,-2.5726524211118953,0.5563306097421034,-2.0163542079256302,0.556298213186265
446.0602443036799,-2.588747271250977,0.5561699964673328,-2.0050778201682036,0.5836694510827733
447.6734952122596,-2.605057863531936,0.5561365672109806,-1.993715149711703,0.6113427138202332
449.2925807105103,-2.621596363761917,0.5558783720679072,-1.9822666829708164,0.6393296807911004
450.917521900194,-2.638366337406307,0.5556556427532703,-1.9707329093696853,0.6676334280366216
452.5483399593904,-2.6553615921222153,0.555436383540245,-1.9591143213165383,0.696247270805677
454.1850561427737,-2.672565524934271,0.5555375455279575,-1.9474114141782937,0.7251541107559771
455.82769178188914,-2.689951101052271,0.5556445611717068,-1.9356246862551445,0.7543264147971267
457.4762682854304,-2.7074815315757963,0.5557957126827108,-1.9237546387551283,0.783726892820668
459.13080713952,-2.7251116449016006,0.5557795553417731,-1.9118017757686285,0.8133098691329721
460.7913299079885,-2.7427898708771554,0.5559727942095892,-1.8997666042428916,0.8430232666342639
462.4578582326549,-2.760460688073728,0.5559650429472669,-1.8876496339565072,0.8728110541172207
464.1304138336103,-2.778067332851366,0.5561357655477811,-1.8754513774938537,0.9026159553575124
465.8090185095001,-2.7955545417732655,0.5562686489390257,-1.863172350219506,0.9323821915537596
467.49369413780704,-2.8128711000496107,0.5564325104892225,-1.8508130702526784,0.9620580297969323
469.18446267513855,-2.829971997456699,0.5564310268357161,-1.838374058441548,0.991597939015151
470.8813461575118,-2.8468200443108334,0.556539229842121,-1.8258558383376209,1.0209642059732125
472.5843667006398,-2.8604412073791217,0.5565152765983945,-1.8132589361700635,1.0471822712090582
474.2935465002216,-2.8712430062385472,0.5565147701753304,-1.8005838808199965,1.0706591254185507
476.0089078322308,-2.8817341219365353,0.5565021893291515,-1.7878312037947408,1.0939029181417945
477.7304730532047,-2.891912537283945,0.5564503033285184,-1.7750014392021007,1.1169110980818442
479.458264600538,-2.9017834125427715,0.5564204388949971,-1.762095123724535,1.1396882888182365
481.1923049927734,-2.911357819554347,0.5564001632308186,-1.7491127965933915,1.1622450229609553
482.9326168298953,-2.9206514108968165,0.556238888563796,-1.7360549995630437,1.1845964113337728
484.6792227936251,-2.929683146348422,0.5563180606917861,-1.7229222768850332,1.206760869463389
486.4321456477168,-2.938474172248485,0.5562385152079883,-1.709715175282171,1.228758996966314
488.1914082382522,-2.94704691903822,0.5565389691307129,-1.696434243922638,1.250612675115582
489.9570334939408,-2.9554244523021023,0.5565273800432254,-1.683080034394016,1.2723444179080863
491.7290444264172,-2.9636300853761774,0.5564512812821757,-1.6696531006773103,1.2939769846988671
493.50746413054105,-2.971687237900996,0.5561419825241661,-1.6561539991209675,1.3155332387800285
495.29231578469887,-2.979619504012229,0.5559724015317299,-1.642583288414795,1.3370362155974338
497.08362265110577,-2.987450875182544,0.555657702486294,-1.6289415295639273,1.3585093456186168
498.8814080761079,-2.9952060454955447,0.5556522243478249,-1.615229285862712,1.3799767596328327
500.6856954904876,-3.0029107123099816,0.5553412954988256,-1.6014471228685783,1.4014635894414034
502.49650840976926,-3.01059177530885,0.5556213321355027,-1.5875956083758527,1.4229961669329971
504.31387043452366,-3.0182773355238304,0.5559465664259176,-1.5736753123896081,1.4446020231342223
506.13780525067807,-3.025996406655457,0.5561294602119243,-1.5596868070993595,1.4663095995560975
507.968336629824,-3.0337782760685066,0.5561619346015485,-1.5456306668528494,1.4881476092156571
509.8054884295254,-3.0361529200163186,0.5560636111827366,-1.5315074681297327,1.504645451886586
511.6492845936326,-3.033969395172905,0.5560144641841573,-1.5173177895152006,1.5166516056577044
513.4997491525926,-3.0319263886969328,0.5560463266865501,-1.5030622116736305,1.5288641770233022
515.3569062237614,-3.0300411396464,0.5559534169674936,-1.4887413173221593,1.5412998223242407
517.2207800117205,-3.028323686576533,0.5557224985219769,-1.4743556912042228,1.55396799537231
519.0913948085916,-3.02677538944212,0.5552374683867041,-1.459905920063041,1.566869469379079
520.9687749943513,-3.0253878830322005,0.5554810632140432,-1.4453925926150968,1.5799952904171037
522.8529450371518,-3.024142625517099,0.5559785228203856,-1.4308162995235412,1.5933263259935577
524.7439294936386,-3.0230111514052567,0.5561169929414126,-1.4161776333715497,1.606833518033707
526.6417530092688,-3.0219560657976867,0.5558527874144114,-1.4014771886356898,1.620478877161997
528.5464403186354,-3.020932735566122,0.5553938278089977,-1.3867155616591496,1.6342171739069724
530.458016245788,-3.0198915543317124,0.5551525483820069,-1.3718933506250095,1.647998203706703
532.3765057045556,-3.0187805924771336,0.5549662638424631,-1.3570111555294235,1.66176943694771
534.3019336988731,-3.0175483999223687,0.555044966217442,-1.3420695781547334,1.6754788217676353
536.2343253231061,-3.0161467136621063,0.5551570100024805,-1.3270692220425873,1.689077491619519
538.1737057623773,-3.014532835710048,0.5554726303575689,-1.3120106924669623,1.7025221432430855
540.1201002928967,-3.012671488262713,0.5556847736342341,-1.2968945964071465,1.7157768918555665
542.0735342822899,-3.010536015642293,0.5559037656257259,-1.2817215425206654,1.7288144731216275
544.0340331899275,-3.0081088787027266,0.555971939730972,-1.2664921411161933,1.7416167375865332
546.0016225672592,-3.0053814669919188,0.5560422716489847,-1.2512070041263292,1.7541744628655895
547.976328058146,-3.002353327036845,0.5562104562450403,-1.2358667450804004,1.7664865819564446
549.9581753991929,-2.994769222508255,0.5563394709900273,-1.2204719790771494,1.7742972434311057
551.9471904200867,-2.98329884827627,0.5564217288915229,-1.2050233227574032,1.778275525518867
553.9433990439317,-2.971562361695291,0.556616032078285,-1.1895213942766367,1.7820409674186544
555.946827287586,-2.9595785944680078,0.5565846759779698,-1.1739668132775345,1.7856117811904733
557.9575012620035,-2.9473681230131312,0.5564954645893527,-1.1583602008624525,1.7890079221506787
559.9754471725723,-2.9349526658863283,0.5563339278471002,-1.1427021795657994,1.7922504863205289
562.0006913194559,-2.9223549059089873,0.5562517381794877,-1.1269933733264232,1.795361532582564
564.0332600979375,-2.9095986898990382,0.5561075251398676,-1.1112344074598437,1.7983642824391946
566.0731799987633,-2.8967094936011275,0.5561753353765925,-1.0954259086304954,1.8012835849706321
568.1204776084868,-2.8837149899425345,0.5561845916876682,-1.0795685048238801,1.8041464851186544
570.1751796098171,-2.8706455330505847,0.5560593808840082,-1.0636628253186053,1.8069827077319793
572.2373127819656,-2.857534373671985,0.5560196629202061,-1.0477095006584287,1.8098248730135564
574.3069040009943,-2.8444174547267664,0.5560183727734245,-1.0317091626241996,1.8127082921025668
576.3839802401681,-2.8313326953273616,0.5558800044245914,-1.0156624442057065,1.8156702511216551
578.4685685703048,-2.8183187498220317,0.5559617719464685,-0.9995699795734809,1.8187487702485508
580.5606961601276,-2.8054133139910036,0.5559271040510725,-0.9834324040505446,1.821980909940459
582.6603902766209,-2.7926511302467425,0.5560875696093315,-0.9672503540840229,1.8254007761627196
584.7676782853845,-2.780061904293344,0.5560529233146737,-0.9510244672167634,1.8290374370765807
586.8825876509895,-2.7676683766691017,0.5561319073585291,-0.9347553820588227,1.832912994610279
589.0051459373385,-2.7554847874992063,0.5561251836960557,-0.9184437382588762,1.8370410492403302
591.1353808080228,-2.743515931422701,0.5559862375257141,-0.9020901764756031,1.841425754947098
593.2733200266833,-2.729676542689342,0.5558818594296748,-0.8856953383489395,1.8439812043404022
595.4189914573736,-2.7142833855303685,0.5558209066044932,-0.8692598664712718,1.8450235190590967
597.5724230649222,-2.6990640502715113,0.5557728714422581,-0.852784404358575,1.8462796459129363
599.733642915296,-2.68399032623622,0.5555444388915463,-0.83626959642142,1.8477207298148
601.9026791759679,-2.6690298405829225,0.5554268921919666,-0.8197160879359672,1.8493137526469554
604.0795601162839,-2.654148191319404,0.5555958539452979,-0.8031245250148175,1.8510236663045867
606.264314107829,-2.6393109223767652,0.5557075330098543,-0.7864955545778186,1.8528153677989465
608.4569696248,-2.6244851480258653,0.55561499556133,-0.7698298243227853,1.85465532370308
610.6575552443755,-2.609640701108612,0.5554017174967457,-0.7531279826961274,1.8565127184124846
612.8660996470871,-2.594750759025258,0.5552214940480386,-0.7363906788634033,1.8583600801618547
615.0826316171953,-2.5797919791644475,0.5554112114638193,-0.7196185626797809,1.8601734164846666
617.3071800430636,-2.5647442392321604,0.5554569778953993,-0.7028122846604289,1.8619319545717317
619.5397739175341,-2.5495901190074193,0.5554830014703142,-0.6859724959508305,1.8636176230565886
621.7804423383076,-2.534314274661707,0.5555254125808754,-0.669099848296978,1.8652144263647288
624.029214508321,-2.518902846087899,0.555848473311245,-0.6521949940155133,1.8667078520723859
626.2861197361281,-2.5033430071455456,0.5560773381470226,-0.6352585859637987,1.868084421181747
628.5511874362824,-2.4876227263697324,0.5562484601833312,-0.6182912775098539,1.8693314488598785
630.8244471297202,-2.4717307602863308,0.5563223295946832,-0.6012937225022399,1.8704370377840909
633.1059284441443,-2.4556568606827796,0.556481073049759,-0.584266575239879,1.8713902854429005
635.395661114412,-2.4393921462495687,0.5564901446985624,-0.5672104904417554,1.8721816558078133
637.6936749829215,-2.422929570375615,0.5565560033296797,-0.5501261232165126,1.8728034471591024
640.0,-2.404748315322731,0.5565636136016582,-0.533014129032049,1.871734186290682
642.314666224296,-2.385094572066439,0.5564100955837107,-0.5158751636849358,1.8692194083815035
644.6377038231707,-2.3652374181220317,0.5565309757615498,-0.498709883269817,1.8665275348522146
646.9691430730883,-2.345181253586242,0.5566031250345933,-0.48151894414868224,1.8636623094375597
649.309014360015,-2.3249337391117955,0.5564879387227846,-0.4643030029200784,1.860630736191717
651.6573481798125,-2.3045056011347125,0.5563204325127069,-0.44706271638825057,1.857442884746462
654.0141751386346,-2.283910261123859,0.5561086799009058,-0.42979874153216113,1.854111519591698
656.3795259533289,-2.2631633197099568,0.5560632034563178,-0.41251173547447284,1.850651584235484
658.753431451835,-2.2422819429569234,0.5560014875912055,-0.3952023554503964,1.847079587506527
661.1359225735862,-2.2212842110345274,0.5559774669083856,-0.3778712587765225,1.843412952258005
663.5270303699142,-2.2001884969339294,0.5559715569036177,-0.36051910281950805,1.8396693941144213
665.9267860044532,-2.179012942889459,0.5559276794679232,-0.3431465449647324,1.8358663979247267
668.3352207535448,-2.1577750930996764,0.555849306531821,-0.32575424258484353,1.8320208505148328
670.7523660066475,-2.136491722676288,0.5559158057911923,-0.30834285300825814,1.82814886966803
673.1782532667454,-2.115178875627466,0.5558455301368087,-0.29091303348751474,1.8242658421399511
675.6129141507565,-2.0938520923544175,0.5558363298259946,-0.2734654411676656,1.820386651186752
678.0563803899488,-2.0725267746253273,0.5556372692325137,-0.25600073305447424,1.816526041570853
680.508683830351,-2.0512186092036213,0.5555559985559098,-0.2385195659826106,1.8126990432210106
682.9698564331671,-2.029943955761892,0.5557389399189756,-0.22102259658375945,1.8089213591781328
685.4399302751956,-2.0087201038758273,0.5557926127264855,-0.20351048125462956,1.8052096226211978
687.9189375492458,-1.987565318507496,0.5558840642418844,-0.18598387612493839,1.8015814423825576
690.4069105645567,-1.96531021508223,0.5560645420262189,-0.1684434370252723,1.7968667780569576
692.9038817472199,-1.9421741036316202,0.5560113269126619,-0.15088981945493396,1.7912842841766863
695.4098836406014,-1.91916412367606,0.5562096740661544,-0.13332367854968374,1.785840445126376
697.924948905765,-1.8962975603634291,0.5562770218762899,-0.1157456690494183,1.7805518913140108
700.4491103218988,-1.8735891100598216,0.5562514657724533,-0.09815644526580969,1.775432664794012
702.9824007867437,-1.8510497307069809,0.5564030180389326,-0.0805566610498486,1.7704930696571322
705.5248533170181,-1.82868553990102,0.556340877378988,-0.06294696975937963,1.7657385701416404
708.0765010488531,-1.806496843172832,0.5562608257841526,-0.04532802422649418,1.761168818946338
710.6373772382217,-1.7844773604403166,0.55634946456607,-0.02770047672495224,1.7567768837153643
713.2075152613711,-1.7626137022266626,0.5564927599389423,-0.0100649789374887,1.7525487232891739
715.7869486152613,-1.7408851326604076,0.5565096621830278,0.007577818076900056,1.7484629507373075
718.3757109179988,-1.7192636457527168,0.5564682824445066,0.025227263915734266,1.744490909668451
720.9738359092748,-1.6977143748070453,0.5564094327279921,0.042882708865887964,1.7405970836729332
723.5813574508068,-1.676196349804501,0.5565701946545454,0.06054350393645613,1.736739853740957
726.1983095267785,-1.6546636106515038,0.5565125444425154,0.07820900089168081,1.7328726115431845
728.8247262442826,-1.633066671245583,0.5563555556720545,0.09587855228390263,1.7289452235294855
731.4606418337662,-1.6113543083270105,0.5563048495296014,0.11355151148658715,1.7249058198135976
734.1060906494771,-1.5894756195881268,0.5562637614402434,0.13122723272735237,1.7207028523154793
736.7611071699089,-1.5673822605367285,0.5560993765204049,0.14890507112104379,1.7162873316577723
739.4257259982545,-1.5450307340937446,0.556139157262791,0.16658438270287634,1.711615116796621
742.0999818628547,-1.5223845776779825,0.556106153235185,0.18426452446156072,1.7066491021395431
744.7839096176496,-1.498271896698471,0.5563805856368713,0.2019448543724649,1.7002167510709358
747.4775442426359,-1.4728735052645945,0.5563177160490879,0.21962473143086203,1.6924982366954566
750.1809208443211,-1.4471300777020346,0.5561782220555203,0.237303515685108,1.6844335933871426
752.89407465618,-1.4210473171422198,0.5564288606437983,0.25498056826992144,1.6760278854121413
755.6170410391165,-1.3946418944541321,0.556420892662139,0.2726552514396179,1.66729714589375
758.349855481923,-1.3679402213374914,0.5565633557919586,0.2903269286014374,1.6582671499389288
761.0925536017414,-1.3409766242064034,0.5565951362420036,0.3079949643487837,1.6489715885551872
763.8451711445309,-1.3137910739765175,0.5565856418634716,0.3256587244945721,1.6394497984710896
766.6077439855313,-1.2864266669122824,0.5566498733098565,0.3433175761045233,1.6297442430168056
769.38030812973,-1.2589270697390926,0.5565992620872574,0.36097088753046125,1.6198979572695538
772.1628997123338,-1.2313341372647226,0.5563934752749505,0.3786180284436621,1.6099521657083846
774.9555549992385,-1.2036858849883387,0.5564658706432403,0.396258369868135,1.5999442548564737
777.7583103875002,-1.1760149571162017,0.5564772053972604,0.4138912842139456,1.5899062413301475
780.5712024058118,-1.14834767808426,0.5565779403774053,0.4315161453105143,1.5798638233947744
783.3942677149796,-1.1207037192199394,0.5565974277223555,0.4491323284398929,1.5698360476598323
786.2275431083968,-1.0930963571432368,0.5565317645204099,0.4667392103700303,1.5598355675132671
789.0710655125285,-1.0655332510986408,0.5565583549971914,0.4843361693880479,1.5498694204866887
791.9248719873904,-1.0380176255463205,0.5566045553791267,0.5019225853334454,1.5399402108797657
794.7889997270297,-1.010549713802682,0.5565569887248113,0.519497839631297,1.530047553433979
797.6634860600145,-0.9831282993554602,0.5565319268404353,0.5370613153254613,1.5201896146809215
800.5483684499172,-0.9557521847307004,0.5565600915302087,0.5546123971116728,1.5103645818423732
803.4436844958022,-0.9271260437164308,0.5565193034867753,0.5721504713706884,1.4992765150871192
806.3494719327186,-0.8974820170893221,0.5564196083621264,0.58967492620132,1.4871569432906422
809.2657686321905,-0.8678901419285872,0.5562090472776394,0.6071851514534763,1.4750752933820634
812.1926126027092,-0.838357355052544,0.556034564489338,0.6246805387611067,1.4630378938136508
815.1300419902316,-0.8088921780274667,0.5559327868863628,0.6421604815751525,1.4510526596026192
818.0780950786757,-0.7795035281543861,0.5556386120160615,0.6596243751963923,1.4391279033507782
821.0368102904181,-0.750199188764519,0.5553642331928622,0.6770716168082413,1.4272708055727603
824.0062261867979,-0.7209841252407063,0.5554932096937949,0.6945016055095109,1.415485730750217
826.9863814686177,-0.6918588679013009,0.5558651191086394,0.7119137423470762,1.4037726102483772
829.9773149766462,-0.6628181910032094,0.5559795956462025,0.7293074303484681,1.3921256213516775
832.9790656921282,-0.6338502947188918,0.5560626159883236,0.7466820745544218,1.3805323692733136
835.9916727372901,-0.6049366445517244,0.5561918439458815,0.7640370820513029,1.3689737266030273
839.0151753758493,-0.5760525457315033,0.5561531164119863,0.7813718620034946,1.357424407734998
842.0496130135278,-0.5471684383152198,0.5562817657391973,0.7986858256856679,1.3458542640008877
845.095025198566,-0.5182518045211637,0.5561729898757517,0.8159783865149629,1.3342301910361267
848.1514516222344,-0.48926949660697083,0.5560332807798725,0.833248960083075,1.3225184566900459
851.2189321193558,-0.4601902336365864,0.5558972358701648,0.8504969641882694,1.3106871978248558
854.2975066688222,-0.43098698799580326,0.5557442028263918,0.8677218188672444,1.2987088068630477
857.3872153941138,-0.4016389921214927,0.5558225381524547,0.8849229464269283,1.286561938548421
860.4880985638265,-0.37213314172886847,0.5558853690538745,0.9020997714761171,1.2742329132049854
863.6001965921935,-0.3424646475330171,0.5559240350800969,0.9192517209570653,1.2617163684900823
866.7235500396113,-0.31175758382098273,0.5558218801449744,0.9363782241768704,1.248135807997853
869.8581996131719,-0.2801827051825061,0.5556509348511087,0.9534787128388007,1.2336614180213068
873.0041861671906,-0.2484755222321109,0.5553974204622535,0.970552621073471,1.2190281433055818
876.1615507037379,-0.21665615556702456,0.5555553952935349,0.9875993854698462,1.2042555410368707
879.3303343731769,-0.1847463966547025,0.5552530444955056,1.0046184451061897,1.1893648417608922
882.5105784746971,-0.15276769108202082,0.5550695196370602,1.0216092415807754,1.1743769326627962
885.7023244568525,-0.1207394363614771,0.5550658700068186,1.0385712190425158,1.159310655403993
888.9056139181038,-0.08867776302468577,0.5552441208164414,1.055503824221414,1.1441815872460999
892.1204886073598,-0.05659489306470178,0.5554875216969674,1.0724065064588728,1.1290013995235746
895.3469904245192,-0.02449908839172288,0.5558385860036746,1.0892787177378052,1.113777806129528
898.5851614210205,0.007604874433036812,0.5559143763702019,1.106119912712639,1.0985150382796023
901.835043800388,0.039714828261042,0.5559941116712114,1.122929548739107,1.083214720478065
905.0966799187808,0.07183010271169366,0.5560315141485458,1.1397070859038663,1.0678769831921726
908.3701122855472,0.1039503537856934,0.5557802087456802,1.1564519870539598,1.0525016332682664
911.6553835637784,0.13607450512215458,0.5558528233608122,1.1731637178260967,1.0370892127039422
914.9525365708608,0.16819994068721478,0.5558815298302963,1.189841746675675,1.0216418059884602
918.26161427904,0.20032204518215302,0.555996036734347,1.2064855449057383,1.0061634997235853
921.582659815977,0.23243413803258406,0.5560007808105123,1.223094586695633,0.990660448663049
924.91571646531,0.26452779648635527,0.5562012475745628,1.2396683491294773,0.975140552643122
928.2608276672206,0.2965935189445723,0.5562794184561788,1.2562063122244738,0.9596127932799015
931.618037019,0.32862164551459117,0.5563222440813471,1.2727079589589776,0.9440863134443864
934.987388275614,0.3612712873244952,0.5564120128543096,1.2891727753003317,0.9279014879758365
938.3689253502772,0.3944110609659237,0.5565045444068298,1.3056002502325317,0.911189189266608
941.7626923150236,0.427494118745642,0.5565632894468417,1.321989875783628,0.8944957570379859
945.1687334012796,0.4605207288994144,0.5565799155617785,1.338341147052911,0.8778204181534965
948.5870930004432,0.4934956820282803,0.5564203121833748,1.3546535622378624,0.8611578802095821
952.0178156644616,0.5264285633620709,0.5563977823920773,1.3709266226608932,0.8444980592988223
955.4609461064094,0.5593336609864394,0.556201328095302,1.3871598327957728,0.8278261718093334
958.916529201076,0.5922295013279744,0.556277785948609,1.4033527002939257,0.8111231989659513
962.3846099855468,0.6251380340897246,0.5561945686116637,1.4195047360103534,0.7943667019206289
965.8652336597906,0.6580835192812042,0.5561853610036155,1.4356154540293908,0.7775319347481866
969.3584455872502,0.691091196070035,0.5561356783656096,1.4516843716901477,0.7605931756201127
972.8642912954336,0.724185833713042,0.5560537015073458,1.4677110096117534,0.7435251758987114
976.3828164765044,0.7573902760772349,0.5561212039518506,1.4836948917182466,0.7263046156410118
979.9140669878816,0.7907240913108087,0.5560511424155115,1.499635545263276,0.7089114539524672
983.4580888528344,0.8242024265860817,0.5559458628496534,1.5155325008544727,0.691330074268391
987.014928261082,0.8578351461368214,0.5558544656479565,1.5313852924775384,0.673550146340717
990.5846315693976,0.8916263019846902,0.5557791839164092,1.5471934575201232,0.655567155535433
994.1672453022117,0.9255739551599866,0.5559619826967623,1.5629565367953184,0.6373825816353318
997.7628161522156,0.9596703353422864,0.5560290662825281,1.5786740745649044,0.619003739222618
1001.3713909809752,0.9939023025080402,0.5560920287606872,1.5943456185623115,0.6004433160542713
1004.9930168195384,1.028252057899552,0.5559445705302158,1.6099707200152618,0.5817186621157098
1008.6277408690472,1.0629552438612482,0.5558251970947926,1.625548933668103,0.5625936898068549
1012.275610501356,1.0979384005005102,0.5555753019211968,1.6410798178038448,0.5431414173033347
1015.936673259648,1.1329675962646952,0.5554890073824329,1.6565629342658925,0.5235953380011973
1019.6109768590508,1.1680164440543788,0.5554516295707428,1.6719978484794131,0.5039814044250344
1023.2985691872652,1.2030592134929936,0.5559562756551621,1.6873841294724659,0.48432491597947225
1026.9994983051852,1.2380719344446582,0.5561251337830801,1.7027213498967397,0.4646494154520815
1030.7138124475227,1.2730334363793503,0.5562759627921573,1.718009086047958,0.4449756496686077
1034.441560023441,1.3079262905897462,0.5564447134777152,1.7332469178860186,0.4253206272962724
1038.1827896171833,1.3427376182034063,0.556519841890419,1.7484344290547438,0.40569681085133746
1041.9375499887026,1.3774597242409392,0.5566257133626143,1.763571206901283,0.3861114826603438
1045.7058900743036,1.4120905191449342,0.5566157223171537,1.7786568424952247,0.3665663233502905
1049.4878589872771,1.4466336956806032,0.5565888117026294,1.7936909306473172,0.34705723496671403
1053.2835060185375,1.481098640993034,0.5565833570778714,1.8086730699278397,0.3275744289348057
1057.0928806372708,1.5155000795243065,0.5565977717592512,1.8236028626846574,0.3081027831603509
1060.916032491576,1.5498574600201742,0.556522811013658,1.838479915060884,0.2886224550407097
1064.7530114091112,1.5841941161778799,0.5568058922196322,1.8533038370121986,0.2691097208343187
1068.6038673977462,1.6185362430220653,0.5569762802631444,1.8680742423237917,0.24953799930172638
1072.4686506462122,1.652911738280542,0.5570254495164073,1.8827907486269557,0.22987901034641367
1076.3474115247543,1.6873489598032183,0.5570538744450045,1.8974529774152906,0.2101040176120723
1080.2402005857934,1.721875447779265,0.5569000000632087,1.9120605540605564,0.19018510628129137
1084.1470685645795,1.756516656538336,0.5567957832604689,1.9266131078281339,0.17009645128979778
1088.068066379855,1.7906436094054978,0.5566524601508207,1.9411102718921034,0.15046666248660556
1092.0032451345185,1.824401454705285,0.5563245789072494,1.9555516833499456,0.13115022864466064
1095.952656116292,1.8583262051583969,0.556372858103482,1.9699369832368852,0.11161077807848829
1099.9163507983858,1.892423950632205,0.5565628440735607,1.9842658165397813,0.09184186590757637
1103.8943808401734,1.9266939956385993,0.5572931093902923,1.998537832210698,0.07184383657209858
1107.886798087863,1.9611285822783824,0.5576709130951993,2.012752683180051,0.05162410090166869
1111.893654575172,1.9957129490024101,0.5581829705514765,2.026910026369318,0.03119707736690769
1115.915002524007,2.0304257570958892,0.5580319675348356,2.0410095227034444,0.01058376560755514
1119.950894345145,2.065239893698722,0.557673553224512,2.055050837122752,-0.010189056575970135
1124.0013826389118,2.1001236300543162,0.5569791230744459,2.0690336385944916,-0.031089991459824606
1128.066520195875,2.1350420799620444,0.5565801111917299,2.082957600124012,-0.052084479838032216
1132.1463599975266,2.1699588708927546,0.5570428783747277,2.0968223987654464,-0.07313647212730823
1136.2409552169736,2.2048379139031056,0.5578101068236545,2.1106277156320568,-0.09421019827104882
1140.350359219634,2.2396451427506054,0.5580543696138591,2.1243732359061482,-0.1152719068444572
1144.474625563931,2.27435009039233,0.558195825157435,2.1380586488485376,-0.13629144154379258
1148.613808001989,2.3089271832926475,0.5579887984153282,2.151683647807641,-0.15724353548500636
1152.767960480336,2.3433566598093485,0.557953368487431,2.1652479302281398,-0.1781087295812087
1156.9371371406096,2.3776250556745513,0.5577282993304578,2.178751197659194,-0.19887385801535729
1161.1213923202552,2.4117252431009444,0.5575108089257994,2.1921931557622596,-0.2195320873386848
1165.3207805532418,2.445656055080004,0.5573546841489855,2.205573514318486,-0.24008254076151836
1169.535356570769,2.4794215673608484,0.5572056736054309,2.218891987235663,-0.26052958012518523
1173.765175301979,2.512463520537308,0.5571337952591344,2.232148292554756,-0.2803152279825518
1178.010291874677,2.5449069176675447,0.5571911416848343,2.2453421524560153,-0.2995647652115294
1182.2707616160455,2.577218680497049,0.5573131709983664,2.258473293264634,-0.3187453872324153
1186.546640053367,2.609413745602632,0.5573976544873114,2.271541445455999,-0.3378723001466333
1190.8379829147473,2.6415075290581953,0.5577276771843871,2.2845463436604865,-0.3569611853977088
1195.1448461298444,2.6735154628977735,0.5582413533134046,2.2974877266678515,-0.376027736229922
1199.467285830592,2.705452816808231,0.5584554767762788,2.310365337431122,-0.39508747937710886
1203.805358351936,2.7373347873422205,0.5585547930008512,2.3231789230701296,-0.41415586427209083
1208.1591202325678,2.7691768060227524,0.5585939372828934,2.335928234874566,-0.4332485711481864
1212.528628215658,2.8009949951348982,0.5584667888418252,2.3486130283065783,-0.45238196682832
1216.9139392496,2.8328066880983656,0.5579506751394803,2.361233063002969,-0.4715736250953966
1221.315110488751,2.864630929857613,0.5577426832573787,2.3737881027769223,-0.4908428270806908
1225.7321992941745,2.8964888800698656,0.5577132668957178,2.386277915619316,-0.5102109644505495
1230.1652632343903,2.9284040547437584,0.557729007549314,2.398702273699536,-0.5297017810442224
1234.6143600861271,2.9604023569839892,0.557776099120939,2.4110609533659506,-0.5493414036180386
1239.0795478350683,2.992511861712064,0.5578632729791022,2.4233537351458194,-0.5691581265662444
1243.5608846766152,3.024762331247988,0.5573046970435503,2.4355804037448383,-0.5891819275031498
1248.058429016642,3.057184448716729,0.5567882943519883,2.447740748046248,-0.6094437006704809
1252.572239472256,3.089808766061924,0.5561643234375752,2.4598345611094223,-0.6299742049525014
1257.1023748725647,3.1226643757071617,0.555847209536321,2.4718616401680924,-0.6508027355390693
1261.6488942594403,3.1557773323787366,0.5567124263500753,2.4838217866280856,-0.671955545750651
1266.2118568882886,3.1884860540797666,0.556614710790805,2.4957148060646404,-0.6927712480151262
1270.791322228824,3.220944806178058,0.5567322534492063,2.507540508219246,-0.713404297958812
1275.387349965843,3.2537026063784307,0.5570545174213474,2.5192987069960733,-0.7344038993823574
1280.0,3.286755043937691,0.5579064923383622,2.530989220457956,-0.7557658234797353
1284.629332448592,3.3200859624127155,0.5583628375072406,2.542611870821892,-0.7774740915908236
1289.2754076463414,3.3536665816169435,0.5595219083544093,2.554166484454163,-0.7995000971627806
1293.9382861461766,3.3874553310507807,0.5604408317456595,2.565652891864956,-0.8218024391858245
1298.61802872003,3.421398544491179,0.5609307742189945,2.577070927702577,-0.8443276167886022
1303.314696359625,3.4554321039311358,0.5613780501193283,2.5884204307472234,-0.8670116731839124
1308.0283502772693,3.4894840364656456,0.561527785503636,2.599701243904285,-0.8897827925613608
1312.7590519066578,3.523477968064059,0.5617228895683705,2.6109132141972298,-0.9125647538668291
1317.50686290367,3.5573372352207873,0.5621070553517796,2.6220561927600787,-0.9352810424607085
1322.2718451471724,3.590989362537215,0.5625510936525073,2.633130034829374,-0.9578593277078409
1327.0540607398284,3.624370544576145,0.5624433348720468,2.644134599735792,-0.980235944840353
1331.8535720089064,3.6574297345092184,0.562540374829412,2.655069750895234,-1.0023599836139843
1336.6704415070897,3.6901319476825822,0.5629794048713115,2.6659353557995753,-1.024196591883007
1341.504732013295,3.7224604373129146,0.5619006080119481,2.6767312860068935,-1.0457291513060212
1346.3565065334908,3.7544174902934984,0.5620633249095929,2.6874574171313625,-1.0669600731621358
1351.225828301513,3.7860237155302663,0.5619089385285375,2.698113628832607,-1.0879100866976592
1356.1127607798976,3.8173158428981075,0.5616411333321956,2.7086998048047226,-1.108616038093385
1361.017367660702,3.8483432010014926,0.5609423288881719,2.719215832764829,-1.1291273682366638
1365.9397128663345,3.8775114865975127,0.560348639233268,2.7296616044411897,-1.147849882156323
1370.8798605503912,3.9052263357621833,0.559349963271476,2.7400370155609357,-1.1651893202012475
1375.8378750984916,3.9328520218373253,0.5595574361200881,2.7503419658373596,-1.1825100559999657
1380.8138211291134,3.9604391299797364,0.5617427816979258,2.7605763589567704,-1.199862771022966
1385.8077634944398,3.988026722212725,0.5612382297756344,2.7707401025649725,-1.2172866196477523
1390.8197672812028,4.015639260808142,0.5606842392990592,2.7808331082532933,-1.234806152554849
1395.84989781153,4.043284869186218,0.5610312161351081,2.7908552915442155,-1.2524295776420025
1400.8982206437977,4.070955019421543,0.5616617658706772,2.8008065718765973,-1.2701484475449458
1405.9648015734874,4.09862559883809,0.5621451747778583,2.8106868725905088,-1.2879387262475817
1411.0497066340365,4.126259187047886,0.5638332666230027,2.8204961209115895,-1.3057630661362962
1416.153002097706,4.153808281711202,0.5637559874040704,2.8302342479351146,-1.323574033776087
1421.2747544764434,4.181219154336782,0.5644312521842989,2.839901188609564,-1.3413179657272178
1426.4150305227422,4.208435999157665,0.5651317449740872,2.8494968817198405,-1.3589391174378243
1431.5738972305226,4.235405055861919,0.565031438505714,2.8590212698701007,-1.376383785991818
1436.7514218359977,4.2620784338430395,0.5652046808231569,2.8684742994661634,-1.3936041343768761
1441.9476718185497,4.288417431869059,0.564578554238969,2.877855920697555,-1.4105615111715037
1447.1627149016135,4.314395221618051,0.564221058630757,2.8871660875191587,-1.4272291340988925
1452.396619053557,4.339998835395047,0.5627254015908686,2.896404757632501,-1.4435940777625458
1457.6494524885652,4.365230457762516,0.5648183695900493,2.9055718924666136,-1.4596585652959027
1462.9212836675324,4.390108060733102,0.5637066557973555,2.91466745715857,-1.475440603574532
1468.2121812989542,4.41466543927154,0.5637701817649612,2.9236914205336335,-1.4909740187379068
1473.5222143398178,4.435511557164162,0.5631430964617692,2.932643755085007,-1.5028678020791548
1478.851451996509,4.453444262508872,0.5632015170944372,2.9415244369532605,-1.5119198255556112
1484.1999637257095,4.471245340695756,0.5635217272755786,2.950333445905384,-1.520911894790372
1489.567819235299,4.489001512918666,0.5633112804052461,2.9590707653134483,-1.5299307476052175
1494.9550884852715,4.506807385965672,0.5633396419356013,2.9677363821329794,-1.5390710038326927
1500.3618416886422,4.524762048377607,0.5631875051044525,2.9763302868808887,-1.548431761496718
1505.78814931236,4.54296495355454,0.5639086211719417,2.9848524736131563,-1.5581124799413835
1511.234082078233,4.561511109347462,0.5640996875546532,2.993302939902086,-1.5682081694453762
1516.699710963846,4.580485680365264,0.5637375097090777,3.0016816868132854,-1.5788039935519786
1522.1851072034829,4.599958218800804,0.5646713616332851,3.009988718882246,-1.589969499918558
1527.6903422890618,4.619976858131894,0.5656093328509932,3.0182240440906747,-1.6017528140412192
1533.2154879710629,4.6405629124095125,0.5656053993407822,3.0263876738424123,-1.6141752385671002
1538.76061625946,4.661706401211066,0.5648326479697251,3.0344796229390685,-1.6272267782719974
1544.3257994246676,4.683363047679378,0.5646382068363972,3.042499909555368,-1.6408631381240095
1549.911109998477,4.705453261038166,0.5644857736403289,3.050448555214101,-1.6550047058240644
1555.5166207750003,4.727863509813656,0.5633573612862885,3.0583255847608495,-1.6695379250528068
1561.1424048116237,4.750450322334897,0.5624382993979088,3.066131026338368,-1.6843192959965294
1566.7885354299592,4.773046930652383,0.5629633037304812,3.0738649113606282,-1.6991820192917544
1572.4550862167937,4.795472325276038,0.5640023901219651,3.0815272744866418,-1.7139450507893965
1578.142131025057,4.817542239164326,0.5662897986582972,3.089118153593926,-1.7284240855704
1583.8497439747807,4.8390813601352205,0.5646115982581932,3.0966375897517184,-1.742443770383502
1589.5779994540594,4.854458024402518,0.562270861772406,3.1040856271938884,-1.75037239720863
1595.326972120029,4.864745579749807,0.561172808972909,3.1114623132915717,-1.7532832664582356
1601.0967368998345,4.874152072936673,0.5636282727726957,3.118767698525555,-1.7553843744111184
1606.8873689916045,4.88265338923324,0.5662590870631276,3.1260018364583426,-1.7566515527748972
1612.6989438654373,4.890282638817132,0.5673791689700848,3.1331647837060244,-1.7571178551111073
1618.531537264381,4.89713181840066,0.5680570285415251,3.140256599909811,-1.756875218490849
1624.3852252054185,4.903349893830747,0.5669785066579044,3.1472773477073672,-1.7560725461233795
1630.2600839804632,4.909137440345849,0.5664654861246944,3.154227092703894,-1.754910347641955
1636.1561901573514,4.914738228545376,0.5660984215518787,3.1611059034429365,-1.7536323251024397
1642.0736205808362,4.92042834324002,0.5648057135466996,3.1679138513769436,-1.7525144918630762
1648.0124523735958,4.926503553523416,0.5655542832858189,3.174651010837689,-1.751852542685727
1653.9727629372353,4.933265710412937,0.5662354487882566,3.181317459006306,-1.7519482514066311
1659.9546299532924,4.941008938758842,0.5698287115639293,3.187913275883235,-1.7530956628756074
1665.9581313842564,4.9500063262711675,0.5689572362680686,3.194438544257906,-1.7555677820132614
1671.98334547458,4.9604977123795555,0.5682381049923105,3.200893349678145,-1.7596043627014106
1678.0303507516985,4.9726790626146125,0.5695793018977295,3.2072777804195174,-1.765401282195095
1684.0992260270557,4.986693797276372,0.5715242287432446,3.2135919274542983,-1.7731018698220735
1690.190050397132,5.002626338951246,0.5691749036258327,3.2198358844203696,-1.7827904545308764
1696.3029032444688,5.020498057590511,0.5720554498204768,3.2260097475898744,-1.7944883100006366
1702.4378642387117,5.040265722765825,0.5816208039871108,3.2321136158376933,-1.8081521069281314
1708.5950133376443,5.061822511783222,0.5773049039889164,3.2381475906097377,-1.8236749211734846
1714.7744307882276,5.08167805753921,0.5725578656707988,3.2441117758910605,-1.8375662816481495
1720.976197127653,5.100350148722875,0.5708695020364002,3.2500062781738235,-1.8503438705490511
1727.200393184387,5.1201568545736365,0.5700310232777337,3.255831206425057,-1.8643256481485793
1733.4471000792223,5.140795828829302,0.5688059873435496,3.2615866720543067,-1.8792091567749951
1739.7163992263438,5.161940794647379,0.5631404403005339,3.267272788881086,-1.8946680057662935
1746.0083723343812,5.183254192728728,0.5623181029129526,3.272889673102197,-1.910364519626531
1752.323101407476,5.204400149140885,0.5629450242840627,3.278437443258936,-1.925962705881949
1758.6606687463538,5.225057081223056,0.5650997667980384,3.283916220204106,-1.9411408610189502
1765.0211569493945,5.244929270988214,0.565287649443654,3.289326127068945,-1.955603143919269
1771.404648913705,5.263756806285061,0.5685204978570877,3.294667289229905,-1.969089517055156
1777.8112278362075,5.281323415764418,0.5673406272613891,3.2999398342753237,-1.9813835814890943
1784.2409772147196,5.2974618905980675,0.5655733431914735,3.30514389197197,-1.9923179986260977
1790.6939808490383,5.31205697265739,0.5648060036668882,3.310279594231486,-2.001777378425904
1797.170322842041,5.325045770811242,0.5618246582388324,3.3153470750767453,-2.0096986957344964
1803.670087600776,5.336415921061392,0.5605585929156245,3.3203464706080794,-2.0160694504533128
1810.1933598375615,5.34620181555179,0.5594663507774678,3.325277918969421,-2.0209238965823695
1816.7402245710944,5.3544792824824885,0.5607173203624412,3.330141560314402,-2.0243377221680867
1823.3107671275568,5.361359106486622,0.5601722955925178,3.33493753677231,-2.026421569714312
1829.9050731417217,5.36697974857202,0.5616695331387421,3.3396659924140164,-2.0273137561580037
1836.52322855808,5.371499573536931,0.5642736166350847,3.3443270732178156,-2.0271725003191152
1843.165319631954,5.375088839900595,0.5622575008073194,3.3489209270352127,-2.0261679128653824
1849.83143293062,5.376208679576873,0.5617197056307401,3.3534477035566344,-2.0227609760202387
1856.5216553344408,5.375417430714476,0.5622504922329565,3.3579075542771246,-2.0175098764373516
1863.236074038,5.374198605988796,0.5621282370867772,3.362300632461952,-2.011897973526844
1869.974776551228,5.372692736913766,0.5618714023813721,3.3666270931122027,-2.0060656438015636
1876.7378507005544,5.371016373516885,0.5606555438473649,3.3708870929303467,-2.0001292805865383
1883.5253846300477,5.369257615614956,0.5602579754770393,3.375080790285755,-1.9941768253292005
1890.3374668025592,5.36747332278028,0.5615841569113954,3.3792083451802033,-1.988264977600077
1897.1741860008865,5.365688321208898,0.5626745435476302,3.383269919213351,-1.982418401995547
1904.035631328923,5.363896834179822,0.5650777994643374,3.387265675548245,-1.9766311586315766
1910.9218922128189,5.362066216731161,0.5654296075290718,3.3911957788767664,-1.9708704378543942
1917.833058402152,5.36014288512666,0.5667921180624106,3.39506039538509,-1.9650824897415697
1924.7692199710937,5.358060117425091,0.5702501023606553,3.398859692719202,-1.9592004247058892
1931.7304673195813,5.355747189797488,0.5682571122683038,3.402593839950349,-1.9531533498471392
1938.7168911745005,5.353139133471567,0.5660362555455449,3.406263007540561,-1.9468761259310057
1945.7285825908675,5.350186276699297,0.5663879076565993,3.40986736730818,-1.940318909391117
1952.765632953009,5.346862696512931,0.569682032783406,3.413407092393408,-1.9334556041195228
1959.8281339757632,5.343172758368782,0.5703627137269324,3.4168823572239106,-1.9262904011448714
1966.9161777056688,5.339155068489259,0.5670441740449331,3.420293337480431,-1.9188617310088274
1974.029856522164,5.334883392726392,0.5668469930726138,3.4236402100624796,-1.9112431826639127
1981.1692631387957,5.330464384669678,0.5686395333458127,3.4269231530540383,-1.9035412316156402
1988.334490604423,5.32603228320654,0.5686301461245905,3.430142345689365,-1.8958899375171745
1995.5256323044316,5.3206828915667455,0.5665209645158013,3.433297968318829,-1.8873849232479163
2002.7427819619504,5.314824587541468,0.5658659334668572,3.436390202374799,-1.8784343851666687
2009.986033639077,5.309434583321288,0.566355816418145,3.4394192303376485,-1.8700153529836392
2017.2554817380949,5.30466527407858,0.5653042036301517,3.4423852357018143,-1.862280038376766
2024.5512210027125,5.300648619710547,0.5663522542078392,3.445288402941918,-1.8553602167686285
2031.873346519296,5.2974886907367695,0.5691181856932713,3.4481289174790057,-1.8493597732577638
2039.2219537181013,5.295256770693338,0.5694343569174124,3.4509069656468707,-1.844349805046467
2046.5971383745305,5.293989334123042,0.566205828979576,3.4536227346584747,-1.8403665994645673
2053.9989966103703,5.293688889102985,0.5641567301455966,3.456276412572468,-1.8374124765305173
2061.427624895045,5.294327351546836,0.5637937967886878,3.4588681882598165,-1.8354591632870196
2068.883120046882,5.295851345261493,0.564691909744125,3.4613982513705595,-1.8344530938909336
2076.3655792343666,5.298188632260908,0.566802109004732,3.4638667923006654,-1.8343218399602428
2083.875099977405,5.301254796965434,0.5689738164653464,3.4662740021590333,-1.834980794806401
2091.4117801486072,5.304959346427977,0.5683526619178982,3.468620072734583,-1.8363392736933943
2098.9757179745543,5.309210540271888,0.5660626415718565,3.470905196463535,-1.838305343808353
2106.567012037075,5.313918505650932,0.565818267617462,3.4731295663967856,-1.8407889392541463
2114.1857612745416,5.318996488159158,0.5662845239852914,3.4752933761674445,-1.8437031119917133
2121.832064983152,5.324360395454156,0.5650922889730645,3.4773968199585097,-1.8469635754956464
2129.5060228182224,5.329927061581879,0.5644005428104847,3.479440092470702,-1.8504869691111767
2137.2077347954923,5.33561185726141,0.5639645867059997,3.481423388890466,-1.8541884683709444
2144.9373012924243,5.341326366501794,0.5627951911892755,3.4833469048581054,-1.8579794616436884
2152.694823049509,5.34619303845515,0.5649605042917449,3.4852108364361243,-1.8609822020190254
2160.480401171587,5.350296940983675,0.5685814409027049,3.487015380077697,-1.8632815609059783
2168.2941371291595,5.354134026889293,0.5705586231030191,3.4887607325953445,-1.8653732942939483
2176.13613275971,5.35759993382224,0.5726158837781107,3.4904470911297913,-1.867152842692449
2184.006490269037,5.360594086059051,0.5716716122998314,3.492074653118971,-1.8685194329400803
2191.905312232584,5.363025424074184,0.5703580449961085,3.493643616267276,-1.8693818078069082
2199.832701596772,5.3648184800694665,0.5683276031933163,3.495154178514941,-1.8696643015545256
2207.788761680347,5.365919035872532,0.5683057461533527,3.4966065380076863,-1.869312497864846
2215.7735961757267,5.366298626575298,0.5699021509214506,3.498000893066491,-1.8682977335088067
2223.787309150344,5.36595728783162,0.571581182998816,3.4993374421576444,-1.8666198456739753
2231.830005048014,5.364924164342751,0.5717525794225103,3.5006163838629476,-1.8643077804798036
2239.9017886902893,5.363255866456521,0.5714163074949619,3.5018379168501657,-1.8614179496063556
2248.0027652778235,5.361032739509284,0.572306763758597,3.503002239843684,-1.8580304996655999
2256.13304039175,5.358353455607679,0.562861890494682,3.5041095515953815,-1.8542439040122973
2264.292719995053,5.355328516086891,0.5629967281909475,3.505160050855734,-1.8501684652311567
2272.481910433947,5.352073342608698,0.5656837371563482,3.50615393634515,-1.8459194062635476
2280.7007184392683,5.348701627711382,0.5635793261907343,3.507091406725527,-1.8416102209858547
2288.949251127862,5.345319519023008,0.5619611548236779,3.5079726605720642,-1.8373468584509434
2297.2276160039773,5.342021045735152,0.5624010372285511,3.5087978963452775,-1.833223149389874
2305.535920960672,5.338884991938292,0.5633969320953903,3.509567312363303,-1.8293176795749888
2313.874274281219,5.33597321476973,0.5625661295509506,3.510281106774424,-1.8256921079953061
2322.2427846405103,5.3328849069099515,0.5613942161308799,3.5109394775298295,-1.821945429380122
2330.641561106484,5.329754478752152,0.5595063288552308,3.5115426223566617,-1.8182118563954903
2339.070713141538,5.326932720102729,0.5621866482205424,3.5120907387312945,-1.8148419813714343
2347.530350603958,5.324417706419804,0.5638809050678861,3.512584023852871,-1.8118336825669328
2356.020583749354,5.322195070485168,0.5625548602583543,3.513022674617135,-1.8091723958680328
2364.541523232091,5.3202396347487735,0.5613000687651286,3.513406887590465,-1.8068327471583085
2373.0932801067333,5.318517073967298,0.5598046287760081,3.5137368589842515,-1.8047802149830465
2381.6759658294945,5.31698572640197,0.5598955950426328,3.5140127846294806,-1.8029729417724898
2390.2896922596888,5.3155987120522035,0.563928949123096,3.514234859951629,-1.8013638521005744
2398.934571661184,5.314306489401072,0.5642379233919632,3.5144032799458307,-1.7999032094552412
2407.610716703872,5.313059888964544,0.5615448988873822,3.5145182391522933,-1.7985416498122504
2416.318240465136,5.311813519188614,0.5597341014589071,3.514579931632051,-1.7972335875565628
2425.057256431316,5.310529277553746,0.5632162922907367,3.514588550942939,-1.795940726610807
2433.8278784992,5.309179554688727,0.5654450546367483,3.5145442901159063,-1.794635264572821
2442.630220977502,5.307749629025206,0.5649625191354283,3.5144473416315725,-1.793302287393634
2451.464398588349,5.306238743944749,0.5639639479336301,3.514297897397129,-1.7919408465476199
2460.330526468781,5.304659453050611,0.5658503994324859,3.5140961487234676,-1.7905633043271436
2469.2287201722543,5.303035006604304,0.5648002083294161,3.5138422863026744,-1.7891927203016298
2478.1590956701366,5.301394812141368,0.5651645029116882,3.5135365001857624,-1.7878583119556053
2487.1217693532303,5.299768294146727,0.5660198136470471,3.513178979760724,-1.7865893143860028
2496.116858033284,5.298177754321907,0.5687661093176282,3.5127699137309154,-1.7854078405909917
2505.144478944512,5.290065071343945,0.5685091764384539,3.5123094900936938,-1.7777555812502515
2514.204749745129,5.277017980767505,0.5688351755566127,3.511797896119372,-1.7652200846481332
2523.2977885188807,5.263962414858022,0.5692804648953925,3.511235318330524,-1.7527270965274981
2532.423713776577,5.250830749722118,0.5657073650332334,3.510621942481544,-1.740208807240574
2541.582644457648,5.237527248745013,0.5650407971752758,3.5099579535385335,-1.7275692952064796
2550.774699931686,5.223931499283797,0.5660169916767258,3.5092435356595066,-1.7146879636242902
2560.0,5.209904707465622,0.5681537505162144,3.5084788721749085,-1.7014258352907135
2569.258664897184,5.19529831532547,0.5696035260315305,3.507664145568434,-1.687634169757036
2578.5508152926827,5.179964145533287,0.5706012666616475,3.5067995374581757,-1.673164608075111
2587.876572292353,5.163765125065908,0.5698332655473783,3.505885228578083,-1.6578798964878247
2597.23605744006,5.146585602883274,0.572528954176432,3.5049213987597376,-1.6416642041235363
2606.62939271925,5.134117830813407,0.5750631808327509,3.5039082269144473,-1.63020960389896
2616.0567005545386,5.122949589419907,0.5788801628255256,3.5028458910156637,-1.6201036984042432
2625.5181038133155,5.110661665278521,0.584630735516406,3.501734568081716,-1.6089270971968048
2635.01372580734,5.097291273925915,0.5803479984143154,3.500574434158872,-1.5967168397670433
2644.5436902943447,5.082917693302563,0.5793842433648735,3.4993656643047064,-1.5835520289978566
2654.108121479657,5.067658417586086,0.57745363651754,3.4981084325718204,-1.569549985014266
2663.707144017813,5.0516631209004785,0.5820242544034062,3.496802911991849,-1.5548602089086296
2673.34088301418,5.035105960719865,0.5835827921442225,3.4954492745598182,-1.539656686160047
2683.00946402659,5.018176830965979,0.5813727706108143,3.49404769121883,-1.5241291397471493
2692.7130130669816,5.00107221216426,0.5771144330618114,3.492598331845028,-1.5084738803192321
2702.451656603026,4.983986262486429,0.5727368149798185,3.491101365232975,-1.4928848972534539
2712.225521559795,4.967102749807617,0.5699961282086353,3.4895569590812396,-1.477545790726377
2722.034735321404,4.950588338952876,0.5637478089590351,3.487965279978427,-1.462623058974449
2731.879425732669,4.934587620397239,0.5649016936902107,3.4863264933894564,-1.4482611270077825
2741.7597211007824,4.919220101719892,0.5673007541744546,3.484640763642167,-1.4345793380777252
2751.6757501969832,4.9045791896106605,0.5709603188240037,3.4829082539143243,-1.4216709356963362
2761.627642258227,4.890732988016488,0.5698780204478688,3.4811291262208544,-1.4096038617956337
2771.6155269888795,4.877726549368814,0.5767903062741103,3.4793035414014692,-1.3984230079673443
2781.639534562405,4.865585067767716,0.5768219711825169,3.4774316591085928,-1.3881534086591234
2791.69979562306,4.853797024911179,0.5852371926545537,3.4755136377956273,-1.3782833871155518
2801.796441287596,4.841392507164797,0.581026083533028,3.4735496347055177,-1.3678428724592795
2811.929603146975,4.829774904676112,0.5874184084916859,3.4715398058596767,-1.3582350988164356
2822.099413268073,4.818988972734708,0.5810916107809726,3.469484306047212,-1.349504666687496
2832.306004195412,4.809002704947274,0.5766911180891141,3.4673832888144673,-1.341619416132807
2842.5495089528868,4.7997749401481915,0.5836327094143187,3.465236906454927,-1.3345380336932644
2852.8300610454844,4.791254103137138,0.5692305197684507,3.4630453099993925,-1.3282087931377458
2863.147794461045,4.783376817497199,0.565181563130293,3.4608086492065224,-1.322568168290677
2873.5028436719954,4.7760669526881605,0.5709194921265534,3.458527072553676,-1.3175398801344844
2883.8953436371,4.769235613302412,0.5682436599832653,3.45620072722806,-1.3130348860743517
2894.325429803227,4.762782424079198,0.565720314637749,3.4538297591182525,-1.3089526649609455
2904.793238107114,4.756598238151579,0.5609091638603033,3.4514143128059676,-1.3051839253456112
2915.2989049771304,4.7505691388693485,0.5607778011548471,3.448954531558198,-1.3016146073111505
2925.842567335065,4.744581366012019,0.5605466615419535,3.4464505573196567,-1.2981308086923624
2936.4243625979084,4.7385266185851,0.5633566751129313,3.443902530705512,-1.2946240878795878
2947.0444286796355,4.7323071001743635,0.562746103070666,3.441310590994493,-1.2909965091798705
2957.702903993018,4.72583969139237,0.56166940085391,3.438674876122226,-1.2871648152701436
2968.399927451419,4.719058750250186,0.5617053443451876,3.43599552267498,-1.283063227575206
2979.135638470598,4.71191723376643,0.5625860693236423,3.4332726658836084,-1.2786445678828215
2989.9101769705435,4.704356260103526,0.5629943650403921,3.430506439617954,-1.2738498204855722
3000.7236833772845,4.694178310015655,0.5636020437257809,3.427696976381382,-1.2664813336342728
3011.57629862472,4.682727744377264,0.5667096392077957,3.424844407305774,-1.2578833370714895
3022.468164156466,4.670880466226036,0.5656914971332232,3.4219488621467367,-1.2489316040792993
3033.399421927692,4.6586476973738495,0.5639588876651027,3.4190104692791348,-1.2396372280947148
3044.3702144069657,4.646040854102637,0.5604579519136857,3.41602935569297,-1.2300114984096666
3055.380684578124,4.6330686472860325,0.561009636036461,3.413005646989477,-1.2200630002965553
3066.4309759421253,4.619735372699083,0.5640326804087168,3.409939467377601,-1.2097959053214815
3077.52123251892,4.60604050406663,0.5636437217206681,3.4068309396707237,-1.1992095643959066
3088.651598849335,4.591979514589699,0.5661542725219473,3.40368018528369,-1.188299329306009
3099.822219996954,4.577545689164776,0.567602999884442,3.4004873242301414,-1.1770583649346342
3111.0332415500006,4.562732571217683,0.5684664391657407,3.397252475120151,-1.1654800960975322
3122.2848096232474,4.54753662955658,0.5691533428190912,3.393975755158107,-1.1535608743984733
3133.5770708599184,4.531959738101516,0.5721998087171591,3.3906572801409283,-1.1413024579605882
3144.9101724335874,4.516011130567888,0.5742410074477883,3.3872971644565384,-1.1287139661113494
3156.284262050114,4.499708610297548,0.5728837419451882,3.38389552108264,-1.1158130892149076
3167.699487949561,4.483078940707312,0.5752767597010396,3.3804524615857527,-1.1026264791215592
3179.155998908119,4.466157487981318,0.5860982623672052,3.376968096120569,-1.0891893918607494
3190.653944240058,4.4489873093151715,0.5936883437394492,3.373442533429511,-1.0755447758856604
3202.193473799669,4.431617953704233,0.5880405698318378,3.369875880842672,-1.061742072861561
3213.774737983209,4.413293949205952,0.5910515206289139,3.366268244277915,-1.0470257049280374
3225.3978877308746,4.392360987529921,0.5918464471272727,3.3626197282413592,-1.0297412592885617
3237.063074528762,4.371405640544372,0.5873585345977644,3.358930435828018,-1.0124752047163543
3248.770450410837,4.350494116058494,0.5909258979387167,3.3552004687227868,-0.995293647335707
3260.5201679609263,4.329695914034286,0.5987603525012176,3.3514299272016776,-0.978265986832608
3272.3123803147028,4.309083635159812,0.5952802671707272,3.347618910133292,-0.96146472502652
3284.1472411616724,4.28873234940291,0.5861733520914311,3.343767514980569,-0.9449648344223407
3296.024904747192,4.268718185746538,0.5855318738171837,3.3398758378027935,-0.9288423479437444
3307.9455258744706,4.2491158981080215,0.5906698350029017,3.3359439732578515,-0.91317192485017
3319.909259906585,4.229995332138316,0.599642007985887,3.3319720146047516,-0.8980233175335641
3331.9162627685128,4.211416934770865,0.5870235481895827,3.327960053706364,-0.8834568810645012
3343.96669094916,4.193426672807117,0.5809263251826592,3.323908181032434,-0.8695184917746834
3356.060701503397,4.176050915093418,0.5855054796541652,3.319816485662863,-0.8562344294305548
3368.1984520541114,4.159291943640287,0.5870686933958745,3.315685055291153,-0.8436068883491341
3380.380100794264,4.143124766212136,0.5915462336796186,3.3115139762281807,-0.8316107899839551
3392.6058064889376,4.127495797482897,0.5993369964391881,3.3073033334061437,-0.8201924640767535
3404.8757284774238,4.112323767668272,0.5986111183279873,3.3030532103827532,-0.8092705572855188
3417.1900266752887,4.097502938686736,0.5901129294405946,3.2987636893457157,-0.7987392493410201
3429.5488615764552,4.082908401193436,0.5882488328478516,3.2944348511173365,-0.7884735500760991
3441.952394255306,4.068402941899002,0.5863946342656967,3.290066775159464,-0.7783361667395381
3454.400786368774,4.052984409813517,0.5894971423856502,3.2856595395785506,-0.7673248702349662
3466.894200158445,4.037096178675991,0.5962755292035649,3.28121322113103,-0.7558829575449613
3479.432798452688,4.020887886084884,0.5957235547259121,3.2767278952288423,-0.7441599908560415
3492.0167446687624,4.0042462845863085,0.5931083255185989,3.272203635945198,-0.7320426486411105
3504.646202814952,3.9870769313950714,0.590504231043461,3.2676405160205695,-0.7194364153745019
3517.321337492708,3.969305421874129,0.5881851279919795,3.263038606868884,-0.7062668150052449
3530.0423138987885,3.9508765824158854,0.5896188457625153,3.258397978583889,-0.6924786038319963
3542.80929782741,3.931752014258601,0.5866237981139751,3.25371869994576,-0.6780333143128408
3555.622455672415,3.9119065740972356,0.5843067366039616,3.249000838427926,-0.6629057356693098
3568.481954429439,3.891324471087259,0.5787751735434701,3.244244460204027,-0.647080010883232
3581.3879616980767,3.869995646475621,0.5779724725606442,3.239449630155134,-0.630546016320487
3594.340645684082,3.8479129918125423,0.5744470963738358,3.2346164118771012,-0.6132965799354411
3607.340175201552,3.8250707795709573,0.5738083445686617,3.2297448676881864,-0.595325911882771
3620.386719675124,3.801464459112406,0.5740511612963286,3.2248350586367627,-0.5766294004756434
3633.480449142189,3.7770917465645883,0.575633796608668,3.2198870445092886,-0.5572047020552997
3646.621534255113,3.7519547422157267,0.5782452461842733,3.2149008838384248,-0.5370538583773019
3659.8101462834434,3.726062668928435,0.5771872354809734,3.209876633911338,-0.516186035017097
3673.04645711616,3.699434755383484,0.5730731734816095,3.2048143507781752,-0.49462040460530865
3686.330639263908,3.672102790856165,0.5690746389576319,3.1997140892607163,-0.4723887015954489
3699.66286586124,3.644370353176665,0.5654875094541714,3.194575902961187,-0.44979445021547804
3713.0433106688815,3.616698131739925,0.5627404151787215,3.189399844271252,-0.42729828746867327
3726.472148076,3.5885151882872055,0.5631776080043486,3.184185964381143,-0.4043292239060623
3739.949553102456,3.5599011752644873,0.5557393355966834,3.178934313288991,-0.38096686197549623
3753.475701401109,3.5309559765662772,0.5581016912665491,3.173644939810286,-0.3573110367559913
3767.0507692600954,3.501786510158844,0.5587398970310813,3.168317891587474,-0.33346861857137
3780.6749336051184,3.472502647113206,0.5571480952491943,3.1629532150997717,-0.30954943201343443
3794.348372001773,3.4432128863164557,0.5569862296127186,3.157550955673024,-0.2856619306434318
3808.071262657846,3.414020108235304,0.5597040785438592,3.152111157489843,-0.26190895074546106
3821.8437844256378,3.385017704708691,0.5633390140559852,3.1466338635997726,-0.2383838411089183
3835.666116804304,3.356286336565997,0.5604214515707407,3.141119115929632,-0.2151672206363653
3849.5384399421873,3.32789151360317,0.5582179637997723,3.135566955294027,-0.19232455830914308
3863.4609346391626,3.299882127907045,0.560002640877015,3.1299774214059672,-0.16990470650107792
3877.433782349001,3.272290004568882,0.5577183688866907,3.1243505528875968,-0.1479394516812853
3891.457165181735,3.2451304651156736,0.5563821803621632,3.11868638728109,-0.12644407783458345
3905.531265906018,3.218403830808919,0.5580045223813225,3.112984961059664,-0.10541886974925507
3919.6562679515264,3.192097727053085,0.5572963499958538,3.1072463096386915,-0.08485141741439328
3933.8323554113376,3.166189991349821,0.556103965189572,3.101470467386962,-0.06471952396285907
3948.059713044328,3.1406519396048953,0.5571616290698178,3.095657467638019,-0.044994471966876226
3962.338526277591,3.1155317851593356,0.5581216037435872,3.089807342701695,-0.025724442457640606
3976.668981208846,3.0924868753584214,0.5576933810214418,3.083920123875651,-0.008566751482770307
3991.051264608863,3.070340748747375,0.5561334638128484,3.0779958414570903,0.0076550927097152055
4005.485563923901,3.04844677592323,0.5556770487205825,3.072034524754578,0.023587748831348065
4019.972067278154,3.026786188562813,0.5563801091758838,3.0660362020999274,0.03925001353711455
4034.510963476189,3.0053462620983478,0.5567591053710976,3.060000900860235,0.05465463876188714
4049.102442005425,2.984119674265852,0.5573224619638466,3.0539286474499514,0.06980897318409962
4063.746693038592,2.963103102996106,0.5563528230575093,3.047819467343123,0.08471636434701679
4078.443907436203,2.9422952682811783,0.556055293255012,3.04167338508564,0.09937811680446185
4093.194276749061,2.9216946838345983,0.5563493310666245,3.035490424307662,0.11379574047306384
4107.997993220741,2.9012974152505837,0.5568025898224963,3.029270607736051,0.12797319248546746
4122.855249790091,2.881095137979079,0.5564438270382505,3.0230139572069454,0.14191881922786642
4137.766240093764,2.8610737496186296,0.5555623199873835,3.0167204936783776,0.155646744059748
4152.731158468733,2.841212721061437,0.5556763746173711,3.0103902372429996,0.16917751618156274
4167.75019995481,2.8214852780695274,0.556340394198962,3.004023207140871,0.18253792907134336
4182.823560297215,2.80185940044168,0.5593733384601629,2.997619421772294,0.19576002133061365
4197.951435949109,2.782299522874869,0.5605015010960385,2.99117889871078,0.20887937583591132
4213.13402407415,2.7627687327195574,0.5575215990498903,2.9847016547160337,0.2219329219964763
4228.371522549083,2.7432311960387477,0.5570471202952044,2.9781877057470103,0.23495650970826265
4243.664129966304,2.7236545126705476,0.560905734134149,2.971637066975058,0.24798255430451022
4259.012045636445,2.7051645161152447,0.564044616065908,2.965049752797091,0.25988523668184627
4274.415469590985,2.689366548591572,0.5599046814835992,2.958425776848859,0.26905922825728723
4289.874602584849,2.673469501171118,0.5575206234192835,2.9517651520182335,0.2782956508471157
4305.389646099018,2.6574677003448794,0.5595599267810705,2.9450678904585486,0.2876001901136691
4320.960802343174,2.6413614682700164,0.5579699574998691,2.9383340036020478,0.2969725353320314
4336.588274258319,2.6251553070309566,0.5570523746312777,2.9315635021732938,0.3064081951423372
4352.27226551942,2.608855605255709,0.5591482564955775,2.924756396202703,0.3159007909469942
4368.012980538074,2.592468150066635,0.5582532228444506,2.9179126950400693,0.32544454497343445
4383.810624465168,2.575995751508227,0.5586170211102579,2.911032407368145,0.33503665585991804
4399.665403193543,2.5594362719988712,0.5594442604191765,2.9041155412162887,0.3446792692174174
4415.577523360694,2.5427813016508303,0.5577010632080345,2.8971621039741002,0.35438080232326996
4431.547192351453,2.5260156374317244,0.5567953305626075,2.890172102405124,0.3641564649733997
4447.574618300688,2.5091176212336244,0.5567033333308311,2.8831455426605714,0.3740279214269471
4463.660010096028,2.492060283044875,0.5585746701386787,2.876082430293091,0.38402214724821615
4479.803577380579,2.474813136223304,0.5593469206003352,2.86898277027053,0.39416963404722605
4496.005530555647,2.457344396378076,0.5573704562639659,2.8618465669897617,0.4045021706116856
4512.2660807835,2.4396233532358504,0.5576983323092614,2.8546738242905088,0.4150504710546583
4528.585439990106,2.421622619945314,0.558848232102321,2.847464545469201,0.425841925523887
4544.963820867894,2.4033200144756286,0.5612166891665734,2.8402187332928372,0.43689871881720865
4561.4014368785365,2.3846998867072475,0.5606107801438054,2.8329363900128914,0.4482365033056439
4577.898502255724,2.3700588594138097,0.5592205950128369,2.8256175173792117,0.45555865796540207
4594.455232007955,2.356128087932742,0.5577026394979597,2.8182621166539317,0.4621340287211897
4611.0718419213445,2.341875322494186,0.5578610615209841,2.810870188625394,0.468994866131208
4627.748548562438,2.327311225902344,0.5606607003044889,2.8034417336221207,0.47613050771977683
4644.485569281021,2.3124504229421223,0.558971415493467,2.7959767515267213,0.483526328584599
4661.283122212967,2.297309946973881,0.559214887420598,2.7884752417898575,0.4911652948159766
4678.141426283076,2.2819077673549,0.5610814699336983,2.7809372034442035,0.4990294360893035
4695.060701207916,2.2662615596278393,0.5578900657938568,2.7733626351183993,0.50710107549056
4712.041167498708,2.250387834413031,0.5569008597133738,2.7657515350509954,0.5153637006379643
4729.083046464182,2.2343014872748306,0.5574132697456469,2.7581039011044197,0.5238024138295891
4746.186560213467,2.218015777958442,0.559939725323443,2.750419730778919,0.5324039528204771
4763.351931658989,2.2015426996810987,0.5593209441271112,2.7426990212265103,0.5411563215454116
4780.5793845193775,2.184893660972026,0.5561743529622882,2.734941769264921,0.550048108292895
4797.869143322368,2.168080376673071,0.5555712665024558,2.727147971391508,0.5590675947184369
4815.221433407744,2.1511158511573463,0.5557260418598164,2.719317623797176,0.5682017726398296
4832.636480930271,2.134015334904017,0.5565689487364494,2.71145072238029,0.5774353874762728
4850.114512862632,2.116797143801074,0.5570784930998298,2.7035472627605817,0.5867501189595075
4867.6557569984,2.099483246909676,0.5594251593860448,2.6956072402930022,0.5961239933833262
4885.260441955004,2.0820995504962365,0.5592130283054151,2.6876306500815943,0.6055310995853578
4902.928797176697,2.066156297368801,0.5593014255417419,2.6796174869933544,0.6134611896245534
4920.661052937562,2.05337610001064,0.5592529777205748,2.671567745672025,0.6181916456613852
4938.4574403445085,2.0406249444922384,0.5783280619815683,2.663481420551923,0.6228564760596846
4956.318191340273,2.0279401955159084,0.5683916491554113,2.655358505871712,0.6274183103558038
4974.243538706461,2.015359334136713,0.5621129004522363,2.647198995688159,0.6318396615514459
4992.233716066568,2.002918363932336,0.5584587014764268,2.6390028838898782,0.6360845199575422
5010.2889578890245,1.990650110999935,0.5563790366992234,2.630770164211034,0.6401200532110991
5028.409499490259,1.9785825193534823,0.5557814633061122,2.6225008302450004,0.6439183108915181
5046.595577037761,1.9667370492471612,0.5554761826577023,2.6141948754580504,0.6474578262108892
5064.847427553154,1.9551272858873734,0.5552075223432335,2.605852293202947,0.6507250073155735
5083.165288915296,1.943757858549965,0.5554509045275441,2.597473076732557,0.653715218182592
5101.549399863372,1.9326237543461673,0.5557422257904951,2.5890572192133785,0.6564334648672112
5120.0,1.921710086626577,0.5558937006079707,2.5806047137391026,0.6588946271125256
5138.517329794372,1.9109923463431215,0.5559969623016545,2.5721155533440836,0.661123207000962
5157.101630585362,1.9004371279862795,0.5561196549309568,2.5635897310168048,0.6631526030305253
5175.753144584706,1.8900032835079958,0.5561952201886545,2.5550272397132847,0.6650239562052889
5194.472114880123,1.8796434220628697,0.5562643871577635,2.546428072370473,0.6667846503076031
5213.2587854384965,1.8693056447697014,0.5564115917046496,2.5377922219195987,0.6684865771498973
5232.113401109077,1.858935386128703,0.556496498406952,2.529119681299459,0.6701842951707562
5251.036207626635,1.8486198628084036,0.5564824493769126,2.5204104434697037,0.6717905806613
5270.027451614677,1.8405864237190208,0.5564811790372921,2.511664501424045,0.6710780777050243
5289.0873805886895,1.8330522106252367,0.5567396270809903,2.5028818482034545,0.6698296375782178
5308.216242959316,1.8252741229796712,0.5569858646996523,2.4940624769092885,0.6687883539296173
5327.414288035624,1.8172072722974413,0.5571887801056412,2.485206380716395,0.6679991084189538
5346.681766028359,1.8088113535760328,0.5574132832657237,2.4763135528861735,0.6675021993101407
5366.018928053183,1.800050837980498,0.5575926544030925,2.4673839867795735,0.6673331487990755
5385.42602613396,1.7908949801190683,0.5577264623641339,2.4584176758700576,0.6675226957509892
5404.903313206052,1.781317734044281,0.5577236484556897,2.4494146137565345,0.6680968797122535
5424.451043119594,1.7712976709660868,0.5576981268316553,2.4403747941762077,0.6690771232101209
5444.069470642804,1.7608179739579075,0.5576168645388019,2.4312982110174204,0.6704802370595129
5463.758851465337,1.7498665543288485,0.5574563093715259,2.4221848583324164,0.6723183040035678
5483.519442201568,1.7384362961903363,0.5570804587469009,2.413034730350077,0.6745984341597406
5503.351500393964,1.7265253977544592,0.5569540769379944,2.403847821488604,0.6773224237341449
5523.255284516454,1.7141377474048856,0.5568232076552839,2.394624126368125,0.6804863789632396
5543.231053977762,1.70128325457042,0.5565361699994575,2.3853636398233125,0.6840803852528925
5563.279069124808,1.6879780518088978,0.5561814454030202,2.376066356915885,0.6880883051069873
5583.39959124612,1.6742444943410248,0.5563161776391087,2.366732272947093,0.6924877786060684
5603.592882575194,1.6601109039881425,0.5565949606996516,2.35736138347014,0.6972504794819976
5623.859206293946,1.6456110330408187,0.556528695311047,2.34795368430259,0.7023426512617714
5644.198826536145,1.6314267186665266,0.5564979274011751,2.33850917153865,0.7070824528721236
5664.612008390828,1.6181864486002482,0.5567188988899735,2.3290278415614747,0.7108413929612265
5685.09901790577,1.60470456970093,0.5568916953918347,2.3195096910553747,0.7148051213544449
5705.660122090969,1.5910265199878566,0.5566193375295483,2.3099547170179893,0.7189281970301327
5726.295588922094,1.5771975644432459,0.5566915086466403,2.3003629167723876,0.7231653523291417
5747.005687343988,1.5632616116701232,0.5566861418451486,2.2907342879791663,0.7274726763090431
5767.790687274199,1.5492601815754536,0.5566090517648996,2.2810688286484133,0.7318086470729597
5788.650859606458,1.535231566072465,0.5565808198304172,2.271366537151696,0.7361349710792311
5809.5864762142255,1.5212102071923113,0.556585154471211,2.2616274122339632,0.740417205041652
5830.597809954261,1.5072263058020585,0.5566570754401177,2.2518514530253775,0.744625147223319
5851.685134670133,1.4933056690703381,0.5566867119129567,2.242038659053117,0.7487329899827788
5872.848725195813,1.4794698040440206,0.5565674161987059,2.232189030253119,0.7527192262090985
5894.088857359271,1.4657362639059883,0.5563742173102607,2.222302566981778,0.7565663030757896
5915.40580798604,1.4521192484356416,0.5561026297821577,2.2123792700275544,0.7602600215919129
5936.799854902834,1.4386304477731464,0.556218893659177,2.2024191406225793,0.7637886928494328
5958.271276941196,1.425280097855799,0.5564941063502945,2.1924221804541535,0.7671420825983546
5979.820353941091,1.412078188160626,0.5567030790193338,2.182388391676259,0.7703102035156331
6001.447366754564,1.399035731915676,0.5571485347154556,2.172317776920938,0.7732820450052618
6023.15259724944,1.3861659812027938,0.5574140669376273,2.1622103393096683,0.7760443581068746
6044.936328312935,1.3734854529570324,0.5578352980704194,2.1520660824646836,0.7785806295076512
6066.79884385538,1.3617380230839906,0.5585483273900503,2.141885010520232,0.7801469874362414
6088.740428813931,1.350346693879514,0.5585245581654718,2.1316671281337456,0.7813204342542317
6110.761369156251,1.3392184968241843,0.5579472307011765,2.121412440497039,0.7821939436728549
6132.861951884247,1.3283853597931898,0.5571814190631994,2.1111209533473687,0.7827355935541789
6155.04246503784,1.317881179584413,0.557041110168285,2.100792672978482,0.7829114933940691
6177.303197698674,1.3077401920481293,0.556804791084994,2.090427606251634,0.7826874142035045
6199.644439993904,1.2979951124663245,0.5572285801940035,2.080025760606466,0.7820306481401413
6222.066483100001,1.2886752212192931,0.5580850781270328,2.0695871440719547,0.7809119228526615
6244.569619246499,1.2798045726929104,0.5577361497943102,2.059111765277196,0.7793071925842856
6267.154141719831,1.27140048435386,0.5578352780796816,2.0485996334622136,0.7771991491083536
6289.820344867175,1.2634724224668528,0.5580397673412744,2.0380507584886622,0.7745783360218095
6312.568524100233,1.2560213477869961,0.5574569242503703,2.0274651508505155,0.7714438030635193
6335.398975899119,1.249039528651302,0.5576694914465223,2.016842821684685,0.7678032930333831
6358.311997816238,1.242510779630532,0.5585045435260936,2.0061837827815943,0.7636730031510623
6381.30788848012,1.2364110477717247,0.55871448763082,1.9954880465956872,0.7590769988239625
6404.386947599334,1.2307092486968028,0.559597913423531,1.9847556262559216,0.7540463775591189
6427.549475966418,1.225368251429975,0.5607953140661824,1.973986535576147,0.7486182841461719
6450.795775461753,1.220345920575852,0.5607588078634951,1.96318078906552,0.742834868489668
6474.12614905752,1.2155961447797488,0.561344309083515,1.9523384019387926,0.7367422571590438
6497.540900821674,1.2111488133883785,0.5614312078776599,1.9414593901265782,0.7303105767381997
6521.040335921857,1.2070090427923414,0.5617198441654181,1.9305437702855741,0.7235347274932327
6544.624760629402,1.202988958459386,0.562174376904629,1.9195915598087527,0.7166026013493667
6568.294482323345,1.1990355351385418,0.5612797281989147,1.9086027768354334,0.7095672416968917
6592.049809494387,1.1950960248828135,0.5612340622495088,1.8975774402613972,0.7024814153785837
6615.891051748937,1.1911187788818545,0.560978302832458,1.8865155697489016,0.6953967908670471
6639.81851981317,1.1870541384945277,0.5603850939964782,1.8754171857366089,0.6883630472420812
6663.832525537028,1.1828554031377703,0.5599970637889996,1.864282309449587,0.6814269063118168
6687.933381898316,1.1784798506064291,0.5594977636346229,1.8531109629091347,0.6746311123027056
6712.121403006794,1.1738897486020559,0.5595633760525761,1.841903168942622,0.6680134203405661
6736.396904108227,1.1690532607351347,0.5596285445505738,1.8306589511932962,0.6616056904581615
6760.760201588523,1.163945123666922,0.5599066065666118,1.8193783341299934,0.6554332104630713
6785.211612977875,1.1585469626197096,0.5601764034988468,1.8080613430568384,0.6495143804371288
6809.751456954851,1.1528471247787593,0.5594218676786784,1.7967080041229,0.6438608793441407
6834.380053350574,1.1468399459673826,0.558371348487404,1.7853183443317846,0.638478398364402
6859.097723152911,1.140524422274149,0.5590016216154531,1.7738923915511862,0.6333679692770371
6883.9047885106165,1.1339023282413176,0.5594385204257795,1.7624301745224074,0.6285278462810897
6908.801572737543,1.1269758972762869,0.5600478553788141,1.7509317228697991,0.6239558255935123
6933.78840031689,1.119745247634139,0.5608635463619697,1.739397067110211,0.6196518194760721
6958.865596905379,1.1122014702424092,0.5614190866012221,1.7278262386623524,0.6156247684199432
6984.03348933752,1.10425856189263,0.5681036241067344,1.7162192698561274,0.6119607079634974
7009.292405629903,1.095958561347162,0.5715448584642693,1.7045761939419002,0.6086176325947381
7034.642674985418,1.0872870424020462,0.5631543822733683,1.6928970450997944,0.6056100026977482
7060.0846277975725,1.0782033222517864,0.5627379741899022,1.6811818584488396,0.6029785361970532
7085.61859565482,1.0686574196197327,0.5631318322228827,1.6694306700561423,0.6007732504364096
7111.244911344835,1.0585919597942013,0.5653908270765351,1.6576435169460382,0.5990515571518369
7136.963908858874,1.0479450582470289,0.5660789280637674,1.6458204371091085,0.5978753788620796
7162.775923396153,1.036654035084986,0.5640591270822822,1.633961469511254,0.5973074344262681
7188.681291368167,1.0246597446216938,0.571460677042429,1.622066654102671,0.5974069094809771
7214.6803504031,1.0119112522664064,0.569958299089558,1.6101360318267997,0.5982247795603932
7240.773439350247,0.998370556013457,0.5651465873109852,1.5981696446292215,0.5997990886157645
7266.960898284383,0.984017032782198,0.564673383381706,1.5861675354665383,0.6021505026843403
7293.243068510221,0.968851292668905,0.5637449967315024,1.574129748315185,0.60527845564628
7319.620292566887,0.9528981459806953,0.5631006574109289,1.5620563281802013,0.609158182199506
7346.092914232324,0.9362084288030417,0.5632942696308914,1.5499473211040122,0.6137388923009706
7372.661278527811,0.9188594907923608,0.5623735149584814,1.5378027741750948,0.618943283382734
7399.325731722479,0.9009542219718938,0.565087250986576,1.5256227355366203,0.6246685135647265
7426.08662133777,0.8826185797333856,0.5703860258926996,1.513407254395144,0.6307886746617584
7452.944296151996,0.8639976688617867,0.5633238063427162,1.5011563810291069,0.6371587121673201
7479.899106204913,0.8451693104356668,0.5645818282798845,1.4888701667974154,0.6437008563617486
7506.951402802222,0.8262578599716885,0.5704598689634681,1.4765486641479377,0.6502908041762492
7534.101538520184,0.8075536925085327,0.5639648535799459,1.4641919266259649,0.6566382341174322
7561.349867210237,0.7892177235649278,0.5632983300895077,1.4518000088825858,0.662582285317658
7588.69674400355,0.7713962518567747,0.563103173358378,1.4393729666831447,0.66797671482637
7616.142525315687,0.75421448373163,0.5624005764167115,1.4269108569155158,0.6726963731838858
7643.6875688512755,0.7377704975107768,0.5619227919203134,1.4144137375984123,0.6766432400876354
7671.332233608613,0.7221304609686143,0.5631016351466495,1.401881667889679,0.6797512069210647
7699.07687988437,0.7073254130675313,0.5704123988625307,1.3893147080944708,0.6819892950269395
7726.921869278325,0.6933498302915293,0.5631786579171215,1.3767129196734338,0.6833630893819045
7754.867564698006,0.6801620856429516,0.563094769492429,1.3640763652508792,0.6839142796079276
7782.914330363465,0.667686781780727,0.5622868856082917,1.351405108622851,0.6837183268421239
7811.062531812036,0.6558188097243054,0.5611294738181452,1.3386992147651817,0.6828804050408763
7839.312535903056,0.6444288632755821,0.5626116822937309,1.3259587498415222,0.68152988656594
7867.664710822672,0.6333700393630419,0.5635777413421283,1.3131837812113254,0.6798137418482835
7896.119426088657,0.6224850842375123,0.5647288301299712,1.3003743774377519,0.6778892932002396
7924.677052555187,0.6116138117193941,0.5642995163834579,1.2875306082956026,0.6759167965762085
7953.337962417689,0.6006002246718722,0.5667042987119769,1.2746525447791495,0.6740523201072772
7982.102529217725,0.589298912489916,0.581170990010606,1.2617402591099633,0.6724413466200474
8010.971127847806,0.5775701249503111,0.5667596348916044,1.2487938247446486,0.6712236997943375
8039.944134556303,0.5651531056485783,0.566410984121752,1.2358133163826501,0.6706602107340718
8069.021926952379,0.5520930051490414,0.5671129254953606,1.2227988099738543,0.6707058048248129
8098.204884010855,0.5383551839825174,0.5684257981334498,1.2097503827262965,0.6713951987437792
8127.493386077178,0.5238990801714554,0.5671074226530312,1.1966681131137378,0.6727690329422824
8156.887814872406,0.5087057844217693,0.5680435181424998,1.1835520808832367,0.6748462964614674
8186.388553498127,0.49277566656958527,0.5688984279295051,1.1704023670626675,0.6776267004930823
8215.995986441476,0.47612545340937906,0.566015469793676,1.1572190539682072,0.6810936005588282
8245.710499580182,0.4587850996834728,0.5678100508551261,1.1440022252117181,0.6852171255282453
8275.532480187534,0.4407947641347967,0.5673737623212405,1.1307519657081961,0.6899572015733995
8305.46231693746,0.42220213702019826,0.5674101124754175,1.1174683616831071,0.6952662246629089
8335.50039990962,0.40306027090057484,0.5680343901497025,1.1041515006796434,0.7010912297790686
8365.647120594434,0.38342595649157474,0.5669480529818195,1.0908014715660155,0.7073755150744407
8395.902871898212,0.363358574149359,0.5658211893260072,1.0774183645426607,0.7140597903933017
8426.2680481483,0.34291925990623184,0.5656441901314319,1.0640022711493753,0.7210830112431434
8456.743045098172,0.32217016704207957,0.5698523062150223,1.0505532842724659,0.7283831172303863
8487.328259932603,0.3011735922366512,0.5673146242265295,1.037071498151814,0.7358979059151629
8518.02409127289,0.2799907766275833,0.5671489137916025,1.023557008387865,0.7435662317602816
8548.830939181973,0.2586802804347581,0.5665902753821407,1.0100099119486448,0.7513296315138867
8579.74920516969,0.23729595432587658,0.5658842643997486,0.9964303071766736,0.759134352850797
8610.779292198036,0.21582039851033663,0.5656493958524984,0.9828182937958161,0.7669978952854795
8641.921604686355,0.19426634053574965,0.5661505023327212,0.9691739729181563,0.7749076323824067
8673.176548516634,0.1727495896843667,0.5738574527496051,0.9554974470507442,0.7827478573663775
8704.54453103884,0.15128465038075056,0.5661711840927983,0.9417888201023157,0.7905041697215651
8736.025961076153,0.12987393741500597,0.5671371963415696,0.9280481973899946,0.7981742599749886
8767.621248930333,0.10850904379968185,0.5673231613162341,0.9142756856459151,0.8057666418462333
8799.330806387086,0.08717324949438598,0.5663813401083329,0.9004713930237589,0.8132981435293729
8831.155046721393,0.06584506156358216,0.5652574639628659,0.8866354291053291,0.820790367541747
8863.094384702901,0.044502397370354885,0.5669208186013748,0.8727679049069579,0.828265507536603
8895.149236601375,0.023126896881775494,0.5662581857570399,0.8588689328859704,0.8357420360041949
8927.32002019206,0.0017078036466227076,0.5647463855577166,0.8449386269469947,0.843230823300372
8959.60715476115,-0.01975510223818233,0.564612999677312,0.830977102448303,0.8507322046864854
8992.011061111294,-0.04124990892897529,0.5661041759620676,0.8169844762080114,0.8582343851369867
9024.532161567004,-0.06275251391939562,0.5645528502204431,0.8029608665103201,0.8657133804297157
9057.170879980207,-0.08422807750517869,0.5629940652115538,0.7889063931115938,0.8731344706167725
9089.927641735789,-0.10563374693823491,0.563474797159151,0.774821177246448,0.8804549241846829
9122.802873757078,-0.12692223261484337,0.5629344706689994,0.760705341633777,0.8876275742486204
9155.797004511443,-0.14804571045822534,0.5629166992923833,0.746559010482688,0.8946047209409134
9188.91046401591,-0.16895950170733443,0.5639582547750343,0.7323823094983783,0.9013418112057128
9222.143683842694,-0.1896283176679745,0.572493327154279,0.7181753658879995,0.907803683555974
9255.49709712487,-0.21010716035834776,0.5642493569984792,0.7039383083664035,0.9140454687247512
9288.97113856204,-0.230295772756147,0.5656150098029137,0.689671267161815,0.919967039917962
9322.56624442594,-0.2501703960552213,0.5650275483870794,0.6753743740215299,0.9255447700767512
9356.282852566146,-0.26972450932933434,0.5655572429209272,0.6610477622174553,0.9307722715467897
9390.121402415833,-0.288956628558104,0.5657471501813532,0.646691566551608,0.935648195109712
9424.082334997422,-0.3078683420212478,0.567153329299342,0.6323059233615744,0.9401742653828222
9458.16609292836,-0.3264627571443075,0.5766881958400011,0.6178909705258882,0.9443537276701957
9492.373120426932,-0.3447437624826186,0.5664329330307925,0.6034468474693142,0.9481906099519328
9526.703863317984,-0.3627163736309811,0.5655398858036843,0.5889736951681002,0.9516900687990812
9561.15876903875,-0.3803882524552584,0.5666461608131647,0.5744716561551435,0.9548599086104019
9595.738286644735,-0.39777229067469655,0.5662209080002623,0.5599408745250916,0.9577131651997881
9630.442866815494,-0.4148899576198044,0.565404619085765,0.5453814959393544,0.9602714535591588
9665.272961860535,-0.4317749542629876,0.5719452461835504,0.5307936676310643,0.9625686218940519
9700.229025725264,-0.4484766127219615,0.5669598642165281,0.5161775384099521,0.9646541511319136
9735.311513996809,-0.46506245007361713,0.5680340578382937,0.5015332586671484,0.9665957087407655
9770.520883910003,-0.4816193349907891,0.5794913907589783,0.486860980379932,0.9684803153707211
9805.857594353394,-0.49825285498825167,0.5666810010984417,0.47216085711633227,0.9704137121045839
9841.322105875131,-0.5150846665993623,0.565963997177488,0.4574330440397798,0.972517710639142
9876.914880689012,-0.5322478478147499,0.5650469596063308,0.44267769791354183,0.9749255457282917
9912.636382680546,-0.5499030857903069,0.5648561116460492,0.42789497710516855,0.9777980628954754
9948.487077412929,-0.5681916372746834,0.5665836330741606,0.41308504159083625,0.9812766788655196
9984.467432133131,-0.5872100274618433,0.5764315007635527,0.3982480529595893,0.9854580804214326
10020.577915778047,-0.6070642948944869,0.564442154394746,0.3833841744175359,0.9904484693120228
10056.818998980523,-0.6278346631072491,0.5637774161515364,0.3684935707919248,0.9963282338991739
10093.191154075515,-0.6495700908800917,0.5625873748585463,0.35357640853518646,1.0031464994152781
10129.694855106309,-0.6722849262270003,0.5620182862290076,0.3386328557288234,1.0109177819558237
10166.330577830597,-0.6959579353713501,0.5711471623575722,0.3236630820872879,1.019621017458638
10203.098799726738,-0.7205337326662828,0.5615049004065744,0.3086672589617194,1.0292009916280023
10240.0,-0.7459264020817056,0.5676780386817099,0.29364555934362,1.0395719614253256
10277.034659588744,-0.772024908443365,0.5596861448164016,0.27859815786842645,1.0506230663117915
10314.203261170724,-0.7986997651724774,0.558125999871045,0.2635252308190381,1.0622249959915155
10351.506289169412,-0.8258103671633954,0.5583711134715725,0.24842695612917787,1.0742373232925733
10388.944229760244,-0.8532124119096434,0.5581185875454189,0.23330351338672628,1.0865159252963696
10426.517570876991,-0.8807649053597757,0.5586143401251061,0.21815508383696347,1.0989199891967392
10464.226802218154,-0.9083363624984262,0.5628988380792447,0.20298185038565109,1.1113182128840773
10502.07241525327,-0.9358099408290315,0.558773759739315,0.18778399760212316,1.1235939384311546
10540.054903229357,-0.9630873649674427,0.559140916232827,0.17256171172220824,1.135649076689651
10578.17476117738,-0.9900915946998037,0.5581296559043097,0.157315180651052,1.1474067753508557
10616.432485918633,-1.0167698359071409,0.5577165678696003,0.14204459396592561,1.1588144298730665
10654.828576071248,-1.043102460289452,0.5585481466799732,0.12675014291884068,1.1698526032082928
10693.363532056715,-1.0690688708777518,0.5587994983149623,0.11143202043911238,1.1805008913168642
10732.037856106366,-1.0946772503973072,0.5652662446534367,0.09609042113584465,1.1907676715331519
10770.85205226792,-1.1199551848170906,0.5600143651705662,0.08072554130028031,1.2006807261173709
10809.806626412104,-1.1449434814210946,0.5603218524438817,0.06533757890805347,1.210281060329148
10848.902086239188,-1.1696915924039821,0.5607113914143041,0.049926733621372676,1.2196183260253548
10888.138941285608,-1.1942525055668973,0.5597784034575428,0.03449320679106904,1.2287457123579664
10927.517702930674,-1.2186773677118996,0.5601900168549393,0.01903720145855381,1.2377145691704534
10967.038884403137,-1.2430101639399034,0.5604076063630224,0.00355892235768529,1.2465690862975887
11006.703000787928,-1.267282816542389,0.5605022287105718,-0.011941424083467211,1.2553413924589218
11046.510569032907,-1.291511078973599,0.5612818224751884,-0.027463629741028228,1.2640474492325708
11086.462107955524,-1.315691575873231,0.5609477046538947,-0.04300748479371386,1.2726840910795172
11126.558138249617,-1.3398002773627837,0.5623874940404903,-0.05857277772139646,1.2812274996413873
11166.79918249224,-1.3637925970955376,0.5678257482664881,-0.07415929530383991,1.2896333017916977
11207.185765150389,-1.3876051791361323,0.5621390851545666,-0.08976682261938862,1.2978383565167437
11247.718412587892,-1.411159299781005,0.5615504977311335,-0.1053951430439124,1.3057641567370926
11288.39765307229,-1.4343656725294363,0.5606690321100506,-0.12104403824979038,1.3133216342796459
11329.224016781656,-1.4571303211376172,0.5608399790062775,-0.13671328820499085,1.3204170329326264
11370.19803581154,-1.4793610903985872,0.5604864229490709,-0.15240267117229145,1.3269584192262958
11411.320244181938,-1.500973642578641,0.5605899369934899,-0.16811196370864145,1.3328616788699996
11452.591177844188,-1.521898998751487,0.5601181313767934,-0.1838409406645436,1.3380580580869434
11494.011374687976,-1.5420892731480116,0.5598485775625497,-0.1995893751836313,1.3424998979643803
11535.581374548396,-1.5615203170613121,0.5600993583439995,-0.21535703870232403,1.346163278358988
11577.301719212915,-1.5801951584626437,0.559268156865131,-0.23114370094961068,1.349051457513033
11619.172952428453,-1.5981449670677392,0.5582201129194666,-0.2469491299469091,1.3511958371208301
11661.195619908522,-1.6154282488170981,0.5578853060104547,-0.26277309200811416,1.352655156808984
11703.370269340268,-1.6321283556214947,0.558041855093964,-0.2786153517396617,1.353513003881833
11745.697450391626,-1.6483495171870466,0.5590163932147588,-0.2944756720408108,1.3538738451462358
11788.177714718542,-1.6642117025795855,0.5630251529853507,-0.3103538141039657,1.3538578884756198
11830.81161597208,-1.6798446962833467,0.5601337108442705,-0.32624953741515483,1.3535951588681918
11873.599709805669,-1.6953818235449791,0.5600342957304607,-0.3421625997545945,1.3532192237903846
11916.542553882393,-1.7109537838993152,0.5606902089787038,-0.3580927571974488,1.3528610267018664
11959.64070788218,-1.7266830503603519,0.5609222477408522,-0.37403976411455453,1.3526432862457973
12002.894733509129,-1.7426792645197136,0.5615112321636537,-0.3900033731734531,1.3526758913462604
12046.30519449888,-1.7590360020950637,0.5615053117347748,-0.4059833353394122,1.3530526667556515
12089.87265662587,-1.775829195228912,0.5618834390048322,-0.4219793998765855,1.3538497953523265
12133.59768771076,-1.7931173745928017,0.5619859997232101,-0.4379913143493468,1.355126060243455
12177.480857627865,-1.8109437367096959,0.5634845465994357,-0.4540188246236916,1.3569249120860043
12221.522738312502,-1.8293396719607067,0.5637063440053702,-0.4700616748687878,1.3592779970919189
12265.723903768494,-1.848310077204637,0.5633180128667749,-0.48611960755861894,1.362190469646018
12310.08493007568,-1.8678986017166537,0.5628861073631053,-0.5021923634738101,1.3657062382428435
12354.606395397348,-1.888134551942203,0.5633209410753125,-0.5182796817034809,1.369854870238722
12399.288879987807,-1.9090562778063607,0.5649092806437158,-0.5343812996473254,1.3746749781590353
12444.132966200004,-1.9307150156891382,0.564636419083414,-0.5504969530177366,1.3802180626714016
12489.139238493,-1.9531758616915695,0.5648957595297707,-0.5666263758420964,1.3865494858494731
12534.308283439665,-1.9765159732936883,0.5655444867980142,-0.5827693004651664,1.393746672828522
12579.64068973435,-2.0008198324288617,0.5656834492049688,-0.5989254575516352,1.4018943748772266
12625.137048200466,-2.0261717685873837,0.5651957009422794,-0.615094576088735,1.4110771924986487
12670.79795179824,-2.0526463153513905,0.5655844188274483,-0.6312763833890411,1.4213699319623494
12716.623995632475,-2.080297302832548,0.567088071757482,-0.6474706050933747,1.4328266977391735
12762.61577696024,-2.1091468181644224,0.5696416395140912,-0.6636769651738028,1.4454698529906196
12808.773895198668,-2.1391752569391276,0.57081190491081,-0.6798951859368074,1.4592800710023202
12855.098951932836,-2.1703136216357617,0.5732147121786882,-0.696124988026579,1.4741886336091827
12901.591550923506,-2.2024390061814323,0.5747384092066805,-0.7123660904283824,1.49007291575305
12948.25229811504,-2.235373870455092,0.5731757697407293,-0.7286182104720904,1.5067556599830016
12995.081801643348,-2.2688893059908413,0.5728714058998137,-0.7448810638358925,1.5240082421549488
13042.080671843714,-2.3027120852019056,0.5731166341513557,-0.7611543645500074,1.5415577206518982
13089.249521258804,-2.3365349294501687,0.5742023570858172,-0.7774378250006215,1.5590971044495472
13136.58896464669,-2.370022430583054,0.5768160634722025,-0.7937311559339548,1.5762912746490993
13184.099618988774,-2.4028384794215256,0.5792882137289652,-0.8100340664603767,1.592804412961149
13231.782103497872,-2.4346613292237542,0.5789141886213882,-0.8263462640587207,1.6083150651650335
13279.63703962634,-2.4651838174391045,0.5777598665986475,-0.8426674545807114,1.6225163628583932
13327.665051074056,-2.494133368355884,0.5775241233835958,-0.8589973422555044,1.6351360261003798
13375.866763796632,-2.521283487209777,0.5765593738994045,-0.8753356296943373,1.6459478575154396
13424.242806013588,-2.5464633078944505,0.5753993570929854,-0.8916820178953841,1.6547812899990664
13472.793808216456,-2.5695649806349916,0.5770941721823325,-0.9080362062486458,1.6615287743863458
13521.520403177046,-2.5905487607875344,0.5769406995674454,-0.9243978925410001,1.6661508682465342
13570.42322595575,-2.609445689379948,0.5754129536428149,-0.9407667729614584,1.6686789164184894
13619.502913909702,-2.6263577612574664,0.5778316948922639,-0.9571425421063964,1.66921521915107
13668.760106701147,-2.6414554860883888,0.5817814014000388,-0.9735248929850364,1.6679305931033523
13718.19544630582,-2.6549727884088368,0.581157567307246,-0.9899135170250482,1.6650592713837886
13767.809577021231,-2.667199284105873,0.5787578469294028,-1.0063081040781938,1.6608911800276793
13817.603145475086,-2.6784701164016615,0.5750418944272152,-1.0227083424262045,1.655761773975457
13867.57680063378,-2.689153720429365,0.5739692778727257,-1.0391139187867253,1.6500398016426399
13917.731193810758,-2.6996380830092566,0.5711579106565582,-1.0555245183193716,1.644113564689885
13968.06697867504,-2.7103162353739014,0.5755105341674139,-1.0719398246320218,1.6383764107418797
14018.584811259809,-2.7215718252652037,0.5748659889553636,-1.0883595197870761,1.6332123054781276
14069.285349970836,-2.733764926978256,0.5745009729705534,-1.1047832843079792,1.6289816426702766
14120.169255595143,-2.7472178912960894,0.5730302270940205,-1.121210797185812,1.6260070941102773
14171.23719130964,-2.7622167288687924,0.574176685417739,-1.1376417358860351,1.6245749929827573
14222.48982268967,-2.7789935846767033,0.5748891806712475,-1.1540757763553238,1.6249178083213796
14273.927817717748,-2.7977254328115135,0.5745536771896415,-1.1705125930285618,1.6272128397829517
14325.551846792308,-2.8185336067550537,0.5772180074350002,-1.1869518588359966,1.631581747919057
14377.362582736334,-2.8414849665641917,0.5734698255400252,-1.2033932452104157,1.638091721353776
14429.3607008062,-2.8665948351210986,0.5713943142667864,-1.2198364220945876,1.646758413026511
14481.546878700494,-2.8938310937607428,0.5668547466041837,-1.2362810579487302,1.6575500358120125
14533.921796568766,-2.923118838171738,0.5652011926747724,-1.2527268197581396,1.6703920184135983
14586.486137020442,-2.9543450755541487,0.5664870273976866,-1.269173373040962,1.6851717025131867
14639.240585133772,-2.987363072472067,0.5714370267128951,-1.2856203818560878,1.701742690615979
14692.185828464648,-3.0219961155213273,0.5751452345258724,-1.3020675088111417,1.7199286067101855
14745.322557055622,-3.058040592221502,0.5767250044168643,-1.3185144150706432,1.739526177150859
14798.651463444958,-3.09526841816965,0.5787187887753333,-1.334960760364293,1.760307657805357
14852.17324267554,-3.133428909323184,0.5827803618618104,-1.351406202995344,1.7820227063278402
14905.888592303992,-3.172250219025041,0.5852656786097776,-1.3678503998491376,1.8043998191759032
14959.798212409823,-3.211440429322682,0.579713810288406,-1.38429300640178,1.827147422920902
15013.902805604444,-3.2506883166585014,0.5671038495401998,-1.4007336767289047,1.8499546399295967
15068.203077040367,-3.2896637244292775,0.5707602396782512,-1.4171720635145668,1.8724916609147106
15122.699734420474,-3.3280167226944144,0.5706569466474537,-1.4336078180603469,1.8944089046340675
15177.3934880071,-3.365378151637085,0.5775583316940489,-1.450040590294435,1.9153375613426498
15232.285050631372,-3.4013578068699974,0.5712740430602009,-1.4664700287809698,1.9348877780890277
15287.375137702553,-3.435540835955573,0.57099631799351,-1.4828957807294678,1.952645055226105
15342.664467217226,-3.467485570854617,0.5695727559022061,-1.4993174920043373,1.9681680788502796
15398.15375976874,-3.496721006494642,0.5697378179273509,-1.5157348071345584,1.9809861993600837
15453.84373855665,-3.5227455735285726,0.5762218309920838,-1.532147369323523,1.9905982042050496
15509.735129396013,-3.5447688816920033,0.7070886776982117,-1.5485548204589161,1.9962140612330872
15565.82866072693,-3.561491824636958,0.7289052245207943,-1.5649568011227721,1.9965350235141859
15622.125063624071,-3.5739843034111143,0.7548499814359996,-1.5813529506017083,1.992631352809406
15678.625071806113,-3.582062371515324,0.7749142479037803,-1.5977429068971567,1.9843194646181672
15735.329421645343,-3.585626058414828,0.7934530880830272,-1.614126306735848,1.97149975167898
15792.238852177314,-3.5846881116872726,0.8092623393162933,-1.630502785580358,1.9541853261069146
15849.354105110377,-3.579405079311753,0.8298560193239869,-1.646871977639785,1.932533101671968
15906.675924835376,-3.5701078124226093,0.8475672453462864,-1.6632335158805596,1.9068742965420498
15964.205058435453,-3.557327585671489,0.8657374359140643,-1.679587032037409,1.87774055363408
16021.942255695612,-3.5418134486156,0.8821420346119138,-1.695932156624366,1.8458812919912342
16079.888269112604,-3.5245363159434895,0.9040087998700287,-1.7122685189459954,1.812267796997494
16138.043853904755,-3.5066758174718577,0.906379879134758,-1.7285957471087166,1.7780800703631412
16196.409768021713,-3.489587156259933,0.9272514512682806,-1.7449134680321983,1.744673688227735
16254.986772154356,-3.4747473503194097,0.9406506925297219,-1.7612213074609286,1.713526042858481
16313.775629744812,-3.4636806014403794,0.9390243624646823,-1.7775188899759566,1.6861617114644227
16372.777106996256,-3.4578714734944285,0.9561988303257554,-1.7938058390066303,1.6640656344877982
16431.99197288295,-3.458665468180767,0.9733118045008691,-1.810081776842562,1.6485836913382048
16491.420999160364,-3.4671721003663016,1.005708495918053,-1.8263463246457103,1.6408257757205913
16551.064960375068,-3.484176978056256,1.0303796952550115,-1.842599102462536,1.64157787559372
16610.92463387492,-3.5100732579976643,1.074026212541293,-1.8588397292363013,1.651233528761363
16671.00079981924,-3.544820850721864,1.0910851507451933,-1.8750678228195454,1.6697530279023187
16731.29424118887,-3.5879392108273738,1.1160977362533113,-1.8912829999865934,1.6966562108407803
16791.805743796423,-3.638536078467153,1.160172964662668,-1.907484876446265,1.731051202020888
16852.5360962966,-3.6953705825369276,1.2038736733732103,-1.9236730668546702,1.7716975156822574
16913.486090196344,-3.7569452208413887,1.245949914000862,-1.9398471848281194,1.8170980360132694
16974.656519865206,-3.821617951121567,1.2543097409377277,-1.956006842956187,1.8656111081653801
17036.04818254578,-3.887723425066124,1.2886428711383957,-1.9721516528149081,1.9155717722512158
17097.661878363946,-3.953691573655127,1.3393474743417493,-1.9882812249800175,1.9654103486751096
17159.49841033938,-4.01815239023775,1.362841300579553,-2.004395169040391,2.013757221197359
17221.558584396073,-4.080017720228772,1.3766255905853795,-2.0204930936116323,2.05952462661714
17283.84320937271,-4.138533827957035,1.3979231985525955,-2.0365746063496495,2.1019592216073857
17346.35309703327,-4.193302022457221,1.4363028813627066,-2.052639313964489,2.140662708492732
17409.08906207768,-4.244268478611762,1.4197661768282843,-2.0686868222342714,2.1755816563774903
17472.051922152306,-4.291686069548264,1.402416346994124,-2.0847167360191428,2.2069693335291216
17535.242497860665,-4.33605629829355,1.3896738184947302,-2.1007286592754912,2.2353276390180588
17598.661612774173,-4.378058701057589,1.4897803259703901,-2.1167221950701727,2.2613365059874164
17662.310093442786,-4.418474976358192,1.5993963002931206,-2.132696945594949,2.285778030763243
17726.188769405802,-4.458116400909338,1.8827328691510694,-2.148652512180943,2.309463888728395
17790.29847320275,-4.497760585667746,2.451077571166367,-2.164588495313337,2.3331720903544086
17854.64004038412,-4.538102004666809,3.1457824916610777,-2.1805044946460885,2.35759751002072
17919.2143095223,-4.579718644574633,3.5468642440590004,-2.196400109016796,2.3833185355578372
17984.02212222259,-4.623055090277811,3.8288919527955696,-2.2122749364617444,2.4107801538160665
