pair,family,string,register,event,phase,f,f0,y,snr,match_cost,kind,weight_base
A_12,fret12,A,low,0,attack,109.67608095586627,109.67608095586627,-17.03412904857656,44.69919569912263,2.2025399205375518,fundamental,0.08
A_12,fret12,A,low,0,stabilization,109.67608095586627,109.67608095586627,-16.99634134425822,47.093266114830186,2.2025399205375518,fundamental,0.14
A_12,fret12,A,low,0,body,109.67608095586627,109.67608095586627,-16.9482534108425,66.74818867925003,2.2025399205375518,fundamental,0.4
A_12,fret12,A,low,0,sustain,109.67608095586627,109.67608095586627,-16.873655350431452,66.46102726063644,2.2025399205375518,fundamental,0.3
A_12,fret12,A,low,0,decay,109.67608095586627,109.67608095586627,-16.679650698259845,53.29965443230532,2.2025399205375518,fundamental,0.08
A_12,fret12,A,low,1,attack,109.72029174686196,109.72029174686196,-14.396177546001724,48.227075307074216,2.254221963763953,fundamental,0.08
A_12,fret12,A,low,1,stabilization,109.72029174686196,109.72029174686196,-14.352696965214951,50.611283171970925,2.254221963763953,fundamental,0.14
A_12,fret12,A,low,1,body,109.72029174686196,109.72029174686196,-14.269179000287972,70.29457718271567,2.254221963763953,fundamental,0.4
A_12,fret12,A,low,1,sustain,109.72029174686196,109.72029174686196,-14.01778601186676,70.09408970873037,2.254221963763953,fundamental,0.3
A_12,fret12,A,low,1,decay,109.72029174686196,109.72029174686196,-13.899751377639404,56.92437301191043,2.254221963763953,fundamental,0.08
A_12,fret12,A,low,2,attack,109.71585734824592,109.71585734824592,-11.910955761603075,45.89483811026291,2.182458787226302,fundamental,0.08
A_12,fret12,A,low,2,stabilization,109.71585734824592,109.71585734824592,-11.873573703337923,48.23033846659372,2.182458787226302,fundamental,0.14
A_12,fret12,A,low,2,body,109.71585734824592,109.71585734824592,-11.70065613125888,67.76420760836548,2.182458787226302,fundamental,0.4
A_12,fret12,A,low,2,sustain,109.71585734824592,109.71585734824592,-11.398826109024768,67.75343995579527,2.182458787226302,fundamental,0.3
A_12,fret12,A,low,2,decay,109.71585734824592,109.71585734824592,-11.172651959376452,54.52562125735888,2.182458787226302,fundamental,0.08
A_12,fret12,A,low,3,attack,109.75308045652858,109.75308045652858,-12.99277682700869,48.44784513701892,2.243501314151636,fundamental,0.08
A_12,fret12,A,low,3,stabilization,109.75308045652858,109.75308045652858,-13.123932648234591,50.65607190423486,2.243501314151636,fundamental,0.14
A_12,fret12,A,low,3,body,109.75308045652858,109.75308045652858,-13.16783250395375,70.45020450405542,2.243501314151636,fundamental,0.4
A_12,fret12,A,low,3,sustain,109.75308045652858,109.75308045652858,-12.974563287536004,69.84294364139139,2.243501314151636,fundamental,0.3
A_12,fret12,A,low,3,decay,109.75308045652858,109.75308045652858,-14.3282861135807,55.43402791190695,2.243501314151636,fundamental,0.08
A_12,fret12,A,low,4,attack,109.83070066008314,109.83070066008314,-9.61145590862816,48.948350550419455,2.2302883782200187,fundamental,0.08
A_12,fret12,A,low,4,stabilization,109.83070066008314,109.83070066008314,-9.667048301373445,51.133694758690865,2.2302883782200187,fundamental,0.14
A_12,fret12,A,low,4,body,109.83070066008314,109.83070066008314,-9.678755933808684,71.32014032168851,2.2302883782200187,fundamental,0.4
A_12,fret12,A,low,4,sustain,109.83070066008314,109.83070066008314,-9.566633144951254,69.96632285016152,2.2302883782200187,fundamental,0.3
A_12,fret12,A,low,4,decay,109.83070066008314,109.83070066008314,-9.45327032912632,57.74172904499699,2.2302883782200187,fundamental,0.08
A_12,fret12,A,low,5,attack,109.784415820448,109.784415820448,-10.868755097455171,45.85722164853462,2.194992511919396,fundamental,0.08
A_12,fret12,A,low,5,stabilization,109.784415820448,109.784415820448,-10.816307697991547,48.165030199954124,2.194992511919396,fundamental,0.14
A_12,fret12,A,low,5,body,109.784415820448,109.784415820448,-10.756531285886156,68.0996759166815,2.194992511919396,fundamental,0.4
A_12,fret12,A,low,5,sustain,109.784415820448,109.784415820448,-10.6356696958752,67.29595450124998,2.194992511919396,fundamental,0.3
A_12,fret12,A,low,5,decay,109.784415820448,109.784415820448,-10.93466169832918,54.24603933142754,2.194992511919396,fundamental,0.08
A_12,fret12,A,low,6,attack,109.7888950471169,109.7888950471169,-10.740427744013097,47.174015553501114,2.1220255460341706,fundamental,0.08
A_12,fret12,A,low,6,stabilization,109.7888950471169,109.7888950471169,-10.800041906558004,49.5165081512274,2.1220255460341706,fundamental,0.14
A_12,fret12,A,low,6,body,109.7888950471169,109.7888950471169,-10.817587781211468,69.53749743046187,2.1220255460341706,fundamental,0.4
A_12,fret12,A,low,6,sustain,109.7888950471169,109.7888950471169,-10.74489336570175,68.59220073032994,2.1220255460341706,fundamental,0.3
A_12,fret12,A,low,6,decay,109.7888950471169,109.7888950471169,-11.379340861526488,55.25981342785463,2.1220255460341706,fundamental,0.08
A_12,fret12,A,low,7,attack,109.80149573384934,109.80149573384934,-10.563526362330045,46.70741200863071,2.123776359443151,fundamental,0.08
A_12,fret12,A,low,7,stabilization,109.80149573384934,109.80149573384934,-10.6688670387908,48.9925217973704,2.123776359443151,fundamental,0.14
A_12,fret12,A,low,7,body,109.80149573384934,109.80149573384934,-10.729250316296564,68.98231353074866,2.123776359443151,fundamental,0.4
A_12,fret12,A,low,7,sustain,109.80149573384934,109.80149573384934,-10.69145878374961,68.09869474350167,2.123776359443151,fundamental,0.3
A_12,fret12,A,low,7,decay,109.80149573384934,109.80149573384934,-11.294354402936436,54.81428903499374,2.123776359443151,fundamental,0.08
A_12,fret12,A,low,8,attack,109.8193128478788,109.8193128478788,-13.618770987430466,47.884889485601576,2.240044551050365,fundamental,0.08
A_12,fret12,A,low,8,stabilization,109.8193128478788,109.8193128478788,-13.502157768692026,50.229789628782285,2.240044551050365,fundamental,0.14
A_12,fret12,A,low,8,body,109.8193128478788,109.8193128478788,-13.323626906669368,70.41000085300283,2.240044551050365,fundamental,0.4
A_12,fret12,A,low,8,sustain,109.8193128478788,109.8193128478788,-13.0093287979886,69.34547826292174,2.240044551050365,fundamental,0.3
A_12,fret12,A,low,8,decay,109.8193128478788,109.8193128478788,-12.81343968951666,56.91192184553499,2.240044551050365,fundamental,0.08
A_12,fret12,A,low,9,attack,109.82608005748928,109.82608005748928,-12.761407143142616,48.991985299040955,2.245447789491578,fundamental,0.08
A_12,fret12,A,low,9,stabilization,109.82608005748928,109.82608005748928,-12.660364248754568,51.349009961747214,2.245447789491578,fundamental,0.14
A_12,fret12,A,low,9,body,109.82608005748928,109.82608005748928,-12.418860985637846,71.58112253104385,2.245447789491578,fundamental,0.4
A_12,fret12,A,low,9,sustain,109.82608005748928,109.82608005748928,-12.02301475726662,70.58115901712543,2.245447789491578,fundamental,0.3
A_12,fret12,A,low,9,decay,109.82608005748928,109.82608005748928,-11.953106058780383,57.880698524104744,2.245447789491578,fundamental,0.08
A_12,fret12,A,low,10,attack,109.7801249423391,109.7801249423391,-15.32354356018678,45.29268248997011,2.245918074567516,fundamental,0.08
A_12,fret12,A,low,10,stabilization,109.7801249423391,109.7801249423391,-15.507120351905431,47.7267116270162,2.245918074567516,fundamental,0.14
A_12,fret12,A,low,10,body,109.7801249423391,109.7801249423391,-15.38064885504152,67.59182358385989,2.245918074567516,fundamental,0.4
A_12,fret12,A,low,10,sustain,109.7801249423391,109.7801249423391,-15.2106048554289,67.02063311147619,2.245918074567516,fundamental,0.3
A_12,fret12,A,low,10,decay,109.7801249423391,109.7801249423391,-14.007098684356665,53.57500812319974,2.245918074567516,fundamental,0.08
A_12,fret12,A,low,11,attack,109.80572599495062,109.80572599495062,-14.276865411534516,48.476893872089114,2.268894892329409,fundamental,0.08
A_12,fret12,A,low,11,stabilization,109.80572599495062,109.80572599495062,-14.244188708481063,50.83732425844467,2.268894892329409,fundamental,0.14
A_12,fret12,A,low,11,body,109.80572599495062,109.80572599495062,-14.14124174674641,70.7842826138988,2.268894892329409,fundamental,0.4
A_12,fret12,A,low,11,sustain,109.80572599495062,109.80572599495062,-13.833548171829428,70.1821965596493,2.268894892329409,fundamental,0.3
A_12,fret12,A,low,11,decay,109.80572599495062,109.80572599495062,-11.346241106469652,57.44593876697026,2.268894892329409,fundamental,0.08
A_12,fret12,A,low,12,attack,109.82008002429251,109.82008002429251,-12.304465121018904,47.51169342949399,2.230306184330825,fundamental,0.08
A_12,fret12,A,low,12,stabilization,109.82008002429251,109.82008002429251,-12.248722415783355,49.88810895222425,2.230306184330825,fundamental,0.14
A_12,fret12,A,low,12,body,109.82008002429251,109.82008002429251,-12.100936216119894,69.99627111389164,2.230306184330825,fundamental,0.4
A_12,fret12,A,low,12,sustain,109.82008002429251,109.82008002429251,-11.905441092442189,69.26919710538797,2.230306184330825,fundamental,0.3
A_12,fret12,A,low,12,decay,109.82008002429251,109.82008002429251,-11.513274250829728,56.58863973289098,2.230306184330825,fundamental,0.08
A_12,fret12,A,low,13,attack,109.80556131487265,109.80556131487265,-14.743316593348451,47.30454797851572,2.24663727976466,fundamental,0.08
A_12,fret12,A,low,13,stabilization,109.80556131487265,109.80556131487265,-14.648911452292154,49.70084631295265,2.24663727976466,fundamental,0.14
A_12,fret12,A,low,13,body,109.80556131487265,109.80556131487265,-14.444740595389645,69.72114025360015,2.24663727976466,fundamental,0.4
A_12,fret12,A,low,13,sustain,109.80556131487265,109.80556131487265,-14.0798998942196,69.01638536084286,2.24663727976466,fundamental,0.3
A_12,fret12,A,low,13,decay,109.80556131487265,109.80556131487265,-13.751642296444302,56.356780665656174,2.24663727976466,fundamental,0.08
A_12,fret12,A,low,14,attack,109.79971758038037,109.79971758038037,-14.05903255503901,46.159493053249854,2.213244221303744,fundamental,0.08
A_12,fret12,A,low,14,stabilization,109.79971758038037,109.79971758038037,-13.920521393278024,48.54497138850385,2.213244221303744,fundamental,0.14
A_12,fret12,A,low,14,body,109.79971758038037,109.79971758038037,-13.696280292645769,68.55660372917907,2.213244221303744,fundamental,0.4
A_12,fret12,A,low,14,sustain,109.79971758038037,109.79971758038037,-13.4040029248158,67.79764729552683,2.213244221303744,fundamental,0.3
A_12,fret12,A,low,14,decay,109.79971758038037,109.79971758038037,-16.24506065448059,52.119424038622604,2.213244221303744,fundamental,0.08
A_12,fret12,A,low,15,attack,109.79032320753684,109.79032320753684,-14.504420817893797,46.63064974218925,2.24774858699904,fundamental,0.08
A_12,fret12,A,low,15,stabilization,109.79032320753684,109.79032320753684,-14.36548329898084,49.009227596105895,2.24774858699904,fundamental,0.14
A_12,fret12,A,low,15,body,109.79032320753684,109.79032320753684,-14.115229675128989,69.032123698052,2.24774858699904,fundamental,0.4
A_12,fret12,A,low,15,sustain,109.79032320753684,109.79032320753684,-13.79829503018948,68.28424305079119,2.24774858699904,fundamental,0.3
A_12,fret12,A,low,15,decay,109.79032320753684,109.79032320753684,-13.65891381137316,55.5862283279869,2.24774858699904,fundamental,0.08
A_open,open,A,sub,0,attack,54.956456653683546,54.956456653683546,-32.31663783463545,22.028688791340116,1.4848137037717235,fundamental,0.08
A_open,open,A,sub,0,stabilization,54.956456653683546,54.956456653683546,-23.947732532219334,28.932316857868884,1.4848137037717235,fundamental,0.14
A_open,open,A,sub,0,body,54.956456653683546,54.956456653683546,-29.43960219745481,26.082205332194917,1.4848137037717235,fundamental,0.4
A_open,open,A,sub,0,sustain,54.956456653683546,54.956456653683546,-29.453400312676443,24.180944180354572,1.4848137037717235,fundamental,0.3
A_open,open,A,sub,0,decay,54.956456653683546,54.956456653683546,-28.6219176536736,23.229268588167955,1.4848137037717235,fundamental,0.08
A_open,open,A,sub,1,attack,55.02086240394296,55.02086240394296,-14.032058327767032,42.188562074758686,1.410875324291582,fundamental,0.08
A_open,open,A,sub,1,stabilization,55.02086240394296,55.02086240394296,-15.759175430067245,41.857095063805154,1.410875324291582,fundamental,0.14
A_open,open,A,sub,1,body,55.02086240394296,55.02086240394296,-15.118145543684705,43.635209247670325,1.410875324291582,fundamental,0.4
A_open,open,A,sub,1,sustain,55.02086240394296,55.02086240394296,-15.22650259787452,41.92995811062533,1.410875324291582,fundamental,0.3
A_open,open,A,sub,1,decay,55.02086240394296,55.02086240394296,-15.035000528898273,40.58476835839871,1.410875324291582,fundamental,0.08
A_open,open,A,sub,2,attack,55.041073707924824,55.041073707924824,-20.198027131773443,38.7184145105572,1.6870678477648982,fundamental,0.08
A_open,open,A,sub,2,stabilization,55.041073707924824,55.041073707924824,-18.702041959996443,40.43847126322301,1.6870678477648982,fundamental,0.14
A_open,open,A,sub,2,body,55.041073707924824,55.041073707924824,-20.028071688516636,40.73161079349499,1.6870678477648982,fundamental,0.4
A_open,open,A,sub,2,sustain,55.041073707924824,55.041073707924824,-20.242042549204346,38.993344720156216,1.6870678477648982,fundamental,0.3
A_open,open,A,sub,2,decay,55.041073707924824,55.041073707924824,-20.188944039407552,37.53437070189358,1.6870678477648982,fundamental,0.08
A_open,open,A,sub,3,attack,55.045642535629405,55.045642535629405,-13.37012000816778,40.53139523901723,1.700667586598476,fundamental,0.08
A_open,open,A,sub,3,stabilization,55.045642535629405,55.045642535629405,-15.42117899495743,40.548444291007364,1.700667586598476,fundamental,0.14
A_open,open,A,sub,3,body,55.045642535629405,55.045642535629405,-14.64966249393207,42.09066616163691,1.700667586598476,fundamental,0.4
A_open,open,A,sub,3,sustain,55.045642535629405,55.045642535629405,-14.541219738642042,40.63493510972054,1.700667586598476,fundamental,0.3
A_open,open,A,sub,3,decay,55.045642535629405,55.045642535629405,-15.067165359852254,38.681139688058636,1.700667586598476,fundamental,0.08
A_open,open,A,sub,4,attack,55.03036182769098,55.03036182769098,-13.206074677331117,41.876034886988165,1.4774919550272008,fundamental,0.08
A_open,open,A,sub,4,stabilization,55.03036182769098,55.03036182769098,-10.957681821427826,41.265646928762024,1.4774919550272008,fundamental,0.14
A_open,open,A,sub,4,body,55.03036182769098,55.03036182769098,-12.37031714934777,44.82531212499461,1.4774919550272008,fundamental,0.4
A_open,open,A,sub,4,sustain,55.03036182769098,55.03036182769098,-12.236591905920257,43.399728204284926,1.4774919550272008,fundamental,0.3
A_open,open,A,sub,4,decay,55.03036182769098,55.03036182769098,-12.161485892124723,40.86045911581046,1.4774919550272008,fundamental,0.08
A_open,open,A,sub,5,attack,55.02931354483429,55.02931354483429,2.0077000610282383,27.58533000649554,1.6653509800626496,fundamental,0.08
A_open,open,A,sub,5,stabilization,55.02931354483429,55.02931354483429,-2.262645559982623,31.487069799792017,1.6653509800626496,fundamental,0.14
A_open,open,A,sub,5,body,55.02931354483429,55.02931354483429,-2.4995040242478623,34.06824910910435,1.6653509800626496,fundamental,0.4
A_open,open,A,sub,5,sustain,55.02931354483429,55.02931354483429,-2.3104490237587214,34.455014799604484,1.6653509800626496,fundamental,0.3
A_open,open,A,sub,5,decay,55.02931354483429,55.02931354483429,-2.2631278124187872,32.156217930229175,1.6653509800626496,fundamental,0.08
A_open,open,A,sub,6,attack,55.03217577095442,55.03217577095442,-12.793614443699887,42.15463771589086,1.6735974074534374,fundamental,0.08
A_open,open,A,sub,6,stabilization,55.03217577095442,55.03217577095442,-11.544716775837742,41.86873493715193,1.6735974074534374,fundamental,0.14
A_open,open,A,sub,6,body,55.03217577095442,55.03217577095442,-12.575145639920072,44.621342350561804,1.6735974074534374,fundamental,0.4
A_open,open,A,sub,6,sustain,55.03217577095442,55.03217577095442,-12.12728522746739,43.296472723380965,1.6735974074534374,fundamental,0.3
A_open,open,A,sub,6,decay,55.03217577095442,55.03217577095442,-12.029647614545633,41.87733268846877,1.6735974074534374,fundamental,0.08
A_open,open,A,sub,7,attack,55.03171445650317,55.03171445650317,20.78297576381729,3.350686297438216,1.527719866851233,fundamental,0.08
A_open,open,A,sub,7,stabilization,55.03171445650317,55.03171445650317,-0.6052661274928397,26.37346541504742,1.527719866851233,fundamental,0.14
A_open,open,A,sub,7,body,55.03171445650317,55.03171445650317,2.193748690303792,25.4212755759226,1.527719866851233,fundamental,0.4
A_open,open,A,sub,7,sustain,55.03171445650317,55.03171445650317,1.777651601659926,26.371678208229923,1.527719866851233,fundamental,0.3
A_open,open,A,sub,7,decay,55.03171445650317,55.03171445650317,3.639815354896356,21.970458957813044,1.527719866851233,fundamental,0.08
A_open,open,A,sub,8,attack,55.02599539788647,55.02599539788647,-8.614534656162292,39.72436945049741,1.7191572638387902,fundamental,0.08
A_open,open,A,sub,8,stabilization,55.02599539788647,55.02599539788647,-8.661722250774389,39.00542075516761,1.7191572638387902,fundamental,0.14
A_open,open,A,sub,8,body,55.02599539788647,55.02599539788647,-9.26326481674895,42.14737617054459,1.7191572638387902,fundamental,0.4
A_open,open,A,sub,8,sustain,55.02599539788647,55.02599539788647,-9.172194935346226,42.58331046133334,1.7191572638387902,fundamental,0.3
A_open,open,A,sub,8,decay,55.02599539788647,55.02599539788647,-9.120614436798888,40.47630506491993,1.7191572638387902,fundamental,0.08
A_open,open,A,sub,9,attack,54.97132930536709,54.97132930536709,-16.612555988923972,26.726589341092875,1.4788198272962567,fundamental,0.08
A_open,open,A,sub,9,stabilization,54.97132930536709,54.97132930536709,-20.30417867556925,26.054458413027874,1.4788198272962567,fundamental,0.14
A_open,open,A,sub,9,body,54.97132930536709,54.97132930536709,-19.676766411598702,27.161607752476016,1.4788198272962567,fundamental,0.4
A_open,open,A,sub,9,sustain,54.97132930536709,54.97132930536709,-19.587866674865168,25.398319285825707,1.4788198272962567,fundamental,0.3
A_open,open,A,sub,9,decay,54.97132930536709,54.97132930536709,-20.220597200083557,24.091343793203635,1.4788198272962567,fundamental,0.08
A_open,open,A,sub,10,attack,55.03318238828513,55.03318238828513,-11.68587798761208,40.39969233554362,1.6314242725552346,fundamental,0.08
A_open,open,A,sub,10,stabilization,55.03318238828513,55.03318238828513,-12.2697336414451,40.421333307709475,1.6314242725552346,fundamental,0.14
A_open,open,A,sub,10,body,55.03318238828513,55.03318238828513,-12.151820133973956,42.41965448850343,1.6314242725552346,fundamental,0.4
A_open,open,A,sub,10,sustain,55.03318238828513,55.03318238828513,-11.970698873800233,40.86370302172142,1.6314242725552346,fundamental,0.3
A_open,open,A,sub,10,decay,55.03318238828513,55.03318238828513,-11.973887866527951,39.24530238488623,1.6314242725552346,fundamental,0.08
A_open,open,A,sub,11,attack,55.02809323998399,55.02809323998399,-1.2382118199993428,28.18274496414682,1.362486080818772,fundamental,0.08
A_open,open,A,sub,11,stabilization,55.02809323998399,55.02809323998399,-2.193943219460998,29.706443475931927,1.362486080818772,fundamental,0.14
A_open,open,A,sub,11,body,55.02809323998399,55.02809323998399,-2.039798968101394,31.77285954634607,1.362486080818772,fundamental,0.4
A_open,open,A,sub,11,sustain,55.02809323998399,55.02809323998399,-2.242910174119657,32.357604408152575,1.362486080818772,fundamental,0.3
A_open,open,A,sub,11,decay,55.02809323998399,55.02809323998399,-1.8863911254249857,29.55996876653429,1.362486080818772,fundamental,0.08
A_open,open,A,sub,12,attack,55.0376101294798,55.0376101294798,-14.61580301071166,40.92573516885856,1.6732204459761058,fundamental,0.08
A_open,open,A,sub,12,stabilization,55.0376101294798,55.0376101294798,-13.970480167001966,41.23759664938372,1.6732204459761058,fundamental,0.14
A_open,open,A,sub,12,body,55.0376101294798,55.0376101294798,-14.97731471926479,41.953095850390554,1.6732204459761058,fundamental,0.4
A_open,open,A,sub,12,sustain,55.0376101294798,55.0376101294798,-14.948316505951963,40.40100875827995,1.6732204459761058,fundamental,0.3
A_open,open,A,sub,12,decay,55.0376101294798,55.0376101294798,-14.94268614149444,38.80081726552538,1.6732204459761058,fundamental,0.08
A_open,open,A,sub,13,attack,55.03087508768286,55.03087508768286,-20.12608615892044,36.26779170247681,1.6100022479442624,fundamental,0.08
A_open,open,A,sub,13,stabilization,55.03087508768286,55.03087508768286,-19.830315596142896,38.53570418011175,1.6100022479442624,fundamental,0.14
A_open,open,A,sub,13,body,55.03087508768286,55.03087508768286,-20.079179764683357,39.61992417218974,1.6100022479442624,fundamental,0.4
A_open,open,A,sub,13,sustain,55.03087508768286,55.03087508768286,-20.11809965044379,37.99186787593117,1.6100022479442624,fundamental,0.3
A_open,open,A,sub,13,decay,55.03087508768286,55.03087508768286,-20.08946950751792,36.43080059298682,1.6100022479442624,fundamental,0.08
A_open,open,A,sub,14,attack,55.0191019854935,55.0191019854935,-5.5121284166376086,34.192158144452435,1.894022256781644,fundamental,0.08
A_open,open,A,sub,14,stabilization,55.0191019854935,55.0191019854935,-4.616799646924108,31.95295007321409,1.894022256781644,fundamental,0.14
A_open,open,A,sub,14,body,55.0191019854935,55.0191019854935,-7.219883498577033,36.84979985785657,1.894022256781644,fundamental,0.4
A_open,open,A,sub,14,sustain,55.0191019854935,55.0191019854935,-7.502667339439903,37.74565550036663,1.894022256781644,fundamental,0.3
A_open,open,A,sub,14,decay,55.0191019854935,55.0191019854935,-7.943720273772143,35.70898971443147,1.894022256781644,fundamental,0.08
A_open,open,A,sub,15,attack,55.04391734998178,55.04391734998178,-9.5215122945352,40.5960872557861,1.63876541596236,fundamental,0.08
A_open,open,A,sub,15,stabilization,55.04391734998178,55.04391734998178,-9.455414377056464,41.10337236005926,1.63876541596236,fundamental,0.14
A_open,open,A,sub,15,body,55.04391734998178,55.04391734998178,-9.705887951796283,43.5939459482949,1.63876541596236,fundamental,0.4
A_open,open,A,sub,15,sustain,55.04391734998178,55.04391734998178,-9.690061029017542,44.065019669266846,1.63876541596236,fundamental,0.3
A_open,open,A,sub,15,decay,55.04391734998178,55.04391734998178,-9.612874826213186,41.71758917983043,1.63876541596236,fundamental,0.08
A_open,open,A,sub,16,attack,55.059500328854845,55.059500328854845,-0.7043696011943794,32.008914613155355,1.3855103919864735,fundamental,0.08
A_open,open,A,sub,16,stabilization,55.059500328854845,55.059500328854845,-1.827582074618036,32.86267259828601,1.3855103919864735,fundamental,0.14
A_open,open,A,sub,16,body,55.059500328854845,55.059500328854845,-1.50279224142745,34.952118185564316,1.3855103919864735,fundamental,0.4
A_open,open,A,sub,16,sustain,55.059500328854845,55.059500328854845,-1.385370944931026,35.38790529818301,1.3855103919864735,fundamental,0.3
A_open,open,A,sub,16,decay,55.059500328854845,55.059500328854845,-0.9447844604477352,32.58142511369461,1.3855103919864735,fundamental,0.08
A_open,open,A,sub,17,attack,55.04583113608135,55.04583113608135,-20.49733271450728,33.966357396518376,1.5894529105429982,fundamental,0.08
A_open,open,A,sub,17,stabilization,55.04583113608135,55.04583113608135,-20.10154231797746,35.61117745545776,1.5894529105429982,fundamental,0.14
A_open,open,A,sub,17,body,55.04583113608135,55.04583113608135,-19.769032275121887,37.008198209282014,1.5894529105429982,fundamental,0.4
A_open,open,A,sub,17,sustain,55.04583113608135,55.04583113608135,-19.744675151007108,35.66281017442276,1.5894529105429982,fundamental,0.3
A_open,open,A,sub,17,decay,55.04583113608135,55.04583113608135,-20.30280749863902,33.16129969290948,1.5894529105429982,fundamental,0.08
A_open,open,A,sub,18,attack,55.0456150357435,55.0456150357435,-16.89937645591855,39.906814193961445,1.6058552999402254,fundamental,0.08
A_open,open,A,sub,18,stabilization,55.0456150357435,55.0456150357435,-18.167529707737927,40.19297944298094,1.6058552999402254,fundamental,0.14
A_open,open,A,sub,18,body,55.0456150357435,55.0456150357435,-18.33501002707888,41.22086487534995,1.6058552999402254,fundamental,0.4
A_open,open,A,sub,18,sustain,55.0456150357435,55.0456150357435,-18.29092015901944,39.75205615059099,1.6058552999402254,fundamental,0.3
A_open,open,A,sub,18,decay,55.0456150357435,55.0456150357435,-17.988646751213615,38.319133625955665,1.6058552999402254,fundamental,0.08
A_open,open,A,sub,19,attack,55.041127750075155,55.041127750075155,-16.37110149879002,42.066446761759295,1.477402104492371,fundamental,0.08
A_open,open,A,sub,19,stabilization,55.041127750075155,55.041127750075155,-15.32745263025872,43.71589799360685,1.477402104492371,fundamental,0.14
A_open,open,A,sub,19,body,55.041127750075155,55.041127750075155,-16.006907176557107,44.86884929689636,1.477402104492371,fundamental,0.4
A_open,open,A,sub,19,sustain,55.041127750075155,55.041127750075155,-15.69155012691816,43.384962313068094,1.477402104492371,fundamental,0.3
A_open,open,A,sub,19,decay,55.041127750075155,55.041127750075155,-15.390789570218956,42.069174485654614,1.477402104492371,fundamental,0.08
A_open,open,A,sub,20,attack,55.034267907650445,55.034267907650445,-14.217771843608872,43.10387597387479,1.5523112328307536,fundamental,0.08
A_open,open,A,sub,20,stabilization,55.034267907650445,55.034267907650445,-15.066769206455229,43.42872629057307,1.5523112328307536,fundamental,0.14
A_open,open,A,sub,20,body,55.034267907650445,55.034267907650445,-14.867115288379942,44.87260136084619,1.5523112328307536,fundamental,0.4
A_open,open,A,sub,20,sustain,55.034267907650445,55.034267907650445,-14.836718490736176,43.29541597242569,1.5523112328307536,fundamental,0.3
A_open,open,A,sub,20,decay,55.034267907650445,55.034267907650445,-14.681314558979317,41.79673449269328,1.5523112328307536,fundamental,0.08
A_open,open,A,sub,21,attack,55.04246093064438,55.04246093064438,-12.611367351326685,43.90310568149542,1.4393027515117325,fundamental,0.08
A_open,open,A,sub,21,stabilization,55.04246093064438,55.04246093064438,-12.19431345713454,44.100129063171984,1.4393027515117325,fundamental,0.14
A_open,open,A,sub,21,body,55.04246093064438,55.04246093064438,-12.017565137605551,46.51394880487408,1.4393027515117325,fundamental,0.4
A_open,open,A,sub,21,sustain,55.04246093064438,55.04246093064438,-11.740564801346167,45.13390139893849,1.4393027515117325,fundamental,0.3
A_open,open,A,sub,21,decay,55.04246093064438,55.04246093064438,-11.583656156256282,43.66807075257842,1.4393027515117325,fundamental,0.08
A_open,open,A,sub,22,attack,55.05712562245971,55.05712562245971,-17.118044186638485,40.57781906888427,1.61687170822516,fundamental,0.08
A_open,open,A,sub,22,stabilization,55.05712562245971,55.05712562245971,-17.767336735142734,41.449232807049604,1.61687170822516,fundamental,0.14
A_open,open,A,sub,22,body,55.05712562245971,55.05712562245971,-17.973171707151707,42.280924579177444,1.61687170822516,fundamental,0.4
A_open,open,A,sub,22,sustain,55.05712562245971,55.05712562245971,-17.77787034693101,40.82850862342112,1.61687170822516,fundamental,0.3
A_open,open,A,sub,22,decay,55.05712562245971,55.05712562245971,-17.92356370815505,39.002153497699,1.61687170822516,fundamental,0.08
A_open,open,A,sub,23,attack,55.06153144763108,55.06153144763108,-9.954548117241686,38.815005176087155,1.8199604553076243,fundamental,0.08
A_open,open,A,sub,23,stabilization,55.06153144763108,55.06153144763108,-10.17150535495987,39.64437319813024,1.8199604553076243,fundamental,0.14
A_open,open,A,sub,23,body,55.06153144763108,55.06153144763108,-9.21602930603931,41.1084109244397,1.8199604553076243,fundamental,0.4
A_open,open,A,sub,23,sustain,55.06153144763108,55.06153144763108,-9.003088132844468,41.482185745249964,1.8199604553076243,fundamental,0.3
A_open,open,A,sub,23,decay,55.06153144763108,55.06153144763108,-8.99275536857973,39.22117234190367,1.8199604553076243,fundamental,0.08
A_open,open,A,sub,24,attack,55.06249466364094,55.06249466364094,-9.609623520235466,41.01349522743132,1.518188331545396,fundamental,0.08
A_open,open,A,sub,24,stabilization,55.06249466364094,55.06249466364094,-10.419034935214896,41.50942012218348,1.518188331545396,fundamental,0.14
A_open,open,A,sub,24,body,55.06249466364094,55.06249466364094,-10.43285018596687,44.115601328514146,1.518188331545396,fundamental,0.4
A_open,open,A,sub,24,sustain,55.06249466364094,55.06249466364094,-10.40721850265018,44.30698601545437,1.518188331545396,fundamental,0.3
A_open,open,A,sub,24,decay,55.06249466364094,55.06249466364094,-10.682803229731078,42.143446913816774,1.518188331545396,fundamental,0.08
A_open,open,A,sub,25,attack,55.035926560750184,55.035926560750184,-28.18455236509601,29.182782611062237,1.4467668887305944,fundamental,0.08
A_open,open,A,sub,25,stabilization,55.035926560750184,55.035926560750184,-32.392819241825464,26.5770863422742,1.4467668887305944,fundamental,0.14
A_open,open,A,sub,25,body,55.035926560750184,55.035926560750184,-29.207146302488887,31.1577103073013,1.4467668887305944,fundamental,0.4
A_open,open,A,sub,25,sustain,55.035926560750184,55.035926560750184,-28.20593027907144,30.63661140838181,1.4467668887305944,fundamental,0.3
A_open,open,A,sub,25,decay,55.035926560750184,55.035926560750184,-27.931706260533367,29.429457755794957,1.4467668887305944,fundamental,0.08
A_open,open,A,sub,26,attack,55.07303479918103,55.07303479918103,0.0409688384502828,29.885469586282667,1.8503944336369464,fundamental,0.08
A_open,open,A,sub,26,stabilization,55.07303479918103,55.07303479918103,-4.033809609069877,32.871092365391846,1.8503944336369464,fundamental,0.14
A_open,open,A,sub,26,body,55.07303479918103,55.07303479918103,-3.541438748411032,34.79281731931465,1.8503944336369464,fundamental,0.4
A_open,open,A,sub,26,sustain,55.07303479918103,55.07303479918103,-3.634585399703632,35.56635261198931,1.8503944336369464,fundamental,0.3
A_open,open,A,sub,26,decay,55.07303479918103,55.07303479918103,-3.6152341557037246,33.415099296625336,1.8503944336369464,fundamental,0.08
A_open,open,A,sub,27,attack,55.05948782121986,55.05948782121986,-9.208198498857172,38.80992170255267,1.633744826685656,fundamental,0.08
A_open,open,A,sub,27,stabilization,55.05948782121986,55.05948782121986,-10.16025302001418,40.563008856379476,1.633744826685656,fundamental,0.14
A_open,open,A,sub,27,body,55.05948782121986,55.05948782121986,-11.333942060537154,43.898196107326406,1.633744826685656,fundamental,0.4
A_open,open,A,sub,27,sustain,55.05948782121986,55.05948782121986,-11.207702865128184,43.41215523713944,1.633744826685656,fundamental,0.3
A_open,open,A,sub,27,decay,55.05948782121986,55.05948782121986,-11.340113207715705,41.8213978124666,1.633744826685656,fundamental,0.08
A_open,open,A,sub,28,attack,55.05666642781437,55.05666642781437,-8.094976870956145,41.07925042805737,1.702300979885435,fundamental,0.08
A_open,open,A,sub,28,stabilization,55.05666642781437,55.05666642781437,-7.693934287713745,40.5034541323135,1.702300979885435,fundamental,0.14
A_open,open,A,sub,28,body,55.05666642781437,55.05666642781437,-7.674779208982208,42.89878984167555,1.702300979885435,fundamental,0.4
A_open,open,A,sub,28,sustain,55.05666642781437,55.05666642781437,-7.510438732869446,43.35605698108588,1.702300979885435,fundamental,0.3
A_open,open,A,sub,28,decay,55.05666642781437,55.05666642781437,-7.7313432664663395,41.329500678157,1.702300979885435,fundamental,0.08
A_open,open,A,sub,29,attack,55.051086157859245,55.051086157859245,2.207750954107261,27.60900746509553,1.560650085768741,fundamental,0.08
A_open,open,A,sub,29,stabilization,55.051086157859245,55.051086157859245,3.3318077874322185,27.294305971110305,1.560650085768741,fundamental,0.14
A_open,open,A,sub,29,body,55.051086157859245,55.051086157859245,2.4821285346656623,30.968442026354346,1.560650085768741,fundamental,0.4
A_open,open,A,sub,29,sustain,55.051086157859245,55.051086157859245,2.75960501563781,31.32779724496956,1.560650085768741,fundamental,0.3
A_open,open,A,sub,29,decay,55.051086157859245,55.051086157859245,1.951256407069181,29.86303201072397,1.560650085768741,fundamental,0.08
A_open,open,A,sub,30,attack,55.05821929028693,55.05821929028693,-5.620657852506227,38.76265373555693,1.925979971127773,fundamental,0.08
A_open,open,A,sub,30,stabilization,55.05821929028693,55.05821929028693,-5.056015551693619,37.49968793810078,1.925979971127773,fundamental,0.14
A_open,open,A,sub,30,body,55.05821929028693,55.05821929028693,-5.0785334068314825,40.39778459491809,1.925979971127773,fundamental,0.4
A_open,open,A,sub,30,sustain,55.05821929028693,55.05821929028693,-4.7266908558658685,40.83997197782383,1.925979971127773,fundamental,0.3
A_open,open,A,sub,30,decay,55.05821929028693,55.05821929028693,-4.430663383051893,38.48112721937122,1.925979971127773,fundamental,0.08
A_open,open,A,sub,31,attack,55.059369050327746,55.059369050327746,-9.704652741314092,36.7002867861348,1.427668349919743,fundamental,0.08
A_open,open,A,sub,31,stabilization,55.059369050327746,55.059369050327746,-9.685626980090618,37.19076144258318,1.427668349919743,fundamental,0.14
A_open,open,A,sub,31,body,55.059369050327746,55.059369050327746,-7.495260374653931,38.32105883414513,1.427668349919743,fundamental,0.4
A_open,open,A,sub,31,sustain,55.059369050327746,55.059369050327746,-6.852421441682651,38.60617879995853,1.427668349919743,fundamental,0.3
A_open,open,A,sub,31,decay,55.059369050327746,55.059369050327746,-6.437846394920598,36.15992921254654,1.427668349919743,fundamental,0.08
A_open,open,A,sub,32,attack,55.04657296938738,55.04657296938738,-7.2645591063097825,39.753397530696375,1.7473753322302763,fundamental,0.08
A_open,open,A,sub,32,stabilization,55.04657296938738,55.04657296938738,-6.63200279451177,38.506356722689674,1.7473753322302763,fundamental,0.14
A_open,open,A,sub,32,body,55.04657296938738,55.04657296938738,-6.5947199274637,41.10412935184138,1.7473753322302763,fundamental,0.4
A_open,open,A,sub,32,sustain,55.04657296938738,55.04657296938738,-6.25387545728028,41.36927503792009,1.7473753322302763,fundamental,0.3
A_open,open,A,sub,32,decay,55.04657296938738,55.04657296938738,-6.214110089113277,39.19016068655062,1.7473753322302763,fundamental,0.08
A_open,open,A,sub,33,attack,55.00712124174076,55.00712124174076,-19.27924431869539,33.30865704628965,1.4310859906945348,fundamental,0.08
A_open,open,A,sub,33,stabilization,55.00712124174076,55.00712124174076,-22.36396733534619,31.644328152905345,1.4310859906945348,fundamental,0.14
A_open,open,A,sub,33,body,55.00712124174076,55.00712124174076,-21.684999532845367,33.673828679873374,1.4310859906945348,fundamental,0.4
A_open,open,A,sub,33,sustain,55.00712124174076,55.00712124174076,-21.12339429142668,32.41021213481419,1.4310859906945348,fundamental,0.3
A_open,open,A,sub,33,decay,55.00712124174076,55.00712124174076,-20.769462809874327,31.48279954345267,1.4310859906945348,fundamental,0.08
A_open,open,A,sub,34,attack,55.039764928410705,55.039764928410705,-12.188281678687764,42.25962696956839,1.776345217801533,fundamental,0.08
A_open,open,A,sub,34,stabilization,55.039764928410705,55.039764928410705,-13.204173850148967,42.43545897028174,1.776345217801533,fundamental,0.14
A_open,open,A,sub,34,body,55.039764928410705,55.039764928410705,-12.846129250678082,43.959188867908765,1.776345217801533,fundamental,0.4
A_open,open,A,sub,34,sustain,55.039764928410705,55.039764928410705,-12.541133126683818,42.40423893424465,1.776345217801533,fundamental,0.3
A_open,open,A,sub,34,decay,55.039764928410705,55.039764928410705,-12.340419484647056,41.26346081078369,1.776345217801533,fundamental,0.08
A_open,open,A,sub,35,attack,55.04274630064952,55.04274630064952,-16.33539398230637,36.86494850276537,1.6464268893258798,fundamental,0.08
A_open,open,A,sub,35,stabilization,55.04274630064952,55.04274630064952,-17.196489449217367,36.772892445041634,1.6464268893258798,fundamental,0.14
A_open,open,A,sub,35,body,55.04274630064952,55.04274630064952,-18.53888198679868,36.81437831392803,1.6464268893258798,fundamental,0.4
A_open,open,A,sub,35,sustain,55.04274630064952,55.04274630064952,-18.15872083939092,35.394563128266604,1.6464268893258798,fundamental,0.3
A_open,open,A,sub,35,decay,55.04274630064952,55.04274630064952,-18.375493237996423,33.96199091098214,1.6464268893258798,fundamental,0.08
A_open,open,A,sub,36,attack,55.02817196428463,55.02817196428463,-22.33315080201964,31.5498054838571,1.5738760154499325,fundamental,0.08
A_open,open,A,sub,36,stabilization,55.02817196428463,55.02817196428463,-21.087336204613912,34.19268769958697,1.5738760154499325,fundamental,0.14
A_open,open,A,sub,36,body,55.02817196428463,55.02817196428463,-21.659582443913017,34.393066197386275,1.5738760154499325,fundamental,0.4
A_open,open,A,sub,36,sustain,55.02817196428463,55.02817196428463,-22.05004770988173,32.30003525263612,1.5738760154499325,fundamental,0.3
A_open,open,A,sub,36,decay,55.02817196428463,55.02817196428463,-22.01115086668896,31.024781754489993,1.5738760154499325,fundamental,0.08
A_open,open,A,sub,37,attack,55.06819325819468,55.06819325819468,-16.028161373604163,40.496129519898446,1.756162800181728,fundamental,0.08
A_open,open,A,sub,37,stabilization,55.06819325819468,55.06819325819468,-17.43912168798935,40.63601436387917,1.756162800181728,fundamental,0.14
A_open,open,A,sub,37,body,55.06819325819468,55.06819325819468,-17.54041621258277,41.499705800506945,1.756162800181728,fundamental,0.4
A_open,open,A,sub,37,sustain,55.06819325819468,55.06819325819468,-17.535444762104035,39.95057805524181,1.756162800181728,fundamental,0.3
A_open,open,A,sub,37,decay,55.06819325819468,55.06819325819468,-17.68933551210045,38.267542383431,1.756162800181728,fundamental,0.08
A_open,open,A,sub,38,attack,55.04698101740112,55.04698101740112,-21.302714164355187,38.91688236694142,1.8612146953838888,fundamental,0.08
A_open,open,A,sub,38,stabilization,55.04698101740112,55.04698101740112,-19.86120788182277,40.2638265977107,1.8612146953838888,fundamental,0.14
A_open,open,A,sub,38,body,55.04698101740112,55.04698101740112,-21.135071489263083,40.73978230074696,1.8612146953838888,fundamental,0.4
A_open,open,A,sub,38,sustain,55.04698101740112,55.04698101740112,-21.04194664741292,39.13332813902812,1.8612146953838888,fundamental,0.3
A_open,open,A,sub,38,decay,55.04698101740112,55.04698101740112,-21.65704211109781,36.990240965049985,1.8612146953838888,fundamental,0.08
A_open,open,A,sub,39,attack,55.09340613474957,55.09340613474957,-22.75897333126953,37.500760141857114,1.9357311715587204,fundamental,0.08
A_open,open,A,sub,39,stabilization,55.09340613474957,55.09340613474957,-24.02468973480389,37.47935585932418,1.9357311715587204,fundamental,0.14
A_open,open,A,sub,39,body,55.09340613474957,55.09340613474957,-24.68633620832454,37.90531112427159,1.9357311715587204,fundamental,0.4
A_open,open,A,sub,39,sustain,55.09340613474957,55.09340613474957,-24.87577698770209,36.05492762871847,1.9357311715587204,fundamental,0.3
A_open,open,A,sub,39,decay,55.09340613474957,55.09340613474957,-25.151838151070173,34.33967676514308,1.9357311715587204,fundamental,0.08
A_open,open,A,sub,40,attack,55.104883982013106,55.104883982013106,-20.725987852839744,40.51632618921379,1.7796416992532624,fundamental,0.08
A_open,open,A,sub,40,stabilization,55.104883982013106,55.104883982013106,-20.23195325088704,42.48856611725266,1.7796416992532624,fundamental,0.14
A_open,open,A,sub,40,body,55.104883982013106,55.104883982013106,-20.715558160183637,43.133369919918685,1.7796416992532624,fundamental,0.4
A_open,open,A,sub,40,sustain,55.104883982013106,55.104883982013106,-20.65188504015533,41.60992805243807,1.7796416992532624,fundamental,0.3
A_open,open,A,sub,40,decay,55.104883982013106,55.104883982013106,-20.827717746668185,39.93645561144544,1.7796416992532624,fundamental,0.08
A_open,open,A,sub,41,attack,55.05736313281587,55.05736313281587,-14.78066630848582,38.164375344361574,2.062106230600572,fundamental,0.08
A_open,open,A,sub,41,stabilization,55.05736313281587,55.05736313281587,-15.655579851876324,37.09429020670742,2.062106230600572,fundamental,0.14
A_open,open,A,sub,41,body,55.05736313281587,55.05736313281587,-18.29074924344904,37.35093971560723,2.062106230600572,fundamental,0.4
A_open,open,A,sub,41,sustain,55.05736313281587,55.05736313281587,-18.605475898196534,35.46105724512344,2.062106230600572,fundamental,0.3
A_open,open,A,sub,41,decay,55.05736313281587,55.05736313281587,-19.21023223208031,33.51883343409923,2.062106230600572,fundamental,0.08
A_open,open,A,sub,42,attack,55.05277109201041,55.05277109201041,-11.808678887131308,36.91019999145509,1.612100706272095,fundamental,0.08
A_open,open,A,sub,42,stabilization,55.05277109201041,55.05277109201041,-11.642885698431911,37.52630761664248,1.612100706272095,fundamental,0.14
A_open,open,A,sub,42,body,55.05277109201041,55.05277109201041,-12.496057712816471,39.914625579765286,1.612100706272095,fundamental,0.4
A_open,open,A,sub,42,sustain,55.05277109201041,55.05277109201041,-12.66246052373446,38.24069398152414,1.612100706272095,fundamental,0.3
A_open,open,A,sub,42,decay,55.05277109201041,55.05277109201041,-12.91536705351509,36.56413031844005,1.612100706272095,fundamental,0.08
A_open,open,A,sub,43,attack,55.05127884698205,55.05127884698205,-13.13582181589453,41.218411143880516,2.2815698169261656,fundamental,0.08
A_open,open,A,sub,43,stabilization,55.05127884698205,55.05127884698205,-13.972462082247382,41.071774156672355,2.2815698169261656,fundamental,0.14
A_open,open,A,sub,43,body,55.05127884698205,55.05127884698205,-14.405553464555275,42.214501468505716,2.2815698169261656,fundamental,0.4
A_open,open,A,sub,43,sustain,55.05127884698205,55.05127884698205,-14.577878489719764,40.43782509434074,2.2815698169261656,fundamental,0.3
A_open,open,A,sub,43,decay,55.05127884698205,55.05127884698205,-14.894224603384636,38.72509977380505,2.2815698169261656,fundamental,0.08
A_open,open,A,sub,44,attack,55.01822794353759,55.01822794353759,-14.122859575026908,37.03445376818355,1.5355587166818656,fundamental,0.08
A_open,open,A,sub,44,stabilization,55.01822794353759,55.01822794353759,-13.257957787966234,38.76856083213532,1.5355587166818656,fundamental,0.14
A_open,open,A,sub,44,body,55.01822794353759,55.01822794353759,-13.366732949558504,39.789029479042725,1.5355587166818656,fundamental,0.4
A_open,open,A,sub,44,sustain,55.01822794353759,55.01822794353759,-13.40553461744259,38.22484982425332,1.5355587166818656,fundamental,0.3
A_open,open,A,sub,44,decay,55.01822794353759,55.01822794353759,-13.249855680408745,37.10017992020061,1.5355587166818656,fundamental,0.08
A_open,open,A,sub,45,attack,55.068630078036236,55.068630078036236,-8.91936628105455,38.64422454350446,2.005214665527196,fundamental,0.08
A_open,open,A,sub,45,stabilization,55.068630078036236,55.068630078036236,-8.249642890139611,38.654761975834234,2.005214665527196,fundamental,0.14
A_open,open,A,sub,45,body,55.068630078036236,55.068630078036236,-7.318570476857708,40.01995788416239,2.005214665527196,fundamental,0.4
A_open,open,A,sub,45,sustain,55.068630078036236,55.068630078036236,-7.101733160210543,40.31591798566025,2.005214665527196,fundamental,0.3
A_open,open,A,sub,45,decay,55.068630078036236,55.068630078036236,-6.975136661722658,38.09789156784029,2.005214665527196,fundamental,0.08
A_open,open,A,sub,46,attack,55.07275507945476,55.07275507945476,-23.14928044175774,28.908870444498717,1.4917272356065678,fundamental,0.08
A_open,open,A,sub,46,stabilization,55.07275507945476,55.07275507945476,-23.34166593806752,30.806642796216536,1.4917272356065678,fundamental,0.14
A_open,open,A,sub,46,body,55.07275507945476,55.07275507945476,-24.8561435013188,29.849861872259737,1.4917272356065678,fundamental,0.4
A_open,open,A,sub,46,sustain,55.07275507945476,55.07275507945476,-24.41920153549416,28.703787870933823,1.4917272356065678,fundamental,0.3
A_open,open,A,sub,46,decay,55.07275507945476,55.07275507945476,-25.31847107815105,26.108684847500385,1.4917272356065678,fundamental,0.08
A_open,open,A,sub,47,attack,55.01809314170575,55.01809314170575,1.9902509809966415,21.533062096434207,1.2045457089481368,fundamental,0.08
A_open,open,A,sub,47,stabilization,55.01809314170575,55.01809314170575,-1.6202162466927632,26.568389842088635,1.2045457089481368,fundamental,0.14
A_open,open,A,sub,47,body,55.01809314170575,55.01809314170575,-0.6860611647889243,27.77479497792511,1.2045457089481368,fundamental,0.4
A_open,open,A,sub,47,sustain,55.01809314170575,55.01809314170575,-0.0004009619807803,27.523846101186564,1.2045457089481368,fundamental,0.3
A_open,open,A,sub,47,decay,55.01809314170575,55.01809314170575,1.4572541634881515,24.39971410176718,1.2045457089481368,fundamental,0.08
A_open,open,A,sub,48,attack,55.07694158952689,55.07694158952689,-16.680959867271028,34.94101341156115,1.8806185553083516,fundamental,0.08
A_open,open,A,sub,48,stabilization,55.07694158952689,55.07694158952689,-16.580657327517493,35.02527001497458,1.8806185553083516,fundamental,0.14
A_open,open,A,sub,48,body,55.07694158952689,55.07694158952689,-17.734593414140008,35.198904779451574,1.8806185553083516,fundamental,0.4
A_open,open,A,sub,48,sustain,55.07694158952689,55.07694158952689,-17.60207796443543,33.61828946053975,1.8806185553083516,fundamental,0.3
A_open,open,A,sub,48,decay,55.07694158952689,55.07694158952689,-17.407955071004224,32.11279815774954,1.8806185553083516,fundamental,0.08
A_open,open,A,sub,49,attack,55.01852600168527,55.01852600168527,-6.778703005719969,29.786730334631628,1.3471485776312675,fundamental,0.08
A_open,open,A,sub,49,stabilization,55.01852600168527,55.01852600168527,-5.919089956969359,30.4459670814758,1.3471485776312675,fundamental,0.14
A_open,open,A,sub,49,body,55.01852600168527,55.01852600168527,-7.171994617642802,33.443640163358175,1.3471485776312675,fundamental,0.4
A_open,open,A,sub,49,sustain,55.01852600168527,55.01852600168527,-6.788484435965302,33.60471631795812,1.3471485776312675,fundamental,0.3
A_open,open,A,sub,49,decay,55.01852600168527,55.01852600168527,-6.542348223951805,31.09979155999882,1.3471485776312675,fundamental,0.08
A_open,open,A,sub,50,attack,55.02643757006772,55.02643757006772,-5.658168340786823,35.94879447789986,1.634044624540631,fundamental,0.08
A_open,open,A,sub,50,stabilization,55.02643757006772,55.02643757006772,-5.355599983350089,35.15894343828553,1.634044624540631,fundamental,0.14
A_open,open,A,sub,50,body,55.02643757006772,55.02643757006772,-4.957523002835181,37.21342531076415,1.634044624540631,fundamental,0.4
A_open,open,A,sub,50,sustain,55.02643757006772,55.02643757006772,-4.482885287427749,37.30808891354051,1.634044624540631,fundamental,0.3
A_open,open,A,sub,50,decay,55.02643757006772,55.02643757006772,-5.135684114748607,35.77175525813072,1.634044624540631,fundamental,0.08
A_open,open,A,sub,51,attack,55.02101906818727,55.02101906818727,-12.006770007064963,36.75646039836492,1.45202534260432,fundamental,0.08
A_open,open,A,sub,51,stabilization,55.02101906818727,55.02101906818727,-11.562274002894242,37.099411405125636,1.45202534260432,fundamental,0.14
A_open,open,A,sub,51,body,55.02101906818727,55.02101906818727,-11.669908866090452,39.411549094126315,1.45202534260432,fundamental,0.4
A_open,open,A,sub,51,sustain,55.02101906818727,55.02101906818727,-11.560997100603409,38.1745719132972,1.45202534260432,fundamental,0.3
A_open,open,A,sub,51,decay,55.02101906818727,55.02101906818727,-11.796694084267344,36.48527815499984,1.45202534260432,fundamental,0.08
A_open,open,A,sub,52,attack,55.055756242071226,55.055756242071226,-5.904695192160709,35.314015245973486,1.798102849368062,fundamental,0.08
A_open,open,A,sub,52,stabilization,55.055756242071226,55.055756242071226,-5.51991094430624,33.981691456549115,1.798102849368062,fundamental,0.14
A_open,open,A,sub,52,body,55.055756242071226,55.055756242071226,-4.762959024843418,35.8431720361494,1.798102849368062,fundamental,0.4
A_open,open,A,sub,52,sustain,55.055756242071226,55.055756242071226,-4.848721829742097,36.371693709713426,1.798102849368062,fundamental,0.3
A_open,open,A,sub,52,decay,55.055756242071226,55.055756242071226,-4.985918621201947,34.24700964714825,1.798102849368062,fundamental,0.08
A_open,open,A,sub,53,attack,55.06028196818238,55.06028196818238,-10.4947010454962,39.80936771769801,1.279055170052297,fundamental,0.08
A_open,open,A,sub,53,stabilization,55.06028196818238,55.06028196818238,-10.708873140670969,40.119231657562636,1.279055170052297,fundamental,0.14
A_open,open,A,sub,53,body,55.06028196818238,55.06028196818238,-11.30514536677756,42.97549655769475,1.279055170052297,fundamental,0.4
A_open,open,A,sub,53,sustain,55.06028196818238,55.06028196818238,-11.360203792598774,42.11809595667217,1.279055170052297,fundamental,0.3
A_open,open,A,sub,53,decay,55.06028196818238,55.06028196818238,-11.455281115437892,40.300072554904446,1.279055170052297,fundamental,0.08
A_open,open,A,sub,54,attack,55.03037518473774,55.03037518473774,-5.868823819775543,34.17605861055241,1.3934908931837289,fundamental,0.08
A_open,open,A,sub,54,stabilization,55.03037518473774,55.03037518473774,-6.320138461902616,33.47918007669102,1.3934908931837289,fundamental,0.14
A_open,open,A,sub,54,body,55.03037518473774,55.03037518473774,-7.2567232798969314,37.056720668296315,1.3934908931837289,fundamental,0.4
A_open,open,A,sub,54,sustain,55.03037518473774,55.03037518473774,-7.27084772163176,37.684210138825485,1.3934908931837289,fundamental,0.3
A_open,open,A,sub,54,decay,55.03037518473774,55.03037518473774,-7.280553469972162,35.27859327135616,1.3934908931837289,fundamental,0.08
A_open,open,A,sub,55,attack,55.05376871155507,55.05376871155507,-9.598842616902296,35.317665851972336,1.2752837999688762,fundamental,0.08
A_open,open,A,sub,55,stabilization,55.05376871155507,55.05376871155507,-11.778144065817116,36.70376486138019,1.2752837999688762,fundamental,0.14
A_open,open,A,sub,55,body,55.05376871155507,55.05376871155507,-10.745672083063354,38.601919353014196,1.2752837999688762,fundamental,0.4
A_open,open,A,sub,55,sustain,55.05376871155507,55.05376871155507,-10.509532818951968,38.67709992897675,1.2752837999688762,fundamental,0.3
A_open,open,A,sub,55,decay,55.05376871155507,55.05376871155507,-10.189906118129583,36.74371873717074,1.2752837999688762,fundamental,0.08
A_open,open,A,sub,56,attack,55.05217890519192,55.05217890519192,-6.613861465611208,30.040416217788945,1.4424115146220389,fundamental,0.08
A_open,open,A,sub,56,stabilization,55.05217890519192,55.05217890519192,-9.471253348925105,31.819765574130862,1.4424115146220389,fundamental,0.14
A_open,open,A,sub,56,body,55.05217890519192,55.05217890519192,-10.148627223733897,34.3509395525243,1.4424115146220389,fundamental,0.4
A_open,open,A,sub,56,sustain,55.05217890519192,55.05217890519192,-10.209930149584366,34.65635454003329,1.4424115146220389,fundamental,0.3
A_open,open,A,sub,56,decay,55.05217890519192,55.05217890519192,-8.242236383514793,32.61263096180695,1.4424115146220389,fundamental,0.08
A_open,open,A,sub,57,attack,55.05837775019592,55.05837775019592,-14.91193320006458,35.60278499792026,1.4903873213318783,fundamental,0.08
A_open,open,A,sub,57,stabilization,55.05837775019592,55.05837775019592,-17.60339620836919,35.11305235424318,1.4903873213318783,fundamental,0.14
A_open,open,A,sub,57,body,55.05837775019592,55.05837775019592,-16.850285813941944,37.13058867965504,1.4903873213318783,fundamental,0.4
A_open,open,A,sub,57,sustain,55.05837775019592,55.05837775019592,-16.544846316358026,35.634028115327546,1.4903873213318783,fundamental,0.3
A_open,open,A,sub,57,decay,55.05837775019592,55.05837775019592,-16.44892140850039,34.191929841411664,1.4903873213318783,fundamental,0.08
A_open,open,A,sub,58,attack,55.065064322272185,55.065064322272185,-7.170824127530757,35.60623019123642,1.92391309867217,fundamental,0.08
A_open,open,A,sub,58,stabilization,55.065064322272185,55.065064322272185,-8.689275451626067,36.37475780973902,1.92391309867217,fundamental,0.14
A_open,open,A,sub,58,body,55.065064322272185,55.065064322272185,-7.076017090653394,36.92659401678361,1.92391309867217,fundamental,0.4
A_open,open,A,sub,58,sustain,55.065064322272185,55.065064322272185,-7.122377450382629,37.24677365724353,1.92391309867217,fundamental,0.3
A_open,open,A,sub,58,decay,55.065064322272185,55.065064322272185,-6.915607376777672,35.23651062063358,1.92391309867217,fundamental,0.08
A_open,open,A,sub,59,attack,55.036376633715484,55.036376633715484,5.036234541629781,25.68419843003148,1.4606909448342404,fundamental,0.08
A_open,open,A,sub,59,stabilization,55.036376633715484,55.036376633715484,4.066449390654952,26.864867082553722,1.4606909448342404,fundamental,0.14
A_open,open,A,sub,59,body,55.036376633715484,55.036376633715484,4.223435622217707,29.023465117527387,1.4606909448342404,fundamental,0.4
A_open,open,A,sub,59,sustain,55.036376633715484,55.036376633715484,4.300344109394317,29.34557942741357,1.4606909448342404,fundamental,0.3
A_open,open,A,sub,59,decay,55.036376633715484,55.036376633715484,4.747060233785717,26.55762938278069,1.4606909448342404,fundamental,0.08
A_open,open,A,sub,60,attack,55.05464786232501,55.05464786232501,-10.109285598954116,37.89344003850464,1.9250630838045824,fundamental,0.08
A_open,open,A,sub,60,stabilization,55.05464786232501,55.05464786232501,-9.211216997403092,36.97607451430784,1.9250630838045824,fundamental,0.14
A_open,open,A,sub,60,body,55.05464786232501,55.05464786232501,-9.412508985199617,39.32323578681343,1.9250630838045824,fundamental,0.4
A_open,open,A,sub,60,sustain,55.05464786232501,55.05464786232501,-9.661669856169524,39.89635852650009,1.9250630838045824,fundamental,0.3
A_open,open,A,sub,60,decay,55.05464786232501,55.05464786232501,-9.34845604973306,37.43840628629795,1.9250630838045824,fundamental,0.08
A_open,open,A,sub,61,attack,55.05008266065038,55.05008266065038,-12.68528955220998,39.101224148014786,1.367922979432573,fundamental,0.08
A_open,open,A,sub,61,stabilization,55.05008266065038,55.05008266065038,-13.012544222111686,39.95913255782111,1.367922979432573,fundamental,0.14
A_open,open,A,sub,61,body,55.05008266065038,55.05008266065038,-13.228380943771043,41.32711112300741,1.367922979432573,fundamental,0.4
A_open,open,A,sub,61,sustain,55.05008266065038,55.05008266065038,-13.185897933935884,39.735362456208826,1.367922979432573,fundamental,0.3
A_open,open,A,sub,61,decay,55.05008266065038,55.05008266065038,-13.39488436555547,38.151887262388456,1.367922979432573,fundamental,0.08
A_open,open,A,sub,62,attack,55.11132078269731,55.11132078269731,0.6389501458528102,29.396806342094493,1.9570655857454875,fundamental,0.08
A_open,open,A,sub,62,stabilization,55.11132078269731,55.11132078269731,-2.818353663323272,32.29716997337086,1.9570655857454875,fundamental,0.14
A_open,open,A,sub,62,body,55.11132078269731,55.11132078269731,-1.032565378775942,32.72832381161769,1.9570655857454875,fundamental,0.4
A_open,open,A,sub,62,sustain,55.11132078269731,55.11132078269731,-1.069337968702662,33.276318563955776,1.9570655857454875,fundamental,0.3
A_open,open,A,sub,62,decay,55.11132078269731,55.11132078269731,-0.7702605918860144,30.538064442676216,1.9570655857454875,fundamental,0.08
A_open,open,A,sub,63,attack,55.03045458910153,55.03045458910153,-16.14247777465564,30.82445635292961,1.5173439648190692,fundamental,0.08
A_open,open,A,sub,63,stabilization,55.03045458910153,55.03045458910153,-14.579494608601983,33.49521744177813,1.5173439648190692,fundamental,0.14
A_open,open,A,sub,63,body,55.03045458910153,55.03045458910153,-16.075389240349224,32.9415357083145,1.5173439648190692,fundamental,0.4
A_open,open,A,sub,63,sustain,55.03045458910153,55.03045458910153,-15.815253191745406,31.416284000440243,1.5173439648190692,fundamental,0.3
A_open,open,A,sub,63,decay,55.03045458910153,55.03045458910153,-14.593684529498349,31.121165673317158,1.5173439648190692,fundamental,0.08
A_open,open,A,sub,64,attack,55.06250286674997,55.06250286674997,-11.833719650686916,39.66560965612017,1.9143364624806345,fundamental,0.08
A_open,open,A,sub,64,stabilization,55.06250286674997,55.06250286674997,-11.41407260670789,38.31244875173534,1.9143364624806345,fundamental,0.14
A_open,open,A,sub,64,body,55.06250286674997,55.06250286674997,-11.84937195106764,41.12620247274637,1.9143364624806345,fundamental,0.4
A_open,open,A,sub,64,sustain,55.06250286674997,55.06250286674997,-11.420636990411689,40.011148806674065,1.9143364624806345,fundamental,0.3
A_open,open,A,sub,64,decay,55.06250286674997,55.06250286674997,-11.323671190842305,38.57015058016074,1.9143364624806345,fundamental,0.08
A_open,open,A,sub,65,attack,55.06235323720006,55.06235323720006,6.536147625390392,21.38030789786316,1.4300975301890793,fundamental,0.08
A_open,open,A,sub,65,stabilization,55.06235323720006,55.06235323720006,3.955182751339741,24.420965040814664,1.4300975301890793,fundamental,0.14
A_open,open,A,sub,65,body,55.06235323720006,55.06235323720006,8.067217560964494,22.94608329974301,1.4300975301890793,fundamental,0.4
A_open,open,A,sub,65,sustain,55.06235323720006,55.06235323720006,7.163524178089531,24.417539297621687,1.4300975301890793,fundamental,0.3
A_open,open,A,sub,65,decay,55.06235323720006,55.06235323720006,7.506479883764001,21.55459370674285,1.4300975301890793,fundamental,0.08
A_open,open,A,sub,66,attack,55.07672459528671,55.07672459528671,-9.97522721749597,39.12852070908425,1.9103488953104852,fundamental,0.08
A_open,open,A,sub,66,stabilization,55.07672459528671,55.07672459528671,-9.365963702019087,37.803696551616724,1.9103488953104852,fundamental,0.14
A_open,open,A,sub,66,body,55.07672459528671,55.07672459528671,-10.063284545395843,40.910389622764306,1.9103488953104852,fundamental,0.4
A_open,open,A,sub,66,sustain,55.07672459528671,55.07672459528671,-10.154527662953598,41.61392804885514,1.9103488953104852,fundamental,0.3
A_open,open,A,sub,66,decay,55.07672459528671,55.07672459528671,-10.465850967116149,39.40792453798163,1.9103488953104852,fundamental,0.08
A_open,open,A,sub,67,attack,55.088768827387376,55.088768827387376,-12.322437783937788,38.845456155733956,1.7142402821677687,fundamental,0.08
A_open,open,A,sub,67,stabilization,55.088768827387376,55.088768827387376,-12.594726349540188,39.43957302593652,1.7142402821677687,fundamental,0.14
A_open,open,A,sub,67,body,55.088768827387376,55.088768827387376,-12.771706413256323,41.14488612010412,1.7142402821677687,fundamental,0.4
A_open,open,A,sub,67,sustain,55.088768827387376,55.088768827387376,-13.274326580920231,39.32310865223804,1.7142402821677687,fundamental,0.3
A_open,open,A,sub,67,decay,55.088768827387376,55.088768827387376,-13.374821080903672,37.36375935956873,1.7142402821677687,fundamental,0.08
A_open,open,A,sub,68,attack,55.084908747030916,55.084908747030916,-14.874000204255076,40.9201671064873,1.799095452336181,fundamental,0.08
A_open,open,A,sub,68,stabilization,55.084908747030916,55.084908747030916,-15.096833031842188,41.00070974918457,1.799095452336181,fundamental,0.14
A_open,open,A,sub,68,body,55.084908747030916,55.084908747030916,-13.75681126416324,43.497638555258796,1.799095452336181,fundamental,0.4
A_open,open,A,sub,68,sustain,55.084908747030916,55.084908747030916,-13.613623490744452,42.16037427682036,1.799095452336181,fundamental,0.3
A_open,open,A,sub,68,decay,55.084908747030916,55.084908747030916,-13.81454124716705,40.70582360281446,1.799095452336181,fundamental,0.08
A_open,open,A,sub,69,attack,55.075855451006404,55.075855451006404,-8.827619203421001,38.459371538852594,1.5184007471525318,fundamental,0.08
A_open,open,A,sub,69,stabilization,55.075855451006404,55.075855451006404,-7.957160030353464,38.33951828210394,1.5184007471525318,fundamental,0.14
A_open,open,A,sub,69,body,55.075855451006404,55.075855451006404,-7.73674722725945,40.77142914932227,1.5184007471525318,fundamental,0.4
A_open,open,A,sub,69,sustain,55.075855451006404,55.075855451006404,-7.589656072379569,41.29321063498716,1.5184007471525318,fundamental,0.3
A_open,open,A,sub,69,decay,55.075855451006404,55.075855451006404,-7.689475953539123,38.95270138683432,1.5184007471525318,fundamental,0.08
A_open,open,A,sub,70,attack,55.05818881851147,55.05818881851147,-8.913278014724852,40.77756881217268,1.859982409825481,fundamental,0.08
A_open,open,A,sub,70,stabilization,55.05818881851147,55.05818881851147,-7.976429368733591,39.53233975096099,1.859982409825481,fundamental,0.14
A_open,open,A,sub,70,body,55.05818881851147,55.05818881851147,-9.152897955740848,43.08424349330178,1.859982409825481,fundamental,0.4
A_open,open,A,sub,70,sustain,55.05818881851147,55.05818881851147,-8.781300835787427,43.30336878549099,1.859982409825481,fundamental,0.3
A_open,open,A,sub,70,decay,55.05818881851147,55.05818881851147,-8.323534463316513,40.915552207620394,1.859982409825481,fundamental,0.08
A_open,open,A,sub,71,attack,55.048287831886846,55.048287831886846,1.6344854764699337,29.91780756762637,1.308520130643874,fundamental,0.08
A_open,open,A,sub,71,stabilization,55.048287831886846,55.048287831886846,4.293139516608058,27.369801992038703,1.308520130643874,fundamental,0.14
A_open,open,A,sub,71,body,55.048287831886846,55.048287831886846,2.665492874954616,31.62293901161822,1.308520130643874,fundamental,0.4
A_open,open,A,sub,71,sustain,55.048287831886846,55.048287831886846,2.563348167521582,32.29558353624475,1.308520130643874,fundamental,0.3
A_open,open,A,sub,71,decay,55.048287831886846,55.048287831886846,2.8821728558631534,29.88363764416257,1.308520130643874,fundamental,0.08
A_open,open,A,sub,72,attack,55.05968876232228,55.05968876232228,-7.671525526942943,39.63485450359159,1.5147819832640497,fundamental,0.08
A_open,open,A,sub,72,stabilization,55.05968876232228,55.05968876232228,-7.199056205126418,38.943097502442725,1.5147819832640497,fundamental,0.14
A_open,open,A,sub,72,body,55.05968876232228,55.05968876232228,-7.664368980186751,41.88596130608308,1.5147819832640497,fundamental,0.4
A_open,open,A,sub,72,sustain,55.05968876232228,55.05968876232228,-7.462237265320404,42.29423746022228,1.5147819832640497,fundamental,0.3
A_open,open,A,sub,72,decay,55.05968876232228,55.05968876232228,-7.629782000018707,39.96526802407457,1.5147819832640497,fundamental,0.08
A_open,open,A,sub,73,attack,55.04743796864205,55.04743796864205,-12.207497865285603,35.01148499882944,1.740182841114612,fundamental,0.08
A_open,open,A,sub,73,stabilization,55.04743796864205,55.04743796864205,-10.568864521005125,33.96925953400164,1.740182841114612,fundamental,0.14
A_open,open,A,sub,73,body,55.04743796864205,55.04743796864205,-11.924367544688929,36.99350116159169,1.740182841114612,fundamental,0.4
A_open,open,A,sub,73,sustain,55.04743796864205,55.04743796864205,-11.88154179162651,35.572094135633236,1.740182841114612,fundamental,0.3
A_open,open,A,sub,73,decay,55.04743796864205,55.04743796864205,-12.213641061528577,33.87403181929536,1.740182841114612,fundamental,0.08
A_open,open,A,sub,74,attack,55.062032787841495,55.062032787841495,-6.597625532712982,37.13235072688176,1.8002538612278496,fundamental,0.08
A_open,open,A,sub,74,stabilization,55.062032787841495,55.062032787841495,-6.180438019852886,36.21870733542621,1.8002538612278496,fundamental,0.14
A_open,open,A,sub,74,body,55.062032787841495,55.062032787841495,-5.584805420946353,38.08008178638599,1.8002538612278496,fundamental,0.4
A_open,open,A,sub,74,sustain,55.062032787841495,55.062032787841495,-5.517377975272979,38.54204495562083,1.8002538612278496,fundamental,0.3
A_open,open,A,sub,74,decay,55.062032787841495,55.062032787841495,-5.08627721773248,36.037023201999595,1.8002538612278496,fundamental,0.08
A_open,open,A,sub,75,attack,55.07226239941584,55.07226239941584,-4.19739433697071,28.801406222182585,1.5728289083661238,fundamental,0.08
A_open,open,A,sub,75,stabilization,55.07226239941584,55.07226239941584,-1.2237019938240294,26.24250898832861,1.5728289083661238,fundamental,0.14
A_open,open,A,sub,75,body,55.07226239941584,55.07226239941584,-1.400802016268031,28.81438513937016,1.5728289083661238,fundamental,0.4
A_open,open,A,sub,75,sustain,55.07226239941584,55.07226239941584,-1.925475913247901,29.83375099634746,1.5728289083661238,fundamental,0.3
A_open,open,A,sub,75,decay,55.07226239941584,55.07226239941584,0.1321960568664621,25.173688248778305,1.5728289083661238,fundamental,0.08
A_open,open,A,sub,76,attack,55.13769814837729,55.13769814837729,1.442708591531776,22.737823821111256,1.5270707901671086,fundamental,0.08
A_open,open,A,sub,76,stabilization,55.13769814837729,55.13769814837729,-1.2590400526971877,26.00838429744958,1.5270707901671086,fundamental,0.14
A_open,open,A,sub,76,body,55.13769814837729,55.13769814837729,1.6950181205766626,25.624307255213196,1.5270707901671086,fundamental,0.4
A_open,open,A,sub,76,sustain,55.13769814837729,55.13769814837729,1.4213720976829125,26.33009408127011,1.5270707901671086,fundamental,0.3
A_open,open,A,sub,76,decay,55.13769814837729,55.13769814837729,2.708851671613047,22.730722623773687,1.5270707901671086,fundamental,0.08
A_open,open,A,sub,77,attack,55.04891506073458,55.04891506073458,-7.461317254841049,36.917243555586346,1.6983698389700967,fundamental,0.08
A_open,open,A,sub,77,stabilization,55.04891506073458,55.04891506073458,-6.836175877819514,35.94864879695575,1.6983698389700967,fundamental,0.14
A_open,open,A,sub,77,body,55.04891506073458,55.04891506073458,-7.392777252163746,38.688879968093154,1.6983698389700967,fundamental,0.4
A_open,open,A,sub,77,sustain,55.04891506073458,55.04891506073458,-7.40846260597678,39.13987112753496,1.6983698389700967,fundamental,0.3
A_open,open,A,sub,77,decay,55.04891506073458,55.04891506073458,-6.091106640390883,35.45651811035033,1.6983698389700967,fundamental,0.08
A_open,open,A,sub,78,attack,55.045457306997214,55.045457306997214,-13.31649003475151,37.537495199251545,1.8028794293516173,fundamental,0.08
A_open,open,A,sub,78,stabilization,55.045457306997214,55.045457306997214,-15.34944775250866,37.67284181567159,1.8028794293516173,fundamental,0.14
A_open,open,A,sub,78,body,55.045457306997214,55.045457306997214,-14.86797324360228,38.782865738886784,1.8028794293516173,fundamental,0.4
A_open,open,A,sub,78,sustain,55.045457306997214,55.045457306997214,-14.905174211498988,37.23200144620016,1.8028794293516173,fundamental,0.3
A_open,open,A,sub,78,decay,55.045457306997214,55.045457306997214,-14.785809750593437,35.908999698731336,1.8028794293516173,fundamental,0.08
A_open,open,A,sub,79,attack,55.06269955826839,55.06269955826839,-23.74271802556538,27.77489741593996,1.6560006424579174,fundamental,0.08
A_open,open,A,sub,79,stabilization,55.06269955826839,55.06269955826839,-19.678828401467108,33.01328422425989,1.6560006424579174,fundamental,0.14
A_open,open,A,sub,79,body,55.06269955826839,55.06269955826839,-18.964548764449624,34.990034697833465,1.6560006424579174,fundamental,0.4
A_open,open,A,sub,79,sustain,55.06269955826839,55.06269955826839,-18.81345431072115,33.405399127299916,1.6560006424579174,fundamental,0.3
A_open,open,A,sub,79,decay,55.06269955826839,55.06269955826839,-17.414451263334975,31.963348921514708,1.6560006424579174,fundamental,0.08
A_open,open,A,sub,80,attack,55.076935422277664,55.076935422277664,-5.9224774381182215,34.68347030692587,1.919939200427428,fundamental,0.08
A_open,open,A,sub,80,stabilization,55.076935422277664,55.076935422277664,-6.591318517912711,34.77502249319848,1.919939200427428,fundamental,0.14
A_open,open,A,sub,80,body,55.076935422277664,55.076935422277664,-6.934425536213162,37.093679657298814,1.919939200427428,fundamental,0.4
A_open,open,A,sub,80,sustain,55.076935422277664,55.076935422277664,-7.549794394776548,38.10286016294772,1.919939200427428,fundamental,0.3
A_open,open,A,sub,80,decay,55.076935422277664,55.076935422277664,-7.488790712264937,35.74524723496729,1.919939200427428,fundamental,0.08
A_open,open,A,sub,81,attack,55.05436749300803,55.05436749300803,-20.917657852595116,34.059951204406985,1.4815136987717166,fundamental,0.08
A_open,open,A,sub,81,stabilization,55.05436749300803,55.05436749300803,-20.522096684500116,35.33778496502298,1.4815136987717166,fundamental,0.14
A_open,open,A,sub,81,body,55.05436749300803,55.05436749300803,-21.59055946962647,36.0513339401563,1.4815136987717166,fundamental,0.4
A_open,open,A,sub,81,sustain,55.05436749300803,55.05436749300803,-21.33532039828095,34.64582112857721,1.4815136987717166,fundamental,0.3
A_open,open,A,sub,81,decay,55.05436749300803,55.05436749300803,-21.220766055726187,33.07281132272315,1.4815136987717166,fundamental,0.08
A_open,open,A,sub,82,attack,55.05113833059643,55.05113833059643,-13.65693045701098,41.47041739132654,1.682470297068624,fundamental,0.08
A_open,open,A,sub,82,stabilization,55.05113833059643,55.05113833059643,-14.069920395054195,41.86840717757827,1.682470297068624,fundamental,0.14
A_open,open,A,sub,82,body,55.05113833059643,55.05113833059643,-14.818785935486702,42.82293980975765,1.682470297068624,fundamental,0.4
A_open,open,A,sub,82,sustain,55.05113833059643,55.05113833059643,-14.769507980332278,41.21458587526104,1.682470297068624,fundamental,0.3
A_open,open,A,sub,82,decay,55.05113833059643,55.05113833059643,-14.484983192419795,39.80771073655518,1.682470297068624,fundamental,0.08
A_open,open,A,sub,83,attack,55.05713575006441,55.05713575006441,-13.213513817735304,41.23438981313821,1.3693015253251175,fundamental,0.08
A_open,open,A,sub,83,stabilization,55.05713575006441,55.05713575006441,-13.001474073101257,42.06546010228662,1.3693015253251175,fundamental,0.14
A_open,open,A,sub,83,body,55.05713575006441,55.05713575006441,-13.325611687954536,43.807107933429144,1.3693015253251175,fundamental,0.4
A_open,open,A,sub,83,sustain,55.05713575006441,55.05713575006441,-13.174675542387462,42.27550875379062,1.3693015253251175,fundamental,0.3
A_open,open,A,sub,83,decay,55.05713575006441,55.05713575006441,-12.974888309763053,40.82369208320381,1.3693015253251175,fundamental,0.08
A_open,open,A,sub,84,attack,55.0703876678422,55.0703876678422,-10.244037735830382,41.19269636162433,1.5601357341963753,fundamental,0.08
A_open,open,A,sub,84,stabilization,55.0703876678422,55.0703876678422,-9.714733837435425,41.14765967638703,1.5601357341963753,fundamental,0.14
A_open,open,A,sub,84,body,55.0703876678422,55.0703876678422,-9.735198511232513,43.92289684297423,1.5601357341963753,fundamental,0.4
A_open,open,A,sub,84,sustain,55.0703876678422,55.0703876678422,-9.747932262717017,44.5541350850701,1.5601357341963753,fundamental,0.3
A_open,open,A,sub,84,decay,55.0703876678422,55.0703876678422,-9.065424570095844,41.576962958346726,1.5601357341963753,fundamental,0.08
A_open,open,A,sub,85,attack,55.038969400938875,55.038969400938875,-12.457401637833748,38.565308938164364,1.4270638374754536,fundamental,0.08
A_open,open,A,sub,85,stabilization,55.038969400938875,55.038969400938875,-11.932654725534526,38.508119540304364,1.4270638374754536,fundamental,0.14
A_open,open,A,sub,85,body,55.038969400938875,55.038969400938875,-12.379513413858987,41.22534507783793,1.4270638374754536,fundamental,0.4
A_open,open,A,sub,85,sustain,55.038969400938875,55.038969400938875,-12.269615541864816,39.85899418173413,1.4270638374754536,fundamental,0.3
A_open,open,A,sub,85,decay,55.038969400938875,55.038969400938875,-11.981799620278167,38.53721128374712,1.4270638374754536,fundamental,0.08
A_open,open,A,sub,86,attack,55.047829098411164,55.047829098411164,-11.576627295354712,40.05828845534033,1.7205337625344237,fundamental,0.08
A_open,open,A,sub,86,stabilization,55.047829098411164,55.047829098411164,-12.516114055473857,39.98014840129783,1.7205337625344237,fundamental,0.14
A_open,open,A,sub,86,body,55.047829098411164,55.047829098411164,-12.83637340052119,42.126462218459416,1.7205337625344237,fundamental,0.4
A_open,open,A,sub,86,sustain,55.047829098411164,55.047829098411164,-12.91436585175856,40.53928817852395,1.7205337625344237,fundamental,0.3
A_open,open,A,sub,86,decay,55.047829098411164,55.047829098411164,-13.319747373938135,38.353461780461664,1.7205337625344237,fundamental,0.08
A_open,open,A,sub,87,attack,55.06052020272662,55.06052020272662,-11.927255153578493,42.39217935549252,1.4227043966245871,fundamental,0.08
A_open,open,A,sub,87,stabilization,55.06052020272662,55.06052020272662,-11.703576530919191,42.307973199101674,1.4227043966245871,fundamental,0.14
A_open,open,A,sub,87,body,55.06052020272662,55.06052020272662,-11.978397642074334,45.14384679479476,1.4227043966245871,fundamental,0.4
A_open,open,A,sub,87,sustain,55.06052020272662,55.06052020272662,-11.67683789302724,43.759029985636474,1.4227043966245871,fundamental,0.3
A_open,open,A,sub,87,decay,55.06052020272662,55.06052020272662,-11.658083940094317,42.32348971739248,1.4227043966245871,fundamental,0.08
A_open,open,A,sub,88,attack,55.08052250882824,55.08052250882824,-14.436626664568536,41.99324291253126,1.8730851411129723,fundamental,0.08
A_open,open,A,sub,88,stabilization,55.08052250882824,55.08052250882824,-14.623096095300587,42.85605920464091,1.8730851411129723,fundamental,0.14
A_open,open,A,sub,88,body,55.08052250882824,55.08052250882824,-15.014220056674723,43.707462162297205,1.8730851411129723,fundamental,0.4
A_open,open,A,sub,88,sustain,55.08052250882824,55.08052250882824,-14.818611276104612,42.2737779037136,1.8730851411129723,fundamental,0.3
A_open,open,A,sub,88,decay,55.08052250882824,55.08052250882824,-14.562706837611138,40.75191167643836,1.8730851411129723,fundamental,0.08
A_open,open,A,sub,89,attack,55.06167774099414,55.06167774099414,-21.1564180129562,35.7289051679842,1.5353723838543472,fundamental,0.08
A_open,open,A,sub,89,stabilization,55.06167774099414,55.06167774099414,-19.17644154977585,37.71726455613247,1.5353723838543472,fundamental,0.14
A_open,open,A,sub,89,body,55.06167774099414,55.06167774099414,-20.17270668723158,38.5805021445727,1.5353723838543472,fundamental,0.4
A_open,open,A,sub,89,sustain,55.06167774099414,55.06167774099414,-19.90256556151333,37.01347621075657,1.5353723838543472,fundamental,0.3
A_open,open,A,sub,89,decay,55.06167774099414,55.06167774099414,-20.0685491590341,35.38729932650558,1.5353723838543472,fundamental,0.08
A_open,open,A,sub,90,attack,55.07397729779162,55.07397729779162,-12.56083060831486,42.8962079789494,1.8070358941242488,fundamental,0.08
A_open,open,A,sub,90,stabilization,55.07397729779162,55.07397729779162,-13.036504575514364,42.978768061143434,1.8070358941242488,fundamental,0.14
A_open,open,A,sub,90,body,55.07397729779162,55.07397729779162,-13.673577912675611,44.26863176014276,1.8070358941242488,fundamental,0.4
A_open,open,A,sub,90,sustain,55.07397729779162,55.07397729779162,-13.688091130615156,42.74941104678977,1.8070358941242488,fundamental,0.3
A_open,open,A,sub,90,decay,55.07397729779162,55.07397729779162,-12.950796013548242,41.204769520987576,1.8070358941242488,fundamental,0.08
B_12,fret12,B,low,0,attack,61.45605267594705,61.45605267594705,-17.0657013247809,47.506260463110095,1.8792298550993352,fundamental,0.08
B_12,fret12,B,low,0,stabilization,61.45605267594705,61.45605267594705,-17.146122125028263,48.65519241042789,1.8792298550993352,fundamental,0.14
B_12,fret12,B,low,0,body,61.45605267594705,61.45605267594705,-16.54277733561321,48.10870106941191,1.8792298550993352,fundamental,0.4
B_12,fret12,B,low,0,sustain,61.45605267594705,61.45605267594705,-15.26150339967198,48.993710221567135,1.8792298550993352,fundamental,0.3
B_12,fret12,B,low,0,decay,61.45605267594705,61.45605267594705,-14.09888509441422,47.725156161412514,1.8792298550993352,fundamental,0.08
B_12,fret12,B,low,1,attack,61.459919694171404,61.459919694171404,-16.781384887490134,46.03553275304864,1.811998592608527,fundamental,0.08
B_12,fret12,B,low,1,stabilization,61.459919694171404,61.459919694171404,-16.348768316731412,47.63796915626504,1.811998592608527,fundamental,0.14
B_12,fret12,B,low,1,body,61.459919694171404,61.459919694171404,-15.450737675751416,47.49942466646178,1.811998592608527,fundamental,0.4
B_12,fret12,B,low,1,sustain,61.459919694171404,61.459919694171404,-14.171359484612402,48.43951470480959,1.811998592608527,fundamental,0.3
B_12,fret12,B,low,1,decay,61.459919694171404,61.459919694171404,-15.729992844631392,44.67266304086935,1.811998592608527,fundamental,0.08
B_12,fret12,B,low,2,attack,61.47454176610721,61.47454176610721,-14.676486759969254,46.92075934657676,1.6396673799255657,fundamental,0.08
B_12,fret12,B,low,2,stabilization,61.47454176610721,61.47454176610721,-14.541421248279825,48.358420859580356,1.6396673799255657,fundamental,0.14
B_12,fret12,B,low,2,body,61.47454176610721,61.47454176610721,-13.624516446458674,47.899457915597765,1.6396673799255657,fundamental,0.4
B_12,fret12,B,low,2,sustain,61.47454176610721,61.47454176610721,-12.642685474381588,48.44339487680417,1.6396673799255657,fundamental,0.3
B_12,fret12,B,low,2,decay,61.47454176610721,61.47454176610721,-12.356920019156796,46.35592967120431,1.6396673799255657,fundamental,0.08
B_12,fret12,B,low,3,attack,61.47582182026308,61.47582182026308,-12.75930976722671,46.82822295390037,1.4743874884546235,fundamental,0.08
B_12,fret12,B,low,3,stabilization,61.47582182026308,61.47582182026308,-12.548125038311817,48.37991378454612,1.4743874884546235,fundamental,0.14
B_12,fret12,B,low,3,body,61.47582182026308,61.47582182026308,-12.071189500272688,47.85055228328212,1.4743874884546235,fundamental,0.4
B_12,fret12,B,low,3,sustain,61.47582182026308,61.47582182026308,-11.512844972188091,48.19388832117601,1.4743874884546235,fundamental,0.3
B_12,fret12,B,low,3,decay,61.47582182026308,61.47582182026308,-10.912270551261752,46.591193871048546,1.4743874884546235,fundamental,0.08
B_12,fret12,B,low,4,attack,61.483256683297796,61.483256683297796,-16.765426335144824,44.20598816538954,1.559620738552888,fundamental,0.08
B_12,fret12,B,low,4,stabilization,61.483256683297796,61.483256683297796,-15.87956055209332,46.21114320820725,1.559620738552888,fundamental,0.14
B_12,fret12,B,low,4,body,61.483256683297796,61.483256683297796,-15.010354104873976,45.86091143878394,1.559620738552888,fundamental,0.4
B_12,fret12,B,low,4,sustain,61.483256683297796,61.483256683297796,-13.689797092988693,46.515862770513415,1.559620738552888,fundamental,0.3
B_12,fret12,B,low,4,decay,61.483256683297796,61.483256683297796,-11.996255247802791,44.99800628936397,1.559620738552888,fundamental,0.08
B_12,fret12,B,low,5,attack,61.43502488477244,61.43502488477244,-12.180655671541068,46.67679847038433,1.4218607667539171,fundamental,0.08
B_12,fret12,B,low,5,stabilization,61.43502488477244,61.43502488477244,-11.25508004865748,48.91146659938872,1.4218607667539171,fundamental,0.14
B_12,fret12,B,low,5,body,61.43502488477244,61.43502488477244,-10.322172770323355,48.77913754414722,1.4218607667539171,fundamental,0.4
B_12,fret12,B,low,5,sustain,61.43502488477244,61.43502488477244,-9.346877267094026,49.4655519921249,1.4218607667539171,fundamental,0.3
B_12,fret12,B,low,5,decay,61.43502488477244,61.43502488477244,-8.816328064191886,47.891438452923374,1.4218607667539171,fundamental,0.08
B_12,fret12,B,low,6,attack,61.484058196547004,61.484058196547004,-20.83310186414254,40.841202510388015,1.786699110434762,fundamental,0.08
B_12,fret12,B,low,6,stabilization,61.484058196547004,61.484058196547004,-20.17853365418296,42.86296411605906,1.786699110434762,fundamental,0.14
B_12,fret12,B,low,6,body,61.484058196547004,61.484058196547004,-19.30401039906627,42.754266679938546,1.786699110434762,fundamental,0.4
B_12,fret12,B,low,6,sustain,61.484058196547004,61.484058196547004,-17.9368068971028,43.81311200025235,1.786699110434762,fundamental,0.3
B_12,fret12,B,low,6,decay,61.484058196547004,61.484058196547004,-17.37039885455427,42.342587010956,1.786699110434762,fundamental,0.08
B_12,fret12,B,low,7,attack,61.48691823577283,61.48691823577283,-13.27657649791934,45.80598916293113,1.4529384710443614,fundamental,0.08
B_12,fret12,B,low,7,stabilization,61.48691823577283,61.48691823577283,-12.694997460545723,47.80436209966324,1.4529384710443614,fundamental,0.14
B_12,fret12,B,low,7,body,61.48691823577283,61.48691823577283,-11.999414332023283,47.48850110687882,1.4529384710443614,fundamental,0.4
B_12,fret12,B,low,7,sustain,61.48691823577283,61.48691823577283,-11.10515144967944,48.160204720298864,1.4529384710443614,fundamental,0.3
B_12,fret12,B,low,7,decay,61.48691823577283,61.48691823577283,-10.5717061698806,46.72362691721213,1.4529384710443614,fundamental,0.08
B_12,fret12,B,low,8,attack,61.486381232137504,61.486381232137504,-17.957994440739714,45.15792110588119,1.8225150772474976,fundamental,0.08
B_12,fret12,B,low,8,stabilization,61.486381232137504,61.486381232137504,-18.1972152502138,46.48147853171642,1.8225150772474976,fundamental,0.14
B_12,fret12,B,low,8,body,61.486381232137504,61.486381232137504,-18.179920387137347,45.609525080399266,1.8225150772474976,fundamental,0.4
B_12,fret12,B,low,8,sustain,61.486381232137504,61.486381232137504,-17.754121604963796,45.7916924889093,1.8225150772474976,fundamental,0.3
B_12,fret12,B,low,8,decay,61.486381232137504,61.486381232137504,-17.2396109140292,44.25165691711544,1.8225150772474976,fundamental,0.08
B_12,fret12,B,low,9,attack,61.53289745864036,61.53289745864036,-17.598224929372932,44.50724384838598,1.6700960154172937,fundamental,0.08
B_12,fret12,B,low,9,stabilization,61.53289745864036,61.53289745864036,-17.82188969729036,45.67104443267473,1.6700960154172937,fundamental,0.14
B_12,fret12,B,low,9,body,61.53289745864036,61.53289745864036,-17.750337445039193,44.78995463676738,1.6700960154172937,fundamental,0.4
B_12,fret12,B,low,9,sustain,61.53289745864036,61.53289745864036,-17.229792537416845,45.12114814183433,1.6700960154172937,fundamental,0.3
B_12,fret12,B,low,9,decay,61.53289745864036,61.53289745864036,-16.533948199002694,43.57189662704432,1.6700960154172937,fundamental,0.08
B_12,fret12,B,low,10,attack,61.49054990726786,61.49054990726786,-19.37552471868147,44.58924485779073,1.7106088548800722,fundamental,0.08
B_12,fret12,B,low,10,stabilization,61.49054990726786,61.49054990726786,-18.723862873397614,46.60403837405635,1.7106088548800722,fundamental,0.14
B_12,fret12,B,low,10,body,61.49054990726786,61.49054990726786,-18.050820741211645,46.41892107250176,1.7106088548800722,fundamental,0.4
B_12,fret12,B,low,10,sustain,61.49054990726786,61.49054990726786,-17.197442573173753,47.133175718913726,1.7106088548800722,fundamental,0.3
B_12,fret12,B,low,10,decay,61.49054990726786,61.49054990726786,-16.759424862898214,45.301018118489026,1.7106088548800722,fundamental,0.08
B_12,fret12,B,low,11,attack,61.4908043732369,61.4908043732369,-12.836741941228825,45.71366461931187,1.49697889876528,fundamental,0.08
B_12,fret12,B,low,11,stabilization,61.4908043732369,61.4908043732369,-12.368641734281224,47.4198541781268,1.49697889876528,fundamental,0.14
B_12,fret12,B,low,11,body,61.4908043732369,61.4908043732369,-12.00195372008018,46.87188294470164,1.49697889876528,fundamental,0.4
B_12,fret12,B,low,11,sustain,61.4908043732369,61.4908043732369,-11.506060193650626,47.301806320929145,1.49697889876528,fundamental,0.3
B_12,fret12,B,low,11,decay,61.4908043732369,61.4908043732369,-11.143599067138284,45.686666671438346,1.49697889876528,fundamental,0.08
B_12,fret12,B,low,12,attack,61.453763074601405,61.453763074601405,-17.372079454590377,46.81876246015607,1.7157547992434612,fundamental,0.08
B_12,fret12,B,low,12,stabilization,61.453763074601405,61.453763074601405,-16.506846154951475,49.14460169214636,1.7157547992434612,fundamental,0.14
B_12,fret12,B,low,12,body,61.453763074601405,61.453763074601405,-15.58818357430852,49.1749007359233,1.7157547992434612,fundamental,0.4
B_12,fret12,B,low,12,sustain,61.453763074601405,61.453763074601405,-14.63696979362978,49.85762146021142,1.7157547992434612,fundamental,0.3
B_12,fret12,B,low,12,decay,61.453763074601405,61.453763074601405,-14.079812226247356,48.34247545441478,1.7157547992434612,fundamental,0.08
B_12,fret12,B,low,13,attack,61.51906344976155,61.51906344976155,-15.84637836562161,44.44858335052888,1.5610734169547504,fundamental,0.08
B_12,fret12,B,low,13,stabilization,61.51906344976155,61.51906344976155,-15.901286812170802,45.81985315529424,1.5610734169547504,fundamental,0.14
B_12,fret12,B,low,13,body,61.51906344976155,61.51906344976155,-15.6592848395391,45.08006440964749,1.5610734169547504,fundamental,0.4
B_12,fret12,B,low,13,sustain,61.51906344976155,61.51906344976155,-15.287670687749753,45.235785942794536,1.5610734169547504,fundamental,0.3
B_12,fret12,B,low,13,decay,61.51906344976155,61.51906344976155,-14.912509241790788,43.627264201326255,1.5610734169547504,fundamental,0.08
B_12,fret12,B,low,14,attack,61.46745056823343,61.46745056823343,-18.78574989229367,44.995832579056604,1.6125200819915972,fundamental,0.08
B_12,fret12,B,low,14,stabilization,61.46745056823343,61.46745056823343,-17.862503276549226,47.39828019022848,1.6125200819915972,fundamental,0.14
B_12,fret12,B,low,14,body,61.46745056823343,61.46745056823343,-16.922653735813036,47.48354618187997,1.6125200819915972,fundamental,0.4
B_12,fret12,B,low,14,sustain,61.46745056823343,61.46745056823343,-15.974575782820946,48.21790113854823,1.6125200819915972,fundamental,0.3
B_12,fret12,B,low,14,decay,61.46745056823343,61.46745056823343,-17.15541353519104,44.985845107840134,1.6125200819915972,fundamental,0.08
B_12,fret12,B,low,15,attack,61.51247292204717,61.51247292204717,-15.634427268127062,46.252169942110044,1.6167303754681932,fundamental,0.08
B_12,fret12,B,low,15,stabilization,61.51247292204717,61.51247292204717,-15.571426020815936,47.76266388527706,1.6167303754681932,fundamental,0.14
B_12,fret12,B,low,15,body,61.51247292204717,61.51247292204717,-15.11551927756608,47.237516606525446,1.6167303754681932,fundamental,0.4
B_12,fret12,B,low,15,sustain,61.51247292204717,61.51247292204717,-14.843299912186488,47.57746719383425,1.6167303754681932,fundamental,0.3
B_12,fret12,B,low,15,decay,61.51247292204717,61.51247292204717,-14.507661174027293,45.84601727313981,1.6167303754681932,fundamental,0.08
B_12,fret12,B,low,16,attack,61.45814909420767,61.45814909420767,-18.720878362207564,44.3732192589524,1.5475891848369656,fundamental,0.08
B_12,fret12,B,low,16,stabilization,61.45814909420767,61.45814909420767,-18.26457134221295,46.26558491436697,1.5475891848369656,fundamental,0.14
B_12,fret12,B,low,16,body,61.45814909420767,61.45814909420767,-17.600900963863978,46.12856155684491,1.5475891848369656,fundamental,0.4
B_12,fret12,B,low,16,sustain,61.45814909420767,61.45814909420767,-16.747904619023867,46.74582284430262,1.5475891848369656,fundamental,0.3
B_12,fret12,B,low,16,decay,61.45814909420767,61.45814909420767,-15.84404361557428,45.27119530318185,1.5475891848369656,fundamental,0.08
B_12,fret12,B,low,17,attack,61.453994948318865,61.453994948318865,-13.699523305996737,47.54592101687532,1.5419687983864014,fundamental,0.08
B_12,fret12,B,low,17,stabilization,61.453994948318865,61.453994948318865,-13.309388833591004,49.261719531705694,1.5419687983864014,fundamental,0.14
B_12,fret12,B,low,17,body,61.453994948318865,61.453994948318865,-12.914453450189068,48.8039146923107,1.5419687983864014,fundamental,0.4
B_12,fret12,B,low,17,sustain,61.453994948318865,61.453994948318865,-12.337115096621442,49.18274092785014,1.5419687983864014,fundamental,0.3
B_12,fret12,B,low,17,decay,61.453994948318865,61.453994948318865,-12.489073484583365,46.879993373006464,1.5419687983864014,fundamental,0.08
B_12,fret12,B,low,18,attack,61.45650114034661,61.45650114034661,-16.441436795420078,46.979600377555364,1.4446118910963242,fundamental,0.08
B_12,fret12,B,low,18,stabilization,61.45650114034661,61.45650114034661,-15.668057771638589,49.203406063510975,1.4446118910963242,fundamental,0.14
B_12,fret12,B,low,18,body,61.45650114034661,61.45650114034661,-14.901343367079727,49.190042669415575,1.4446118910963242,fundamental,0.4
B_12,fret12,B,low,18,sustain,61.45650114034661,61.45650114034661,-14.01378448507024,49.8939249104872,1.4446118910963242,fundamental,0.3
B_12,fret12,B,low,18,decay,61.45650114034661,61.45650114034661,-13.720201951210916,48.335724893647836,1.4446118910963242,fundamental,0.08
B_12,fret12,B,low,19,attack,61.453254346231496,61.453254346231496,-10.047391414852854,48.41897083536137,1.4754275705080289,fundamental,0.08
B_12,fret12,B,low,19,stabilization,61.453254346231496,61.453254346231496,-9.885926764906875,50.031935766573724,1.4754275705080289,fundamental,0.14
B_12,fret12,B,low,19,body,61.453254346231496,61.453254346231496,-9.550908536963746,49.51678939965731,1.4754275705080289,fundamental,0.4
B_12,fret12,B,low,19,sustain,61.453254346231496,61.453254346231496,-8.962092550309315,49.89904355616391,1.4754275705080289,fundamental,0.3
B_12,fret12,B,low,19,decay,61.453254346231496,61.453254346231496,-8.808731494298904,48.10437045377365,1.4754275705080289,fundamental,0.08
B_12,fret12,B,low,20,attack,61.44135122975633,61.44135122975633,-17.22027779772666,44.71169445288782,1.6909174953590709,fundamental,0.08
B_12,fret12,B,low,20,stabilization,61.44135122975633,61.44135122975633,-17.441294048494214,47.14940522860419,1.6909174953590709,fundamental,0.14
B_12,fret12,B,low,20,body,61.44135122975633,61.44135122975633,-16.850990896295137,47.10391486489864,1.6909174953590709,fundamental,0.4
B_12,fret12,B,low,20,sustain,61.44135122975633,61.44135122975633,-16.158975243151517,47.838296021777914,1.6909174953590709,fundamental,0.3
B_12,fret12,B,low,20,decay,61.44135122975633,61.44135122975633,-15.729738850248763,46.36354073018158,1.6909174953590709,fundamental,0.08
B_12,fret12,B,low,21,attack,61.460299575349175,61.460299575349175,-14.328683617105227,45.85899688303371,1.490153316569778,fundamental,0.08
B_12,fret12,B,low,21,stabilization,61.460299575349175,61.460299575349175,-14.47526078700304,47.31468510868228,1.490153316569778,fundamental,0.14
B_12,fret12,B,low,21,body,61.460299575349175,61.460299575349175,-14.536455942158652,46.64109542598202,1.490153316569778,fundamental,0.4
B_12,fret12,B,low,21,sustain,61.460299575349175,61.460299575349175,-14.455874866900412,46.86007009348726,1.490153316569778,fundamental,0.3
B_12,fret12,B,low,21,decay,61.460299575349175,61.460299575349175,-12.778882611752572,45.23146241373531,1.490153316569778,fundamental,0.08
B_12,fret12,B,low,22,attack,61.41293023494746,61.41293023494746,-21.32500734972993,42.30798211519789,1.7384758801052609,fundamental,0.08
B_12,fret12,B,low,22,stabilization,61.41293023494746,61.41293023494746,-20.891553893734343,44.43531289508184,1.7384758801052609,fundamental,0.14
B_12,fret12,B,low,22,body,61.41293023494746,61.41293023494746,-20.368097460479245,44.37945632693435,1.7384758801052609,fundamental,0.4
B_12,fret12,B,low,22,sustain,61.41293023494746,61.41293023494746,-19.64099696255621,45.09393511751642,1.7384758801052609,fundamental,0.3
B_12,fret12,B,low,22,decay,61.41293023494746,61.41293023494746,-19.76790105056894,42.918704164754914,1.7384758801052609,fundamental,0.08
B_12,fret12,B,low,23,attack,61.42035373864943,61.42035373864943,-12.834715165068156,45.05139052642511,1.615699819898147,fundamental,0.08
B_12,fret12,B,low,23,stabilization,61.42035373864943,61.42035373864943,-12.884331863573308,46.5122422266258,1.615699819898147,fundamental,0.14
B_12,fret12,B,low,23,body,61.42035373864943,61.42035373864943,-12.7316705184153,45.83903203496412,1.615699819898147,fundamental,0.4
B_12,fret12,B,low,23,sustain,61.42035373864943,61.42035373864943,-12.68124960000316,45.981000168390004,1.615699819898147,fundamental,0.3
B_12,fret12,B,low,23,decay,61.42035373864943,61.42035373864943,-12.459457678418566,44.19507812820907,1.615699819898147,fundamental,0.08
B_12,fret12,B,low,24,attack,61.466151153711344,61.466151153711344,-17.034649961550635,44.993663818971214,1.9397547631277023,fundamental,0.08
B_12,fret12,B,low,24,stabilization,61.466151153711344,61.466151153711344,-17.275355691621684,46.289338927762415,1.9397547631277023,fundamental,0.14
B_12,fret12,B,low,24,body,61.466151153711344,61.466151153711344,-17.234573238756578,45.61844041419991,1.9397547631277023,fundamental,0.4
B_12,fret12,B,low,24,sustain,61.466151153711344,61.466151153711344,-16.846591661240385,45.961421000555646,1.9397547631277023,fundamental,0.3
B_12,fret12,B,low,24,decay,61.466151153711344,61.466151153711344,-16.325516276817815,44.544475278437254,1.9397547631277023,fundamental,0.08
B_12,fret12,B,low,25,attack,61.484549339949766,61.484549339949766,-17.625159033009723,42.39548100679568,1.6677614894552957,fundamental,0.08
B_12,fret12,B,low,25,stabilization,61.484549339949766,61.484549339949766,-17.826233860721647,43.655879206705016,1.6677614894552957,fundamental,0.14
B_12,fret12,B,low,25,body,61.484549339949766,61.484549339949766,-17.54489464602032,42.9380729768324,1.6677614894552957,fundamental,0.4
B_12,fret12,B,low,25,sustain,61.484549339949766,61.484549339949766,-16.760665665382067,43.42903305388345,1.6677614894552957,fundamental,0.3
B_12,fret12,B,low,25,decay,61.484549339949766,61.484549339949766,-17.50361990893757,40.64733322489221,1.6677614894552957,fundamental,0.08
B_12,fret12,B,low,26,attack,61.449442042694,61.449442042694,-18.128721678118872,44.79494838507075,1.575805700471263,fundamental,0.08
B_12,fret12,B,low,26,stabilization,61.449442042694,61.449442042694,-17.88033674227252,46.58236080358731,1.575805700471263,fundamental,0.14
B_12,fret12,B,low,26,body,61.449442042694,61.449442042694,-17.637899794446955,46.10719656029168,1.575805700471263,fundamental,0.4
B_12,fret12,B,low,26,sustain,61.449442042694,61.449442042694,-17.205446990466523,46.48814203752048,1.575805700471263,fundamental,0.3
B_12,fret12,B,low,26,decay,61.449442042694,61.449442042694,-17.577248179861883,44.15860183466295,1.575805700471263,fundamental,0.08
B_12,fret12,B,low,27,attack,61.433839823372466,61.433839823372466,-18.54970676942589,44.56280537692534,1.4987089556785378,fundamental,0.08
B_12,fret12,B,low,27,stabilization,61.433839823372466,61.433839823372466,-17.959971145800854,46.623747200277094,1.4987089556785378,fundamental,0.14
B_12,fret12,B,low,27,body,61.433839823372466,61.433839823372466,-17.58451931197468,46.42724425339398,1.4987089556785378,fundamental,0.4
B_12,fret12,B,low,27,sustain,61.433839823372466,61.433839823372466,-17.090986929414385,47.00261823227852,1.4987089556785378,fundamental,0.3
B_12,fret12,B,low,27,decay,61.433839823372466,61.433839823372466,-16.730274123942248,45.40497066870743,1.4987089556785378,fundamental,0.08
B_12,fret12,B,low,28,attack,61.46357648441373,61.46357648441373,-21.8477552489613,42.38279933452606,1.700232457490083,fundamental,0.08
B_12,fret12,B,low,28,stabilization,61.46357648441373,61.46357648441373,-21.8923974277872,43.86948220625578,1.700232457490083,fundamental,0.14
B_12,fret12,B,low,28,body,61.46357648441373,61.46357648441373,-21.7566616482711,43.293978320502376,1.700232457490083,fundamental,0.4
B_12,fret12,B,low,28,sustain,61.46357648441373,61.46357648441373,-21.51655166464992,43.518387170166065,1.700232457490083,fundamental,0.3
B_12,fret12,B,low,28,decay,61.46357648441373,61.46357648441373,-21.42761770551094,41.67195912161782,1.700232457490083,fundamental,0.08
B_12,fret12,B,low,29,attack,61.44293372206716,61.44293372206716,-18.301160319793865,45.37740106225494,1.667403466068334,fundamental,0.08
B_12,fret12,B,low,29,stabilization,61.44293372206716,61.44293372206716,-17.642809576043053,47.551912796765734,1.667403466068334,fundamental,0.14
B_12,fret12,B,low,29,body,61.44293372206716,61.44293372206716,-16.915179776881704,47.52915026419438,1.667403466068334,fundamental,0.4
B_12,fret12,B,low,29,sustain,61.44293372206716,61.44293372206716,-16.109217805786997,48.24337146731604,1.667403466068334,fundamental,0.3
B_12,fret12,B,low,29,decay,61.44293372206716,61.44293372206716,-16.280448327415826,46.20904220824184,1.667403466068334,fundamental,0.08
B_12,fret12,B,low,30,attack,61.4396948434131,61.4396948434131,-4.790739838497345,47.454980218468314,2.097891184573909,fundamental,0.08
B_12,fret12,B,low,30,stabilization,61.4396948434131,61.4396948434131,-10.710786905757718,48.98965707017599,2.097891184573909,fundamental,0.14
B_12,fret12,B,low,30,body,61.4396948434131,61.4396948434131,-10.29145104952978,48.64367986696835,2.097891184573909,fundamental,0.4
B_12,fret12,B,low,30,sustain,61.4396948434131,61.4396948434131,-9.636031924127106,49.150290211260305,2.097891184573909,fundamental,0.3
B_12,fret12,B,low,30,decay,61.4396948434131,61.4396948434131,-9.325613416456,47.4646126599994,2.097891184573909,fundamental,0.08
B_12,fret12,B,low,31,attack,61.42779552256559,61.42779552256559,-16.580392855471608,47.691139350316945,1.610238194689335,fundamental,0.08
B_12,fret12,B,low,31,stabilization,61.42779552256559,61.42779552256559,-16.12001679175608,49.654613960910325,1.610238194689335,fundamental,0.14
B_12,fret12,B,low,31,body,61.42779552256559,61.42779552256559,-15.4872153127762,49.597566681548834,1.610238194689335,fundamental,0.4
B_12,fret12,B,low,31,sustain,61.42779552256559,61.42779552256559,-14.832881272266404,50.18133921747461,1.610238194689335,fundamental,0.3
B_12,fret12,B,low,31,decay,61.42779552256559,61.42779552256559,-15.332420767446015,47.67645958496085,1.610238194689335,fundamental,0.08
B_12,fret12,B,low,32,attack,61.50228044020289,61.50228044020289,-13.516597495646767,46.16564335376545,1.5869174463268063,fundamental,0.08
B_12,fret12,B,low,32,stabilization,61.50228044020289,61.50228044020289,-13.974995231024366,47.192657479749585,1.5869174463268063,fundamental,0.14
B_12,fret12,B,low,32,body,61.50228044020289,61.50228044020289,-14.113062640615258,46.229416912098515,1.5869174463268063,fundamental,0.4
B_12,fret12,B,low,32,sustain,61.50228044020289,61.50228044020289,-13.945820319913745,46.24891864207409,1.5869174463268063,fundamental,0.3
B_12,fret12,B,low,32,decay,61.50228044020289,61.50228044020289,-13.48171621215934,44.67582047801248,1.5869174463268063,fundamental,0.08
B_12,fret12,B,low,33,attack,61.456831551726665,61.456831551726665,-13.614361301346284,47.048618827997714,1.4300203896680992,fundamental,0.08
B_12,fret12,B,low,33,stabilization,61.456831551726665,61.456831551726665,-13.239149484767683,48.94483848156535,1.4300203896680992,fundamental,0.14
B_12,fret12,B,low,33,body,61.456831551726665,61.456831551726665,-12.746825524744336,48.72873996007659,1.4300203896680992,fundamental,0.4
B_12,fret12,B,low,33,sustain,61.456831551726665,61.456831551726665,-12.288242127763652,49.30238678614273,1.4300203896680992,fundamental,0.3
B_12,fret12,B,low,33,decay,61.456831551726665,61.456831551726665,-12.94952834197305,46.92052957813931,1.4300203896680992,fundamental,0.08
B_12,fret12,B,low,34,attack,61.480403016306596,61.480403016306596,-16.215418187679724,46.14529395199219,2.084962620730637,fundamental,0.08
B_12,fret12,B,low,34,stabilization,61.480403016306596,61.480403016306596,-16.233125795220293,47.673299766295486,2.084962620730637,fundamental,0.14
B_12,fret12,B,low,34,body,61.480403016306596,61.480403016306596,-16.110005088289583,47.05915229172855,2.084962620730637,fundamental,0.4
B_12,fret12,B,low,34,sustain,61.480403016306596,61.480403016306596,-15.716991775235153,47.39600288536816,2.084962620730637,fundamental,0.3
B_12,fret12,B,low,34,decay,61.480403016306596,61.480403016306596,-15.27543401511591,45.832314221103324,2.084962620730637,fundamental,0.08
B_12,fret12,B,low,35,attack,61.47863552554309,61.47863552554309,-17.32790546467697,44.992209951100065,1.7074992070354396,fundamental,0.08
B_12,fret12,B,low,35,stabilization,61.47863552554309,61.47863552554309,-17.372530445938814,46.54382288836249,1.7074992070354396,fundamental,0.14
B_12,fret12,B,low,35,body,61.47863552554309,61.47863552554309,-17.118728572474467,46.208560761268004,1.7074992070354396,fundamental,0.4
B_12,fret12,B,low,35,sustain,61.47863552554309,61.47863552554309,-16.537026935880906,46.77712208917706,1.7074992070354396,fundamental,0.3
B_12,fret12,B,low,35,decay,61.47863552554309,61.47863552554309,-18.103156937510946,43.079034368658256,1.7074992070354396,fundamental,0.08
B_12,fret12,B,low,36,attack,61.460735298476564,61.460735298476564,-16.6384947857114,45.985457185427435,1.3771331777115092,fundamental,0.08
B_12,fret12,B,low,36,stabilization,61.460735298476564,61.460735298476564,-16.21356980867601,47.93176390432831,1.3771331777115092,fundamental,0.14
B_12,fret12,B,low,36,body,61.460735298476564,61.460735298476564,-15.545966881366097,47.82728199439989,1.3771331777115092,fundamental,0.4
B_12,fret12,B,low,36,sustain,61.460735298476564,61.460735298476564,-14.8789296041636,48.41912176046958,1.3771331777115092,fundamental,0.3
B_12,fret12,B,low,36,decay,61.460735298476564,61.460735298476564,-14.844147981371592,46.46872560540382,1.3771331777115092,fundamental,0.08
B_12,fret12,B,low,37,attack,61.48162975972251,61.48162975972251,-10.648431231987605,46.087330689589024,1.2910585388411029,fundamental,0.08
B_12,fret12,B,low,37,stabilization,61.48162975972251,61.48162975972251,-10.362001036478077,47.8406106239494,1.2910585388411029,fundamental,0.14
B_12,fret12,B,low,37,body,61.48162975972251,61.48162975972251,-9.907031270840974,47.365487532895024,1.2910585388411029,fundamental,0.4
B_12,fret12,B,low,37,sustain,61.48162975972251,61.48162975972251,-9.310466960036578,47.72281190263184,1.2910585388411029,fundamental,0.3
B_12,fret12,B,low,37,decay,61.48162975972251,61.48162975972251,-9.263563462908223,45.9694265970208,1.2910585388411029,fundamental,0.08
B_12,fret12,B,low,38,attack,61.470930748801415,61.470930748801415,-18.585510446117524,42.62466716015553,1.7425016722816629,fundamental,0.08
B_12,fret12,B,low,38,stabilization,61.470930748801415,61.470930748801415,-19.788693551773616,44.4768420270647,1.7425016722816629,fundamental,0.14
B_12,fret12,B,low,38,body,61.470930748801415,61.470930748801415,-19.18749233199219,44.41928891827315,1.7425016722816629,fundamental,0.4
B_12,fret12,B,low,38,sustain,61.470930748801415,61.470930748801415,-18.453044554220867,45.20624763398879,1.7425016722816629,fundamental,0.3
B_12,fret12,B,low,38,decay,61.470930748801415,61.470930748801415,-17.949257075359867,43.764875407954335,1.7425016722816629,fundamental,0.08
B_12,fret12,B,low,39,attack,61.47939461843156,61.47939461843156,-3.8998913555545656,46.609032875831694,1.2580366366960083,fundamental,0.08
B_12,fret12,B,low,39,stabilization,61.47939461843156,61.47939461843156,-3.9226472612250447,48.222471648313004,1.2580366366960083,fundamental,0.14
B_12,fret12,B,low,39,body,61.47939461843156,61.47939461843156,-3.677868555723215,48.56588553865367,1.2580366366960083,fundamental,0.4
B_12,fret12,B,low,39,sustain,61.47939461843156,61.47939461843156,-3.4307476532643832,48.910054091577756,1.2580366366960083,fundamental,0.3
B_12,fret12,B,low,39,decay,61.47939461843156,61.47939461843156,-3.4293030644697566,47.194019200778435,1.2580366366960083,fundamental,0.08
B_12,fret12,B,low,40,attack,61.484934125817546,61.484934125817546,-11.467965308074398,45.84491309239573,1.2649478342779887,fundamental,0.08
B_12,fret12,B,low,40,stabilization,61.484934125817546,61.484934125817546,-11.41430065842398,47.480580547389465,1.2649478342779887,fundamental,0.14
B_12,fret12,B,low,40,body,61.484934125817546,61.484934125817546,-10.724973398662318,47.51135135228955,1.2649478342779887,fundamental,0.4
B_12,fret12,B,low,40,sustain,61.484934125817546,61.484934125817546,-10.040433196028664,48.21806681443985,1.2649478342779887,fundamental,0.3
B_12,fret12,B,low,40,decay,61.484934125817546,61.484934125817546,-9.75263587062824,46.658542947379324,1.2649478342779887,fundamental,0.08
B_12,fret12,B,low,41,attack,61.5023563839493,61.5023563839493,-11.38291683593459,46.227378704904396,1.4226105302224432,fundamental,0.08
B_12,fret12,B,low,41,stabilization,61.5023563839493,61.5023563839493,-10.327785521707618,48.68244079293366,1.4226105302224432,fundamental,0.14
B_12,fret12,B,low,41,body,61.5023563839493,61.5023563839493,-9.420535153083158,48.705871643459,1.4226105302224432,fundamental,0.4
B_12,fret12,B,low,41,sustain,61.5023563839493,61.5023563839493,-8.428077526025866,49.49509428026532,1.4226105302224432,fundamental,0.3
B_12,fret12,B,low,41,decay,61.5023563839493,61.5023563839493,-8.03953315124545,47.941000347903355,1.4226105302224432,fundamental,0.08
B_12,fret12,B,low,42,attack,61.498266514680935,61.498266514680935,-13.498893846495168,47.33316358024453,1.5822213554407798,fundamental,0.08
B_12,fret12,B,low,42,stabilization,61.498266514680935,61.498266514680935,-14.575843755334176,49.117012962855654,1.5822213554407798,fundamental,0.14
B_12,fret12,B,low,42,body,61.498266514680935,61.498266514680935,-14.347627449299896,48.78300957977736,1.5822213554407798,fundamental,0.4
B_12,fret12,B,low,42,sustain,61.498266514680935,61.498266514680935,-13.669605263439236,49.44668113140054,1.5822213554407798,fundamental,0.3
B_12,fret12,B,low,42,decay,61.498266514680935,61.498266514680935,-14.11575758773524,47.07791239224799,1.5822213554407798,fundamental,0.08
B_12,fret12,B,low,43,attack,61.460242449636894,61.460242449636894,-16.07896228096723,46.89674526380408,1.4491520490202203,fundamental,0.08
B_12,fret12,B,low,43,stabilization,61.460242449636894,61.460242449636894,-15.607602870995969,48.852126081255705,1.4491520490202203,fundamental,0.14
B_12,fret12,B,low,43,body,61.460242449636894,61.460242449636894,-14.41237608588115,49.39613926226075,1.4491520490202203,fundamental,0.4
B_12,fret12,B,low,43,sustain,61.460242449636894,61.460242449636894,-13.48019496150129,50.30948573446929,1.4491520490202203,fundamental,0.3
B_12,fret12,B,low,43,decay,61.460242449636894,61.460242449636894,-13.25604699376476,48.796822801326165,1.4491520490202203,fundamental,0.08
B_open,open,B,sub,0,attack,30.899659076340672,30.899659076340672,-14.177163237418045,40.78506092064165,1.209791487491098,fundamental,0.08
B_open,open,B,sub,0,stabilization,30.899659076340672,30.899659076340672,-14.093111999083462,38.609299725358596,1.209791487491098,fundamental,0.14
B_open,open,B,sub,0,body,30.899659076340672,30.899659076340672,-14.3042536049917,41.288946140342595,1.209791487491098,fundamental,0.4
B_open,open,B,sub,0,sustain,30.899659076340672,30.899659076340672,-13.955572348935576,36.85826845980074,1.209791487491098,fundamental,0.3
B_open,open,B,sub,0,decay,30.899659076340672,30.899659076340672,-14.98154056679136,37.99169510535081,1.209791487491098,fundamental,0.08
B_open,open,B,sub,1,attack,30.87740626140717,30.87740626140717,-15.470731092679308,40.339077280279504,1.12809385770946,fundamental,0.08
B_open,open,B,sub,1,stabilization,30.87740626140717,30.87740626140717,-16.283609638304355,37.79994636831951,1.12809385770946,fundamental,0.14
B_open,open,B,sub,1,body,30.87740626140717,30.87740626140717,-15.602549512892246,40.860251844961475,1.12809385770946,fundamental,0.4
B_open,open,B,sub,1,sustain,30.87740626140717,30.87740626140717,-15.457417834725312,36.405338007408815,1.12809385770946,fundamental,0.3
B_open,open,B,sub,1,decay,30.87740626140717,30.87740626140717,-15.488452171665308,39.06290603789819,1.12809385770946,fundamental,0.08
B_open,open,B,sub,2,attack,31.033498028523532,31.033498028523532,-22.353997801451087,30.135139471288696,1.691288525233022,fundamental,0.08
B_open,open,B,sub,2,stabilization,31.033498028523532,31.033498028523532,-25.551303598369003,24.894541190652774,1.691288525233022,fundamental,0.14
B_open,open,B,sub,2,body,31.033498028523532,31.033498028523532,-26.78728855473052,26.107859057774306,1.691288525233022,fundamental,0.4
B_open,open,B,sub,2,sustain,31.033498028523532,31.033498028523532,-30.12370430452768,17.87700793152699,1.691288525233022,fundamental,0.3
B_open,open,B,sub,2,decay,31.033498028523532,31.033498028523532,-39.74895362760286,10.800690850449882,1.691288525233022,fundamental,0.08
B_open,open,B,sub,3,attack,30.86052372110672,30.86052372110672,-10.74316373062873,37.56754079769078,1.3007010260255285,fundamental,0.08
B_open,open,B,sub,3,stabilization,30.86052372110672,30.86052372110672,-10.422993452200288,33.83135703778812,1.3007010260255285,fundamental,0.14
B_open,open,B,sub,3,body,30.86052372110672,30.86052372110672,-10.866739799818738,36.993068226560425,1.3007010260255285,fundamental,0.4
B_open,open,B,sub,3,sustain,30.86052372110672,30.86052372110672,-12.10412327854666,31.40690229247214,1.3007010260255285,fundamental,0.3
B_open,open,B,sub,3,decay,30.86052372110672,30.86052372110672,-13.993884852616674,31.70274281186579,1.3007010260255285,fundamental,0.08
B_open,open,B,sub,4,attack,30.87774573880563,30.87774573880563,-17.925125875072332,39.88903456528526,1.3408857613853389,fundamental,0.08
B_open,open,B,sub,4,stabilization,30.87774573880563,30.87774573880563,-18.935768021308448,36.63798370354256,1.3408857613853389,fundamental,0.14
B_open,open,B,sub,4,body,30.87774573880563,30.87774573880563,-18.904007673333886,39.50508209476184,1.3408857613853389,fundamental,0.4
B_open,open,B,sub,4,sustain,30.87774573880563,30.87774573880563,-19.3445381334273,34.35180717865212,1.3408857613853389,fundamental,0.3
B_open,open,B,sub,4,decay,30.87774573880563,30.87774573880563,-19.60031528491985,36.13668040213229,1.3408857613853389,fundamental,0.08
B_open,open,B,sub,5,attack,30.87037690710202,30.87037690710202,-15.560723898278532,41.05603978765753,1.6795940006924723,fundamental,0.08
B_open,open,B,sub,5,stabilization,30.87037690710202,30.87037690710202,-16.53249890898892,37.9808560114262,1.6795940006924723,fundamental,0.14
B_open,open,B,sub,5,body,30.87037690710202,30.87037690710202,-16.170655153156886,40.749910335885794,1.6795940006924723,fundamental,0.4
B_open,open,B,sub,5,sustain,30.87037690710202,30.87037690710202,-16.274506206905407,35.82753451098891,1.6795940006924723,fundamental,0.3
B_open,open,B,sub,5,decay,30.87037690710202,30.87037690710202,-15.34870850698038,38.65692628878223,1.6795940006924723,fundamental,0.08
B_open,open,B,sub,6,attack,30.879371590836204,30.879371590836204,-10.585491154418436,37.29925834180346,1.4064102122364088,fundamental,0.08
B_open,open,B,sub,6,stabilization,30.879371590836204,30.879371590836204,-8.85133474185519,35.83985015100964,1.4064102122364088,fundamental,0.14
B_open,open,B,sub,6,body,30.879371590836204,30.879371590836204,-10.239279070847118,38.52039267351006,1.4064102122364088,fundamental,0.4
B_open,open,B,sub,6,sustain,30.879371590836204,30.879371590836204,-10.210510400666038,34.183222091701374,1.4064102122364088,fundamental,0.3
B_open,open,B,sub,6,decay,30.879371590836204,30.879371590836204,-8.597052618640582,37.07123935743071,1.4064102122364088,fundamental,0.08
B_open,open,B,sub,7,attack,30.929728908562197,30.929728908562197,-14.01396992524102,43.60884462702211,1.3094095927611444,fundamental,0.08
B_open,open,B,sub,7,stabilization,30.929728908562197,30.929728908562197,-13.920718913771983,41.13327186062343,1.3094095927611444,fundamental,0.14
B_open,open,B,sub,7,body,30.929728908562197,30.929728908562197,-14.133970761758867,43.74856831879685,1.3094095927611444,fundamental,0.4
B_open,open,B,sub,7,sustain,30.929728908562197,30.929728908562197,-14.259147725936645,38.836167153476055,1.3094095927611444,fundamental,0.3
B_open,open,B,sub,7,decay,30.929728908562197,30.929728908562197,-14.423857564758563,40.650145007419646,1.3094095927611444,fundamental,0.08
B_open,open,B,sub,8,attack,30.89080425308377,30.89080425308377,-11.404498092501726,40.81669555870824,1.0941544453811514,fundamental,0.08
B_open,open,B,sub,8,stabilization,30.89080425308377,30.89080425308377,-16.10062484571892,38.93773321076334,1.0941544453811514,fundamental,0.14
B_open,open,B,sub,8,body,30.89080425308377,30.89080425308377,-16.15912124986015,41.52834051099778,1.0941544453811514,fundamental,0.4
B_open,open,B,sub,8,sustain,30.89080425308377,30.89080425308377,-16.25861785753257,36.67735524906292,1.0941544453811514,fundamental,0.3
B_open,open,B,sub,8,decay,30.89080425308377,30.89080425308377,-16.205585500705517,38.83240151557143,1.0941544453811514,fundamental,0.08
B_open,open,B,sub,9,attack,30.867458489391353,30.867458489391353,-12.54073040975532,42.6703814184862,1.532996569973463,fundamental,0.08
B_open,open,B,sub,9,stabilization,30.867458489391353,30.867458489391353,-13.169041860000457,40.319782885861585,1.532996569973463,fundamental,0.14
B_open,open,B,sub,9,body,30.867458489391353,30.867458489391353,-12.721947977361658,43.20840735211204,1.532996569973463,fundamental,0.4
B_open,open,B,sub,9,sustain,30.867458489391353,30.867458489391353,-12.595732728682684,38.52099290600477,1.532996569973463,fundamental,0.3
B_open,open,B,sub,9,decay,30.867458489391353,30.867458489391353,-12.086236065432884,40.98786647099348,1.532996569973463,fundamental,0.08
B_open,open,B,sub,10,attack,30.861634169803132,30.861634169803132,-10.444306739659195,40.95442570879992,1.2129589296517296,fundamental,0.08
B_open,open,B,sub,10,stabilization,30.861634169803132,30.861634169803132,-9.87588135406572,39.43030097817287,1.2129589296517296,fundamental,0.14
B_open,open,B,sub,10,body,30.861634169803132,30.861634169803132,-10.181993804727815,41.822181238128934,1.2129589296517296,fundamental,0.4
B_open,open,B,sub,10,sustain,30.861634169803132,30.861634169803132,-10.04769589773892,37.2659950884102,1.2129589296517296,fundamental,0.3
B_open,open,B,sub,10,decay,30.861634169803132,30.861634169803132,-10.552333091600111,39.20297215662909,1.2129589296517296,fundamental,0.08
B_open,open,B,sub,11,attack,30.88917340791422,30.88917340791422,-17.503499520640858,43.51073222185525,1.505664932960541,fundamental,0.08
B_open,open,B,sub,11,stabilization,30.88917340791422,30.88917340791422,-17.635688920153537,41.0823739831365,1.505664932960541,fundamental,0.14
B_open,open,B,sub,11,body,30.88917340791422,30.88917340791422,-17.93774899772336,43.72539079372356,1.505664932960541,fundamental,0.4
B_open,open,B,sub,11,sustain,30.88917340791422,30.88917340791422,-17.987505019458972,39.09142222844062,1.505664932960541,fundamental,0.3
B_open,open,B,sub,11,decay,30.88917340791422,30.88917340791422,-17.834768200122518,41.122228804172344,1.505664932960541,fundamental,0.08
B_open,open,B,sub,12,attack,30.91674469177291,30.91674469177291,-20.773333539765503,32.571304003170454,1.3511522863015175,fundamental,0.08
B_open,open,B,sub,12,stabilization,30.91674469177291,30.91674469177291,-19.88904217756456,31.37086839036685,1.3511522863015175,fundamental,0.14
B_open,open,B,sub,12,body,30.91674469177291,30.91674469177291,-21.034364809969404,33.41340908893308,1.3511522863015175,fundamental,0.4
B_open,open,B,sub,12,sustain,30.91674469177291,30.91674469177291,-21.213832574601,28.84379461958548,1.3511522863015175,fundamental,0.3
B_open,open,B,sub,12,decay,30.91674469177291,30.91674469177291,-21.61527785026924,30.60027804753485,1.3511522863015175,fundamental,0.08
B_open,open,B,sub,13,attack,30.824917916505104,30.824917916505104,-21.3352632292846,35.5084495197997,1.4904600090045017,fundamental,0.08
B_open,open,B,sub,13,stabilization,30.824917916505104,30.824917916505104,-22.854364496955117,32.334066087533586,1.4904600090045017,fundamental,0.14
B_open,open,B,sub,13,body,30.824917916505104,30.824917916505104,-22.579299542590093,35.35824556318174,1.4904600090045017,fundamental,0.4
B_open,open,B,sub,13,sustain,30.824917916505104,30.824917916505104,-22.843078304855297,30.47978386390664,1.4904600090045017,fundamental,0.3
B_open,open,B,sub,13,decay,30.824917916505104,30.824917916505104,-22.551990197721157,32.795157556414274,1.4904600090045017,fundamental,0.08
B_open,open,B,sub,14,attack,30.871086328840647,30.871086328840647,-19.33540202536293,32.90382604955563,1.5249277299985444,fundamental,0.08
B_open,open,B,sub,14,stabilization,30.871086328840647,30.871086328840647,-20.246309995179036,28.864133062981487,1.5249277299985444,fundamental,0.14
B_open,open,B,sub,14,body,30.871086328840647,30.871086328840647,-20.843650757669224,32.23605993304555,1.5249277299985444,fundamental,0.4
B_open,open,B,sub,14,sustain,30.871086328840647,30.871086328840647,-21.834333090475678,26.823847417104886,1.5249277299985444,fundamental,0.3
B_open,open,B,sub,14,decay,30.871086328840647,30.871086328840647,-22.261201034882816,28.494584826065804,1.5249277299985444,fundamental,0.08
B_open,open,B,sub,15,attack,30.862991063521598,30.862991063521598,-16.11912006790859,38.784410041362285,1.5073853428885169,fundamental,0.08
B_open,open,B,sub,15,stabilization,30.862991063521598,30.862991063521598,-16.288918281012123,36.507099588117875,1.5073853428885169,fundamental,0.14
B_open,open,B,sub,15,body,30.862991063521598,30.862991063521598,-16.469197944447465,39.13905515008465,1.5073853428885169,fundamental,0.4
B_open,open,B,sub,15,sustain,30.862991063521598,30.862991063521598,-16.75362242249485,34.19370109231369,1.5073853428885169,fundamental,0.3
B_open,open,B,sub,15,decay,30.862991063521598,30.862991063521598,-17.884294561304337,35.26151161435608,1.5073853428885169,fundamental,0.08
B_open,open,B,sub,16,attack,30.845641332842636,30.845641332842636,-15.867786193926952,39.509101752489975,1.491402590441485,fundamental,0.08
B_open,open,B,sub,16,stabilization,30.845641332842636,30.845641332842636,-16.31065341222113,36.927556954762736,1.491402590441485,fundamental,0.14
B_open,open,B,sub,16,body,30.845641332842636,30.845641332842636,-16.297057194354267,39.71984953948905,1.491402590441485,fundamental,0.4
B_open,open,B,sub,16,sustain,30.845641332842636,30.845641332842636,-16.578187693709182,34.808416309138465,1.491402590441485,fundamental,0.3
B_open,open,B,sub,16,decay,30.845641332842636,30.845641332842636,-15.005333369857844,38.45543517145431,1.491402590441485,fundamental,0.08
B_open,open,B,sub,17,attack,30.885451240180508,30.885451240180508,-26.54506986750967,33.23008548386371,1.3704069036495117,fundamental,0.08
B_open,open,B,sub,17,stabilization,30.885451240180508,30.885451240180508,-27.58990859486909,29.73181141971358,1.3704069036495117,fundamental,0.14
B_open,open,B,sub,17,body,30.885451240180508,30.885451240180508,-27.80669993722298,32.33090413431025,1.3704069036495117,fundamental,0.4
B_open,open,B,sub,17,sustain,30.885451240180508,30.885451240180508,-28.866827711064104,26.680483161332532,1.3704069036495117,fundamental,0.3
B_open,open,B,sub,17,decay,30.885451240180508,30.885451240180508,-29.74084246423821,27.968416629390198,1.3704069036495117,fundamental,0.08
B_open,open,B,sub,18,attack,30.85900791576713,30.85900791576713,-23.558204105145137,37.452261839454614,1.3902491989582435,fundamental,0.08
B_open,open,B,sub,18,stabilization,30.85900791576713,30.85900791576713,-24.38605012611394,34.5745686992581,1.3902491989582435,fundamental,0.14
B_open,open,B,sub,18,body,30.85900791576713,30.85900791576713,-24.6332639986638,37.230457476970024,1.3902491989582435,fundamental,0.4
B_open,open,B,sub,18,sustain,30.85900791576713,30.85900791576713,-25.367666276782984,32.04393355447182,1.3902491989582435,fundamental,0.3
B_open,open,B,sub,18,decay,30.85900791576713,30.85900791576713,-26.055053739318915,33.570100137540365,1.3902491989582435,fundamental,0.08
B_open,open,B,sub,19,attack,30.891625308736206,30.891625308736206,-22.849155832920648,35.675355947724725,1.1605616948091886,fundamental,0.08
B_open,open,B,sub,19,stabilization,30.891625308736206,30.891625308736206,-23.96215359580561,32.529660258372374,1.1605616948091886,fundamental,0.14
B_open,open,B,sub,19,body,30.891625308736206,30.891625308736206,-23.674055609690758,35.8713419766117,1.1605616948091886,fundamental,0.4
B_open,open,B,sub,19,sustain,30.891625308736206,30.891625308736206,-24.08420301839348,31.156046863850953,1.1605616948091886,fundamental,0.3
B_open,open,B,sub,19,decay,30.891625308736206,30.891625308736206,-24.313592095850687,33.15373855657047,1.1605616948091886,fundamental,0.08
B_open,open,B,sub,20,attack,30.87794978916837,30.87794978916837,-20.691736416692805,37.33002642354258,1.6022327029991483,fundamental,0.08
B_open,open,B,sub,20,stabilization,30.87794978916837,30.87794978916837,-20.39023368461673,36.0395878396171,1.6022327029991483,fundamental,0.14
B_open,open,B,sub,20,body,30.87794978916837,30.87794978916837,-20.79570328408641,38.44610502828981,1.6022327029991483,fundamental,0.4
B_open,open,B,sub,20,sustain,30.87794978916837,30.87794978916837,-21.197751880013502,33.61666131015426,1.6022327029991483,fundamental,0.3
B_open,open,B,sub,20,decay,30.87794978916837,30.87794978916837,-22.396854568578817,34.55278241468322,1.6022327029991483,fundamental,0.08
B_open,open,B,sub,21,attack,30.832547804287646,30.832547804287646,-30.210700057882026,28.319015325594115,1.808403382987345,fundamental,0.08
B_open,open,B,sub,21,stabilization,30.832547804287646,30.832547804287646,-31.19416173595875,25.60751533685,1.808403382987345,fundamental,0.14
B_open,open,B,sub,21,body,30.832547804287646,30.832547804287646,-31.279144113067236,28.366842817802144,1.808403382987345,fundamental,0.4
B_open,open,B,sub,21,sustain,30.832547804287646,30.832547804287646,-31.8243282175889,23.121314604769054,1.808403382987345,fundamental,0.3
B_open,open,B,sub,21,decay,30.832547804287646,30.832547804287646,-30.27906438978873,26.645352073422387,1.808403382987345,fundamental,0.08
B_open,open,B,sub,22,attack,30.879526047664516,30.879526047664516,-24.72884850448404,32.76108108725585,1.5162823913319976,fundamental,0.08
B_open,open,B,sub,22,stabilization,30.879526047664516,30.879526047664516,-25.10309939112487,30.184847499284686,1.5162823913319976,fundamental,0.14
B_open,open,B,sub,22,body,30.879526047664516,30.879526047664516,-24.661831564654943,33.22233563584663,1.5162823913319976,fundamental,0.4
B_open,open,B,sub,22,sustain,30.879526047664516,30.879526047664516,-24.644289720044902,28.40768010747223,1.5162823913319976,fundamental,0.3
B_open,open,B,sub,22,decay,30.879526047664516,30.879526047664516,-22.02562440541452,32.20117731732573,1.5162823913319976,fundamental,0.08
B_open,open,B,sub,23,attack,30.866558357290433,30.866558357290433,-13.616865965127111,35.7081636714842,1.307326999515736,fundamental,0.08
B_open,open,B,sub,23,stabilization,30.866558357290433,30.866558357290433,-13.622742581798876,32.7888855904926,1.307326999515736,fundamental,0.14
B_open,open,B,sub,23,body,30.866558357290433,30.866558357290433,-14.635339604994895,35.52506612640525,1.307326999515736,fundamental,0.4
B_open,open,B,sub,23,sustain,30.866558357290433,30.866558357290433,-15.023439959030084,30.682210749585835,1.307326999515736,fundamental,0.3
B_open,open,B,sub,23,decay,30.866558357290433,30.866558357290433,-16.568551349723883,31.419288333837287,1.307326999515736,fundamental,0.08
B_open,open,B,sub,24,attack,30.856516001593047,30.856516001593047,-17.407984097263146,34.52702475110191,1.2108746351114223,fundamental,0.08
B_open,open,B,sub,24,stabilization,30.856516001593047,30.856516001593047,-16.985707349254582,30.946187459821516,1.2108746351114223,fundamental,0.14
B_open,open,B,sub,24,body,30.856516001593047,30.856516001593047,-17.645292549625744,34.248196055391425,1.2108746351114223,fundamental,0.4
B_open,open,B,sub,24,sustain,30.856516001593047,30.856516001593047,-18.29832801968937,29.29178657643932,1.2108746351114223,fundamental,0.3
B_open,open,B,sub,24,decay,30.856516001593047,30.856516001593047,-18.42464466433932,31.24392630063825,1.2108746351114223,fundamental,0.08
B_open,open,B,sub,25,attack,30.87297674171429,30.87297674171429,-1.950637147167285,33.34036726559733,1.0727834822244044,fundamental,0.08
B_open,open,B,sub,25,stabilization,30.87297674171429,30.87297674171429,2.240555895262993,29.78838536961318,1.0727834822244044,fundamental,0.14
B_open,open,B,sub,25,body,30.87297674171429,30.87297674171429,-1.3122704622393115,36.00736265997007,1.0727834822244044,fundamental,0.4
B_open,open,B,sub,25,sustain,30.87297674171429,30.87297674171429,-2.144456524744527,34.43583108939716,1.0727834822244044,fundamental,0.3
B_open,open,B,sub,25,decay,30.87297674171429,30.87297674171429,-0.9716637624721756,30.184207379570502,1.0727834822244044,fundamental,0.08
B_open,open,B,sub,26,attack,30.848848932268332,30.848848932268332,-13.808635237570655,38.76755828616119,1.4271162510868116,fundamental,0.08
B_open,open,B,sub,26,stabilization,30.848848932268332,30.848848932268332,-13.924642625726676,36.93035253879395,1.4271162510868116,fundamental,0.14
B_open,open,B,sub,26,body,30.848848932268332,30.848848932268332,-14.042135849359752,39.048027547584226,1.4271162510868116,fundamental,0.4
B_open,open,B,sub,26,sustain,30.848848932268332,30.848848932268332,-14.534172260705915,33.913508055616674,1.4271162510868116,fundamental,0.3
B_open,open,B,sub,26,decay,30.848848932268332,30.848848932268332,-14.863058220380909,35.80343950813756,1.4271162510868116,fundamental,0.08
B_open,open,B,sub,27,attack,30.862708354264885,30.862708354264885,-17.195406325314906,35.45753509141691,1.259036685851419,fundamental,0.08
B_open,open,B,sub,27,stabilization,30.862708354264885,30.862708354264885,-18.256331835890848,31.507656249030468,1.259036685851419,fundamental,0.14
B_open,open,B,sub,27,body,30.862708354264885,30.862708354264885,-18.552793794525662,34.71345973120492,1.259036685851419,fundamental,0.4
B_open,open,B,sub,27,sustain,30.862708354264885,30.862708354264885,-19.544078729816107,29.48888214384504,1.259036685851419,fundamental,0.3
B_open,open,B,sub,27,decay,30.862708354264885,30.862708354264885,-20.45605787245861,30.79802117663546,1.259036685851419,fundamental,0.08
B_open,open,B,sub,28,attack,30.873340139999566,30.873340139999566,-11.339923953965048,35.30739589356391,1.481186173323865,fundamental,0.08
B_open,open,B,sub,28,stabilization,30.873340139999566,30.873340139999566,-15.48803590814481,36.65189006069402,1.481186173323865,fundamental,0.14
B_open,open,B,sub,28,body,30.873340139999566,30.873340139999566,-15.79784494613274,38.87764790919351,1.481186173323865,fundamental,0.4
B_open,open,B,sub,28,sustain,30.873340139999566,30.873340139999566,-16.65399079750874,33.66295244435249,1.481186173323865,fundamental,0.3
B_open,open,B,sub,28,decay,30.873340139999566,30.873340139999566,-17.129884878835654,35.525787193518596,1.481186173323865,fundamental,0.08
B_open,open,B,sub,29,attack,30.85011790474894,30.85011790474894,-19.927666647598016,36.59060435216861,1.3541137477598493,fundamental,0.08
B_open,open,B,sub,29,stabilization,30.85011790474894,30.85011790474894,-20.2216967391424,34.299247614338206,1.3541137477598493,fundamental,0.14
B_open,open,B,sub,29,body,30.85011790474894,30.85011790474894,-19.90104304581304,37.56321150341408,1.3541137477598493,fundamental,0.4
B_open,open,B,sub,29,sustain,30.85011790474894,30.85011790474894,-20.255348532868844,32.82947266375664,1.3541137477598493,fundamental,0.3
B_open,open,B,sub,29,decay,30.85011790474894,30.85011790474894,-19.774119223715388,35.5054103954843,1.3541137477598493,fundamental,0.08
B_open,open,B,sub,30,attack,30.867012258559583,30.867012258559583,-12.07095796313832,39.705201011898296,1.597791654671248,fundamental,0.08
B_open,open,B,sub,30,stabilization,30.867012258559583,30.867012258559583,-13.377301481481084,37.76107196705388,1.597791654671248,fundamental,0.14
B_open,open,B,sub,30,body,30.867012258559583,30.867012258559583,-12.40132607840468,40.566222148425126,1.597791654671248,fundamental,0.4
B_open,open,B,sub,30,sustain,30.867012258559583,30.867012258559583,-12.494568069036411,35.809896762702344,1.597791654671248,fundamental,0.3
B_open,open,B,sub,30,decay,30.867012258559583,30.867012258559583,-12.081705686242628,38.28763231050081,1.597791654671248,fundamental,0.08
B_open,open,B,sub,31,attack,30.84756936950154,30.84756936950154,-13.502313384803884,43.028915504033606,1.2163771139055266,fundamental,0.08
B_open,open,B,sub,31,stabilization,30.84756936950154,30.84756936950154,-14.28235272429044,40.70182843188302,1.2163771139055266,fundamental,0.14
B_open,open,B,sub,31,body,30.84756936950154,30.84756936950154,-13.819819344153451,43.55915330800792,1.2163771139055266,fundamental,0.4
B_open,open,B,sub,31,sustain,30.84756936950154,30.84756936950154,-13.802199684047665,38.83257796295127,1.2163771139055266,fundamental,0.3
B_open,open,B,sub,31,decay,30.84756936950154,30.84756936950154,-13.269326571629769,41.32782251782843,1.2163771139055266,fundamental,0.08
B_open,open,B,sub,32,attack,30.86787419167027,30.86787419167027,-14.245036086206447,38.33341319707536,1.3359827350853062,fundamental,0.08
B_open,open,B,sub,32,stabilization,30.86787419167027,30.86787419167027,-14.458072396702484,36.37011296591703,1.3359827350853062,fundamental,0.14
B_open,open,B,sub,32,body,30.86787419167027,30.86787419167027,-14.4219641717361,38.793506369742936,1.3359827350853062,fundamental,0.4
B_open,open,B,sub,32,sustain,30.86787419167027,30.86787419167027,-14.413907910787351,34.066447616781694,1.3359827350853062,fundamental,0.3
B_open,open,B,sub,32,decay,30.86787419167027,30.86787419167027,-14.375154345134264,35.82545714689442,1.3359827350853062,fundamental,0.08
B_open,open,B,sub,33,attack,30.863183292871394,30.863183292871394,-10.719122700950392,41.51553526836779,1.3034706448380682,fundamental,0.08
B_open,open,B,sub,33,stabilization,30.863183292871394,30.863183292871394,-10.260358937594738,39.423423337466325,1.3034706448380682,fundamental,0.14
B_open,open,B,sub,33,body,30.863183292871394,30.863183292871394,-10.81881484908088,42.17546888940535,1.3034706448380682,fundamental,0.4
B_open,open,B,sub,33,sustain,30.863183292871394,30.863183292871394,-11.252466984496785,37.46166510535474,1.3034706448380682,fundamental,0.3
B_open,open,B,sub,33,decay,30.863183292871394,30.863183292871394,-11.311689052115357,39.534613380572836,1.3034706448380682,fundamental,0.08
B_open,open,B,sub,34,attack,30.868498175676226,30.868498175676226,-7.916848754182133,41.23784113946485,1.088950999653919,fundamental,0.08
B_open,open,B,sub,34,stabilization,30.868498175676226,30.868498175676226,-7.900526395132232,39.454517231322,1.088950999653919,fundamental,0.14
B_open,open,B,sub,34,body,30.868498175676226,30.868498175676226,-7.973086734194489,42.317104372518074,1.088950999653919,fundamental,0.4
B_open,open,B,sub,34,sustain,30.868498175676226,30.868498175676226,-8.07219006273484,37.64995308373335,1.088950999653919,fundamental,0.3
B_open,open,B,sub,34,decay,30.868498175676226,30.868498175676226,-7.648756571158714,39.88810281270385,1.088950999653919,fundamental,0.08
B_open,open,B,sub,35,attack,30.859691536772406,30.859691536772406,-8.290689828123256,43.37630551216655,1.0472416375625462,fundamental,0.08
B_open,open,B,sub,35,stabilization,30.859691536772406,30.859691536772406,-9.068234978678426,41.545099737300944,1.0472416375625462,fundamental,0.14
B_open,open,B,sub,35,body,30.859691536772406,30.859691536772406,-8.702850709985057,44.41772664546086,1.0472416375625462,fundamental,0.4
B_open,open,B,sub,35,sustain,30.859691536772406,30.859691536772406,-8.727046579086569,39.76205826558392,1.0472416375625462,fundamental,0.3
B_open,open,B,sub,35,decay,30.859691536772406,30.859691536772406,-8.302793587057216,42.04307107975266,1.0472416375625462,fundamental,0.08
B_open,open,B,sub,36,attack,30.86673791498868,30.86673791498868,-0.6119256536523494,28.684251643411002,1.2892351614209023,fundamental,0.08
B_open,open,B,sub,36,stabilization,30.86673791498868,30.86673791498868,-1.430744151998745,32.76362436166289,1.2892351614209023,fundamental,0.14
B_open,open,B,sub,36,body,30.86673791498868,30.86673791498868,1.1162027535424317,32.06558783316621,1.2892351614209023,fundamental,0.4
B_open,open,B,sub,36,sustain,30.86673791498868,30.86673791498868,2.674935420749144,29.333736773573143,1.2892351614209023,fundamental,0.3
B_open,open,B,sub,36,decay,30.86673791498868,30.86673791498868,5.358550742787941,23.396888346051654,1.2892351614209023,fundamental,0.08
B_open,open,B,sub,37,attack,30.882715822860607,30.882715822860607,-14.79961732564788,38.00122968245908,1.412094109912822,fundamental,0.08
B_open,open,B,sub,37,stabilization,30.882715822860607,30.882715822860607,-15.962006600500509,35.10772531011949,1.412094109912822,fundamental,0.14
B_open,open,B,sub,37,body,30.882715822860607,30.882715822860607,-16.290449089418573,37.04460286873058,1.412094109912822,fundamental,0.4
B_open,open,B,sub,37,sustain,30.882715822860607,30.882715822860607,-18.06888487440636,30.515032166726407,1.412094109912822,fundamental,0.3
B_open,open,B,sub,37,decay,30.882715822860607,30.882715822860607,-19.148116454278224,31.305587962581342,1.412094109912822,fundamental,0.08
B_open,open,B,sub,38,attack,30.807182548594746,30.807182548594746,-20.78266320897613,33.70098979872729,1.897950572922384,fundamental,0.08
B_open,open,B,sub,38,stabilization,30.807182548594746,30.807182548594746,-21.12820359905775,31.340143038000306,1.897950572922384,fundamental,0.14
B_open,open,B,sub,38,body,30.807182548594746,30.807182548594746,-20.54044866018419,34.80403220924963,1.897950572922384,fundamental,0.4
B_open,open,B,sub,38,sustain,30.807182548594746,30.807182548594746,-19.75702127572776,30.942060266265088,1.897950572922384,fundamental,0.3
B_open,open,B,sub,38,decay,30.807182548594746,30.807182548594746,-18.688045966061992,34.02841052978131,1.897950572922384,fundamental,0.08
B_open,open,B,sub,39,attack,30.87615296454451,30.87615296454451,0.2500102214116495,29.346960491972297,1.2149455168592085,fundamental,0.08
B_open,open,B,sub,39,stabilization,30.87615296454451,30.87615296454451,-0.3040281022455886,31.96013929587761,1.2149455168592085,fundamental,0.14
B_open,open,B,sub,39,body,30.87615296454451,30.87615296454451,3.02877701016412,30.760588859821304,1.2149455168592085,fundamental,0.4
B_open,open,B,sub,39,sustain,30.87615296454451,30.87615296454451,4.381060376654673,27.829698054657904,1.2149455168592085,fundamental,0.3
B_open,open,B,sub,39,decay,30.87615296454451,30.87615296454451,5.547017975287417,22.871327527982984,1.2149455168592085,fundamental,0.08
B_open,open,B,sub,40,attack,30.88882193456814,30.88882193456814,-15.660159154387522,38.18900256500116,1.394813340080235,fundamental,0.08
B_open,open,B,sub,40,stabilization,30.88882193456814,30.88882193456814,-16.015787517045112,35.90377222391736,1.394813340080235,fundamental,0.14
B_open,open,B,sub,40,body,30.88882193456814,30.88882193456814,-15.590637020888655,38.77496730341272,1.394813340080235,fundamental,0.4
B_open,open,B,sub,40,sustain,30.88882193456814,30.88882193456814,-15.39189444030152,34.133983438289306,1.394813340080235,fundamental,0.3
B_open,open,B,sub,40,decay,30.88882193456814,30.88882193456814,-15.003977734018273,36.32400968904201,1.394813340080235,fundamental,0.08
B_open,open,B,sub,41,attack,30.844669778673747,30.844669778673747,-16.630408264122778,38.401485383829026,1.5381337905017265,fundamental,0.08
B_open,open,B,sub,41,stabilization,30.844669778673747,30.844669778673747,-16.386805835147683,35.90648355496463,1.5381337905017265,fundamental,0.14
B_open,open,B,sub,41,body,30.844669778673747,30.844669778673747,-16.710221342615036,38.84080462601833,1.5381337905017265,fundamental,0.4
B_open,open,B,sub,41,sustain,30.844669778673747,30.844669778673747,-17.048582188662095,34.08994849276945,1.5381337905017265,fundamental,0.3
B_open,open,B,sub,41,decay,30.844669778673747,30.844669778673747,-17.262296838008687,36.057503676741966,1.5381337905017265,fundamental,0.08
B_open,open,B,sub,42,attack,30.848925784066466,30.848925784066466,-26.31814910629395,28.45281920180205,1.401646961795105,fundamental,0.08
B_open,open,B,sub,42,stabilization,30.848925784066466,30.848925784066466,-27.89267025513469,25.37615567083158,1.401646961795105,fundamental,0.14
B_open,open,B,sub,42,body,30.848925784066466,30.848925784066466,-28.00653856266031,27.806790101015665,1.401646961795105,fundamental,0.4
B_open,open,B,sub,42,sustain,30.848925784066466,30.848925784066466,-28.678437994216218,22.357445120593496,1.401646961795105,fundamental,0.3
B_open,open,B,sub,42,decay,30.848925784066466,30.848925784066466,-29.955181981903223,22.605294016960713,1.401646961795105,fundamental,0.08
B_open,open,B,sub,43,attack,30.848764787747335,30.848764787747335,-20.001438478161027,36.09177711783208,1.1722510858288215,fundamental,0.08
B_open,open,B,sub,43,stabilization,30.848764787747335,30.848764787747335,-20.83818307706126,33.28910246654524,1.1722510858288215,fundamental,0.14
B_open,open,B,sub,43,body,30.848764787747335,30.848764787747335,-20.03136551913802,36.617009693218826,1.1722510858288215,fundamental,0.4
B_open,open,B,sub,43,sustain,30.848764787747335,30.848764787747335,-19.717847399860855,32.27853876786371,1.1722510858288215,fundamental,0.3
B_open,open,B,sub,43,decay,30.848764787747335,30.848764787747335,-18.961492900279204,34.91279999528636,1.1722510858288215,fundamental,0.08
B_open,open,B,sub,44,attack,30.84943462265166,30.84943462265166,-12.684691011373062,39.345414220788086,1.3371667839413923,fundamental,0.08
B_open,open,B,sub,44,stabilization,30.84943462265166,30.84943462265166,-13.19071618086059,37.10209983785326,1.3371667839413923,fundamental,0.14
B_open,open,B,sub,44,body,30.84943462265166,30.84943462265166,-12.678421660025307,40.10693550899157,1.3371667839413923,fundamental,0.4
B_open,open,B,sub,44,sustain,30.84943462265166,30.84943462265166,-12.495251885685242,35.57916224191439,1.3371667839413923,fundamental,0.3
B_open,open,B,sub,44,decay,30.84943462265166,30.84943462265166,-12.46624282979375,37.54298587574554,1.3371667839413923,fundamental,0.08
B_open,open,B,sub,45,attack,30.88340045750247,30.88340045750247,-14.27067119332542,41.07862167983889,1.1449654304866057,fundamental,0.08
B_open,open,B,sub,45,stabilization,30.88340045750247,30.88340045750247,-14.471765214727093,38.995224850127165,1.1449654304866057,fundamental,0.14
B_open,open,B,sub,45,body,30.88340045750247,30.88340045750247,-13.955722880776072,42.02335131549186,1.1449654304866057,fundamental,0.4
B_open,open,B,sub,45,sustain,30.88340045750247,30.88340045750247,-13.556005210788271,37.76358560352931,1.1449654304866057,fundamental,0.3
B_open,open,B,sub,45,decay,30.88340045750247,30.88340045750247,-13.226027662073022,40.06991392468249,1.1449654304866057,fundamental,0.08
B_open,open,B,sub,46,attack,30.877134283570467,30.877134283570467,-6.14863948873208,38.385979281850716,1.410070097642785,fundamental,0.08
B_open,open,B,sub,46,stabilization,30.877134283570467,30.877134283570467,-8.130830581444975,38.79536655990044,1.410070097642785,fundamental,0.14
B_open,open,B,sub,46,body,30.877134283570467,30.877134283570467,-6.013410957663076,41.76782175943356,1.410070097642785,fundamental,0.4
B_open,open,B,sub,46,sustain,30.877134283570467,30.877134283570467,-5.091186011727764,37.19769997199104,1.410070097642785,fundamental,0.3
B_open,open,B,sub,46,decay,30.877134283570467,30.877134283570467,-4.410091171842417,36.55457818685079,1.410070097642785,fundamental,0.08
B_open,open,B,sub,47,attack,30.86221827102785,30.86221827102785,-9.728263767676497,43.286594455051414,1.1589097793476564,fundamental,0.08
B_open,open,B,sub,47,stabilization,30.86221827102785,30.86221827102785,-9.67865205110499,41.037950875720924,1.1589097793476564,fundamental,0.14
B_open,open,B,sub,47,body,30.86221827102785,30.86221827102785,-9.597140408164847,43.58243987446419,1.1589097793476564,fundamental,0.4
B_open,open,B,sub,47,sustain,30.86221827102785,30.86221827102785,-9.482586497263114,38.882219313917176,1.1589097793476564,fundamental,0.3
B_open,open,B,sub,47,decay,30.86221827102785,30.86221827102785,-9.718549553285555,40.44880864675032,1.1589097793476564,fundamental,0.08
B_open,open,B,sub,48,attack,30.87226121401547,30.87226121401547,-13.687696389155128,41.131714706071364,1.2096786404725688,fundamental,0.08
B_open,open,B,sub,48,stabilization,30.87226121401547,30.87226121401547,-14.28452020278209,38.58530037593684,1.2096786404725688,fundamental,0.14
B_open,open,B,sub,48,body,30.87226121401547,30.87226121401547,-13.772689981046128,41.44477956902524,1.2096786404725688,fundamental,0.4
B_open,open,B,sub,48,sustain,30.87226121401547,30.87226121401547,-13.993128221478791,36.55147511009397,1.2096786404725688,fundamental,0.3
B_open,open,B,sub,48,decay,30.87226121401547,30.87226121401547,-14.14911830597567,38.50136710268337,1.2096786404725688,fundamental,0.08
B_open,open,B,sub,49,attack,30.850474720500607,30.850474720500607,-23.70836445947129,33.91527526391117,1.529212985206188,fundamental,0.08
B_open,open,B,sub,49,stabilization,30.850474720500607,30.850474720500607,-24.20737599648289,31.716612818818327,1.529212985206188,fundamental,0.14
B_open,open,B,sub,49,body,30.850474720500607,30.850474720500607,-23.22297833215745,35.26481845525764,1.529212985206188,fundamental,0.4
B_open,open,B,sub,49,sustain,30.850474720500607,30.850474720500607,-22.7709411109336,31.136070439963355,1.529212985206188,fundamental,0.3
B_open,open,B,sub,49,decay,30.850474720500607,30.850474720500607,-22.179849522645554,33.588273567226594,1.529212985206188,fundamental,0.08
B_open,open,B,sub,50,attack,30.895868543129218,30.895868543129218,-17.640981756712087,31.397296537610636,1.558188239853032,fundamental,0.08
B_open,open,B,sub,50,stabilization,30.895868543129218,30.895868543129218,-21.309640509732414,27.344477981669698,1.558188239853032,fundamental,0.14
B_open,open,B,sub,50,body,30.895868543129218,30.895868543129218,-19.55214445825763,30.756849646605268,1.558188239853032,fundamental,0.4
B_open,open,B,sub,50,sustain,30.895868543129218,30.895868543129218,-19.302291195281114,25.980885361364102,1.558188239853032,fundamental,0.3
B_open,open,B,sub,50,decay,30.895868543129218,30.895868543129218,-18.7139257048715,28.61425709616558,1.558188239853032,fundamental,0.08
B_open,open,B,sub,51,attack,30.84409115443168,30.84409115443168,-21.35235574765004,34.66564173691013,1.6783228986040053,fundamental,0.08
B_open,open,B,sub,51,stabilization,30.84409115443168,30.84409115443168,-22.202276395306143,31.511715698415003,1.6783228986040053,fundamental,0.14
B_open,open,B,sub,51,body,30.84409115443168,30.84409115443168,-21.88844863499044,34.84490640995955,1.6783228986040053,fundamental,0.4
B_open,open,B,sub,51,sustain,30.84409115443168,30.84409115443168,-22.02073063795569,30.306129124764368,1.6783228986040053,fundamental,0.3
B_open,open,B,sub,51,decay,30.84409115443168,30.84409115443168,-20.66777408812591,33.721421061705556,1.6783228986040053,fundamental,0.08
B_open,open,B,sub,52,attack,30.8568557781103,30.8568557781103,-21.51487401882584,39.01756018712797,1.850142421839621,fundamental,0.08
B_open,open,B,sub,52,stabilization,30.8568557781103,30.8568557781103,-20.851560396489766,37.32017567396732,1.850142421839621,fundamental,0.14
B_open,open,B,sub,52,body,30.8568557781103,30.8568557781103,-20.807823248549603,40.21263713368671,1.850142421839621,fundamental,0.4
B_open,open,B,sub,52,sustain,30.8568557781103,30.8568557781103,-20.61514386015551,35.900906927205966,1.850142421839621,fundamental,0.3
B_open,open,B,sub,52,decay,30.8568557781103,30.8568557781103,-20.1438971629544,38.58599991978118,1.850142421839621,fundamental,0.08
B_open,open,B,sub,53,attack,30.856970943654368,30.856970943654368,-18.599898500095883,41.08647986083702,1.5242991242820152,fundamental,0.08
B_open,open,B,sub,53,stabilization,30.856970943654368,30.856970943654368,-17.863111441555947,39.5854183880089,1.5242991242820152,fundamental,0.14
B_open,open,B,sub,53,body,30.856970943654368,30.856970943654368,-17.8497647358582,42.591971446573424,1.5242991242820152,fundamental,0.4
B_open,open,B,sub,53,sustain,30.856970943654368,30.856970943654368,-17.550373245460392,38.374627285926664,1.5242991242820152,fundamental,0.3
B_open,open,B,sub,53,decay,30.856970943654368,30.856970943654368,-17.28266163537706,40.802026945839316,1.5242991242820152,fundamental,0.08
B_open,open,B,sub,54,attack,30.87310455753177,30.87310455753177,-29.623938917936464,29.560553718296106,1.4430874840141634,fundamental,0.08
B_open,open,B,sub,54,stabilization,30.87310455753177,30.87310455753177,-27.402928435587462,29.67623544512398,1.4430874840141634,fundamental,0.14
B_open,open,B,sub,54,body,30.87310455753177,30.87310455753177,-26.789513084168743,33.223152223614946,1.4430874840141634,fundamental,0.4
B_open,open,B,sub,54,sustain,30.87310455753177,30.87310455753177,-25.444144198843222,30.2235210731262,1.4430874840141634,fundamental,0.3
B_open,open,B,sub,54,decay,30.87310455753177,30.87310455753177,-24.32156730100794,33.3214129683497,1.4430874840141634,fundamental,0.08
B_open,open,B,sub,55,attack,30.957060625840455,30.957060625840455,-26.360023114405926,30.40665740408167,1.5195561050770594,fundamental,0.08
B_open,open,B,sub,55,stabilization,30.957060625840455,30.957060625840455,-27.493205338669007,27.260009229401042,1.5195561050770594,fundamental,0.14
B_open,open,B,sub,55,body,30.957060625840455,30.957060625840455,-27.28183288394394,30.108110101055082,1.5195561050770594,fundamental,0.4
B_open,open,B,sub,55,sustain,30.957060625840455,30.957060625840455,-27.67927514089714,25.12296863578438,1.5195561050770594,fundamental,0.3
B_open,open,B,sub,55,decay,30.957060625840455,30.957060625840455,-28.145462954733908,26.935120285414328,1.5195561050770594,fundamental,0.08
B_open,open,B,sub,56,attack,30.85144919872731,30.85144919872731,-19.37492145095402,36.60838931558833,1.29994851398217,fundamental,0.08
B_open,open,B,sub,56,stabilization,30.85144919872731,30.85144919872731,-20.79911476311395,33.392634030430834,1.29994851398217,fundamental,0.14
B_open,open,B,sub,56,body,30.85144919872731,30.85144919872731,-20.546793965270965,36.133555079716835,1.29994851398217,fundamental,0.4
B_open,open,B,sub,56,sustain,30.85144919872731,30.85144919872731,-21.06066105807239,30.741040090968255,1.29994851398217,fundamental,0.3
B_open,open,B,sub,56,decay,30.85144919872731,30.85144919872731,-21.086280394001925,32.655908266624124,1.29994851398217,fundamental,0.08
B_open,open,B,sub,57,attack,30.84527122411897,30.84527122411897,-20.239804191422763,26.84942750114358,1.277628051484362,fundamental,0.08
B_open,open,B,sub,57,stabilization,30.84527122411897,30.84527122411897,-19.498188032076065,25.870522683250528,1.277628051484362,fundamental,0.14
B_open,open,B,sub,57,body,30.84527122411897,30.84527122411897,-18.516947785262893,28.676139690490857,1.277628051484362,fundamental,0.4
B_open,open,B,sub,57,sustain,30.84527122411897,30.84527122411897,-18.890834922062147,23.3188593021204,1.277628051484362,fundamental,0.3
B_open,open,B,sub,57,decay,30.84527122411897,30.84527122411897,-17.167763222720332,26.916232107813585,1.277628051484362,fundamental,0.08
B_open,open,B,sub,58,attack,30.842184624447093,30.842184624447093,-17.800567952932653,38.37491904990728,1.4355637892558264,fundamental,0.08
B_open,open,B,sub,58,stabilization,30.842184624447093,30.842184624447093,-17.900004548304906,36.12422932210121,1.4355637892558264,fundamental,0.14
B_open,open,B,sub,58,body,30.842184624447093,30.842184624447093,-17.937104471621772,38.94781706308875,1.4355637892558264,fundamental,0.4
B_open,open,B,sub,58,sustain,30.842184624447093,30.842184624447093,-18.28125862652017,34.06014180433952,1.4355637892558264,fundamental,0.3
B_open,open,B,sub,58,decay,30.842184624447093,30.842184624447093,-17.655918984778694,36.63537943231698,1.4355637892558264,fundamental,0.08
B_open,open,B,sub,59,attack,30.843367275487203,30.843367275487203,-28.849785657201927,28.588648322231542,1.6707614373365276,fundamental,0.08
B_open,open,B,sub,59,stabilization,30.843367275487203,30.843367275487203,-26.838290878048696,28.766395966219072,1.6707614373365276,fundamental,0.14
B_open,open,B,sub,59,body,30.843367275487203,30.843367275487203,-27.28094784465783,30.912565140743624,1.6707614373365276,fundamental,0.4
B_open,open,B,sub,59,sustain,30.843367275487203,30.843367275487203,-27.003298047380376,26.80655190930417,1.6707614373365276,fundamental,0.3
B_open,open,B,sub,59,decay,30.843367275487203,30.843367275487203,-26.68949784175025,29.327372340734016,1.6707614373365276,fundamental,0.08
B_open,open,B,sub,60,attack,30.883046174973874,30.883046174973874,-12.46049956522775,40.6449323825436,1.2664783115236329,fundamental,0.08
B_open,open,B,sub,60,stabilization,30.883046174973874,30.883046174973874,-12.771945088211666,38.0918854571864,1.2664783115236329,fundamental,0.14
B_open,open,B,sub,60,body,30.883046174973874,30.883046174973874,-12.97004037583315,40.93547476690971,1.2664783115236329,fundamental,0.4
B_open,open,B,sub,60,sustain,30.883046174973874,30.883046174973874,-13.420349452359927,36.01527368761657,1.2664783115236329,fundamental,0.3
B_open,open,B,sub,60,decay,30.883046174973874,30.883046174973874,-13.42595306126217,38.079035287936705,1.2664783115236329,fundamental,0.08
B_open,open,B,sub,61,attack,30.881174479629493,30.881174479629493,-8.830628653660952,39.65886191640253,1.287662902847868,fundamental,0.08
B_open,open,B,sub,61,stabilization,30.881174479629493,30.881174479629493,-10.079870002172022,36.950551441716286,1.287662902847868,fundamental,0.14
B_open,open,B,sub,61,body,30.881174479629493,30.881174479629493,-8.641493760807045,40.20176407696126,1.287662902847868,fundamental,0.4
B_open,open,B,sub,61,sustain,30.881174479629493,30.881174479629493,-8.173041278747426,35.90566400478892,1.287662902847868,fundamental,0.3
B_open,open,B,sub,61,decay,30.881174479629493,30.881174479629493,-6.980307806484873,38.335005347262914,1.287662902847868,fundamental,0.08
B_open,open,B,sub,62,attack,30.84402021697549,30.84402021697549,-14.586139778155108,37.03454355950562,1.447958094476932,fundamental,0.08
B_open,open,B,sub,62,stabilization,30.84402021697549,30.84402021697549,-13.805038648082643,35.9110736326679,1.447958094476932,fundamental,0.14
B_open,open,B,sub,62,body,30.84402021697549,30.84402021697549,-13.60679265480664,38.72493528444893,1.447958094476932,fundamental,0.4
B_open,open,B,sub,62,sustain,30.84402021697549,30.84402021697549,-13.31185576854176,34.48695285672746,1.447958094476932,fundamental,0.3
B_open,open,B,sub,62,decay,30.84402021697549,30.84402021697549,-12.413155557579016,37.41942074176265,1.447958094476932,fundamental,0.08
B_open,open,B,sub,63,attack,30.83413932660048,30.83413932660048,-17.799701146661903,36.73505084328148,1.2646431797610418,fundamental,0.08
B_open,open,B,sub,63,stabilization,30.83413932660048,30.83413932660048,-18.213198995764145,34.567836604982716,1.2646431797610418,fundamental,0.14
B_open,open,B,sub,63,body,30.83413932660048,30.83413932660048,-17.386165903228445,38.224956788869,1.2646431797610418,fundamental,0.4
B_open,open,B,sub,63,sustain,30.83413932660048,30.83413932660048,-16.884097324771894,34.306422536459785,1.2646431797610418,fundamental,0.3
B_open,open,B,sub,63,decay,30.83413932660048,30.83413932660048,-16.22527879677591,37.28680932740566,1.2646431797610418,fundamental,0.08
B_open,open,B,sub,64,attack,30.870514019344455,30.870514019344455,-22.21187863159261,32.41744854989457,1.4969284327400003,fundamental,0.08
B_open,open,B,sub,64,stabilization,30.870514019344455,30.870514019344455,-23.178404945673933,31.403811989170208,1.4969284327400003,fundamental,0.14
B_open,open,B,sub,64,body,30.870514019344455,30.870514019344455,-22.925496269763546,34.643140162812294,1.4969284327400003,fundamental,0.4
B_open,open,B,sub,64,sustain,30.870514019344455,30.870514019344455,-22.25706815252623,31.154605763442333,1.4969284327400003,fundamental,0.3
B_open,open,B,sub,64,decay,30.870514019344455,30.870514019344455,-21.013305967523785,34.69426457671011,1.4969284327400003,fundamental,0.08
B_open,open,B,sub,65,attack,30.903957886978382,30.903957886978382,-8.741637309768322,36.373649888070524,1.4103054123743313,fundamental,0.08
B_open,open,B,sub,65,stabilization,30.903957886978382,30.903957886978382,-12.180282737827469,33.64629111126431,1.4103054123743313,fundamental,0.14
B_open,open,B,sub,65,body,30.903957886978382,30.903957886978382,-11.417642127127737,36.34821758393681,1.4103054123743313,fundamental,0.4
B_open,open,B,sub,65,sustain,30.903957886978382,30.903957886978382,-12.972027088392366,30.854256523920505,1.4103054123743313,fundamental,0.3
B_open,open,B,sub,65,decay,30.903957886978382,30.903957886978382,-14.10768917729908,32.2557979263748,1.4103054123743313,fundamental,0.08
B_open,open,B,sub,66,attack,30.8086660917974,30.8086660917974,-3.9833308257353366,31.683367355265133,1.512265613077977,fundamental,0.08
B_open,open,B,sub,66,stabilization,30.8086660917974,30.8086660917974,-7.338979662735824,34.344136875832696,1.512265613077977,fundamental,0.14
B_open,open,B,sub,66,body,30.8086660917974,30.8086660917974,-9.227153325678842,37.31259780324061,1.512265613077977,fundamental,0.4
B_open,open,B,sub,66,sustain,30.8086660917974,30.8086660917974,-10.07868754682265,32.75369500724157,1.512265613077977,fundamental,0.3
B_open,open,B,sub,66,decay,30.8086660917974,30.8086660917974,-10.683214984478376,34.870938646694775,1.512265613077977,fundamental,0.08
B_open,open,B,sub,67,attack,30.813788350628457,30.813788350628457,-22.80894880983693,28.942944892658154,1.5176214687257874,fundamental,0.08
B_open,open,B,sub,67,stabilization,30.813788350628457,30.813788350628457,-22.18181373390982,27.721345166393164,1.5176214687257874,fundamental,0.14
B_open,open,B,sub,67,body,30.813788350628457,30.813788350628457,-22.511336301934836,30.88432248669222,1.5176214687257874,fundamental,0.4
B_open,open,B,sub,67,sustain,30.813788350628457,30.813788350628457,-22.356776258381004,26.78294764065059,1.5176214687257874,fundamental,0.3
B_open,open,B,sub,67,decay,30.813788350628457,30.813788350628457,-21.96886214539277,29.539224503848715,1.5176214687257874,fundamental,0.08
B_open,open,B,sub,68,attack,30.81844616018121,30.81844616018121,-9.54864729572042,37.817409183203274,1.7232142182823076,fundamental,0.08
B_open,open,B,sub,68,stabilization,30.81844616018121,30.81844616018121,-8.704404953608382,36.3016725648549,1.7232142182823076,fundamental,0.14
B_open,open,B,sub,68,body,30.81844616018121,30.81844616018121,-7.627454319264579,39.079201238274756,1.7232142182823076,fundamental,0.4
B_open,open,B,sub,68,sustain,30.81844616018121,30.81844616018121,-7.041033070390832,34.5530350756262,1.7232142182823076,fundamental,0.3
B_open,open,B,sub,68,decay,30.81844616018121,30.81844616018121,-6.416999730001507,35.932133401072974,1.7232142182823076,fundamental,0.08
B_open,open,B,sub,69,attack,30.84037013347981,30.84037013347981,-12.317919342263998,40.89556869063557,1.2475903941600195,fundamental,0.08
B_open,open,B,sub,69,stabilization,30.84037013347981,30.84037013347981,-12.938342500875422,38.65380502258787,1.2475903941600195,fundamental,0.14
B_open,open,B,sub,69,body,30.84037013347981,30.84037013347981,-12.385015309043332,41.72775225462519,1.2475903941600195,fundamental,0.4
B_open,open,B,sub,69,sustain,30.84037013347981,30.84037013347981,-12.134130032770678,37.19634961421152,1.2475903941600195,fundamental,0.3
B_open,open,B,sub,69,decay,30.84037013347981,30.84037013347981,-12.15344364068516,39.25098636680819,1.2475903941600195,fundamental,0.08
B_open,open,B,sub,70,attack,30.849512840076716,30.849512840076716,-20.65650090497539,35.804347116720315,1.4141477998842231,fundamental,0.08
B_open,open,B,sub,70,stabilization,30.849512840076716,30.849512840076716,-19.904771546269707,34.5492783087257,1.4141477998842231,fundamental,0.14
B_open,open,B,sub,70,body,30.849512840076716,30.849512840076716,-20.163583027429794,36.89831759634905,1.4141477998842231,fundamental,0.4
B_open,open,B,sub,70,sustain,30.849512840076716,30.849512840076716,-20.195899207470354,32.281045239210876,1.4141477998842231,fundamental,0.3
B_open,open,B,sub,70,decay,30.849512840076716,30.849512840076716,-20.405278152763643,34.167537209465884,1.4141477998842231,fundamental,0.08
B_open,open,B,sub,71,attack,30.824334270770095,30.824334270770095,-21.981113289383444,35.562058026334924,1.617425855206615,fundamental,0.08
B_open,open,B,sub,71,stabilization,30.824334270770095,30.824334270770095,-22.505938528941805,33.09705471620293,1.617425855206615,fundamental,0.14
B_open,open,B,sub,71,body,30.824334270770095,30.824334270770095,-22.013830731750566,36.43331624176952,1.617425855206615,fundamental,0.4
B_open,open,B,sub,71,sustain,30.824334270770095,30.824334270770095,-21.99249884252363,32.118087265317655,1.617425855206615,fundamental,0.3
B_open,open,B,sub,71,decay,30.824334270770095,30.824334270770095,-21.12556316574369,35.07329075045193,1.617425855206615,fundamental,0.08
B_open,open,B,sub,72,attack,30.83897954928084,30.83897954928084,-31.154188120696915,26.416885719973138,1.521710831283409,fundamental,0.08
B_open,open,B,sub,72,stabilization,30.83897954928084,30.83897954928084,-29.010422086710605,26.76377701629705,1.521710831283409,fundamental,0.14
B_open,open,B,sub,72,body,30.83897954928084,30.83897954928084,-28.68270368014296,29.833034775391887,1.521710831283409,fundamental,0.4
B_open,open,B,sub,72,sustain,30.83897954928084,30.83897954928084,-27.473905080028096,26.61303850378509,1.521710831283409,fundamental,0.3
B_open,open,B,sub,72,decay,30.83897954928084,30.83897954928084,-27.069449523810988,29.15082871817829,1.521710831283409,fundamental,0.08
B_open,open,B,sub,73,attack,30.854970777549664,30.854970777549664,-17.924815634598772,38.743483338546454,1.2351809309275428,fundamental,0.08
B_open,open,B,sub,73,stabilization,30.854970777549664,30.854970777549664,-18.45252406689449,36.49759401041737,1.2351809309275428,fundamental,0.14
B_open,open,B,sub,73,body,30.854970777549664,30.854970777549664,-18.070698694832707,39.66019657258393,1.2351809309275428,fundamental,0.4
B_open,open,B,sub,73,sustain,30.854970777549664,30.854970777549664,-17.927708401974932,35.477768497645286,1.2351809309275428,fundamental,0.3
B_open,open,B,sub,73,decay,30.854970777549664,30.854970777549664,-17.719965262137144,37.79404374393782,1.2351809309275428,fundamental,0.08
B_open,open,B,sub,74,attack,30.86458786052908,30.86458786052908,-22.886774832427488,35.88921562803488,1.7515007023067433,fundamental,0.08
B_open,open,B,sub,74,stabilization,30.86458786052908,30.86458786052908,-21.909597085169864,34.63043103537069,1.7515007023067433,fundamental,0.14
B_open,open,B,sub,74,body,30.86458786052908,30.86458786052908,-21.733398045598683,37.84409533735841,1.7515007023067433,fundamental,0.4
B_open,open,B,sub,74,sustain,30.86458786052908,30.86458786052908,-21.30401199832987,33.95884956832775,1.7515007023067433,fundamental,0.3
B_open,open,B,sub,74,decay,30.86458786052908,30.86458786052908,-21.260462067443235,36.25351662999212,1.7515007023067433,fundamental,0.08
B_open,open,B,sub,75,attack,30.85754602070508,30.85754602070508,-17.71751668532043,40.82251009941166,1.4552992088340746,fundamental,0.08
B_open,open,B,sub,75,stabilization,30.85754602070508,30.85754602070508,-17.847883991062794,38.94928582777097,1.4552992088340746,fundamental,0.14
B_open,open,B,sub,75,body,30.85754602070508,30.85754602070508,-17.453486233112805,42.078364634365045,1.4552992088340746,fundamental,0.4
B_open,open,B,sub,75,sustain,30.85754602070508,30.85754602070508,-17.1922799848721,37.80482515433,1.4552992088340746,fundamental,0.3
B_open,open,B,sub,75,decay,30.85754602070508,30.85754602070508,-16.72067636408167,40.329649241678446,1.4552992088340746,fundamental,0.08
B_open,open,B,sub,76,attack,30.88642937621839,30.88642937621839,-20.73785178918457,33.33619720284828,1.438570437888637,fundamental,0.08
B_open,open,B,sub,76,stabilization,30.88642937621839,30.88642937621839,-20.024993427400062,32.598774410912796,1.438570437888637,fundamental,0.14
B_open,open,B,sub,76,body,30.88642937621839,30.88642937621839,-19.661086767932105,35.29322588815681,1.438570437888637,fundamental,0.4
B_open,open,B,sub,76,sustain,30.88642937621839,30.88642937621839,-18.457560419818652,31.645721225749185,1.438570437888637,fundamental,0.3
B_open,open,B,sub,76,decay,30.88642937621839,30.88642937621839,-17.0794664064792,34.77906653991565,1.438570437888637,fundamental,0.08
B_open,open,B,sub,77,attack,30.856810919591684,30.856810919591684,-15.553080607349358,39.56866064000074,1.3338275537221655,fundamental,0.08
B_open,open,B,sub,77,stabilization,30.856810919591684,30.856810919591684,-16.632597061723942,36.992782236134275,1.3338275537221655,fundamental,0.14
B_open,open,B,sub,77,body,30.856810919591684,30.856810919591684,-15.70426665910542,40.146610697225555,1.3338275537221655,fundamental,0.4
B_open,open,B,sub,77,sustain,30.856810919591684,30.856810919591684,-15.405760948546252,35.55239225923417,1.3338275537221655,fundamental,0.3
B_open,open,B,sub,77,decay,30.856810919591684,30.856810919591684,-15.041527062275655,37.639152765614796,1.3338275537221655,fundamental,0.08
B_open,open,B,sub,78,attack,30.831425123692913,30.831425123692913,-12.12601663205077,38.71494585527563,1.1646784412158866,fundamental,0.08
B_open,open,B,sub,78,stabilization,30.831425123692913,30.831425123692913,-12.51261379933117,35.9239040546197,1.1646784412158866,fundamental,0.14
B_open,open,B,sub,78,body,30.831425123692913,30.831425123692913,-12.532307434558788,38.88126104799655,1.1646784412158866,fundamental,0.4
B_open,open,B,sub,78,sustain,30.831425123692913,30.831425123692913,-12.7217133535787,34.04075086644501,1.1646784412158866,fundamental,0.3
B_open,open,B,sub,78,decay,30.831425123692913,30.831425123692913,-12.878120785462336,35.8338034817275,1.1646784412158866,fundamental,0.08
B_open,open,B,sub,79,attack,30.774160322827594,30.774160322827594,-6.912974858002087,29.53237811659796,1.2299938152729124,fundamental,0.08
B_open,open,B,sub,79,stabilization,30.774160322827594,30.774160322827594,-6.261629543552076,29.689550467438337,1.2299938152729124,fundamental,0.14
B_open,open,B,sub,79,body,30.774160322827594,30.774160322827594,-4.606311337273851,31.772421868843225,1.2299938152729124,fundamental,0.4
B_open,open,B,sub,79,sustain,30.774160322827594,30.774160322827594,-3.996302333643939,26.84456125683208,1.2299938152729124,fundamental,0.3
B_open,open,B,sub,79,decay,30.774160322827594,30.774160322827594,1.7758582152114857,23.13782099056573,1.2299938152729124,fundamental,0.08
B_open,open,B,sub,80,attack,30.80372062924775,30.80372062924775,-25.58519144945906,28.35982476460842,1.7159507726999712,fundamental,0.08
B_open,open,B,sub,80,stabilization,30.80372062924775,30.80372062924775,-28.343150092539176,23.355957681022986,1.7159507726999712,fundamental,0.14
B_open,open,B,sub,80,body,30.80372062924775,30.80372062924775,-25.626945653048843,29.077870446583574,1.7159507726999712,fundamental,0.4
B_open,open,B,sub,80,sustain,30.80372062924775,30.80372062924775,-25.79779605435652,24.448635901840987,1.7159507726999712,fundamental,0.3
B_open,open,B,sub,80,decay,30.80372062924775,30.80372062924775,-25.10520864744005,27.174898355019096,1.7159507726999712,fundamental,0.08
B_open,open,B,sub,81,attack,30.823218378289198,30.823218378289198,-17.444843240807835,37.81455602718746,1.317367903730564,fundamental,0.08
B_open,open,B,sub,81,stabilization,30.823218378289198,30.823218378289198,-18.56811691619744,35.03670718383733,1.317367903730564,fundamental,0.14
B_open,open,B,sub,81,body,30.823218378289198,30.823218378289198,-18.045151302852997,38.22898652828697,1.317367903730564,fundamental,0.4
B_open,open,B,sub,81,sustain,30.823218378289198,30.823218378289198,-18.47978519443197,33.35431363743673,1.317367903730564,fundamental,0.3
B_open,open,B,sub,81,decay,30.823218378289198,30.823218378289198,-19.30310173723339,34.5338219367012,1.317367903730564,fundamental,0.08
B_open,open,B,sub,82,attack,30.866183768091116,30.866183768091116,-19.02838400087361,39.79987739922208,1.7232829572315251,fundamental,0.08
B_open,open,B,sub,82,stabilization,30.866183768091116,30.866183768091116,-19.81344962491047,36.85146698520415,1.7232829572315251,fundamental,0.14
B_open,open,B,sub,82,body,30.866183768091116,30.866183768091116,-19.8969601890824,39.734748729993356,1.7232829572315251,fundamental,0.4
B_open,open,B,sub,82,sustain,30.866183768091116,30.866183768091116,-20.35768081597162,34.905718363296714,1.7232829572315251,fundamental,0.3
B_open,open,B,sub,82,decay,30.866183768091116,30.866183768091116,-20.507381563020992,36.895096519686824,1.7232829572315251,fundamental,0.08
B_open,open,B,sub,83,attack,30.864501723491948,30.864501723491948,-22.052652456438288,31.154950984369577,1.193935175693807,fundamental,0.08
B_open,open,B,sub,83,stabilization,30.864501723491948,30.864501723491948,-23.963424708457467,27.762235897953637,1.193935175693807,fundamental,0.14
B_open,open,B,sub,83,body,30.864501723491948,30.864501723491948,-23.95128574781147,30.47496416300605,1.193935175693807,fundamental,0.4
B_open,open,B,sub,83,sustain,30.864501723491948,30.864501723491948,-24.54657758682797,25.37447992304677,1.193935175693807,fundamental,0.3
B_open,open,B,sub,83,decay,30.864501723491948,30.864501723491948,-25.662240430392828,26.327505091802777,1.193935175693807,fundamental,0.08
B_open,open,B,sub,84,attack,30.85017353427661,30.85017353427661,-14.853493220927056,35.178096760434386,1.462343130740597,fundamental,0.08
B_open,open,B,sub,84,stabilization,30.85017353427661,30.85017353427661,-15.660545650720096,31.853060617886072,1.462343130740597,fundamental,0.14
B_open,open,B,sub,84,body,30.85017353427661,30.85017353427661,-14.17876676310346,35.742879928095064,1.462343130740597,fundamental,0.4
B_open,open,B,sub,84,sustain,30.85017353427661,30.85017353427661,-14.09620040823564,31.288671286645496,1.462343130740597,fundamental,0.3
B_open,open,B,sub,84,decay,30.85017353427661,30.85017353427661,-12.940140633983326,33.91754021081091,1.462343130740597,fundamental,0.08
B_open,open,B,sub,85,attack,30.88049709577795,30.88049709577795,-6.504378987661397,38.46343403468542,1.3126424428016632,fundamental,0.08
B_open,open,B,sub,85,stabilization,30.88049709577795,30.88049709577795,-6.251974806973301,37.99920839887731,1.3126424428016632,fundamental,0.14
B_open,open,B,sub,85,body,30.88049709577795,30.88049709577795,-5.85047991160387,41.24494281213241,1.3126424428016632,fundamental,0.4
B_open,open,B,sub,85,sustain,30.88049709577795,30.88049709577795,-5.340089764559885,36.7719982118399,1.3126424428016632,fundamental,0.3
B_open,open,B,sub,85,decay,30.88049709577795,30.88049709577795,-4.808067458473168,36.72062364920429,1.3126424428016632,fundamental,0.08
B_open,open,B,sub,86,attack,30.859438692798616,30.859438692798616,-12.020192546112485,42.006711588925015,1.347547876120092,fundamental,0.08
B_open,open,B,sub,86,stabilization,30.859438692798616,30.859438692798616,-12.77504054043044,39.433549009920576,1.347547876120092,fundamental,0.14
B_open,open,B,sub,86,body,30.859438692798616,30.859438692798616,-12.17328276814387,42.49102157555397,1.347547876120092,fundamental,0.4
B_open,open,B,sub,86,sustain,30.859438692798616,30.859438692798616,-12.314027689544162,37.781516426480025,1.347547876120092,fundamental,0.3
B_open,open,B,sub,86,decay,30.859438692798616,30.859438692798616,-12.58176532356427,39.747291490608,1.347547876120092,fundamental,0.08
B_open,open,B,sub,87,attack,30.876338379164885,30.876338379164885,-10.904363609950488,42.65497712411508,1.351891684718174,fundamental,0.08
B_open,open,B,sub,87,stabilization,30.876338379164885,30.876338379164885,-9.524422329352204,40.36587377259642,1.351891684718174,fundamental,0.14
B_open,open,B,sub,87,body,30.876338379164885,30.876338379164885,-10.493119523381758,43.06382195881593,1.351891684718174,fundamental,0.4
B_open,open,B,sub,87,sustain,30.876338379164885,30.876338379164885,-10.830680225847736,38.43140997781564,1.351891684718174,fundamental,0.3
B_open,open,B,sub,87,decay,30.876338379164885,30.876338379164885,-11.00370708728633,40.58842940964323,1.351891684718174,fundamental,0.08
B_open,open,B,sub,88,attack,30.895843054392927,30.895843054392927,-11.15531374566919,42.88436596925574,1.2069472715233032,fundamental,0.08
B_open,open,B,sub,88,stabilization,30.895843054392927,30.895843054392927,-11.85398690512462,40.44831417450486,1.2069472715233032,fundamental,0.14
B_open,open,B,sub,88,body,30.895843054392927,30.895843054392927,-11.443996778350296,43.415816820370296,1.2069472715233032,fundamental,0.4
B_open,open,B,sub,88,sustain,30.895843054392927,30.895843054392927,-11.482491855952794,38.81106275430246,1.2069472715233032,fundamental,0.3
B_open,open,B,sub,88,decay,30.895843054392927,30.895843054392927,-11.562124898039947,40.95918210664541,1.2069472715233032,fundamental,0.08
B_open,open,B,sub,89,attack,30.877785156076442,30.877785156076442,-17.80879637136168,37.05325244232794,1.422686823120637,fundamental,0.08
B_open,open,B,sub,89,stabilization,30.877785156076442,30.877785156076442,-32.49588905955008,20.114695334253028,1.422686823120637,fundamental,0.14
B_open,open,B,sub,89,body,30.877785156076442,30.877785156076442,-28.334905593550523,26.358423078907663,1.422686823120637,fundamental,0.4
B_open,open,B,sub,89,sustain,30.877785156076442,30.877785156076442,-27.15729439185317,22.86378369503919,1.422686823120637,fundamental,0.3
B_open,open,B,sub,89,decay,30.877785156076442,30.877785156076442,-26.450745575122625,25.509739345903355,1.422686823120637,fundamental,0.08
B_open,open,B,sub,90,attack,30.84077147017436,30.84077147017436,-20.75881827058931,32.814686977776766,1.495380431698497,fundamental,0.08
B_open,open,B,sub,90,stabilization,30.84077147017436,30.84077147017436,-21.50549340428922,30.382869404080786,1.495380431698497,fundamental,0.14
B_open,open,B,sub,90,body,30.84077147017436,30.84077147017436,-21.344801533446173,33.59546939371283,1.495380431698497,fundamental,0.4
B_open,open,B,sub,90,sustain,30.84077147017436,30.84077147017436,-21.77842378791949,28.71505525525052,1.495380431698497,fundamental,0.3
B_open,open,B,sub,90,decay,30.84077147017436,30.84077147017436,-21.890181552731317,30.833313282952275,1.495380431698497,fundamental,0.08
B_open,open,B,sub,91,attack,30.847512428833895,30.847512428833895,-17.438894235878237,39.036837417789044,1.037400140673328,fundamental,0.08
B_open,open,B,sub,91,stabilization,30.847512428833895,30.847512428833895,-18.341185500399384,36.53850733351998,1.037400140673328,fundamental,0.14
B_open,open,B,sub,91,body,30.847512428833895,30.847512428833895,-17.531099946718875,40.00400120903407,1.037400140673328,fundamental,0.4
B_open,open,B,sub,91,sustain,30.847512428833895,30.847512428833895,-17.45320835505614,35.57698849347594,1.037400140673328,fundamental,0.3
B_open,open,B,sub,91,decay,30.847512428833895,30.847512428833895,-19.049223687420067,36.04632019948601,1.037400140673328,fundamental,0.08
B_open,open,B,sub,92,attack,30.834313444516027,30.834313444516027,-22.060450223910344,35.594014282432404,1.4529137653247233,fundamental,0.08
B_open,open,B,sub,92,stabilization,30.834313444516027,30.834313444516027,-21.799225201677807,34.119277474445454,1.4529137653247233,fundamental,0.14
B_open,open,B,sub,92,body,30.834313444516027,30.834313444516027,-22.00900479074192,36.61185701466623,1.4529137653247233,fundamental,0.4
B_open,open,B,sub,92,sustain,30.834313444516027,30.834313444516027,-22.273843436135564,31.865620122756198,1.4529137653247233,fundamental,0.3
B_open,open,B,sub,92,decay,30.834313444516027,30.834313444516027,-22.07870865761896,34.08539256822061,1.4529137653247233,fundamental,0.08
B_open,open,B,sub,93,attack,30.83668946390822,30.83668946390822,-14.26583654487063,38.30727705715556,1.6141158643860567,fundamental,0.08
B_open,open,B,sub,93,stabilization,30.83668946390822,30.83668946390822,-17.82553180635658,36.275982576798675,1.6141158643860567,fundamental,0.14
B_open,open,B,sub,93,body,30.83668946390822,30.83668946390822,-17.993419503919256,39.32509008657229,1.6141158643860567,fundamental,0.4
B_open,open,B,sub,93,sustain,30.83668946390822,30.83668946390822,-17.95429483490466,34.93069062499817,1.6141158643860567,fundamental,0.3
B_open,open,B,sub,93,decay,30.83668946390822,30.83668946390822,-16.321674968331735,38.83734455436005,1.6141158643860567,fundamental,0.08
B_open,open,B,sub,94,attack,30.821988469064316,30.821988469064316,-9.07783226784619,37.99657066445085,1.800884191457136,fundamental,0.08
B_open,open,B,sub,94,stabilization,30.821988469064316,30.821988469064316,-14.3683671956493,36.573090852223515,1.800884191457136,fundamental,0.14
B_open,open,B,sub,94,body,30.821988469064316,30.821988469064316,-13.521902616898508,39.6640752792311,1.800884191457136,fundamental,0.4
B_open,open,B,sub,94,sustain,30.821988469064316,30.821988469064316,-13.411485151376958,35.60455283539231,1.800884191457136,fundamental,0.3
B_open,open,B,sub,94,decay,30.821988469064316,30.821988469064316,-13.181140894320322,38.12075928228053,1.800884191457136,fundamental,0.08
B_open,open,B,sub,95,attack,30.546602278372916,30.546602278372916,-25.095171974581447,13.674725165255168,1.3329422458750149,fundamental,0.08
B_open,open,B,sub,95,stabilization,30.546602278372916,30.546602278372916,-11.969815044346872,15.416012625368538,1.3329422458750149,fundamental,0.14
B_open,open,B,sub,95,body,30.546602278372916,30.546602278372916,-13.242387733194532,20.61005690545788,1.3329422458750149,fundamental,0.4
B_open,open,B,sub,95,sustain,30.546602278372916,30.546602278372916,-9.252792494636635,20.178040600555207,1.3329422458750149,fundamental,0.3
B_open,open,B,sub,95,decay,30.546602278372916,30.546602278372916,-10.736660481266618,23.662194257979422,1.3329422458750149,fundamental,0.08
B_open,open,B,sub,96,attack,30.835151589852693,30.835151589852693,-16.167581904779716,37.11612583858664,1.5185090762635696,fundamental,0.08
B_open,open,B,sub,96,stabilization,30.835151589852693,30.835151589852693,-17.85534402481325,34.32518379073072,1.5185090762635696,fundamental,0.14
B_open,open,B,sub,96,body,30.835151589852693,30.835151589852693,-17.415432046775173,37.22080097036491,1.5185090762635696,fundamental,0.4
B_open,open,B,sub,96,sustain,30.835151589852693,30.835151589852693,-17.65483184260502,32.335974405938686,1.5185090762635696,fundamental,0.3
B_open,open,B,sub,96,decay,30.835151589852693,30.835151589852693,-17.66942310800153,34.53963498738925,1.5185090762635696,fundamental,0.08
C_12,fret12,C,mid,0,attack,261.6108969293926,261.6108969293926,-11.082859236803364,61.556315471162826,1.6219836344806016,fundamental,0.08
C_12,fret12,C,mid,0,stabilization,261.6108969293926,261.6108969293926,-9.7308298205086,61.940549914970994,1.6219836344806016,fundamental,0.14
C_12,fret12,C,mid,0,body,261.6108969293926,261.6108969293926,-7.538798638865813,61.08145780357423,1.6219836344806016,fundamental,0.4
C_12,fret12,C,mid,0,sustain,261.6108969293926,261.6108969293926,-3.73625264548717,59.04161849000467,1.6219836344806016,fundamental,0.3
C_12,fret12,C,mid,0,decay,261.6108969293926,261.6108969293926,-3.984615302178618,59.507430914415,1.6219836344806016,fundamental,0.08
C_12,fret12,C,mid,1,attack,261.6098753346927,261.6098753346927,-13.447492482836983,58.22029178604397,1.7169577380895549,fundamental,0.08
C_12,fret12,C,mid,1,stabilization,261.6098753346927,261.6098753346927,-11.815208855430429,58.96706554617827,1.7169577380895549,fundamental,0.14
C_12,fret12,C,mid,1,body,261.6098753346927,261.6098753346927,-9.311702898355117,58.45295117168352,1.7169577380895549,fundamental,0.4
C_12,fret12,C,mid,1,sustain,261.6098753346927,261.6098753346927,-6.737377839355048,56.79646969425263,1.7169577380895549,fundamental,0.3
C_12,fret12,C,mid,1,decay,261.6098753346927,261.6098753346927,-5.772245819301531,57.46246020358755,1.7169577380895549,fundamental,0.08
C_12,fret12,C,mid,2,attack,261.5510247576327,261.5510247576327,-12.794405474510205,59.8870535263689,1.7214770649841578,fundamental,0.08
C_12,fret12,C,mid,2,stabilization,261.5510247576327,261.5510247576327,-11.687421458260827,60.4575456659458,1.7214770649841578,fundamental,0.14
C_12,fret12,C,mid,2,body,261.5510247576327,261.5510247576327,-9.604267260614357,59.624504224261635,1.7214770649841578,fundamental,0.4
C_12,fret12,C,mid,2,sustain,261.5510247576327,261.5510247576327,-6.522127739442304,57.59815548306497,1.7214770649841578,fundamental,0.3
C_12,fret12,C,mid,2,decay,261.5510247576327,261.5510247576327,-5.399956430103046,58.96395539538065,1.7214770649841578,fundamental,0.08
C_12,fret12,C,mid,3,attack,261.540905290342,261.540905290342,-12.916215226892916,57.91763095162921,1.6090730887774294,fundamental,0.08
C_12,fret12,C,mid,3,stabilization,261.540905290342,261.540905290342,-11.36836879611316,58.65496904452168,1.6090730887774294,fundamental,0.14
C_12,fret12,C,mid,3,body,261.540905290342,261.540905290342,-9.055508046562252,58.15159572956114,1.6090730887774294,fundamental,0.4
C_12,fret12,C,mid,3,sustain,261.540905290342,261.540905290342,-5.664729911762564,56.46599972231529,1.6090730887774294,fundamental,0.3
C_12,fret12,C,mid,3,decay,261.540905290342,261.540905290342,-4.089619005848455,57.937309661909424,1.6090730887774294,fundamental,0.08
C_12,fret12,C,mid,4,attack,261.4872374159724,261.4872374159724,-12.633901297543831,59.914757119182966,1.7386825478334205,fundamental,0.08
C_12,fret12,C,mid,4,stabilization,261.4872374159724,261.4872374159724,-11.291999613910566,60.880789411082006,1.7386825478334205,fundamental,0.14
C_12,fret12,C,mid,4,body,261.4872374159724,261.4872374159724,-8.896438875793017,59.99756651930696,1.7386825478334205,fundamental,0.4
C_12,fret12,C,mid,4,sustain,261.4872374159724,261.4872374159724,-4.407719379179007,57.85767851804823,1.7386825478334205,fundamental,0.3
C_12,fret12,C,mid,4,decay,261.4872374159724,261.4872374159724,-3.259678656129104,58.90869903084638,1.7386825478334205,fundamental,0.08
C_12,fret12,C,mid,5,attack,261.4581664875473,261.4581664875473,-10.751181100680505,58.41334089520111,1.585983140557154,fundamental,0.08
C_12,fret12,C,mid,5,stabilization,261.4581664875473,261.4581664875473,-9.895073997326216,59.06440851497641,1.585983140557154,fundamental,0.14
C_12,fret12,C,mid,5,body,261.4581664875473,261.4581664875473,-7.876937654092813,58.127056090895486,1.585983140557154,fundamental,0.4
C_12,fret12,C,mid,5,sustain,261.4581664875473,261.4581664875473,-2.721192797882537,55.971518662866394,1.585983140557154,fundamental,0.3
C_12,fret12,C,mid,5,decay,261.4581664875473,261.4581664875473,0.2057391550989749,57.09757656846396,1.585983140557154,fundamental,0.08
C_12,fret12,C,mid,6,attack,261.44587689334384,261.44587689334384,-12.528532760765597,59.64693979284117,1.8027618730062436,fundamental,0.08
C_12,fret12,C,mid,6,stabilization,261.44587689334384,261.44587689334384,-11.206595082782911,60.667917103432025,1.8027618730062436,fundamental,0.14
C_12,fret12,C,mid,6,body,261.44587689334384,261.44587689334384,-8.872647795108122,59.85157854949783,1.8027618730062436,fundamental,0.4
C_12,fret12,C,mid,6,sustain,261.44587689334384,261.44587689334384,-3.577289642065708,57.81053040838236,1.8027618730062436,fundamental,0.3
C_12,fret12,C,mid,6,decay,261.44587689334384,261.44587689334384,-1.6078207442105068,59.10300593131285,1.8027618730062436,fundamental,0.08
C_12,fret12,C,mid,7,attack,261.4468434995519,261.4468434995519,-12.124326014739538,57.4106156549793,1.732547244228553,fundamental,0.08
C_12,fret12,C,mid,7,stabilization,261.4468434995519,261.4468434995519,-10.711038552290198,58.515573841109195,1.732547244228553,fundamental,0.14
C_12,fret12,C,mid,7,body,261.4468434995519,261.4468434995519,-8.143742524026038,57.91937436455545,1.732547244228553,fundamental,0.4
C_12,fret12,C,mid,7,sustain,261.4468434995519,261.4468434995519,-2.007573241824332,56.07950990504496,1.732547244228553,fundamental,0.3
C_12,fret12,C,mid,7,decay,261.4468434995519,261.4468434995519,1.518247765796488,57.50589026448732,1.732547244228553,fundamental,0.08
C_12,fret12,C,mid,8,attack,261.4571840685294,261.4571840685294,-12.076547951020236,60.042495308268286,1.7980088183910845,fundamental,0.08
C_12,fret12,C,mid,8,stabilization,261.4571840685294,261.4571840685294,-10.840897755082672,60.984957752323666,1.7980088183910845,fundamental,0.14
C_12,fret12,C,mid,8,body,261.4571840685294,261.4571840685294,-8.602871509633864,60.22440304428308,1.7980088183910845,fundamental,0.4
C_12,fret12,C,mid,8,sustain,261.4571840685294,261.4571840685294,-3.392946355154052,58.33336487816258,1.7980088183910845,fundamental,0.3
C_12,fret12,C,mid,8,decay,261.4571840685294,261.4571840685294,0.979238578927422,59.08300325738828,1.7980088183910845,fundamental,0.08
C_12,fret12,C,mid,9,attack,261.4812084694393,261.4812084694393,-14.199611523661911,57.54507416725152,1.893823369367608,fundamental,0.08
C_12,fret12,C,mid,9,stabilization,261.4812084694393,261.4812084694393,-12.905230404668416,58.51049399187808,1.893823369367608,fundamental,0.14
C_12,fret12,C,mid,9,body,261.4812084694393,261.4812084694393,-10.478669668946218,57.78054674228284,1.893823369367608,fundamental,0.4
C_12,fret12,C,mid,9,sustain,261.4812084694393,261.4812084694393,-5.063067202872055,55.86958445954277,1.893823369367608,fundamental,0.3
C_12,fret12,C,mid,9,decay,261.4812084694393,261.4812084694393,-3.405165736422461,56.55394087777838,1.893823369367608,fundamental,0.08
C_12,fret12,C,mid,10,attack,261.49627683561664,261.49627683561664,-14.268370007579795,59.8260926001571,1.90956728975338,fundamental,0.08
C_12,fret12,C,mid,10,stabilization,261.49627683561664,261.49627683561664,-12.779298337109363,61.00468893586382,1.90956728975338,fundamental,0.14
C_12,fret12,C,mid,10,body,261.49627683561664,261.49627683561664,-10.088875844908806,60.49618834271745,1.90956728975338,fundamental,0.4
C_12,fret12,C,mid,10,sustain,261.49627683561664,261.49627683561664,-4.938396942992981,58.81511066938031,1.90956728975338,fundamental,0.3
C_12,fret12,C,mid,10,decay,261.49627683561664,261.49627683561664,-2.990962943433928,60.32309162425336,1.90956728975338,fundamental,0.08
C_12,fret12,C,mid,11,attack,261.49017332755267,261.49017332755267,-12.550895462315156,57.50950028441864,1.6377978548786591,fundamental,0.08
C_12,fret12,C,mid,11,stabilization,261.49017332755267,261.49017332755267,-11.363179593559316,58.31443105654068,1.6377978548786591,fundamental,0.14
C_12,fret12,C,mid,11,body,261.49017332755267,261.49017332755267,-9.017431980344329,57.62907313821902,1.6377978548786591,fundamental,0.4
C_12,fret12,C,mid,11,sustain,261.49017332755267,261.49017332755267,-4.660368967918394,55.846188937712746,1.6377978548786591,fundamental,0.3
C_12,fret12,C,mid,11,decay,261.49017332755267,261.49017332755267,-2.257282147419509,57.333002919645764,1.6377978548786591,fundamental,0.08
C_12,fret12,C,mid,12,attack,261.54268442494356,261.54268442494356,-13.40551722524383,59.81728982695921,1.8883608824309928,fundamental,0.08
C_12,fret12,C,mid,12,stabilization,261.54268442494356,261.54268442494356,-11.86694827924941,60.691730267774524,1.8883608824309928,fundamental,0.14
C_12,fret12,C,mid,12,body,261.54268442494356,261.54268442494356,-9.105190970927069,60.23055721522378,1.8883608824309928,fundamental,0.4
C_12,fret12,C,mid,12,sustain,261.54268442494356,261.54268442494356,-5.234363346217997,58.62126261959857,1.8883608824309928,fundamental,0.3
C_12,fret12,C,mid,12,decay,261.54268442494356,261.54268442494356,-6.817069503383117,57.260320550663224,1.8883608824309928,fundamental,0.08
C_12,fret12,C,mid,13,attack,261.50954225646797,261.50954225646797,-13.130371611573736,57.19775483933402,1.808319779833132,fundamental,0.08
C_12,fret12,C,mid,13,stabilization,261.50954225646797,261.50954225646797,-11.37151240588473,58.05918949639557,1.808319779833132,fundamental,0.14
C_12,fret12,C,mid,13,body,261.50954225646797,261.50954225646797,-8.936890170448564,57.49557256844646,1.808319779833132,fundamental,0.4
C_12,fret12,C,mid,13,sustain,261.50954225646797,261.50954225646797,-5.679696373053915,55.84718242792695,1.808319779833132,fundamental,0.3
C_12,fret12,C,mid,13,decay,261.50954225646797,261.50954225646797,-4.213391263302569,57.38482594552607,1.808319779833132,fundamental,0.08
C_12,fret12,C,mid,14,attack,261.444980515498,261.444980515498,-12.774062200094836,60.72509651265258,1.816560028217404,fundamental,0.08
C_12,fret12,C,mid,14,stabilization,261.444980515498,261.444980515498,-11.844374491599986,61.57835750772703,1.816560028217404,fundamental,0.14
C_12,fret12,C,mid,14,body,261.444980515498,261.444980515498,-9.579214210949402,61.05317070698434,1.816560028217404,fundamental,0.4
C_12,fret12,C,mid,14,sustain,261.444980515498,261.444980515498,-6.130865599648686,59.34632932825746,1.816560028217404,fundamental,0.3
C_12,fret12,C,mid,14,decay,261.444980515498,261.444980515498,-4.72957399247273,60.45146604425323,1.816560028217404,fundamental,0.08
C_12,fret12,C,mid,15,attack,261.5614204842474,261.5614204842474,-14.622532794168336,57.79553647842999,1.9506601506835928,fundamental,0.08
C_12,fret12,C,mid,15,stabilization,261.5614204842474,261.5614204842474,-12.592297114022642,59.01495689719707,1.9506601506835928,fundamental,0.14
C_12,fret12,C,mid,15,body,261.5614204842474,261.5614204842474,-9.82541188533365,58.806889657659454,1.9506601506835928,fundamental,0.4
C_12,fret12,C,mid,15,sustain,261.5614204842474,261.5614204842474,-7.127687083835511,57.47437909264351,1.9506601506835928,fundamental,0.3
C_12,fret12,C,mid,15,decay,261.5614204842474,261.5614204842474,-5.277919841866101,59.133944097623406,1.9506601506835928,fundamental,0.08
C_12,fret12,C,mid,16,attack,261.5044804759924,261.5044804759924,-13.687301723191474,59.65327568887212,1.8720826590545387,fundamental,0.08
C_12,fret12,C,mid,16,stabilization,261.5044804759924,261.5044804759924,-11.708912250876764,60.75623664391474,1.8720826590545387,fundamental,0.14
C_12,fret12,C,mid,16,body,261.5044804759924,261.5044804759924,-9.120123133745755,60.28081883323338,1.8720826590545387,fundamental,0.4
C_12,fret12,C,mid,16,sustain,261.5044804759924,261.5044804759924,-6.182891944833244,58.77632685072514,1.8720826590545387,fundamental,0.3
C_12,fret12,C,mid,16,decay,261.5044804759924,261.5044804759924,-5.320271784736491,59.43477774959385,1.8720826590545387,fundamental,0.08
C_12,fret12,C,mid,17,attack,261.4763148160166,261.4763148160166,-13.881456797754945,58.73584369959537,1.6832839744625174,fundamental,0.08
C_12,fret12,C,mid,17,stabilization,261.4763148160166,261.4763148160166,-12.642517632284854,59.50590444225145,1.6832839744625174,fundamental,0.14
C_12,fret12,C,mid,17,body,261.4763148160166,261.4763148160166,-10.45644945193652,58.774226500466,1.6832839744625174,fundamental,0.4
C_12,fret12,C,mid,17,sustain,261.4763148160166,261.4763148160166,-7.336534026796762,56.937295047948695,1.6832839744625174,fundamental,0.3
C_12,fret12,C,mid,17,decay,261.4763148160166,261.4763148160166,-5.367002687582108,58.428901553004806,1.6832839744625174,fundamental,0.08
C_12,fret12,C,mid,18,attack,261.41391173207785,261.41391173207785,-9.784214408858189,60.01947998156824,1.6705224793579612,fundamental,0.08
C_12,fret12,C,mid,18,stabilization,261.41391173207785,261.41391173207785,-8.57202331963773,61.18129823103786,1.6705224793579612,fundamental,0.14
C_12,fret12,C,mid,18,body,261.41391173207785,261.41391173207785,-6.292439790786446,60.87140163988205,1.6705224793579612,fundamental,0.4
C_12,fret12,C,mid,18,sustain,261.41391173207785,261.41391173207785,-0.5467222933298217,59.49509742267361,1.6705224793579612,fundamental,0.3
C_12,fret12,C,mid,18,decay,261.41391173207785,261.41391173207785,0.7919432959390846,58.09638186559435,1.6705224793579612,fundamental,0.08
C_12,fret12,C,mid,19,attack,261.50290745010386,261.50290745010386,-13.318488683164423,55.8644285712245,1.850029972291449,fundamental,0.08
C_12,fret12,C,mid,19,stabilization,261.50290745010386,261.50290745010386,-11.605891121874777,57.2685181480965,1.850029972291449,fundamental,0.14
C_12,fret12,C,mid,19,body,261.50290745010386,261.50290745010386,-8.469746338588998,57.30018619954633,1.850029972291449,fundamental,0.4
C_12,fret12,C,mid,19,sustain,261.50290745010386,261.50290745010386,-2.600615326404295,56.33684629312771,1.850029972291449,fundamental,0.3
C_12,fret12,C,mid,19,decay,261.50290745010386,261.50290745010386,0.5765884393137313,58.235608617664724,1.850029972291449,fundamental,0.08
C_12,fret12,C,mid,20,attack,261.44592921893104,261.44592921893104,-11.55153875234148,60.92356378624904,1.810366790143968,fundamental,0.08
C_12,fret12,C,mid,20,stabilization,261.44592921893104,261.44592921893104,-9.986920639695043,61.8885360661877,1.810366790143968,fundamental,0.14
C_12,fret12,C,mid,20,body,261.44592921893104,261.44592921893104,-7.270563036973954,61.460944111622744,1.810366790143968,fundamental,0.4
C_12,fret12,C,mid,20,sustain,261.44592921893104,261.44592921893104,-0.7736420436951477,59.85405341841159,1.810366790143968,fundamental,0.3
C_12,fret12,C,mid,20,decay,261.44592921893104,261.44592921893104,3.8676917109451807,61.084254419331565,1.810366790143968,fundamental,0.08
C_12,fret12,C,mid,21,attack,261.4176241563596,261.4176241563596,-11.18269949756404,58.771762372881014,1.7194019651851518,fundamental,0.08
C_12,fret12,C,mid,21,stabilization,261.4176241563596,261.4176241563596,-9.752255330072188,59.774039686257865,1.7194019651851518,fundamental,0.14
C_12,fret12,C,mid,21,body,261.4176241563596,261.4176241563596,-7.201080201580759,59.45197805299611,1.7194019651851518,fundamental,0.4
C_12,fret12,C,mid,21,sustain,261.4176241563596,261.4176241563596,-0.5241227614725332,57.99973301747305,1.7194019651851518,fundamental,0.3
C_12,fret12,C,mid,21,decay,261.4176241563596,261.4176241563596,5.550590964940916,58.815575839424746,1.7194019651851518,fundamental,0.08
C_12,fret12,C,mid,22,attack,261.4806500837576,261.4806500837576,-11.60247552807746,59.93432638162512,1.839218252427206,fundamental,0.08
C_12,fret12,C,mid,22,stabilization,261.4806500837576,261.4806500837576,-10.076701874353724,60.81728034795287,1.839218252427206,fundamental,0.14
C_12,fret12,C,mid,22,body,261.4806500837576,261.4806500837576,-7.166273157728064,60.44075801032248,1.839218252427206,fundamental,0.4
C_12,fret12,C,mid,22,sustain,261.4806500837576,261.4806500837576,-0.1224229504597218,59.00568356240757,1.839218252427206,fundamental,0.3
C_12,fret12,C,mid,22,decay,261.4806500837576,261.4806500837576,2.05162476820675,60.052174193843115,1.839218252427206,fundamental,0.08
C_12,fret12,C,mid,23,attack,261.49792731075115,261.49792731075115,-10.780534729161722,59.89557306066899,1.6208448734360743,fundamental,0.08
C_12,fret12,C,mid,23,stabilization,261.49792731075115,261.49792731075115,-9.505674298914307,60.61261150802477,1.6208448734360743,fundamental,0.14
C_12,fret12,C,mid,23,body,261.49792731075115,261.49792731075115,-7.003997645334529,60.102486584157326,1.6208448734360743,fundamental,0.4
C_12,fret12,C,mid,23,sustain,261.49792731075115,261.49792731075115,-0.8653734368362862,58.53231216993548,1.6208448734360743,fundamental,0.3
C_12,fret12,C,mid,23,decay,261.49792731075115,261.49792731075115,4.115220941388039,59.91996462112513,1.6208448734360743,fundamental,0.08
C_12,fret12,C,mid,24,attack,261.50407924407824,261.50407924407824,-12.414250453346028,59.73496006337564,1.8620914776010464,fundamental,0.08
C_12,fret12,C,mid,24,stabilization,261.50407924407824,261.50407924407824,-10.934361912331898,60.64036347791777,1.8620914776010464,fundamental,0.14
C_12,fret12,C,mid,24,body,261.50407924407824,261.50407924407824,-8.307257455942533,60.19694172335633,1.8620914776010464,fundamental,0.4
C_12,fret12,C,mid,24,sustain,261.50407924407824,261.50407924407824,-2.475538701454319,58.58375465079676,1.8620914776010464,fundamental,0.3
C_12,fret12,C,mid,24,decay,261.50407924407824,261.50407924407824,1.4485110070787923,60.072837826188476,1.8620914776010464,fundamental,0.08
C_12,fret12,C,mid,25,attack,261.4706698734978,261.4706698734978,-9.95315374166259,58.80680807202884,1.5566535351487476,fundamental,0.08
C_12,fret12,C,mid,25,stabilization,261.4706698734978,261.4706698734978,-8.887165391239911,59.59536144434816,1.5566535351487476,fundamental,0.14
C_12,fret12,C,mid,25,body,261.4706698734978,261.4706698734978,-6.763064107152587,59.13222271280761,1.5566535351487476,fundamental,0.4
C_12,fret12,C,mid,25,sustain,261.4706698734978,261.4706698734978,-1.2153997874427986,57.51130576015521,1.5566535351487476,fundamental,0.3
C_12,fret12,C,mid,25,decay,261.4706698734978,261.4706698734978,4.43448567635793,58.94344579249558,1.5566535351487476,fundamental,0.08
C_12,fret12,C,mid,26,attack,261.4943359435007,261.4943359435007,-15.365808331420196,58.46753170402848,1.8482300960880391,fundamental,0.08
C_12,fret12,C,mid,26,stabilization,261.4943359435007,261.4943359435007,-12.647138280825018,60.50916508091084,1.8482300960880391,fundamental,0.14
C_12,fret12,C,mid,26,body,261.4943359435007,261.4943359435007,-10.328833372849225,60.22201189104698,1.8482300960880391,fundamental,0.4
C_12,fret12,C,mid,26,sustain,261.4943359435007,261.4943359435007,-4.813936937820266,58.863397348159644,1.8482300960880391,fundamental,0.3
C_12,fret12,C,mid,26,decay,261.4943359435007,261.4943359435007,-0.8967986140886879,60.4004993536039,1.8482300960880391,fundamental,0.08
C_12,fret12,C,mid,27,attack,261.49907278876077,261.49907278876077,-11.128085711312494,58.35274784951608,1.7669086495555908,fundamental,0.08
C_12,fret12,C,mid,27,stabilization,261.49907278876077,261.49907278876077,-10.009275092160166,59.00369994179471,1.7669086495555908,fundamental,0.14
C_12,fret12,C,mid,27,body,261.49907278876077,261.49907278876077,-7.549948287590659,58.427764497334834,1.7669086495555908,fundamental,0.4
C_12,fret12,C,mid,27,sustain,261.49907278876077,261.49907278876077,-1.0751290947975036,56.79497512875726,1.7669086495555908,fundamental,0.3
C_12,fret12,C,mid,27,decay,261.49907278876077,261.49907278876077,4.127619391131489,58.058090248692395,1.7669086495555908,fundamental,0.08
C_12,fret12,C,mid,28,attack,261.5228637828567,261.5228637828567,-11.528824166679923,60.79661140864033,1.8216496115784684,fundamental,0.08
C_12,fret12,C,mid,28,stabilization,261.5228637828567,261.5228637828567,-10.161783155970896,61.42887055345051,1.8216496115784684,fundamental,0.14
C_12,fret12,C,mid,28,body,261.5228637828567,261.5228637828567,-7.652392967682985,60.86265482978567,1.8216496115784684,fundamental,0.4
C_12,fret12,C,mid,28,sustain,261.5228637828567,261.5228637828567,-1.7526502310467862,59.20270033736767,1.8216496115784684,fundamental,0.3
C_12,fret12,C,mid,28,decay,261.5228637828567,261.5228637828567,-1.6114717930637497,56.84750390832947,1.8216496115784684,fundamental,0.08
C_12,fret12,C,mid,29,attack,261.57619196570624,261.57619196570624,-10.843234045136548,59.13961318097034,1.8080436689065067,fundamental,0.08
C_12,fret12,C,mid,29,stabilization,261.57619196570624,261.57619196570624,-9.293218607245898,59.666298372046334,1.8080436689065067,fundamental,0.14
C_12,fret12,C,mid,29,body,261.57619196570624,261.57619196570624,-6.279955335925429,58.999371319583524,1.8080436689065067,fundamental,0.4
C_12,fret12,C,mid,29,sustain,261.57619196570624,261.57619196570624,0.6762677066279323,57.18052625780865,1.8080436689065067,fundamental,0.3
C_12,fret12,C,mid,29,decay,261.57619196570624,261.57619196570624,2.9816458794671803,58.52680591759437,1.8080436689065067,fundamental,0.08
C_12,fret12,C,mid,30,attack,261.5203221602881,261.5203221602881,-12.542405162619083,59.55273898640174,1.9080854044818067,fundamental,0.08
C_12,fret12,C,mid,30,stabilization,261.5203221602881,261.5203221602881,-10.938575454240166,60.46483507544923,1.9080854044818067,fundamental,0.14
C_12,fret12,C,mid,30,body,261.5203221602881,261.5203221602881,-8.110548880910343,60.05080182604133,1.9080854044818067,fundamental,0.4
C_12,fret12,C,mid,30,sustain,261.5203221602881,261.5203221602881,-1.7942961863818851,58.5304741707494,1.9080854044818067,fundamental,0.3
C_12,fret12,C,mid,30,decay,261.5203221602881,261.5203221602881,2.028447063060128,59.87067283161978,1.9080854044818067,fundamental,0.08
C_12,fret12,C,mid,31,attack,261.49945540469156,261.49945540469156,-14.045347617097448,55.62215431677187,1.9569393242417987,fundamental,0.08
C_12,fret12,C,mid,31,stabilization,261.49945540469156,261.49945540469156,-12.607697924427711,56.54718807601419,1.9569393242417987,fundamental,0.14
C_12,fret12,C,mid,31,body,261.49945540469156,261.49945540469156,-9.711662835462832,56.28302748260935,1.9569393242417987,fundamental,0.4
C_12,fret12,C,mid,31,sustain,261.49945540469156,261.49945540469156,-2.8377587062291383,54.93543847111133,1.9569393242417987,fundamental,0.3
C_12,fret12,C,mid,31,decay,261.49945540469156,261.49945540469156,2.0622242200283907,56.59088104582627,1.9569393242417987,fundamental,0.08
C_12,fret12,C,mid,32,attack,261.5258101462573,261.5258101462573,-13.44029708070386,58.88174065220889,1.9106091188890355,fundamental,0.08
C_12,fret12,C,mid,32,stabilization,261.5258101462573,261.5258101462573,-11.96016158827059,59.74228690337563,1.9106091188890355,fundamental,0.14
C_12,fret12,C,mid,32,body,261.5258101462573,261.5258101462573,-9.212561033127804,59.371963467109765,1.9106091188890355,fundamental,0.4
C_12,fret12,C,mid,32,sustain,261.5258101462573,261.5258101462573,-2.9881921848146007,57.961865618170336,1.9106091188890355,fundamental,0.3
C_12,fret12,C,mid,32,decay,261.5258101462573,261.5258101462573,1.177612315722513,59.534779287151885,1.9106091188890355,fundamental,0.08
C_12,fret12,C,mid,33,attack,261.50270471366383,261.50270471366383,-13.982157391217156,55.42422269644986,1.9969293618775776,fundamental,0.08
C_12,fret12,C,mid,33,stabilization,261.50270471366383,261.50270471366383,-12.595039180351217,56.21636893029794,1.9969293618775776,fundamental,0.14
C_12,fret12,C,mid,33,body,261.50270471366383,261.50270471366383,-9.732437666726833,55.863970251021144,1.9969293618775776,fundamental,0.4
C_12,fret12,C,mid,33,sustain,261.50270471366383,261.50270471366383,-2.674218602318589,54.41975869344808,1.9969293618775776,fundamental,0.3
C_12,fret12,C,mid,33,decay,261.50270471366383,261.50270471366383,1.3270045335008405,55.94718179864979,1.9969293618775776,fundamental,0.08
C_12,fret12,C,mid,34,attack,261.56322149258375,261.56322149258375,-14.1511693504585,58.517272816466395,1.959323762417582,fundamental,0.08
C_12,fret12,C,mid,34,stabilization,261.56322149258375,261.56322149258375,-12.654350481059303,59.21224024809542,1.959323762417582,fundamental,0.14
C_12,fret12,C,mid,34,body,261.56322149258375,261.56322149258375,-9.80900175478105,58.80593641975629,1.959323762417582,fundamental,0.4
C_12,fret12,C,mid,34,sustain,261.56322149258375,261.56322149258375,-3.6137985887457935,57.29882566751485,1.959323762417582,fundamental,0.3
C_12,fret12,C,mid,34,decay,261.56322149258375,261.56322149258375,-0.6866986821606602,58.41369239029411,1.959323762417582,fundamental,0.08
C_12,fret12,C,mid,35,attack,261.5286599389246,261.5286599389246,-14.492104588878911,55.41917528198412,2.189064821305967,fundamental,0.08
C_12,fret12,C,mid,35,stabilization,261.5286599389246,261.5286599389246,-12.75525033194225,56.30131415287343,2.189064821305967,fundamental,0.14
C_12,fret12,C,mid,35,body,261.5286599389246,261.5286599389246,-9.531086047164932,56.10249360761711,2.189064821305967,fundamental,0.4
C_12,fret12,C,mid,35,sustain,261.5286599389246,261.5286599389246,-2.2419876014794013,54.81224758008675,2.189064821305967,fundamental,0.3
C_12,fret12,C,mid,35,decay,261.5286599389246,261.5286599389246,1.4548578117803856,56.344263143631935,2.189064821305967,fundamental,0.08
C_12,fret12,C,mid,36,attack,261.5420635713955,261.5420635713955,-12.853287486478632,59.822565480301364,1.861649382154673,fundamental,0.08
C_12,fret12,C,mid,36,stabilization,261.5420635713955,261.5420635713955,-11.466299178303164,60.48158051634334,1.861649382154673,fundamental,0.14
C_12,fret12,C,mid,36,body,261.5420635713955,261.5420635713955,-8.74724742167664,60.1149855972501,1.861649382154673,fundamental,0.4
C_12,fret12,C,mid,36,sustain,261.5420635713955,261.5420635713955,-2.742226146976982,58.69859792497328,1.861649382154673,fundamental,0.3
C_12,fret12,C,mid,36,decay,261.5420635713955,261.5420635713955,1.2566948443032189,60.28336671935499,1.861649382154673,fundamental,0.08
C_12,fret12,C,mid,37,attack,261.46829203859863,261.46829203859863,-10.715149377911708,57.85499883833412,1.6545327323059504,fundamental,0.08
C_12,fret12,C,mid,37,stabilization,261.46829203859863,261.46829203859863,-9.82827217399204,58.536264347497976,1.6545327323059504,fundamental,0.14
C_12,fret12,C,mid,37,body,261.46829203859863,261.46829203859863,-7.742986632865602,58.10027525295972,1.6545327323059504,fundamental,0.4
C_12,fret12,C,mid,37,sustain,261.46829203859863,261.46829203859863,-2.052514667414762,56.57505758605612,1.6545327323059504,fundamental,0.3
C_12,fret12,C,mid,37,decay,261.46829203859863,261.46829203859863,4.734196020848827,58.04290077309505,1.6545327323059504,fundamental,0.08
C_12,fret12,C,mid,38,attack,261.5292778021486,261.5292778021486,-11.965390236589013,60.22814104675848,1.8339533548331088,fundamental,0.08
C_12,fret12,C,mid,38,stabilization,261.5292778021486,261.5292778021486,-10.615874918278069,60.88858207578816,1.8339533548331088,fundamental,0.14
C_12,fret12,C,mid,38,body,261.5292778021486,261.5292778021486,-8.0664863402288,60.340393522465654,1.8339533548331088,fundamental,0.4
C_12,fret12,C,mid,38,sustain,261.5292778021486,261.5292778021486,-2.078319826807068,58.73627997938935,1.8339533548331088,fundamental,0.3
C_12,fret12,C,mid,38,decay,261.5292778021486,261.5292778021486,1.2454943805197374,60.21061602081543,1.8339533548331088,fundamental,0.08
C_12,fret12,C,mid,39,attack,261.5106219983723,261.5106219983723,-12.725785548739314,57.05133122435429,1.8004009272393915,fundamental,0.08
C_12,fret12,C,mid,39,stabilization,261.5106219983723,261.5106219983723,-11.242305765035807,57.841126540079784,1.8004009272393915,fundamental,0.14
C_12,fret12,C,mid,39,body,261.5106219983723,261.5106219983723,-8.656365913579698,57.529210980123516,1.8004009272393915,fundamental,0.4
C_12,fret12,C,mid,39,sustain,261.5106219983723,261.5106219983723,-2.320497676781301,56.117167590879745,1.8004009272393915,fundamental,0.3
C_12,fret12,C,mid,39,decay,261.5106219983723,261.5106219983723,2.9022166820002937,57.68060271448297,1.8004009272393915,fundamental,0.08
C_12,fret12,C,mid,40,attack,261.51477586142636,261.51477586142636,-12.387082588783642,59.574526682995426,1.8018868363995344,fundamental,0.08
C_12,fret12,C,mid,40,stabilization,261.51477586142636,261.51477586142636,-11.062631315598589,60.233438524758824,1.8018868363995344,fundamental,0.14
C_12,fret12,C,mid,40,body,261.51477586142636,261.51477586142636,-8.458089057041164,59.799876757552795,1.8018868363995344,fundamental,0.4
C_12,fret12,C,mid,40,sustain,261.51477586142636,261.51477586142636,-2.3882376085278594,58.31945192879167,1.8018868363995344,fundamental,0.3
C_12,fret12,C,mid,40,decay,261.51477586142636,261.51477586142636,1.426538905311709,58.9783478933778,1.8018868363995344,fundamental,0.08
C_12,fret12,C,mid,41,attack,261.53156965517553,261.53156965517553,-12.96688988085976,56.72591158792022,1.9929954459153512,fundamental,0.08
C_12,fret12,C,mid,41,stabilization,261.53156965517553,261.53156965517553,-11.075806478165774,57.76700988443105,1.9929954459153512,fundamental,0.14
C_12,fret12,C,mid,41,body,261.53156965517553,261.53156965517553,-7.649050489046282,57.77373137631537,1.9929954459153512,fundamental,0.4
C_12,fret12,C,mid,41,sustain,261.53156965517553,261.53156965517553,0.0468739699428795,56.80327279300514,1.9929954459153512,fundamental,0.3
C_12,fret12,C,mid,41,decay,261.53156965517553,261.53156965517553,5.0682135495456535,58.57463766269221,1.9929954459153512,fundamental,0.08
C_12,fret12,C,mid,42,attack,261.53768046405145,261.53768046405145,-12.80836939441734,59.1467070168293,1.882298864512432,fundamental,0.08
C_12,fret12,C,mid,42,stabilization,261.53768046405145,261.53768046405145,-11.19373306439708,59.966615261109574,1.882298864512432,fundamental,0.14
C_12,fret12,C,mid,42,body,261.53768046405145,261.53768046405145,-8.28044915189436,59.69390338352669,1.882298864512432,fundamental,0.4
C_12,fret12,C,mid,42,sustain,261.53768046405145,261.53768046405145,-1.646098933622774,58.452752832092884,1.882298864512432,fundamental,0.3
C_12,fret12,C,mid,42,decay,261.53768046405145,261.53768046405145,2.4324781009546754,59.58061893310222,1.882298864512432,fundamental,0.08
C_12,fret12,C,mid,43,attack,261.50839099280034,261.50839099280034,-11.714201131689876,57.443015545250724,1.7819800470921578,fundamental,0.08
C_12,fret12,C,mid,43,stabilization,261.50839099280034,261.50839099280034,-10.270742071272736,58.136082569173,1.7819800470921578,fundamental,0.14
C_12,fret12,C,mid,43,body,261.50839099280034,261.50839099280034,-7.459530170242395,57.7034940285167,1.7819800470921578,fundamental,0.4
C_12,fret12,C,mid,43,sustain,261.50839099280034,261.50839099280034,-0.2689044104432909,56.213032237617014,1.7819800470921578,fundamental,0.3
C_12,fret12,C,mid,43,decay,261.50839099280034,261.50839099280034,5.701508343187626,56.75703571426297,1.7819800470921578,fundamental,0.08
C_12,fret12,C,mid,44,attack,261.5314907753007,261.5314907753007,-12.824048257811777,59.175099190933295,1.968963407317976,fundamental,0.08
C_12,fret12,C,mid,44,stabilization,261.5314907753007,261.5314907753007,-12.240303048132835,60.09394364698241,1.968963407317976,fundamental,0.14
C_12,fret12,C,mid,44,body,261.5314907753007,261.5314907753007,-9.682432714666165,59.94022637459473,1.968963407317976,fundamental,0.4
C_12,fret12,C,mid,44,sustain,261.5314907753007,261.5314907753007,-3.653961571727713,58.72184990562478,1.968963407317976,fundamental,0.3
C_12,fret12,C,mid,44,decay,261.5314907753007,261.5314907753007,0.8658116394323017,60.41363312086277,1.968963407317976,fundamental,0.08
C_12,fret12,C,mid,45,attack,261.48659714599245,261.48659714599245,-10.0331965639936,57.84058381630523,1.7441001895342156,fundamental,0.08
C_12,fret12,C,mid,45,stabilization,261.48659714599245,261.48659714599245,-8.731295219506272,58.63267044405637,1.7441001895342156,fundamental,0.14
C_12,fret12,C,mid,45,body,261.48659714599245,261.48659714599245,-6.2296437560053874,58.24441623992156,1.7441001895342156,fundamental,0.4
C_12,fret12,C,mid,45,sustain,261.48659714599245,261.48659714599245,0.4861263509370204,56.86192490399891,1.7441001895342156,fundamental,0.3
C_12,fret12,C,mid,45,decay,261.48659714599245,261.48659714599245,4.878155557091674,57.039724389101586,1.7441001895342156,fundamental,0.08
C_12,fret12,C,mid,46,attack,261.5589815897563,261.5589815897563,-12.35932060451922,59.76407266222673,1.861918922484717,fundamental,0.08
C_12,fret12,C,mid,46,stabilization,261.5589815897563,261.5589815897563,-10.851884110129513,60.465249192213314,1.861918922484717,fundamental,0.14
C_12,fret12,C,mid,46,body,261.5589815897563,261.5589815897563,-7.985244997141187,60.07840145907241,1.861918922484717,fundamental,0.4
C_12,fret12,C,mid,46,sustain,261.5589815897563,261.5589815897563,-1.5633810251891518,58.76140173399869,1.861918922484717,fundamental,0.3
C_12,fret12,C,mid,46,decay,261.5589815897563,261.5589815897563,2.6435573989735914,60.405729087743524,1.861918922484717,fundamental,0.08
C_12,fret12,C,mid,47,attack,261.5644014659716,261.5644014659716,-12.541518698046922,59.01138906931407,1.7147030791006994,fundamental,0.08
C_12,fret12,C,mid,47,stabilization,261.5644014659716,261.5644014659716,-11.257837148550834,59.67288975346496,1.7147030791006994,fundamental,0.14
C_12,fret12,C,mid,47,body,261.5644014659716,261.5644014659716,-8.768826449045953,59.140365278261974,1.7147030791006994,fundamental,0.4
C_12,fret12,C,mid,47,sustain,261.5644014659716,261.5644014659716,-4.057789302693138,56.87368694250979,1.7147030791006994,fundamental,0.3
C_12,fret12,C,mid,47,decay,261.5644014659716,261.5644014659716,-39.58994906879264,19.17478934166273,1.7147030791006994,fundamental,0.08
C_24,high,C,high,0,attack,522.5358202963462,522.5358202963462,-9.572648661843164,77.54887222708302,1.1680275112344376,fundamental,0.08
C_24,high,C,high,0,stabilization,522.5358202963462,522.5358202963462,-9.449959440643262,73.82918121283697,1.1680275112344376,fundamental,0.14
C_24,high,C,high,0,body,522.5358202963462,522.5358202963462,-9.45278431630711,75.61159432488368,1.1680275112344376,fundamental,0.4
C_24,high,C,high,0,sustain,522.5358202963462,522.5358202963462,-9.287020331550464,82.42995898028049,1.1680275112344376,fundamental,0.3
C_24,high,C,high,0,decay,522.5358202963462,522.5358202963462,-9.82875397425552,83.35132426753205,1.1680275112344376,fundamental,0.08
C_24,high,C,high,1,attack,523.2521541340997,523.2521541340997,-11.223361303412638,76.34577537886798,1.4516500030780677,fundamental,0.08
C_24,high,C,high,1,stabilization,523.2521541340997,523.2521541340997,-10.963783098736052,73.70440228056387,1.4516500030780677,fundamental,0.14
C_24,high,C,high,1,body,523.2521541340997,523.2521541340997,-13.296373908736012,73.05019134015257,1.4516500030780677,fundamental,0.4
C_24,high,C,high,1,sustain,523.2521541340997,523.2521541340997,-11.118310906007991,82.07274061511066,1.4516500030780677,fundamental,0.3
C_24,high,C,high,1,decay,523.2521541340997,523.2521541340997,-10.934006863424052,82.23161046028702,1.4516500030780677,fundamental,0.08
C_24,high,C,high,2,attack,522.6225145552753,522.6225145552753,-10.929507982137178,77.17015706724143,1.519084776069732,fundamental,0.08
C_24,high,C,high,2,stabilization,522.6225145552753,522.6225145552753,-10.649592615022264,73.50763528356136,1.519084776069732,fundamental,0.14
C_24,high,C,high,2,body,522.6225145552753,522.6225145552753,-10.021177551806126,76.08213317910435,1.519084776069732,fundamental,0.4
C_24,high,C,high,2,sustain,522.6225145552753,522.6225145552753,-9.16459066960629,82.06868297783693,1.519084776069732,fundamental,0.3
C_24,high,C,high,2,decay,522.6225145552753,522.6225145552753,-9.542998391301492,83.30455996865268,1.519084776069732,fundamental,0.08
C_24,high,C,high,3,attack,525.7919123441353,525.7919123441353,-10.748942228374066,75.5635375234165,1.4575776994924998,fundamental,0.08
C_24,high,C,high,3,stabilization,525.7919123441353,525.7919123441353,-10.469619197303786,74.2065791063745,1.4575776994924998,fundamental,0.14
C_24,high,C,high,3,body,525.7919123441353,525.7919123441353,-11.399464189359374,77.55027646216467,1.4575776994924998,fundamental,0.4
C_24,high,C,high,3,sustain,525.7919123441353,525.7919123441353,-10.16955328453853,80.98734541215633,1.4575776994924998,fundamental,0.3
C_24,high,C,high,3,decay,525.7919123441353,525.7919123441353,-10.233634586694418,84.73000038638958,1.4575776994924998,fundamental,0.08
C_24,high,C,high,4,attack,523.8063444151505,523.8063444151505,-7.302614021783427,77.70302527038467,2.1929032799126023,fundamental,0.08
C_24,high,C,high,4,stabilization,523.8063444151505,523.8063444151505,-9.099619853481409,73.85087661794236,2.1929032799126023,fundamental,0.14
C_24,high,C,high,4,body,523.8063444151505,523.8063444151505,-11.191298962093676,74.32026357660567,2.1929032799126023,fundamental,0.4
C_24,high,C,high,4,sustain,523.8063444151505,523.8063444151505,-9.906991280131296,82.03832243542062,2.1929032799126023,fundamental,0.3
C_24,high,C,high,4,decay,523.8063444151505,523.8063444151505,-10.19212906860551,82.68967055661254,2.1929032799126023,fundamental,0.08
C_24,high,C,high,5,attack,522.4639134898397,522.4639134898397,-9.760455673054397,78.58025016075261,1.2810441333269065,fundamental,0.08
C_24,high,C,high,5,stabilization,522.4639134898397,522.4639134898397,-9.777580081634202,74.48115975489941,1.2810441333269065,fundamental,0.14
C_24,high,C,high,5,body,522.4639134898397,522.4639134898397,-7.666305533556688,76.01144943773403,1.2810441333269065,fundamental,0.4
C_24,high,C,high,5,sustain,522.4639134898397,522.4639134898397,-8.12774466011632,81.80662703758222,1.2810441333269065,fundamental,0.3
C_24,high,C,high,5,decay,522.4639134898397,522.4639134898397,-9.028117563297094,82.46021994784395,1.2810441333269065,fundamental,0.08
C_24,high,C,high,6,attack,525.9515230907848,525.9515230907848,-10.238677093459152,76.26733716393977,1.2791150522372516,fundamental,0.08
C_24,high,C,high,6,stabilization,525.9515230907848,525.9515230907848,-10.21202319971017,75.4482219773148,1.2791150522372516,fundamental,0.14
C_24,high,C,high,6,body,525.9515230907848,525.9515230907848,-11.437236174022413,77.4403736122286,1.2791150522372516,fundamental,0.4
C_24,high,C,high,6,sustain,525.9515230907848,525.9515230907848,-9.250051100064171,80.75194443714263,1.2791150522372516,fundamental,0.3
C_24,high,C,high,6,decay,525.9515230907848,525.9515230907848,-9.310678087585451,83.92812581832786,1.2791150522372516,fundamental,0.08
C_24,high,C,high,7,attack,522.1672611036361,522.1672611036361,-8.557986251635509,78.06631749950276,1.1483027711833091,fundamental,0.08
C_24,high,C,high,7,stabilization,522.1672611036361,522.1672611036361,-8.386534572617613,74.24639031079727,1.1483027711833091,fundamental,0.14
C_24,high,C,high,7,body,522.1672611036361,522.1672611036361,-5.928986726750438,75.56672450595323,1.1483027711833091,fundamental,0.4
C_24,high,C,high,7,sustain,522.1672611036361,522.1672611036361,-7.209661214160217,82.6013599386043,1.1483027711833091,fundamental,0.3
C_24,high,C,high,7,decay,522.1672611036361,522.1672611036361,-7.667834375082357,83.60949035147249,1.1483027711833091,fundamental,0.08
C_24,high,C,high,8,attack,525.8987691085939,525.8987691085939,-10.24237441122047,74.88599171924116,1.2409353928171176,fundamental,0.08
C_24,high,C,high,8,stabilization,525.8987691085939,525.8987691085939,-10.075403975781663,74.49056320568347,1.2409353928171176,fundamental,0.14
C_24,high,C,high,8,body,525.8987691085939,525.8987691085939,-12.816949955577847,75.92743954441454,1.2409353928171176,fundamental,0.4
C_24,high,C,high,8,sustain,525.8987691085939,525.8987691085939,-9.217005718363232,80.73003836804207,1.2409353928171176,fundamental,0.3
C_24,high,C,high,8,decay,525.8987691085939,525.8987691085939,-9.14915164408751,83.40026297864968,1.2409353928171176,fundamental,0.08
C_24,high,C,high,9,attack,526.4235407839311,526.4235407839311,-9.409890283022325,76.55209662472768,1.261346345057735,fundamental,0.08
C_24,high,C,high,9,stabilization,526.4235407839311,526.4235407839311,-9.17187591594588,74.76240553277601,1.261346345057735,fundamental,0.14
C_24,high,C,high,9,body,526.4235407839311,526.4235407839311,-10.208166015699767,77.8139184867741,1.261346345057735,fundamental,0.4
C_24,high,C,high,9,sustain,526.4235407839311,526.4235407839311,-7.570084416874806,81.11756670944885,1.261346345057735,fundamental,0.3
C_24,high,C,high,9,decay,526.4235407839311,526.4235407839311,-8.462713541903334,84.64768307295529,1.261346345057735,fundamental,0.08
C_24,high,C,high,10,attack,524.1150157918333,524.1150157918333,-8.477496026243887,76.58179327801778,1.1896235074900383,fundamental,0.08
C_24,high,C,high,10,stabilization,524.1150157918333,524.1150157918333,-8.288127925471322,73.99431155562534,1.1896235074900383,fundamental,0.14
C_24,high,C,high,10,body,524.1150157918333,524.1150157918333,-8.649955386800798,77.9523379489553,1.1896235074900383,fundamental,0.4
C_24,high,C,high,10,sustain,524.1150157918333,524.1150157918333,-7.573443645939555,82.72696525912698,1.1896235074900383,fundamental,0.3
C_24,high,C,high,10,decay,524.1150157918333,524.1150157918333,-7.833340807085626,84.51906146668954,1.1896235074900383,fundamental,0.08
C_24,high,C,high,11,attack,524.4588015460707,524.4588015460707,-10.834180398723618,77.54699756043641,1.575165927330664,fundamental,0.08
C_24,high,C,high,11,stabilization,524.4588015460707,524.4588015460707,-10.416864223818145,74.02578747920114,1.575165927330664,fundamental,0.14
C_24,high,C,high,11,body,524.4588015460707,524.4588015460707,-9.842673263464054,76.01135187625201,1.575165927330664,fundamental,0.4
C_24,high,C,high,11,sustain,524.4588015460707,524.4588015460707,-6.43537700327466,81.91751383926417,1.575165927330664,fundamental,0.3
C_24,high,C,high,11,decay,524.4588015460707,524.4588015460707,-7.12353090281788,83.27451157908551,1.575165927330664,fundamental,0.08
C_24,high,C,high,12,attack,524.9641228231901,524.9641228231901,-9.901122586429832,74.51176266183828,1.505434174489556,fundamental,0.08
C_24,high,C,high,12,stabilization,524.9641228231901,524.9641228231901,-10.0316268653293,74.76918595848413,1.505434174489556,fundamental,0.14
C_24,high,C,high,12,body,524.9641228231901,524.9641228231901,-9.92162466445803,80.10414668222049,1.505434174489556,fundamental,0.4
C_24,high,C,high,12,sustain,524.9641228231901,524.9641228231901,-8.389043691832718,82.47545658911645,1.505434174489556,fundamental,0.3
C_24,high,C,high,12,decay,524.9641228231901,524.9641228231901,-8.20880871983789,85.17832875671687,1.505434174489556,fundamental,0.08
C_24,high,C,high,13,attack,525.1415480196342,525.1415480196342,-10.447133800034049,76.14912918448513,1.366127610464485,fundamental,0.08
C_24,high,C,high,13,stabilization,525.1415480196342,525.1415480196342,-10.293637691270916,74.30392082040481,1.366127610464485,fundamental,0.14
C_24,high,C,high,13,body,525.1415480196342,525.1415480196342,-10.850244995276846,79.0090851912249,1.366127610464485,fundamental,0.4
C_24,high,C,high,13,sustain,525.1415480196342,525.1415480196342,-9.483521508176011,82.21054977045554,1.366127610464485,fundamental,0.3
C_24,high,C,high,13,decay,525.1415480196342,525.1415480196342,-9.505843232399355,85.3707452930703,1.366127610464485,fundamental,0.08
C_24,high,C,high,14,attack,524.6001694656472,524.6001694656472,-8.123451839752668,75.63397077503032,1.2275743022851404,fundamental,0.08
C_24,high,C,high,14,stabilization,524.6001694656472,524.6001694656472,-8.119752652745323,75.30694561200187,1.2275743022851404,fundamental,0.14
C_24,high,C,high,14,body,524.6001694656472,524.6001694656472,-10.614939187190409,76.80240759089415,1.2275743022851404,fundamental,0.4
C_24,high,C,high,14,sustain,524.6001694656472,524.6001694656472,-8.55170201859141,81.80248198548475,1.2275743022851404,fundamental,0.3
C_24,high,C,high,14,decay,524.6001694656472,524.6001694656472,-8.451563561820805,85.01732793946745,1.2275743022851404,fundamental,0.08
C_24,high,C,high,15,attack,525.8282313169399,525.8282313169399,-9.045874606757112,75.14869610302077,1.345283644500683,fundamental,0.08
C_24,high,C,high,15,stabilization,525.8282313169399,525.8282313169399,-8.821986735303177,74.95096544865429,1.345283644500683,fundamental,0.14
C_24,high,C,high,15,body,525.8282313169399,525.8282313169399,-10.14170526162166,78.02349664110886,1.345283644500683,fundamental,0.4
C_24,high,C,high,15,sustain,525.8282313169399,525.8282313169399,-10.601102294610223,81.2435220364801,1.345283644500683,fundamental,0.3
C_24,high,C,high,15,decay,525.8282313169399,525.8282313169399,-10.07680227169138,84.65316515303881,1.345283644500683,fundamental,0.08
C_24,high,C,high,16,attack,526.112100692671,526.112100692671,-10.797397036479545,75.14656472044737,1.4285602262727626,fundamental,0.08
C_24,high,C,high,16,stabilization,526.112100692671,526.112100692671,-10.393793008898095,74.88719625967117,1.4285602262727626,fundamental,0.14
C_24,high,C,high,16,body,526.112100692671,526.112100692671,-12.977811694267444,75.90857676688827,1.4285602262727626,fundamental,0.4
C_24,high,C,high,16,sustain,526.112100692671,526.112100692671,-10.443035894374765,80.58835418768396,1.4285602262727626,fundamental,0.3
C_24,high,C,high,16,decay,526.112100692671,526.112100692671,-10.11994971468038,83.46835061155082,1.4285602262727626,fundamental,0.08
C_24,high,C,high,17,attack,526.4608076194238,526.4608076194238,-9.089909152475116,76.06597718493035,1.1630332027842885,fundamental,0.08
C_24,high,C,high,17,stabilization,526.4608076194238,526.4608076194238,-9.000779608922947,75.05183775450652,1.1630332027842885,fundamental,0.14
C_24,high,C,high,17,body,526.4608076194238,526.4608076194238,-8.698215086499182,79.00114597068028,1.1630332027842885,fundamental,0.4
C_24,high,C,high,17,sustain,526.4608076194238,526.4608076194238,-7.908560314241257,81.0288221879897,1.1630332027842885,fundamental,0.3
C_24,high,C,high,17,decay,526.4608076194238,526.4608076194238,-8.101777686724404,85.03032861765041,1.1630332027842885,fundamental,0.08
C_24,high,C,high,18,attack,526.0176814316526,526.0176814316526,-9.269115742582583,74.77523262645519,1.1734445767481911,fundamental,0.08
C_24,high,C,high,18,stabilization,526.0176814316526,526.0176814316526,-9.189752264355164,74.52149459114993,1.1734445767481911,fundamental,0.14
C_24,high,C,high,18,body,526.0176814316526,526.0176814316526,-10.463463343487224,77.4533284448695,1.1734445767481911,fundamental,0.4
C_24,high,C,high,18,sustain,526.0176814316526,526.0176814316526,-9.026989452171158,81.26478505076489,1.1734445767481911,fundamental,0.3
C_24,high,C,high,18,decay,526.0176814316526,526.0176814316526,-8.713970742935828,84.13932308548041,1.1734445767481911,fundamental,0.08
C_24,high,C,high,19,attack,523.1240453264737,523.1240453264737,-10.143317880700264,77.030864599354,1.3162346194106496,fundamental,0.08
C_24,high,C,high,19,stabilization,523.1240453264737,523.1240453264737,-10.019396166239956,73.48276235683431,1.3162346194106496,fundamental,0.14
C_24,high,C,high,19,body,523.1240453264737,523.1240453264737,-10.737431511935998,75.42345989246307,1.3162346194106496,fundamental,0.4
C_24,high,C,high,19,sustain,523.1240453264737,523.1240453264737,-9.038384266348746,82.52555121318525,1.3162346194106496,fundamental,0.3
C_24,high,C,high,19,decay,523.1240453264737,523.1240453264737,-9.449408358571048,83.42132129912581,1.3162346194106496,fundamental,0.08
C_24,high,C,high,20,attack,522.4249620747102,522.4249620747102,-10.35517606928738,77.11521873016207,1.4192596500193329,fundamental,0.08
C_24,high,C,high,20,stabilization,522.4249620747102,522.4249620747102,-10.042146100117437,74.50187259573607,1.4192596500193329,fundamental,0.14
C_24,high,C,high,20,body,522.4249620747102,522.4249620747102,-10.051319511948767,75.39699645726623,1.4192596500193329,fundamental,0.4
C_24,high,C,high,20,sustain,522.4249620747102,522.4249620747102,-9.658635040664713,82.14292973384546,1.4192596500193329,fundamental,0.3
C_24,high,C,high,20,decay,522.4249620747102,522.4249620747102,-8.800847912240048,82.88978464324737,1.4192596500193329,fundamental,0.08
C_24,high,C,high,21,attack,523.7982029624965,523.7982029624965,-8.726209265302202,76.83058198488706,1.393520626372316,fundamental,0.08
C_24,high,C,high,21,stabilization,523.7982029624965,523.7982029624965,-8.420352623322835,75.19661868436816,1.393520626372316,fundamental,0.14
C_24,high,C,high,21,body,523.7982029624965,523.7982029624965,-7.06242440874302,80.58187905943632,1.393520626372316,fundamental,0.4
C_24,high,C,high,21,sustain,523.7982029624965,523.7982029624965,-8.848850946354425,81.85752648147052,1.393520626372316,fundamental,0.3
C_24,high,C,high,21,decay,523.7982029624965,523.7982029624965,-9.328155452289764,85.9101454059456,1.393520626372316,fundamental,0.08
C_24,high,C,high,22,attack,523.9479120014074,523.9479120014074,-8.206041666312252,74.76712242092478,1.3362037068116754,fundamental,0.08
C_24,high,C,high,22,stabilization,523.9479120014074,523.9479120014074,-9.819749993357055,75.27925919701029,1.3362037068116754,fundamental,0.14
C_24,high,C,high,22,body,523.9479120014074,523.9479120014074,-9.213068514664528,81.09924415780542,1.3362037068116754,fundamental,0.4
C_24,high,C,high,22,sustain,523.9479120014074,523.9479120014074,-8.092829468708729,82.18902921915333,1.3362037068116754,fundamental,0.3
C_24,high,C,high,22,decay,523.9479120014074,523.9479120014074,-7.920619611325591,85.57088895206556,1.3362037068116754,fundamental,0.08
C_24,high,C,high,23,attack,522.4122709600013,522.4122709600013,-8.930512935590901,75.53082083562671,1.3127367639832264,fundamental,0.08
C_24,high,C,high,23,stabilization,522.4122709600013,522.4122709600013,-9.439157342113006,74.88327604243258,1.3127367639832264,fundamental,0.14
C_24,high,C,high,23,body,522.4122709600013,522.4122709600013,-9.439481251602515,77.09338551533484,1.3127367639832264,fundamental,0.4
C_24,high,C,high,23,sustain,522.4122709600013,522.4122709600013,-9.263962035936911,82.88078220532984,1.3127367639832264,fundamental,0.3
C_24,high,C,high,23,decay,522.4122709600013,522.4122709600013,-9.191070432655874,84.01079970042987,1.3127367639832264,fundamental,0.08
C_24,high,C,high,24,attack,527.0058240573317,527.0058240573317,-9.381909618589006,72.22497887723,1.1466457597907964,fundamental,0.08
C_24,high,C,high,24,stabilization,527.0058240573317,527.0058240573317,-8.943958540826195,75.88344314133403,1.1466457597907964,fundamental,0.14
C_24,high,C,high,24,body,527.0058240573317,527.0058240573317,-8.838793073530432,80.78516239628063,1.1466457597907964,fundamental,0.4
C_24,high,C,high,24,sustain,527.0058240573317,527.0058240573317,-7.821397552223235,82.66288004754233,1.1466457597907964,fundamental,0.3
C_24,high,C,high,24,decay,527.0058240573317,527.0058240573317,-8.072525411082726,85.66889592714745,1.1466457597907964,fundamental,0.08
C_24,high,C,high,25,attack,523.2540266768532,523.2540266768532,-4.566113767192174,77.02603911729875,2.082520232448983,fundamental,0.08
C_24,high,C,high,25,stabilization,523.2540266768532,523.2540266768532,-9.375293363430458,74.09482429178152,2.082520232448983,fundamental,0.14
C_24,high,C,high,25,body,523.2540266768532,523.2540266768532,-14.13193081709256,71.96330516235982,2.082520232448983,fundamental,0.4
C_24,high,C,high,25,sustain,523.2540266768532,523.2540266768532,-9.946430936535595,82.46924392084681,2.082520232448983,fundamental,0.3
C_24,high,C,high,25,decay,523.2540266768532,523.2540266768532,-9.990304812063854,82.87707548361101,2.082520232448983,fundamental,0.08
C_24,high,C,high,26,attack,524.5419182281607,524.5419182281607,-7.845355817073084,76.70673666998363,1.0861364102267663,fundamental,0.08
C_24,high,C,high,26,stabilization,524.5419182281607,524.5419182281607,-7.825457056200932,75.0032085316292,1.0861364102267663,fundamental,0.14
C_24,high,C,high,26,body,524.5419182281607,524.5419182281607,-8.537317213094383,78.98527761197538,1.0861364102267663,fundamental,0.4
C_24,high,C,high,26,sustain,524.5419182281607,524.5419182281607,-7.646252648626788,82.68307348174912,1.0861364102267663,fundamental,0.3
C_24,high,C,high,26,decay,524.5419182281607,524.5419182281607,-7.999669987569799,85.61830191362614,1.0861364102267663,fundamental,0.08
C_24,high,C,high,27,attack,525.3141681662372,525.3141681662372,-7.051129184137157,76.66048971245476,2.248989943615418,fundamental,0.08
C_24,high,C,high,27,stabilization,525.3141681662372,525.3141681662372,-10.039298216594435,75.15366842169107,2.248989943615418,fundamental,0.14
C_24,high,C,high,27,body,525.3141681662372,525.3141681662372,-11.34805096189416,79.76725116325795,2.248989943615418,fundamental,0.4
C_24,high,C,high,27,sustain,525.3141681662372,525.3141681662372,-9.667827950568554,81.5457450092299,2.248989943615418,fundamental,0.3
C_24,high,C,high,27,decay,525.3141681662372,525.3141681662372,-9.714656530598106,85.521551945694,2.248989943615418,fundamental,0.08
C_24,high,C,high,28,attack,525.0951912179117,525.0951912179117,-8.417058141355554,73.60214561676193,1.2599922303131028,fundamental,0.08
C_24,high,C,high,28,stabilization,525.0951912179117,525.0951912179117,-9.433794351048403,75.22066051136659,1.2599922303131028,fundamental,0.14
C_24,high,C,high,28,body,525.0951912179117,525.0951912179117,-9.503287262540628,81.50957166270838,1.2599922303131028,fundamental,0.4
C_24,high,C,high,28,sustain,525.0951912179117,525.0951912179117,-9.28726401225693,82.00409771531916,1.2599922303131028,fundamental,0.3
C_24,high,C,high,28,decay,525.0951912179117,525.0951912179117,-9.045370870582822,86.00697088886821,1.2599922303131028,fundamental,0.08
C_24,high,C,high,29,attack,524.485119052775,524.485119052775,-8.009384828515202,74.441096841423,1.171278988646922,fundamental,0.08
C_24,high,C,high,29,stabilization,524.485119052775,524.485119052775,-9.238080046523828,75.4955456250679,1.171278988646922,fundamental,0.14
C_24,high,C,high,29,body,524.485119052775,524.485119052775,-9.176957620723798,81.14227551202696,1.171278988646922,fundamental,0.4
C_24,high,C,high,29,sustain,524.485119052775,524.485119052775,-8.826441966017711,82.95933238653782,1.171278988646922,fundamental,0.3
C_24,high,C,high,29,decay,524.485119052775,524.485119052775,-8.560643519622339,85.91796221912332,1.171278988646922,fundamental,0.08
C_24,high,C,high,30,attack,525.2685545548956,525.2685545548956,-12.63793123539392,73.36576578611233,1.8540752922397128,fundamental,0.08
C_24,high,C,high,30,stabilization,525.2685545548956,525.2685545548956,-11.941009763502857,73.09529698344522,1.8540752922397128,fundamental,0.14
C_24,high,C,high,30,body,525.2685545548956,525.2685545548956,-11.505178186725733,77.3981824005252,1.8540752922397128,fundamental,0.4
C_24,high,C,high,30,sustain,525.2685545548956,525.2685545548956,-8.722032420149322,81.30483422638389,1.8540752922397128,fundamental,0.3
C_24,high,C,high,30,decay,525.2685545548956,525.2685545548956,-8.140099404517127,84.93801108771184,1.8540752922397128,fundamental,0.08
C_24,high,C,high,31,attack,525.0555064938852,525.0555064938852,-12.447243467143846,75.08740604035408,1.7114734561222378,fundamental,0.08
C_24,high,C,high,31,stabilization,525.0555064938852,525.0555064938852,-11.756505354061716,74.30110249832282,1.7114734561222378,fundamental,0.14
C_24,high,C,high,31,body,525.0555064938852,525.0555064938852,-14.59069751787606,74.62677281086536,1.7114734561222378,fundamental,0.4
C_24,high,C,high,31,sustain,525.0555064938852,525.0555064938852,-9.068706375960534,81.27173331568316,1.7114734561222378,fundamental,0.3
C_24,high,C,high,31,decay,525.0555064938852,525.0555064938852,-8.367525042973508,84.5889587908212,1.7114734561222378,fundamental,0.08
C_chromatic,chromatic,C,low,0,attack,138.1928520992964,138.1928520992964,-34.81662443055067,25.088417192982547,2.218097801964406,fundamental,0.08
C_chromatic,chromatic,C,low,0,stabilization,138.1928520992964,138.1928520992964,-23.075496407887684,42.23885651727959,2.218097801964406,fundamental,0.14
C_chromatic,chromatic,C,low,0,body,138.1928520992964,138.1928520992964,-50.99785090997485,23.939778204080824,2.218097801964406,fundamental,0.4
C_chromatic,chromatic,C,low,0,sustain,138.1928520992964,138.1928520992964,-53.864710104081695,19.299216930392888,2.218097801964406,fundamental,0.3
C_chromatic,chromatic,C,low,0,decay,138.1928520992964,138.1928520992964,-28.29656449872425,40.274966335800784,2.218097801964406,fundamental,0.08
C_chromatic,chromatic,C,low,1,attack,149.4305831989395,149.4305831989395,-24.453250630998028,30.575951897746435,2.288785308789834,fundamental,0.08
C_chromatic,chromatic,C,low,1,stabilization,149.4305831989395,149.4305831989395,-6.388816721616742,28.037890712522398,2.288785308789834,fundamental,0.14
C_chromatic,chromatic,C,low,1,body,149.4305831989395,149.4305831989395,-49.1252433234032,13.63449901879278,2.288785308789834,fundamental,0.4
C_chromatic,chromatic,C,low,1,sustain,149.4305831989395,149.4305831989395,-41.14306043565418,21.644463781986374,2.288785308789834,fundamental,0.3
C_chromatic,chromatic,C,low,1,decay,149.4305831989395,149.4305831989395,-30.011377486323795,36.12150860600616,2.288785308789834,fundamental,0.08
C_chromatic,chromatic,C,mid,2,attack,164.49476522953904,164.49476522953904,-9.175025863385171,41.303328658392545,1.4595971664510567,fundamental,0.08
C_chromatic,chromatic,C,mid,2,stabilization,164.49476522953904,164.49476522953904,-22.890791639561733,40.290605733088945,1.4595971664510567,fundamental,0.14
C_chromatic,chromatic,C,mid,2,body,164.49476522953904,164.49476522953904,-20.237582568702457,47.35332509851114,1.4595971664510567,fundamental,0.4
C_chromatic,chromatic,C,mid,2,sustain,164.49476522953904,164.49476522953904,-20.130450815835047,56.805815148871936,1.4595971664510567,fundamental,0.3
C_chromatic,chromatic,C,mid,2,decay,164.49476522953904,164.49476522953904,-20.14888046216096,49.399907301369936,1.4595971664510567,fundamental,0.08
C_chromatic,chromatic,C,mid,3,attack,174.30894943993925,174.30894943993925,-22.018548259812786,39.184656962166706,0.7643735444789989,fundamental,0.08
C_chromatic,chromatic,C,mid,3,stabilization,174.30894943993925,174.30894943993925,-11.829768574207776,52.57066217853328,0.7643735444789989,fundamental,0.14
C_chromatic,chromatic,C,mid,3,body,174.30894943993925,174.30894943993925,-12.412576713422098,60.01950615184083,0.7643735444789989,fundamental,0.4
C_chromatic,chromatic,C,mid,3,sustain,174.30894943993925,174.30894943993925,-13.025654200518517,65.36380964255905,0.7643735444789989,fundamental,0.3
C_chromatic,chromatic,C,mid,3,decay,174.30894943993925,174.30894943993925,-12.792716725639949,54.1735183063943,0.7643735444789989,fundamental,0.08
C_chromatic,chromatic,C,mid,4,attack,156.44450885806944,156.44450885806944,-6.288742255275068,35.24514199338554,1.6218975507057851,fundamental,0.08
C_chromatic,chromatic,C,mid,4,stabilization,156.44450885806944,156.44450885806944,-42.38115643020267,20.516260567001524,1.6218975507057851,fundamental,0.14
C_chromatic,chromatic,C,mid,4,body,156.44450885806944,156.44450885806944,-46.22947158565174,21.092602102287444,1.6218975507057851,fundamental,0.4
C_chromatic,chromatic,C,mid,4,sustain,156.44450885806944,156.44450885806944,-50.3173330846957,22.403338532607904,1.6218975507057851,fundamental,0.3
C_chromatic,chromatic,C,mid,4,decay,156.44450885806944,156.44450885806944,-36.32873583972994,28.22099417993438,1.6218975507057851,fundamental,0.08
C_chromatic,chromatic,C,mid,5,attack,164.54741742688253,164.54741742688253,-17.620623492554827,36.429704990905805,1.4121861302994787,fundamental,0.08
C_chromatic,chromatic,C,mid,5,stabilization,164.54741742688253,164.54741742688253,-9.980452971193271,48.346630753766945,1.4121861302994787,fundamental,0.14
C_chromatic,chromatic,C,mid,5,body,164.54741742688253,164.54741742688253,-9.277171587998277,52.69635161336064,1.4121861302994787,fundamental,0.4
C_chromatic,chromatic,C,mid,5,sustain,164.54741742688253,164.54741742688253,-9.45225408357711,61.51909159906636,1.4121861302994787,fundamental,0.3
C_chromatic,chromatic,C,mid,5,decay,164.54741742688253,164.54741742688253,-9.59755179345293,54.30083278781595,1.4121861302994787,fundamental,0.08
C_chromatic,chromatic,C,mid,6,attack,174.1917798990452,174.1917798990452,-20.43588762418834,36.3478167219786,1.4740962344535102,fundamental,0.08
C_chromatic,chromatic,C,mid,6,stabilization,174.1917798990452,174.1917798990452,-20.70467313305543,46.50974159310535,1.4740962344535102,fundamental,0.14
C_chromatic,chromatic,C,mid,6,body,174.1917798990452,174.1917798990452,-20.369484107534305,53.91092264293549,1.4740962344535102,fundamental,0.4
C_chromatic,chromatic,C,mid,6,sustain,174.1917798990452,174.1917798990452,-20.26181844253505,59.85340105103384,1.4740962344535102,fundamental,0.3
C_chromatic,chromatic,C,mid,6,decay,174.1917798990452,174.1917798990452,-20.117640176637494,49.668436351584596,1.4740962344535102,fundamental,0.08
C_chromatic,chromatic,C,mid,7,attack,184.4113213297225,184.4113213297225,-27.314939280526147,49.560934333748264,1.6040320856407029,fundamental,0.08
C_chromatic,chromatic,C,mid,7,stabilization,184.4113213297225,184.4113213297225,-14.432970321416342,62.90044371968485,1.6040320856407029,fundamental,0.14
C_chromatic,chromatic,C,mid,7,body,184.4113213297225,184.4113213297225,-14.748097000136944,74.46549968522852,1.6040320856407029,fundamental,0.4
C_chromatic,chromatic,C,mid,7,sustain,184.4113213297225,184.4113213297225,-15.04590289904352,72.25751188643767,1.6040320856407029,fundamental,0.3
C_chromatic,chromatic,C,mid,7,decay,184.4113213297225,184.4113213297225,-15.302114330021888,72.08261440891923,1.6040320856407029,fundamental,0.08
C_chromatic,chromatic,C,mid,8,attack,166.63123294319203,166.63123294319203,-26.219129352305664,34.71052452568367,1.3147545075878948,fundamental,0.08
C_chromatic,chromatic,C,mid,8,stabilization,166.63123294319203,166.63123294319203,-19.45674241394706,41.99915953884075,1.3147545075878948,fundamental,0.14
C_chromatic,chromatic,C,mid,8,body,166.63123294319203,166.63123294319203,-47.66214917211677,16.639626141270213,1.3147545075878948,fundamental,0.4
C_chromatic,chromatic,C,mid,8,sustain,166.63123294319203,166.63123294319203,-50.46606556496386,20.147478337286174,1.3147545075878948,fundamental,0.3
C_chromatic,chromatic,C,mid,8,decay,166.63123294319203,166.63123294319203,-34.02652012002972,35.205917925146196,1.3147545075878948,fundamental,0.08
C_chromatic,chromatic,C,mid,9,attack,174.27288969276077,174.27288969276077,-22.84135085423823,36.737397516290685,1.3645343530458558,fundamental,0.08
C_chromatic,chromatic,C,mid,9,stabilization,174.27288969276077,174.27288969276077,-9.083065617261823,51.87232653470695,1.3645343530458558,fundamental,0.14
C_chromatic,chromatic,C,mid,9,body,174.27288969276077,174.27288969276077,-9.859138130520698,60.10972958422206,1.3645343530458558,fundamental,0.4
C_chromatic,chromatic,C,mid,9,sustain,174.27288969276077,174.27288969276077,-9.946645524827062,65.75892408792714,1.3645343530458558,fundamental,0.3
C_chromatic,chromatic,C,mid,9,decay,174.27288969276077,174.27288969276077,-9.9418496354593,54.55756729257837,1.3645343530458558,fundamental,0.08
C_chromatic,chromatic,C,mid,10,attack,184.25040165614507,184.25040165614507,-2.7555822940354275,58.88672904165814,1.372966682856834,fundamental,0.08
C_chromatic,chromatic,C,mid,10,stabilization,184.25040165614507,184.25040165614507,-37.696678067915,38.726687655646785,1.372966682856834,fundamental,0.14
C_chromatic,chromatic,C,mid,10,body,184.25040165614507,184.25040165614507,-24.976822034882147,65.21336545669574,1.372966682856834,fundamental,0.4
C_chromatic,chromatic,C,mid,10,sustain,184.25040165614507,184.25040165614507,-25.45209225888925,62.64869369531985,1.372966682856834,fundamental,0.3
C_chromatic,chromatic,C,mid,10,decay,184.25040165614507,184.25040165614507,-25.939074693182924,62.02167429182233,1.372966682856834,fundamental,0.08
C_chromatic,chromatic,C,mid,11,attack,195.16025264655627,195.16025264655627,-28.164000822048465,51.06194695036664,1.307035720794442,fundamental,0.08
C_chromatic,chromatic,C,mid,11,stabilization,195.16025264655627,195.16025264655627,-28.14696510098589,51.70182524061595,1.307035720794442,fundamental,0.14
C_chromatic,chromatic,C,mid,11,body,195.16025264655627,195.16025264655627,-13.083513573893924,69.15669334768353,1.307035720794442,fundamental,0.4
C_chromatic,chromatic,C,mid,11,sustain,195.16025264655627,195.16025264655627,-13.14834107982906,67.46668902894831,1.307035720794442,fundamental,0.3
C_chromatic,chromatic,C,mid,12,attack,176.98981398589606,176.98981398589606,-33.22779369439493,27.914564433139617,1.354710245246564,fundamental,0.08
C_chromatic,chromatic,C,mid,12,stabilization,176.98981398589606,176.98981398589606,-15.865727138414464,43.99489679328228,1.354710245246564,fundamental,0.14
C_chromatic,chromatic,C,mid,12,body,176.98981398589606,176.98981398589606,-45.837277270433454,45.324495673957486,1.354710245246564,fundamental,0.4
C_chromatic,chromatic,C,mid,12,sustain,176.98981398589606,176.98981398589606,-49.32241763180575,42.78438506285886,1.354710245246564,fundamental,0.3
C_chromatic,chromatic,C,mid,12,decay,176.98981398589606,176.98981398589606,-21.014207882536557,63.85809735902545,1.354710245246564,fundamental,0.08
C_chromatic,chromatic,C,mid,13,attack,184.50202036998144,184.50202036998144,-29.071808698883025,49.19128550422405,1.5530935127726992,fundamental,0.08
C_chromatic,chromatic,C,mid,13,stabilization,184.50202036998144,184.50202036998144,-4.759372273415998,66.28448211016828,1.5530935127726992,fundamental,0.14
C_chromatic,chromatic,C,mid,13,body,184.50202036998144,184.50202036998144,-13.617836031407217,76.11874355756157,1.5530935127726992,fundamental,0.4
C_chromatic,chromatic,C,mid,13,sustain,184.50202036998144,184.50202036998144,-13.861884986381732,74.04616617031093,1.5530935127726992,fundamental,0.3
C_chromatic,chromatic,C,mid,13,decay,184.50202036998144,184.50202036998144,-13.849867362835203,74.2201406902871,1.5530935127726992,fundamental,0.08
C_chromatic,chromatic,C,mid,14,attack,195.2081647856995,195.2081647856995,-27.215565053216828,43.87049819941278,1.3465155125763328,fundamental,0.08
C_chromatic,chromatic,C,mid,14,stabilization,195.2081647856995,195.2081647856995,-17.888924890241604,64.16069112590488,1.3465155125763328,fundamental,0.14
C_chromatic,chromatic,C,mid,14,body,195.2081647856995,195.2081647856995,-18.14776088090244,66.67610412015853,1.3465155125763328,fundamental,0.4
C_chromatic,chromatic,C,mid,14,sustain,195.2081647856995,195.2081647856995,-18.31405698963481,65.04256921470011,1.3465155125763328,fundamental,0.3
C_chromatic,chromatic,C,mid,14,decay,195.2081647856995,195.2081647856995,-18.362541179713816,64.58829090561674,1.3465155125763328,fundamental,0.08
C_chromatic,chromatic,C,mid,15,attack,206.65558496701252,206.65558496701252,-30.83564184050796,39.456441812297854,0.7370989325012323,fundamental,0.08
C_chromatic,chromatic,C,mid,15,stabilization,206.65558496701252,206.65558496701252,-5.192905441849135,68.61655929326996,0.7370989325012323,fundamental,0.14
C_chromatic,chromatic,C,mid,15,body,206.65558496701252,206.65558496701252,-6.4267391448352384,77.00540591021938,0.7370989325012323,fundamental,0.4
C_chromatic,chromatic,C,mid,15,sustain,206.65558496701252,206.65558496701252,-6.71172523409831,77.53310365211101,0.7370989325012323,fundamental,0.3
C_chromatic,chromatic,C,mid,15,decay,206.65558496701252,206.65558496701252,-6.876888109557541,75.27507039180372,0.7370989325012323,fundamental,0.08
C_chromatic,chromatic,C,mid,16,attack,188.08582954836177,188.08582954836177,-19.7065809813696,41.483874375172874,1.1673764526880854,fundamental,0.08
C_chromatic,chromatic,C,mid,16,stabilization,188.08582954836177,188.08582954836177,-22.03773537527416,60.6569982398203,1.1673764526880854,fundamental,0.14
C_chromatic,chromatic,C,mid,16,body,188.08582954836177,188.08582954836177,-44.8765151463173,42.52079414418702,1.1673764526880854,fundamental,0.4
C_chromatic,chromatic,C,mid,16,sustain,188.08582954836177,188.08582954836177,-47.629610987467785,35.67594845862794,1.1673764526880854,fundamental,0.3
C_chromatic,chromatic,C,mid,16,decay,188.08582954836177,188.08582954836177,-32.37999875911383,49.22450995203731,1.1673764526880854,fundamental,0.08
C_chromatic,chromatic,C,mid,17,attack,195.31247191101124,195.31247191101124,-15.11416604862528,54.61256094783727,1.3200029870847152,fundamental,0.08
C_chromatic,chromatic,C,mid,17,stabilization,195.31247191101124,195.31247191101124,-9.450098723867306,68.9219655702532,1.3200029870847152,fundamental,0.14
C_chromatic,chromatic,C,mid,17,body,195.31247191101124,195.31247191101124,-9.527615178589166,71.35592001272124,1.3200029870847152,fundamental,0.4
C_chromatic,chromatic,C,mid,17,sustain,195.31247191101124,195.31247191101124,-9.415637558257494,69.85451369472104,1.3200029870847152,fundamental,0.3
C_chromatic,chromatic,C,mid,17,decay,195.31247191101124,195.31247191101124,-9.416965672502611,69.65648287931381,1.3200029870847152,fundamental,0.08
C_chromatic,chromatic,C,mid,18,attack,206.66706199492177,206.66706199492177,-20.517382790580243,48.70443709402271,1.0347233520873431,fundamental,0.08
C_chromatic,chromatic,C,mid,18,stabilization,206.66706199492177,206.66706199492177,-13.853889014421682,64.33436613438369,1.0347233520873431,fundamental,0.14
C_chromatic,chromatic,C,mid,18,body,206.66706199492177,206.66706199492177,-13.993706263550555,72.7150825363473,1.0347233520873431,fundamental,0.4
C_chromatic,chromatic,C,mid,18,sustain,206.66706199492177,206.66706199492177,-13.92967686122681,73.43559525576964,1.0347233520873431,fundamental,0.3
C_chromatic,chromatic,C,mid,18,decay,206.66706199492177,206.66706199492177,-14.022600583550464,71.27412519717564,1.0347233520873431,fundamental,0.08
C_chromatic,chromatic,C,mid,19,attack,218.98482993338132,218.98482993338132,-19.212978925870665,51.50749801427453,1.1793801458448918,fundamental,0.08
C_chromatic,chromatic,C,mid,19,stabilization,218.98482993338132,218.98482993338132,-7.878382422572258,67.78527986074897,1.1793801458448918,fundamental,0.14
C_chromatic,chromatic,C,mid,19,body,218.98482993338132,218.98482993338132,-9.573779464920754,67.51163687561146,1.1793801458448918,fundamental,0.4
C_chromatic,chromatic,C,mid,19,sustain,218.98482993338132,218.98482993338132,-9.730087987402072,69.00414822245344,1.1793801458448918,fundamental,0.3
C_chromatic,chromatic,C,mid,19,decay,218.98482993338132,218.98482993338132,-9.84013213142478,69.09932044534203,1.1793801458448918,fundamental,0.08
C_chromatic,chromatic,C,mid,20,attack,197.09999638266913,197.09999638266913,-25.012118758622897,44.039276346274804,1.2495195937449732,fundamental,0.08
C_chromatic,chromatic,C,mid,20,stabilization,197.09999638266913,197.09999638266913,-26.13644084992696,52.84733198323461,1.2495195937449732,fundamental,0.14
C_chromatic,chromatic,C,mid,20,body,197.09999638266913,197.09999638266913,-53.96187110503786,29.906364835045068,1.2495195937449732,fundamental,0.4
C_chromatic,chromatic,C,mid,20,sustain,197.09999638266913,197.09999638266913,-48.65119736905774,35.24363597227479,1.2495195937449732,fundamental,0.3
C_chromatic,chromatic,C,mid,20,decay,197.09999638266913,197.09999638266913,-41.76117946580391,40.596354868938974,1.2495195937449732,fundamental,0.08
C_chromatic,chromatic,C,mid,21,attack,206.79159341478294,206.79159341478294,-40.35634892125423,39.446037345802395,1.3105640037647848,fundamental,0.08
C_chromatic,chromatic,C,mid,21,stabilization,206.79159341478294,206.79159341478294,-3.3753192088261272,67.36155414157864,1.3105640037647848,fundamental,0.14
C_chromatic,chromatic,C,mid,21,body,206.79159341478294,206.79159341478294,-10.87239943894292,75.74884328352574,1.3105640037647848,fundamental,0.4
C_chromatic,chromatic,C,mid,21,sustain,206.79159341478294,206.79159341478294,-10.967829140152446,76.04470465079055,1.3105640037647848,fundamental,0.3
C_chromatic,chromatic,C,mid,21,decay,206.79159341478294,206.79159341478294,-11.04268494200035,74.06036866519354,1.3105640037647848,fundamental,0.08
C_chromatic,chromatic,C,mid,22,attack,218.83209837058115,218.83209837058115,-24.78337308525276,47.11748747988209,1.079765932932912,fundamental,0.08
C_chromatic,chromatic,C,mid,22,stabilization,218.83209837058115,218.83209837058115,-15.59447816240209,63.792649252930296,1.079765932932912,fundamental,0.14
C_chromatic,chromatic,C,mid,22,body,218.83209837058115,218.83209837058115,-15.772787195106716,63.230681085222976,1.079765932932912,fundamental,0.4
C_chromatic,chromatic,C,mid,22,sustain,218.83209837058115,218.83209837058115,-16.069677568819955,64.44847245917187,1.079765932932912,fundamental,0.3
C_chromatic,chromatic,C,mid,22,decay,218.83209837058115,218.83209837058115,-16.166685514299047,64.53006884206343,1.079765932932912,fundamental,0.08
C_chromatic,chromatic,C,mid,23,attack,231.72356659557798,231.72356659557798,-25.326016782823395,50.77090083223416,1.1787420373226247,fundamental,0.08
C_chromatic,chromatic,C,mid,23,stabilization,231.72356659557798,231.72356659557798,-2.3305453308497377,71.45421086852784,1.1787420373226247,fundamental,0.14
C_chromatic,chromatic,C,mid,23,body,231.72356659557798,231.72356659557798,-10.28801046985098,83.08714955476805,1.1787420373226247,fundamental,0.4
C_chromatic,chromatic,C,mid,23,sustain,231.72356659557798,231.72356659557798,-10.230378386905016,80.71529825144067,1.1787420373226247,fundamental,0.3
C_chromatic,chromatic,C,mid,23,decay,231.72356659557798,231.72356659557798,-10.228323269535656,75.24896401333298,1.1787420373226247,fundamental,0.08
C_chromatic,chromatic,C,mid,24,attack,209.72360508341703,209.72360508341703,-27.91233405404379,39.974003232696546,1.4103969986545766,fundamental,0.08
C_chromatic,chromatic,C,mid,24,stabilization,209.72360508341703,209.72360508341703,-27.517585271706466,52.57929610746118,1.4103969986545766,fundamental,0.14
C_chromatic,chromatic,C,mid,24,body,209.72360508341703,209.72360508341703,-52.8920100467065,33.6576665492875,1.4103969986545766,fundamental,0.4
C_chromatic,chromatic,C,mid,24,sustain,209.72360508341703,209.72360508341703,-48.08863173308618,36.71758932178443,1.4103969986545766,fundamental,0.3
C_chromatic,chromatic,C,mid,24,decay,209.72360508341703,209.72360508341703,-60.86890688227854,25.32008932179494,1.4103969986545766,fundamental,0.08
C_chromatic,chromatic,C,mid,25,attack,219.06144520600702,219.06144520600702,-9.244267491839912,60.93873233284836,1.1568300433309096,fundamental,0.08
C_chromatic,chromatic,C,mid,25,stabilization,219.06144520600702,219.06144520600702,-5.073572847165465,67.21269192972764,1.1568300433309096,fundamental,0.14
C_chromatic,chromatic,C,mid,25,body,219.06144520600702,219.06144520600702,-5.527612942074626,66.97635641874984,1.1568300433309096,fundamental,0.4
C_chromatic,chromatic,C,mid,25,sustain,219.06144520600702,219.06144520600702,-5.708615843378645,68.50354751161653,1.1568300433309096,fundamental,0.3
C_chromatic,chromatic,C,mid,25,decay,219.06144520600702,219.06144520600702,-5.687772492404044,68.3778457216188,1.1568300433309096,fundamental,0.08
C_chromatic,chromatic,C,mid,26,attack,231.7555647862385,231.7555647862385,-23.77575867266939,45.92308493408129,1.0625608315688686,fundamental,0.08
C_chromatic,chromatic,C,mid,26,stabilization,231.7555647862385,231.7555647862385,-15.386068041633404,70.28488589342166,1.0625608315688686,fundamental,0.14
C_chromatic,chromatic,C,mid,26,body,231.7555647862385,231.7555647862385,-15.171110131618269,84.94966235080149,1.0625608315688686,fundamental,0.4
C_chromatic,chromatic,C,mid,26,sustain,231.7555647862385,231.7555647862385,-14.807069445876197,84.46963376298477,1.0625608315688686,fundamental,0.3
C_chromatic,chromatic,C,mid,26,decay,231.7555647862385,231.7555647862385,-14.77404672789904,74.56961326881199,1.0625608315688686,fundamental,0.08
C_chromatic,chromatic,C,mid,27,attack,245.36957653188958,245.36957653188958,-30.837693808772222,32.11084576520956,0.8096682489939244,fundamental,0.08
C_chromatic,chromatic,C,mid,27,stabilization,245.36957653188958,245.36957653188958,-6.65099013048026,63.385792004521505,0.8096682489939244,fundamental,0.14
C_chromatic,chromatic,C,mid,27,body,245.36957653188958,245.36957653188958,-5.1133726901519765,65.3656176475187,0.8096682489939244,fundamental,0.4
C_chromatic,chromatic,C,mid,27,sustain,245.36957653188958,245.36957653188958,-4.313721182319924,64.30089005200101,0.8096682489939244,fundamental,0.3
C_chromatic,chromatic,C,mid,27,decay,245.36957653188958,245.36957653188958,-3.709946938330141,62.52041365268684,0.8096682489939244,fundamental,0.08
C_chromatic,chromatic,C,mid,28,attack,223.21246870679408,223.21246870679408,-22.154209830468645,35.875198268836726,1.0168347155686177,fundamental,0.08
C_chromatic,chromatic,C,mid,28,stabilization,223.21246870679408,223.21246870679408,-25.63086785643732,55.75148539341437,1.0168347155686177,fundamental,0.14
C_chromatic,chromatic,C,mid,28,body,223.21246870679408,223.21246870679408,-50.843725508436215,34.98668721725289,1.0168347155686177,fundamental,0.4
C_chromatic,chromatic,C,mid,28,sustain,223.21246870679408,223.21246870679408,-47.2001642405756,37.422474379499235,1.0168347155686177,fundamental,0.3
C_chromatic,chromatic,C,mid,28,decay,223.21246870679408,223.21246870679408,-58.12690094728449,26.25777334541212,1.0168347155686177,fundamental,0.08
C_chromatic,chromatic,C,mid,29,attack,231.79999189416176,231.79999189416176,-17.01786874255974,50.84096132093065,0.948223061350133,fundamental,0.08
C_chromatic,chromatic,C,mid,29,stabilization,231.79999189416176,231.79999189416176,-9.27244767793318,72.77916928357638,0.948223061350133,fundamental,0.14
C_chromatic,chromatic,C,mid,29,body,231.79999189416176,231.79999189416176,-9.290067553741594,83.42124119272108,0.948223061350133,fundamental,0.4
C_chromatic,chromatic,C,mid,29,sustain,231.79999189416176,231.79999189416176,-9.10933815755157,80.84349823274337,0.948223061350133,fundamental,0.3
C_chromatic,chromatic,C,mid,29,decay,231.79999189416176,231.79999189416176,-9.050172623718694,76.67649743246443,0.948223061350133,fundamental,0.08
C_chromatic,chromatic,C,mid,30,attack,245.18603599799414,245.18603599799414,-20.4266984426798,33.60700813348056,1.2069009715916286,fundamental,0.08
C_chromatic,chromatic,C,mid,30,stabilization,245.18603599799414,245.18603599799414,-15.587165652344575,60.71236217145599,1.2069009715916286,fundamental,0.14
C_chromatic,chromatic,C,mid,30,body,245.18603599799414,245.18603599799414,-14.090464932332624,62.886501874006875,1.2069009715916286,fundamental,0.4
C_chromatic,chromatic,C,mid,30,sustain,245.18603599799414,245.18603599799414,-12.735125232129263,61.78364144721372,1.2069009715916286,fundamental,0.3
C_chromatic,chromatic,C,mid,30,decay,245.18603599799414,245.18603599799414,-12.143455907379687,60.10560030360818,1.2069009715916286,fundamental,0.08
C_chromatic,chromatic,C,mid,31,attack,260.5745335960937,260.5745335960937,-7.168546868842867,55.64328484397314,1.546500305079708,fundamental,0.08
C_chromatic,chromatic,C,mid,31,stabilization,260.5745335960937,260.5745335960937,-9.963394487815629,65.79620040824943,1.546500305079708,fundamental,0.14
C_chromatic,chromatic,C,mid,31,body,260.5745335960937,260.5745335960937,-8.999562480091953,75.17514475572692,1.546500305079708,fundamental,0.4
C_chromatic,chromatic,C,mid,31,sustain,260.5745335960937,260.5745335960937,-7.425301471946916,72.17572911928673,1.546500305079708,fundamental,0.3
C_chromatic,chromatic,C,mid,31,decay,260.5745335960937,260.5745335960937,-6.757629718460294,67.39906780691683,1.546500305079708,fundamental,0.08
C_chromatic,chromatic,C,mid,32,attack,236.6646791227663,236.6646791227663,-16.542236251874286,38.59807588799893,1.4421836649241475,fundamental,0.08
C_chromatic,chromatic,C,mid,32,stabilization,236.6646791227663,236.6646791227663,-19.891392582906867,46.72641688934814,1.4421836649241475,fundamental,0.14
C_chromatic,chromatic,C,mid,32,body,236.6646791227663,236.6646791227663,-63.516100740578885,22.24564040854503,1.4421836649241475,fundamental,0.4
C_chromatic,chromatic,C,mid,32,sustain,236.6646791227663,236.6646791227663,-53.60224808451025,31.388910815747266,1.4421836649241475,fundamental,0.3
C_chromatic,chromatic,C,mid,32,decay,236.6646791227663,236.6646791227663,-53.71266308213537,26.27487737194778,1.4421836649241475,fundamental,0.08
C_chromatic,chromatic,C,mid,33,attack,245.39962605391221,245.39962605391221,-27.56924777051393,43.57961745246845,1.347727048589861,fundamental,0.08
C_chromatic,chromatic,C,mid,33,stabilization,245.39962605391221,245.39962605391221,-8.466743528615787,63.198375707813796,1.347727048589861,fundamental,0.14
C_chromatic,chromatic,C,mid,33,body,245.39962605391221,245.39962605391221,-9.895738966091535,65.69537908676223,1.347727048589861,fundamental,0.4
C_chromatic,chromatic,C,mid,33,sustain,245.39962605391221,245.39962605391221,-7.980098546224298,64.36887232084194,1.347727048589861,fundamental,0.3
C_chromatic,chromatic,C,mid,33,decay,245.39962605391221,245.39962605391221,-7.165875685018946,62.855619175431244,1.347727048589861,fundamental,0.08
C_chromatic,chromatic,C,mid,34,attack,260.4678556842444,260.4678556842444,-15.76937805408707,42.989044046309644,1.382492863840648,fundamental,0.08
C_chromatic,chromatic,C,mid,34,stabilization,260.4678556842444,260.4678556842444,-14.494331947424213,64.00022248448097,1.382492863840648,fundamental,0.14
C_chromatic,chromatic,C,mid,34,body,260.4678556842444,260.4678556842444,-14.317457290405198,73.97669486822366,1.382492863840648,fundamental,0.4
C_chromatic,chromatic,C,mid,34,sustain,260.4678556842444,260.4678556842444,-12.531744234402929,71.39183132938388,1.382492863840648,fundamental,0.3
C_chromatic,chromatic,C,mid,34,decay,260.4678556842444,260.4678556842444,-11.624080397077108,66.4131119903634,1.382492863840648,fundamental,0.08
C_chromatic,chromatic,C,mid,35,attack,275.8197522144031,275.8197522144031,3.610110946056501,54.025000264978324,0.9704994496024528,fundamental,0.08
C_chromatic,chromatic,C,mid,35,stabilization,275.8197522144031,275.8197522144031,-10.08202412060579,66.76208630923824,0.9704994496024528,fundamental,0.14
C_chromatic,chromatic,C,mid,35,body,275.8197522144031,275.8197522144031,-10.384626081503905,66.47231821496405,0.9704994496024528,fundamental,0.4
C_chromatic,chromatic,C,mid,35,sustain,275.8197522144031,275.8197522144031,-10.588364071576848,71.15162372794879,0.9704994496024528,fundamental,0.3
C_chromatic,chromatic,C,mid,35,decay,275.8197522144031,275.8197522144031,-10.763641486835596,66.239998195837,0.9704994496024528,fundamental,0.08
C_chromatic,chromatic,C,mid,36,attack,249.07053973338145,249.07053973338145,-40.603430360585655,22.930860822980662,1.1160739650292206,fundamental,0.08
C_chromatic,chromatic,C,mid,36,stabilization,249.07053973338145,249.07053973338145,-29.640131018565818,43.185247782476104,1.1160739650292206,fundamental,0.14
C_chromatic,chromatic,C,mid,36,body,249.07053973338145,249.07053973338145,-53.10986339544306,22.745094699222193,1.1160739650292206,fundamental,0.4
C_chromatic,chromatic,C,mid,36,sustain,249.07053973338145,249.07053973338145,-58.71979379966574,14.390911341694519,1.1160739650292206,fundamental,0.3
C_chromatic,chromatic,C,mid,36,decay,249.07053973338145,249.07053973338145,-38.40705479724329,33.236168747692105,1.1160739650292206,fundamental,0.08
C_chromatic,chromatic,C,mid,37,attack,260.70509886324464,260.70509886324464,-14.517264173134627,46.63855573935818,1.3938637394732063,fundamental,0.08
C_chromatic,chromatic,C,mid,37,stabilization,260.70509886324464,260.70509886324464,-10.134442290478203,67.51221503378963,1.3938637394732063,fundamental,0.14
C_chromatic,chromatic,C,mid,37,body,260.70509886324464,260.70509886324464,-8.224682393798737,76.90898341730446,1.3938637394732063,fundamental,0.4
C_chromatic,chromatic,C,mid,37,sustain,260.70509886324464,260.70509886324464,-6.606084595843839,73.36843744401949,1.3938637394732063,fundamental,0.3
C_chromatic,chromatic,C,mid,37,decay,260.70509886324464,260.70509886324464,-5.7238006049161,69.57611847118304,1.3938637394732063,fundamental,0.08
C_chromatic,chromatic,C,mid,38,attack,276.0106682083266,276.0106682083266,-18.350376334990955,40.222075809351225,1.36346726608856,fundamental,0.08
C_chromatic,chromatic,C,mid,38,stabilization,276.0106682083266,276.0106682083266,-18.391063190071,64.08024140705044,1.36346726608856,fundamental,0.14
C_chromatic,chromatic,C,mid,38,body,276.0106682083266,276.0106682083266,-18.594462987047923,64.05636168107569,1.36346726608856,fundamental,0.4
C_chromatic,chromatic,C,mid,38,sustain,276.0106682083266,276.0106682083266,-18.443820248068377,67.772773397317,1.36346726608856,fundamental,0.3
C_chromatic,chromatic,C,mid,38,decay,276.0106682083266,276.0106682083266,-16.58828477730281,65.54151762095172,1.36346726608856,fundamental,0.08
C_chromatic,chromatic,C,mid,39,attack,292.089574926928,292.089574926928,2.400918277737617,61.312710175375464,1.7337261760764553,fundamental,0.08
C_chromatic,chromatic,C,mid,39,stabilization,292.089574926928,292.089574926928,-22.87311537601017,64.24135918596485,1.7337261760764553,fundamental,0.14
C_chromatic,chromatic,C,mid,39,body,292.089574926928,292.089574926928,-12.37646581245636,83.04025352604116,1.7337261760764553,fundamental,0.4
C_chromatic,chromatic,C,mid,39,sustain,292.089574926928,292.089574926928,-12.104807079236732,81.68896164255882,1.7337261760764553,fundamental,0.3
C_chromatic,chromatic,C,mid,39,decay,292.089574926928,292.089574926928,-12.156177610512117,70.32006815039165,1.7337261760764553,fundamental,0.08
C_chromatic,chromatic,C,mid,40,attack,265.81551635129284,265.81551635129284,-43.28556985297799,20.818993867201755,1.5851433210943249,fundamental,0.08
C_chromatic,chromatic,C,mid,40,stabilization,265.81551635129284,265.81551635129284,-28.664204729078158,51.65819495210974,1.5851433210943249,fundamental,0.14
C_chromatic,chromatic,C,mid,40,body,265.81551635129284,265.81551635129284,-52.22648118498164,26.88848275566086,1.5851433210943249,fundamental,0.4
C_chromatic,chromatic,C,mid,40,sustain,265.81551635129284,265.81551635129284,-55.99383043237381,24.323930710688202,1.5851433210943249,fundamental,0.3
C_chromatic,chromatic,C,mid,40,decay,265.81551635129284,265.81551635129284,-29.834635053450256,46.61550512001321,1.5851433210943249,fundamental,0.08
C_chromatic,chromatic,C,mid,41,attack,276.0625253893952,276.0625253893952,1.2126628489983489,53.939501815394614,1.3095928386683644,fundamental,0.08
C_chromatic,chromatic,C,mid,41,stabilization,276.0625253893952,276.0625253893952,-12.229216067883762,64.6023310352798,1.3095928386683644,fundamental,0.14
C_chromatic,chromatic,C,mid,41,body,276.0625253893952,276.0625253893952,-10.641817551349554,66.610947770604,1.3095928386683644,fundamental,0.4
C_chromatic,chromatic,C,mid,41,sustain,276.0625253893952,276.0625253893952,-10.620600609626171,69.80765610373533,1.3095928386683644,fundamental,0.3
C_chromatic,chromatic,C,mid,41,decay,276.0625253893952,276.0625253893952,-10.785335800926228,66.1483492999804,1.3095928386683644,fundamental,0.08
C_chromatic,chromatic,C,mid,42,attack,292.1371319613269,292.1371319613269,-15.062316842133114,48.80817438362096,1.209577549885665,fundamental,0.08
C_chromatic,chromatic,C,mid,42,stabilization,292.1371319613269,292.1371319613269,-17.437514088159883,69.53677113269416,1.209577549885665,fundamental,0.14
C_chromatic,chromatic,C,mid,42,body,292.1371319613269,292.1371319613269,-15.505014320255434,80.58048905951804,1.209577549885665,fundamental,0.4
C_chromatic,chromatic,C,mid,42,sustain,292.1371319613269,292.1371319613269,-15.126990397476106,79.04255024619546,1.209577549885665,fundamental,0.3
C_chromatic,chromatic,C,mid,42,decay,292.1371319613269,292.1371319613269,-14.922673993559863,68.43918117163611,1.209577549885665,fundamental,0.08
C_chromatic,chromatic,C,mid,43,attack,309.4199007242617,309.4199007242617,2.781906269415451,62.19463513219563,2.1058103204750243,fundamental,0.08
C_chromatic,chromatic,C,mid,43,stabilization,309.4199007242617,309.4199007242617,-19.50487053616962,73.24055876896679,2.1058103204750243,fundamental,0.14
C_chromatic,chromatic,C,mid,43,body,309.4199007242617,309.4199007242617,-10.49124187098153,82.74668233448341,2.1058103204750243,fundamental,0.4
C_chromatic,chromatic,C,mid,43,sustain,309.4199007242617,309.4199007242617,-8.923999270666478,81.98861411853039,2.1058103204750243,fundamental,0.3
C_chromatic,chromatic,C,mid,43,decay,309.4199007242617,309.4199007242617,-8.228029028958815,81.23819389301981,2.1058103204750243,fundamental,0.08
C_chromatic,chromatic,C,mid,44,attack,279.8969851909752,279.8969851909752,-2.6081463621121657,61.99947190734598,1.2156332576145423,fundamental,0.08
C_chromatic,chromatic,C,mid,44,stabilization,279.8969851909752,279.8969851909752,-26.4791247109635,55.86247728438603,1.2156332576145423,fundamental,0.14
C_chromatic,chromatic,C,mid,44,body,279.8969851909752,279.8969851909752,-61.38306875998565,30.992305560074115,1.2156332576145423,fundamental,0.4
C_chromatic,chromatic,C,mid,44,sustain,279.8969851909752,279.8969851909752,-54.46431562700042,40.770384094849774,1.2156332576145423,fundamental,0.3
C_chromatic,chromatic,C,mid,44,decay,279.8969851909752,279.8969851909752,-29.80391044401465,56.65412885657,1.2156332576145423,fundamental,0.08
C_chromatic,chromatic,C,mid,45,attack,292.18314634095594,292.18314634095594,-19.94455254911673,54.46343761097648,1.21199121995616,fundamental,0.08
C_chromatic,chromatic,C,mid,45,stabilization,292.18314634095594,292.18314634095594,-43.64919834769419,38.846503407243276,1.21199121995616,fundamental,0.14
C_chromatic,chromatic,C,mid,45,body,292.18314634095594,292.18314634095594,-9.272676939962157,83.17695478865939,1.21199121995616,fundamental,0.4
C_chromatic,chromatic,C,mid,45,sustain,292.18314634095594,292.18314634095594,-9.534435232390145,80.99109788481283,1.21199121995616,fundamental,0.3
C_chromatic,chromatic,C,mid,45,decay,292.18314634095594,292.18314634095594,-9.601121907293006,70.1630285923064,1.21199121995616,fundamental,0.08
C_chromatic,chromatic,C,mid,46,attack,309.5238810997476,309.5238810997476,-9.582473999432509,73.02758314900049,1.456032180453214,fundamental,0.08
C_chromatic,chromatic,C,mid,46,stabilization,309.5238810997476,309.5238810997476,-1.271281527872567,66.54096126212026,1.456032180453214,fundamental,0.14
C_chromatic,chromatic,C,mid,46,body,309.5238810997476,309.5238810997476,-17.748457935395642,77.81989832142554,1.456032180453214,fundamental,0.4
C_chromatic,chromatic,C,mid,46,sustain,309.5238810997476,309.5238810997476,-14.46030594318422,78.80485387705212,1.456032180453214,fundamental,0.3
C_chromatic,chromatic,C,mid,46,decay,309.5238810997476,309.5238810997476,-14.387788415066083,78.24732534606102,1.456032180453214,fundamental,0.08
C_chromatic,chromatic,C,mid,47,attack,328.0237572617419,328.0237572617419,-12.166330241493329,65.17810163317176,0.7918802932293536,fundamental,0.08
C_chromatic,chromatic,C,mid,47,stabilization,328.0237572617419,328.0237572617419,-7.82872226097161,81.08096953764108,0.7918802932293536,fundamental,0.14
C_chromatic,chromatic,C,mid,47,body,328.0237572617419,328.0237572617419,-8.510489782814222,75.81508781710266,0.7918802932293536,fundamental,0.4
C_chromatic,chromatic,C,mid,47,sustain,328.0237572617419,328.0237572617419,-8.00575999300193,76.39619970731553,0.7918802932293536,fundamental,0.3
C_chromatic,chromatic,C,mid,47,decay,328.0237572617419,328.0237572617419,-7.800738074542572,74.41038782604019,0.7918802932293536,fundamental,0.08
C_chromatic,chromatic,C,mid,48,attack,297.5469519862326,297.5469519862326,-5.546613309817332,53.86569915249753,1.1019243074329368,fundamental,0.08
C_chromatic,chromatic,C,mid,48,stabilization,297.5469519862326,297.5469519862326,-21.974438729437768,60.42376729395275,1.1019243074329368,fundamental,0.14
C_chromatic,chromatic,C,mid,48,body,297.5469519862326,297.5469519862326,-59.52293555800533,36.40570001723553,1.1019243074329368,fundamental,0.4
C_chromatic,chromatic,C,mid,48,sustain,297.5469519862326,297.5469519862326,-52.9057230830408,42.166411266271254,1.1019243074329368,fundamental,0.3
C_chromatic,chromatic,C,mid,48,decay,297.5469519862326,297.5469519862326,-45.78708667934684,43.4975223605674,1.1019243074329368,fundamental,0.08
C_chromatic,chromatic,C,mid,49,attack,309.89834458673954,309.89834458673954,-27.060354383660425,56.94369806039792,1.229592143565766,fundamental,0.08
C_chromatic,chromatic,C,mid,49,stabilization,309.89834458673954,309.89834458673954,-1.5372835686546438,72.00605979850377,1.229592143565766,fundamental,0.14
C_chromatic,chromatic,C,mid,49,body,309.89834458673954,309.89834458673954,-10.239679077587516,81.44839340187038,1.229592143565766,fundamental,0.4
C_chromatic,chromatic,C,mid,49,sustain,309.89834458673954,309.89834458673954,-10.893015212986365,78.94523037510768,1.229592143565766,fundamental,0.3
C_chromatic,chromatic,C,mid,49,decay,309.89834458673954,309.89834458673954,-11.286590147354136,78.35334978128051,1.229592143565766,fundamental,0.08
C_chromatic,chromatic,C,mid,50,attack,327.7032597838066,327.7032597838066,-17.363475195855692,64.24619853611048,2.1257990582568245,fundamental,0.08
C_chromatic,chromatic,C,mid,50,stabilization,327.7032597838066,327.7032597838066,-7.139929311144464,76.77341920696736,2.1257990582568245,fundamental,0.14
C_chromatic,chromatic,C,mid,50,body,327.7032597838066,327.7032597838066,-7.409761542668733,74.56904997690646,2.1257990582568245,fundamental,0.4
C_chromatic,chromatic,C,mid,50,sustain,327.7032597838066,327.7032597838066,-15.201783847403352,75.24168280951679,2.1257990582568245,fundamental,0.3
C_chromatic,chromatic,C,mid,50,decay,327.7032597838066,327.7032597838066,-14.867404527616712,73.27032863221822,2.1257990582568245,fundamental,0.08
C_chromatic,chromatic,C,mid,51,attack,347.9003216808484,347.9003216808484,-13.063086465688457,65.06197604493516,0.96162453238207,fundamental,0.08
C_chromatic,chromatic,C,mid,51,stabilization,347.9003216808484,347.9003216808484,-19.20299770385444,59.743579121304705,0.96162453238207,fundamental,0.14
C_chromatic,chromatic,C,mid,51,body,347.9003216808484,347.9003216808484,-7.0042381408091074,74.7511787846376,0.96162453238207,fundamental,0.4
C_chromatic,chromatic,C,mid,51,sustain,347.9003216808484,347.9003216808484,-7.76669104326411,74.88668644773529,0.96162453238207,fundamental,0.3
C_chromatic,chromatic,C,mid,51,decay,347.9003216808484,347.9003216808484,-7.390508307808812,73.10742468295051,0.96162453238207,fundamental,0.08
C_chromatic,chromatic,C,mid,52,attack,316.0877051130395,316.0877051130395,-53.71595218065846,20.606793830751457,1.3324737871980012,fundamental,0.08
C_chromatic,chromatic,C,mid,52,stabilization,316.0877051130395,316.0877051130395,-7.253718137306649,56.23908959334619,1.3324737871980012,fundamental,0.14
C_chromatic,chromatic,C,mid,52,body,316.0877051130395,316.0877051130395,-64.52528481805743,26.055883612197206,1.3324737871980012,fundamental,0.4
C_chromatic,chromatic,C,mid,52,sustain,316.0877051130395,316.0877051130395,-54.97693503477064,36.59908614591862,1.3324737871980012,fundamental,0.3
C_chromatic,chromatic,C,mid,53,attack,326.9920977525429,326.9920977525429,-60.48980919186505,22.08758210369058,2.099074201806564,fundamental,0.08
C_chromatic,chromatic,C,mid,53,stabilization,326.9920977525429,326.9920977525429,-11.630018394657789,73.6518385198484,2.099074201806564,fundamental,0.14
C_chromatic,chromatic,C,mid,53,body,326.9920977525429,326.9920977525429,-0.342509242231813,74.50516926795669,2.099074201806564,fundamental,0.4
C_chromatic,chromatic,C,mid,53,sustain,326.9920977525429,326.9920977525429,-10.107555874815109,75.69275396117334,2.099074201806564,fundamental,0.3
C_chromatic,chromatic,C,mid,53,decay,326.9920977525429,326.9920977525429,-10.395753236044996,73.16684053308722,2.099074201806564,fundamental,0.08
C_chromatic,chromatic,C,mid,54,attack,347.57733728029115,347.57733728029115,-42.69694464129682,31.538478088026665,2.1468839343405794,fundamental,0.08
C_chromatic,chromatic,C,mid,54,stabilization,347.57733728029115,347.57733728029115,-1.2987208977512736,67.7530862176387,2.1468839343405794,fundamental,0.14
C_chromatic,chromatic,C,mid,54,body,347.57733728029115,347.57733728029115,-11.182012668633767,73.95556173097404,2.1468839343405794,fundamental,0.4
C_chromatic,chromatic,C,mid,54,sustain,347.57733728029115,347.57733728029115,-13.390341982488614,72.53176335032205,2.1468839343405794,fundamental,0.3
C_chromatic,chromatic,C,mid,54,decay,347.57733728029115,347.57733728029115,-13.660394741001532,70.9607705343542,2.1468839343405794,fundamental,0.08
C_chromatic,chromatic,C,mid,55,attack,368.4414720906456,368.4414720906456,-17.361708554343323,66.11085075496248,2.1045997608102027,fundamental,0.08
C_chromatic,chromatic,C,mid,55,stabilization,368.4414720906456,368.4414720906456,-2.294998261470532,78.1015182043083,2.1045997608102027,fundamental,0.14
C_chromatic,chromatic,C,mid,55,body,368.4414720906456,368.4414720906456,2.1891700735826234,79.2170086824436,2.1045997608102027,fundamental,0.4
C_chromatic,chromatic,C,mid,55,sustain,368.4414720906456,368.4414720906456,-8.958288376728678,88.51842913229001,2.1045997608102027,fundamental,0.3
C_chromatic,chromatic,C,mid,55,decay,368.4414720906456,368.4414720906456,-8.84107396472259,82.86306549614969,2.1045997608102027,fundamental,0.08
C_chromatic,chromatic,C,mid,56,attack,333.3219324420549,333.3219324420549,-38.02872379848321,21.281465701816913,1.6170959744801197,fundamental,0.08
C_chromatic,chromatic,C,mid,56,stabilization,333.3219324420549,333.3219324420549,-7.959901666184791,45.34864377587128,1.6170959744801197,fundamental,0.14
C_chromatic,chromatic,C,mid,56,body,333.3219324420549,333.3219324420549,-60.79159835905375,37.711121707932634,1.6170959744801197,fundamental,0.4
C_chromatic,chromatic,C,mid,56,sustain,333.3219324420549,333.3219324420549,-69.6884270837382,25.128006085410973,1.6170959744801197,fundamental,0.3
C_chromatic,chromatic,C,mid,56,decay,333.3219324420549,333.3219324420549,-32.55374321829028,55.77578337282381,1.6170959744801197,fundamental,0.08
C_chromatic,chromatic,C,mid,57,attack,347.91249995481087,347.91249995481087,-18.256261026345705,54.869937433533224,0.9804655716079856,fundamental,0.08
C_chromatic,chromatic,C,mid,57,stabilization,347.91249995481087,347.91249995481087,-0.8580232325331707,69.36600596618399,0.9804655716079856,fundamental,0.14
C_chromatic,chromatic,C,mid,57,body,347.91249995481087,347.91249995481087,-9.391682533241337,75.30076784345582,0.9804655716079856,fundamental,0.4
C_chromatic,chromatic,C,mid,57,sustain,347.91249995481087,347.91249995481087,-9.642214898343546,73.41940822159054,0.9804655716079856,fundamental,0.3
C_chromatic,chromatic,C,mid,57,decay,347.91249995481087,347.91249995481087,-10.098117968791684,72.17495625062645,0.9804655716079856,fundamental,0.08
C_chromatic,chromatic,C,mid,58,attack,368.50361746289474,368.50361746289474,-50.2777093006432,31.845100255869596,1.894199099934416,fundamental,0.08
C_chromatic,chromatic,C,mid,58,stabilization,368.50361746289474,368.50361746289474,1.719794210992042,75.20589966652705,1.894199099934416,fundamental,0.14
C_chromatic,chromatic,C,mid,58,body,368.50361746289474,368.50361746289474,-12.569178227302462,85.29489265393016,1.894199099934416,fundamental,0.4
C_chromatic,chromatic,C,mid,58,sustain,368.50361746289474,368.50361746289474,-13.889826371306953,89.44281997840771,1.894199099934416,fundamental,0.3
C_chromatic,chromatic,C,mid,58,decay,368.50361746289474,368.50361746289474,-13.721157729524204,80.72994857106491,1.894199099934416,fundamental,0.08
C_chromatic,chromatic,C,mid,59,attack,390.55795371205477,390.55795371205477,-15.307617277673884,60.32847428052098,1.2576620974534178,fundamental,0.08
C_chromatic,chromatic,C,mid,59,stabilization,390.55795371205477,390.55795371205477,8.23104270975849,60.931739828441295,1.2576620974534178,fundamental,0.14
C_chromatic,chromatic,C,mid,59,body,390.55795371205477,390.55795371205477,-10.43369784441722,80.9687807788004,1.2576620974534178,fundamental,0.4
C_chromatic,chromatic,C,mid,59,sustain,390.55795371205477,390.55795371205477,-10.78347689677917,83.07864918723683,1.2576620974534178,fundamental,0.3
C_chromatic,chromatic,C,mid,59,decay,390.55795371205477,390.55795371205477,-10.55941948546095,78.1827263853052,1.2576620974534178,fundamental,0.08
C_chromatic,chromatic,C,mid,60,attack,349.61881107929526,349.61881107929526,-49.32082914342826,23.992490726763606,1.6334842446305702,fundamental,0.08
C_chromatic,chromatic,C,mid,60,stabilization,349.61881107929526,349.61881107929526,-28.69676070929402,56.412988735452224,1.6334842446305702,fundamental,0.14
C_chromatic,chromatic,C,mid,60,body,349.61881107929526,349.61881107929526,-65.04225560958646,19.253529151569637,1.6334842446305702,fundamental,0.4
C_chromatic,chromatic,C,mid,60,sustain,349.61881107929526,349.61881107929526,-78.49166879044402,3.594910649300189,1.6334842446305702,fundamental,0.3
C_chromatic,chromatic,C,mid,60,decay,349.61881107929526,349.61881107929526,-39.50004753448661,41.96138960916214,1.6334842446305702,fundamental,0.08
C_chromatic,chromatic,C,mid,61,attack,369.03779443388635,369.03779443388635,-1.843205786858384,50.38248669129817,0.964825741454368,fundamental,0.08
C_chromatic,chromatic,C,mid,61,stabilization,369.03779443388635,369.03779443388635,-10.001423634931529,82.52340798973398,0.964825741454368,fundamental,0.14
C_chromatic,chromatic,C,mid,61,body,369.03779443388635,369.03779443388635,-9.260405167842595,85.6724884115961,0.964825741454368,fundamental,0.4
C_chromatic,chromatic,C,mid,61,sustain,369.03779443388635,369.03779443388635,-9.03853951701712,87.93188446713955,0.964825741454368,fundamental,0.3
C_chromatic,chromatic,C,mid,61,decay,369.03779443388635,369.03779443388635,-9.052116445724106,81.19199777795495,0.964825741454368,fundamental,0.08
C_chromatic,chromatic,C,mid,62,attack,390.60673101456274,390.60673101456274,-41.7495174540212,23.64752973031301,1.2036514105595308,fundamental,0.08
C_chromatic,chromatic,C,mid,62,stabilization,390.60673101456274,390.60673101456274,-12.27801859611968,75.61171949491793,1.2036514105595308,fundamental,0.14
C_chromatic,chromatic,C,mid,62,body,390.60673101456274,390.60673101456274,-11.891870614864736,79.0519896904107,1.2036514105595308,fundamental,0.4
C_chromatic,chromatic,C,mid,62,sustain,390.60673101456274,390.60673101456274,-12.331863102057568,80.63351321083346,1.2036514105595308,fundamental,0.3
C_chromatic,chromatic,C,mid,62,decay,390.60673101456274,390.60673101456274,-12.25874255539025,75.59609543297489,1.2036514105595308,fundamental,0.08
C_chromatic,chromatic,C,high,63,attack,413.6699635244571,413.6699635244571,-8.634107479973615,36.781518293193315,1.021109379851903,fundamental,0.08
C_chromatic,chromatic,C,high,63,stabilization,413.6699635244571,413.6699635244571,-10.158967074164078,71.81372505857357,1.021109379851903,fundamental,0.14
C_chromatic,chromatic,C,high,63,body,413.6699635244571,413.6699635244571,-11.02977472566722,69.29147518866016,1.021109379851903,fundamental,0.4
C_chromatic,chromatic,C,high,63,sustain,413.6699635244571,413.6699635244571,-8.618030460172982,71.84204560160248,1.021109379851903,fundamental,0.3
C_chromatic,chromatic,C,high,63,decay,413.6699635244571,413.6699635244571,27.313848587576388,51.54383127386801,1.021109379851903,fundamental,0.08
C_chromatic,chromatic,C,mid,64,attack,374.79569686757173,374.79569686757173,-37.58810714576549,24.508325789117393,1.926537907165949,fundamental,0.08
C_chromatic,chromatic,C,mid,64,stabilization,374.79569686757173,374.79569686757173,-29.22900640637053,53.02290550943419,1.926537907165949,fundamental,0.14
C_chromatic,chromatic,C,mid,64,body,374.79569686757173,374.79569686757173,-70.28840668267819,24.469374842337274,1.926537907165949,fundamental,0.4
C_chromatic,chromatic,C,mid,64,sustain,374.79569686757173,374.79569686757173,-55.486524274804935,39.20911964597599,1.926537907165949,fundamental,0.3
C_chromatic,chromatic,C,mid,64,decay,374.79569686757173,374.79569686757173,-12.50115046804812,73.36943822980356,1.926537907165949,fundamental,0.08
C_chromatic,chromatic,C,mid,65,attack,390.24469121319294,390.24469121319294,11.222124937532977,49.977525656829556,1.8509978700170455,fundamental,0.08
C_chromatic,chromatic,C,mid,65,stabilization,390.24469121319294,390.24469121319294,-50.09791073893412,38.42248933825191,1.8509978700170455,fundamental,0.14
C_chromatic,chromatic,C,mid,65,body,390.24469121319294,390.24469121319294,-11.33904281428194,79.58132347487732,1.8509978700170455,fundamental,0.4
C_chromatic,chromatic,C,mid,65,sustain,390.24469121319294,390.24469121319294,-10.81587623447946,84.51613382937762,1.8509978700170455,fundamental,0.3
C_chromatic,chromatic,C,mid,65,decay,390.24469121319294,390.24469121319294,-10.923185096468476,79.00137189633894,1.8509978700170455,fundamental,0.08
C_chromatic,chromatic,C,high,66,attack,414.256123041994,414.256123041994,-34.27454777076448,18.599648458816347,1.1572278836423833,fundamental,0.08
C_chromatic,chromatic,C,high,66,stabilization,414.256123041994,414.256123041994,-14.094108825593633,69.45946412578675,1.1572278836423833,fundamental,0.14
C_chromatic,chromatic,C,high,66,body,414.256123041994,414.256123041994,-14.186892616245196,67.70300450582923,1.1572278836423833,fundamental,0.4
C_chromatic,chromatic,C,high,66,sustain,414.256123041994,414.256123041994,-15.736938603389229,69.36171513916842,1.1572278836423833,fundamental,0.3
C_chromatic,chromatic,C,high,66,decay,414.256123041994,414.256123041994,-16.536127515728058,68.49737912448987,1.1572278836423833,fundamental,0.08
C_chromatic,chromatic,C,high,67,attack,438.85651825579754,438.85651825579754,-21.08540737279334,55.08104827588183,2.045717669333558,fundamental,0.08
C_chromatic,chromatic,C,high,67,stabilization,438.85651825579754,438.85651825579754,12.102309313318642,53.61546430854317,2.045717669333558,fundamental,0.14
C_chromatic,chromatic,C,high,67,body,438.85651825579754,438.85651825579754,-13.078651569856511,89.53126655611322,2.045717669333558,fundamental,0.4
C_chromatic,chromatic,C,high,67,sustain,438.85651825579754,438.85651825579754,-13.518258421302733,86.8996859900702,2.045717669333558,fundamental,0.3
C_chromatic,chromatic,C,high,67,decay,438.85651825579754,438.85651825579754,-9.618110467793894,78.87427335638273,2.045717669333558,fundamental,0.08
C_chromatic,chromatic,C,mid,68,attack,392.85083245700855,392.85083245700855,-19.024990661241887,21.416462524361876,1.7184747755412555,fundamental,0.08
C_chromatic,chromatic,C,mid,68,stabilization,392.85083245700855,392.85083245700855,-36.2676807495824,51.55570192510997,1.7184747755412555,fundamental,0.14
C_chromatic,chromatic,C,mid,68,body,392.85083245700855,392.85083245700855,-93.5495949282845,-2.773685548986137,1.7184747755412555,fundamental,0.4
C_chromatic,chromatic,C,mid,68,sustain,392.85083245700855,392.85083245700855,-65.80753880411385,24.419993468895655,1.7184747755412555,fundamental,0.3
C_chromatic,chromatic,C,mid,68,decay,392.85083245700855,392.85083245700855,-42.50145893530993,45.6454784636729,1.7184747755412555,fundamental,0.08
C_chromatic,chromatic,C,high,69,attack,414.869311920558,414.869311920558,-30.02769583105966,17.84991825307489,2.030553073312587,fundamental,0.08
C_chromatic,chromatic,C,high,69,stabilization,414.869311920558,414.869311920558,-10.91460792245674,70.14732426894884,2.030553073312587,fundamental,0.14
C_chromatic,chromatic,C,high,69,body,414.869311920558,414.869311920558,-10.118235573680153,69.685815536393,2.030553073312587,fundamental,0.4
C_chromatic,chromatic,C,high,69,sustain,414.869311920558,414.869311920558,-10.514131427481914,72.85310775133235,2.030553073312587,fundamental,0.3
C_chromatic,chromatic,C,high,69,decay,414.869311920558,414.869311920558,-10.812406030214255,72.07924491843835,2.030553073312587,fundamental,0.08
C_chromatic,chromatic,C,high,70,attack,438.9311378830651,438.9311378830651,-13.02611831732672,28.64324437245196,1.3640590288688443,fundamental,0.08
C_chromatic,chromatic,C,high,70,stabilization,438.9311378830651,438.9311378830651,-16.2623515645296,77.14327873859571,1.3640590288688443,fundamental,0.14
C_chromatic,chromatic,C,high,70,body,438.9311378830651,438.9311378830651,-16.2513886792101,87.37250721550522,1.3640590288688443,fundamental,0.4
C_chromatic,chromatic,C,high,70,sustain,438.9311378830651,438.9311378830651,-16.765992360454316,85.04546826276382,1.3640590288688443,fundamental,0.3
C_chromatic,chromatic,C,high,70,decay,438.9311378830651,438.9311378830651,-16.782464831369804,79.60905958837972,1.3640590288688443,fundamental,0.08
C_chromatic,chromatic,C,high,71,attack,465.40901136405466,465.40901136405466,-11.243056216593878,62.507994617804215,0.8852982123322127,fundamental,0.08
C_chromatic,chromatic,C,high,71,stabilization,465.40901136405466,465.40901136405466,-8.999665720602032,71.2407169050529,0.8852982123322127,fundamental,0.14
C_chromatic,chromatic,C,high,71,body,465.40901136405466,465.40901136405466,-10.274957968976992,91.8353601120395,0.8852982123322127,fundamental,0.4
C_chromatic,chromatic,C,high,71,sustain,465.40901136405466,465.40901136405466,-11.11937444101661,91.01577418727793,0.8852982123322127,fundamental,0.3
C_chromatic,chromatic,C,high,71,decay,465.40901136405466,465.40901136405466,-11.462138692723403,81.97400878341358,0.8852982123322127,fundamental,0.08
C_chromatic,chromatic,C,high,72,attack,438.6921433100404,438.6921433100404,-39.58752781742698,33.85292165317951,1.5277254679467844,fundamental,0.08
C_chromatic,chromatic,C,high,72,stabilization,438.6921433100404,438.6921433100404,-13.733426082676694,72.25975606900924,1.5277254679467844,fundamental,0.14
C_chromatic,chromatic,C,high,72,body,438.6921433100404,438.6921433100404,-12.94388177479226,88.42053497294859,1.5277254679467844,fundamental,0.4
C_chromatic,chromatic,C,high,72,sustain,438.6921433100404,438.6921433100404,-13.011238051952368,86.83481717250983,1.5277254679467844,fundamental,0.3
C_chromatic,chromatic,C,high,72,decay,438.6921433100404,438.6921433100404,-13.23529999617039,81.18353414505386,1.5277254679467844,fundamental,0.08
C_chromatic,chromatic,C,high,73,attack,465.79716886030707,465.79716886030707,-24.26604600917288,52.963164127184086,1.5545908280914371,fundamental,0.08
C_chromatic,chromatic,C,high,73,stabilization,465.79716886030707,465.79716886030707,19.398137190554596,50.59000427972062,1.5545908280914371,fundamental,0.14
C_chromatic,chromatic,C,high,73,body,465.79716886030707,465.79716886030707,-13.501244006415234,92.65359648764961,1.5545908280914371,fundamental,0.4
C_chromatic,chromatic,C,high,73,sustain,465.79716886030707,465.79716886030707,-14.336248542946556,90.17482949498998,1.5545908280914371,fundamental,0.3
C_chromatic,chromatic,C,high,73,decay,465.79716886030707,465.79716886030707,-14.541825251695684,83.06459438500649,1.5545908280914371,fundamental,0.08
C_chromatic,chromatic,C,high,74,attack,493.64780349564194,493.64780349564194,-13.445159631300156,69.7993266201996,0.94997750140158,fundamental,0.08
C_chromatic,chromatic,C,high,74,stabilization,493.64780349564194,493.64780349564194,3.810058246480949,74.76116383149329,0.94997750140158,fundamental,0.14
C_chromatic,chromatic,C,high,74,body,493.64780349564194,493.64780349564194,-11.21813927806494,89.86418026105311,0.94997750140158,fundamental,0.4
C_chromatic,chromatic,C,high,74,sustain,493.64780349564194,493.64780349564194,-11.41095517547992,86.50785980794524,0.94997750140158,fundamental,0.3
C_chromatic,chromatic,C,high,74,decay,493.64780349564194,493.64780349564194,-11.369954920872017,84.89091409356281,0.94997750140158,fundamental,0.08
C_chromatic,chromatic,C,high,75,attack,493.86024754824507,493.86024754824507,-17.015241081833636,69.42893348565428,1.2405265060132633,fundamental,0.08
C_chromatic,chromatic,C,high,75,stabilization,493.86024754824507,493.86024754824507,-32.9064103490272,30.309633007929293,1.2405265060132633,fundamental,0.14
C_chromatic,chromatic,C,high,75,body,493.86024754824507,493.86024754824507,-12.896087457291166,87.30975011911912,1.2405265060132633,fundamental,0.4
C_chromatic,chromatic,C,high,75,sustain,493.86024754824507,493.86024754824507,-12.66384495204493,85.60064084117789,1.2405265060132633,fundamental,0.3
C_chromatic,chromatic,C,high,75,decay,493.86024754824507,493.86024754824507,-12.586080202301355,83.260195703704,1.2405265060132633,fundamental,0.08
C_chromatic,chromatic,C,high,76,attack,524.6099980242059,524.6099980242059,-10.40513199389153,63.61822627004102,1.316370080619432,fundamental,0.08
C_chromatic,chromatic,C,high,76,stabilization,524.6099980242059,524.6099980242059,-6.146617526229292,45.3981962596886,1.316370080619432,fundamental,0.14
C_chromatic,chromatic,C,high,76,body,524.6099980242059,524.6099980242059,-13.601380248950669,79.4243063127083,1.316370080619432,fundamental,0.4
C_chromatic,chromatic,C,high,76,sustain,524.6099980242059,524.6099980242059,-12.488568882622356,81.33464759403836,1.316370080619432,fundamental,0.3
C_chromatic,chromatic,C,high,76,decay,524.6099980242059,524.6099980242059,-10.170980228220316,82.31341176566329,1.316370080619432,fundamental,0.08
C_chromatic,chromatic,C,high,77,attack,457.62974551935224,457.62974551935224,-2.282473121573574,39.58078701093248,1.5851557397986855,fundamental,0.08
C_chromatic,chromatic,C,high,77,stabilization,457.62974551935224,457.62974551935224,-37.72889805301107,46.602418665660245,1.5851557397986855,fundamental,0.14
C_chromatic,chromatic,C,high,77,body,457.62974551935224,457.62974551935224,-77.5309989465891,6.165932864196563,1.5851557397986855,fundamental,0.4
C_chromatic,chromatic,C,high,77,sustain,457.62974551935224,457.62974551935224,-81.01507282347828,0.606629258203526,1.5851557397986855,fundamental,0.3
C_chromatic,chromatic,C,high,77,decay,457.62974551935224,457.62974551935224,-59.77967509138779,21.49412673650326,1.5851557397986855,fundamental,0.08
C_chromatic,chromatic,C,high,78,attack,524.4703524782805,524.4703524782805,-4.079507930168333,68.12957636364371,2.021456585797816,fundamental,0.08
C_chromatic,chromatic,C,high,78,stabilization,524.4703524782805,524.4703524782805,-38.36173911776,56.0363595512245,2.021456585797816,fundamental,0.14
C_chromatic,chromatic,C,high,78,body,524.4703524782805,524.4703524782805,-12.738739470069165,76.88009023267969,2.021456585797816,fundamental,0.4
C_chromatic,chromatic,C,high,78,sustain,524.4703524782805,524.4703524782805,-6.8654528974531,80.6354821686793,2.021456585797816,fundamental,0.3
C_chromatic,chromatic,C,high,78,decay,524.4703524782805,524.4703524782805,7.181849693976041,71.54308130630895,2.021456585797816,fundamental,0.08
C_chromatic,chromatic,C,high,79,attack,555.8432955018654,555.8432955018654,-15.785594926695268,40.02502882659719,1.601589127813512,fundamental,0.08
C_chromatic,chromatic,C,high,79,stabilization,555.8432955018654,555.8432955018654,-11.425859460504904,76.20010960802973,1.601589127813512,fundamental,0.14
C_chromatic,chromatic,C,high,79,body,555.8432955018654,555.8432955018654,-11.648018315595042,77.17730090795632,1.601589127813512,fundamental,0.4
C_chromatic,chromatic,C,high,79,sustain,555.8432955018654,555.8432955018654,-9.543012110291386,75.82297053355089,1.601589127813512,fundamental,0.3
C_chromatic,chromatic,C,high,79,decay,555.8432955018654,555.8432955018654,15.486060306281304,53.079807643026356,1.601589127813512,fundamental,0.08
C_chromatic,chromatic,C,high,80,attack,501.8683998018926,501.8683998018926,-43.64324629654317,20.997291294565358,1.6219962105739956,fundamental,0.08
C_chromatic,chromatic,C,high,80,stabilization,501.8683998018926,501.8683998018926,-42.19648653930568,51.08232172296114,1.6219962105739956,fundamental,0.14
C_chromatic,chromatic,C,high,80,body,501.8683998018926,501.8683998018926,-74.53410519601148,27.93893705533125,1.6219962105739956,fundamental,0.4
C_chromatic,chromatic,C,high,80,sustain,501.8683998018926,501.8683998018926,-44.07335827850844,57.41196368260094,1.6219962105739956,fundamental,0.3
C_chromatic,chromatic,C,high,80,decay,501.8683998018926,501.8683998018926,-46.16313197998016,51.82852283597599,1.6219962105739956,fundamental,0.08
C_chromatic,chromatic,C,high,81,attack,524.2205232248904,524.2205232248904,-35.23258685570529,26.637265191759425,1.6498391027801789,fundamental,0.08
C_chromatic,chromatic,C,high,81,stabilization,524.2205232248904,524.2205232248904,-10.879743301665773,82.51500256632994,1.6498391027801789,fundamental,0.14
C_chromatic,chromatic,C,high,81,body,524.2205232248904,524.2205232248904,-10.346046107811317,78.81314777341154,1.6498391027801789,fundamental,0.4
C_chromatic,chromatic,C,high,81,sustain,524.2205232248904,524.2205232248904,-8.350822752947884,81.1506195694958,1.6498391027801789,fundamental,0.3
C_chromatic,chromatic,C,high,81,decay,524.2205232248904,524.2205232248904,8.117989880487215,72.10686755274486,1.6498391027801789,fundamental,0.08
C_chromatic,chromatic,C,high,82,attack,556.4108588106899,556.4108588106899,-2.300456207031374,62.465247579564235,2.068957851938068,fundamental,0.08
C_chromatic,chromatic,C,high,82,stabilization,556.4108588106899,556.4108588106899,-18.572067684976687,69.37694966367928,2.068957851938068,fundamental,0.14
C_chromatic,chromatic,C,high,82,body,556.4108588106899,556.4108588106899,-16.719243072800374,72.49670703167018,2.068957851938068,fundamental,0.4
C_chromatic,chromatic,C,high,82,sustain,556.4108588106899,556.4108588106899,-15.464586712121823,71.8851854335752,2.068957851938068,fundamental,0.3
C_chromatic,chromatic,C,high,82,decay,556.4108588106899,556.4108588106899,-6.189641297466714,69.71121054218774,2.068957851938068,fundamental,0.08
C_chromatic,chromatic,C,high,83,attack,590.2226886561152,590.2226886561152,-18.07948920920903,44.88909278728035,1.0998207303630143,fundamental,0.08
C_chromatic,chromatic,C,high,83,stabilization,590.2226886561152,590.2226886561152,-11.746810278216984,89.34235998450512,1.0998207303630143,fundamental,0.14
C_chromatic,chromatic,C,high,83,body,590.2226886561152,590.2226886561152,-11.844050469899535,90.97123347614331,1.0998207303630143,fundamental,0.4
C_chromatic,chromatic,C,high,83,sustain,590.2226886561152,590.2226886561152,-11.601401358395895,90.25356928957729,1.0998207303630143,fundamental,0.3
C_chromatic,chromatic,C,high,83,decay,590.2226886561152,590.2226886561152,-17.65619415194501,78.98619636131987,1.0998207303630143,fundamental,0.08
C_chromatic,chromatic,C,high,84,attack,555.0788733893422,555.0788733893422,-30.988109032702774,18.097260611437946,1.331365363761422,fundamental,0.08
C_chromatic,chromatic,C,high,84,stabilization,555.0788733893422,555.0788733893422,-13.502724226886471,75.96940224807057,1.331365363761422,fundamental,0.14
C_chromatic,chromatic,C,high,84,body,555.0788733893422,555.0788733893422,-14.061432432218831,74.53262953789297,1.331365363761422,fundamental,0.4
C_chromatic,chromatic,C,high,84,sustain,555.0788733893422,555.0788733893422,-13.735169410106408,73.05120400662105,1.331365363761422,fundamental,0.3
C_chromatic,chromatic,C,high,84,decay,555.0788733893422,555.0788733893422,-11.435653549609448,72.32302354966993,1.331365363761422,fundamental,0.08
C_chromatic,chromatic,C,high,85,attack,590.7978958088223,590.7978958088223,-27.94876471045504,54.85790201152426,1.4571771224578187,fundamental,0.08
C_chromatic,chromatic,C,high,85,stabilization,590.7978958088223,590.7978958088223,-36.81880349460404,34.39204190645903,1.4571771224578187,fundamental,0.14
C_chromatic,chromatic,C,high,85,body,590.7978958088223,590.7978958088223,-9.11215802482964,92.70751580202604,1.4571771224578187,fundamental,0.4
C_chromatic,chromatic,C,high,85,sustain,590.7978958088223,590.7978958088223,-9.029445111505948,92.36048059521426,1.4571771224578187,fundamental,0.3
C_chromatic,chromatic,C,high,85,decay,590.7978958088223,590.7978958088223,-9.315843286376143,87.57343648611342,1.4571771224578187,fundamental,0.08
C_chromatic,chromatic,C,high,86,attack,625.9873818117491,625.9873818117491,-9.175654610194265,71.41755207612061,1.5473640619782147,fundamental,0.08
C_chromatic,chromatic,C,high,86,stabilization,625.9873818117491,625.9873818117491,-41.19059404650763,40.03723387044637,1.5473640619782147,fundamental,0.14
C_chromatic,chromatic,C,high,86,body,625.9873818117491,625.9873818117491,-12.807330266325833,88.21504479879951,1.5473640619782147,fundamental,0.4
C_chromatic,chromatic,C,high,86,sustain,625.9873818117491,625.9873818117491,-14.406305550040464,85.18817566669006,1.5473640619782147,fundamental,0.3
C_chromatic,chromatic,C,high,86,decay,625.9873818117491,625.9873818117491,-13.823544116609687,84.86685048978232,1.5473640619782147,fundamental,0.08
C_chromatic,chromatic,C,high,87,attack,582.2347694554145,582.2347694554145,-34.24614751031821,46.1498532852992,1.488504029527831,fundamental,0.08
C_chromatic,chromatic,C,high,87,stabilization,582.2347694554145,582.2347694554145,-45.04683383322473,36.54000697019934,1.488504029527831,fundamental,0.14
C_chromatic,chromatic,C,high,87,body,582.2347694554145,582.2347694554145,-70.51346546324885,31.563401383290284,1.488504029527831,fundamental,0.4
C_chromatic,chromatic,C,high,87,sustain,582.2347694554145,582.2347694554145,-79.82327388277511,22.239568981662757,1.488504029527831,fundamental,0.3
C_chromatic,chromatic,C,high,87,decay,582.2347694554145,582.2347694554145,-62.20308199994691,37.45393602589782,1.488504029527831,fundamental,0.08
C_open,open,C,low,0,attack,130.9235863501922,130.9235863501922,-12.44094356987901,41.203182403667576,2.103868106709472,fundamental,0.08
C_open,open,C,low,0,stabilization,130.9235863501922,130.9235863501922,-12.494668444042034,40.22204794910316,2.103868106709472,fundamental,0.14
C_open,open,C,low,0,body,130.9235863501922,130.9235863501922,-11.941926438656123,44.118569747642226,2.103868106709472,fundamental,0.4
C_open,open,C,low,0,sustain,130.9235863501922,130.9235863501922,-12.755324328429182,46.83163577156856,2.103868106709472,fundamental,0.3
C_open,open,C,low,0,decay,130.9235863501922,130.9235863501922,-13.1273919444098,38.66502001310457,2.103868106709472,fundamental,0.08
C_open,open,C,low,1,attack,130.90675900694774,130.90675900694774,-11.002096305126363,38.6120784792513,2.164149719298831,fundamental,0.08
C_open,open,C,low,1,stabilization,130.90675900694774,130.90675900694774,-12.536846673794834,38.89791609184492,2.164149719298831,fundamental,0.14
C_open,open,C,low,1,body,130.90675900694774,130.90675900694774,-12.69756132254308,43.24032625789816,2.164149719298831,fundamental,0.4
C_open,open,C,low,1,sustain,130.90675900694774,130.90675900694774,-13.512514597263303,45.49105679130564,2.164149719298831,fundamental,0.3
C_open,open,C,low,1,decay,130.90675900694774,130.90675900694774,-14.039459758285034,37.19615270473977,2.164149719298831,fundamental,0.08
C_open,open,C,low,2,attack,130.85849708473145,130.85849708473145,-10.6746351581735,38.75317518666406,2.221209477794684,fundamental,0.08
C_open,open,C,low,2,stabilization,130.85849708473145,130.85849708473145,-9.78216318306778,36.865935730414904,2.221209477794684,fundamental,0.14
C_open,open,C,low,2,body,130.85849708473145,130.85849708473145,-9.242479647263991,40.81931632413527,2.221209477794684,fundamental,0.4
C_open,open,C,low,2,sustain,130.85849708473145,130.85849708473145,-10.411176656493026,43.93133021660161,2.221209477794684,fundamental,0.3
C_open,open,C,low,2,decay,130.85849708473145,130.85849708473145,-10.843930963026828,36.05852850494087,2.221209477794684,fundamental,0.08
C_open,open,C,low,3,attack,130.86526754920783,130.86526754920783,-12.468367313098028,37.852061680755455,2.070919352759741,fundamental,0.08
C_open,open,C,low,3,stabilization,130.86526754920783,130.86526754920783,-13.927646930811996,37.54939290414739,2.070919352759741,fundamental,0.14
C_open,open,C,low,3,body,130.86526754920783,130.86526754920783,-14.62348929351672,42.05224374396141,2.070919352759741,fundamental,0.4
C_open,open,C,low,3,sustain,130.86526754920783,130.86526754920783,-15.63234415986853,44.06236947185809,2.070919352759741,fundamental,0.3
C_open,open,C,low,3,decay,130.86526754920783,130.86526754920783,-16.651333409693294,35.9176195610896,2.070919352759741,fundamental,0.08
C_open,open,C,low,4,attack,130.8614567756866,130.8614567756866,-10.610607733978796,39.70890677865893,2.118159175813436,fundamental,0.08
C_open,open,C,low,4,stabilization,130.8614567756866,130.8614567756866,-9.348764485751296,37.24543452694732,2.118159175813436,fundamental,0.14
C_open,open,C,low,4,body,130.8614567756866,130.8614567756866,-10.22206350305904,42.25124041966198,2.118159175813436,fundamental,0.4
C_open,open,C,low,4,sustain,130.8614567756866,130.8614567756866,-11.510735776749954,44.99150166734471,2.118159175813436,fundamental,0.3
C_open,open,C,low,4,decay,130.8614567756866,130.8614567756866,-11.68836478751298,36.403343159427436,2.118159175813436,fundamental,0.08
C_open,open,C,low,5,attack,130.9102974835977,130.9102974835977,-12.696950233026527,39.34984123862654,2.208682694451633,fundamental,0.08
C_open,open,C,low,5,stabilization,130.9102974835977,130.9102974835977,-13.83328212816999,39.384007959333374,2.208682694451633,fundamental,0.14
C_open,open,C,low,5,body,130.9102974835977,130.9102974835977,-14.133655304769595,43.86284938627368,2.208682694451633,fundamental,0.4
C_open,open,C,low,5,sustain,130.9102974835977,130.9102974835977,-15.139091639155351,46.242869616351555,2.208682694451633,fundamental,0.3
C_open,open,C,low,5,decay,130.9102974835977,130.9102974835977,-15.787985196134244,37.95573490365544,2.208682694451633,fundamental,0.08
C_open,open,C,low,6,attack,130.9102590414837,130.9102590414837,-14.306128190000829,37.825281094278985,2.128408086199243,fundamental,0.08
C_open,open,C,low,6,stabilization,130.9102590414837,130.9102590414837,-15.152497775116004,38.382434978715594,2.128408086199243,fundamental,0.14
C_open,open,C,low,6,body,130.9102590414837,130.9102590414837,-14.484072148414413,43.02336257820454,2.128408086199243,fundamental,0.4
C_open,open,C,low,6,sustain,130.9102590414837,130.9102590414837,-14.218963612959342,45.69367902792141,2.128408086199243,fundamental,0.3
C_open,open,C,low,6,decay,130.9102590414837,130.9102590414837,-14.109272856828063,37.503387180355816,2.128408086199243,fundamental,0.08
C_open,open,C,low,7,attack,130.87990496535915,130.87990496535915,-14.575485355268086,42.28160164200216,2.128418844922757,fundamental,0.08
C_open,open,C,low,7,stabilization,130.87990496535915,130.87990496535915,-15.10196851508175,41.54181131316385,2.128418844922757,fundamental,0.14
C_open,open,C,low,7,body,130.87990496535915,130.87990496535915,-15.382212445636403,46.06545340336343,2.128418844922757,fundamental,0.4
C_open,open,C,low,7,sustain,130.87990496535915,130.87990496535915,-15.946313953850094,48.3213595896041,2.128418844922757,fundamental,0.3
C_open,open,C,low,7,decay,130.87990496535915,130.87990496535915,-16.56121368054798,39.99688312265896,2.128418844922757,fundamental,0.08
C_open,open,C,low,8,attack,130.84602243405675,130.84602243405675,-19.006145926606138,41.820698970358954,2.222899907348306,fundamental,0.08
C_open,open,C,low,8,stabilization,130.84602243405675,130.84602243405675,-19.84059388526457,40.63972895890506,2.222899907348306,fundamental,0.14
C_open,open,C,low,8,body,130.84602243405675,130.84602243405675,-21.02857777229317,45.08972417459975,2.222899907348306,fundamental,0.4
C_open,open,C,low,8,sustain,130.84602243405675,130.84602243405675,-22.906366381775435,42.587801483109786,2.222899907348306,fundamental,0.3
C_open,open,C,low,8,decay,130.84602243405675,130.84602243405675,-23.986429312945816,38.563075539322554,2.222899907348306,fundamental,0.08
C_open,open,C,low,9,attack,130.87983475183847,130.87983475183847,-15.29432647727944,41.547485123756125,2.106789119500313,fundamental,0.08
C_open,open,C,low,9,stabilization,130.87983475183847,130.87983475183847,-15.261931349456972,40.711023048420174,2.106789119500313,fundamental,0.14
C_open,open,C,low,9,body,130.87983475183847,130.87983475183847,-14.920390838576552,45.090551069196614,2.106789119500313,fundamental,0.4
C_open,open,C,low,9,sustain,130.87983475183847,130.87983475183847,-14.418584647549617,46.859111346628005,2.106789119500313,fundamental,0.3
C_open,open,C,low,9,decay,130.87983475183847,130.87983475183847,-14.174849439103198,38.29768158037669,2.106789119500313,fundamental,0.08
C_open,open,C,low,10,attack,130.91686486623507,130.91686486623507,-3.648863788432713,26.856793188694127,2.1286995620927445,fundamental,0.08
C_open,open,C,low,10,stabilization,130.91686486623507,130.91686486623507,-8.826963877727785,30.167182892800703,2.1286995620927445,fundamental,0.14
C_open,open,C,low,10,body,130.91686486623507,130.91686486623507,-10.74733959373392,35.411548244653424,2.1286995620927445,fundamental,0.4
C_open,open,C,low,10,sustain,130.91686486623507,130.91686486623507,-13.444811780680496,38.32238609892497,2.1286995620927445,fundamental,0.3
C_open,open,C,low,10,decay,130.91686486623507,130.91686486623507,-14.948727457454048,30.32827056188269,2.1286995620927445,fundamental,0.08
C_open,open,C,low,11,attack,130.8905671456075,130.8905671456075,-12.541716798132512,40.498784024502385,2.110362195002038,fundamental,0.08
C_open,open,C,low,11,stabilization,130.8905671456075,130.8905671456075,-13.649186261299228,40.39163292302724,2.110362195002038,fundamental,0.14
C_open,open,C,low,11,body,130.8905671456075,130.8905671456075,-14.14840785458454,45.025907429778414,2.110362195002038,fundamental,0.4
C_open,open,C,low,11,sustain,130.8905671456075,130.8905671456075,-14.573535535153006,46.89544683346502,2.110362195002038,fundamental,0.3
C_open,open,C,low,11,decay,130.8905671456075,130.8905671456075,-13.935018537381955,37.61335541388832,2.110362195002038,fundamental,0.08
C_open,open,C,low,12,attack,130.86302626375647,130.86302626375647,-12.951744370472037,37.20254503356408,2.212461252138876,fundamental,0.08
C_open,open,C,low,12,stabilization,130.86302626375647,130.86302626375647,-14.64818274317274,37.875243702540054,2.212461252138876,fundamental,0.14
C_open,open,C,low,12,body,130.86302626375647,130.86302626375647,-15.02661630407384,42.59628275647617,2.212461252138876,fundamental,0.4
C_open,open,C,low,12,sustain,130.86302626375647,130.86302626375647,-15.541175657313616,44.85090218792534,2.212461252138876,fundamental,0.3
C_open,open,C,low,12,decay,130.86302626375647,130.86302626375647,-16.136615677851836,36.66779289298943,2.212461252138876,fundamental,0.08
C_open,open,C,low,13,attack,130.90034710776163,130.90034710776163,-13.58595457537129,39.73814122908492,2.141928264070549,fundamental,0.08
C_open,open,C,low,13,stabilization,130.90034710776163,130.90034710776163,-14.234178974042692,39.020133153019785,2.141928264070549,fundamental,0.14
C_open,open,C,low,13,body,130.90034710776163,130.90034710776163,-14.28301534553124,43.73037294688844,2.141928264070549,fundamental,0.4
C_open,open,C,low,13,sustain,130.90034710776163,130.90034710776163,-14.75055109207058,46.41102145342735,2.141928264070549,fundamental,0.3
C_open,open,C,low,13,decay,130.90034710776163,130.90034710776163,-15.236652924818536,38.24797172534101,2.141928264070549,fundamental,0.08
C_open,open,C,low,14,attack,130.9119648303311,130.9119648303311,-5.098446292030843,32.509952060127674,2.1791552362609443,fundamental,0.08
C_open,open,C,low,14,stabilization,130.9119648303311,130.9119648303311,-7.06345713486693,32.93888141401138,2.1791552362609443,fundamental,0.14
C_open,open,C,low,14,body,130.9119648303311,130.9119648303311,-7.776035728158838,37.7004962499358,2.1791552362609443,fundamental,0.4
C_open,open,C,low,14,sustain,130.9119648303311,130.9119648303311,-9.376373794916269,40.657081347621066,2.1791552362609443,fundamental,0.3
C_open,open,C,low,14,decay,130.9119648303311,130.9119648303311,-10.310379639401797,32.45659587301033,2.1791552362609443,fundamental,0.08
C_open,open,C,low,15,attack,130.8828739742955,130.8828739742955,-13.112399078546382,42.02851835333679,2.001550502681351,fundamental,0.08
C_open,open,C,low,15,stabilization,130.8828739742955,130.8828739742955,-13.512963357572596,40.796904125685046,2.001550502681351,fundamental,0.14
C_open,open,C,low,15,body,130.8828739742955,130.8828739742955,-13.66313689711805,45.176497879496225,2.001550502681351,fundamental,0.4
C_open,open,C,low,15,sustain,130.8828739742955,130.8828739742955,-14.101440269465805,47.42049949593021,2.001550502681351,fundamental,0.3
C_open,open,C,low,15,decay,130.8828739742955,130.8828739742955,-14.488578673030652,39.09766934072358,2.001550502681351,fundamental,0.08
C_open,open,C,low,16,attack,130.87878936349964,130.87878936349964,-12.651924873940978,39.34657646582851,2.1600458786577006,fundamental,0.08
C_open,open,C,low,16,stabilization,130.87878936349964,130.87878936349964,-13.398883114581947,38.969215336962996,2.1600458786577006,fundamental,0.14
C_open,open,C,low,16,body,130.87878936349964,130.87878936349964,-13.89966569770266,43.706771643315626,2.1600458786577006,fundamental,0.4
C_open,open,C,low,16,sustain,130.87878936349964,130.87878936349964,-14.41749594138355,45.937845287145755,2.1600458786577006,fundamental,0.3
C_open,open,C,low,16,decay,130.87878936349964,130.87878936349964,-14.70042763444534,37.705040986813124,2.1600458786577006,fundamental,0.08
C_open,open,C,low,17,attack,130.91685996353928,130.91685996353928,-14.718150000164556,42.10325552068854,2.1212196339273315,fundamental,0.08
C_open,open,C,low,17,stabilization,130.91685996353928,130.91685996353928,-15.30453765804451,41.64054461770124,2.1212196339273315,fundamental,0.14
C_open,open,C,low,17,body,130.91685996353928,130.91685996353928,-15.440685524518564,46.205001808797284,2.1212196339273315,fundamental,0.4
C_open,open,C,low,17,sustain,130.91685996353928,130.91685996353928,-15.709485412027703,48.749101289799626,2.1212196339273315,fundamental,0.3
C_open,open,C,low,17,decay,130.91685996353928,130.91685996353928,-15.891114676706806,40.41266799919529,2.1212196339273315,fundamental,0.08
C_open,open,C,low,18,attack,130.8583296477832,130.8583296477832,-18.74807057672668,40.34353255897295,2.267933323755309,fundamental,0.08
C_open,open,C,low,18,stabilization,130.8583296477832,130.8583296477832,-18.40599901184799,39.31887245290815,2.267933323755309,fundamental,0.14
C_open,open,C,low,18,body,130.8583296477832,130.8583296477832,-18.2662180515169,44.073872413810044,2.267933323755309,fundamental,0.4
C_open,open,C,low,18,sustain,130.8583296477832,130.8583296477832,-17.856934552524514,46.2198321921303,2.267933323755309,fundamental,0.3
C_open,open,C,low,18,decay,130.8583296477832,130.8583296477832,-16.95189863619437,37.21654664050329,2.267933323755309,fundamental,0.08
C_open,open,C,low,19,attack,130.92862035157768,130.92862035157768,-14.599182404825171,41.8009194133931,2.173434481581061,fundamental,0.08
C_open,open,C,low,19,stabilization,130.92862035157768,130.92862035157768,-15.597876504324098,41.32123841449881,2.173434481581061,fundamental,0.14
C_open,open,C,low,19,body,130.92862035157768,130.92862035157768,-15.98286384401576,45.923619063072195,2.173434481581061,fundamental,0.4
C_open,open,C,low,19,sustain,130.92862035157768,130.92862035157768,-16.67458277190022,48.24422641866614,2.173434481581061,fundamental,0.3
C_open,open,C,low,19,decay,130.92862035157768,130.92862035157768,-19.128020231826937,39.47928245689443,2.173434481581061,fundamental,0.08
C_open,open,C,low,20,attack,130.93869362109993,130.93869362109993,-16.145653991491237,40.53581773763657,2.094176930997178,fundamental,0.08
C_open,open,C,low,20,stabilization,130.93869362109993,130.93869362109993,-17.20661504067626,40.3471193369207,2.094176930997178,fundamental,0.14
C_open,open,C,low,20,body,130.93869362109993,130.93869362109993,-17.171653903079275,44.90029507197938,2.094176930997178,fundamental,0.4
C_open,open,C,low,20,sustain,130.93869362109993,130.93869362109993,-17.71598245542112,47.313037069885056,2.094176930997178,fundamental,0.3
C_open,open,C,low,20,decay,130.93869362109993,130.93869362109993,-18.0890288054608,38.92726220111703,2.094176930997178,fundamental,0.08
C_open,open,C,low,21,attack,130.91565416609996,130.91565416609996,-18.243944679012262,44.13052967732363,2.178161594566609,fundamental,0.08
C_open,open,C,low,21,stabilization,130.91565416609996,130.91565416609996,-19.41508922214057,43.84406104323882,2.178161594566609,fundamental,0.14
C_open,open,C,low,21,body,130.91565416609996,130.91565416609996,-19.468735201893857,48.37335342412883,2.178161594566609,fundamental,0.4
C_open,open,C,low,21,sustain,130.91565416609996,130.91565416609996,-19.367220629017496,49.48445780544876,2.178161594566609,fundamental,0.3
C_open,open,C,low,21,decay,130.91565416609996,130.91565416609996,-19.809360887403905,41.88534223717971,2.178161594566609,fundamental,0.08
C_open,open,C,low,22,attack,130.8974726753922,130.8974726753922,-19.742294857453857,40.73569043721154,2.230991963666149,fundamental,0.08
C_open,open,C,low,22,stabilization,130.8974726753922,130.8974726753922,-19.759806425519223,39.02782252448592,2.230991963666149,fundamental,0.14
C_open,open,C,low,22,body,130.8974726753922,130.8974726753922,-19.22200555078304,42.81137915292925,2.230991963666149,fundamental,0.4
C_open,open,C,low,22,sustain,130.8974726753922,130.8974726753922,-19.05087740739724,43.98685754643061,2.230991963666149,fundamental,0.3
C_open,open,C,low,22,decay,130.8974726753922,130.8974726753922,-19.21528231484844,36.08805315308534,2.230991963666149,fundamental,0.08
C_open,open,C,low,23,attack,130.85869054231358,130.85869054231358,-10.346856476884703,35.786959524172055,2.295321990198038,fundamental,0.08
C_open,open,C,low,23,stabilization,130.85869054231358,130.85869054231358,-10.19954690574356,34.306011973679375,2.295321990198038,fundamental,0.14
C_open,open,C,low,23,body,130.85869054231358,130.85869054231358,-10.189850613283411,38.84539590971146,2.295321990198038,fundamental,0.4
C_open,open,C,low,23,sustain,130.85869054231358,130.85869054231358,-10.308534403132748,40.9407040339587,2.295321990198038,fundamental,0.3
C_open,open,C,low,23,decay,130.85869054231358,130.85869054231358,-10.28818668173723,32.46979297198503,2.295321990198038,fundamental,0.08
C_open,open,C,low,24,attack,130.93423387206124,130.93423387206124,-15.787037451149182,41.672115038163085,2.2366088665459816,fundamental,0.08
C_open,open,C,low,24,stabilization,130.93423387206124,130.93423387206124,-16.797660363293915,41.29951085090481,2.2366088665459816,fundamental,0.14
C_open,open,C,low,24,body,130.93423387206124,130.93423387206124,-16.88486378712284,45.907841981294155,2.2366088665459816,fundamental,0.4
C_open,open,C,low,24,sustain,130.93423387206124,130.93423387206124,-17.528450597580807,48.304879883919625,2.2366088665459816,fundamental,0.3
C_open,open,C,low,24,decay,130.93423387206124,130.93423387206124,-18.56739328342575,40.0086975405593,2.2366088665459816,fundamental,0.08
C_open,open,C,low,25,attack,130.9517681265932,130.9517681265932,-10.486696168070274,33.16477441376549,2.186730382660653,fundamental,0.08
C_open,open,C,low,25,stabilization,130.9517681265932,130.9517681265932,-13.231404045869276,34.18421057890035,2.186730382660653,fundamental,0.14
C_open,open,C,low,25,body,130.9517681265932,130.9517681265932,-13.522552610550632,38.91272251524796,2.186730382660653,fundamental,0.4
C_open,open,C,low,25,sustain,130.9517681265932,130.9517681265932,-14.484345603388846,41.549797622102034,2.186730382660653,fundamental,0.3
C_open,open,C,low,25,decay,130.9517681265932,130.9517681265932,-15.090689905085227,33.47046576653764,2.186730382660653,fundamental,0.08
C_open,open,C,low,26,attack,130.96461366637598,130.96461366637598,-14.424165238479787,39.784280840351194,2.123837100528715,fundamental,0.08
C_open,open,C,low,26,stabilization,130.96461366637598,130.96461366637598,-15.44363497704738,39.58380559616903,2.123837100528715,fundamental,0.14
C_open,open,C,low,26,body,130.96461366637598,130.96461366637598,-15.449998675931212,44.36671746579789,2.123837100528715,fundamental,0.4
C_open,open,C,low,26,sustain,130.96461366637598,130.96461366637598,-15.845092710211162,46.95874213231314,2.123837100528715,fundamental,0.3
C_open,open,C,low,26,decay,130.96461366637598,130.96461366637598,-15.984141458688278,38.67121921774351,2.123837100528715,fundamental,0.08
C_open,open,C,low,27,attack,130.9209843058057,130.9209843058057,-12.613160775285934,37.00859673712572,2.111045730604895,fundamental,0.08
C_open,open,C,low,27,stabilization,130.9209843058057,130.9209843058057,-13.007500005908485,35.76148221940463,2.111045730604895,fundamental,0.14
C_open,open,C,low,27,body,130.9209843058057,130.9209843058057,-13.391241849110456,40.499906322259356,2.111045730604895,fundamental,0.4
C_open,open,C,low,27,sustain,130.9209843058057,130.9209843058057,-14.30907335423317,43.183483429990346,2.111045730604895,fundamental,0.3
C_open,open,C,low,27,decay,130.9209843058057,130.9209843058057,-14.736423700686728,35.04016584391946,2.111045730604895,fundamental,0.08
C_open,open,C,low,28,attack,130.9022355238706,130.9022355238706,-10.379068664268075,35.798671274379615,2.156200533630288,fundamental,0.08
C_open,open,C,low,28,stabilization,130.9022355238706,130.9022355238706,-10.76915198144485,34.94248839549542,2.156200533630288,fundamental,0.14
C_open,open,C,low,28,body,130.9022355238706,130.9022355238706,-10.962561690897964,39.88721631716747,2.156200533630288,fundamental,0.4
C_open,open,C,low,28,sustain,130.9022355238706,130.9022355238706,-11.000183350039634,42.29273619125543,2.156200533630288,fundamental,0.3
C_open,open,C,low,28,decay,130.9022355238706,130.9022355238706,-10.91779578547218,34.07643891680585,2.156200533630288,fundamental,0.08
C_open,open,C,low,29,attack,130.96667203181923,130.96667203181923,-13.3702799223553,40.34703467079056,2.053605130251116,fundamental,0.08
C_open,open,C,low,29,stabilization,130.96667203181923,130.96667203181923,-14.24390878327224,39.88309591572866,2.053605130251116,fundamental,0.14
C_open,open,C,low,29,body,130.96667203181923,130.96667203181923,-14.310190816053712,44.42761287553345,2.053605130251116,fundamental,0.4
C_open,open,C,low,29,sustain,130.96667203181923,130.96667203181923,-14.795962882705815,46.88239264595619,2.053605130251116,fundamental,0.3
C_open,open,C,low,29,decay,130.96667203181923,130.96667203181923,-15.949413609770538,38.46678113930625,2.053605130251116,fundamental,0.08
C_open,open,C,low,30,attack,130.97119246887917,130.97119246887917,-16.29596049972278,41.25323998821487,2.092551825294153,fundamental,0.08
C_open,open,C,low,30,stabilization,130.97119246887917,130.97119246887917,-16.66054732393379,40.63573695681036,2.092551825294153,fundamental,0.14
C_open,open,C,low,30,body,130.97119246887917,130.97119246887917,-16.97820931297933,45.24148838868372,2.092551825294153,fundamental,0.4
C_open,open,C,low,30,sustain,130.97119246887917,130.97119246887917,-17.530246700305916,47.301204039532585,2.092551825294153,fundamental,0.3
C_open,open,C,low,30,decay,130.97119246887917,130.97119246887917,-17.83029631937781,38.786017607811104,2.092551825294153,fundamental,0.08
C_open,open,C,low,31,attack,130.9168329368977,130.9168329368977,-14.228127486751148,38.107608551674616,2.1808550743988406,fundamental,0.08
C_open,open,C,low,31,stabilization,130.9168329368977,130.9168329368977,-13.67594734597712,36.04211402791562,2.1808550743988406,fundamental,0.14
C_open,open,C,low,31,body,130.9168329368977,130.9168329368977,-14.215689259469734,40.7242423730122,2.1808550743988406,fundamental,0.4
C_open,open,C,low,31,sustain,130.9168329368977,130.9168329368977,-15.19300733704889,43.331177471699036,2.1808550743988406,fundamental,0.3
C_open,open,C,low,31,decay,130.9168329368977,130.9168329368977,-17.34027590765573,35.07629550692171,2.1808550743988406,fundamental,0.08
C_open,open,C,low,32,attack,131.01746278358704,131.01746278358704,-12.501178398709628,34.690236516163196,2.1292497477826524,fundamental,0.08
C_open,open,C,low,32,stabilization,131.01746278358704,131.01746278358704,-14.41687783034127,35.220547460574636,2.1292497477826524,fundamental,0.14
C_open,open,C,low,32,body,131.01746278358704,131.01746278358704,-14.696802404953374,39.77902176356868,2.1292497477826524,fundamental,0.4
C_open,open,C,low,32,sustain,131.01746278358704,131.01746278358704,-15.817906356197476,42.76508204305961,2.1292497477826524,fundamental,0.3
C_open,open,C,low,32,decay,131.01746278358704,131.01746278358704,-16.48365502579749,34.605546603638004,2.1292497477826524,fundamental,0.08
C_open,open,C,low,33,attack,130.98154825463405,130.98154825463405,-2.392361563583542,27.815846248324632,2.159317025125378,fundamental,0.08
C_open,open,C,low,33,stabilization,130.98154825463405,130.98154825463405,-4.917105918714569,29.18871212988227,2.159317025125378,fundamental,0.14
C_open,open,C,low,33,body,130.98154825463405,130.98154825463405,-5.1954634075248975,33.88107428071835,2.159317025125378,fundamental,0.4
C_open,open,C,low,33,sustain,130.98154825463405,130.98154825463405,-6.536276349236722,37.10388673192696,2.159317025125378,fundamental,0.3
C_open,open,C,low,33,decay,130.98154825463405,130.98154825463405,-7.048308183244018,28.980919163535958,2.159317025125378,fundamental,0.08
C_open,open,C,low,34,attack,130.9654935702764,130.9654935702764,-14.29503794652348,39.74451273347745,2.1081250969604937,fundamental,0.08
C_open,open,C,low,34,stabilization,130.9654935702764,130.9654935702764,-14.99243461255498,39.415368583053706,2.1081250969604937,fundamental,0.14
C_open,open,C,low,34,body,130.9654935702764,130.9654935702764,-15.182779965246697,44.12051161867564,2.1081250969604937,fundamental,0.4
C_open,open,C,low,34,sustain,130.9654935702764,130.9654935702764,-15.804754655040668,46.745784889419696,2.1081250969604937,fundamental,0.3
C_open,open,C,low,34,decay,130.9654935702764,130.9654935702764,-15.98945976608976,38.179608314188144,2.1081250969604937,fundamental,0.08
C_open,open,C,low,35,attack,130.97823717714013,130.97823717714013,-13.02208805922386,36.791542995788255,2.041054575957452,fundamental,0.08
C_open,open,C,low,35,stabilization,130.97823717714013,130.97823717714013,-14.484819003360665,37.44639008261246,2.041054575957452,fundamental,0.14
C_open,open,C,low,35,body,130.97823717714013,130.97823717714013,-14.57028423954712,42.133714314698075,2.041054575957452,fundamental,0.4
C_open,open,C,low,35,sustain,130.97823717714013,130.97823717714013,-14.859923195015972,44.3370392505824,2.041054575957452,fundamental,0.3
C_open,open,C,low,35,decay,130.97823717714013,130.97823717714013,-15.240478313962036,35.810455162814854,2.041054575957452,fundamental,0.08
C_open,open,C,low,36,attack,130.92781062221385,130.92781062221385,-14.070377796493368,40.8935772899607,2.1935875746449414,fundamental,0.08
C_open,open,C,low,36,stabilization,130.92781062221385,130.92781062221385,-14.642018974181283,39.58088944782786,2.1935875746449414,fundamental,0.14
C_open,open,C,low,36,body,130.92781062221385,130.92781062221385,-15.036579517367535,44.131015882130605,2.1935875746449414,fundamental,0.4
C_open,open,C,low,36,sustain,130.92781062221385,130.92781062221385,-15.584346579713554,46.19491940747024,2.1935875746449414,fundamental,0.3
C_open,open,C,low,36,decay,130.92781062221385,130.92781062221385,-15.871264076079951,37.81066137214194,2.1935875746449414,fundamental,0.08
C_open,open,C,low,37,attack,130.87004077317584,130.87004077317584,-15.08943027381428,39.907058611341824,2.095370754455339,fundamental,0.08
C_open,open,C,low,37,stabilization,130.87004077317584,130.87004077317584,-15.065460058395146,38.44356697412805,2.095370754455339,fundamental,0.14
C_open,open,C,low,37,body,130.87004077317584,130.87004077317584,-15.8424751287788,42.75992549209151,2.095370754455339,fundamental,0.4
C_open,open,C,low,37,sustain,130.87004077317584,130.87004077317584,-16.423525972889458,44.431423886026074,2.095370754455339,fundamental,0.3
C_open,open,C,low,37,decay,130.87004077317584,130.87004077317584,-16.634220643641818,35.876776612610975,2.095370754455339,fundamental,0.08
C_open,open,C,low,38,attack,130.91704236391752,130.91704236391752,-12.644050481305795,40.66339140502565,2.168259764452504,fundamental,0.08
C_open,open,C,low,38,stabilization,130.91704236391752,130.91704236391752,-12.716202027586853,39.050668670458485,2.168259764452504,fundamental,0.14
C_open,open,C,low,38,body,130.91704236391752,130.91704236391752,-13.571059017757044,43.81444039768735,2.168259764452504,fundamental,0.4
C_open,open,C,low,38,sustain,130.91704236391752,130.91704236391752,-14.54000338408114,46.23267125981732,2.168259764452504,fundamental,0.3
C_open,open,C,low,38,decay,130.91704236391752,130.91704236391752,-15.187136909202811,37.949606531802914,2.168259764452504,fundamental,0.08
C_open,open,C,low,39,attack,130.94966144074425,130.94966144074425,-4.860150849326871,29.99621674241687,2.1865321082585054,fundamental,0.08
C_open,open,C,low,39,stabilization,130.94966144074425,130.94966144074425,-9.16411508011113,32.254410960912324,2.1865321082585054,fundamental,0.14
C_open,open,C,low,39,body,130.94966144074425,130.94966144074425,-10.3499373987489,36.896044817890335,2.1865321082585054,fundamental,0.4
C_open,open,C,low,39,sustain,130.94966144074425,130.94966144074425,-12.970013198007509,40.19059772444405,2.1865321082585054,fundamental,0.3
C_open,open,C,low,39,decay,130.94966144074425,130.94966144074425,-14.14290816688937,32.14602067621295,2.1865321082585054,fundamental,0.08
C_open,open,C,low,40,attack,130.9686956508442,130.9686956508442,-8.164553135347845,31.499160627035685,2.1449342818919663,fundamental,0.08
C_open,open,C,low,40,stabilization,130.9686956508442,130.9686956508442,-11.385965881479642,33.068049291659484,2.1449342818919663,fundamental,0.14
C_open,open,C,low,40,body,130.9686956508442,130.9686956508442,-12.5654121686783,37.82493067199649,2.1449342818919663,fundamental,0.4
C_open,open,C,low,40,sustain,130.9686956508442,130.9686956508442,-14.273830446855492,40.49558579479222,2.1449342818919663,fundamental,0.3
C_open,open,C,low,40,decay,130.9686956508442,130.9686956508442,-15.32498422466314,32.202720358792,2.1449342818919663,fundamental,0.08
C_open,open,C,low,41,attack,130.9133167182153,130.9133167182153,-13.307440858911065,38.80304516649171,2.166989884986436,fundamental,0.08
C_open,open,C,low,41,stabilization,130.9133167182153,130.9133167182153,-13.241465871717253,37.36787551792594,2.166989884986436,fundamental,0.14
C_open,open,C,low,41,body,130.9133167182153,130.9133167182153,-13.67365960109263,42.19232939820706,2.166989884986436,fundamental,0.4
C_open,open,C,low,41,sustain,130.9133167182153,130.9133167182153,-14.388140962715468,44.67161057469046,2.166989884986436,fundamental,0.3
C_open,open,C,low,41,decay,130.9133167182153,130.9133167182153,-14.77356123611812,36.54099307089112,2.166989884986436,fundamental,0.08
C_open,open,C,low,42,attack,130.9388943861791,130.9388943861791,-10.990082069009404,36.64380266327263,2.1680453577076704,fundamental,0.08
C_open,open,C,low,42,stabilization,130.9388943861791,130.9388943861791,-12.931114781846324,37.77295549550115,2.1680453577076704,fundamental,0.14
C_open,open,C,low,42,body,130.9388943861791,130.9388943861791,-13.109671077156378,42.31273674580197,2.1680453577076704,fundamental,0.4
C_open,open,C,low,42,sustain,130.9388943861791,130.9388943861791,-13.80425406940013,44.846581062360045,2.1680453577076704,fundamental,0.3
C_open,open,C,low,42,decay,130.9388943861791,130.9388943861791,-14.121138891752878,36.554036081471786,2.1680453577076704,fundamental,0.08
C_open,open,C,low,43,attack,130.95365595310582,130.95365595310582,-14.245599533328535,40.18761103357088,2.119960917216265,fundamental,0.08
C_open,open,C,low,43,stabilization,130.95365595310582,130.95365595310582,-15.057669601142834,39.77357064238976,2.119960917216265,fundamental,0.14
C_open,open,C,low,43,body,130.95365595310582,130.95365595310582,-15.442437983229958,44.13970485063206,2.119960917216265,fundamental,0.4
C_open,open,C,low,43,sustain,130.95365595310582,130.95365595310582,-16.007570594072817,46.05662169633994,2.119960917216265,fundamental,0.3
C_open,open,C,low,43,decay,130.95365595310582,130.95365595310582,-16.52991667910762,37.49994824072979,2.119960917216265,fundamental,0.08
C_open,open,C,low,44,attack,130.93840257510965,130.93840257510965,-16.923205703208424,42.25520197114014,2.103489537694975,fundamental,0.08
C_open,open,C,low,44,stabilization,130.93840257510965,130.93840257510965,-17.719682002555295,41.207858151662705,2.103489537694975,fundamental,0.14
C_open,open,C,low,44,body,130.93840257510965,130.93840257510965,-18.19849534744776,45.7877818763219,2.103489537694975,fundamental,0.4
C_open,open,C,low,44,sustain,130.93840257510965,130.93840257510965,-18.93163719798867,47.64205620032563,2.103489537694975,fundamental,0.3
C_open,open,C,low,44,decay,130.93840257510965,130.93840257510965,-18.56678906802931,38.76501745581801,2.103489537694975,fundamental,0.08
C_open,open,C,low,45,attack,130.97552576988485,130.97552576988485,-15.634052232482604,40.638464324637376,2.1563701412823275,fundamental,0.08
C_open,open,C,low,45,stabilization,130.97552576988485,130.97552576988485,-16.79945762258764,39.90707614759981,2.1563701412823275,fundamental,0.14
C_open,open,C,low,45,body,130.97552576988485,130.97552576988485,-17.61017185105885,44.28042802999959,2.1563701412823275,fundamental,0.4
C_open,open,C,low,45,sustain,130.97552576988485,130.97552576988485,-18.898558177923988,46.055577548140484,2.1563701412823275,fundamental,0.3
C_open,open,C,low,45,decay,130.97552576988485,130.97552576988485,-19.566324323181263,37.69271971072713,2.1563701412823275,fundamental,0.08
C_open,open,C,low,46,attack,130.95280200832306,130.95280200832306,-15.6766566279205,38.884133570909256,2.1591008294948337,fundamental,0.08
C_open,open,C,low,46,stabilization,130.95280200832306,130.95280200832306,-16.83419783865162,39.01153068778666,2.1591008294948337,fundamental,0.14
C_open,open,C,low,46,body,130.95280200832306,130.95280200832306,-16.628808316785026,43.37814732486855,2.1591008294948337,fundamental,0.4
C_open,open,C,low,46,sustain,130.95280200832306,130.95280200832306,-17.19035951889903,46.06950489255462,2.1591008294948337,fundamental,0.3
C_open,open,C,low,46,decay,130.95280200832306,130.95280200832306,-18.7575688734454,37.68245907597296,2.1591008294948337,fundamental,0.08
C_open,open,C,low,47,attack,130.94716555962748,130.94716555962748,-19.16344434239531,42.521603301559495,2.224579331363036,fundamental,0.08
C_open,open,C,low,47,stabilization,130.94716555962748,130.94716555962748,-20.13818792068373,41.54825146992869,2.224579331363036,fundamental,0.14
C_open,open,C,low,47,body,130.94716555962748,130.94716555962748,-20.43495675450032,45.95229423031115,2.224579331363036,fundamental,0.4
C_open,open,C,low,47,sustain,130.94716555962748,130.94716555962748,-20.921871584457847,45.46521324022296,2.224579331363036,fundamental,0.3
C_open,open,C,low,47,decay,130.94716555962748,130.94716555962748,-20.42767518972552,38.68017384465832,2.224579331363036,fundamental,0.08
C_open,open,C,low,48,attack,130.89606799910646,130.89606799910646,-15.59571416460716,39.22113052061165,2.1794719704945,fundamental,0.08
C_open,open,C,low,48,stabilization,130.89606799910646,130.89606799910646,-16.45752046551405,38.39402530311722,2.1794719704945,fundamental,0.14
C_open,open,C,low,48,body,130.89606799910646,130.89606799910646,-17.306976254497535,42.76641896516818,2.1794719704945,fundamental,0.4
C_open,open,C,low,48,sustain,130.89606799910646,130.89606799910646,-18.15862773769108,44.60594245261052,2.1794719704945,fundamental,0.3
C_open,open,C,low,48,decay,130.89606799910646,130.89606799910646,-18.453281694591062,36.06072958853016,2.1794719704945,fundamental,0.08
C_open,open,C,low,49,attack,130.94502742325705,130.94502742325705,-15.761526089596948,41.88870345188785,2.153568360069758,fundamental,0.08
C_open,open,C,low,49,stabilization,130.94502742325705,130.94502742325705,-16.139616849229178,40.92671907121566,2.153568360069758,fundamental,0.14
C_open,open,C,low,49,body,130.94502742325705,130.94502742325705,-16.144444117887296,45.325580107113815,2.153568360069758,fundamental,0.4
C_open,open,C,low,49,sustain,130.94502742325705,130.94502742325705,-16.46887549647093,47.38357071603927,2.153568360069758,fundamental,0.3
C_open,open,C,low,49,decay,130.94502742325705,130.94502742325705,-16.401802164490526,38.66464388938866,2.153568360069758,fundamental,0.08
C_open,open,C,low,50,attack,130.92583365646743,130.92583365646743,-13.341458620892183,36.20339137117337,2.209761740384449,fundamental,0.08
C_open,open,C,low,50,stabilization,130.92583365646743,130.92583365646743,-14.727954837856204,35.51734643178886,2.209761740384449,fundamental,0.14
C_open,open,C,low,50,body,130.92583365646743,130.92583365646743,-15.758268635748143,40.19890261683999,2.209761740384449,fundamental,0.4
C_open,open,C,low,50,sustain,130.92583365646743,130.92583365646743,-17.010932683219636,42.311038905420844,2.209761740384449,fundamental,0.3
C_open,open,C,low,50,decay,130.92583365646743,130.92583365646743,-18.391811567799515,34.10958058671032,2.209761740384449,fundamental,0.08
C_open,open,C,low,51,attack,130.9647028122429,130.9647028122429,-12.100144909626168,38.516270395965016,2.110330720510481,fundamental,0.08
C_open,open,C,low,51,stabilization,130.9647028122429,130.9647028122429,-13.05994443988554,38.093039775043586,2.110330720510481,fundamental,0.14
C_open,open,C,low,51,body,130.9647028122429,130.9647028122429,-13.364084069835137,42.59983299719979,2.110330720510481,fundamental,0.4
C_open,open,C,low,51,sustain,130.9647028122429,130.9647028122429,-14.11503639009178,45.02361777612016,2.110330720510481,fundamental,0.3
C_open,open,C,low,51,decay,130.9647028122429,130.9647028122429,-14.288580118052565,36.37637137990924,2.110330720510481,fundamental,0.08
C_open,open,C,low,52,attack,130.93670188089638,130.93670188089638,-16.016738161964412,39.66948573156894,2.17739277054075,fundamental,0.08
C_open,open,C,low,52,stabilization,130.93670188089638,130.93670188089638,-16.400937260427348,38.58445700133808,2.17739277054075,fundamental,0.14
C_open,open,C,low,52,body,130.93670188089638,130.93670188089638,-16.999473638478555,43.08344189758978,2.17739277054075,fundamental,0.4
C_open,open,C,low,52,sustain,130.93670188089638,130.93670188089638,-17.412834678788272,44.97901063565579,2.17739277054075,fundamental,0.3
C_open,open,C,low,52,decay,130.93670188089638,130.93670188089638,-17.648407476483413,36.44458835311613,2.17739277054075,fundamental,0.08
C_open,open,C,low,53,attack,130.97776144501424,130.97776144501424,-14.557760715531671,39.35663227430353,2.1168252658958626,fundamental,0.08
C_open,open,C,low,53,stabilization,130.97776144501424,130.97776144501424,-16.408171785438917,40.17092435523035,2.1168252658958626,fundamental,0.14
C_open,open,C,low,53,body,130.97776144501424,130.97776144501424,-15.85446563218563,44.4466804367759,2.1168252658958626,fundamental,0.4
C_open,open,C,low,53,sustain,130.97776144501424,130.97776144501424,-15.891385719391993,46.82121075120763,2.1168252658958626,fundamental,0.3
C_open,open,C,low,53,decay,130.97776144501424,130.97776144501424,-15.959455262032144,38.418070158239445,2.1168252658958626,fundamental,0.08
C_open,open,C,low,54,attack,130.93081744000648,130.93081744000648,-17.22163996871501,39.79948806219185,2.1842279464478374,fundamental,0.08
C_open,open,C,low,54,stabilization,130.93081744000648,130.93081744000648,-17.30049657737947,38.72138850658774,2.1842279464478374,fundamental,0.14
C_open,open,C,low,54,body,130.93081744000648,130.93081744000648,-17.11166653041122,43.29966726341041,2.1842279464478374,fundamental,0.4
C_open,open,C,low,54,sustain,130.93081744000648,130.93081744000648,-17.109554689246536,45.40956917268528,2.1842279464478374,fundamental,0.3
C_open,open,C,low,54,decay,130.93081744000648,130.93081744000648,-17.139412391970744,36.97304882177105,2.1842279464478374,fundamental,0.08
C_open,open,C,low,55,attack,130.91886723837308,130.91886723837308,-15.216871288678703,36.26986774561193,2.1405184970641185,fundamental,0.08
C_open,open,C,low,55,stabilization,130.91886723837308,130.91886723837308,-14.863092060209295,35.17473158556575,2.1405184970641185,fundamental,0.14
C_open,open,C,low,55,body,130.91886723837308,130.91886723837308,-14.514973121253846,39.722078510527346,2.1405184970641185,fundamental,0.4
C_open,open,C,low,55,sustain,130.91886723837308,130.91886723837308,-14.356185109853088,41.63356970835636,2.1405184970641185,fundamental,0.3
C_open,open,C,low,55,decay,130.91886723837308,130.91886723837308,-14.21293339437556,33.18569032515221,2.1405184970641185,fundamental,0.08
C_open,open,C,low,56,attack,130.98481259491456,130.98481259491456,-13.446512886810956,36.3885760345133,2.039834457612456,fundamental,0.08
C_open,open,C,low,56,stabilization,130.98481259491456,130.98481259491456,-15.781013687554156,39.13208607831054,2.039834457612456,fundamental,0.14
C_open,open,C,low,56,body,130.98481259491456,130.98481259491456,-15.686186106400712,43.392791302273096,2.039834457612456,fundamental,0.4
C_open,open,C,low,56,sustain,130.98481259491456,130.98481259491456,-16.28716125035949,45.73159615540098,2.039834457612456,fundamental,0.3
C_open,open,C,low,56,decay,130.98481259491456,130.98481259491456,-16.46292864255109,37.23246562185182,2.039834457612456,fundamental,0.08
C_open,open,C,low,57,attack,130.99574154854787,130.99574154854787,-11.568434426580149,38.707398130949414,2.0092595854512765,fundamental,0.08
C_open,open,C,low,57,stabilization,130.99574154854787,130.99574154854787,-12.104344873273526,38.0797312296545,2.0092595854512765,fundamental,0.14
C_open,open,C,low,57,body,130.99574154854787,130.99574154854787,-12.12542796713825,42.69125895794057,2.0092595854512765,fundamental,0.4
C_open,open,C,low,57,sustain,130.99574154854787,130.99574154854787,-12.38703373223283,44.92780262150215,2.0092595854512765,fundamental,0.3
C_open,open,C,low,57,decay,130.99574154854787,130.99574154854787,-12.451495480792332,36.42131173390315,2.0092595854512765,fundamental,0.08
C_open,open,C,low,58,attack,130.9725499949277,130.9725499949277,-15.445779523853062,38.95573206257239,2.1094372953244203,fundamental,0.08
C_open,open,C,low,58,stabilization,130.9725499949277,130.9725499949277,-16.17248541569618,38.62641052094271,2.1094372953244203,fundamental,0.14
C_open,open,C,low,58,body,130.9725499949277,130.9725499949277,-15.992884087507406,43.15737189062942,2.1094372953244203,fundamental,0.4
C_open,open,C,low,58,sustain,130.9725499949277,130.9725499949277,-16.491642809917998,45.558270136179324,2.1094372953244203,fundamental,0.3
C_open,open,C,low,58,decay,130.9725499949277,130.9725499949277,-16.69773346707214,37.235074723378276,2.1094372953244203,fundamental,0.08
C_open,open,C,low,59,attack,131.01776947285992,131.01776947285992,-16.78946821431441,34.5761570266714,2.1049333721509784,fundamental,0.08
C_open,open,C,low,59,stabilization,131.01776947285992,131.01776947285992,-18.329407469707256,35.184541872789225,2.1049333721509784,fundamental,0.14
C_open,open,C,low,59,body,131.01776947285992,131.01776947285992,-17.718632429234923,39.72419781612338,2.1049333721509784,fundamental,0.4
C_open,open,C,low,59,sustain,131.01776947285992,131.01776947285992,-17.657362989571496,42.1619632995435,2.1049333721509784,fundamental,0.3
C_open,open,C,low,59,decay,131.01776947285992,131.01776947285992,-17.709490643841875,33.967846819111045,2.1049333721509784,fundamental,0.08
C_open,open,C,low,60,attack,130.94753468502506,130.94753468502506,-16.542293432223204,38.33765225148324,2.093537003240065,fundamental,0.08
C_open,open,C,low,60,stabilization,130.94753468502506,130.94753468502506,-17.05063980540782,38.24458854140022,2.093537003240065,fundamental,0.14
C_open,open,C,low,60,body,130.94753468502506,130.94753468502506,-15.977168735513438,42.174052004600945,2.093537003240065,fundamental,0.4
C_open,open,C,low,60,sustain,130.94753468502506,130.94753468502506,-15.079888366742615,44.00183199662318,2.093537003240065,fundamental,0.3
C_open,open,C,low,60,decay,130.94753468502506,130.94753468502506,-14.838567341500294,35.54183193996236,2.093537003240065,fundamental,0.08
C_open,open,C,low,61,attack,130.98695510587035,130.98695510587035,-10.40287374072686,39.50143142981206,1.902947796630566,fundamental,0.08
C_open,open,C,low,61,stabilization,130.98695510587035,130.98695510587035,-11.298724829564163,38.998306086541064,1.902947796630566,fundamental,0.14
C_open,open,C,low,61,body,130.98695510587035,130.98695510587035,-11.395212811799269,43.444583055738875,1.902947796630566,fundamental,0.4
C_open,open,C,low,61,sustain,130.98695510587035,130.98695510587035,-11.431377171144083,45.45349577003242,1.902947796630566,fundamental,0.3
C_open,open,C,low,61,decay,130.98695510587035,130.98695510587035,-11.709096289558332,36.92765855153624,1.902947796630566,fundamental,0.08
C_open,open,C,low,62,attack,130.92062687953285,130.92062687953285,-0.4977143443658534,24.83384473932972,2.065388199467409,fundamental,0.08
C_open,open,C,low,62,stabilization,130.92062687953285,130.92062687953285,0.4397500149116311,23.129791715739927,2.065388199467409,fundamental,0.14
C_open,open,C,low,62,body,130.92062687953285,130.92062687953285,-1.2409953513794392,29.453532654529667,2.065388199467409,fundamental,0.4
C_open,open,C,low,62,sustain,130.92062687953285,130.92062687953285,-3.212812282828594,33.47453616827299,2.065388199467409,fundamental,0.3
C_open,open,C,low,62,decay,130.92062687953285,130.92062687953285,-3.816883586300243,25.715781067600176,2.065388199467409,fundamental,0.08
C_open,open,C,low,63,attack,130.93684288654268,130.93684288654268,-11.98825148528745,37.910314344256975,2.201831619790647,fundamental,0.08
C_open,open,C,low,63,stabilization,130.93684288654268,130.93684288654268,-14.27693278478921,39.36917306613709,2.201831619790647,fundamental,0.14
C_open,open,C,low,63,body,130.93684288654268,130.93684288654268,-14.304488699383036,43.45191805531792,2.201831619790647,fundamental,0.4
C_open,open,C,low,63,sustain,130.93684288654268,130.93684288654268,-15.1554032231263,45.92793563137397,2.201831619790647,fundamental,0.3
C_open,open,C,low,63,decay,130.93684288654268,130.93684288654268,-15.46848339747715,37.58624794402049,2.201831619790647,fundamental,0.08
C_open,open,C,low,64,attack,130.95913218813408,130.95913218813408,-13.544514426099076,35.616170879273824,2.143587804325715,fundamental,0.08
C_open,open,C,low,64,stabilization,130.95913218813408,130.95913218813408,-13.10337669476526,34.74265280373201,2.143587804325715,fundamental,0.14
C_open,open,C,low,64,body,130.95913218813408,130.95913218813408,-12.906692308283652,39.49479033147843,2.143587804325715,fundamental,0.4
C_open,open,C,low,64,sustain,130.95913218813408,130.95913218813408,-13.187583609060518,42.20805586024228,2.143587804325715,fundamental,0.3
C_open,open,C,low,64,decay,130.95913218813408,130.95913218813408,-13.286639954374737,33.961503883397604,2.143587804325715,fundamental,0.08
C_open,open,C,low,65,attack,130.99525738491096,130.99525738491096,-1.9103823202608368,28.292709276601002,2.127749846593792,fundamental,0.08
C_open,open,C,low,65,stabilization,130.99525738491096,130.99525738491096,-5.104308288790612,30.183035272322492,2.127749846593792,fundamental,0.14
C_open,open,C,low,65,body,130.99525738491096,130.99525738491096,-6.090326931030567,35.20977120017277,2.127749846593792,fundamental,0.4
C_open,open,C,low,65,sustain,130.99525738491096,130.99525738491096,-7.64224345053767,38.25249707429995,2.127749846593792,fundamental,0.3
C_open,open,C,low,65,decay,130.99525738491096,130.99525738491096,-8.45653181135468,30.07777176248102,2.127749846593792,fundamental,0.08
C_open,open,C,low,66,attack,130.95399322081676,130.95399322081676,-11.42226118461371,38.67736827947322,2.1842418406453823,fundamental,0.08
C_open,open,C,low,66,stabilization,130.95399322081676,130.95399322081676,-11.540118190483206,37.77023242393778,2.1842418406453823,fundamental,0.14
C_open,open,C,low,66,body,130.95399322081676,130.95399322081676,-11.446322350266604,42.314564257044395,2.1842418406453823,fundamental,0.4
C_open,open,C,low,66,sustain,130.95399322081676,130.95399322081676,-11.585359508015005,44.650337555019085,2.1842418406453823,fundamental,0.3
C_open,open,C,low,66,decay,130.95399322081676,130.95399322081676,-11.62485142659449,36.28558957461873,2.1842418406453823,fundamental,0.08
C_open,open,C,low,67,attack,130.98933357121277,130.98933357121277,-8.186821548354246,34.863507455549176,1.950225698363625,fundamental,0.08
C_open,open,C,low,67,stabilization,130.98933357121277,130.98933357121277,-9.410579076403463,34.794839938755835,1.950225698363625,fundamental,0.14
C_open,open,C,low,67,body,130.98933357121277,130.98933357121277,-9.795259122736937,39.317610366472195,1.950225698363625,fundamental,0.4
C_open,open,C,low,67,sustain,130.98933357121277,130.98933357121277,-10.810599266919198,41.589345315669426,1.950225698363625,fundamental,0.3
C_open,open,C,low,67,decay,130.98933357121277,130.98933357121277,-11.553911037747028,33.23478604170673,1.950225698363625,fundamental,0.08
C_open,open,C,low,68,attack,130.95772276825318,130.95772276825318,-13.03605649727978,39.59138255834631,2.107241008559238,fundamental,0.08
C_open,open,C,low,68,stabilization,130.95772276825318,130.95772276825318,-13.329277952406288,38.61685533131211,2.107241008559238,fundamental,0.14
C_open,open,C,low,68,body,130.95772276825318,130.95772276825318,-13.287880636506712,43.02102130694273,2.107241008559238,fundamental,0.4
C_open,open,C,low,68,sustain,130.95772276825318,130.95772276825318,-13.254105390778385,44.95883395187026,2.107241008559238,fundamental,0.3
C_open,open,C,low,68,decay,130.95772276825318,130.95772276825318,-13.322976569614688,36.51647865321644,2.107241008559238,fundamental,0.08
C_open,open,C,low,69,attack,130.9796666938945,130.9796666938945,-13.267876849350962,35.80427086061667,2.136724991875058,fundamental,0.08
C_open,open,C,low,69,stabilization,130.9796666938945,130.9796666938945,-15.341539938066823,36.42258334254288,2.136724991875058,fundamental,0.14
C_open,open,C,low,69,body,130.9796666938945,130.9796666938945,-15.5923305695649,40.72029498582448,2.136724991875058,fundamental,0.4
C_open,open,C,low,69,sustain,130.9796666938945,130.9796666938945,-16.851811782380153,43.37414433819905,2.136724991875058,fundamental,0.3
C_open,open,C,low,69,decay,130.9796666938945,130.9796666938945,-17.353841850407264,34.906776689741605,2.136724991875058,fundamental,0.08
C_open,open,C,low,70,attack,130.89102083075608,130.89102083075608,-12.401506631821825,38.28540727403633,2.0715085470782166,fundamental,0.08
C_open,open,C,low,70,stabilization,130.89102083075608,130.89102083075608,-12.600266945046876,37.21184698068094,2.0715085470782166,fundamental,0.14
C_open,open,C,low,70,body,130.89102083075608,130.89102083075608,-12.859775882517056,41.399999150666545,2.0715085470782166,fundamental,0.4
C_open,open,C,low,70,sustain,130.89102083075608,130.89102083075608,-13.353189061254028,43.20150535858547,2.0715085470782166,fundamental,0.3
C_open,open,C,low,70,decay,130.89102083075608,130.89102083075608,-13.612954197846117,34.81387555503812,2.0715085470782166,fundamental,0.08
C_open,open,C,low,71,attack,130.9888495612919,130.9888495612919,-13.721762159024188,40.775759247512156,2.2263070266251925,fundamental,0.08
C_open,open,C,low,71,stabilization,130.9888495612919,130.9888495612919,-14.349688734502912,39.66570585291043,2.2263070266251925,fundamental,0.14
C_open,open,C,low,71,body,130.9888495612919,130.9888495612919,-14.4009739920903,44.081589317938636,2.2263070266251925,fundamental,0.4
C_open,open,C,low,71,sustain,130.9888495612919,130.9888495612919,-14.949429605983935,46.18827078783472,2.2263070266251925,fundamental,0.3
C_open,open,C,low,71,decay,130.9888495612919,130.9888495612919,-15.259600410429904,37.76140577677059,2.2263070266251925,fundamental,0.08
C_open,open,C,low,72,attack,130.97901082185783,130.97901082185783,-11.882574689326866,37.8137000398565,2.106448986950669,fundamental,0.08
C_open,open,C,low,72,stabilization,130.97901082185783,130.97901082185783,-13.175724144544986,37.69394086038339,2.106448986950669,fundamental,0.14
C_open,open,C,low,72,body,130.97901082185783,130.97901082185783,-13.716508699943551,42.3698187852714,2.106448986950669,fundamental,0.4
C_open,open,C,low,72,sustain,130.97901082185783,130.97901082185783,-14.604155693323214,44.71489651503409,2.106448986950669,fundamental,0.3
C_open,open,C,low,72,decay,130.97901082185783,130.97901082185783,-15.180260609458308,36.27945706575421,2.106448986950669,fundamental,0.08
C_open,open,C,low,73,attack,130.9885119245174,130.9885119245174,-11.61304205167935,40.911430003278994,2.075305489661043,fundamental,0.08
C_open,open,C,low,73,stabilization,130.9885119245174,130.9885119245174,-12.750692638656815,40.34314246902298,2.075305489661043,fundamental,0.14
C_open,open,C,low,73,body,130.9885119245174,130.9885119245174,-13.24606642070666,45.03089336335211,2.075305489661043,fundamental,0.4
C_open,open,C,low,73,sustain,130.9885119245174,130.9885119245174,-14.202075766212433,47.508938308609515,2.075305489661043,fundamental,0.3
C_open,open,C,low,73,decay,130.9885119245174,130.9885119245174,-14.424587552949724,38.939636103323075,2.075305489661043,fundamental,0.08
C_open,open,C,low,74,attack,130.96760044305256,130.96760044305256,-16.099636912765632,40.34993125874326,2.14594529809831,fundamental,0.08
C_open,open,C,low,74,stabilization,130.96760044305256,130.96760044305256,-16.740224328075833,40.38224012294173,2.14594529809831,fundamental,0.14
C_open,open,C,low,74,body,130.96760044305256,130.96760044305256,-16.361611607222414,44.94208127343607,2.14594529809831,fundamental,0.4
C_open,open,C,low,74,sustain,130.96760044305256,130.96760044305256,-16.322413433087554,47.16600498082348,2.14594529809831,fundamental,0.3
C_open,open,C,low,74,decay,130.96760044305256,130.96760044305256,-16.857823012140642,38.84744857489918,2.14594529809831,fundamental,0.08
C_open,open,C,low,75,attack,130.98356747202305,130.98356747202305,-15.42796545802549,42.59458368746881,2.131920507524669,fundamental,0.08
C_open,open,C,low,75,stabilization,130.98356747202305,130.98356747202305,-16.643043676092496,41.9411814292882,2.131920507524669,fundamental,0.14
C_open,open,C,low,75,body,130.98356747202305,130.98356747202305,-17.04471114607111,46.575277814793594,2.131920507524669,fundamental,0.4
C_open,open,C,low,75,sustain,130.98356747202305,130.98356747202305,-17.56325323730558,48.650869152030516,2.131920507524669,fundamental,0.3
C_open,open,C,low,75,decay,130.98356747202305,130.98356747202305,-17.793983548186134,40.17495657831085,2.131920507524669,fundamental,0.08
C_open,open,C,low,76,attack,130.97900929003947,130.97900929003947,-13.874066276081711,40.48643068911411,2.0686524074471326,fundamental,0.08
C_open,open,C,low,76,stabilization,130.97900929003947,130.97900929003947,-14.86785588154546,40.15720820079483,2.0686524074471326,fundamental,0.14
C_open,open,C,low,76,body,130.97900929003947,130.97900929003947,-15.169774437880273,44.611057913506826,2.0686524074471326,fundamental,0.4
C_open,open,C,low,76,sustain,130.97900929003947,130.97900929003947,-15.755501889815063,46.6632144514183,2.0686524074471326,fundamental,0.3
C_open,open,C,low,76,decay,130.97900929003947,130.97900929003947,-16.112787793368938,38.27616193874327,2.0686524074471326,fundamental,0.08
C_open,open,C,low,77,attack,130.98278471105803,130.98278471105803,-13.05418496364129,39.794203962460045,2.1798411701924105,fundamental,0.08
C_open,open,C,low,77,stabilization,130.98278471105803,130.98278471105803,-13.122690316364306,39.19217336262176,2.1798411701924105,fundamental,0.14
C_open,open,C,low,77,body,130.98278471105803,130.98278471105803,-12.913321222385854,43.135259599481834,2.1798411701924105,fundamental,0.4
C_open,open,C,low,77,sustain,130.98278471105803,130.98278471105803,-12.988585077294452,44.8210616340805,2.1798411701924105,fundamental,0.3
C_open,open,C,low,77,decay,130.98278471105803,130.98278471105803,-12.66201673012452,36.2190061349218,2.1798411701924105,fundamental,0.08
D_12,fret12,D,low,0,attack,146.66490142010338,146.66490142010338,-11.963439298176034,50.035449729906524,2.1868098859498573,fundamental,0.08
D_12,fret12,D,low,0,stabilization,146.66490142010338,146.66490142010338,-11.89099952734676,52.590101533693584,2.1868098859498573,fundamental,0.14
D_12,fret12,D,low,0,body,146.66490142010338,146.66490142010338,-12.101506794505427,53.68709290909842,2.1868098859498573,fundamental,0.4
D_12,fret12,D,low,0,sustain,146.66490142010338,146.66490142010338,-12.433147294723137,54.80337570356715,2.1868098859498573,fundamental,0.3
D_12,fret12,D,low,0,decay,146.66490142010338,146.66490142010338,-12.643120726818132,49.1373141349103,2.1868098859498573,fundamental,0.08
D_12,fret12,D,low,1,attack,146.66392236903738,146.66392236903738,-8.659016058905006,50.090892993390916,1.9007648669067372,fundamental,0.08
D_12,fret12,D,low,1,stabilization,146.66392236903738,146.66392236903738,-8.986833888479644,52.11302963098739,1.9007648669067372,fundamental,0.14
D_12,fret12,D,low,1,body,146.66392236903738,146.66392236903738,-9.203432456458556,53.731268406628416,1.9007648669067372,fundamental,0.4
D_12,fret12,D,low,1,sustain,146.66392236903738,146.66392236903738,-9.363093261055756,52.95678899371511,1.9007648669067372,fundamental,0.3
D_12,fret12,D,low,1,decay,146.66392236903738,146.66392236903738,-9.121919431845376,48.811967560270354,1.9007648669067372,fundamental,0.08
D_12,fret12,D,low,2,attack,146.6724083409863,146.6724083409863,-10.780424440756908,50.760492350363066,2.043631010470969,fundamental,0.08
D_12,fret12,D,low,2,stabilization,146.6724083409863,146.6724083409863,-10.877287965674444,53.26829999467705,2.043631010470969,fundamental,0.14
D_12,fret12,D,low,2,body,146.6724083409863,146.6724083409863,-11.106319357503317,54.39612609180082,2.043631010470969,fundamental,0.4
D_12,fret12,D,low,2,sustain,146.6724083409863,146.6724083409863,-11.305833999611494,55.568539782381905,2.043631010470969,fundamental,0.3
D_12,fret12,D,low,2,decay,146.6724083409863,146.6724083409863,-11.82374065288015,49.83596378875544,2.043631010470969,fundamental,0.08
D_open,open,D,low,0,attack,73.32093034605332,73.32093034605332,-6.62595166970349,43.77714065599663,2.210524597991028,fundamental,0.08
D_open,open,D,low,0,stabilization,73.32093034605332,73.32093034605332,-6.697383595652312,46.70438614139866,2.210524597991028,fundamental,0.14
D_open,open,D,low,0,body,73.32093034605332,73.32093034605332,-5.440614125250654,49.14404837857855,2.210524597991028,fundamental,0.4
D_open,open,D,low,0,sustain,73.32093034605332,73.32093034605332,-3.500042927981923,50.31073957422779,2.210524597991028,fundamental,0.3
D_open,open,D,low,0,decay,73.32093034605332,73.32093034605332,-2.402179123936648,49.56903275733384,2.210524597991028,fundamental,0.08
D_open,open,D,low,1,attack,73.3190141408322,73.3190141408322,-15.437488529487446,45.042499318979566,2.161108541409191,fundamental,0.08
D_open,open,D,low,1,stabilization,73.3190141408322,73.3190141408322,-14.869810480017115,48.31128534501351,2.161108541409191,fundamental,0.14
D_open,open,D,low,1,body,73.3190141408322,73.3190141408322,-14.52443827081568,50.56832891005159,2.161108541409191,fundamental,0.4
D_open,open,D,low,1,sustain,73.3190141408322,73.3190141408322,-14.072727654435226,51.50046604953388,2.161108541409191,fundamental,0.3
D_open,open,D,low,1,decay,73.3190141408322,73.3190141408322,-14.026141088774343,50.53240175106135,2.161108541409191,fundamental,0.08
D_open,open,D,low,2,attack,73.31492585494465,73.31492585494465,-5.647706822167642,44.80019069758584,2.1587924381188777,fundamental,0.08
D_open,open,D,low,2,stabilization,73.31492585494465,73.31492585494465,-5.912506774642068,47.71214110725307,2.1587924381188777,fundamental,0.14
D_open,open,D,low,2,body,73.31492585494465,73.31492585494465,-5.423280513423904,50.04780720449958,2.1587924381188777,fundamental,0.4
D_open,open,D,low,2,sustain,73.31492585494465,73.31492585494465,-5.308117844126826,50.796498453636836,2.1587924381188777,fundamental,0.3
D_open,open,D,low,2,decay,73.31492585494465,73.31492585494465,-5.325822628361962,49.69990957111832,2.1587924381188777,fundamental,0.08
D_open,open,D,low,3,attack,73.34339872551759,73.34339872551759,-6.275858676615222,44.00347661040105,2.223772429547873,fundamental,0.08
D_open,open,D,low,3,stabilization,73.34339872551759,73.34339872551759,-6.669295374278413,47.27654855846464,2.223772429547873,fundamental,0.14
D_open,open,D,low,3,body,73.34339872551759,73.34339872551759,-6.741546077068001,49.546629714318705,2.223772429547873,fundamental,0.4
D_open,open,D,low,3,sustain,73.34339872551759,73.34339872551759,-6.961192114306932,50.17570857846347,2.223772429547873,fundamental,0.3
D_open,open,D,low,3,decay,73.34339872551759,73.34339872551759,-7.227717950801541,49.20919057458667,2.223772429547873,fundamental,0.08
D_open,open,D,low,4,attack,73.30928850671191,73.30928850671191,-14.450895879814825,45.06770455829074,2.1744471310778164,fundamental,0.08
D_open,open,D,low,4,stabilization,73.30928850671191,73.30928850671191,-14.29689421749655,48.115495506453456,2.1744471310778164,fundamental,0.14
D_open,open,D,low,4,body,73.30928850671191,73.30928850671191,-14.089171865927192,50.242541967924275,2.1744471310778164,fundamental,0.4
D_open,open,D,low,4,sustain,73.30928850671191,73.30928850671191,-13.994312402297789,51.00865916021518,2.1744471310778164,fundamental,0.3
D_open,open,D,low,4,decay,73.30928850671191,73.30928850671191,-14.18343491939354,49.86641215136265,2.1744471310778164,fundamental,0.08
D_open,open,D,low,5,attack,73.35802582709164,73.35802582709164,-4.576691859072184,45.60302193671069,2.1764115750508237,fundamental,0.08
D_open,open,D,low,5,stabilization,73.35802582709164,73.35802582709164,-4.416397665210653,48.774988801988876,2.1764115750508237,fundamental,0.14
D_open,open,D,low,5,body,73.35802582709164,73.35802582709164,-3.398335481887841,51.14110209109303,2.1764115750508237,fundamental,0.4
D_open,open,D,low,5,sustain,73.35802582709164,73.35802582709164,-2.7103704453392226,51.996466537946205,2.1764115750508237,fundamental,0.3
D_open,open,D,low,5,decay,73.35802582709164,73.35802582709164,-2.647369782786704,50.986293415376565,2.1764115750508237,fundamental,0.08
D_open,open,D,low,6,attack,73.29191175645232,73.29191175645232,-9.231585963785946,41.53314743719736,2.150450500596504,fundamental,0.08
D_open,open,D,low,6,stabilization,73.29191175645232,73.29191175645232,-9.846705642554973,44.4021020618617,2.150450500596504,fundamental,0.14
D_open,open,D,low,6,body,73.29191175645232,73.29191175645232,-9.362322119617067,46.776018796784044,2.150450500596504,fundamental,0.4
D_open,open,D,low,6,sustain,73.29191175645232,73.29191175645232,-9.350197168851224,47.439076563037936,2.150450500596504,fundamental,0.3
D_open,open,D,low,6,decay,73.29191175645232,73.29191175645232,-9.535890927606708,46.19592866714808,2.150450500596504,fundamental,0.08
D_open,open,D,low,7,attack,73.29316804733982,73.29316804733982,-10.271453895602832,41.396143919382695,2.213481188654234,fundamental,0.08
D_open,open,D,low,7,stabilization,73.29316804733982,73.29316804733982,-9.849934894373613,44.58648527854179,2.213481188654234,fundamental,0.14
D_open,open,D,low,7,body,73.29316804733982,73.29316804733982,-9.360273202085963,46.99327697357509,2.213481188654234,fundamental,0.4
D_open,open,D,low,7,sustain,73.29316804733982,73.29316804733982,-8.999888071874928,47.98212438829535,2.213481188654234,fundamental,0.3
D_open,open,D,low,7,decay,73.29316804733982,73.29316804733982,-9.151886018981116,46.805560493787226,2.213481188654234,fundamental,0.08
D_open,open,D,low,8,attack,73.29348933031991,73.29348933031991,-5.779293157766126,44.62349971278007,2.1462454468038734,fundamental,0.08
D_open,open,D,low,8,stabilization,73.29348933031991,73.29348933031991,-5.955468337346375,47.70158094483183,2.1462454468038734,fundamental,0.14
D_open,open,D,low,8,body,73.29348933031991,73.29348933031991,-5.941462147973375,49.78719137286423,2.1462454468038734,fundamental,0.4
D_open,open,D,low,8,sustain,73.29348933031991,73.29348933031991,-6.067697590635262,50.39655595222489,2.1462454468038734,fundamental,0.3
D_open,open,D,low,8,decay,73.29348933031991,73.29348933031991,-9.16699241792844,46.4268870312376,2.1462454468038734,fundamental,0.08
D_open,open,D,low,9,attack,73.34519295949832,73.34519295949832,-10.674807291302365,46.65949964837319,2.234244482657106,fundamental,0.08
D_open,open,D,low,9,stabilization,73.34519295949832,73.34519295949832,-10.431306740902116,49.55714782339142,2.234244482657106,fundamental,0.14
D_open,open,D,low,9,body,73.34519295949832,73.34519295949832,-10.218032128632018,51.73960566351004,2.234244482657106,fundamental,0.4
D_open,open,D,low,9,sustain,73.34519295949832,73.34519295949832,-10.018676963085888,52.32611034289418,2.234244482657106,fundamental,0.3
D_open,open,D,low,9,decay,73.34519295949832,73.34519295949832,-9.184676447709982,51.14408209568447,2.234244482657106,fundamental,0.08
D_open,open,D,low,10,attack,73.32859751290043,73.32859751290043,-10.471371384382955,40.76761249738519,2.02536226515352,fundamental,0.08
D_open,open,D,low,10,stabilization,73.32859751290043,73.32859751290043,-8.540609899784542,44.321030325127936,2.02536226515352,fundamental,0.14
D_open,open,D,low,10,body,73.32859751290043,73.32859751290043,-7.777161704567526,46.98738819334264,2.02536226515352,fundamental,0.4
D_open,open,D,low,10,sustain,73.32859751290043,73.32859751290043,-6.290785104748089,48.34035065070689,2.02536226515352,fundamental,0.3
D_open,open,D,low,10,decay,73.32859751290043,73.32859751290043,-5.644771974812549,47.61680533328243,2.02536226515352,fundamental,0.08
D_open,open,D,low,11,attack,73.26013830399913,73.26013830399913,-7.286947016085811,42.01487085874601,2.191997980482879,fundamental,0.08
D_open,open,D,low,11,stabilization,73.26013830399913,73.26013830399913,-6.11136476200133,45.21541010333729,2.191997980482879,fundamental,0.14
D_open,open,D,low,11,body,73.26013830399913,73.26013830399913,-6.081506068506677,47.37582401185739,2.191997980482879,fundamental,0.4
D_open,open,D,low,11,sustain,73.26013830399913,73.26013830399913,-6.503787515202141,48.18055940816065,2.191997980482879,fundamental,0.3
D_open,open,D,low,11,decay,73.26013830399913,73.26013830399913,-7.235186442562622,47.05407586995056,2.191997980482879,fundamental,0.08
D_open,open,D,low,12,attack,73.35793882256017,73.35793882256017,-8.413270310807633,41.94347440278963,2.2473148778832943,fundamental,0.08
D_open,open,D,low,12,stabilization,73.35793882256017,73.35793882256017,-7.957243641114928,45.45332016929093,2.2473148778832943,fundamental,0.14
D_open,open,D,low,12,body,73.35793882256017,73.35793882256017,-6.873174559835377,47.89433019171424,2.2473148778832943,fundamental,0.4
D_open,open,D,low,12,sustain,73.35793882256017,73.35793882256017,-6.52558282236847,48.8063652789788,2.2473148778832943,fundamental,0.3
D_open,open,D,low,12,decay,73.35793882256017,73.35793882256017,-6.48688143355686,47.86953533443992,2.2473148778832943,fundamental,0.08
D_open,open,D,low,13,attack,73.27657036921612,73.27657036921612,-1.728135719053668,44.24085328453466,2.149619517455593,fundamental,0.08
D_open,open,D,low,13,stabilization,73.27657036921612,73.27657036921612,-1.9117747621606185,47.29395422366862,2.149619517455593,fundamental,0.14
D_open,open,D,low,13,body,73.27657036921612,73.27657036921612,-2.035636438544252,49.40097157402494,2.149619517455593,fundamental,0.4
D_open,open,D,low,13,sustain,73.27657036921612,73.27657036921612,-1.5735215468367514,50.103027695965764,2.149619517455593,fundamental,0.3
D_open,open,D,low,13,decay,73.27657036921612,73.27657036921612,-1.31857335801012,49.06664003933654,2.149619517455593,fundamental,0.08
D_open,open,D,low,14,attack,73.29025233086224,73.29025233086224,-18.74352319435653,36.888792260098064,2.167267574612243,fundamental,0.08
D_open,open,D,low,14,stabilization,73.29025233086224,73.29025233086224,-17.455328309178554,41.284919952162426,2.167267574612243,fundamental,0.14
D_open,open,D,low,14,body,73.29025233086224,73.29025233086224,-16.612900906715666,43.89535181820001,2.167267574612243,fundamental,0.4
D_open,open,D,low,14,sustain,73.29025233086224,73.29025233086224,-15.825786992037004,45.4081902803724,2.167267574612243,fundamental,0.3
D_open,open,D,low,14,decay,73.29025233086224,73.29025233086224,-15.5054700456339,44.64034730416776,2.167267574612243,fundamental,0.08
D_open,open,D,low,15,attack,73.31289481997456,73.31289481997456,-12.0167501907516,42.36088530214277,2.066938775995628,fundamental,0.08
D_open,open,D,low,15,stabilization,73.31289481997456,73.31289481997456,-10.573754685578606,45.73955038382876,2.066938775995628,fundamental,0.14
D_open,open,D,low,15,body,73.31289481997456,73.31289481997456,-9.623123431330804,48.299916047605365,2.066938775995628,fundamental,0.4
D_open,open,D,low,15,sustain,73.31289481997456,73.31289481997456,-8.35012921001455,49.44427307282957,2.066938775995628,fundamental,0.3
D_open,open,D,low,15,decay,73.31289481997456,73.31289481997456,-7.905040339401985,48.47242225229913,2.066938775995628,fundamental,0.08
D_open,open,D,low,16,attack,73.32707289133828,73.32707289133828,-12.774636540764064,42.057232745472355,2.167676727969681,fundamental,0.08
D_open,open,D,low,16,stabilization,73.32707289133828,73.32707289133828,-11.582947583435306,45.555983923079324,2.167676727969681,fundamental,0.14
D_open,open,D,low,16,body,73.32707289133828,73.32707289133828,-11.095710349461392,47.85581902455597,2.167676727969681,fundamental,0.4
D_open,open,D,low,16,sustain,73.32707289133828,73.32707289133828,-10.319246072204637,48.8081926349867,2.167676727969681,fundamental,0.3
D_open,open,D,low,16,decay,73.32707289133828,73.32707289133828,-9.859970314154737,47.56567619763584,2.167676727969681,fundamental,0.08
D_open,open,D,low,17,attack,73.33007646222507,73.33007646222507,-7.555575635106841,43.487906703608836,2.194772164316392,fundamental,0.08
D_open,open,D,low,17,stabilization,73.33007646222507,73.33007646222507,-7.321026801050081,46.53138356056174,2.194772164316392,fundamental,0.14
D_open,open,D,low,17,body,73.33007646222507,73.33007646222507,-7.096693976849728,48.929290115568065,2.194772164316392,fundamental,0.4
D_open,open,D,low,17,sustain,73.33007646222507,73.33007646222507,-6.740204811794989,49.832304394050404,2.194772164316392,fundamental,0.3
D_open,open,D,low,17,decay,73.33007646222507,73.33007646222507,-6.591710702145441,48.77013750285435,2.194772164316392,fundamental,0.08
D_open,open,D,low,18,attack,73.31720641518314,73.31720641518314,-12.980911389521935,42.63080555064783,2.2824952215883334,fundamental,0.08
D_open,open,D,low,18,stabilization,73.31720641518314,73.31720641518314,-12.391022983466186,45.897329038838336,2.2824952215883334,fundamental,0.14
D_open,open,D,low,18,body,73.31720641518314,73.31720641518314,-11.56102924928706,48.47582522483298,2.2824952215883334,fundamental,0.4
D_open,open,D,low,18,sustain,73.31720641518314,73.31720641518314,-10.769115859378443,49.64083281183127,2.2824952215883334,fundamental,0.3
D_open,open,D,low,18,decay,73.31720641518314,73.31720641518314,-10.042706914286882,48.84827704420675,2.2824952215883334,fundamental,0.08
D_open,open,D,low,19,attack,73.28543129043737,73.28543129043737,-16.583660987353277,38.29187515729287,2.221271939474953,fundamental,0.08
D_open,open,D,low,19,stabilization,73.28543129043737,73.28543129043737,-15.718740322322176,41.96896537084314,2.221271939474953,fundamental,0.14
D_open,open,D,low,19,body,73.28543129043737,73.28543129043737,-14.950764689428318,44.292386636067434,2.221271939474953,fundamental,0.4
D_open,open,D,low,19,sustain,73.28543129043737,73.28543129043737,-14.367442826884265,45.51496246874884,2.221271939474953,fundamental,0.3
D_open,open,D,low,19,decay,73.28543129043737,73.28543129043737,-13.941992747836856,44.61052490435573,2.221271939474953,fundamental,0.08
D_open,open,D,low,20,attack,73.31851210087302,73.31851210087302,-11.911817879437828,42.97180572805235,2.1241619867482,fundamental,0.08
D_open,open,D,low,20,stabilization,73.31851210087302,73.31851210087302,-12.14731656005295,45.887353978366846,2.1241619867482,fundamental,0.14
D_open,open,D,low,20,body,73.31851210087302,73.31851210087302,-11.69224139116806,48.39265414334277,2.1241619867482,fundamental,0.4
D_open,open,D,low,20,sustain,73.31851210087302,73.31851210087302,-11.439226798711204,49.163134648458396,2.1241619867482,fundamental,0.3
D_open,open,D,low,20,decay,73.31851210087302,73.31851210087302,-11.103259458676554,48.24780921319494,2.1241619867482,fundamental,0.08
D_open,open,D,low,21,attack,73.33372871273839,73.33372871273839,-14.470277419537624,41.93657080237359,2.226204802996759,fundamental,0.08
D_open,open,D,low,21,stabilization,73.33372871273839,73.33372871273839,-14.004914279351723,45.49612304826516,2.226204802996759,fundamental,0.14
D_open,open,D,low,21,body,73.33372871273839,73.33372871273839,-13.26589633634412,48.0688364126821,2.226204802996759,fundamental,0.4
D_open,open,D,low,21,sustain,73.33372871273839,73.33372871273839,-12.305724405312702,49.39962925598784,2.226204802996759,fundamental,0.3
D_open,open,D,low,21,decay,73.33372871273839,73.33372871273839,-12.652379307197592,48.00850816529217,2.226204802996759,fundamental,0.08
D_open,open,D,low,22,attack,73.32787032365245,73.32787032365245,-9.046417481824506,42.266652260170375,2.12948713777646,fundamental,0.08
D_open,open,D,low,22,stabilization,73.32787032365245,73.32787032365245,-8.918167969968586,45.509049491011545,2.12948713777646,fundamental,0.14
D_open,open,D,low,22,body,73.32787032365245,73.32787032365245,-7.6497392523305265,48.065881561446886,2.12948713777646,fundamental,0.4
D_open,open,D,low,22,sustain,73.32787032365245,73.32787032365245,-6.605595681345754,49.10365688858315,2.12948713777646,fundamental,0.3
D_open,open,D,low,22,decay,73.32787032365245,73.32787032365245,-6.045161076333287,48.35648365612364,2.12948713777646,fundamental,0.08
D_open,open,D,low,23,attack,73.33096411681942,73.33096411681942,-8.597377705118518,44.28344766762949,2.217545314362706,fundamental,0.08
D_open,open,D,low,23,stabilization,73.33096411681942,73.33096411681942,-8.375668699422135,47.26278868471548,2.217545314362706,fundamental,0.14
D_open,open,D,low,23,body,73.33096411681942,73.33096411681942,-7.836507160729624,49.481490577175514,2.217545314362706,fundamental,0.4
D_open,open,D,low,23,sustain,73.33096411681942,73.33096411681942,-7.5918375890204,50.074328680857505,2.217545314362706,fundamental,0.3
D_open,open,D,low,23,decay,73.33096411681942,73.33096411681942,-7.640186242612039,48.92385788845811,2.217545314362706,fundamental,0.08
D_open,open,D,low,24,attack,73.35449889408947,73.35449889408947,-8.244052953615409,43.17690131514655,2.221774972741132,fundamental,0.08
D_open,open,D,low,24,stabilization,73.35449889408947,73.35449889408947,-7.666994836122278,46.38266907233482,2.221774972741132,fundamental,0.14
D_open,open,D,low,24,body,73.35449889408947,73.35449889408947,-7.109551798420419,48.72166942487765,2.221774972741132,fundamental,0.4
D_open,open,D,low,24,sustain,73.35449889408947,73.35449889408947,-6.224410874860325,49.426480409634955,2.221774972741132,fundamental,0.3
D_open,open,D,low,24,decay,73.35449889408947,73.35449889408947,-5.911265786875319,48.22644369853765,2.221774972741132,fundamental,0.08
D_open,open,D,low,25,attack,73.33850562505555,73.33850562505555,-11.514812174254864,44.45352212016256,2.250416816850044,fundamental,0.08
D_open,open,D,low,25,stabilization,73.33850562505555,73.33850562505555,-10.993042208193408,47.586600462383366,2.250416816850044,fundamental,0.14
D_open,open,D,low,25,body,73.33850562505555,73.33850562505555,-10.762638354951804,49.78744460314116,2.250416816850044,fundamental,0.4
D_open,open,D,low,25,sustain,73.33850562505555,73.33850562505555,-10.510805492760817,50.452863540999026,2.250416816850044,fundamental,0.3
D_open,open,D,low,25,decay,73.33850562505555,73.33850562505555,-10.868766326570965,48.98746341827526,2.250416816850044,fundamental,0.08
D_open,open,D,low,26,attack,73.29254934667127,73.29254934667127,-7.379885334877471,42.96538609047808,2.253934190958196,fundamental,0.08
D_open,open,D,low,26,stabilization,73.29254934667127,73.29254934667127,-8.023762071634792,46.044463640839915,2.253934190958196,fundamental,0.14
D_open,open,D,low,26,body,73.29254934667127,73.29254934667127,-7.972624629985837,48.134433639091974,2.253934190958196,fundamental,0.4
D_open,open,D,low,26,sustain,73.29254934667127,73.29254934667127,-8.307363066720136,48.781768700433986,2.253934190958196,fundamental,0.3
D_open,open,D,low,26,decay,73.29254934667127,73.29254934667127,-8.993398201480467,47.24514027342581,2.253934190958196,fundamental,0.08
D_open,open,D,low,27,attack,73.3218247600614,73.3218247600614,-7.799114831335814,43.959563338673135,2.102392334578564,fundamental,0.08
D_open,open,D,low,27,stabilization,73.3218247600614,73.3218247600614,-7.602850910190845,47.07347147706817,2.102392334578564,fundamental,0.14
D_open,open,D,low,27,body,73.3218247600614,73.3218247600614,-7.071839114823469,49.14326546800253,2.102392334578564,fundamental,0.4
D_open,open,D,low,27,sustain,73.3218247600614,73.3218247600614,-6.570953199071589,49.77672761816321,2.102392334578564,fundamental,0.3
D_open,open,D,low,27,decay,73.3218247600614,73.3218247600614,-6.370561486819355,48.142017937720865,2.102392334578564,fundamental,0.08
D_open,open,D,low,28,attack,73.31590306809484,73.31590306809484,-17.36926021546661,41.64342627597708,2.123797858580112,fundamental,0.08
D_open,open,D,low,28,stabilization,73.31590306809484,73.31590306809484,-16.949840013032265,45.04143085323308,2.123797858580112,fundamental,0.14
D_open,open,D,low,28,body,73.31590306809484,73.31590306809484,-16.552673231654595,47.23288649224713,2.123797858580112,fundamental,0.4
D_open,open,D,low,28,sustain,73.31590306809484,73.31590306809484,-16.615442405190322,47.908094973690126,2.123797858580112,fundamental,0.3
D_open,open,D,low,28,decay,73.31590306809484,73.31590306809484,-17.358985602209692,46.17245669092211,2.123797858580112,fundamental,0.08
D_open,open,D,low,29,attack,73.27831637690169,73.27831637690169,-13.054038818467076,42.020398466357356,2.073660032403651,fundamental,0.08
D_open,open,D,low,29,stabilization,73.27831637690169,73.27831637690169,-11.444955967825509,45.35409311840458,2.073660032403651,fundamental,0.14
D_open,open,D,low,29,body,73.27831637690169,73.27831637690169,-11.364376536450138,47.33108505559042,2.073660032403651,fundamental,0.4
D_open,open,D,low,29,sustain,73.27831637690169,73.27831637690169,-11.027560907034951,47.96377979536908,2.073660032403651,fundamental,0.3
D_open,open,D,low,29,decay,73.27831637690169,73.27831637690169,-10.782841824900837,46.83088075576587,2.073660032403651,fundamental,0.08
D_open,open,D,low,30,attack,73.3011233482882,73.3011233482882,-10.183757815215436,45.59976615913061,1.422655900265236,fundamental,0.08
D_open,open,D,low,30,stabilization,73.3011233482882,73.3011233482882,-9.642656111649806,48.52039637340867,1.422655900265236,fundamental,0.14
D_open,open,D,low,30,body,73.3011233482882,73.3011233482882,-9.364909410983692,50.737844587399074,1.422655900265236,fundamental,0.4
D_open,open,D,low,30,sustain,73.3011233482882,73.3011233482882,-8.827044060564909,51.64709853503369,1.422655900265236,fundamental,0.3
D_open,open,D,low,30,decay,73.3011233482882,73.3011233482882,-8.512934518224306,50.720145522181895,1.422655900265236,fundamental,0.08
E_12,fret12,E,low,0,attack,82.1504099655985,82.1504099655985,-14.144345192468151,41.35131684297603,1.822080687185318,fundamental,0.08
E_12,fret12,E,low,0,stabilization,82.1504099655985,82.1504099655985,-13.598272308092271,40.565086415169404,1.822080687185318,fundamental,0.14
E_12,fret12,E,low,0,body,82.1504099655985,82.1504099655985,-13.281581243180938,56.534737409191074,1.822080687185318,fundamental,0.4
E_12,fret12,E,low,0,sustain,82.1504099655985,82.1504099655985,-12.734401895339785,49.322134901424285,1.822080687185318,fundamental,0.3
E_12,fret12,E,low,0,decay,82.1504099655985,82.1504099655985,-12.04991693645746,43.4764836021485,1.822080687185318,fundamental,0.08
E_12,fret12,E,low,1,attack,82.13760106060683,82.13760106060683,-15.152053210449068,39.96655006313049,1.4768180449438917,fundamental,0.08
E_12,fret12,E,low,1,stabilization,82.13760106060683,82.13760106060683,-15.053039146258826,38.909671165212515,1.4768180449438917,fundamental,0.14
E_12,fret12,E,low,1,body,82.13760106060683,82.13760106060683,-14.912440822527476,54.67217752782277,1.4768180449438917,fundamental,0.4
E_12,fret12,E,low,1,sustain,82.13760106060683,82.13760106060683,-14.632264570309015,47.204369084673864,1.4768180449438917,fundamental,0.3
E_12,fret12,E,low,1,decay,82.13760106060683,82.13760106060683,-14.411167593183851,41.320142564490425,1.4768180449438917,fundamental,0.08
E_12,fret12,E,low,2,attack,82.17853335465348,82.17853335465348,-16.372339830108267,39.531297746747654,1.220787653483652,fundamental,0.08
E_12,fret12,E,low,2,stabilization,82.17853335465348,82.17853335465348,-16.299842370489973,38.46994046062754,1.220787653483652,fundamental,0.14
E_12,fret12,E,low,2,body,82.17853335465348,82.17853335465348,-16.10034067139719,54.170381280024316,1.220787653483652,fundamental,0.4
E_12,fret12,E,low,2,sustain,82.17853335465348,82.17853335465348,-15.515527162702174,47.07221822543254,1.220787653483652,fundamental,0.3
E_12,fret12,E,low,2,decay,82.17853335465348,82.17853335465348,-14.792802023962569,41.33202050509002,1.220787653483652,fundamental,0.08
E_12,fret12,E,low,3,attack,82.17605597327913,82.17605597327913,-13.6114577573524,40.078101589154514,1.4240271057122271,fundamental,0.08
E_12,fret12,E,low,3,stabilization,82.17605597327913,82.17605597327913,-13.46062930958161,39.16616032449109,1.4240271057122271,fundamental,0.14
E_12,fret12,E,low,3,body,82.17605597327913,82.17605597327913,-13.02985482023074,55.05694477528434,1.4240271057122271,fundamental,0.4
E_12,fret12,E,low,3,sustain,82.17605597327913,82.17605597327913,-12.363628270841318,47.843554996946466,1.4240271057122271,fundamental,0.3
E_12,fret12,E,low,3,decay,82.17605597327913,82.17605597327913,-11.737640557245278,42.065574249359315,1.4240271057122271,fundamental,0.08
E_12,fret12,E,low,4,attack,82.15391663616704,82.15391663616704,-15.028300403310023,38.89819495970657,1.6643931776149283,fundamental,0.08
E_12,fret12,E,low,4,stabilization,82.15391663616704,82.15391663616704,-14.73049198678596,37.84503853546965,1.6643931776149283,fundamental,0.14
E_12,fret12,E,low,4,body,82.15391663616704,82.15391663616704,-14.375638246476347,53.734511129947414,1.6643931776149283,fundamental,0.4
E_12,fret12,E,low,4,sustain,82.15391663616704,82.15391663616704,-13.832994660070966,46.445890557458455,1.6643931776149283,fundamental,0.3
E_12,fret12,E,low,4,decay,82.15391663616704,82.15391663616704,-13.565705236618506,40.64756119783327,1.6643931776149283,fundamental,0.08
E_12,fret12,E,low,5,attack,82.22370771043285,82.22370771043285,-24.28699509363555,32.84137416441627,1.5022669232338697,fundamental,0.08
E_12,fret12,E,low,5,stabilization,82.22370771043285,82.22370771043285,-24.115701993720627,31.890195210496657,1.5022669232338697,fundamental,0.14
E_12,fret12,E,low,5,body,82.22370771043285,82.22370771043285,-23.814254032920577,47.682223203800596,1.5022669232338697,fundamental,0.4
E_12,fret12,E,low,5,sustain,82.22370771043285,82.22370771043285,-23.193468359756288,40.570826778133984,1.5022669232338697,fundamental,0.3
E_12,fret12,E,low,5,decay,82.22370771043285,82.22370771043285,-22.832703855392708,34.781545573841896,1.5022669232338697,fundamental,0.08
E_12,fret12,E,low,6,attack,82.19317283165604,82.19317283165604,-17.55078904443581,38.2250208766669,1.683292380862006,fundamental,0.08
E_12,fret12,E,low,6,stabilization,82.19317283165604,82.19317283165604,-17.210051050132815,37.38237322517789,1.683292380862006,fundamental,0.14
E_12,fret12,E,low,6,body,82.19317283165604,82.19317283165604,-17.0188996920535,53.27650420254997,1.683292380862006,fundamental,0.4
E_12,fret12,E,low,6,sustain,82.19317283165604,82.19317283165604,-16.579248978511014,46.05557672463915,1.683292380862006,fundamental,0.3
E_12,fret12,E,low,6,decay,82.19317283165604,82.19317283165604,-16.148491005060645,40.21594341285969,1.683292380862006,fundamental,0.08
E_12,fret12,E,low,7,attack,82.22200517523649,82.22200517523649,-20.01770087657683,35.685768630613794,1.5023010969558508,fundamental,0.08
E_12,fret12,E,low,7,stabilization,82.22200517523649,82.22200517523649,-19.79023207484717,34.78227106017784,1.5023010969558508,fundamental,0.14
E_12,fret12,E,low,7,body,82.22200517523649,82.22200517523649,-19.46603045797696,50.54111281335513,1.5023010969558508,fundamental,0.4
E_12,fret12,E,low,7,sustain,82.22200517523649,82.22200517523649,-18.809042875984936,43.40205829946127,1.5023010969558508,fundamental,0.3
E_12,fret12,E,low,7,decay,82.22200517523649,82.22200517523649,-17.19777829574486,37.547607909915605,1.5023010969558508,fundamental,0.08
E_12,fret12,E,low,8,attack,82.20687993449769,82.20687993449769,-12.702531825922469,38.58003211453756,1.2615626466616867,fundamental,0.08
E_12,fret12,E,low,8,stabilization,82.20687993449769,82.20687993449769,-12.737082170670885,37.494833048254705,1.2615626466616867,fundamental,0.14
E_12,fret12,E,low,8,body,82.20687993449769,82.20687993449769,-12.705245147473768,53.04578716165073,1.2615626466616867,fundamental,0.4
E_12,fret12,E,low,8,sustain,82.20687993449769,82.20687993449769,-12.123279364378725,45.82608011869469,1.2615626466616867,fundamental,0.3
E_12,fret12,E,low,8,decay,82.20687993449769,82.20687993449769,-11.8843431132399,39.93368591814607,1.2615626466616867,fundamental,0.08
E_12,fret12,E,low,9,attack,82.21689843538122,82.21689843538122,-15.32092704058132,39.89032104782259,1.3837601708374638,fundamental,0.08
E_12,fret12,E,low,9,stabilization,82.21689843538122,82.21689843538122,-15.216927566931249,38.86455291259901,1.3837601708374638,fundamental,0.14
E_12,fret12,E,low,9,body,82.21689843538122,82.21689843538122,-14.98631530674703,54.660394601815575,1.3837601708374638,fundamental,0.4
E_12,fret12,E,low,9,sustain,82.21689843538122,82.21689843538122,-14.58884961388584,47.35748126214184,1.3837601708374638,fundamental,0.3
E_12,fret12,E,low,9,decay,82.21689843538122,82.21689843538122,-14.38757039605168,41.42187855608056,1.3837601708374638,fundamental,0.08
E_12,fret12,E,low,10,attack,82.20091647414563,82.20091647414563,-15.660663950293532,38.9860746449907,1.4442422651994395,fundamental,0.08
E_12,fret12,E,low,10,stabilization,82.20091647414563,82.20091647414563,-15.153261775110852,38.3720088542789,1.4442422651994395,fundamental,0.14
E_12,fret12,E,low,10,body,82.20091647414563,82.20091647414563,-14.628921459491693,54.4355340690057,1.4442422651994395,fundamental,0.4
E_12,fret12,E,low,10,sustain,82.20091647414563,82.20091647414563,-13.992903709878831,47.304864389697094,1.4442422651994395,fundamental,0.3
E_12,fret12,E,low,10,decay,82.20091647414563,82.20091647414563,-13.730918040093222,41.414569985340755,1.4442422651994395,fundamental,0.08
E_12,fret12,E,low,11,attack,82.20404403636289,82.20404403636289,-15.023111418054324,38.38370371737206,1.6783689831624191,fundamental,0.08
E_12,fret12,E,low,11,stabilization,82.20404403636289,82.20404403636289,-14.623264057210378,37.53202381469282,1.6783689831624191,fundamental,0.14
E_12,fret12,E,low,11,body,82.20404403636289,82.20404403636289,-14.220439973048803,53.45828973089517,1.6783689831624191,fundamental,0.4
E_12,fret12,E,low,11,sustain,82.20404403636289,82.20404403636289,-13.7011446707741,46.18645150596472,1.6783689831624191,fundamental,0.3
E_12,fret12,E,low,11,decay,82.20404403636289,82.20404403636289,-13.300010227033807,40.32726063523462,1.6783689831624191,fundamental,0.08
E_12,fret12,E,low,12,attack,82.22966877896938,82.22966877896938,-19.7758842729137,35.426067876911084,1.377270685220284,fundamental,0.08
E_12,fret12,E,low,12,stabilization,82.22966877896938,82.22966877896938,-19.656453013557822,34.377679892733255,1.377270685220284,fundamental,0.14
E_12,fret12,E,low,12,body,82.22966877896938,82.22966877896938,-19.68870400021169,49.92641005533706,1.377270685220284,fundamental,0.4
E_12,fret12,E,low,12,sustain,82.22966877896938,82.22966877896938,-19.25973375549225,42.76978533501726,1.377270685220284,fundamental,0.3
E_12,fret12,E,low,12,decay,82.22966877896938,82.22966877896938,-19.09492706137652,36.68971313373789,1.377270685220284,fundamental,0.08
E_12,fret12,E,low,13,attack,82.21633597213177,82.21633597213177,-19.43116347066545,36.609567920322895,1.596011920020545,fundamental,0.08
E_12,fret12,E,low,13,stabilization,82.21633597213177,82.21633597213177,-19.255666540761013,35.6313645597957,1.596011920020545,fundamental,0.14
E_12,fret12,E,low,13,body,82.21633597213177,82.21633597213177,-19.0147905201025,51.39460766791823,1.596011920020545,fundamental,0.4
E_12,fret12,E,low,13,sustain,82.21633597213177,82.21633597213177,-18.542203341447003,44.059841982114655,1.596011920020545,fundamental,0.3
E_12,fret12,E,low,13,decay,82.21633597213177,82.21633597213177,-17.68962377442925,38.10654492658543,1.596011920020545,fundamental,0.08
E_12,fret12,E,low,14,attack,82.23832426164631,82.23832426164631,-19.42026088148714,36.71637173655553,1.493717321108372,fundamental,0.08
E_12,fret12,E,low,14,stabilization,82.23832426164631,82.23832426164631,-18.929980444782416,35.97811762524047,1.493717321108372,fundamental,0.14
E_12,fret12,E,low,14,body,82.23832426164631,82.23832426164631,-18.6392930144847,51.79327369577954,1.493717321108372,fundamental,0.4
E_12,fret12,E,low,14,sustain,82.23832426164631,82.23832426164631,-18.161251535672957,44.68491574612005,1.493717321108372,fundamental,0.3
E_12,fret12,E,low,14,decay,82.23832426164631,82.23832426164631,-19.27230513879269,37.38954415228229,1.493717321108372,fundamental,0.08
E_12,fret12,E,low,15,attack,82.23259542866424,82.23259542866424,-17.53556519793669,40.11670360336918,1.530527712998781,fundamental,0.08
E_12,fret12,E,low,15,stabilization,82.23259542866424,82.23259542866424,-17.334081818273315,39.20144254792176,1.530527712998781,fundamental,0.14
E_12,fret12,E,low,15,body,82.23259542866424,82.23259542866424,-16.96192309066312,55.024663836026036,1.530527712998781,fundamental,0.4
E_12,fret12,E,low,15,sustain,82.23259542866424,82.23259542866424,-16.43519577709871,47.791847670702424,1.530527712998781,fundamental,0.3
E_12,fret12,E,low,15,decay,82.23259542866424,82.23259542866424,-15.516344880847807,41.94496009431825,1.530527712998781,fundamental,0.08
E_12,fret12,E,low,16,attack,82.21000811317656,82.21000811317656,-13.140944305058078,37.8127420270644,1.44764804608236,fundamental,0.08
E_12,fret12,E,low,16,stabilization,82.21000811317656,82.21000811317656,-12.818054990361816,37.024352328821564,1.44764804608236,fundamental,0.14
E_12,fret12,E,low,16,body,82.21000811317656,82.21000811317656,-12.602991949839186,52.82660208018461,1.44764804608236,fundamental,0.4
E_12,fret12,E,low,16,sustain,82.21000811317656,82.21000811317656,-11.917774302775427,45.67153396144676,1.44764804608236,fundamental,0.3
E_12,fret12,E,low,16,decay,82.21000811317656,82.21000811317656,-11.547365553375826,39.856592871291184,1.44764804608236,fundamental,0.08
E_12,fret12,E,low,17,attack,82.23638008550807,82.23638008550807,-18.776708969458795,34.12730679811611,1.4775692566215686,fundamental,0.08
E_12,fret12,E,low,17,stabilization,82.23638008550807,82.23638008550807,-18.651969176912356,33.12275521417767,1.4775692566215686,fundamental,0.14
E_12,fret12,E,low,17,body,82.23638008550807,82.23638008550807,-18.420193606724027,48.7636819159444,1.4775692566215686,fundamental,0.4
E_12,fret12,E,low,17,sustain,82.23638008550807,82.23638008550807,-17.917261209474695,41.40299217320927,1.4775692566215686,fundamental,0.3
E_12,fret12,E,low,17,decay,82.23638008550807,82.23638008550807,-17.69314317787549,35.477171011811876,1.4775692566215686,fundamental,0.08
E_12,fret12,E,low,18,attack,82.23392387382302,82.23392387382302,-13.119358878465007,39.67900534171422,1.4374745236989286,fundamental,0.08
E_12,fret12,E,low,18,stabilization,82.23392387382302,82.23392387382302,-12.76295498797752,38.88479602234095,1.4374745236989286,fundamental,0.14
E_12,fret12,E,low,18,body,82.23392387382302,82.23392387382302,-12.592932201707832,54.60318578010837,1.4374745236989286,fundamental,0.4
E_12,fret12,E,low,18,sustain,82.23392387382302,82.23392387382302,-12.053591759249606,47.3625607815424,1.4374745236989286,fundamental,0.3
E_12,fret12,E,low,18,decay,82.23392387382302,82.23392387382302,-11.643830724850122,41.48276162072705,1.4374745236989286,fundamental,0.08
E_12,fret12,E,low,19,attack,82.20389866907044,82.20389866907044,-17.074905952591706,37.93719032273051,1.399624654362464,fundamental,0.08
E_12,fret12,E,low,19,stabilization,82.20389866907044,82.20389866907044,-16.838184581076227,37.10614405039519,1.399624654362464,fundamental,0.14
E_12,fret12,E,low,19,body,82.20389866907044,82.20389866907044,-16.533784344013696,52.90675055115737,1.399624654362464,fundamental,0.4
E_12,fret12,E,low,19,sustain,82.20389866907044,82.20389866907044,-16.068857904047306,45.669164359722444,1.399624654362464,fundamental,0.3
E_12,fret12,E,low,19,decay,82.20389866907044,82.20389866907044,-15.54875053204141,39.88526675593966,1.399624654362464,fundamental,0.08
E_12,fret12,E,low,20,attack,82.21071031132097,82.21071031132097,-12.21178085923814,39.08632151666612,1.4290132325961535,fundamental,0.08
E_12,fret12,E,low,20,stabilization,82.21071031132097,82.21071031132097,-11.877359990944498,38.2538595002796,1.4290132325961535,fundamental,0.14
E_12,fret12,E,low,20,body,82.21071031132097,82.21071031132097,-11.70449707881992,53.985101011359674,1.4290132325961535,fundamental,0.4
E_12,fret12,E,low,20,sustain,82.21071031132097,82.21071031132097,-11.24588571262388,46.803325542987935,1.4290132325961535,fundamental,0.3
E_12,fret12,E,low,20,decay,82.21071031132097,82.21071031132097,-10.973476800447088,41.02558284718956,1.4290132325961535,fundamental,0.08
E_12,fret12,E,low,21,attack,82.22514074647798,82.22514074647798,-21.90539725841249,33.69775168805634,1.412833854135802,fundamental,0.08
E_12,fret12,E,low,21,stabilization,82.22514074647798,82.22514074647798,-21.622360417896783,32.8223246962515,1.412833854135802,fundamental,0.14
E_12,fret12,E,low,21,body,82.22514074647798,82.22514074647798,-21.34259927060768,48.542517095968364,1.412833854135802,fundamental,0.4
E_12,fret12,E,low,21,sustain,82.22514074647798,82.22514074647798,-20.847551490803163,41.30678065184127,1.412833854135802,fundamental,0.3
E_12,fret12,E,low,21,decay,82.22514074647798,82.22514074647798,-20.634385777532582,35.3955910163766,1.412833854135802,fundamental,0.08
E_12,fret12,E,low,22,attack,82.21510832088764,82.21510832088764,-13.936117281812898,39.71548239539041,1.3011979345716518,fundamental,0.08
E_12,fret12,E,low,22,stabilization,82.21510832088764,82.21510832088764,-13.719097967574992,38.87139598898565,1.3011979345716518,fundamental,0.14
E_12,fret12,E,low,22,body,82.21510832088764,82.21510832088764,-13.411544546596414,54.64260696464751,1.3011979345716518,fundamental,0.4
E_12,fret12,E,low,22,sustain,82.21510832088764,82.21510832088764,-12.834141729402958,47.42384112007338,1.3011979345716518,fundamental,0.3
E_12,fret12,E,low,22,decay,82.21510832088764,82.21510832088764,-13.78378298591165,40.33019620682522,1.3011979345716518,fundamental,0.08
E_12,fret12,E,low,23,attack,82.21501647907726,82.21501647907726,-18.999554378122934,38.62011515389034,1.2089655568169138,fundamental,0.08
E_12,fret12,E,low,23,stabilization,82.21501647907726,82.21501647907726,-18.712322750156016,37.84521234290382,1.2089655568169138,fundamental,0.14
E_12,fret12,E,low,23,body,82.21501647907726,82.21501647907726,-18.385164010726022,53.66743165024715,1.2089655568169138,fundamental,0.4
E_12,fret12,E,low,23,sustain,82.21501647907726,82.21501647907726,-17.86242147426525,46.48302201952039,1.2089655568169138,fundamental,0.3
E_12,fret12,E,low,23,decay,82.21501647907726,82.21501647907726,-17.42539806227884,40.645639547628186,1.2089655568169138,fundamental,0.08
E_12,fret12,E,low,24,attack,82.21144500849208,82.21144500849208,-18.55609191314851,39.230438574672284,1.0590243963724155,fundamental,0.08
E_12,fret12,E,low,24,stabilization,82.21144500849208,82.21144500849208,-18.41237972091953,38.31904840650544,1.0590243963724155,fundamental,0.14
E_12,fret12,E,low,24,body,82.21144500849208,82.21144500849208,-18.27948892179953,53.961546553636325,1.0590243963724155,fundamental,0.4
E_12,fret12,E,low,24,sustain,82.21144500849208,82.21144500849208,-17.929114186067366,46.62224136983932,1.0590243963724155,fundamental,0.3
E_12,fret12,E,low,24,decay,82.21144500849208,82.21144500849208,-17.86604236442527,40.58753030659283,1.0590243963724155,fundamental,0.08
E_12,fret12,E,low,25,attack,82.22610017532259,82.22610017532259,-20.295853838659998,35.5409592172958,1.4516867739293158,fundamental,0.08
E_12,fret12,E,low,25,stabilization,82.22610017532259,82.22610017532259,-20.283157722321807,34.48575950686401,1.4516867739293158,fundamental,0.14
E_12,fret12,E,low,25,body,82.22610017532259,82.22610017532259,-20.15903833495084,50.09907771872181,1.4516867739293158,fundamental,0.4
E_12,fret12,E,low,25,sustain,82.22610017532259,82.22610017532259,-19.81229661355554,42.70872815099934,1.4516867739293158,fundamental,0.3
E_12,fret12,E,low,25,decay,82.22610017532259,82.22610017532259,-19.847659398076438,36.342689037869135,1.4516867739293158,fundamental,0.08
E_12,fret12,E,low,26,attack,82.22245878895302,82.22245878895302,-15.145125827493375,37.86926753354594,1.4235971447628628,fundamental,0.08
E_12,fret12,E,low,26,stabilization,82.22245878895302,82.22245878895302,-14.9936589687962,36.92048114720376,1.4235971447628628,fundamental,0.14
E_12,fret12,E,low,26,body,82.22245878895302,82.22245878895302,-14.891065607046093,52.51811090066864,1.4235971447628628,fundamental,0.4
E_12,fret12,E,low,26,sustain,82.22245878895302,82.22245878895302,-14.34188061993922,45.31153978888553,1.4235971447628628,fundamental,0.3
E_12,fret12,E,low,26,decay,82.22245878895302,82.22245878895302,-13.791211768541086,39.477533047056,1.4235971447628628,fundamental,0.08
E_12,fret12,E,low,27,attack,82.2202015833527,82.2202015833527,-17.28452905594864,37.41708165721178,1.33764901789748,fundamental,0.08
E_12,fret12,E,low,27,stabilization,82.2202015833527,82.2202015833527,-17.116766511498003,36.47966045462901,1.33764901789748,fundamental,0.14
E_12,fret12,E,low,27,body,82.2202015833527,82.2202015833527,-16.758466733777297,52.327717801163814,1.33764901789748,fundamental,0.4
E_12,fret12,E,low,27,sustain,82.2202015833527,82.2202015833527,-16.22916785910502,45.18594335572905,1.33764901789748,fundamental,0.3
E_12,fret12,E,low,27,decay,82.2202015833527,82.2202015833527,-16.234220495376363,39.049431805724524,1.33764901789748,fundamental,0.08
E_12,fret12,E,low,28,attack,82.22017526957949,82.22017526957949,-17.632033297355335,38.71997342220968,1.3744024746441414,fundamental,0.08
E_12,fret12,E,low,28,stabilization,82.22017526957949,82.22017526957949,-17.370064777189487,37.930118942698016,1.3744024746441414,fundamental,0.14
E_12,fret12,E,low,28,body,82.22017526957949,82.22017526957949,-17.085870546693947,53.751290913932976,1.3744024746441414,fundamental,0.4
E_12,fret12,E,low,28,sustain,82.22017526957949,82.22017526957949,-16.590284552026638,46.58326175812536,1.3744024746441414,fundamental,0.3
E_12,fret12,E,low,28,decay,82.22017526957949,82.22017526957949,-16.783694930905202,40.28300433991606,1.3744024746441414,fundamental,0.08
E_12,fret12,E,low,29,attack,82.21447073172978,82.21447073172978,-18.12857498934704,37.60670246399887,1.447976360440301,fundamental,0.08
E_12,fret12,E,low,29,stabilization,82.21447073172978,82.21447073172978,-17.960276334490317,36.785679184731755,1.447976360440301,fundamental,0.14
E_12,fret12,E,low,29,body,82.21447073172978,82.21447073172978,-17.613238704521436,52.72716968061134,1.447976360440301,fundamental,0.4
E_12,fret12,E,low,29,sustain,82.21447073172978,82.21447073172978,-17.025968508103837,45.64433666485134,1.447976360440301,fundamental,0.3
E_12,fret12,E,low,29,decay,82.21447073172978,82.21447073172978,-16.43133834036163,39.882710317012766,1.447976360440301,fundamental,0.08
E_12,fret12,E,low,30,attack,82.23150967367906,82.23150967367906,-13.82752294178919,38.33598438202844,1.220370255367857,fundamental,0.08
E_12,fret12,E,low,30,stabilization,82.23150967367906,82.23150967367906,-13.47787307804185,37.48227835431222,1.220370255367857,fundamental,0.14
E_12,fret12,E,low,30,body,82.23150967367906,82.23150967367906,-13.417848039775926,53.07282117929767,1.220370255367857,fundamental,0.4
E_12,fret12,E,low,30,sustain,82.23150967367906,82.23150967367906,-13.104644003808964,45.77762098402213,1.220370255367857,fundamental,0.3
E_12,fret12,E,low,30,decay,82.23150967367906,82.23150967367906,-12.85235708842093,39.91948928376647,1.220370255367857,fundamental,0.08
E_12,fret12,E,low,31,attack,82.2155590109146,82.2155590109146,-22.525291750163543,31.7502133505197,1.473011617089809,fundamental,0.08
E_12,fret12,E,low,31,stabilization,82.2155590109146,82.2155590109146,-22.46553873717881,30.71293192505138,1.473011617089809,fundamental,0.14
E_12,fret12,E,low,31,body,82.2155590109146,82.2155590109146,-22.428070386217456,46.261668246496676,1.473011617089809,fundamental,0.4
E_12,fret12,E,low,31,sustain,82.2155590109146,82.2155590109146,-22.2390237204366,38.64398797936647,1.473011617089809,fundamental,0.3
E_12,fret12,E,low,31,decay,82.2155590109146,82.2155590109146,-21.96849091507624,32.75549928978619,1.473011617089809,fundamental,0.08
E_12,fret12,E,low,32,attack,82.22179151498676,82.22179151498676,-15.034510657862649,39.565901666372554,1.5309496972114918,fundamental,0.08
E_12,fret12,E,low,32,stabilization,82.22179151498676,82.22179151498676,-14.802155016413924,38.74125857453746,1.5309496972114918,fundamental,0.14
E_12,fret12,E,low,32,body,82.22179151498676,82.22179151498676,-14.699985441791592,54.32703290237044,1.5309496972114918,fundamental,0.4
E_12,fret12,E,low,32,sustain,82.22179151498676,82.22179151498676,-14.31692363051782,47.046320350765875,1.5309496972114918,fundamental,0.3
E_12,fret12,E,low,32,decay,82.22179151498676,82.22179151498676,-14.03127284648141,41.07005312312255,1.5309496972114918,fundamental,0.08
E_12,fret12,E,low,33,attack,82.23138102964538,82.23138102964538,-18.4255788816155,36.6755435579482,1.2225856992104769,fundamental,0.08
E_12,fret12,E,low,33,stabilization,82.23138102964538,82.23138102964538,-18.25005206859551,35.807504722253455,1.2225856992104769,fundamental,0.14
E_12,fret12,E,low,33,body,82.23138102964538,82.23138102964538,-17.96611924842505,51.52881165426691,1.2225856992104769,fundamental,0.4
E_12,fret12,E,low,33,sustain,82.23138102964538,82.23138102964538,-17.570340975828564,44.307720038525375,1.2225856992104769,fundamental,0.3
E_12,fret12,E,low,33,decay,82.23138102964538,82.23138102964538,-17.322111742347147,38.501542772957364,1.2225856992104769,fundamental,0.08
E_12,fret12,E,low,34,attack,82.23561350123663,82.23561350123663,-10.377783677249877,39.25693637706471,1.265696880822056,fundamental,0.08
E_12,fret12,E,low,34,stabilization,82.23561350123663,82.23561350123663,-10.139328122307433,38.469832811157545,1.265696880822056,fundamental,0.14
E_12,fret12,E,low,34,body,82.23561350123663,82.23561350123663,-9.829467654425828,54.18343804577583,1.265696880822056,fundamental,0.4
E_12,fret12,E,low,34,sustain,82.23561350123663,82.23561350123663,-9.324692062773444,46.95725616944911,1.265696880822056,fundamental,0.3
E_12,fret12,E,low,34,decay,82.23561350123663,82.23561350123663,-10.177630583003127,39.958985111172716,1.265696880822056,fundamental,0.08
E_12,fret12,E,low,35,attack,82.21573698591781,82.21573698591781,-14.33006436471431,37.63898118889199,1.459543986904846,fundamental,0.08
E_12,fret12,E,low,35,stabilization,82.21573698591781,82.21573698591781,-14.124999258465865,36.7578162548637,1.459543986904846,fundamental,0.14
E_12,fret12,E,low,35,body,82.21573698591781,82.21573698591781,-13.827934276498482,52.51031364971229,1.459543986904846,fundamental,0.4
E_12,fret12,E,low,35,sustain,82.21573698591781,82.21573698591781,-13.261766362210174,45.256435959896976,1.459543986904846,fundamental,0.3
E_12,fret12,E,low,35,decay,82.21573698591781,82.21573698591781,-12.98968470010077,39.32364921037271,1.459543986904846,fundamental,0.08
E_12,fret12,E,low,36,attack,82.22829993044502,82.22829993044502,-14.73222408875553,37.55157849351309,1.195670569581495,fundamental,0.08
E_12,fret12,E,low,36,stabilization,82.22829993044502,82.22829993044502,-14.526294639250947,36.688192719520806,1.195670569581495,fundamental,0.14
E_12,fret12,E,low,36,body,82.22829993044502,82.22829993044502,-14.414423788348332,52.33062878137308,1.195670569581495,fundamental,0.4
E_12,fret12,E,low,36,sustain,82.22829993044502,82.22829993044502,-13.99060924076482,44.99614759105843,1.195670569581495,fundamental,0.3
E_12,fret12,E,low,36,decay,82.22829993044502,82.22829993044502,-13.805758314873806,39.05969351706371,1.195670569581495,fundamental,0.08
E_12,fret12,E,low,37,attack,82.22365455543424,82.22365455543424,-15.605046188578797,38.054533453966684,1.554648547972319,fundamental,0.08
E_12,fret12,E,low,37,stabilization,82.22365455543424,82.22365455543424,-15.424980460538354,37.22540876636925,1.554648547972319,fundamental,0.14
E_12,fret12,E,low,37,body,82.22365455543424,82.22365455543424,-15.020687133504254,53.08953880580439,1.554648547972319,fundamental,0.4
E_12,fret12,E,low,37,sustain,82.22365455543424,82.22365455543424,-14.410207762199768,45.945166362227255,1.554648547972319,fundamental,0.3
E_12,fret12,E,low,37,decay,82.22365455543424,82.22365455543424,-13.964155151582672,40.1520068988308,1.554648547972319,fundamental,0.08
E_12,fret12,E,low,38,attack,82.23010024448253,82.23010024448253,-12.154902736670865,38.04615330765739,1.4053906828696732,fundamental,0.08
E_12,fret12,E,low,38,stabilization,82.23010024448253,82.23010024448253,-11.933941695729551,37.209191589019035,1.4053906828696732,fundamental,0.14
E_12,fret12,E,low,38,body,82.23010024448253,82.23010024448253,-11.53067842550059,53.03758479664295,1.4053906828696732,fundamental,0.4
E_12,fret12,E,low,38,sustain,82.23010024448253,82.23010024448253,-10.684718944731586,46.06327597050796,1.4053906828696732,fundamental,0.3
E_12,fret12,E,low,38,decay,82.23010024448253,82.23010024448253,-10.303699756911207,40.336903816885986,1.4053906828696732,fundamental,0.08
E_12,fret12,E,low,39,attack,82.22626083904554,82.22626083904554,-17.36720271366154,36.71060291641939,1.4493293223853163,fundamental,0.08
E_12,fret12,E,low,39,stabilization,82.22626083904554,82.22626083904554,-17.20937914411185,35.828799184109954,1.4493293223853163,fundamental,0.14
E_12,fret12,E,low,39,body,82.22626083904554,82.22626083904554,-16.811574756655254,51.69446700199987,1.4493293223853163,fundamental,0.4
E_12,fret12,E,low,39,sustain,82.22626083904554,82.22626083904554,-16.275809118421527,44.567827969829,1.4493293223853163,fundamental,0.3
E_12,fret12,E,low,39,decay,82.22626083904554,82.22626083904554,-16.111733574690977,38.6387316058305,1.4493293223853163,fundamental,0.08
E_12,fret12,E,low,40,attack,82.2290387165468,82.2290387165468,-9.843249406671472,40.123211322345526,1.3394291032227943,fundamental,0.08
E_12,fret12,E,low,40,stabilization,82.2290387165468,82.2290387165468,-9.522989637933264,39.29628472021018,1.3394291032227943,fundamental,0.14
E_12,fret12,E,low,40,body,82.2290387165468,82.2290387165468,-9.20404539877201,55.02878710974002,1.3394291032227943,fundamental,0.4
E_12,fret12,E,low,40,sustain,82.2290387165468,82.2290387165468,-8.629004159480694,47.89993710550219,1.3394291032227943,fundamental,0.3
E_12,fret12,E,low,40,decay,82.2290387165468,82.2290387165468,-9.540745245674607,40.89062650266287,1.3394291032227943,fundamental,0.08
E_12,fret12,E,low,41,attack,82.23604988222822,82.23604988222822,-17.790946013939333,36.04657377612478,1.2972398225244592,fundamental,0.08
E_12,fret12,E,low,41,stabilization,82.23604988222822,82.23604988222822,-17.68509970792846,35.1176468960514,1.2972398225244592,fundamental,0.14
E_12,fret12,E,low,41,body,82.23604988222822,82.23604988222822,-17.499617770787015,50.72238594091104,1.2972398225244592,fundamental,0.4
E_12,fret12,E,low,41,sustain,82.23604988222822,82.23604988222822,-17.07121924747226,43.38630663467966,1.2972398225244592,fundamental,0.3
E_12,fret12,E,low,41,decay,82.23604988222822,82.23604988222822,-16.806783071260227,37.49818520708425,1.2972398225244592,fundamental,0.08
E_12,fret12,E,low,42,attack,82.2268200029553,82.2268200029553,-13.202242834503316,38.911661715056695,1.340497704860355,fundamental,0.08
E_12,fret12,E,low,42,stabilization,82.2268200029553,82.2268200029553,-13.023693758185145,38.102871501572615,1.340497704860355,fundamental,0.14
E_12,fret12,E,low,42,body,82.2268200029553,82.2268200029553,-12.807235953655947,53.73136190532754,1.340497704860355,fundamental,0.4
E_12,fret12,E,low,42,sustain,82.2268200029553,82.2268200029553,-12.31558187238543,46.43968516599433,1.340497704860355,fundamental,0.3
E_12,fret12,E,low,42,decay,82.2268200029553,82.2268200029553,-12.01338426079673,40.59380227498477,1.340497704860355,fundamental,0.08
E_12,fret12,E,low,43,attack,82.22624066701958,82.22624066701958,-9.65934756364463,40.53783730521129,1.3683079872921626,fundamental,0.08
E_12,fret12,E,low,43,stabilization,82.22624066701958,82.22624066701958,-9.5763270380606,39.623930367604544,1.3683079872921626,fundamental,0.14
E_12,fret12,E,low,43,body,82.22624066701958,82.22624066701958,-9.208856501863618,55.37770695801389,1.3683079872921626,fundamental,0.4
E_12,fret12,E,low,43,sustain,82.22624066701958,82.22624066701958,-8.630382271438336,48.12952211139915,1.3683079872921626,fundamental,0.3
E_12,fret12,E,low,43,decay,82.22624066701958,82.22624066701958,-8.369701641878983,42.23571065367925,1.3683079872921626,fundamental,0.08
E_12,fret12,E,low,44,attack,82.22823172446759,82.22823172446759,-13.156562390380277,36.26046977176579,1.178751787927416,fundamental,0.08
E_12,fret12,E,low,44,stabilization,82.22823172446759,82.22823172446759,-12.907422536567625,35.43863616769792,1.178751787927416,fundamental,0.14
E_12,fret12,E,low,44,body,82.22823172446759,82.22823172446759,-12.723935922640152,51.110482913828214,1.178751787927416,fundamental,0.4
E_12,fret12,E,low,44,sustain,82.22823172446759,82.22823172446759,-12.052004278791252,43.90616408340985,1.178751787927416,fundamental,0.3
E_12,fret12,E,low,44,decay,82.22823172446759,82.22823172446759,-11.896975711059874,37.87604832886063,1.178751787927416,fundamental,0.08
E_12,fret12,E,low,45,attack,82.16715715083352,82.16715715083352,-14.931212133726884,39.47194736897271,1.8188045336429024,fundamental,0.08
E_12,fret12,E,low,45,stabilization,82.16715715083352,82.16715715083352,-14.701119280494702,38.64628689413648,1.8188045336429024,fundamental,0.14
E_12,fret12,E,low,45,body,82.16715715083352,82.16715715083352,-14.22110997639396,54.71031447864384,1.8188045336429024,fundamental,0.4
E_12,fret12,E,low,45,sustain,82.16715715083352,82.16715715083352,-13.594526238010795,47.422919942341885,1.8188045336429024,fundamental,0.3
E_12,fret12,E,low,45,decay,82.16715715083352,82.16715715083352,-12.78379017445688,41.541142864385584,1.8188045336429024,fundamental,0.08
E_12,fret12,E,low,46,attack,82.19488700222574,82.19488700222574,-13.984845024575108,37.079860929669195,1.5497152147300444,fundamental,0.08
E_12,fret12,E,low,46,stabilization,82.19488700222574,82.19488700222574,-13.805800589442743,36.21838754248918,1.5497152147300444,fundamental,0.14
E_12,fret12,E,low,46,body,82.19488700222574,82.19488700222574,-13.56120926466414,52.00606846045117,1.5497152147300444,fundamental,0.4
E_12,fret12,E,low,46,sustain,82.19488700222574,82.19488700222574,-12.988584200747972,44.687570075805496,1.5497152147300444,fundamental,0.3
E_12,fret12,E,low,46,decay,82.19488700222574,82.19488700222574,-12.356478449746009,38.83055557448151,1.5497152147300444,fundamental,0.08
E_12,fret12,E,low,47,attack,82.1956865641963,82.1956865641963,-17.065635354966382,38.7308401277508,1.4838555454819105,fundamental,0.08
E_12,fret12,E,low,47,stabilization,82.1956865641963,82.1956865641963,-16.876608001701182,37.899433290904284,1.4838555454819105,fundamental,0.14
E_12,fret12,E,low,47,body,82.1956865641963,82.1956865641963,-16.467736620483688,53.87387431034957,1.4838555454819105,fundamental,0.4
E_12,fret12,E,low,47,sustain,82.1956865641963,82.1956865641963,-15.806681837823486,46.72946245412637,1.4838555454819105,fundamental,0.3
E_12,fret12,E,low,47,decay,82.1956865641963,82.1956865641963,-17.944891039552115,38.458419652882014,1.4838555454819105,fundamental,0.08
E_12,fret12,E,low,48,attack,82.17578576062525,82.17578576062525,-16.514861210639186,37.20191141307373,1.855468828916225,fundamental,0.08
E_12,fret12,E,low,48,stabilization,82.17578576062525,82.17578576062525,-16.456214081316205,36.230361624882214,1.855468828916225,fundamental,0.14
E_12,fret12,E,low,48,body,82.17578576062525,82.17578576062525,-16.074685178739692,52.208643783482515,1.855468828916225,fundamental,0.4
E_12,fret12,E,low,48,sustain,82.17578576062525,82.17578576062525,-15.492834702263206,44.91537604474395,1.855468828916225,fundamental,0.3
E_12,fret12,E,low,48,decay,82.17578576062525,82.17578576062525,-20.163518231195543,34.15281624470914,1.855468828916225,fundamental,0.08
E_12,fret12,E,low,49,attack,82.14094099439875,82.14094099439875,-20.29381064379335,36.85014891132334,1.946729596681415,fundamental,0.08
E_12,fret12,E,low,49,stabilization,82.14094099439875,82.14094099439875,-19.734344838590324,36.29293863727981,1.946729596681415,fundamental,0.14
E_12,fret12,E,low,49,body,82.14094099439875,82.14094099439875,-19.167658673438417,52.54569851762005,1.946729596681415,fundamental,0.4
E_12,fret12,E,low,49,sustain,82.14094099439875,82.14094099439875,-23.63131149727356,40.1402297133151,1.946729596681415,fundamental,0.3
E_12,fret12,E,low,49,decay,82.14094099439875,82.14094099439875,-20.21355304303944,30.87186677386873,1.946729596681415,fundamental,0.08
E_open,open,E,sub,0,attack,41.33037812282965,41.33037812282965,-14.490822542533152,39.70461137659409,1.526613995774949,fundamental,0.08
E_open,open,E,sub,0,stabilization,41.33037812282965,41.33037812282965,-14.213611405378307,36.75814219918442,1.526613995774949,fundamental,0.14
E_open,open,E,sub,0,body,41.33037812282965,41.33037812282965,-12.2467441899364,38.506554752162884,1.526613995774949,fundamental,0.4
E_open,open,E,sub,0,sustain,41.33037812282965,41.33037812282965,-10.282379033064188,36.58125986222942,1.526613995774949,fundamental,0.3
E_open,open,E,sub,0,decay,41.33037812282965,41.33037812282965,-8.636165530024442,33.22410371475262,1.526613995774949,fundamental,0.08
E_open,open,E,sub,1,attack,41.28369665345902,41.28369665345902,-14.194301762824658,36.3020117531788,1.4574422926909882,fundamental,0.08
E_open,open,E,sub,1,stabilization,41.28369665345902,41.28369665345902,-12.457347374598918,34.25190906670301,1.4574422926909882,fundamental,0.14
E_open,open,E,sub,1,body,41.28369665345902,41.28369665345902,-11.734476226678538,34.992845381240805,1.4574422926909882,fundamental,0.4
E_open,open,E,sub,1,sustain,41.28369665345902,41.28369665345902,-7.432641937616211,32.55788319471214,1.4574422926909882,fundamental,0.3
E_open,open,E,sub,1,decay,41.28369665345902,41.28369665345902,-5.106838415009918,25.41985754173905,1.4574422926909882,fundamental,0.08
E_open,open,E,sub,2,attack,41.26364794972333,41.26364794972333,-13.519593109723573,38.47904659183848,1.3964883484235002,fundamental,0.08
E_open,open,E,sub,2,stabilization,41.26364794972333,41.26364794972333,-16.854104709067443,32.27242935108754,1.3964883484235002,fundamental,0.14
E_open,open,E,sub,2,body,41.26364794972333,41.26364794972333,-13.779646576257996,35.50814901492791,1.3964883484235002,fundamental,0.4
E_open,open,E,sub,2,sustain,41.26364794972333,41.26364794972333,-12.684843122623915,33.925206739975955,1.3964883484235002,fundamental,0.3
E_open,open,E,sub,2,decay,41.26364794972333,41.26364794972333,-14.34142771639698,35.18830129953934,1.3964883484235002,fundamental,0.08
E_open,open,E,sub,3,attack,41.31628953910004,41.31628953910004,-25.733043294443966,27.251900672511546,1.490501818960665,fundamental,0.08
E_open,open,E,sub,3,stabilization,41.31628953910004,41.31628953910004,-19.058231410651267,29.119004009749474,1.490501818960665,fundamental,0.14
E_open,open,E,sub,3,body,41.31628953910004,41.31628953910004,-23.21277989384715,27.26096103291087,1.490501818960665,fundamental,0.4
E_open,open,E,sub,3,sustain,41.31628953910004,41.31628953910004,-25.75525215500357,21.309488009533595,1.490501818960665,fundamental,0.3
E_open,open,E,sub,3,decay,41.31628953910004,41.31628953910004,-34.57637887831278,12.732662998023471,1.490501818960665,fundamental,0.08
E_open,open,E,sub,4,attack,41.227178503181484,41.227178503181484,-14.875923752683128,38.245586451265595,1.394909639920013,fundamental,0.08
E_open,open,E,sub,4,stabilization,41.227178503181484,41.227178503181484,-17.46139831152972,31.641286561793862,1.394909639920013,fundamental,0.14
E_open,open,E,sub,4,body,41.227178503181484,41.227178503181484,-14.456912881262554,35.77836311210537,1.394909639920013,fundamental,0.4
E_open,open,E,sub,4,sustain,41.227178503181484,41.227178503181484,-11.71135596556472,34.902699154603305,1.394909639920013,fundamental,0.3
E_open,open,E,sub,4,decay,41.227178503181484,41.227178503181484,-10.100460841070811,34.007142132057275,1.394909639920013,fundamental,0.08
E_open,open,E,sub,5,attack,41.76737657883535,41.76737657883535,-4.507547019408207,31.640748716816837,1.3916216223465092,fundamental,0.08
E_open,open,E,sub,5,stabilization,41.76737657883535,41.76737657883535,-5.398569352113597,31.57456640855483,1.3916216223465092,fundamental,0.14
E_open,open,E,sub,5,body,41.76737657883535,41.76737657883535,-4.719983487729095,35.025772786620834,1.3916216223465092,fundamental,0.4
E_open,open,E,sub,5,sustain,41.76737657883535,41.76737657883535,-7.888403060821446,32.667165458311686,1.3916216223465092,fundamental,0.3
E_open,open,E,sub,5,decay,41.76737657883535,41.76737657883535,-10.606188268557185,30.669978612090446,1.3916216223465092,fundamental,0.08
E_open,open,E,sub,6,attack,41.927208246153945,41.927208246153945,-10.93653153292611,37.156336557733425,1.6404336824204846,fundamental,0.08
E_open,open,E,sub,6,stabilization,41.927208246153945,41.927208246153945,-18.60931937337454,25.96750731765262,1.6404336824204846,fundamental,0.14
E_open,open,E,sub,6,body,41.927208246153945,41.927208246153945,-14.799946424941432,25.71789999795736,1.6404336824204846,fundamental,0.4
E_open,open,E,sub,6,sustain,41.927208246153945,41.927208246153945,-16.5852176176449,17.238495880747067,1.6404336824204846,fundamental,0.3
E_open,open,E,sub,6,decay,41.927208246153945,41.927208246153945,-23.35005366758346,16.48067169331847,1.6404336824204846,fundamental,0.08
E_open,open,E,sub,7,attack,41.280415730336095,41.280415730336095,-18.6940398609676,34.23479665308928,1.1528944277668534,fundamental,0.08
E_open,open,E,sub,7,stabilization,41.280415730336095,41.280415730336095,-15.05888745743964,32.617325918079764,1.1528944277668534,fundamental,0.14
E_open,open,E,sub,7,body,41.280415730336095,41.280415730336095,-17.692593858811122,32.72823205328527,1.1528944277668534,fundamental,0.4
E_open,open,E,sub,7,sustain,41.280415730336095,41.280415730336095,-18.30304109856713,30.00525805983733,1.1528944277668534,fundamental,0.3
E_open,open,E,sub,7,decay,41.280415730336095,41.280415730336095,-14.680564029326092,34.57452518512162,1.1528944277668534,fundamental,0.08
E_open,open,E,sub,8,attack,40.85380347159147,40.85380347159147,-15.615965948464286,35.83451856946421,2.0433053188242813,fundamental,0.08
E_open,open,E,sub,8,stabilization,40.85380347159147,40.85380347159147,-26.04476052587681,23.693931209634457,2.0433053188242813,fundamental,0.14
E_open,open,E,sub,8,body,40.85380347159147,40.85380347159147,-24.182898902383087,25.01067449557722,2.0433053188242813,fundamental,0.4
E_open,open,E,sub,8,sustain,40.85380347159147,40.85380347159147,-22.724798610876935,23.354089167130027,2.0433053188242813,fundamental,0.3
E_open,open,E,sub,8,decay,40.85380347159147,40.85380347159147,-16.00586392765927,29.94633917323644,2.0433053188242813,fundamental,0.08
E_open,open,E,sub,9,attack,41.69703269323249,41.69703269323249,-10.903360700265502,36.44596762513688,1.3260491380206834,fundamental,0.08
E_open,open,E,sub,9,stabilization,41.69703269323249,41.69703269323249,-12.607816719209104,29.79780032078081,1.3260491380206834,fundamental,0.14
E_open,open,E,sub,9,body,41.69703269323249,41.69703269323249,-10.113907771888664,32.10081967270708,1.3260491380206834,fundamental,0.4
E_open,open,E,sub,9,sustain,41.69703269323249,41.69703269323249,-4.681548659603223,30.38571962446347,1.3260491380206834,fundamental,0.3
E_open,open,E,sub,9,decay,41.69703269323249,41.69703269323249,0.9155461156660324,18.061745206901442,1.3260491380206834,fundamental,0.08
E_open,open,E,sub,10,attack,40.92601482875785,40.92601482875785,-18.69669842217761,30.827195283816295,1.3654617146821362,fundamental,0.08
E_open,open,E,sub,10,stabilization,40.92601482875785,40.92601482875785,-27.63064405269774,16.47754321548625,1.3654617146821362,fundamental,0.14
E_open,open,E,sub,10,body,40.92601482875785,40.92601482875785,-18.049643805501766,26.22829775039432,1.3654617146821362,fundamental,0.4
E_open,open,E,sub,10,sustain,40.92601482875785,40.92601482875785,-11.129779009236628,30.307843140863326,1.3654617146821362,fundamental,0.3
E_open,open,E,sub,10,decay,40.92601482875785,40.92601482875785,-8.648971560340115,30.37088962381499,1.3654617146821362,fundamental,0.08
E_open,open,E,sub,11,attack,41.17220195926729,41.17220195926729,-12.01741415490283,37.93304803993508,1.7784383319962809,fundamental,0.08
E_open,open,E,sub,11,stabilization,41.17220195926729,41.17220195926729,-11.131622742604598,34.64978973589987,1.7784383319962809,fundamental,0.14
E_open,open,E,sub,11,body,41.17220195926729,41.17220195926729,-7.837635141613887,37.18043072153718,1.7784383319962809,fundamental,0.4
E_open,open,E,sub,11,sustain,41.17220195926729,41.17220195926729,-5.758989416175012,36.29992196892535,1.7784383319962809,fundamental,0.3
E_open,open,E,sub,11,decay,41.17220195926729,41.17220195926729,-5.862649531029227,31.728207261552512,1.7784383319962809,fundamental,0.08
E_open,open,E,sub,12,attack,41.34947594995128,41.34947594995128,-11.37161711715229,41.002267901022776,1.6103703919481245,fundamental,0.08
E_open,open,E,sub,12,stabilization,41.34947594995128,41.34947594995128,-14.44016670644693,34.01138636361121,1.6103703919481245,fundamental,0.14
E_open,open,E,sub,12,body,41.34947594995128,41.34947594995128,-14.055452114564652,36.68231407994406,1.6103703919481245,fundamental,0.4
E_open,open,E,sub,12,sustain,41.34947594995128,41.34947594995128,-14.265746612835414,35.0192829780638,1.6103703919481245,fundamental,0.3
E_open,open,E,sub,12,decay,41.34947594995128,41.34947594995128,-14.847780403959838,36.03113765329803,1.6103703919481245,fundamental,0.08
E_open,open,E,sub,13,attack,41.273777694860854,41.273777694860854,-13.297295754933302,37.53013491664175,1.2923266412851435,fundamental,0.08
E_open,open,E,sub,13,stabilization,41.273777694860854,41.273777694860854,-10.828588236759096,36.26097812911764,1.2923266412851435,fundamental,0.14
E_open,open,E,sub,13,body,41.273777694860854,41.273777694860854,-10.39589891488054,38.256692613014266,1.2923266412851435,fundamental,0.4
E_open,open,E,sub,13,sustain,41.273777694860854,41.273777694860854,-9.873413520836088,36.95611799029045,1.2923266412851435,fundamental,0.3
E_open,open,E,sub,13,decay,41.273777694860854,41.273777694860854,-10.179353981846774,35.994580105500816,1.2923266412851435,fundamental,0.08
E_open,open,E,sub,14,attack,41.666811496489345,41.666811496489345,-11.918264844003758,40.029136487233764,1.4044000414631312,fundamental,0.08
E_open,open,E,sub,14,stabilization,41.666811496489345,41.666811496489345,-14.600974382283953,33.26549585106869,1.4044000414631312,fundamental,0.14
E_open,open,E,sub,14,body,41.666811496489345,41.666811496489345,-12.33632268458978,35.80576966000535,1.4044000414631312,fundamental,0.4
E_open,open,E,sub,14,sustain,41.666811496489345,41.666811496489345,-14.501523509402864,32.603460002301425,1.4044000414631312,fundamental,0.3
E_open,open,E,sub,14,decay,41.666811496489345,41.666811496489345,-16.983011002207263,31.62548057036988,1.4044000414631312,fundamental,0.08
E_open,open,E,sub,15,attack,41.348771908117335,41.348771908117335,-17.04391711192268,35.87475768277315,1.4891390534680464,fundamental,0.08
E_open,open,E,sub,15,stabilization,41.348771908117335,41.348771908117335,-16.316044033846772,32.16993566334087,1.4891390534680464,fundamental,0.14
E_open,open,E,sub,15,body,41.348771908117335,41.348771908117335,-15.607801221042386,34.98833648239084,1.4891390534680464,fundamental,0.4
E_open,open,E,sub,15,sustain,41.348771908117335,41.348771908117335,-15.744218418713658,33.63280422473899,1.4891390534680464,fundamental,0.3
E_open,open,E,sub,15,decay,41.348771908117335,41.348771908117335,-16.25022123819805,34.69844517289391,1.4891390534680464,fundamental,0.08
E_open,open,E,sub,16,attack,41.59348742837474,41.59348742837474,-14.154414411945131,36.96405549653508,1.3878338707403748,fundamental,0.08
E_open,open,E,sub,16,stabilization,41.59348742837474,41.59348742837474,-17.590426091508718,28.6398978033137,1.3878338707403748,fundamental,0.14
E_open,open,E,sub,16,body,41.59348742837474,41.59348742837474,-12.795188082566618,32.61968799744471,1.3878338707403748,fundamental,0.4
E_open,open,E,sub,16,sustain,41.59348742837474,41.59348742837474,-12.039012333783011,30.367382779346812,1.3878338707403748,fundamental,0.3
E_open,open,E,sub,16,decay,41.59348742837474,41.59348742837474,-12.55395557588325,30.353770565920442,1.3878338707403748,fundamental,0.08
E_open,open,E,sub,17,attack,41.522166772501606,41.522166772501606,-16.7172942575639,36.23819447607799,1.556495268733945,fundamental,0.08
E_open,open,E,sub,17,stabilization,41.522166772501606,41.522166772501606,-16.11474034298461,30.95954566465771,1.556495268733945,fundamental,0.14
E_open,open,E,sub,17,body,41.522166772501606,41.522166772501606,-13.788411999944564,33.89474334978025,1.556495268733945,fundamental,0.4
E_open,open,E,sub,17,sustain,41.522166772501606,41.522166772501606,-12.589901689847956,31.667663001300994,1.556495268733945,fundamental,0.3
E_open,open,E,sub,17,decay,41.522166772501606,41.522166772501606,-9.688880162786935,30.02782766938192,1.556495268733945,fundamental,0.08
E_open,open,E,sub,18,attack,41.526977891143005,41.526977891143005,-16.88075468066573,35.894852662982615,1.407859051983463,fundamental,0.08
E_open,open,E,sub,18,stabilization,41.526977891143005,41.526977891143005,-22.20592150800081,27.78364632083686,1.407859051983463,fundamental,0.14
E_open,open,E,sub,18,body,41.526977891143005,41.526977891143005,-18.40533422598773,31.0608102029735,1.407859051983463,fundamental,0.4
E_open,open,E,sub,18,sustain,41.526977891143005,41.526977891143005,-17.546036718650058,28.540753859301468,1.407859051983463,fundamental,0.3
E_open,open,E,sub,18,decay,41.526977891143005,41.526977891143005,-17.958111525353587,29.062994550672457,1.407859051983463,fundamental,0.08
E_open,open,E,sub,19,attack,41.54325769797113,41.54325769797113,-13.279492218348729,37.41167147281962,1.350356193583566,fundamental,0.08
E_open,open,E,sub,19,stabilization,41.54325769797113,41.54325769797113,-15.843252772676363,31.786491879099287,1.350356193583566,fundamental,0.14
E_open,open,E,sub,19,body,41.54325769797113,41.54325769797113,-11.001986698761378,34.45975511800619,1.350356193583566,fundamental,0.4
E_open,open,E,sub,19,sustain,41.54325769797113,41.54325769797113,-7.894872910607845,31.0597781191466,1.350356193583566,fundamental,0.3
E_open,open,E,sub,19,decay,41.54325769797113,41.54325769797113,-5.952677490291286,23.36493417565714,1.350356193583566,fundamental,0.08
E_open,open,E,sub,20,attack,41.6911708822508,41.6911708822508,-13.079178925041631,36.547998497812344,1.4080759504860962,fundamental,0.08
E_open,open,E,sub,20,stabilization,41.6911708822508,41.6911708822508,-12.55845701408802,28.5006544364201,1.4080759504860962,fundamental,0.14
E_open,open,E,sub,20,body,41.6911708822508,41.6911708822508,-8.886538869712496,31.080836277946126,1.4080759504860962,fundamental,0.4
E_open,open,E,sub,20,sustain,41.6911708822508,41.6911708822508,-7.368721597911495,28.242443249290297,1.4080759504860962,fundamental,0.3
E_open,open,E,sub,20,decay,41.6911708822508,41.6911708822508,-5.932084195142593,21.51606110023897,1.4080759504860962,fundamental,0.08
E_open,open,E,sub,21,attack,40.963670244475864,40.963670244475864,-8.993238542308909,34.56989848236556,1.602760809643108,fundamental,0.08
E_open,open,E,sub,21,stabilization,40.963670244475864,40.963670244475864,-17.402838916553726,26.99880290032062,1.602760809643108,fundamental,0.14
E_open,open,E,sub,21,body,40.963670244475864,40.963670244475864,-15.007044727337224,28.15828501663527,1.602760809643108,fundamental,0.4
E_open,open,E,sub,21,sustain,40.963670244475864,40.963670244475864,-16.446195215995104,23.793085977351325,1.602760809643108,fundamental,0.3
E_open,open,E,sub,21,decay,40.963670244475864,40.963670244475864,-15.848236007699796,25.394096773388767,1.602760809643108,fundamental,0.08
E_open,open,E,sub,22,attack,41.42337356737363,41.42337356737363,-15.681925094947452,36.50733592097428,1.5660520449733166,fundamental,0.08
E_open,open,E,sub,22,stabilization,41.42337356737363,41.42337356737363,-15.021279470590253,31.716026873585704,1.5660520449733166,fundamental,0.14
E_open,open,E,sub,22,body,41.42337356737363,41.42337356737363,-13.724945355165405,34.90991878512135,1.5660520449733166,fundamental,0.4
E_open,open,E,sub,22,sustain,41.42337356737363,41.42337356737363,-12.096255129001207,34.55669808106174,1.5660520449733166,fundamental,0.3
E_open,open,E,sub,22,decay,41.42337356737363,41.42337356737363,-11.290949252869012,34.5764749107265,1.5660520449733166,fundamental,0.08
E_open,open,E,sub,23,attack,41.23188638527375,41.23188638527375,-12.662893736215466,36.70581962279409,1.4581651657313834,fundamental,0.08
E_open,open,E,sub,23,stabilization,41.23188638527375,41.23188638527375,-13.44219296911114,33.090461679262376,1.4581651657313834,fundamental,0.14
E_open,open,E,sub,23,body,41.23188638527375,41.23188638527375,-9.674534589036874,36.09062470390832,1.4581651657313834,fundamental,0.4
E_open,open,E,sub,23,sustain,41.23188638527375,41.23188638527375,-6.755796027056654,34.73677967458053,1.4581651657313834,fundamental,0.3
E_open,open,E,sub,23,decay,41.23188638527375,41.23188638527375,-5.325070940836902,28.692171217355842,1.4581651657313834,fundamental,0.08
E_open,open,E,sub,24,attack,41.33177232043546,41.33177232043546,-13.975179707517732,38.23103886915767,1.34379169846231,fundamental,0.08
E_open,open,E,sub,24,stabilization,41.33177232043546,41.33177232043546,-15.012229255492258,32.02092383980306,1.34379169846231,fundamental,0.14
E_open,open,E,sub,24,body,41.33177232043546,41.33177232043546,-14.53853239068706,34.48996039761253,1.34379169846231,fundamental,0.4
E_open,open,E,sub,24,sustain,41.33177232043546,41.33177232043546,-14.57580754469739,32.77650573335794,1.34379169846231,fundamental,0.3
E_open,open,E,sub,24,decay,41.33177232043546,41.33177232043546,-13.836411670880906,35.10116576108956,1.34379169846231,fundamental,0.08
E_open,open,E,sub,25,attack,41.22009058646204,41.22009058646204,-9.825385211705218,39.580089215083966,1.4072926079312025,fundamental,0.08
E_open,open,E,sub,25,stabilization,41.22009058646204,41.22009058646204,-8.055807734288798,35.372383661102276,1.4072926079312025,fundamental,0.14
E_open,open,E,sub,25,body,41.22009058646204,41.22009058646204,-7.271700013173366,38.09085894392402,1.4072926079312025,fundamental,0.4
E_open,open,E,sub,25,sustain,41.22009058646204,41.22009058646204,-7.563555943536528,35.58265028740571,1.4072926079312025,fundamental,0.3
E_open,open,E,sub,25,decay,41.22009058646204,41.22009058646204,-8.725511536854142,32.10380716072994,1.4072926079312025,fundamental,0.08
E_open,open,E,sub,26,attack,41.373718519713975,41.373718519713975,-14.027302418920357,36.404568152674976,1.5264824038329143,fundamental,0.08
E_open,open,E,sub,26,stabilization,41.373718519713975,41.373718519713975,-17.398004665535247,30.395833610910415,1.5264824038329143,fundamental,0.14
E_open,open,E,sub,26,body,41.373718519713975,41.373718519713975,-16.986694109085164,31.289634321836175,1.5264824038329143,fundamental,0.4
E_open,open,E,sub,26,sustain,41.373718519713975,41.373718519713975,-20.129967207580272,25.931226614885063,1.5264824038329143,fundamental,0.3
E_open,open,E,sub,26,decay,41.373718519713975,41.373718519713975,-23.760219631031376,23.25383612475288,1.5264824038329143,fundamental,0.08
E_open,open,E,sub,27,attack,41.32750852690501,41.32750852690501,-17.771812666466992,35.537937743458876,1.3874629148720563,fundamental,0.08
E_open,open,E,sub,27,stabilization,41.32750852690501,41.32750852690501,-15.372079220851312,32.52911995666002,1.3874629148720563,fundamental,0.14
E_open,open,E,sub,27,body,41.32750852690501,41.32750852690501,-15.081268458907736,34.5218120198809,1.3874629148720563,fundamental,0.4
E_open,open,E,sub,27,sustain,41.32750852690501,41.32750852690501,-13.21136984104519,33.68608165221466,1.3874629148720563,fundamental,0.3
E_open,open,E,sub,27,decay,41.32750852690501,41.32750852690501,-12.502204688035016,34.90523148509691,1.3874629148720563,fundamental,0.08
E_open,open,E,sub,28,attack,41.12960301238852,41.12960301238852,-24.002109583978644,30.021638459851353,1.7085823815941332,fundamental,0.08
E_open,open,E,sub,28,stabilization,41.12960301238852,41.12960301238852,-27.384990654806685,23.796226982877528,1.7085823815941332,fundamental,0.14
E_open,open,E,sub,28,body,41.12960301238852,41.12960301238852,-25.70810023850433,25.206991388359455,1.7085823815941332,fundamental,0.4
E_open,open,E,sub,28,sustain,41.12960301238852,41.12960301238852,-24.1580109743891,23.103187688788836,1.7085823815941332,fundamental,0.3
E_open,open,E,sub,28,decay,41.12960301238852,41.12960301238852,-21.07898474694052,26.01795160402665,1.7085823815941332,fundamental,0.08
E_open,open,E,sub,29,attack,41.44761151163605,41.44761151163605,-9.874211835322498,37.59267422459625,1.3733331262441222,fundamental,0.08
E_open,open,E,sub,29,stabilization,41.44761151163605,41.44761151163605,-8.899472892748733,32.55749140852323,1.3733331262441222,fundamental,0.14
E_open,open,E,sub,29,body,41.44761151163605,41.44761151163605,-7.732805682164496,35.34211871033163,1.3733331262441222,fundamental,0.4
E_open,open,E,sub,29,sustain,41.44761151163605,41.44761151163605,-8.282863939415456,33.42126054588215,1.3733331262441222,fundamental,0.3
E_open,open,E,sub,29,decay,41.44761151163605,41.44761151163605,-9.772764983440524,30.450835729214774,1.3733331262441222,fundamental,0.08
E_open,open,E,sub,30,attack,41.135165629313036,41.135165629313036,-12.694115014881078,36.64551218376693,1.4472574464376462,fundamental,0.08
E_open,open,E,sub,30,stabilization,41.135165629313036,41.135165629313036,-18.385590948376475,29.19749323108792,1.4472574464376462,fundamental,0.14
E_open,open,E,sub,30,body,41.135165629313036,41.135165629313036,-17.077025183942304,30.329513300463617,1.4472574464376462,fundamental,0.4
E_open,open,E,sub,30,sustain,41.135165629313036,41.135165629313036,-18.866864473289432,25.943775552372955,1.4472574464376462,fundamental,0.3
E_open,open,E,sub,30,decay,41.135165629313036,41.135165629313036,-18.730044105406407,26.82753933662569,1.4472574464376462,fundamental,0.08
E_open,open,E,sub,31,attack,41.369236266555205,41.369236266555205,-12.357697879950528,40.21619556318894,1.3404240553733422,fundamental,0.08
E_open,open,E,sub,31,stabilization,41.369236266555205,41.369236266555205,-12.741921837952994,35.38303433261674,1.3404240553733422,fundamental,0.14
E_open,open,E,sub,31,body,41.369236266555205,41.369236266555205,-11.40183974900279,38.36642021973094,1.3404240553733422,fundamental,0.4
E_open,open,E,sub,31,sustain,41.369236266555205,41.369236266555205,-10.440989884139896,37.21354036787595,1.3404240553733422,fundamental,0.3
E_open,open,E,sub,31,decay,41.369236266555205,41.369236266555205,-11.016561140855536,36.29821429581108,1.3404240553733422,fundamental,0.08
E_open,open,E,sub,32,attack,41.36264049586161,41.36264049586161,-15.03751591105808,36.30535353986026,1.5882721885745674,fundamental,0.08
E_open,open,E,sub,32,stabilization,41.36264049586161,41.36264049586161,-19.153398049414733,29.51681050934672,1.5882721885745674,fundamental,0.14
E_open,open,E,sub,32,body,41.36264049586161,41.36264049586161,-17.27509343795102,31.89759492534911,1.5882721885745674,fundamental,0.4
E_open,open,E,sub,32,sustain,41.36264049586161,41.36264049586161,-17.502232328118687,29.5434437572547,1.5882721885745674,fundamental,0.3
E_open,open,E,sub,32,decay,41.36264049586161,41.36264049586161,-17.27898896091513,29.973436335974903,1.5882721885745674,fundamental,0.08
E_open,open,E,sub,33,attack,41.75727029427401,41.75727029427401,-15.166734880767706,29.066250500195892,1.968482878396989,fundamental,0.08
E_open,open,E,sub,33,stabilization,41.75727029427401,41.75727029427401,-4.441566691753131,25.85005731826604,1.968482878396989,fundamental,0.14
E_open,open,E,sub,33,body,41.75727029427401,41.75727029427401,-0.810110456648971,26.804062047579215,1.968482878396989,fundamental,0.4
E_open,open,E,sub,33,sustain,41.75727029427401,41.75727029427401,0.1507465167612878,24.162291583606496,1.968482878396989,fundamental,0.3
E_open,open,E,sub,33,decay,41.75727029427401,41.75727029427401,-1.5338080428646208,19.2860096696116,1.968482878396989,fundamental,0.08
E_open,open,E,sub,34,attack,41.250471103951284,41.250471103951284,-13.431176119716632,36.878000546699575,1.6518117483931034,fundamental,0.08
E_open,open,E,sub,34,stabilization,41.250471103951284,41.250471103951284,-17.364303227843173,31.085443783092913,1.6518117483931034,fundamental,0.14
E_open,open,E,sub,34,body,41.250471103951284,41.250471103951284,-12.672471973876178,33.803741464439746,1.6518117483931034,fundamental,0.4
E_open,open,E,sub,34,sustain,41.250471103951284,41.250471103951284,-8.382636376631332,32.55944335896777,1.6518117483931034,fundamental,0.3
E_open,open,E,sub,34,decay,41.250471103951284,41.250471103951284,-3.843127018406811,25.099666618096798,1.6518117483931034,fundamental,0.08
E_open,open,E,sub,35,attack,41.797030173401666,41.797030173401666,-14.03742342786174,34.91978225946037,1.3984650376249803,fundamental,0.08
E_open,open,E,sub,35,stabilization,41.797030173401666,41.797030173401666,-10.934935999188063,31.344792134793934,1.3984650376249803,fundamental,0.14
E_open,open,E,sub,35,body,41.797030173401666,41.797030173401666,-9.919771615662825,31.23518924487152,1.3984650376249803,fundamental,0.4
E_open,open,E,sub,35,sustain,41.797030173401666,41.797030173401666,-8.375015352105436,28.239819202188116,1.3984650376249803,fundamental,0.3
E_open,open,E,sub,35,decay,41.797030173401666,41.797030173401666,-8.154195501559592,25.298547558649695,1.3984650376249803,fundamental,0.08
E_open,open,E,sub,36,attack,41.80087490479523,41.80087490479523,-13.98548485243404,36.40696629869819,1.375408303856828,fundamental,0.08
E_open,open,E,sub,36,stabilization,41.80087490479523,41.80087490479523,-15.42399984470633,31.280523932490603,1.375408303856828,fundamental,0.14
E_open,open,E,sub,36,body,41.80087490479523,41.80087490479523,-10.636167894030258,34.04867718569951,1.375408303856828,fundamental,0.4
E_open,open,E,sub,36,sustain,41.80087490479523,41.80087490479523,-6.78231567050269,33.15838606161707,1.375408303856828,fundamental,0.3
E_open,open,E,sub,36,decay,41.80087490479523,41.80087490479523,-6.190854154520132,27.864777303518125,1.375408303856828,fundamental,0.08
E_open,open,E,sub,37,attack,41.55804062019686,41.55804062019686,-13.945680638898589,38.57247528246735,1.626665810008789,fundamental,0.08
E_open,open,E,sub,37,stabilization,41.55804062019686,41.55804062019686,-13.932018617405843,32.839582760838155,1.626665810008789,fundamental,0.14
E_open,open,E,sub,37,body,41.55804062019686,41.55804062019686,-11.600895490446137,36.90448009971495,1.626665810008789,fundamental,0.4
E_open,open,E,sub,37,sustain,41.55804062019686,41.55804062019686,-10.07050201898744,36.4101716520217,1.626665810008789,fundamental,0.3
E_open,open,E,sub,37,decay,41.55804062019686,41.55804062019686,-9.466873843842556,34.51106149954218,1.626665810008789,fundamental,0.08
E_open,open,E,sub,38,attack,41.25480512624501,41.25480512624501,-22.734719005268104,27.81250478260857,1.3409027173575143,fundamental,0.08
E_open,open,E,sub,38,stabilization,41.25480512624501,41.25480512624501,-18.87450754608008,30.149381539662336,1.3409027173575143,fundamental,0.14
E_open,open,E,sub,38,body,41.25480512624501,41.25480512624501,-17.362679432148475,32.71517791851132,1.3409027173575143,fundamental,0.4
E_open,open,E,sub,38,sustain,41.25480512624501,41.25480512624501,-15.293312344289028,32.824064339943256,1.3409027173575143,fundamental,0.3
E_open,open,E,sub,38,decay,41.25480512624501,41.25480512624501,-12.538924877358175,36.030026137384944,1.3409027173575143,fundamental,0.08
E_open,open,E,sub,39,attack,41.356004196443195,41.356004196443195,-14.482285588986514,35.44397047681646,1.633292871008521,fundamental,0.08
E_open,open,E,sub,39,stabilization,41.356004196443195,41.356004196443195,-11.29115136490693,31.766336450405078,1.633292871008521,fundamental,0.14
E_open,open,E,sub,39,body,41.356004196443195,41.356004196443195,-8.931508350310807,35.329390830649764,1.633292871008521,fundamental,0.4
E_open,open,E,sub,39,sustain,41.356004196443195,41.356004196443195,-7.751247647373667,34.420755538389805,1.633292871008521,fundamental,0.3
E_open,open,E,sub,39,decay,41.356004196443195,41.356004196443195,-7.16376989767403,30.947092990629464,1.633292871008521,fundamental,0.08
E_open,open,E,sub,40,attack,41.29963849671471,41.29963849671471,-7.183918775852092,36.63452404131281,1.2951756347300387,fundamental,0.08
E_open,open,E,sub,40,stabilization,41.29963849671471,41.29963849671471,-11.139154560688516,33.989790264727574,1.2951756347300387,fundamental,0.14
E_open,open,E,sub,40,body,41.29963849671471,41.29963849671471,-6.609442667247386,37.2681287865062,1.2951756347300387,fundamental,0.4
E_open,open,E,sub,40,sustain,41.29963849671471,41.29963849671471,-4.53619157516026,35.93956539728429,1.2951756347300387,fundamental,0.3
E_open,open,E,sub,40,decay,41.29963849671471,41.29963849671471,-3.256215720872902,28.76497816221118,1.2951756347300387,fundamental,0.08
E_open,open,E,sub,41,attack,42.01745256720061,42.01745256720061,-16.216497697977836,32.78212405622769,1.516243275071506,fundamental,0.08
E_open,open,E,sub,41,stabilization,42.01745256720061,42.01745256720061,-19.169110147659303,20.61133038578643,1.516243275071506,fundamental,0.14
E_open,open,E,sub,41,body,42.01745256720061,42.01745256720061,-13.987165540503009,24.59304299838719,1.516243275071506,fundamental,0.4
E_open,open,E,sub,41,sustain,42.01745256720061,42.01745256720061,-8.009664968285918,25.22165444307258,1.516243275071506,fundamental,0.3
E_open,open,E,sub,41,decay,42.01745256720061,42.01745256720061,-7.732473686880802,22.45997408313076,1.516243275071506,fundamental,0.08
E_open,open,E,sub,42,attack,41.40210867297856,41.40210867297856,-17.189837666021972,37.102706240551335,1.520608447516384,fundamental,0.08
E_open,open,E,sub,42,stabilization,41.40210867297856,41.40210867297856,-16.989331248078514,34.24785469877886,1.520608447516384,fundamental,0.14
E_open,open,E,sub,42,body,41.40210867297856,41.40210867297856,-15.21555302517595,36.555882977200504,1.520608447516384,fundamental,0.4
E_open,open,E,sub,42,sustain,41.40210867297856,41.40210867297856,-13.210432577988811,35.66822919762214,1.520608447516384,fundamental,0.3
E_open,open,E,sub,42,decay,41.40210867297856,41.40210867297856,-12.258390440021955,36.30477417799847,1.520608447516384,fundamental,0.08
E_open,open,E,sub,43,attack,41.31159399826712,41.31159399826712,-13.763309202170896,35.313944715520606,1.4319613714565786,fundamental,0.08
E_open,open,E,sub,43,stabilization,41.31159399826712,41.31159399826712,-9.830470687467743,31.62008614243595,1.4319613714565786,fundamental,0.14
E_open,open,E,sub,43,body,41.31159399826712,41.31159399826712,-8.631255203199949,33.887949812852085,1.4319613714565786,fundamental,0.4
E_open,open,E,sub,43,sustain,41.31159399826712,41.31159399826712,-6.983658534674007,31.65099872362483,1.4319613714565786,fundamental,0.3
E_open,open,E,sub,43,decay,41.31159399826712,41.31159399826712,-5.39052043505481,25.51751379077379,1.4319613714565786,fundamental,0.08
E_open,open,E,sub,44,attack,41.33094853345996,41.33094853345996,-10.656757109605271,37.858548669760054,1.4957857412818891,fundamental,0.08
E_open,open,E,sub,44,stabilization,41.33094853345996,41.33094853345996,-13.504605918640245,32.79833799594004,1.4957857412818891,fundamental,0.14
E_open,open,E,sub,44,body,41.33094853345996,41.33094853345996,-11.675194166069376,35.36949543767763,1.4957857412818891,fundamental,0.4
E_open,open,E,sub,44,sustain,41.33094853345996,41.33094853345996,-10.8894162737664,33.5048125603126,1.4957857412818891,fundamental,0.3
E_open,open,E,sub,44,decay,41.33094853345996,41.33094853345996,-9.975903334497197,31.736499722613445,1.4957857412818891,fundamental,0.08
E_open,open,E,sub,45,attack,41.307402565961944,41.307402565961944,-12.634994876739093,34.581604268932374,1.535153533177512,fundamental,0.08
E_open,open,E,sub,45,stabilization,41.307402565961944,41.307402565961944,-11.6113946154679,28.986760313696138,1.535153533177512,fundamental,0.14
E_open,open,E,sub,45,body,41.307402565961944,41.307402565961944,-8.921201504913228,31.73078122027796,1.535153533177512,fundamental,0.4
E_open,open,E,sub,45,sustain,41.307402565961944,41.307402565961944,-8.04490660126391,28.92860814960322,1.535153533177512,fundamental,0.3
E_open,open,E,sub,45,decay,41.307402565961944,41.307402565961944,-6.170939866919163,24.274936510134644,1.535153533177512,fundamental,0.08
E_open,open,E,sub,46,attack,41.2183500825575,41.2183500825575,-15.253644932280745,33.02700496273849,1.4770900580154642,fundamental,0.08
E_open,open,E,sub,46,stabilization,41.2183500825575,41.2183500825575,-16.22130395731999,30.016676950011018,1.4770900580154642,fundamental,0.14
E_open,open,E,sub,46,body,41.2183500825575,41.2183500825575,-12.374534089226032,32.88623889825153,1.4770900580154642,fundamental,0.4
E_open,open,E,sub,46,sustain,41.2183500825575,41.2183500825575,-9.833723777391697,31.38224451570293,1.4770900580154642,fundamental,0.3
E_open,open,E,sub,46,decay,41.2183500825575,41.2183500825575,-7.505003895342973,26.961945834730358,1.4770900580154642,fundamental,0.08
E_open,open,E,sub,47,attack,41.21178572224904,41.21178572224904,-19.918942243768782,31.30602594600314,1.426675741172902,fundamental,0.08
E_open,open,E,sub,47,stabilization,41.21178572224904,41.21178572224904,-13.564837860901,31.93030136952681,1.426675741172902,fundamental,0.14
E_open,open,E,sub,47,body,41.21178572224904,41.21178572224904,-15.124335370121102,31.480617098222325,1.426675741172902,fundamental,0.4
E_open,open,E,sub,47,sustain,41.21178572224904,41.21178572224904,-13.18134224499198,30.778746456423114,1.426675741172902,fundamental,0.3
E_open,open,E,sub,47,decay,41.21178572224904,41.21178572224904,-11.991235940987636,32.00902995433769,1.426675741172902,fundamental,0.08
E_open,open,E,sub,48,attack,41.422276477916675,41.422276477916675,-11.302104562479729,37.741096082618036,1.5140186771584838,fundamental,0.08
E_open,open,E,sub,48,stabilization,41.422276477916675,41.422276477916675,-12.812864538892384,33.1054490498913,1.5140186771584838,fundamental,0.14
E_open,open,E,sub,48,body,41.422276477916675,41.422276477916675,-8.497477658235901,36.27013580776088,1.5140186771584838,fundamental,0.4
E_open,open,E,sub,48,sustain,41.422276477916675,41.422276477916675,-5.064783070361237,35.57673358772877,1.5140186771584838,fundamental,0.3
E_open,open,E,sub,48,decay,41.422276477916675,41.422276477916675,-2.4890821357317563,26.80138678106401,1.5140186771584838,fundamental,0.08
E_open,open,E,sub,49,attack,41.46531845097673,41.46531845097673,-11.014666849023598,40.07421857881682,1.5663290955208546,fundamental,0.08
E_open,open,E,sub,49,stabilization,41.46531845097673,41.46531845097673,-8.897940458145428,36.072472367046984,1.5663290955208546,fundamental,0.14
E_open,open,E,sub,49,body,41.46531845097673,41.46531845097673,-6.18139019102864,39.14289386502928,1.5663290955208546,fundamental,0.4
E_open,open,E,sub,49,sustain,41.46531845097673,41.46531845097673,-3.536600722556315,36.62794058580186,1.5663290955208546,fundamental,0.3
E_open,open,E,sub,49,decay,41.46531845097673,41.46531845097673,-1.7086418609631266,28.111325862127664,1.5663290955208546,fundamental,0.08
E_open,open,E,sub,50,attack,41.113062344592386,41.113062344592386,-11.055247700725936,35.7870955150047,1.5020348328976387,fundamental,0.08
E_open,open,E,sub,50,stabilization,41.113062344592386,41.113062344592386,-14.028723798757255,29.936898808752183,1.5020348328976387,fundamental,0.14
E_open,open,E,sub,50,body,41.113062344592386,41.113062344592386,-9.58562459869924,32.44277424145625,1.5020348328976387,fundamental,0.4
E_open,open,E,sub,50,sustain,41.113062344592386,41.113062344592386,-7.010731110107955,29.9356513844333,1.5020348328976387,fundamental,0.3
E_open,open,E,sub,50,decay,41.113062344592386,41.113062344592386,-5.77657945031514,25.102507142560796,1.5020348328976387,fundamental,0.08
E_open,open,E,sub,51,attack,40.889295693310444,40.889295693310444,-12.133524718651572,28.31751492637742,1.587844014657808,fundamental,0.08
E_open,open,E,sub,51,stabilization,40.889295693310444,40.889295693310444,-11.865186814958244,28.938350103612528,1.587844014657808,fundamental,0.14
E_open,open,E,sub,51,body,40.889295693310444,40.889295693310444,-11.31988733182483,28.857843569016033,1.587844014657808,fundamental,0.4
E_open,open,E,sub,51,sustain,40.889295693310444,40.889295693310444,-14.832778363852457,26.68971101027124,1.587844014657808,fundamental,0.3
E_open,open,E,sub,51,decay,40.889295693310444,40.889295693310444,-17.06852236430128,27.93003176534637,1.587844014657808,fundamental,0.08
E_open,open,E,sub,52,attack,41.56340351893039,41.56340351893039,-8.303358118418267,35.684765884776894,1.555866543641591,fundamental,0.08
E_open,open,E,sub,52,stabilization,41.56340351893039,41.56340351893039,-7.819677165530393,30.668631631408573,1.555866543641591,fundamental,0.14
E_open,open,E,sub,52,body,41.56340351893039,41.56340351893039,-3.611659200294533,34.40117626857323,1.555866543641591,fundamental,0.4
E_open,open,E,sub,52,sustain,41.56340351893039,41.56340351893039,-1.6974341404231268,31.654454881286554,1.555866543641591,fundamental,0.3
E_open,open,E,sub,52,decay,41.56340351893039,41.56340351893039,-2.024710568379419,25.308946331063694,1.555866543641591,fundamental,0.08
E_open,open,E,sub,53,attack,41.75301487609435,41.75301487609435,-4.998137929581972,31.71162840474868,1.6078583197457734,fundamental,0.08
E_open,open,E,sub,53,stabilization,41.75301487609435,41.75301487609435,-12.156503858279038,28.151911285749307,1.6078583197457734,fundamental,0.14
E_open,open,E,sub,53,body,41.75301487609435,41.75301487609435,-6.576413639496835,32.01728017642089,1.6078583197457734,fundamental,0.4
E_open,open,E,sub,53,sustain,41.75301487609435,41.75301487609435,-9.677659521192815,30.704016692195978,1.6078583197457734,fundamental,0.3
E_open,open,E,sub,53,decay,41.75301487609435,41.75301487609435,-11.957149144321365,31.139496617771258,1.6078583197457734,fundamental,0.08
E_open,open,E,sub,54,attack,41.13718077493814,41.13718077493814,-1.3852391322021165,30.27725071606764,1.830553823816441,fundamental,0.08
E_open,open,E,sub,54,stabilization,41.13718077493814,41.13718077493814,-3.6435328484443374,28.041375368582393,1.830553823816441,fundamental,0.14
E_open,open,E,sub,54,body,41.13718077493814,41.13718077493814,-5.560400624376868,35.38414552274686,1.830553823816441,fundamental,0.4
E_open,open,E,sub,54,sustain,41.13718077493814,41.13718077493814,-10.032672531511452,33.41613155689657,1.830553823816441,fundamental,0.3
E_open,open,E,sub,54,decay,41.13718077493814,41.13718077493814,-13.82734857776186,33.17186442142842,1.830553823816441,fundamental,0.08
E_open,open,E,sub,55,attack,41.41056869525747,41.41056869525747,-17.385104650613975,35.888701204718465,1.3517987173818855,fundamental,0.08
E_open,open,E,sub,55,stabilization,41.41056869525747,41.41056869525747,-18.40353690724791,32.40112633734519,1.3517987173818855,fundamental,0.14
E_open,open,E,sub,55,body,41.41056869525747,41.41056869525747,-16.844132021834213,34.702073408422635,1.3517987173818855,fundamental,0.4
E_open,open,E,sub,55,sustain,41.41056869525747,41.41056869525747,-16.966620363473098,32.43353184835614,1.3517987173818855,fundamental,0.3
E_open,open,E,sub,55,decay,41.41056869525747,41.41056869525747,-17.777865143558557,32.502847650500286,1.3517987173818855,fundamental,0.08
E_open,open,E,sub,56,attack,41.44330552098609,41.44330552098609,-3.316918197779877,30.796466901046394,1.2981915137172402,fundamental,0.08
E_open,open,E,sub,56,stabilization,41.44330552098609,41.44330552098609,-4.454865759123578,28.080060710621417,1.2981915137172402,fundamental,0.14
E_open,open,E,sub,56,body,41.44330552098609,41.44330552098609,-2.251610406208897,33.076112410177686,1.2981915137172402,fundamental,0.4
E_open,open,E,sub,56,sustain,41.44330552098609,41.44330552098609,1.6302495897164206,27.59847792771923,1.2981915137172402,fundamental,0.3
E_open,open,E,sub,56,decay,41.44330552098609,41.44330552098609,2.6098535343562688,19.43654126987437,1.2981915137172402,fundamental,0.08
E_open,open,E,sub,57,attack,41.27666315385655,41.27666315385655,-18.40264445908302,28.277784265431052,1.5734810605544454,fundamental,0.08
E_open,open,E,sub,57,stabilization,41.27666315385655,41.27666315385655,-24.731675407371952,20.489014771666604,1.5734810605544454,fundamental,0.14
E_open,open,E,sub,57,body,41.27666315385655,41.27666315385655,-21.416130830912323,23.933047944546416,1.5734810605544454,fundamental,0.4
E_open,open,E,sub,57,sustain,41.27666315385655,41.27666315385655,-22.255185833284067,20.722189884938473,1.5734810605544454,fundamental,0.3
E_open,open,E,sub,57,decay,41.27666315385655,41.27666315385655,-21.65013883579629,21.583452275636787,1.5734810605544454,fundamental,0.08
E_open,open,E,sub,58,attack,41.23293251889693,41.23293251889693,-13.902176507672747,35.505509851710926,1.5227456807505988,fundamental,0.08
E_open,open,E,sub,58,stabilization,41.23293251889693,41.23293251889693,-14.506630242073228,28.994626164623654,1.5227456807505988,fundamental,0.14
E_open,open,E,sub,58,body,41.23293251889693,41.23293251889693,-12.704984708452102,32.06552808825092,1.5227456807505988,fundamental,0.4
E_open,open,E,sub,58,sustain,41.23293251889693,41.23293251889693,-10.809882583347168,30.012003257001012,1.5227456807505988,fundamental,0.3
E_open,open,E,sub,58,decay,41.23293251889693,41.23293251889693,-10.4361941973755,27.257954952014984,1.5227456807505988,fundamental,0.08
E_open,open,E,sub,59,attack,41.22909635039335,41.22909635039335,-16.765378219575545,33.661111941372134,1.526518859649693,fundamental,0.08
E_open,open,E,sub,59,stabilization,41.22909635039335,41.22909635039335,-20.49775770866026,27.812789598578135,1.526518859649693,fundamental,0.14
E_open,open,E,sub,59,body,41.22909635039335,41.22909635039335,-19.158286154900644,29.49861118896473,1.526518859649693,fundamental,0.4
E_open,open,E,sub,59,sustain,41.22909635039335,41.22909635039335,-21.607492262811583,24.563814730064408,1.526518859649693,fundamental,0.3
E_open,open,E,sub,59,decay,41.22909635039335,41.22909635039335,-25.04629197882196,21.773757357329345,1.526518859649693,fundamental,0.08
E_open,open,E,sub,60,attack,40.927942752824436,40.927942752824436,-13.331777296892769,34.38721117254729,1.6210556477648357,fundamental,0.08
E_open,open,E,sub,60,stabilization,40.927942752824436,40.927942752824436,-17.462323094319288,26.920367844858454,1.6210556477648357,fundamental,0.14
E_open,open,E,sub,60,body,40.927942752824436,40.927942752824436,-15.827094254038826,27.731686723476493,1.6210556477648357,fundamental,0.4
E_open,open,E,sub,60,sustain,40.927942752824436,40.927942752824436,-12.400810237554182,25.228464700871342,1.6210556477648357,fundamental,0.3
E_open,open,E,sub,60,decay,40.927942752824436,40.927942752824436,-10.04226564320996,26.093944421131866,1.6210556477648357,fundamental,0.08
E_open,open,E,sub,61,attack,41.41589184564268,41.41589184564268,-17.59414048356839,33.79140005719625,1.4301559996310786,fundamental,0.08
E_open,open,E,sub,61,stabilization,41.41589184564268,41.41589184564268,-21.168751751339776,27.75643299198753,1.4301559996310786,fundamental,0.14
E_open,open,E,sub,61,body,41.41589184564268,41.41589184564268,-18.62013889542161,30.879475114968905,1.4301559996310786,fundamental,0.4
E_open,open,E,sub,61,sustain,41.41589184564268,41.41589184564268,-17.820770600827714,29.57649367232763,1.4301559996310786,fundamental,0.3
E_open,open,E,sub,61,decay,41.41589184564268,41.41589184564268,-19.098474010850964,29.072808766154964,1.4301559996310786,fundamental,0.08
E_open,open,E,sub,62,attack,41.39146969369559,41.39146969369559,-9.491112935248566,36.91004718527885,2.1324829392081925,fundamental,0.08
E_open,open,E,sub,62,stabilization,41.39146969369559,41.39146969369559,-14.576187776457031,30.77035412783485,2.1324829392081925,fundamental,0.14
E_open,open,E,sub,62,body,41.39146969369559,41.39146969369559,-11.33477334573599,33.54086810314089,2.1324829392081925,fundamental,0.4
E_open,open,E,sub,62,sustain,41.39146969369559,41.39146969369559,-9.157190853432787,32.05752634615924,2.1324829392081925,fundamental,0.3
E_open,open,E,sub,62,decay,41.39146969369559,41.39146969369559,-8.094009507997605,28.648947893440344,2.1324829392081925,fundamental,0.08
E_open,open,E,sub,63,attack,41.262975694190835,41.262975694190835,-17.02813130461073,33.76022220440561,1.3914222961190328,fundamental,0.08
E_open,open,E,sub,63,stabilization,41.262975694190835,41.262975694190835,-24.36099552866626,23.721070661015347,1.3914222961190328,fundamental,0.14
E_open,open,E,sub,63,body,41.262975694190835,41.262975694190835,-21.005506872791187,27.296226532307415,1.3914222961190328,fundamental,0.4
E_open,open,E,sub,63,sustain,41.262975694190835,41.262975694190835,-22.11733176546727,22.82000963046319,1.3914222961190328,fundamental,0.3
E_open,open,E,sub,63,decay,41.262975694190835,41.262975694190835,-25.7289664026705,19.179847040038638,1.3914222961190328,fundamental,0.08
E_open,open,E,sub,64,attack,41.443603711567114,41.443603711567114,-14.74669489316561,36.34042063853699,1.7039258253874936,fundamental,0.08
E_open,open,E,sub,64,stabilization,41.443603711567114,41.443603711567114,-20.516766334548954,28.71220880145483,1.7039258253874936,fundamental,0.14
E_open,open,E,sub,64,body,41.443603711567114,41.443603711567114,-19.34120778386413,30.223373857505088,1.7039258253874936,fundamental,0.4
E_open,open,E,sub,64,sustain,41.443603711567114,41.443603711567114,-19.26885360835187,27.6540505684833,1.7039258253874936,fundamental,0.3
E_open,open,E,sub,64,decay,41.443603711567114,41.443603711567114,-19.328835714635368,27.975995121944578,1.7039258253874936,fundamental,0.08
E_open,open,E,sub,65,attack,41.28286872692457,41.28286872692457,-15.286168732561665,36.03194302248936,1.5891395802710842,fundamental,0.08
E_open,open,E,sub,65,stabilization,41.28286872692457,41.28286872692457,-15.762688006663936,30.12983421593382,1.5891395802710842,fundamental,0.14
E_open,open,E,sub,65,body,41.28286872692457,41.28286872692457,-14.82206506329588,33.473527531606976,1.5891395802710842,fundamental,0.4
E_open,open,E,sub,65,sustain,41.28286872692457,41.28286872692457,-14.713674557843063,31.557502544035266,1.5891395802710842,fundamental,0.3
E_open,open,E,sub,65,decay,41.28286872692457,41.28286872692457,-15.513334559310678,32.69595091666614,1.5891395802710842,fundamental,0.08
E_open,open,E,sub,66,attack,41.04975010378627,41.04975010378627,-16.205440880093214,29.1179443576263,1.5804099588578442,fundamental,0.08
E_open,open,E,sub,66,stabilization,41.04975010378627,41.04975010378627,-23.03420776957259,22.283372256038575,1.5804099588578442,fundamental,0.14
E_open,open,E,sub,66,body,41.04975010378627,41.04975010378627,-15.212727049627318,26.812560864931072,1.5804099588578442,fundamental,0.4
E_open,open,E,sub,66,sustain,41.04975010378627,41.04975010378627,-9.888179308821575,27.050280343582727,1.5804099588578442,fundamental,0.3
E_open,open,E,sub,66,decay,41.04975010378627,41.04975010378627,-9.656089786026476,26.54311072820279,1.5804099588578442,fundamental,0.08
E_open,open,E,sub,67,attack,41.335774541467615,41.335774541467615,-16.370826842590198,36.56034880581672,1.419506497386173,fundamental,0.08
E_open,open,E,sub,67,stabilization,41.335774541467615,41.335774541467615,-16.683707043609765,30.886670412846897,1.419506497386173,fundamental,0.14
E_open,open,E,sub,67,body,41.335774541467615,41.335774541467615,-15.879387265355431,34.2356143912682,1.419506497386173,fundamental,0.4
E_open,open,E,sub,67,sustain,41.335774541467615,41.335774541467615,-16.66577042109708,32.41984997816941,1.419506497386173,fundamental,0.3
E_open,open,E,sub,67,decay,41.335774541467615,41.335774541467615,-17.83527796054708,32.906586222262696,1.419506497386173,fundamental,0.08
E_open,open,E,sub,68,attack,41.36965682554607,41.36965682554607,-16.91213445517279,36.82718657630939,1.6344627006516002,fundamental,0.08
E_open,open,E,sub,68,stabilization,41.36965682554607,41.36965682554607,-19.995046398435456,30.81104750890274,1.6344627006516002,fundamental,0.14
E_open,open,E,sub,68,body,41.36965682554607,41.36965682554607,-19.01013562352417,32.68574245193187,1.6344627006516002,fundamental,0.4
E_open,open,E,sub,68,sustain,41.36965682554607,41.36965682554607,-20.179686822658645,29.116346766190127,1.6344627006516002,fundamental,0.3
E_open,open,E,sub,68,decay,41.36965682554607,41.36965682554607,-21.75683265245764,27.956336705702753,1.6344627006516002,fundamental,0.08
E_open,open,E,sub,69,attack,41.37967500096619,41.37967500096619,-18.116453656561863,34.62323562619207,1.357963873093823,fundamental,0.08
E_open,open,E,sub,69,stabilization,41.37967500096619,41.37967500096619,-16.689410818543855,31.098459590754757,1.357963873093823,fundamental,0.14
E_open,open,E,sub,69,body,41.37967500096619,41.37967500096619,-16.44986559562477,32.7721970362456,1.357963873093823,fundamental,0.4
E_open,open,E,sub,69,sustain,41.37967500096619,41.37967500096619,-15.95382537278516,30.1996656818159,1.357963873093823,fundamental,0.3
E_open,open,E,sub,69,decay,41.37967500096619,41.37967500096619,-15.65639309461595,31.063096878194763,1.357963873093823,fundamental,0.08
E_open,open,E,sub,70,attack,41.03086737872013,41.03086737872013,-11.757778462396416,34.14111359209418,1.598435812750768,fundamental,0.08
E_open,open,E,sub,70,stabilization,41.03086737872013,41.03086737872013,-19.69218764968396,25.440728689449188,1.598435812750768,fundamental,0.14
E_open,open,E,sub,70,body,41.03086737872013,41.03086737872013,-16.84333027346004,27.374446440009336,1.598435812750768,fundamental,0.4
E_open,open,E,sub,70,sustain,41.03086737872013,41.03086737872013,-15.266033352074984,25.02606041771726,1.598435812750768,fundamental,0.3
E_open,open,E,sub,70,decay,41.03086737872013,41.03086737872013,-14.272810004525766,26.45058135512751,1.598435812750768,fundamental,0.08
E_open,open,E,sub,71,attack,41.13972164903377,41.13972164903377,-20.61543400744001,26.99827937517381,1.4553065432627597,fundamental,0.08
E_open,open,E,sub,71,stabilization,41.13972164903377,41.13972164903377,-13.13896147784505,32.331906409279014,1.4553065432627597,fundamental,0.14
E_open,open,E,sub,71,body,41.13972164903377,41.13972164903377,-9.319881798714995,33.125270358356204,1.4553065432627597,fundamental,0.4
E_open,open,E,sub,71,sustain,41.13972164903377,41.13972164903377,-3.7840582592802576,30.510043076943212,1.4553065432627597,fundamental,0.3
E_open,open,E,sub,71,decay,41.13972164903377,41.13972164903377,-0.2805088674064251,20.53155524237046,1.4553065432627597,fundamental,0.08
E_open,open,E,sub,72,attack,41.087900722143665,41.087900722143665,-10.626636981589575,38.877062471734085,1.577730543909878,fundamental,0.08
E_open,open,E,sub,72,stabilization,41.087900722143665,41.087900722143665,-10.334988092182464,33.36919748914938,1.577730543909878,fundamental,0.14
E_open,open,E,sub,72,body,41.087900722143665,41.087900722143665,-8.505595886826242,36.54097287078641,1.577730543909878,fundamental,0.4
E_open,open,E,sub,72,sustain,41.087900722143665,41.087900722143665,-7.10168326363754,35.77167855670157,1.577730543909878,fundamental,0.3
E_open,open,E,sub,72,decay,41.087900722143665,41.087900722143665,-7.509118772752366,32.45157615216668,1.577730543909878,fundamental,0.08
E_open,open,E,sub,73,attack,41.792908611196076,41.792908611196076,-9.835215564676076,33.325267126266496,1.7448163388266638,fundamental,0.08
E_open,open,E,sub,73,stabilization,41.792908611196076,41.792908611196076,-18.192190075391142,23.524987860783455,1.7448163388266638,fundamental,0.14
E_open,open,E,sub,73,body,41.792908611196076,41.792908611196076,-10.566863339198242,29.671404532639528,1.7448163388266638,fundamental,0.4
E_open,open,E,sub,73,sustain,41.792908611196076,41.792908611196076,-9.552857884208612,30.37148833239958,1.7448163388266638,fundamental,0.3
E_open,open,E,sub,73,decay,41.792908611196076,41.792908611196076,-9.060370924707556,29.114956006703828,1.7448163388266638,fundamental,0.08
E_open,open,E,sub,74,attack,41.19360661516752,41.19360661516752,-13.868666773984678,34.115007134712194,1.3695529946613847,fundamental,0.08
E_open,open,E,sub,74,stabilization,41.19360661516752,41.19360661516752,-8.657555117813857,34.733582486039005,1.3695529946613847,fundamental,0.14
E_open,open,E,sub,74,body,41.19360661516752,41.19360661516752,-10.700299391304547,35.57908142319074,1.3695529946613847,fundamental,0.4
E_open,open,E,sub,74,sustain,41.19360661516752,41.19360661516752,-11.755487601634512,33.39969393443905,1.3695529946613847,fundamental,0.3
E_open,open,E,sub,74,decay,41.19360661516752,41.19360661516752,-11.078673164097715,34.62640271659167,1.3695529946613847,fundamental,0.08
E_open,open,E,sub,75,attack,40.905681282920234,40.905681282920234,-6.4191110834332505,33.65116773527743,1.543838536308061,fundamental,0.08
E_open,open,E,sub,75,stabilization,40.905681282920234,40.905681282920234,-12.03446298193412,31.56250249143458,1.543838536308061,fundamental,0.14
E_open,open,E,sub,75,body,40.905681282920234,40.905681282920234,-7.756635792589876,33.68331921429038,1.543838536308061,fundamental,0.4
E_open,open,E,sub,75,sustain,40.905681282920234,40.905681282920234,-9.197840183273088,31.41854015194577,1.543838536308061,fundamental,0.3
E_open,open,E,sub,75,decay,40.905681282920234,40.905681282920234,-7.361695506654598,30.87637954550552,1.543838536308061,fundamental,0.08
E_open,open,E,sub,76,attack,41.86233742972871,41.86233742972871,-6.197330258423747,31.862155460074582,1.3137979809053937,fundamental,0.08
E_open,open,E,sub,76,stabilization,41.86233742972871,41.86233742972871,-12.316189841253738,26.806757582691368,1.3137979809053937,fundamental,0.14
E_open,open,E,sub,76,body,41.86233742972871,41.86233742972871,-9.757335112056566,30.719439696657723,1.3137979809053937,fundamental,0.4
E_open,open,E,sub,76,sustain,41.86233742972871,41.86233742972871,-10.39379808043372,31.098117151714085,1.3137979809053937,fundamental,0.3
E_open,open,E,sub,76,decay,41.86233742972871,41.86233742972871,-10.52928537806298,30.985206749216573,1.3137979809053937,fundamental,0.08
E_open,open,E,sub,77,attack,41.38590018894822,41.38590018894822,-17.748388215670346,34.46836794771166,1.411150047161865,fundamental,0.08
E_open,open,E,sub,77,stabilization,41.38590018894822,41.38590018894822,-14.668545658821609,34.782486806420444,1.411150047161865,fundamental,0.14
E_open,open,E,sub,77,body,41.38590018894822,41.38590018894822,-12.885492266310678,37.549546689562035,1.411150047161865,fundamental,0.4
E_open,open,E,sub,77,sustain,41.38590018894822,41.38590018894822,-11.382864039577903,36.92500340966562,1.411150047161865,fundamental,0.3
E_open,open,E,sub,77,decay,41.38590018894822,41.38590018894822,-10.168886780221705,36.02383680142983,1.411150047161865,fundamental,0.08
E_open,open,E,sub,78,attack,41.387358810290394,41.387358810290394,-13.760049218747533,40.62478129474609,1.406543461306452,fundamental,0.08
E_open,open,E,sub,78,stabilization,41.387358810290394,41.387358810290394,-13.466397810422997,35.45332305146705,1.406543461306452,fundamental,0.14
E_open,open,E,sub,78,body,41.387358810290394,41.387358810290394,-12.341183838953278,37.90333412943221,1.406543461306452,fundamental,0.4
E_open,open,E,sub,78,sustain,41.387358810290394,41.387358810290394,-10.895071742788922,36.5373471263321,1.406543461306452,fundamental,0.3
E_open,open,E,sub,78,decay,41.387358810290394,41.387358810290394,-9.969040482170008,34.789612178122546,1.406543461306452,fundamental,0.08
E_open,open,E,sub,79,attack,41.37377012515529,41.37377012515529,-10.24469577507579,38.904731576829974,1.4275067589594397,fundamental,0.08
E_open,open,E,sub,79,stabilization,41.37377012515529,41.37377012515529,-13.400960063362945,34.21157303788363,1.4275067589594397,fundamental,0.14
E_open,open,E,sub,79,body,41.37377012515529,41.37377012515529,-9.853719138674066,37.16095461114079,1.4275067589594397,fundamental,0.4
E_open,open,E,sub,79,sustain,41.37377012515529,41.37377012515529,-7.216894316873848,35.01384360451008,1.4275067589594397,fundamental,0.3
E_open,open,E,sub,79,decay,41.37377012515529,41.37377012515529,-3.3232563760242115,26.315038963330544,1.4275067589594397,fundamental,0.08
E_open,open,E,sub,80,attack,41.37021969713354,41.37021969713354,-17.513225030594548,32.98624785313704,1.5493366498670122,fundamental,0.08
E_open,open,E,sub,80,stabilization,41.37021969713354,41.37021969713354,-20.70843169952247,24.308688176805866,1.5493366498670122,fundamental,0.14
E_open,open,E,sub,80,body,41.37021969713354,41.37021969713354,-19.471427310889236,27.283925050606285,1.5493366498670122,fundamental,0.4
E_open,open,E,sub,80,sustain,41.37021969713354,41.37021969713354,-18.718565151627203,26.564948999372717,1.5493366498670122,fundamental,0.3
E_open,open,E,sub,80,decay,41.37021969713354,41.37021969713354,-20.025842308511955,27.019252180923857,1.5493366498670122,fundamental,0.08
E_open,open,E,sub,81,attack,41.37700928706254,41.37700928706254,-16.523440668321264,36.876128295698095,1.4719576531184175,fundamental,0.08
E_open,open,E,sub,81,stabilization,41.37700928706254,41.37700928706254,-20.98627686077005,28.95731807158996,1.4719576531184175,fundamental,0.14
E_open,open,E,sub,81,body,41.37700928706254,41.37700928706254,-18.040474164045285,32.83703944149487,1.4719576531184175,fundamental,0.4
E_open,open,E,sub,81,sustain,41.37700928706254,41.37700928706254,-18.23642171085912,29.844502684810458,1.4719576531184175,fundamental,0.3
E_open,open,E,sub,81,decay,41.37700928706254,41.37700928706254,-18.35794897355119,29.73032514647619,1.4719576531184175,fundamental,0.08
E_open,open,E,sub,82,attack,41.290529115261506,41.290529115261506,-14.590977382012843,36.98547351719373,1.4641244840178846,fundamental,0.08
E_open,open,E,sub,82,stabilization,41.290529115261506,41.290529115261506,-15.64074521481318,29.001971454148645,1.4641244840178846,fundamental,0.14
E_open,open,E,sub,82,body,41.290529115261506,41.290529115261506,-12.702295116989234,32.62517512136052,1.4641244840178846,fundamental,0.4
E_open,open,E,sub,82,sustain,41.290529115261506,41.290529115261506,-9.462266233232974,31.384160743782573,1.4641244840178846,fundamental,0.3
E_open,open,E,sub,82,decay,41.290529115261506,41.290529115261506,-8.97392625812914,28.67213498860346,1.4641244840178846,fundamental,0.08
E_open,open,E,sub,83,attack,41.338497407271426,41.338497407271426,-13.667896071846345,38.49872938975691,1.569220931206462,fundamental,0.08
E_open,open,E,sub,83,stabilization,41.338497407271426,41.338497407271426,-14.099209741369918,36.22083898723015,1.569220931206462,fundamental,0.14
E_open,open,E,sub,83,body,41.338497407271426,41.338497407271426,-14.248354196339449,36.70015888683031,1.569220931206462,fundamental,0.4
E_open,open,E,sub,83,sustain,41.338497407271426,41.338497407271426,-14.422837277970707,34.126756491567164,1.569220931206462,fundamental,0.3
E_open,open,E,sub,83,decay,41.338497407271426,41.338497407271426,-14.591846440593464,34.554322091005055,1.569220931206462,fundamental,0.08
E_open,open,E,sub,84,attack,41.32705354413385,41.32705354413385,-17.383925508953133,34.60480355959039,1.6821779959759908,fundamental,0.08
E_open,open,E,sub,84,stabilization,41.32705354413385,41.32705354413385,-18.832831463784714,27.931188226038188,1.6821779959759908,fundamental,0.14
E_open,open,E,sub,84,body,41.32705354413385,41.32705354413385,-17.8409737722748,30.748964157619803,1.6821779959759908,fundamental,0.4
E_open,open,E,sub,84,sustain,41.32705354413385,41.32705354413385,-17.186423148815173,29.61035156962825,1.6821779959759908,fundamental,0.3
E_open,open,E,sub,84,decay,41.32705354413385,41.32705354413385,-17.20826153381713,30.739505716841407,1.6821779959759908,fundamental,0.08
E_open,open,E,sub,85,attack,41.361670824317606,41.361670824317606,-16.117522064099482,35.686299519474545,1.7052768962020348,fundamental,0.08
E_open,open,E,sub,85,stabilization,41.361670824317606,41.361670824317606,-21.277826940169064,28.820376779719048,1.7052768962020348,fundamental,0.14
E_open,open,E,sub,85,body,41.361670824317606,41.361670824317606,-20.135334199587284,30.745284087975257,1.7052768962020348,fundamental,0.4
E_open,open,E,sub,85,sustain,41.361670824317606,41.361670824317606,-22.328864917303648,27.09303403832517,1.7052768962020348,fundamental,0.3
E_open,open,E,sub,85,decay,41.361670824317606,41.361670824317606,-23.59006001444999,26.9968127419765,1.7052768962020348,fundamental,0.08
E_open,open,E,sub,86,attack,41.48155978557375,41.48155978557375,-19.275001174915403,35.246788053112724,1.7224074818941064,fundamental,0.08
E_open,open,E,sub,86,stabilization,41.48155978557375,41.48155978557375,-22.982518267450097,26.477082995506592,1.7224074818941064,fundamental,0.14
E_open,open,E,sub,86,body,41.48155978557375,41.48155978557375,-23.115254014133026,28.229436512396568,1.7224074818941064,fundamental,0.4
E_open,open,E,sub,86,sustain,41.48155978557375,41.48155978557375,-25.14016321596768,24.789117394574163,1.7224074818941064,fundamental,0.3
E_open,open,E,sub,86,decay,41.48155978557375,41.48155978557375,-27.129785957574526,24.136651320525587,1.7224074818941064,fundamental,0.08
E_open,open,E,sub,87,attack,41.39250229014184,41.39250229014184,-19.566039323514296,33.41870692949537,1.52260008571835,fundamental,0.08
E_open,open,E,sub,87,stabilization,41.39250229014184,41.39250229014184,-23.689623548984976,26.591566130580098,1.52260008571835,fundamental,0.14
E_open,open,E,sub,87,body,41.39250229014184,41.39250229014184,-25.057560590631056,26.079054222165738,1.52260008571835,fundamental,0.4
E_open,open,E,sub,87,sustain,41.39250229014184,41.39250229014184,-32.7549923404978,16.08223545794621,1.52260008571835,fundamental,0.3
E_open,open,E,sub,87,decay,41.39250229014184,41.39250229014184,-23.2106794509843,26.391499739170513,1.52260008571835,fundamental,0.08
E_open,open,E,sub,88,attack,41.200587436386705,41.200587436386705,-19.49490532509671,32.852190932716624,1.533114341940795,fundamental,0.08
E_open,open,E,sub,88,stabilization,41.200587436386705,41.200587436386705,-17.408945736504407,28.826715780910924,1.533114341940795,fundamental,0.14
E_open,open,E,sub,88,body,41.200587436386705,41.200587436386705,-14.037752009949427,33.468695941978915,1.533114341940795,fundamental,0.4
E_open,open,E,sub,88,sustain,41.200587436386705,41.200587436386705,-10.49615832808557,33.57274637376705,1.533114341940795,fundamental,0.3
E_open,open,E,sub,88,decay,41.200587436386705,41.200587436386705,-8.535770541277003,31.670336055579696,1.533114341940795,fundamental,0.08
E_open,open,E,sub,89,attack,41.4350633420568,41.4350633420568,-13.255083427368554,36.078100382344545,1.6410365882138456,fundamental,0.08
E_open,open,E,sub,89,stabilization,41.4350633420568,41.4350633420568,-20.1542488842505,27.649368355434,1.6410365882138456,fundamental,0.14
E_open,open,E,sub,89,body,41.4350633420568,41.4350633420568,-16.158103443729516,32.377928732562815,1.6410365882138456,fundamental,0.4
E_open,open,E,sub,89,sustain,41.4350633420568,41.4350633420568,-13.926291062678402,32.77390563591233,1.6410365882138456,fundamental,0.3
E_open,open,E,sub,89,decay,41.4350633420568,41.4350633420568,-12.223031788823214,35.06054189321461,1.6410365882138456,fundamental,0.08
E_open,open,E,sub,90,attack,41.40175412464241,41.40175412464241,-14.734158905215338,38.44490451905682,1.3996246414413005,fundamental,0.08
E_open,open,E,sub,90,stabilization,41.40175412464241,41.40175412464241,-14.777353640922556,33.29836787997381,1.3996246414413005,fundamental,0.14
E_open,open,E,sub,90,body,41.40175412464241,41.40175412464241,-13.332733143768053,36.68785610849091,1.3996246414413005,fundamental,0.4
E_open,open,E,sub,90,sustain,41.40175412464241,41.40175412464241,-12.543992259043549,36.15623261406545,1.3996246414413005,fundamental,0.3
E_open,open,E,sub,90,decay,41.40175412464241,41.40175412464241,-12.461220850331692,36.989493000387434,1.3996246414413005,fundamental,0.08
E_open,open,E,sub,91,attack,41.35927746727867,41.35927746727867,-16.650263200941026,36.02200551553214,1.3104366701800338,fundamental,0.08
E_open,open,E,sub,91,stabilization,41.35927746727867,41.35927746727867,-14.45175307789767,35.823284424445546,1.3104366701800338,fundamental,0.14
E_open,open,E,sub,91,body,41.35927746727867,41.35927746727867,-14.285377041179672,36.619006050249446,1.3104366701800338,fundamental,0.4
E_open,open,E,sub,91,sustain,41.35927746727867,41.35927746727867,-13.085755828182483,35.2470861948481,1.3104366701800338,fundamental,0.3
E_open,open,E,sub,91,decay,41.35927746727867,41.35927746727867,-12.723800332211404,36.11784151132968,1.3104366701800338,fundamental,0.08
G_12,fret12,G,mid,0,attack,195.82520427185355,195.82520427185355,-14.050274850854326,60.88924967801137,1.5987380706477297,fundamental,0.08
G_12,fret12,G,mid,0,stabilization,195.82520427185355,195.82520427185355,-13.815582632124205,59.16039522060122,1.5987380706477297,fundamental,0.14
G_12,fret12,G,mid,0,body,195.82520427185355,195.82520427185355,-13.606124844369983,61.62728217173928,1.5987380706477297,fundamental,0.4
G_12,fret12,G,mid,0,sustain,195.82520427185355,195.82520427185355,-13.121449836268866,60.152451883032185,1.5987380706477297,fundamental,0.3
G_12,fret12,G,mid,0,decay,195.82520427185355,195.82520427185355,-13.755871461275907,59.505764583105474,1.5987380706477297,fundamental,0.08
G_12,fret12,G,mid,1,attack,195.80170263785158,195.80170263785158,-8.553938186351044,61.31490051463939,1.879325928283343,fundamental,0.08
G_12,fret12,G,mid,1,stabilization,195.80170263785158,195.80170263785158,-8.367618516362626,59.53411954709882,1.879325928283343,fundamental,0.14
G_12,fret12,G,mid,1,body,195.80170263785158,195.80170263785158,-8.148339725314557,61.97083822595815,1.879325928283343,fundamental,0.4
G_12,fret12,G,mid,1,sustain,195.80170263785158,195.80170263785158,-7.910899075024304,60.31154374315406,1.879325928283343,fundamental,0.3
G_12,fret12,G,mid,1,decay,195.80170263785158,195.80170263785158,-7.709654519676519,60.52309435044324,1.879325928283343,fundamental,0.08
G_12,fret12,G,mid,2,attack,195.86051713919832,195.86051713919832,-12.050484637775735,62.445988718624875,1.510958146856934,fundamental,0.08
G_12,fret12,G,mid,2,stabilization,195.86051713919832,195.86051713919832,-11.945313769046614,60.567649985323264,1.510958146856934,fundamental,0.14
G_12,fret12,G,mid,2,body,195.86051713919832,195.86051713919832,-12.103159492237484,62.742712226554424,1.510958146856934,fundamental,0.4
G_12,fret12,G,mid,2,sustain,195.86051713919832,195.86051713919832,-11.85578651258821,60.971013036676624,1.510958146856934,fundamental,0.3
G_12,fret12,G,mid,2,decay,195.86051713919832,195.86051713919832,-10.14318207494215,61.17030184769694,1.510958146856934,fundamental,0.08
G_12,fret12,G,mid,3,attack,195.84804117946464,195.84804117946464,-10.646775741423792,60.577889356906894,1.7913555759968869,fundamental,0.08
G_12,fret12,G,mid,3,stabilization,195.84804117946464,195.84804117946464,-10.464089318243438,58.83741421134462,1.7913555759968869,fundamental,0.14
G_12,fret12,G,mid,3,body,195.84804117946464,195.84804117946464,-10.392434142325476,61.15595936649852,1.7913555759968869,fundamental,0.4
G_12,fret12,G,mid,3,sustain,195.84804117946464,195.84804117946464,-10.35593499058978,59.29485462069283,1.7913555759968869,fundamental,0.3
G_12,fret12,G,mid,3,decay,195.84804117946464,195.84804117946464,-10.188317158638805,59.540398570268025,1.7913555759968869,fundamental,0.08
G_12,fret12,G,mid,4,attack,195.83262460590967,195.83262460590967,-14.252312505418146,60.800775546663196,1.6303759347974234,fundamental,0.08
G_12,fret12,G,mid,4,stabilization,195.83262460590967,195.83262460590967,-14.17264491585377,59.01140180323177,1.6303759347974234,fundamental,0.14
G_12,fret12,G,mid,4,body,195.83262460590967,195.83262460590967,-14.105096574445774,61.326180467263015,1.6303759347974234,fundamental,0.4
G_12,fret12,G,mid,4,sustain,195.83262460590967,195.83262460590967,-13.898467665031212,59.567121856014325,1.6303759347974234,fundamental,0.3
G_12,fret12,G,mid,4,decay,195.83262460590967,195.83262460590967,-13.183366072522771,59.387431682973215,1.6303759347974234,fundamental,0.08
G_12,fret12,G,mid,5,attack,195.83842628258276,195.83842628258276,-13.941067017331012,59.98063148095237,1.6837569504061287,fundamental,0.08
G_12,fret12,G,mid,5,stabilization,195.83842628258276,195.83842628258276,-13.793343815432577,58.201664037228184,1.6837569504061287,fundamental,0.14
G_12,fret12,G,mid,5,body,195.83842628258276,195.83842628258276,-13.697435329007252,60.53874596984926,1.6837569504061287,fundamental,0.4
G_12,fret12,G,mid,5,sustain,195.83842628258276,195.83842628258276,-13.613590885762878,58.67813511394107,1.6837569504061287,fundamental,0.3
G_12,fret12,G,mid,5,decay,195.83842628258276,195.83842628258276,-13.371435517461428,58.885921053316004,1.6837569504061287,fundamental,0.08
G_12,fret12,G,mid,6,attack,195.84095466420007,195.84095466420007,-12.561799449850804,62.18177870606661,1.562400396433972,fundamental,0.08
G_12,fret12,G,mid,6,stabilization,195.84095466420007,195.84095466420007,-12.44894047318217,60.39382481929483,1.562400396433972,fundamental,0.14
G_12,fret12,G,mid,6,body,195.84095466420007,195.84095466420007,-12.370806048608578,62.68056484851941,1.562400396433972,fundamental,0.4
G_12,fret12,G,mid,6,sustain,195.84095466420007,195.84095466420007,-12.14889667399656,60.909096144094036,1.562400396433972,fundamental,0.3
G_12,fret12,G,mid,6,decay,195.84095466420007,195.84095466420007,-11.699178477788504,60.385914338552055,1.562400396433972,fundamental,0.08
G_12,fret12,G,mid,7,attack,195.8274022165377,195.8274022165377,-13.615450068197298,61.25406249868524,1.6165360647071365,fundamental,0.08
G_12,fret12,G,mid,7,stabilization,195.8274022165377,195.8274022165377,-13.916018045797742,59.41868144035365,1.6165360647071365,fundamental,0.14
G_12,fret12,G,mid,7,body,195.8274022165377,195.8274022165377,-14.029741640471045,61.668747296101756,1.6165360647071365,fundamental,0.4
G_12,fret12,G,mid,7,sustain,195.8274022165377,195.8274022165377,-13.884290242499656,59.807276102749704,1.6165360647071365,fundamental,0.3
G_12,fret12,G,mid,7,decay,195.8274022165377,195.8274022165377,-13.411725073449151,60.070015059531904,1.6165360647071365,fundamental,0.08
G_12,fret12,G,mid,8,attack,195.8290717278571,195.8290717278571,-13.07116658952708,61.74845186475804,1.5284249883216647,fundamental,0.08
G_12,fret12,G,mid,8,stabilization,195.8290717278571,195.8290717278571,-12.9808080725324,59.93537431249168,1.5284249883216647,fundamental,0.14
G_12,fret12,G,mid,8,body,195.8290717278571,195.8290717278571,-12.98941011375345,62.1770749825067,1.5284249883216647,fundamental,0.4
G_12,fret12,G,mid,8,sustain,195.8290717278571,195.8290717278571,-12.816620455027596,60.39382649240892,1.5284249883216647,fundamental,0.3
G_12,fret12,G,mid,8,decay,195.8290717278571,195.8290717278571,-12.28382035055083,60.61133236715708,1.5284249883216647,fundamental,0.08
G_12,fret12,G,mid,9,attack,195.83645489629737,195.83645489629737,-15.44601899379645,59.311741209622625,1.747735968872288,fundamental,0.08
G_12,fret12,G,mid,9,stabilization,195.83645489629737,195.83645489629737,-15.32568805787454,57.47983039487946,1.747735968872288,fundamental,0.14
G_12,fret12,G,mid,9,body,195.83645489629737,195.83645489629737,-15.329720101432944,59.7161116506076,1.747735968872288,fundamental,0.4
G_12,fret12,G,mid,9,sustain,195.83645489629737,195.83645489629737,-15.210093981743212,57.8711628285094,1.747735968872288,fundamental,0.3
G_12,fret12,G,mid,9,decay,195.83645489629737,195.83645489629737,-14.936877654523656,58.03885902666087,1.747735968872288,fundamental,0.08
G_12,fret12,G,mid,10,attack,195.84356828607073,195.84356828607073,-13.04290649942816,61.61753100829036,1.5008210435159908,fundamental,0.08
G_12,fret12,G,mid,10,stabilization,195.84356828607073,195.84356828607073,-13.018285140971576,59.72121823242998,1.5008210435159908,fundamental,0.14
G_12,fret12,G,mid,10,body,195.84356828607073,195.84356828607073,-12.995700172403964,61.941836731724734,1.5008210435159908,fundamental,0.4
G_12,fret12,G,mid,10,sustain,195.84356828607073,195.84356828607073,-12.70366033561761,60.207111997890486,1.5008210435159908,fundamental,0.3
G_12,fret12,G,mid,10,decay,195.84356828607073,195.84356828607073,-11.656620290554446,60.36030419208359,1.5008210435159908,fundamental,0.08
G_12,fret12,G,mid,11,attack,195.84764625486554,195.84764625486554,-13.245953040019888,59.64203622676166,1.7141930930183322,fundamental,0.08
G_12,fret12,G,mid,11,stabilization,195.84764625486554,195.84764625486554,-13.204846834371391,57.772635593892886,1.7141930930183322,fundamental,0.14
G_12,fret12,G,mid,11,body,195.84764625486554,195.84764625486554,-13.182221852320572,60.00705420060467,1.7141930930183322,fundamental,0.4
G_12,fret12,G,mid,11,sustain,195.84764625486554,195.84764625486554,-13.092342086461445,58.15886762984364,1.7141930930183322,fundamental,0.3
G_12,fret12,G,mid,11,decay,195.84764625486554,195.84764625486554,-12.5054911535323,58.42245799440704,1.7141930930183322,fundamental,0.08
G_12,fret12,G,mid,12,attack,195.84939877865574,195.84939877865574,-13.840482533401456,60.46527519102001,1.6059094286081326,fundamental,0.08
G_12,fret12,G,mid,12,stabilization,195.84939877865574,195.84939877865574,-13.764977644654394,58.638855647227714,1.6059094286081326,fundamental,0.14
G_12,fret12,G,mid,12,body,195.84939877865574,195.84939877865574,-13.781555990597678,60.851615789116806,1.6059094286081326,fundamental,0.4
G_12,fret12,G,mid,12,sustain,195.84939877865574,195.84939877865574,-13.587201241368298,59.0688773049392,1.6059094286081326,fundamental,0.3
G_12,fret12,G,mid,12,decay,195.84939877865574,195.84939877865574,-16.745786146199688,55.9378609651837,1.6059094286081326,fundamental,0.08
G_12,fret12,G,mid,13,attack,195.84039083511183,195.84039083511183,-14.98038654620757,59.10729136206871,1.7503346606363073,fundamental,0.08
G_12,fret12,G,mid,13,stabilization,195.84039083511183,195.84039083511183,-14.818600395170584,57.29966305395692,1.7503346606363073,fundamental,0.14
G_12,fret12,G,mid,13,body,195.84039083511183,195.84039083511183,-14.769435408850192,59.5771448608371,1.7503346606363073,fundamental,0.4
G_12,fret12,G,mid,13,sustain,195.84039083511183,195.84039083511183,-14.613348290164495,57.745977897523176,1.7503346606363073,fundamental,0.3
G_12,fret12,G,mid,13,decay,195.84039083511183,195.84039083511183,-13.890305090534056,57.96863476581237,1.7503346606363073,fundamental,0.08
G_12,fret12,G,mid,14,attack,195.84568139859323,195.84568139859323,-10.066472881907051,60.624443501761675,1.7095930075529375,fundamental,0.08
G_12,fret12,G,mid,14,stabilization,195.84568139859323,195.84568139859323,-9.97194335300815,58.82268390805163,1.7095930075529375,fundamental,0.14
G_12,fret12,G,mid,14,body,195.84568139859323,195.84568139859323,-9.92768848571275,61.08787774358679,1.7095930075529375,fundamental,0.4
G_12,fret12,G,mid,14,sustain,195.84568139859323,195.84568139859323,-9.865365130341644,59.294592878909945,1.7095930075529375,fundamental,0.3
G_12,fret12,G,mid,14,decay,195.84568139859323,195.84568139859323,-9.794327994096562,59.45391554305024,1.7095930075529375,fundamental,0.08
G_12,fret12,G,mid,15,attack,195.8531761312976,195.8531761312976,-13.75864924025413,59.43212698780685,1.6457848305787148,fundamental,0.08
G_12,fret12,G,mid,15,stabilization,195.8531761312976,195.8531761312976,-13.638425964142163,57.611389419437444,1.6457848305787148,fundamental,0.14
G_12,fret12,G,mid,15,body,195.8531761312976,195.8531761312976,-13.61774342754585,59.89031504123275,1.6457848305787148,fundamental,0.4
G_12,fret12,G,mid,15,sustain,195.8531761312976,195.8531761312976,-13.477317469083255,58.0786767416438,1.6457848305787148,fundamental,0.3
G_12,fret12,G,mid,15,decay,195.8531761312976,195.8531761312976,-13.272126048071645,58.36030501266174,1.6457848305787148,fundamental,0.08
G_12,fret12,G,mid,16,attack,195.87143563101523,195.87143563101523,-10.619839085852623,60.104968817173834,1.708509743406757,fundamental,0.08
G_12,fret12,G,mid,16,stabilization,195.87143563101523,195.87143563101523,-10.50228965550685,58.323560197452046,1.708509743406757,fundamental,0.14
G_12,fret12,G,mid,16,body,195.87143563101523,195.87143563101523,-10.433402060662116,60.60387324878671,1.708509743406757,fundamental,0.4
G_12,fret12,G,mid,16,sustain,195.87143563101523,195.87143563101523,-10.278357693892424,58.85783069304931,1.708509743406757,fundamental,0.3
G_12,fret12,G,mid,16,decay,195.87143563101523,195.87143563101523,-9.384781988290747,59.09406841664581,1.708509743406757,fundamental,0.08
G_12,fret12,G,mid,17,attack,195.8686854027458,195.8686854027458,-15.687047932446902,59.02084010021618,1.6159906769524957,fundamental,0.08
G_12,fret12,G,mid,17,stabilization,195.8686854027458,195.8686854027458,-15.641434833340888,57.206031071653925,1.6159906769524957,fundamental,0.14
G_12,fret12,G,mid,17,body,195.8686854027458,195.8686854027458,-15.512794131865968,59.53027865666124,1.6159906769524957,fundamental,0.4
G_12,fret12,G,mid,17,sustain,195.8686854027458,195.8686854027458,-15.32806277802797,57.68873912395725,1.6159906769524957,fundamental,0.3
G_12,fret12,G,mid,17,decay,195.8686854027458,195.8686854027458,-13.602659964712196,57.95749288622396,1.6159906769524957,fundamental,0.08
G_12,fret12,G,mid,18,attack,195.8706214650478,195.8706214650478,-13.169273908053547,60.4536236318159,1.8450631302604223,fundamental,0.08
G_12,fret12,G,mid,18,stabilization,195.8706214650478,195.8706214650478,-13.039679790986128,58.67533413699405,1.8450631302604223,fundamental,0.14
G_12,fret12,G,mid,18,body,195.8706214650478,195.8706214650478,-12.925391998009443,60.99451734823959,1.8450631302604223,fundamental,0.4
G_12,fret12,G,mid,18,sustain,195.8706214650478,195.8706214650478,-12.704197200282138,59.263489723576036,1.8450631302604223,fundamental,0.3
G_12,fret12,G,mid,18,decay,195.8706214650478,195.8706214650478,-12.571617513234528,59.479711239592376,1.8450631302604223,fundamental,0.08
G_12,fret12,G,mid,19,attack,195.84965945419174,195.84965945419174,-13.945261590540383,59.39833271488665,1.6703116876903883,fundamental,0.08
G_12,fret12,G,mid,19,stabilization,195.84965945419174,195.84965945419174,-13.78869924453734,57.60533960109139,1.6703116876903883,fundamental,0.14
G_12,fret12,G,mid,19,body,195.84965945419174,195.84965945419174,-13.687060672774358,59.93693614296104,1.6703116876903883,fundamental,0.4
G_12,fret12,G,mid,19,sustain,195.84965945419174,195.84965945419174,-13.529989076448585,58.134486783550656,1.6703116876903883,fundamental,0.3
G_12,fret12,G,mid,19,decay,195.84965945419174,195.84965945419174,-13.56936071666766,58.12722685089013,1.6703116876903883,fundamental,0.08
G_12,fret12,G,mid,20,attack,195.86090617546014,195.86090617546014,-10.283738899438852,61.87789117488326,1.526267034392044,fundamental,0.08
G_12,fret12,G,mid,20,stabilization,195.86090617546014,195.86090617546014,-10.263783949421452,60.00870429512933,1.526267034392044,fundamental,0.14
G_12,fret12,G,mid,20,body,195.86090617546014,195.86090617546014,-10.210196770202089,62.30489175977086,1.526267034392044,fundamental,0.4
G_12,fret12,G,mid,20,sustain,195.86090617546014,195.86090617546014,-10.025038539532112,60.599269988216896,1.526267034392044,fundamental,0.3
G_12,fret12,G,mid,20,decay,195.86090617546014,195.86090617546014,-10.15558578858575,60.37345486002703,1.526267034392044,fundamental,0.08
G_12,fret12,G,mid,21,attack,195.8573938313895,195.8573938313895,-15.611815250013017,58.960344451707726,1.6904360175778876,fundamental,0.08
G_12,fret12,G,mid,21,stabilization,195.8573938313895,195.8573938313895,-15.464260527004512,57.168556001970146,1.6904360175778876,fundamental,0.14
G_12,fret12,G,mid,21,body,195.8573938313895,195.8573938313895,-15.31655035705672,59.540303554244296,1.6904360175778876,fundamental,0.4
G_12,fret12,G,mid,21,sustain,195.8573938313895,195.8573938313895,-15.115498776061532,57.760918199662754,1.6904360175778876,fundamental,0.3
G_12,fret12,G,mid,21,decay,195.8573938313895,195.8573938313895,-14.427699201748862,58.01480095926672,1.6904360175778876,fundamental,0.08
G_12,fret12,G,mid,22,attack,195.88414432036464,195.88414432036464,-10.625389312399392,60.492194640210066,1.7392424664870647,fundamental,0.08
G_12,fret12,G,mid,22,stabilization,195.88414432036464,195.88414432036464,-10.55879201190654,58.68981892470201,1.7392424664870647,fundamental,0.14
G_12,fret12,G,mid,22,body,195.88414432036464,195.88414432036464,-10.427194060221256,61.02788994896645,1.7392424664870647,fundamental,0.4
G_12,fret12,G,mid,22,sustain,195.88414432036464,195.88414432036464,-10.226436773556554,59.33688425697602,1.7392424664870647,fundamental,0.3
G_12,fret12,G,mid,22,decay,195.88414432036464,195.88414432036464,-10.182584692126689,59.54267176949001,1.7392424664870647,fundamental,0.08
G_12,fret12,G,mid,23,attack,195.86205934586945,195.86205934586945,-15.892238543094582,58.56535007852689,1.719997515216373,fundamental,0.08
G_12,fret12,G,mid,23,stabilization,195.86205934586945,195.86205934586945,-15.741324999678184,56.786669843349664,1.719997515216373,fundamental,0.14
G_12,fret12,G,mid,23,body,195.86205934586945,195.86205934586945,-15.617438779431197,59.14740685045157,1.719997515216373,fundamental,0.4
G_12,fret12,G,mid,23,sustain,195.86205934586945,195.86205934586945,-15.422845350451876,57.38667445966479,1.719997515216373,fundamental,0.3
G_12,fret12,G,mid,23,decay,195.86205934586945,195.86205934586945,-15.436648087302462,57.396533210448595,1.719997515216373,fundamental,0.08
G_12,fret12,G,mid,24,attack,195.8650813818016,195.8650813818016,-12.54852608377259,61.56809460495353,1.629230364569584,fundamental,0.08
G_12,fret12,G,mid,24,stabilization,195.8650813818016,195.8650813818016,-12.394763212736084,59.78664613121786,1.629230364569584,fundamental,0.14
G_12,fret12,G,mid,24,body,195.8650813818016,195.8650813818016,-12.1946097592822,62.16236585933133,1.629230364569584,fundamental,0.4
G_12,fret12,G,mid,24,sustain,195.8650813818016,195.8650813818016,-11.86681176018518,60.49175350139501,1.629230364569584,fundamental,0.3
G_12,fret12,G,mid,24,decay,195.8650813818016,195.8650813818016,-11.111805037532946,60.78514989454416,1.629230364569584,fundamental,0.08
G_12,fret12,G,mid,25,attack,195.8670818835069,195.8670818835069,-13.089428333684602,58.34329653057897,1.9252302737903884,fundamental,0.08
G_12,fret12,G,mid,25,stabilization,195.8670818835069,195.8670818835069,-12.947729208061798,56.60099812306688,1.9252302737903884,fundamental,0.14
G_12,fret12,G,mid,25,body,195.8670818835069,195.8670818835069,-12.694701446210424,59.00511949993791,1.9252302737903884,fundamental,0.4
G_12,fret12,G,mid,25,sustain,195.8670818835069,195.8670818835069,-12.501145811888478,57.288772416774975,1.9252302737903884,fundamental,0.3
G_12,fret12,G,mid,25,decay,195.8670818835069,195.8670818835069,-11.860732973498152,57.5683501870445,1.9252302737903884,fundamental,0.08
G_12,fret12,G,mid,26,attack,195.87823964655564,195.87823964655564,-13.883280841868904,60.67004680638638,1.6941158194357548,fundamental,0.08
G_12,fret12,G,mid,26,stabilization,195.87823964655564,195.87823964655564,-13.71095125474514,58.91665542442635,1.6941158194357548,fundamental,0.14
G_12,fret12,G,mid,26,body,195.87823964655564,195.87823964655564,-13.527196437956157,61.28913540754921,1.6941158194357548,fundamental,0.4
G_12,fret12,G,mid,26,sustain,195.87823964655564,195.87823964655564,-13.182404106285617,59.621111860507355,1.6941158194357548,fundamental,0.3
G_12,fret12,G,mid,26,decay,195.87823964655564,195.87823964655564,-12.901786265794588,59.94016316231588,1.6941158194357548,fundamental,0.08
G_12,fret12,G,mid,27,attack,195.88197293334252,195.88197293334252,-11.5093233167143,58.32041207229358,1.8657484252160268,fundamental,0.08
G_12,fret12,G,mid,27,stabilization,195.88197293334252,195.88197293334252,-11.38709695630858,56.554093417021804,1.8657484252160268,fundamental,0.14
G_12,fret12,G,mid,27,body,195.88197293334252,195.88197293334252,-11.19858833454296,58.94119482531239,1.8657484252160268,fundamental,0.4
G_12,fret12,G,mid,27,sustain,195.88197293334252,195.88197293334252,-11.101473586350622,57.16743841445552,1.8657484252160268,fundamental,0.3
G_12,fret12,G,mid,27,decay,195.88197293334252,195.88197293334252,-10.907869234542533,57.253233685302966,1.8657484252160268,fundamental,0.08
G_12,fret12,G,mid,28,attack,195.87172711742892,195.87172711742892,-12.654896020694808,60.85828557431295,1.6502941581233628,fundamental,0.08
G_12,fret12,G,mid,28,stabilization,195.87172711742892,195.87172711742892,-12.513061760127464,59.090433435206066,1.6502941581233628,fundamental,0.14
G_12,fret12,G,mid,28,body,195.87172711742892,195.87172711742892,-12.357955218279812,61.4771974001237,1.6502941581233628,fundamental,0.4
G_12,fret12,G,mid,28,sustain,195.87172711742892,195.87172711742892,-12.042886060011206,59.81170094655567,1.6502941581233628,fundamental,0.3
G_12,fret12,G,mid,28,decay,195.87172711742892,195.87172711742892,-11.170481683473994,60.06174875903879,1.6502941581233628,fundamental,0.08
G_12,fret12,G,mid,29,attack,195.88312343985524,195.88312343985524,-13.574893418344974,58.44450778650687,1.7226441599266835,fundamental,0.08
G_12,fret12,G,mid,29,stabilization,195.88312343985524,195.88312343985524,-13.642245114594784,56.65683867967169,1.7226441599266835,fundamental,0.14
G_12,fret12,G,mid,29,body,195.88312343985524,195.88312343985524,-13.47496522852473,59.06426573304486,1.7226441599266835,fundamental,0.4
G_12,fret12,G,mid,29,sustain,195.88312343985524,195.88312343985524,-13.301313359165963,57.30483907075836,1.7226441599266835,fundamental,0.3
G_12,fret12,G,mid,29,decay,195.88312343985524,195.88312343985524,-13.259352787659717,57.53479660300746,1.7226441599266835,fundamental,0.08
G_12,fret12,G,mid,30,attack,195.86589245899287,195.86589245899287,-11.9736832080667,62.989568191025974,1.4241215358437926,fundamental,0.08
G_12,fret12,G,mid,30,stabilization,195.86589245899287,195.86589245899287,-11.904868160163147,61.17127301400914,1.4241215358437926,fundamental,0.14
G_12,fret12,G,mid,30,body,195.86589245899287,195.86589245899287,-11.73802494425212,63.556191378747414,1.4241215358437926,fundamental,0.4
G_12,fret12,G,mid,30,sustain,195.86589245899287,195.86589245899287,-11.367494568405,61.89007004685405,1.4241215358437926,fundamental,0.3
G_12,fret12,G,mid,30,decay,195.86589245899287,195.86589245899287,-11.663774152440723,61.6408789996747,1.4241215358437926,fundamental,0.08
G_12,fret12,G,mid,31,attack,195.88053089859568,195.88053089859568,-14.88361246398024,59.50518556088493,1.805338314576993,fundamental,0.08
G_12,fret12,G,mid,31,stabilization,195.88053089859568,195.88053089859568,-14.784148070102049,57.75568993641628,1.805338314576993,fundamental,0.14
G_12,fret12,G,mid,31,body,195.88053089859568,195.88053089859568,-14.56811030409064,60.17376639457169,1.805338314576993,fundamental,0.4
G_12,fret12,G,mid,31,sustain,195.88053089859568,195.88053089859568,-14.30274777939755,58.44458826333731,1.805338314576993,fundamental,0.3
G_12,fret12,G,mid,31,decay,195.88053089859568,195.88053089859568,-14.017536998272824,58.749474533847064,1.805338314576993,fundamental,0.08
G_12,fret12,G,mid,32,attack,195.8752225634444,195.8752225634444,-12.319134451278476,62.5519948001379,1.657957355505012,fundamental,0.08
G_12,fret12,G,mid,32,stabilization,195.8752225634444,195.8752225634444,-12.252542342655255,60.72791811345047,1.657957355505012,fundamental,0.14
G_12,fret12,G,mid,32,body,195.8752225634444,195.8752225634444,-12.084808326359909,63.147231171971825,1.657957355505012,fundamental,0.4
G_12,fret12,G,mid,32,sustain,195.8752225634444,195.8752225634444,-11.750610239132918,61.48558364165944,1.657957355505012,fundamental,0.3
G_12,fret12,G,mid,32,decay,195.8752225634444,195.8752225634444,-11.434298671497512,61.801877990879106,1.657957355505012,fundamental,0.08
G_12,fret12,G,mid,33,attack,195.87733309351034,195.87733309351034,-10.693150981772853,59.93735453710884,1.537001386547007,fundamental,0.08
G_12,fret12,G,mid,33,stabilization,195.87733309351034,195.87733309351034,-10.632082720657811,58.13629424701481,1.537001386547007,fundamental,0.14
G_12,fret12,G,mid,33,body,195.87733309351034,195.87733309351034,-10.518769406208284,60.530316176865995,1.537001386547007,fundamental,0.4
G_12,fret12,G,mid,33,sustain,195.87733309351034,195.87733309351034,-10.461176746610557,58.760889768588214,1.537001386547007,fundamental,0.3
G_12,fret12,G,mid,33,decay,195.87733309351034,195.87733309351034,-10.105295140216016,58.9889253481668,1.537001386547007,fundamental,0.08
G_12,fret12,G,mid,34,attack,195.87752891383778,195.87752891383778,-12.843063704133812,61.46849379478684,1.6440941122963932,fundamental,0.08
G_12,fret12,G,mid,34,stabilization,195.87752891383778,195.87752891383778,-12.744306792037658,59.66263366216068,1.6440941122963932,fundamental,0.14
G_12,fret12,G,mid,34,body,195.87752891383778,195.87752891383778,-12.61661606842616,62.05729526019323,1.6440941122963932,fundamental,0.4
G_12,fret12,G,mid,34,sustain,195.87752891383778,195.87752891383778,-12.3845019127119,60.39518666477673,1.6440941122963932,fundamental,0.3
G_12,fret12,G,mid,34,decay,195.87752891383778,195.87752891383778,-12.469201728635491,60.40915918188977,1.6440941122963932,fundamental,0.08
G_12,fret12,G,mid,35,attack,195.88896040189806,195.88896040189806,-10.241498057979278,61.42816750169613,1.7207286533911406,fundamental,0.08
G_12,fret12,G,mid,35,stabilization,195.88896040189806,195.88896040189806,-10.187353721021305,59.621990932240664,1.7207286533911406,fundamental,0.14
G_12,fret12,G,mid,35,body,195.88896040189806,195.88896040189806,-10.050987466583717,62.03252449927408,1.7207286533911406,fundamental,0.4
G_12,fret12,G,mid,35,sustain,195.88896040189806,195.88896040189806,-9.94874164163511,60.26058628255259,1.7207286533911406,fundamental,0.3
G_12,fret12,G,mid,35,decay,195.88896040189806,195.88896040189806,-9.805294139012863,60.51625356071601,1.7207286533911406,fundamental,0.08
G_12,fret12,G,mid,36,attack,195.8941833758527,195.8941833758527,-13.617356150910972,61.501673549822556,1.6003546347195523,fundamental,0.08
G_12,fret12,G,mid,36,stabilization,195.8941833758527,195.8941833758527,-13.495127450861029,59.72374110070591,1.6003546347195523,fundamental,0.14
G_12,fret12,G,mid,36,body,195.8941833758527,195.8941833758527,-13.351582778323142,62.11683150958789,1.6003546347195523,fundamental,0.4
G_12,fret12,G,mid,36,sustain,195.8941833758527,195.8941833758527,-13.100957325508222,60.40914726678042,1.6003546347195523,fundamental,0.3
G_12,fret12,G,mid,36,decay,195.8941833758527,195.8941833758527,-12.969688151322586,60.54825959587431,1.6003546347195523,fundamental,0.08
G_12,fret12,G,mid,37,attack,195.87952434055492,195.87952434055492,-13.388974418365702,59.795009598022695,1.781110644355775,fundamental,0.08
G_12,fret12,G,mid,37,stabilization,195.87952434055492,195.87952434055492,-13.370590272779689,58.00587738952948,1.781110644355775,fundamental,0.14
G_12,fret12,G,mid,37,body,195.87952434055492,195.87952434055492,-13.283704051088364,60.39919544538114,1.781110644355775,fundamental,0.4
G_12,fret12,G,mid,37,sustain,195.87952434055492,195.87952434055492,-13.170327867439031,58.63090284089887,1.781110644355775,fundamental,0.3
G_12,fret12,G,mid,37,decay,195.87952434055492,195.87952434055492,-12.990299170707502,58.89403401414176,1.781110644355775,fundamental,0.08
G_12,fret12,G,mid,38,attack,195.84740122561513,195.84740122561513,-13.1035118268411,61.687070517063226,1.6686436629186243,fundamental,0.08
G_12,fret12,G,mid,38,stabilization,195.84740122561513,195.84740122561513,-13.01277143036027,59.88437089544897,1.6686436629186243,fundamental,0.14
G_12,fret12,G,mid,38,body,195.84740122561513,195.84740122561513,-12.98924485319277,62.2336191365383,1.6686436629186243,fundamental,0.4
G_12,fret12,G,mid,38,sustain,195.84740122561513,195.84740122561513,-12.732601695794784,60.522608784238145,1.6686436629186243,fundamental,0.3
G_12,fret12,G,mid,38,decay,195.84740122561513,195.84740122561513,-13.566526682499225,59.71852876943525,1.6686436629186243,fundamental,0.08
G_12,fret12,G,mid,39,attack,195.88959851283025,195.88959851283025,-11.714192659060426,60.81627136304429,1.5278130075135594,fundamental,0.08
G_12,fret12,G,mid,39,stabilization,195.88959851283025,195.88959851283025,-11.570090683991555,59.02621763314501,1.5278130075135594,fundamental,0.14
G_12,fret12,G,mid,39,body,195.88959851283025,195.88959851283025,-11.361947068685396,61.44054976423175,1.5278130075135594,fundamental,0.4
G_12,fret12,G,mid,39,sustain,195.88959851283025,195.88959851283025,-11.133541659773694,59.68688714513482,1.5278130075135594,fundamental,0.3
G_12,fret12,G,mid,39,decay,195.88959851283025,195.88959851283025,-10.954624153914754,59.98669464492769,1.5278130075135594,fundamental,0.08
G_12,fret12,G,mid,40,attack,195.90269761222655,195.90269761222655,-12.92394668074354,62.423177599237356,1.5988642160357582,fundamental,0.08
G_12,fret12,G,mid,40,stabilization,195.90269761222655,195.90269761222655,-12.843925027523184,60.61249961416462,1.5988642160357582,fundamental,0.14
G_12,fret12,G,mid,40,body,195.90269761222655,195.90269761222655,-12.680755299753676,62.99421690799133,1.5988642160357582,fundamental,0.4
G_12,fret12,G,mid,40,sustain,195.90269761222655,195.90269761222655,-12.36999758358527,61.29729015047625,1.5988642160357582,fundamental,0.3
G_12,fret12,G,mid,40,decay,195.90269761222655,195.90269761222655,-15.385282792827809,57.884338666388096,1.5988642160357582,fundamental,0.08
G_12,fret12,G,mid,41,attack,195.8943879985355,195.8943879985355,-13.168781041517168,61.296219124132435,1.6592034622164846,fundamental,0.08
G_12,fret12,G,mid,41,stabilization,195.8943879985355,195.8943879985355,-13.182768571544791,59.47475674956348,1.6592034622164846,fundamental,0.14
G_12,fret12,G,mid,41,body,195.8943879985355,195.8943879985355,-13.042781302952974,61.86020829545191,1.6592034622164846,fundamental,0.4
G_12,fret12,G,mid,41,sustain,195.8943879985355,195.8943879985355,-12.844695844782454,60.09979004212981,1.6592034622164846,fundamental,0.3
G_12,fret12,G,mid,41,decay,195.8943879985355,195.8943879985355,-12.547859644397043,60.358712750077835,1.6592034622164846,fundamental,0.08
G_12,fret12,G,mid,42,attack,195.91999450417723,195.91999450417723,-12.07827304590517,63.356979026370325,1.740244641217678,fundamental,0.08
G_12,fret12,G,mid,42,stabilization,195.91999450417723,195.91999450417723,-11.970101414027557,61.53733694041818,1.740244641217678,fundamental,0.14
G_12,fret12,G,mid,42,body,195.91999450417723,195.91999450417723,-11.80766553024101,63.92762325053476,1.740244641217678,fundamental,0.4
G_12,fret12,G,mid,42,sustain,195.91999450417723,195.91999450417723,-11.503420224118289,62.23664726885538,1.740244641217678,fundamental,0.3
G_12,fret12,G,mid,42,decay,195.91999450417723,195.91999450417723,-14.10786129857566,59.68779421018629,1.740244641217678,fundamental,0.08
G_12,fret12,G,mid,43,attack,195.8930956687119,195.8930956687119,-10.928440522061326,61.83735616134686,1.6094795639088757,fundamental,0.08
G_12,fret12,G,mid,43,stabilization,195.8930956687119,195.8930956687119,-10.84412522821475,60.03456944242509,1.6094795639088757,fundamental,0.14
G_12,fret12,G,mid,43,body,195.8930956687119,195.8930956687119,-10.71662028430259,62.40744773593114,1.6094795639088757,fundamental,0.4
G_12,fret12,G,mid,43,sustain,195.8930956687119,195.8930956687119,-10.551246580301717,60.64894463307174,1.6094795639088757,fundamental,0.3
G_12,fret12,G,mid,43,decay,195.8930956687119,195.8930956687119,-10.124072438099224,60.92823894422631,1.6094795639088757,fundamental,0.08
G_12,fret12,G,mid,44,attack,195.9217539702694,195.9217539702694,-13.87925845900788,60.47859755801963,1.7315732333555136,fundamental,0.08
G_12,fret12,G,mid,44,stabilization,195.9217539702694,195.9217539702694,-13.7165781523781,58.72686834870636,1.7315732333555136,fundamental,0.14
G_12,fret12,G,mid,44,body,195.9217539702694,195.9217539702694,-13.582014516368844,61.08925388421147,1.7315732333555136,fundamental,0.4
G_12,fret12,G,mid,44,sustain,195.9217539702694,195.9217539702694,-13.295222214708309,59.3878012186467,1.7315732333555136,fundamental,0.3
G_12,fret12,G,mid,44,decay,195.9217539702694,195.9217539702694,-15.37152341031308,57.409693161427505,1.7315732333555136,fundamental,0.08
G_12,fret12,G,mid,45,attack,195.92529960117423,195.92529960117423,-13.208937453638768,59.309534848523136,1.892297213723653,fundamental,0.08
G_12,fret12,G,mid,45,stabilization,195.92529960117423,195.92529960117423,-12.501684461708937,57.5386582353043,1.892297213723653,fundamental,0.14
G_12,fret12,G,mid,45,body,195.92529960117423,195.92529960117423,-12.515121537426772,59.919756353725674,1.892297213723653,fundamental,0.4
G_12,fret12,G,mid,45,sustain,195.92529960117423,195.92529960117423,-12.43931056786051,58.133406163277925,1.892297213723653,fundamental,0.3
G_12,fret12,G,mid,45,decay,195.92529960117423,195.92529960117423,-12.277626838777657,58.401826622825354,1.892297213723653,fundamental,0.08
G_12,fret12,G,mid,46,attack,195.92919750389603,195.92919750389603,-12.992225352480752,61.36876015024217,1.6346808339846268,fundamental,0.08
G_12,fret12,G,mid,46,stabilization,195.92919750389603,195.92919750389603,-12.860296324640435,59.58671595536998,1.6346808339846268,fundamental,0.14
G_12,fret12,G,mid,46,body,195.92919750389603,195.92919750389603,-12.722691046177466,61.9409930647132,1.6346808339846268,fundamental,0.4
G_12,fret12,G,mid,46,sustain,195.92919750389603,195.92919750389603,-12.411229517959022,60.24916694870204,1.6346808339846268,fundamental,0.3
G_12,fret12,G,mid,46,decay,195.92919750389603,195.92919750389603,-13.011518562509472,59.49568987669578,1.6346808339846268,fundamental,0.08
G_12,fret12,G,mid,47,attack,195.92851139995275,195.92851139995275,-11.38705525103465,60.593127685458484,1.8383864296666228,fundamental,0.08
G_12,fret12,G,mid,47,stabilization,195.92851139995275,195.92851139995275,-11.23668759805578,58.813765014285835,1.8383864296666228,fundamental,0.14
G_12,fret12,G,mid,47,body,195.92851139995275,195.92851139995275,-11.009672120482264,61.22327361780489,1.8383864296666228,fundamental,0.4
G_12,fret12,G,mid,47,sustain,195.92851139995275,195.92851139995275,-10.851194211221769,59.42969814336166,1.8383864296666228,fundamental,0.3
G_12,fret12,G,mid,47,decay,195.92851139995275,195.92851139995275,-10.709243989088575,59.710803247982206,1.8383864296666228,fundamental,0.08
G_open,open,G,low,0,attack,97.89520726409307,97.89520726409307,-13.602955490439086,46.58340538832192,1.4737093622694757,fundamental,0.08
G_open,open,G,low,0,stabilization,97.89520726409307,97.89520726409307,-14.41068059812337,45.13756890407009,1.4737093622694757,fundamental,0.14
G_open,open,G,low,0,body,97.89520726409307,97.89520726409307,-14.011859226701908,49.86891702912943,1.4737093622694757,fundamental,0.4
G_open,open,G,low,0,sustain,97.89520726409307,97.89520726409307,-13.793714599417903,51.878641487746805,1.4737093622694757,fundamental,0.3
G_open,open,G,low,0,decay,97.89520726409307,97.89520726409307,-13.651922673737864,47.28738709069496,1.4737093622694757,fundamental,0.08
G_open,open,G,low,1,attack,97.85464349607561,97.85464349607561,-13.962728305127214,45.75796892507795,1.3240548012706572,fundamental,0.08
G_open,open,G,low,1,stabilization,97.85464349607561,97.85464349607561,-14.974707737059774,44.18848321912784,1.3240548012706572,fundamental,0.14
G_open,open,G,low,1,body,97.85464349607561,97.85464349607561,-14.63816366408637,48.667958059033865,1.3240548012706572,fundamental,0.4
G_open,open,G,low,1,sustain,97.85464349607561,97.85464349607561,-14.64717269317213,50.23321605494641,1.3240548012706572,fundamental,0.3
G_open,open,G,low,1,decay,97.85464349607561,97.85464349607561,-14.76474692795184,45.56629779296184,1.3240548012706572,fundamental,0.08
G_open,open,G,low,2,attack,97.90464175707578,97.90464175707578,-12.34244652557389,47.46013799189201,1.4589412224599343,fundamental,0.08
G_open,open,G,low,2,stabilization,97.90464175707578,97.90464175707578,-12.677836499262485,46.553283245909626,1.4589412224599343,fundamental,0.14
G_open,open,G,low,2,body,97.90464175707578,97.90464175707578,-11.950667070564258,51.34108962985454,1.4589412224599343,fundamental,0.4
G_open,open,G,low,2,sustain,97.90464175707578,97.90464175707578,-11.471081493019971,53.693444603117214,1.4589412224599343,fundamental,0.3
G_open,open,G,low,2,decay,97.90464175707578,97.90464175707578,-11.562417891706971,48.855871328847066,1.4589412224599343,fundamental,0.08
G_open,open,G,low,3,attack,97.88403055463809,97.88403055463809,-9.087153957176833,49.802385453381255,1.3686977700128775,fundamental,0.08
G_open,open,G,low,3,stabilization,97.88403055463809,97.88403055463809,-9.703083441939055,48.7421766813372,1.3686977700128775,fundamental,0.14
G_open,open,G,low,3,body,97.88403055463809,97.88403055463809,-9.666429995655555,53.108639144531544,1.3686977700128775,fundamental,0.4
G_open,open,G,low,3,sustain,97.88403055463809,97.88403055463809,-9.457675947461446,54.935300865764475,1.3686977700128775,fundamental,0.3
G_open,open,G,low,3,decay,97.88403055463809,97.88403055463809,-8.66843828388101,50.19638488432179,1.3686977700128775,fundamental,0.08
G_open,open,G,low,4,attack,97.88185792948012,97.88185792948012,-7.161514038515321,48.63081271195305,1.351336930014815,fundamental,0.08
G_open,open,G,low,4,stabilization,97.88185792948012,97.88185792948012,-7.853603944473093,47.65357925907453,1.351336930014815,fundamental,0.14
G_open,open,G,low,4,body,97.88185792948012,97.88185792948012,-7.423624486372986,52.23544108007118,1.351336930014815,fundamental,0.4
G_open,open,G,low,4,sustain,97.88185792948012,97.88185792948012,-7.347014823313216,54.149784347971746,1.351336930014815,fundamental,0.3
G_open,open,G,low,4,decay,97.88185792948012,97.88185792948012,-7.72739146913824,49.13909481480335,1.351336930014815,fundamental,0.08
G_open,open,G,low,5,attack,97.86894429446826,97.86894429446826,-12.89187820485185,47.57423206112166,1.2280605757772942,fundamental,0.08
G_open,open,G,low,5,stabilization,97.86894429446826,97.86894429446826,-13.405545800680414,46.389636443140624,1.2280605757772942,fundamental,0.14
G_open,open,G,low,5,body,97.86894429446826,97.86894429446826,-13.316861368074685,50.713324686374094,1.2280605757772942,fundamental,0.4
G_open,open,G,low,5,sustain,97.86894429446826,97.86894429446826,-13.299233244576904,52.354685850609584,1.2280605757772942,fundamental,0.3
G_open,open,G,low,5,decay,97.86894429446826,97.86894429446826,-13.35452858800025,47.66785879803225,1.2280605757772942,fundamental,0.08
G_open,open,G,low,6,attack,97.87567376529158,97.87567376529158,-17.25415137286437,43.16800825912286,1.557669285777895,fundamental,0.08
G_open,open,G,low,6,stabilization,97.87567376529158,97.87567376529158,-17.584869766438196,42.165290367971174,1.557669285777895,fundamental,0.14
G_open,open,G,low,6,body,97.87567376529158,97.87567376529158,-16.518268402537608,47.31351173617979,1.557669285777895,fundamental,0.4
G_open,open,G,low,6,sustain,97.87567376529158,97.87567376529158,-15.829691504856314,49.671241957826815,1.557669285777895,fundamental,0.3
G_open,open,G,low,6,decay,97.87567376529158,97.87567376529158,-15.602706385050006,45.31882777099329,1.557669285777895,fundamental,0.08
G_open,open,G,low,7,attack,97.89479646951828,97.89479646951828,-13.624227654697629,44.969089048111,1.338520408280773,fundamental,0.08
G_open,open,G,low,7,stabilization,97.89479646951828,97.89479646951828,-14.5404834090251,43.86474917050019,1.338520408280773,fundamental,0.14
G_open,open,G,low,7,body,97.89479646951828,97.89479646951828,-14.017291504303117,48.49335063103022,1.338520408280773,fundamental,0.4
G_open,open,G,low,7,sustain,97.89479646951828,97.89479646951828,-13.663902503163726,50.60455264645186,1.338520408280773,fundamental,0.3
G_open,open,G,low,7,decay,97.89479646951828,97.89479646951828,-13.53456583307596,45.96971106243166,1.338520408280773,fundamental,0.08
G_open,open,G,low,8,attack,97.8957754691411,97.8957754691411,-11.219161886740116,46.569784250558754,1.271071502324582,fundamental,0.08
G_open,open,G,low,8,stabilization,97.8957754691411,97.8957754691411,-11.263983357145698,45.716469949378734,1.271071502324582,fundamental,0.14
G_open,open,G,low,8,body,97.8957754691411,97.8957754691411,-10.619102857929748,50.65188325981111,1.271071502324582,fundamental,0.4
G_open,open,G,low,8,sustain,97.8957754691411,97.8957754691411,-10.104716472219607,52.98587819871721,1.271071502324582,fundamental,0.3
G_open,open,G,low,8,decay,97.8957754691411,97.8957754691411,-9.900698549435262,48.281904285064805,1.271071502324582,fundamental,0.08
G_open,open,G,low,9,attack,97.90887580836014,97.90887580836014,-15.896687913542898,43.516961752108244,1.371460325697614,fundamental,0.08
G_open,open,G,low,9,stabilization,97.90887580836014,97.90887580836014,-16.830986476419902,42.04324504220655,1.371460325697614,fundamental,0.14
G_open,open,G,low,9,body,97.90887580836014,97.90887580836014,-16.172859775884305,46.87088510943998,1.371460325697614,fundamental,0.4
G_open,open,G,low,9,sustain,97.90887580836014,97.90887580836014,-15.901879354483306,49.00254643722218,1.371460325697614,fundamental,0.3
G_open,open,G,low,9,decay,97.90887580836014,97.90887580836014,-15.793668752464429,44.39985678668816,1.371460325697614,fundamental,0.08
G_open,open,G,low,10,attack,97.9020623994062,97.9020623994062,-7.702910212000916,47.329157644582494,1.2944004678271608,fundamental,0.08
G_open,open,G,low,10,stabilization,97.9020623994062,97.9020623994062,-7.019303726841528,46.51577812403919,1.2944004678271608,fundamental,0.14
G_open,open,G,low,10,body,97.9020623994062,97.9020623994062,-6.569451185452884,51.16020279805362,1.2944004678271608,fundamental,0.4
G_open,open,G,low,10,sustain,97.9020623994062,97.9020623994062,-6.384402083308601,53.19536800560622,1.2944004678271608,fundamental,0.3
G_open,open,G,low,10,decay,97.9020623994062,97.9020623994062,-6.4169084327117645,48.541190405152506,1.2944004678271608,fundamental,0.08
G_open,open,G,low,11,attack,97.88490837869885,97.88490837869885,-8.900123460224698,48.29651899335839,1.1730103788218906,fundamental,0.08
G_open,open,G,low,11,stabilization,97.88490837869885,97.88490837869885,-9.147468215523643,47.53801251307972,1.1730103788218906,fundamental,0.14
G_open,open,G,low,11,body,97.88490837869885,97.88490837869885,-9.119045247872528,51.84378815556582,1.1730103788218906,fundamental,0.4
G_open,open,G,low,11,sustain,97.88490837869885,97.88490837869885,-9.15350818763794,53.60375589430704,1.1730103788218906,fundamental,0.3
G_open,open,G,low,11,decay,97.88490837869885,97.88490837869885,-9.278937986156322,48.85523328852018,1.1730103788218906,fundamental,0.08
G_open,open,G,low,12,attack,97.89689987312606,97.89689987312606,-9.304461507309805,47.07559913967921,1.4059831625144426,fundamental,0.08
G_open,open,G,low,12,stabilization,97.89689987312606,97.89689987312606,-10.093487219115032,45.96815765369224,1.4059831625144426,fundamental,0.14
G_open,open,G,low,12,body,97.89689987312606,97.89689987312606,-9.858108223786694,50.503454242604036,1.4059831625144426,fundamental,0.4
G_open,open,G,low,12,sustain,97.89689987312606,97.89689987312606,-9.77343795803874,52.499457924066775,1.4059831625144426,fundamental,0.3
G_open,open,G,low,12,decay,97.89689987312606,97.89689987312606,-9.731378432032932,47.93971548389569,1.4059831625144426,fundamental,0.08
G_open,open,G,low,13,attack,97.88348896607884,97.88348896607884,-8.572139990847823,50.388629179418686,1.1292570592272773,fundamental,0.08
G_open,open,G,low,13,stabilization,97.88348896607884,97.88348896607884,-9.046442972617704,49.40415025612051,1.1292570592272773,fundamental,0.14
G_open,open,G,low,13,body,97.88348896607884,97.88348896607884,-9.050588213046318,53.64601331540475,1.1292570592272773,fundamental,0.4
G_open,open,G,low,13,sustain,97.88348896607884,97.88348896607884,-9.205069755864804,55.27392309566987,1.1292570592272773,fundamental,0.3
G_open,open,G,low,13,decay,97.88348896607884,97.88348896607884,-9.359290932098569,50.51552185731496,1.1292570592272773,fundamental,0.08
G_open,open,G,low,14,attack,97.88278942870191,97.88278942870191,-10.002914461584872,49.05149650294344,0.9918828793855612,fundamental,0.08
G_open,open,G,low,14,stabilization,97.88278942870191,97.88278942870191,-10.343844841427972,48.14807468648678,0.9918828793855612,fundamental,0.14
G_open,open,G,low,14,body,97.88278942870191,97.88278942870191,-9.810193331259365,52.7227945842428,0.9918828793855612,fundamental,0.4
G_open,open,G,low,14,sustain,97.88278942870191,97.88278942870191,-9.517969960603509,54.67723226598966,0.9918828793855612,fundamental,0.3
G_open,open,G,low,14,decay,97.88278942870191,97.88278942870191,-6.507419602607385,50.03814712871974,0.9918828793855612,fundamental,0.08
G_open,open,G,low,15,attack,97.90073875908622,97.90073875908622,-9.350572421047673,48.422518506949096,1.2614907380089972,fundamental,0.08
G_open,open,G,low,15,stabilization,97.90073875908622,97.90073875908622,-9.403596378456337,47.458020878396994,1.2614907380089972,fundamental,0.14
G_open,open,G,low,15,body,97.90073875908622,97.90073875908622,-8.85284867219562,52.008064180490585,1.2614907380089972,fundamental,0.4
G_open,open,G,low,15,sustain,97.90073875908622,97.90073875908622,-8.562414940356618,54.038723120556355,1.2614907380089972,fundamental,0.3
G_open,open,G,low,15,decay,97.90073875908622,97.90073875908622,-8.449228084839746,49.42498968441804,1.2614907380089972,fundamental,0.08
G_open,open,G,low,16,attack,97.88368752709874,97.88368752709874,-9.922061013778986,49.15385445556423,1.04374340229398,fundamental,0.08
G_open,open,G,low,16,stabilization,97.88368752709874,97.88368752709874,-10.270767103225625,48.27098290419282,1.04374340229398,fundamental,0.14
G_open,open,G,low,16,body,97.88368752709874,97.88368752709874,-10.016498746532328,52.59672549421918,1.04374340229398,fundamental,0.4
G_open,open,G,low,16,sustain,97.88368752709874,97.88368752709874,-9.852389651627426,54.40487827434407,1.04374340229398,fundamental,0.3
G_open,open,G,low,16,decay,97.88368752709874,97.88368752709874,-9.958756103160049,49.4147547435811,1.04374340229398,fundamental,0.08
G_open,open,G,low,17,attack,97.91125200706794,97.91125200706794,-7.266487130161316,46.352903411576094,1.4047084985379366,fundamental,0.08
G_open,open,G,low,17,stabilization,97.91125200706794,97.91125200706794,-7.156890310284318,45.50488316969768,1.4047084985379366,fundamental,0.14
G_open,open,G,low,17,body,97.91125200706794,97.91125200706794,-6.405763358801671,50.35304980264956,1.4047084985379366,fundamental,0.4
G_open,open,G,low,17,sustain,97.91125200706794,97.91125200706794,-6.06849067143218,52.66447874384053,1.4047084985379366,fundamental,0.3
G_open,open,G,low,17,decay,97.91125200706794,97.91125200706794,-5.971349453913135,48.21329506184905,1.4047084985379366,fundamental,0.08
G_open,open,G,low,18,attack,97.89920341506557,97.89920341506557,-13.838729213658382,46.15353650866342,1.3500924484481729,fundamental,0.08
G_open,open,G,low,18,stabilization,97.89920341506557,97.89920341506557,-14.227196351534444,45.13620050786963,1.3500924484481729,fundamental,0.14
G_open,open,G,low,18,body,97.89920341506557,97.89920341506557,-13.77133376785028,49.761677615346684,1.3500924484481729,fundamental,0.4
G_open,open,G,low,18,sustain,97.89920341506557,97.89920341506557,-13.396799107430702,51.93398649244246,1.3500924484481729,fundamental,0.3
G_open,open,G,low,18,decay,97.89920341506557,97.89920341506557,-14.161404466283573,46.50406994662658,1.3500924484481729,fundamental,0.08
G_open,open,G,low,19,attack,97.90252721717084,97.90252721717084,-4.92440685069402,47.00577109078651,1.3954504603490114,fundamental,0.08
G_open,open,G,low,19,stabilization,97.90252721717084,97.90252721717084,-5.936591324471543,46.00732736420003,1.3954504603490114,fundamental,0.14
G_open,open,G,low,19,body,97.90252721717084,97.90252721717084,-5.449654031337119,50.53198931098155,1.3954504603490114,fundamental,0.4
G_open,open,G,low,19,sustain,97.90252721717084,97.90252721717084,-5.425092796858472,52.53242072625072,1.3954504603490114,fundamental,0.3
G_open,open,G,low,19,decay,97.90252721717084,97.90252721717084,-6.284446403066497,47.130314854296415,1.3954504603490114,fundamental,0.08
G_open,open,G,low,20,attack,97.92021698660913,97.92021698660913,-7.463906869358837,45.417157794592434,1.291492542963449,fundamental,0.08
G_open,open,G,low,20,stabilization,97.92021698660913,97.92021698660913,-7.847451253021482,44.32593688688779,1.291492542963449,fundamental,0.14
G_open,open,G,low,20,body,97.92021698660913,97.92021698660913,-7.44771051037678,49.00516847907329,1.291492542963449,fundamental,0.4
G_open,open,G,low,20,sustain,97.92021698660913,97.92021698660913,-7.342963133441884,51.37615890618525,1.291492542963449,fundamental,0.3
G_open,open,G,low,20,decay,97.92021698660913,97.92021698660913,-6.963589151487,46.82121603715183,1.291492542963449,fundamental,0.08
G_open,open,G,low,21,attack,97.89947694430766,97.89947694430766,-10.09342012806718,47.00378639687009,1.3651714941773223,fundamental,0.08
G_open,open,G,low,21,stabilization,97.89947694430766,97.89947694430766,-10.375850829382848,46.221461908626715,1.3651714941773223,fundamental,0.14
G_open,open,G,low,21,body,97.89947694430766,97.89947694430766,-9.888094200811032,50.86127410501396,1.3651714941773223,fundamental,0.4
G_open,open,G,low,21,sustain,97.89947694430766,97.89947694430766,-9.86484323764342,52.935940355814395,1.3651714941773223,fundamental,0.3
G_open,open,G,low,21,decay,97.89947694430766,97.89947694430766,-10.214242981813356,48.035827049672065,1.3651714941773223,fundamental,0.08
G_open,open,G,low,22,attack,97.8934242447592,97.8934242447592,-7.939055129762764,46.35207067993151,1.292385023357855,fundamental,0.08
G_open,open,G,low,22,stabilization,97.8934242447592,97.8934242447592,-7.446666086652669,45.05446802030402,1.292385023357855,fundamental,0.14
G_open,open,G,low,22,body,97.8934242447592,97.8934242447592,-7.302522777292097,49.174376538826586,1.292385023357855,fundamental,0.4
G_open,open,G,low,22,sustain,97.8934242447592,97.8934242447592,-7.67060768945143,50.669738558714,1.292385023357855,fundamental,0.3
G_open,open,G,low,22,decay,97.8934242447592,97.8934242447592,-7.843311900390724,45.72042025145678,1.292385023357855,fundamental,0.08
G_open,open,G,low,23,attack,97.91238735470468,97.91238735470468,-11.688395329772,45.95657577371883,1.4997118085376329,fundamental,0.08
G_open,open,G,low,23,stabilization,97.91238735470468,97.91238735470468,-11.87002663714231,45.1111867157398,1.4997118085376329,fundamental,0.14
G_open,open,G,low,23,body,97.91238735470468,97.91238735470468,-11.360786485753032,49.79544974963577,1.4997118085376329,fundamental,0.4
G_open,open,G,low,23,sustain,97.91238735470468,97.91238735470468,-10.972820086211833,52.07205456665013,1.4997118085376329,fundamental,0.3
G_open,open,G,low,23,decay,97.91238735470468,97.91238735470468,-10.3214384025215,47.271582999542915,1.4997118085376329,fundamental,0.08
G_open,open,G,low,24,attack,97.89118966756536,97.89118966756536,1.2553837289779182,44.5588877973856,1.452368122836919,fundamental,0.08
G_open,open,G,low,24,stabilization,97.89118966756536,97.89118966756536,-1.398501270043873,43.65658338366774,1.452368122836919,fundamental,0.14
G_open,open,G,low,24,body,97.89118966756536,97.89118966756536,-2.110457929796091,48.264818822737,1.452368122836919,fundamental,0.4
G_open,open,G,low,24,sustain,97.89118966756536,97.89118966756536,-2.435922820729772,50.221922986962596,1.452368122836919,fundamental,0.3
G_open,open,G,low,24,decay,97.89118966756536,97.89118966756536,-3.413958702746676,44.94354951419534,1.452368122836919,fundamental,0.08
G_open,open,G,low,25,attack,97.89153302969471,97.89153302969471,-6.660290215844412,47.98261845281858,1.2279930049027314,fundamental,0.08
G_open,open,G,low,25,stabilization,97.89153302969471,97.89153302969471,-6.866198251315623,47.067388064826034,1.2279930049027314,fundamental,0.14
G_open,open,G,low,25,body,97.89153302969471,97.89153302969471,-6.52474900736113,51.62089137676678,1.2279930049027314,fundamental,0.4
G_open,open,G,low,25,sustain,97.89153302969471,97.89153302969471,-6.575579877543298,53.61771248721596,1.2279930049027314,fundamental,0.3
G_open,open,G,low,25,decay,97.89153302969471,97.89153302969471,-6.601987850890694,49.04653568019357,1.2279930049027314,fundamental,0.08
G_open,open,G,low,26,attack,97.89853317134292,97.89853317134292,-11.10668972972659,45.69153374762229,1.3020350431539898,fundamental,0.08
G_open,open,G,low,26,stabilization,97.89853317134292,97.89853317134292,-10.999868141519954,44.68157206972005,1.3020350431539898,fundamental,0.14
G_open,open,G,low,26,body,97.89853317134292,97.89853317134292,-10.570857384766086,49.31815572926629,1.3020350431539898,fundamental,0.4
G_open,open,G,low,26,sustain,97.89853317134292,97.89853317134292,-10.229644930079232,51.4838195030418,1.3020350431539898,fundamental,0.3
G_open,open,G,low,26,decay,97.89853317134292,97.89853317134292,-11.634413405798725,45.52437865404116,1.3020350431539898,fundamental,0.08
G_open,open,G,low,27,attack,97.91227883213656,97.91227883213656,-10.049264184577716,44.270844957672594,1.4770563575470066,fundamental,0.08
G_open,open,G,low,27,stabilization,97.91227883213656,97.91227883213656,-10.618072218559526,43.43201011786883,1.4770563575470066,fundamental,0.14
G_open,open,G,low,27,body,97.91227883213656,97.91227883213656,-9.870119849912207,48.211176680715575,1.4770563575470066,fundamental,0.4
G_open,open,G,low,27,sustain,97.91227883213656,97.91227883213656,-9.473389024421358,50.49771783615034,1.4770563575470066,fundamental,0.3
G_open,open,G,low,27,decay,97.91227883213656,97.91227883213656,-9.572945749801969,45.83227101770176,1.4770563575470066,fundamental,0.08
G_open,open,G,low,28,attack,97.93027931332988,97.93027931332988,-20.626475595545585,34.31653858610137,1.7079863703863485,fundamental,0.08
G_open,open,G,low,28,stabilization,97.93027931332988,97.93027931332988,-20.999958603704272,32.30263510853817,1.7079863703863485,fundamental,0.14
G_open,open,G,low,28,body,97.93027931332988,97.93027931332988,-19.548865587851147,37.84970235100798,1.7079863703863485,fundamental,0.4
G_open,open,G,low,28,sustain,97.93027931332988,97.93027931332988,-18.821700020249352,40.66942589816084,1.7079863703863485,fundamental,0.3
G_open,open,G,low,28,decay,97.93027931332988,97.93027931332988,-18.0414539806534,36.26287484917184,1.7079863703863485,fundamental,0.08
G_open,open,G,low,29,attack,97.9006432661412,97.9006432661412,-10.148590268977827,46.11450391671267,1.4411792750149943,fundamental,0.08
G_open,open,G,low,29,stabilization,97.9006432661412,97.9006432661412,-10.559992663443154,45.238001304026454,1.4411792750149943,fundamental,0.14
G_open,open,G,low,29,body,97.9006432661412,97.9006432661412,-10.180805339146032,50.03223143343125,1.4411792750149943,fundamental,0.4
G_open,open,G,low,29,sustain,97.9006432661412,97.9006432661412,-9.873310157660184,52.31781946775926,1.4411792750149943,fundamental,0.3
G_open,open,G,low,29,decay,97.9006432661412,97.9006432661412,-9.944810226158763,47.60978900043488,1.4411792750149943,fundamental,0.08
G_open,open,G,low,30,attack,97.84376276027737,97.84376276027737,-10.895282981323511,39.856020179843725,1.2188148891584407,fundamental,0.08
G_open,open,G,low,30,stabilization,97.84376276027737,97.84376276027737,-10.801374644277216,38.27169027525488,1.2188148891584407,fundamental,0.14
G_open,open,G,low,30,body,97.84376276027737,97.84376276027737,-8.918846610106947,43.665754602037794,1.2188148891584407,fundamental,0.4
G_open,open,G,low,30,sustain,97.84376276027737,97.84376276027737,-7.688888598118766,46.233596213944296,1.2188148891584407,fundamental,0.3
G_open,open,G,low,30,decay,97.84376276027737,97.84376276027737,-7.209083867940528,42.02941803704033,1.2188148891584407,fundamental,0.08
G_open,open,G,low,31,attack,97.90563201809566,97.90563201809566,-7.941369633120125,45.826015024321514,1.3533848771258494,fundamental,0.08
G_open,open,G,low,31,stabilization,97.90563201809566,97.90563201809566,-7.889244413271264,44.96136597625933,1.3533848771258494,fundamental,0.14
G_open,open,G,low,31,body,97.90563201809566,97.90563201809566,-7.643529939277336,49.605014582450806,1.3533848771258494,fundamental,0.4
G_open,open,G,low,31,sustain,97.90563201809566,97.90563201809566,-7.457367875884259,51.798809749154,1.3533848771258494,fundamental,0.3
G_open,open,G,low,31,decay,97.90563201809566,97.90563201809566,-7.49770132736824,47.27479721787584,1.3533848771258494,fundamental,0.08
G_open,open,G,low,32,attack,97.88720644655953,97.88720644655953,-9.3923104043389,47.74696480368402,1.3305421857034248,fundamental,0.08
G_open,open,G,low,32,stabilization,97.88720644655953,97.88720644655953,-10.525666395997142,46.14457027559105,1.3305421857034248,fundamental,0.14
G_open,open,G,low,32,body,97.88720644655953,97.88720644655953,-10.30970500194212,50.400008388349974,1.3305421857034248,fundamental,0.4
G_open,open,G,low,32,sustain,97.88720644655953,97.88720644655953,-10.410849774395928,51.95184448042043,1.3305421857034248,fundamental,0.3
G_open,open,G,low,32,decay,97.88720644655953,97.88720644655953,-10.869743828961084,46.94778669674454,1.3305421857034248,fundamental,0.08
G_open,open,G,low,33,attack,97.91547523689435,97.91547523689435,-7.205249317295049,42.82133552998242,1.4357084167225798,fundamental,0.08
G_open,open,G,low,33,stabilization,97.91547523689435,97.91547523689435,-6.393546293878174,41.97354925804485,1.4357084167225798,fundamental,0.14
G_open,open,G,low,33,body,97.91547523689435,97.91547523689435,-5.343237299020203,46.968580448994274,1.4357084167225798,fundamental,0.4
G_open,open,G,low,33,sustain,97.91547523689435,97.91547523689435,-4.788787449740255,49.428341950374204,1.4357084167225798,fundamental,0.3
G_open,open,G,low,33,decay,97.91547523689435,97.91547523689435,-4.446615618294274,44.88524072032233,1.4357084167225798,fundamental,0.08
G_open,open,G,low,34,attack,97.9147161840536,97.9147161840536,-12.26153408545256,44.495692140996226,1.379663597763767,fundamental,0.08
G_open,open,G,low,34,stabilization,97.9147161840536,97.9147161840536,-12.239318037445038,43.81449780555831,1.379663597763767,fundamental,0.14
G_open,open,G,low,34,body,97.9147161840536,97.9147161840536,-11.417207768350494,48.891770474956324,1.379663597763767,fundamental,0.4
G_open,open,G,low,34,sustain,97.9147161840536,97.9147161840536,-10.829001798902055,51.501775633909894,1.379663597763767,fundamental,0.3
G_open,open,G,low,34,decay,97.9147161840536,97.9147161840536,-9.08352173558132,46.82584966431113,1.379663597763767,fundamental,0.08
G_open,open,G,low,35,attack,97.88236272415416,97.88236272415416,-12.897868502173466,41.88732121688657,1.254152869166182,fundamental,0.08
G_open,open,G,low,35,stabilization,97.88236272415416,97.88236272415416,-13.579173265340271,40.44489841599906,1.254152869166182,fundamental,0.14
G_open,open,G,low,35,body,97.88236272415416,97.88236272415416,-13.228225000208056,44.99226014243143,1.254152869166182,fundamental,0.4
G_open,open,G,low,35,sustain,97.88236272415416,97.88236272415416,-12.91495183005523,47.004211312829014,1.254152869166182,fundamental,0.3
G_open,open,G,low,35,decay,97.88236272415416,97.88236272415416,-13.156369896939673,41.8197050242171,1.254152869166182,fundamental,0.08
G_open,open,G,low,36,attack,97.9159915674517,97.9159915674517,-7.266515114967554,46.721538119674676,1.4647426949561295,fundamental,0.08
G_open,open,G,low,36,stabilization,97.9159915674517,97.9159915674517,-7.453563764309848,45.98860006633964,1.4647426949561295,fundamental,0.14
G_open,open,G,low,36,body,97.9159915674517,97.9159915674517,-6.909814536289538,50.64682137589122,1.4647426949561295,fundamental,0.4
G_open,open,G,low,36,sustain,97.9159915674517,97.9159915674517,-6.537330348279866,52.89597739644802,1.4647426949561295,fundamental,0.3
G_open,open,G,low,36,decay,97.9159915674517,97.9159915674517,-6.394369529735606,48.451918354428535,1.4647426949561295,fundamental,0.08
G_open,open,G,low,37,attack,97.90380236642211,97.90380236642211,-3.546312058399863,47.16180862793844,2.0512101972291954,fundamental,0.08
G_open,open,G,low,37,stabilization,97.90380236642211,97.90380236642211,-4.626398067490911,46.29306327187987,2.0512101972291954,fundamental,0.14
G_open,open,G,low,37,body,97.90380236642211,97.90380236642211,-4.460736820498269,51.058765879727304,2.0512101972291954,fundamental,0.4
G_open,open,G,low,37,sustain,97.90380236642211,97.90380236642211,-3.876452508607521,53.115801246417476,2.0512101972291954,fundamental,0.3
G_open,open,G,low,37,decay,97.90380236642211,97.90380236642211,-3.6666646042821194,48.5654367978644,2.0512101972291954,fundamental,0.08
G_open,open,G,low,38,attack,97.90212672516225,97.90212672516225,-11.72447985756606,46.02764089904676,1.547516350685208,fundamental,0.08
G_open,open,G,low,38,stabilization,97.90212672516225,97.90212672516225,-12.174282584903011,45.22810458662732,1.547516350685208,fundamental,0.14
G_open,open,G,low,38,body,97.90212672516225,97.90212672516225,-11.704909468541771,49.87594269039488,1.547516350685208,fundamental,0.4
G_open,open,G,low,38,sustain,97.90212672516225,97.90212672516225,-11.415543982312188,51.981626459604335,1.547516350685208,fundamental,0.3
G_open,open,G,low,38,decay,97.90212672516225,97.90212672516225,-12.265653484611184,46.45722969694926,1.547516350685208,fundamental,0.08
G_open,open,G,low,39,attack,97.91418347156349,97.91418347156349,-7.435679414133411,47.85315042453407,1.4681017305198445,fundamental,0.08
G_open,open,G,low,39,stabilization,97.91418347156349,97.91418347156349,-7.090110399237865,46.84963054980301,1.4681017305198445,fundamental,0.14
G_open,open,G,low,39,body,97.91418347156349,97.91418347156349,-6.721216641267787,51.360863447008015,1.4681017305198445,fundamental,0.4
G_open,open,G,low,39,sustain,97.91418347156349,97.91418347156349,-6.625483764839402,53.34417758669053,1.4681017305198445,fundamental,0.3
G_open,open,G,low,39,decay,97.91418347156349,97.91418347156349,-6.565323957892275,48.76696509876376,1.4681017305198445,fundamental,0.08
G_open,open,G,low,40,attack,97.93048982411793,97.93048982411793,-4.721016729133474,44.70151135379329,1.5672060132200836,fundamental,0.08
G_open,open,G,low,40,stabilization,97.93048982411793,97.93048982411793,-9.525542143120106,45.04128039240574,1.5672060132200836,fundamental,0.14
G_open,open,G,low,40,body,97.93048982411793,97.93048982411793,-9.542496267230897,49.38995918913345,1.5672060132200836,fundamental,0.4
G_open,open,G,low,40,sustain,97.93048982411793,97.93048982411793,-9.210340804508917,51.62980661825007,1.5672060132200836,fundamental,0.3
G_open,open,G,low,40,decay,97.93048982411793,97.93048982411793,-9.050500140009524,47.09480248318682,1.5672060132200836,fundamental,0.08
G_open,open,G,low,41,attack,97.90249783220284,97.90249783220284,-9.001988770736986,41.63383764384638,1.697291166591664,fundamental,0.08
G_open,open,G,low,41,stabilization,97.90249783220284,97.90249783220284,-9.504724312464909,40.309215521518986,1.697291166591664,fundamental,0.14
G_open,open,G,low,41,body,97.90249783220284,97.90249783220284,-9.489115559041103,44.87239458482527,1.697291166591664,fundamental,0.4
G_open,open,G,low,41,sustain,97.90249783220284,97.90249783220284,-9.43085656301865,46.9307449281835,1.697291166591664,fundamental,0.3
G_open,open,G,low,41,decay,97.90249783220284,97.90249783220284,-6.7388085119223575,41.32583613979959,1.697291166591664,fundamental,0.08
G_open,open,G,low,42,attack,97.91081442341853,97.91081442341853,-12.743632735436124,44.38327536231964,1.415663080156181,fundamental,0.08
G_open,open,G,low,42,stabilization,97.91081442341853,97.91081442341853,-13.099741930299343,43.60670807274238,1.415663080156181,fundamental,0.14
G_open,open,G,low,42,body,97.91081442341853,97.91081442341853,-12.547599708818469,48.35748081038689,1.415663080156181,fundamental,0.4
G_open,open,G,low,42,sustain,97.91081442341853,97.91081442341853,-12.135408466261543,50.6158907679646,1.415663080156181,fundamental,0.3
G_open,open,G,low,42,decay,97.91081442341853,97.91081442341853,-11.925951046863888,46.14549232212528,1.415663080156181,fundamental,0.08
G_open,open,G,low,43,attack,97.91103061148317,97.91103061148317,-12.593299145850215,44.45124112888744,1.3367305497332262,fundamental,0.08
G_open,open,G,low,43,stabilization,97.91103061148317,97.91103061148317,-12.404326140714446,43.71654893420779,1.3367305497332262,fundamental,0.14
G_open,open,G,low,43,body,97.91103061148317,97.91103061148317,-11.78539693745359,48.430863806995596,1.3367305497332262,fundamental,0.4
G_open,open,G,low,43,sustain,97.91103061148317,97.91103061148317,-11.133377790851384,50.74985558881743,1.3367305497332262,fundamental,0.3
G_open,open,G,low,43,decay,97.91103061148317,97.91103061148317,-10.972247933368095,46.16586763046506,1.3367305497332262,fundamental,0.08
G_open,open,G,low,44,attack,97.91312184463582,97.91312184463582,-14.354076219522817,45.468614880937395,1.547561005511894,fundamental,0.08
G_open,open,G,low,44,stabilization,97.91312184463582,97.91312184463582,-14.76970166739914,44.574839519428636,1.547561005511894,fundamental,0.14
G_open,open,G,low,44,body,97.91312184463582,97.91312184463582,-14.382889041141624,49.12399856980101,1.547561005511894,fundamental,0.4
G_open,open,G,low,44,sustain,97.91312184463582,97.91312184463582,-14.21826603483219,51.12207454902652,1.547561005511894,fundamental,0.3
G_open,open,G,low,44,decay,97.91312184463582,97.91312184463582,-14.17130095568519,46.2649739580156,1.547561005511894,fundamental,0.08
G_open,open,G,low,45,attack,97.91125563383841,97.91125563383841,-5.837771833241,46.700112569458284,1.4142383056508712,fundamental,0.08
G_open,open,G,low,45,stabilization,97.91125563383841,97.91125563383841,-5.4485911538440845,45.83665279880489,1.4142383056508712,fundamental,0.14
G_open,open,G,low,45,body,97.91125563383841,97.91125563383841,-5.044238511144464,50.30338657131288,1.4142383056508712,fundamental,0.4
G_open,open,G,low,45,sustain,97.91125563383841,97.91125563383841,-5.030258157785639,52.284773089087764,1.4142383056508712,fundamental,0.3
G_open,open,G,low,45,decay,97.91125563383841,97.91125563383841,-5.124448522812898,47.097736536584286,1.4142383056508712,fundamental,0.08
G_open,open,G,low,46,attack,97.88611145380045,97.88611145380045,-15.454774766847336,44.01053068485554,1.707461057958277,fundamental,0.08
G_open,open,G,low,46,stabilization,97.88611145380045,97.88611145380045,-15.697317478942878,43.23509566600195,1.707461057958277,fundamental,0.14
G_open,open,G,low,46,body,97.88611145380045,97.88611145380045,-15.64407731950822,47.399649566229265,1.707461057958277,fundamental,0.4
G_open,open,G,low,46,sustain,97.88611145380045,97.88611145380045,-15.83361106159201,48.86127800786859,1.707461057958277,fundamental,0.3
G_open,open,G,low,46,decay,97.88611145380045,97.88611145380045,-16.13512633539269,43.78818160837935,1.707461057958277,fundamental,0.08
G_open,open,G,low,47,attack,97.8991080025155,97.8991080025155,-6.63318039533916,46.99150265944262,1.2689140356475044,fundamental,0.08
G_open,open,G,low,47,stabilization,97.8991080025155,97.8991080025155,-6.8276692025556684,45.998819142694295,1.2689140356475044,fundamental,0.14
G_open,open,G,low,47,body,97.8991080025155,97.8991080025155,-6.4245317362093886,50.59583792255895,1.2689140356475044,fundamental,0.4
G_open,open,G,low,47,sustain,97.8991080025155,97.8991080025155,-6.1849076874107,52.607740895396304,1.2689140356475044,fundamental,0.3
G_open,open,G,low,47,decay,97.8991080025155,97.8991080025155,-6.184655420222967,47.9794197262912,1.2689140356475044,fundamental,0.08
G_open,open,G,low,48,attack,97.92239087419999,97.92239087419999,-8.998417628563267,46.510944270345405,1.5780535862641225,fundamental,0.08
G_open,open,G,low,48,stabilization,97.92239087419999,97.92239087419999,-9.680617523349028,45.63828727797383,1.5780535862641225,fundamental,0.14
G_open,open,G,low,48,body,97.92239087419999,97.92239087419999,-9.391886970227546,50.07922225056602,1.5780535862641225,fundamental,0.4
G_open,open,G,low,48,sustain,97.92239087419999,97.92239087419999,-9.458939695981812,52.03548942554169,1.5780535862641225,fundamental,0.3
G_open,open,G,low,48,decay,97.92239087419999,97.92239087419999,-9.519960404353,47.361568779956016,1.5780535862641225,fundamental,0.08
G_open,open,G,low,49,attack,97.91086182660686,97.91086182660686,-6.582397880376512,45.76897021748775,1.7601513161666196,fundamental,0.08
G_open,open,G,low,49,stabilization,97.91086182660686,97.91086182660686,-12.108771114616026,44.91173750628106,1.7601513161666196,fundamental,0.14
G_open,open,G,low,49,body,97.91086182660686,97.91086182660686,-11.726993999555702,49.54927272159493,1.7601513161666196,fundamental,0.4
G_open,open,G,low,49,sustain,97.91086182660686,97.91086182660686,-11.155448574854375,51.849213274944454,1.7601513161666196,fundamental,0.3
G_open,open,G,low,49,decay,97.91086182660686,97.91086182660686,-10.93373113738027,47.274661421986494,1.7601513161666196,fundamental,0.08
G_open,open,G,low,50,attack,97.9069901348663,97.9069901348663,-10.859303749453789,48.132337374587124,2.107728795924712,fundamental,0.08
G_open,open,G,low,50,stabilization,97.9069901348663,97.9069901348663,-11.793160533782212,47.34485011538759,2.107728795924712,fundamental,0.14
G_open,open,G,low,50,body,97.9069901348663,97.9069901348663,-11.592888304506443,51.88301361510184,2.107728795924712,fundamental,0.4
G_open,open,G,low,50,sustain,97.9069901348663,97.9069901348663,-11.29722029584712,53.96606656149904,2.107728795924712,fundamental,0.3
G_open,open,G,low,50,decay,97.9069901348663,97.9069901348663,-11.263413276967526,49.295008909075044,2.107728795924712,fundamental,0.08
G_open,open,G,low,51,attack,97.95385981601595,97.95385981601595,-4.860623225951471,42.745035173790406,1.380575690869838,fundamental,0.08
G_open,open,G,low,51,stabilization,97.95385981601595,97.95385981601595,-5.248948116265339,42.106667176695005,1.380575690869838,fundamental,0.14
G_open,open,G,low,51,body,97.95385981601595,97.95385981601595,-5.1329533850099125,46.488084929384605,1.380575690869838,fundamental,0.4
G_open,open,G,low,51,sustain,97.95385981601595,97.95385981601595,-4.634111318256586,48.61679556349835,1.380575690869838,fundamental,0.3
G_open,open,G,low,51,decay,97.95385981601595,97.95385981601595,-4.556687039626418,43.65873485820496,1.380575690869838,fundamental,0.08
G_open,open,G,low,52,attack,97.93170507085993,97.93170507085993,-15.9540608338163,42.96928353006281,1.6953554485156737,fundamental,0.08
G_open,open,G,low,52,stabilization,97.93170507085993,97.93170507085993,-16.103948465794687,42.2176096551461,1.6953554485156737,fundamental,0.14
G_open,open,G,low,52,body,97.93170507085993,97.93170507085993,-15.442050700997164,47.1082737336996,1.6953554485156737,fundamental,0.4
G_open,open,G,low,52,sustain,97.93170507085993,97.93170507085993,-14.860300320847934,49.564623573948175,1.6953554485156737,fundamental,0.3
G_open,open,G,low,52,decay,97.93170507085993,97.93170507085993,-14.756313040821084,44.97369876154598,1.6953554485156737,fundamental,0.08
G_open,open,G,low,53,attack,97.93136209050671,97.93136209050671,-14.730601711633852,41.92789477489986,1.7629862836799353,fundamental,0.08
G_open,open,G,low,53,stabilization,97.93136209050671,97.93136209050671,-19.06548400511886,41.00733523929491,1.7629862836799353,fundamental,0.14
G_open,open,G,low,53,body,97.93136209050671,97.93136209050671,-18.22183515308408,46.07649134602899,1.7629862836799353,fundamental,0.4
G_open,open,G,low,53,sustain,97.93136209050671,97.93136209050671,-17.281533818353843,48.84415417968799,1.7629862836799353,fundamental,0.3
G_open,open,G,low,53,decay,97.93136209050671,97.93136209050671,-17.01788494975046,44.26045673707847,1.7629862836799353,fundamental,0.08
G_open,open,G,low,54,attack,97.89882831263233,97.89882831263233,-13.47364811845145,45.51017518243829,1.6280521509227468,fundamental,0.08
G_open,open,G,low,54,stabilization,97.89882831263233,97.89882831263233,-13.655536558744522,44.87938367446057,1.6280521509227468,fundamental,0.14
G_open,open,G,low,54,body,97.89882831263233,97.89882831263233,-13.068438739530189,49.59169426470969,1.6280521509227468,fundamental,0.4
G_open,open,G,low,54,sustain,97.89882831263233,97.89882831263233,-12.585921879169774,51.78212214909105,1.6280521509227468,fundamental,0.3
G_open,open,G,low,54,decay,97.89882831263233,97.89882831263233,-12.65464009074548,47.024507916321014,1.6280521509227468,fundamental,0.08
G_open,open,G,low,55,attack,97.90134290283629,97.90134290283629,-16.068348984577582,41.56702143811785,1.579022053051052,fundamental,0.08
G_open,open,G,low,55,stabilization,97.90134290283629,97.90134290283629,-16.69320572250622,40.494011504308524,1.579022053051052,fundamental,0.14
G_open,open,G,low,55,body,97.90134290283629,97.90134290283629,-15.729153744651228,45.64213315723076,1.579022053051052,fundamental,0.4
G_open,open,G,low,55,sustain,97.90134290283629,97.90134290283629,-14.878501220571684,48.17972319081943,1.579022053051052,fundamental,0.3
G_open,open,G,low,55,decay,97.90134290283629,97.90134290283629,-14.679998954289566,43.73912773944497,1.579022053051052,fundamental,0.08
G_open,open,G,low,56,attack,97.9325204800084,97.9325204800084,-6.766102559462546,44.63310356272436,1.2811206429536492,fundamental,0.08
G_open,open,G,low,56,stabilization,97.9325204800084,97.9325204800084,-7.288447045448059,44.129707651581214,1.2811206429536492,fundamental,0.14
G_open,open,G,low,56,body,97.9325204800084,97.9325204800084,-6.719040062920058,48.813893172292076,1.2811206429536492,fundamental,0.4
G_open,open,G,low,56,sustain,97.9325204800084,97.9325204800084,-6.09190934727301,51.07495225151838,1.2811206429536492,fundamental,0.3
G_open,open,G,low,56,decay,97.9325204800084,97.9325204800084,-5.683392425519642,46.56116702097944,1.2811206429536492,fundamental,0.08
G_open,open,G,low,57,attack,97.8963294737921,97.8963294737921,-15.227965448411638,43.37756458100169,1.584647043457284,fundamental,0.08
G_open,open,G,low,57,stabilization,97.8963294737921,97.8963294737921,-14.860356633124788,43.19115525311399,1.584647043457284,fundamental,0.14
G_open,open,G,low,57,body,97.8963294737921,97.8963294737921,-14.90900199853462,47.33735309421192,1.584647043457284,fundamental,0.4
G_open,open,G,low,57,sustain,97.8963294737921,97.8963294737921,-15.046988375323274,48.942274154232194,1.584647043457284,fundamental,0.3
G_open,open,G,low,57,decay,97.8963294737921,97.8963294737921,-15.115536078935447,44.28698283928205,1.584647043457284,fundamental,0.08
G_open,open,G,low,58,attack,97.90790594359622,97.90790594359622,-13.79297831840114,44.80598996533045,1.3306189453272534,fundamental,0.08
G_open,open,G,low,58,stabilization,97.90790594359622,97.90790594359622,-13.723759098589952,44.20054995117823,1.3306189453272534,fundamental,0.14
G_open,open,G,low,58,body,97.90790594359622,97.90790594359622,-13.164601333443237,48.98730936957153,1.3306189453272534,fundamental,0.4
G_open,open,G,low,58,sustain,97.90790594359622,97.90790594359622,-12.747538617758424,51.27701808349235,1.3306189453272534,fundamental,0.3
G_open,open,G,low,58,decay,97.90790594359622,97.90790594359622,-12.682405648656754,46.7079130929839,1.3306189453272534,fundamental,0.08
G_open,open,G,low,59,attack,97.92482395260885,97.92482395260885,-13.071388078350424,43.76524306754176,2.125314661805448,fundamental,0.08
G_open,open,G,low,59,stabilization,97.92482395260885,97.92482395260885,-16.01327755315471,43.33704689747182,2.125314661805448,fundamental,0.14
G_open,open,G,low,59,body,97.92482395260885,97.92482395260885,-15.781388524645712,47.79786900110635,2.125314661805448,fundamental,0.4
G_open,open,G,low,59,sustain,97.92482395260885,97.92482395260885,-15.481693908353355,49.968487468017315,2.125314661805448,fundamental,0.3
G_open,open,G,low,59,decay,97.92482395260885,97.92482395260885,-15.317035940113264,45.36910690111917,2.125314661805448,fundamental,0.08
G_open,open,G,low,60,attack,97.93776763978848,97.93776763978848,-12.51647708420569,42.782392331523525,1.753059769539558,fundamental,0.08
G_open,open,G,low,60,stabilization,97.93776763978848,97.93776763978848,-12.745486652904816,41.67559812871609,1.753059769539558,fundamental,0.14
G_open,open,G,low,60,body,97.93776763978848,97.93776763978848,-12.46822358524959,46.22326767677877,1.753059769539558,fundamental,0.4
G_open,open,G,low,60,sustain,97.93776763978848,97.93776763978848,-12.215006089013038,48.43009286408257,1.753059769539558,fundamental,0.3
G_open,open,G,low,60,decay,97.93776763978848,97.93776763978848,-12.154658722750568,43.760184900650046,1.753059769539558,fundamental,0.08
G_open,open,G,low,61,attack,97.91293403448086,97.91293403448086,-14.895594634506132,43.1703092528082,1.6237999204602145,fundamental,0.08
G_open,open,G,low,61,stabilization,97.91293403448086,97.91293403448086,-15.329039487320069,42.32696488117442,1.6237999204602145,fundamental,0.14
G_open,open,G,low,61,body,97.91293403448086,97.91293403448086,-14.81970359513214,47.05035785097431,1.6237999204602145,fundamental,0.4
G_open,open,G,low,61,sustain,97.91293403448086,97.91293403448086,-14.324014677046245,49.23502005805109,1.6237999204602145,fundamental,0.3
G_open,open,G,low,61,decay,97.91293403448086,97.91293403448086,-14.10778007174924,44.759690506490436,1.6237999204602145,fundamental,0.08
G_open,open,G,low,62,attack,97.89299269608544,97.89299269608544,-10.44411981077105,44.19783848467455,1.4824517355839513,fundamental,0.08
G_open,open,G,low,62,stabilization,97.89299269608544,97.89299269608544,-10.773714567356166,43.40331985584472,1.4824517355839513,fundamental,0.14
G_open,open,G,low,62,body,97.89299269608544,97.89299269608544,-10.335208271820548,47.97885005691304,1.4824517355839513,fundamental,0.4
G_open,open,G,low,62,sustain,97.89299269608544,97.89299269608544,-9.848168858318708,50.01970837556172,1.4824517355839513,fundamental,0.3
G_open,open,G,low,62,decay,97.89299269608544,97.89299269608544,-9.425336286548829,45.49279542610099,1.4824517355839513,fundamental,0.08
G_open,open,G,low,63,attack,97.90459911784924,97.90459911784924,-15.589131577605905,43.55985844361669,1.5842660282109615,fundamental,0.08
G_open,open,G,low,63,stabilization,97.90459911784924,97.90459911784924,-15.767801239007014,42.916814388915334,1.5842660282109615,fundamental,0.14
G_open,open,G,low,63,body,97.90459911784924,97.90459911784924,-15.132885551397486,47.66465770822474,1.5842660282109615,fundamental,0.4
G_open,open,G,low,63,sustain,97.90459911784924,97.90459911784924,-14.63977243087205,49.866511117995394,1.5842660282109615,fundamental,0.3
G_open,open,G,low,63,decay,97.90459911784924,97.90459911784924,-14.375975683085263,45.4901557320342,1.5842660282109615,fundamental,0.08
G_open,open,G,low,64,attack,97.90275729384598,97.90275729384598,-9.360666292287,46.5188474762739,1.421759591384575,fundamental,0.08
G_open,open,G,low,64,stabilization,97.90275729384598,97.90275729384598,-10.04444811233882,45.60083985243597,1.421759591384575,fundamental,0.14
G_open,open,G,low,64,body,97.90275729384598,97.90275729384598,-9.790397480501618,50.14413738255702,1.421759591384575,fundamental,0.4
G_open,open,G,low,64,sustain,97.90275729384598,97.90275729384598,-9.579367816953969,52.06911567604756,1.421759591384575,fundamental,0.3
G_open,open,G,low,64,decay,97.90275729384598,97.90275729384598,-9.261751955278092,47.25016490693866,1.421759591384575,fundamental,0.08
G_open,open,G,low,65,attack,97.91948774888827,97.91948774888827,-10.288309203875528,47.45884026011059,1.2222855898742278,fundamental,0.08
G_open,open,G,low,65,stabilization,97.91948774888827,97.91948774888827,-10.98669796554426,46.341956508741575,1.2222855898742278,fundamental,0.14
G_open,open,G,low,65,body,97.91948774888827,97.91948774888827,-10.633849333486635,50.86045750271781,1.2222855898742278,fundamental,0.4
G_open,open,G,low,65,sustain,97.91948774888827,97.91948774888827,-10.564161117922048,52.77236882820885,1.2222855898742278,fundamental,0.3
G_open,open,G,low,65,decay,97.91948774888827,97.91948774888827,-9.332639112272055,47.846642262703405,1.2222855898742278,fundamental,0.08
G_open,open,G,low,66,attack,97.89052020409065,97.89052020409065,-4.559690576135459,49.02717689626505,1.3378891959468548,fundamental,0.08
G_open,open,G,low,66,stabilization,97.89052020409065,97.89052020409065,-5.2222342388018745,48.0609050247731,1.3378891959468548,fundamental,0.14
G_open,open,G,low,66,body,97.89052020409065,97.89052020409065,-5.018583086083652,52.34812504149162,1.3378891959468548,fundamental,0.4
G_open,open,G,low,66,sustain,97.89052020409065,97.89052020409065,-4.857200316035893,54.08232031930464,1.3378891959468548,fundamental,0.3
G_open,open,G,low,66,decay,97.89052020409065,97.89052020409065,-4.936254457335018,49.28894198925722,1.3378891959468548,fundamental,0.08
G_open,open,G,low,67,attack,97.92653255642394,97.92653255642394,-10.789123282329612,47.57247851792269,1.3959670778798607,fundamental,0.08
G_open,open,G,low,67,stabilization,97.92653255642394,97.92653255642394,-11.370540417392109,46.65138993179245,1.3959670778798607,fundamental,0.14
G_open,open,G,low,67,body,97.92653255642394,97.92653255642394,-11.030155692863843,51.19541918625197,1.3959670778798607,fundamental,0.4
G_open,open,G,low,67,sustain,97.92653255642394,97.92653255642394,-10.820950772033632,53.34138925076177,1.3959670778798607,fundamental,0.3
G_open,open,G,low,67,decay,97.92653255642394,97.92653255642394,-11.190974225442666,48.19565586592885,1.3959670778798607,fundamental,0.08
G_open,open,G,low,68,attack,97.87252443775891,97.87252443775891,-13.104531143348956,41.041799709023735,1.7301999190946873,fundamental,0.08
G_open,open,G,low,68,stabilization,97.87252443775891,97.87252443775891,-17.487481450892588,40.20585959763764,1.7301999190946873,fundamental,0.14
G_open,open,G,low,68,body,97.87252443775891,97.87252443775891,-17.451381236153672,44.74972897942189,1.7301999190946873,fundamental,0.4
G_open,open,G,low,68,sustain,97.87252443775891,97.87252443775891,-17.400290730351543,46.37989129659893,1.7301999190946873,fundamental,0.3
G_open,open,G,low,68,decay,97.87252443775891,97.87252443775891,-17.341455917838942,41.84384416454198,1.7301999190946873,fundamental,0.08
G_open,open,G,low,69,attack,97.9134220526164,97.9134220526164,-13.346907535192912,47.248445467935376,1.4335260898341895,fundamental,0.08
G_open,open,G,low,69,stabilization,97.9134220526164,97.9134220526164,-13.785840978494278,46.26888821430758,1.4335260898341895,fundamental,0.14
G_open,open,G,low,69,body,97.9134220526164,97.9134220526164,-13.440715015009111,50.90773484459952,1.4335260898341895,fundamental,0.4
G_open,open,G,low,69,sustain,97.9134220526164,97.9134220526164,-13.158443488273058,53.02298716844719,1.4335260898341895,fundamental,0.3
G_open,open,G,low,69,decay,97.9134220526164,97.9134220526164,-13.088186144044698,48.38052589402099,1.4335260898341895,fundamental,0.08
G_open,open,G,low,70,attack,97.93049687619,97.93049687619,-3.9710961648137513,51.279084256411544,1.926468260758252,fundamental,0.08
G_open,open,G,low,70,stabilization,97.93049687619,97.93049687619,-7.12596178233067,50.42223239318592,1.926468260758252,fundamental,0.14
G_open,open,G,low,70,body,97.93049687619,97.93049687619,-7.120013158953427,54.66546112778385,1.926468260758252,fundamental,0.4
G_open,open,G,low,70,sustain,97.93049687619,97.93049687619,-7.094214373214982,56.419809213307616,1.926468260758252,fundamental,0.3
G_open,open,G,low,70,decay,97.93049687619,97.93049687619,-7.117574371855888,51.66070189715427,1.926468260758252,fundamental,0.08
G_open,open,G,low,71,attack,97.8838338634696,97.8838338634696,-2.792458266098862,48.23319913098998,1.435964758257434,fundamental,0.08
G_open,open,G,low,71,stabilization,97.8838338634696,97.8838338634696,-3.742441710662007,47.62910841096688,1.435964758257434,fundamental,0.14
G_open,open,G,low,71,body,97.8838338634696,97.8838338634696,-2.954491933382137,52.13080563331468,1.435964758257434,fundamental,0.4
G_open,open,G,low,71,sustain,97.8838338634696,97.8838338634696,-2.392171989135022,54.126068677968966,1.435964758257434,fundamental,0.3
G_open,open,G,low,71,decay,97.8838338634696,97.8838338634696,-2.50926001696417,49.41140651806407,1.435964758257434,fundamental,0.08
G_open,open,G,low,72,attack,97.94799498010288,97.94799498010288,-13.368722289630298,41.9858511711576,1.6027628515386316,fundamental,0.08
G_open,open,G,low,72,stabilization,97.94799498010288,97.94799498010288,-14.26819488476866,40.924244078362605,1.6027628515386316,fundamental,0.14
G_open,open,G,low,72,body,97.94799498010288,97.94799498010288,-14.213736018940708,45.34830570163146,1.6027628515386316,fundamental,0.4
G_open,open,G,low,72,sustain,97.94799498010288,97.94799498010288,-14.148585385033208,47.588692244807106,1.6027628515386316,fundamental,0.3
G_open,open,G,low,72,decay,97.94799498010288,97.94799498010288,-14.26932699031211,42.70080245933282,1.6027628515386316,fundamental,0.08
G_open,open,G,low,73,attack,97.90839416276911,97.90839416276911,-14.55687258332854,47.82327981009984,1.4362805353344628,fundamental,0.08
G_open,open,G,low,73,stabilization,97.90839416276911,97.90839416276911,-14.635608218549528,46.9926346230678,1.4362805353344628,fundamental,0.14
G_open,open,G,low,73,body,97.90839416276911,97.90839416276911,-14.370288644497514,51.47018283254556,1.4362805353344628,fundamental,0.4
G_open,open,G,low,73,sustain,97.90839416276911,97.90839416276911,-14.234884776160705,53.40619292884101,1.4362805353344628,fundamental,0.3
G_open,open,G,low,73,decay,97.90839416276911,97.90839416276911,-14.350572617846602,48.58662147763921,1.4362805353344628,fundamental,0.08
G_open,open,G,low,74,attack,97.93046990694762,97.93046990694762,-6.851936263155814,46.88462146393238,1.5404225167686398,fundamental,0.08
G_open,open,G,low,74,stabilization,97.93046990694762,97.93046990694762,-8.303304635443062,46.1298650534494,1.5404225167686398,fundamental,0.14
G_open,open,G,low,74,body,97.93046990694762,97.93046990694762,-7.985599880906456,50.84494813002743,1.5404225167686398,fundamental,0.4
G_open,open,G,low,74,sustain,97.93046990694762,97.93046990694762,-7.547977749326428,53.18752492609154,1.5404225167686398,fundamental,0.3
G_open,open,G,low,74,decay,97.93046990694762,97.93046990694762,-7.484293503727351,48.49879878023716,1.5404225167686398,fundamental,0.08
G_open,open,G,low,75,attack,97.89215546472379,97.89215546472379,-13.691236166440136,45.758940372289096,1.3040908138258664,fundamental,0.08
G_open,open,G,low,75,stabilization,97.89215546472379,97.89215546472379,-14.052084760970736,44.800111191498544,1.3040908138258664,fundamental,0.14
G_open,open,G,low,75,body,97.89215546472379,97.89215546472379,-13.74578179812471,49.33224385686222,1.3040908138258664,fundamental,0.4
G_open,open,G,low,75,sustain,97.89215546472379,97.89215546472379,-13.525754422426274,51.273360901715435,1.3040908138258664,fundamental,0.3
G_open,open,G,low,75,decay,97.89215546472379,97.89215546472379,-13.472322800780596,46.71040937248848,1.3040908138258664,fundamental,0.08
G_open,open,G,low,76,attack,97.91517065386213,97.91517065386213,-9.57051125637247,48.58721446891546,1.3926022235515412,fundamental,0.08
G_open,open,G,low,76,stabilization,97.91517065386213,97.91517065386213,-10.074352637467676,47.75513641900258,1.3926022235515412,fundamental,0.14
G_open,open,G,low,76,body,97.91517065386213,97.91517065386213,-9.765841443384254,52.26580245356314,1.3926022235515412,fundamental,0.4
G_open,open,G,low,76,sustain,97.91517065386213,97.91517065386213,-9.5981139127652,54.26829465058572,1.3926022235515412,fundamental,0.3
G_open,open,G,low,76,decay,97.91517065386213,97.91517065386213,-9.567893697188588,49.6205723045371,1.3926022235515412,fundamental,0.08
G_open,open,G,low,77,attack,97.92185504906875,97.92185504906875,-10.66142604958872,47.490250783822816,1.4680708562815552,fundamental,0.08
G_open,open,G,low,77,stabilization,97.92185504906875,97.92185504906875,-10.762021957280162,46.66707781236671,1.4680708562815552,fundamental,0.14
G_open,open,G,low,77,body,97.92185504906875,97.92185504906875,-10.484393229832378,51.27102501130579,1.4680708562815552,fundamental,0.4
G_open,open,G,low,77,sustain,97.92185504906875,97.92185504906875,-10.416448522381812,53.310331916544015,1.4680708562815552,fundamental,0.3
G_open,open,G,low,77,decay,97.92185504906875,97.92185504906875,-10.479914326448425,48.525802963941445,1.4680708562815552,fundamental,0.08
G_open,open,G,low,78,attack,97.9065743285825,97.9065743285825,-12.108666289481569,46.03894656278187,1.4799328803253895,fundamental,0.08
G_open,open,G,low,78,stabilization,97.9065743285825,97.9065743285825,-12.859743159815444,44.87396602724825,1.4799328803253895,fundamental,0.14
G_open,open,G,low,78,body,97.9065743285825,97.9065743285825,-12.956035819366114,49.10133688892807,1.4799328803253895,fundamental,0.4
G_open,open,G,low,78,sustain,97.9065743285825,97.9065743285825,-13.184007738730196,50.744524058657355,1.4799328803253895,fundamental,0.3
G_open,open,G,low,78,decay,97.9065743285825,97.9065743285825,-13.714392329496462,45.620197250499295,1.4799328803253895,fundamental,0.08
G_open,open,G,low,79,attack,97.91781548454688,97.91781548454688,-10.652708417320838,47.83374114897036,1.421134689299759,fundamental,0.08
G_open,open,G,low,79,stabilization,97.91781548454688,97.91781548454688,-11.044659847477751,47.00264914847394,1.421134689299759,fundamental,0.14
G_open,open,G,low,79,body,97.91781548454688,97.91781548454688,-10.758111107774669,51.494386730384186,1.421134689299759,fundamental,0.4
G_open,open,G,low,79,sustain,97.91781548454688,97.91781548454688,-10.564545093693646,53.481456414755414,1.421134689299759,fundamental,0.3
G_open,open,G,low,79,decay,97.91781548454688,97.91781548454688,-10.653509914524207,48.67063417480551,1.421134689299759,fundamental,0.08
G_open,open,G,low,80,attack,97.89920743126312,97.89920743126312,-6.626022507193603,44.524456730290424,1.4135072363534136,fundamental,0.08
G_open,open,G,low,80,stabilization,97.89920743126312,97.89920743126312,-7.570674350107431,43.77203449843726,1.4135072363534136,fundamental,0.14
G_open,open,G,low,80,body,97.89920743126312,97.89920743126312,-6.942837303312622,48.39140951216143,1.4135072363534136,fundamental,0.4
G_open,open,G,low,80,sustain,97.89920743126312,97.89920743126312,-6.423517760403641,50.35751622959873,1.4135072363534136,fundamental,0.3
G_open,open,G,low,80,decay,97.89920743126312,97.89920743126312,-6.443389812296019,45.780583812107935,1.4135072363534136,fundamental,0.08
G_open,open,G,low,81,attack,97.9182639880523,97.9182639880523,-10.833203572274591,48.4934713757823,1.5007121045804646,fundamental,0.08
G_open,open,G,low,81,stabilization,97.9182639880523,97.9182639880523,-10.966612027443936,47.74245416285403,1.5007121045804646,fundamental,0.14
G_open,open,G,low,81,body,97.9182639880523,97.9182639880523,-10.61552487733958,52.310895101054456,1.5007121045804646,fundamental,0.4
G_open,open,G,low,81,sustain,97.9182639880523,97.9182639880523,-10.377799822488427,54.37768665010073,1.5007121045804646,fundamental,0.3
G_open,open,G,low,81,decay,97.9182639880523,97.9182639880523,-10.687081230398398,49.46126169463648,1.5007121045804646,fundamental,0.08
G_open,open,G,low,82,attack,97.8550901330939,97.8550901330939,-21.60639079221948,36.947956886416044,1.728639880027429,fundamental,0.08
G_open,open,G,low,82,stabilization,97.8550901330939,97.8550901330939,-20.644422002477647,37.48115137421432,1.728639880027429,fundamental,0.14
G_open,open,G,low,82,body,97.8550901330939,97.8550901330939,-20.810997701333463,41.56659294821018,1.728639880027429,fundamental,0.4
G_open,open,G,low,82,sustain,97.8550901330939,97.8550901330939,-21.05807451092872,42.820255223144414,1.728639880027429,fundamental,0.3
G_open,open,G,low,82,decay,97.8550901330939,97.8550901330939,-21.29583706126703,38.190311821524375,1.728639880027429,fundamental,0.08
G_open,open,G,low,83,attack,97.88960091918719,97.88960091918719,-10.050024208869807,46.16414323889013,1.2808412384860317,fundamental,0.08
G_open,open,G,low,83,stabilization,97.88960091918719,97.88960091918719,-9.682627543085031,45.49616719430942,1.2808412384860317,fundamental,0.14
G_open,open,G,low,83,body,97.88960091918719,97.88960091918719,-9.122064323163857,50.21513434920336,1.2808412384860317,fundamental,0.4
G_open,open,G,low,83,sustain,97.88960091918719,97.88960091918719,-8.683352654390262,52.39967309181928,1.2808412384860317,fundamental,0.3
G_open,open,G,low,83,decay,97.88960091918719,97.88960091918719,-8.560501565390616,47.85292325439717,1.2808412384860317,fundamental,0.08
G_open,open,G,low,84,attack,97.89136604197945,97.89136604197945,-14.43104209338702,42.589322670095626,1.680087356123047,fundamental,0.08
G_open,open,G,low,84,stabilization,97.89136604197945,97.89136604197945,-17.17620868089208,42.23875960292038,1.680087356123047,fundamental,0.14
G_open,open,G,low,84,body,97.89136604197945,97.89136604197945,-16.713452853292885,46.57598962970274,1.680087356123047,fundamental,0.4
G_open,open,G,low,84,sustain,97.89136604197945,97.89136604197945,-16.883770960820527,48.01626633920755,1.680087356123047,fundamental,0.3
G_open,open,G,low,84,decay,97.89136604197945,97.89136604197945,-17.08875485153652,43.16640076725917,1.680087356123047,fundamental,0.08
G_open,open,G,low,85,attack,97.96829078652844,97.96829078652844,-9.77176868294692,45.832857516354494,1.3571967773715372,fundamental,0.08
G_open,open,G,low,85,stabilization,97.96829078652844,97.96829078652844,-9.506122304557373,44.833425374997034,1.3571967773715372,fundamental,0.14
G_open,open,G,low,85,body,97.96829078652844,97.96829078652844,-9.039473467309676,49.43514427617627,1.3571967773715372,fundamental,0.4
G_open,open,G,low,85,sustain,97.96829078652844,97.96829078652844,-8.952958963954195,51.7200263665139,1.3571967773715372,fundamental,0.3
G_open,open,G,low,85,decay,97.96829078652844,97.96829078652844,-9.278854564886622,46.73943527319914,1.3571967773715372,fundamental,0.08
G_open,open,G,low,86,attack,97.9068087686635,97.9068087686635,-8.10234064422231,45.7782009376058,1.971963029151859,fundamental,0.08
G_open,open,G,low,86,stabilization,97.9068087686635,97.9068087686635,-10.306743304577855,45.601787847194714,1.971963029151859,fundamental,0.14
G_open,open,G,low,86,body,97.9068087686635,97.9068087686635,-9.1248691239265,50.79767515728595,1.971963029151859,fundamental,0.4
G_open,open,G,low,86,sustain,97.9068087686635,97.9068087686635,-8.117455971915433,53.72391478283387,1.971963029151859,fundamental,0.3
G_open,open,G,low,86,decay,97.9068087686635,97.9068087686635,-7.832680575069581,49.41002238310972,1.971963029151859,fundamental,0.08
G_open,open,G,low,87,attack,97.8879877682241,97.8879877682241,-8.371537232861499,46.11330930594426,1.544902221596728,fundamental,0.08
G_open,open,G,low,87,stabilization,97.8879877682241,97.8879877682241,-8.700359096079858,45.814591647683834,1.544902221596728,fundamental,0.14
G_open,open,G,low,87,body,97.8879877682241,97.8879877682241,-7.842307188329087,50.824803363578006,1.544902221596728,fundamental,0.4
G_open,open,G,low,87,sustain,97.8879877682241,97.8879877682241,-7.247920056538305,52.97212272953765,1.544902221596728,fundamental,0.3
G_open,open,G,low,87,decay,97.8879877682241,97.8879877682241,-9.82351501839507,45.62247391616055,1.544902221596728,fundamental,0.08
G_open,open,G,low,88,attack,97.87947021451618,97.87947021451618,-15.400646570727638,44.385283746301035,1.6866614101888944,fundamental,0.08
G_open,open,G,low,88,stabilization,97.87947021451618,97.87947021451618,-15.895355125311262,43.4928451358424,1.6866614101888944,fundamental,0.14
G_open,open,G,low,88,body,97.87947021451618,97.87947021451618,-15.176662588006856,48.283261471073,1.6866614101888944,fundamental,0.4
G_open,open,G,low,88,sustain,97.87947021451618,97.87947021451618,-14.56256753893298,50.45863642802496,1.6866614101888944,fundamental,0.3
G_open,open,G,low,88,decay,97.87947021451618,97.87947021451618,-14.798193923948103,45.67193081318451,1.6866614101888944,fundamental,0.08
